Epoch,TrainLoss,ValLoss,ValSpearman,LR
1,27.27074735989583,44.84706198269393,0.7544616939746421,0.001
2,28.487806978592698,49.5227588002335,0.755842926739857,0.001
3,30.00525164895182,60.30473672034557,0.7265658190713927,0.001
4,31.673641685524764,82.60110179282023,0.6379463803662054,0.001
5,33.28263676890075,81.74329022554892,0.6772279887011493,0.001
6,35.016322476493535,88.91272401207274,0.6686041309948016,0.001
