ID,C1,C2,C3,C4,C5,C6,C7,C8,C9,C10,C11,C12,C13,C14,C15,C16,C17,C18,C19,C20,C21,C22,C23,C24,C25,C26,C27,C28,C29,C30,C31,C32,C33,C34,C35
0,22.775486,30.467659,22.868135,8.459702,15.170937,9.77417,18.46692,14.764929,15.841897,9.247392,24.347883,13.128544,12.490229,24.791199,15.214824,25.32604,29.152658,17.573355,18.025429,17.425323,8.707491,5.812013,28.347095,24.616486,29.999,19.18181,10.512883,12.242378,10.604987,25.38006,26.586546,24.499699,14.785456,10.906771,19.86619
1,21.886955,30.990833,23.063461,6.401494,17.68282,5.06301,19.979815,14.749985,9.104234,7.8531184,25.115412,12.018273,13.616139,25.35709,11.097773,20.597584,32.352222,18.677843,21.286385,17.97435,10.802457,7.333036,29.289225,28.050182,29.26196,20.391382,5.5748043,11.9773,11.801356,27.14216,27.66421,25.471138,16.8741,11.43695,20.940168
2,20.794296,29.105633,23.784775,14.56086,33.959595,10.584729,24.542017,10.284058,13.117837,7.637312,7.2142367,17.188543,6.9383655,14.131516,21.11093,30.564215,23.368584,19.609102,21.516136,24.761866,22.4485,18.845196,27.249165,16.76831,10.26571,6.897497,14.398733,7.897094,25.281696,4.556731,27.335873,24.515324,14.216577,9.097203,21.215986
3,18.694593,30.238823,22.269743,9.77207,34.15158,8.44336,24.69996,10.943968,11.346334,7.5782027,9.410292,16.430311,8.089097,15.444106,20.039682,30.107592,25.317373,18.327948,22.34342,24.776403,21.838741,17.59119,28.17127,17.515648,13.228243,8.210793,12.326773,8.969791,26.138784,7.2432423,27.968664,25.078934,15.401952,8.666649,21.24498
4,18.579788,32.444965,22.197939,3.8048475,31.904272,4.095763,23.316946,12.790492,7.1405206,5.5936685,17.437284,12.720278,11.877764,21.36861,13.264379,24.795084,33.60285,18.061243,23.964966,21.985182,16.868402,12.542172,30.452465,24.989902,24.264242,14.852605,6.1464076,11.084941,21.468435,18.740435,29.406109,26.47843,17.685131,9.690884,21.51067
5,28.613022,27.731564,27.581097,19.072655,27.110342,19.28014,18.11617,10.308309,23.99336,11.360187,14.345049,16.729534,9.377132,18.830503,20.721642,29.980307,22.19122,20.401373,12.446998,18.252802,10.995917,9.416266,26.622744,20.651129,19.840553,12.145503,19.571661,10.089265,9.7325115,9.812176,25.45828,23.685562,9.1268,11.615198,19.702877
6,17.426064,32.3499,22.145428,5.5858693,35.8269,3.522739,25.7437,12.268087,5.54551,4.297967,12.069316,14.283869,10.034206,18.244282,15.460653,27.035841,32.05997,18.731808,26.202469,24.933374,22.068264,17.199608,30.16016,22.455576,18.053661,11.408487,6.9398203,9.929989,27.688673,13.131431,29.774504,26.595552,18.67792,9.144396,22.244139
7,20.293488,31.625584,22.710526,4.834163,25.561651,4.1666584,21.55031,13.518439,7.462455,6.7477593,21.54325,12.014693,12.959285,23.479874,11.439519,21.832674,33.29164,18.45046,22.648514,19.757898,13.690675,9.844201,29.876425,27.098183,27.102295,17.91137,5.2235246,11.509616,15.827578,23.272219,28.543695,25.964214,17.172709,10.635897,21.20199
8,26.61123,25.094639,25.715282,18.360014,25.383669,25.794558,16.714949,9.303998,30.071007,17.439825,9.619244,20.924795,7.3785286,17.334858,25.980333,32.484608,16.041075,19.167355,9.519338,17.965727,9.219513,8.557719,23.836647,16.497395,15.271466,10.800024,27.23366,11.814999,12.524778,4.7600713,22.168291,22.398613,8.990566,10.233526,19.705248
9,17.428709,32.568428,21.532543,2.789854,32.59028,3.4688551,23.753828,12.7997675,6.3952956,5.578434,16.845482,12.738184,11.606005,21.080957,13.42545,24.952324,33.831154,17.695116,24.75513,22.359451,17.598597,13.161447,30.440746,24.495016,23.805714,14.467,5.971834,11.133589,23.087889,18.598236,29.469707,26.480297,18.31525,9.226181,21.54046
10,18.449986,32.565258,22.313679,3.8558688,32.699543,3.5435274,23.745098,12.7821045,6.278955,5.126229,16.903515,12.717785,11.818627,21.183496,13.009234,24.601536,33.982506,18.328678,24.609474,22.37393,17.608711,13.177619,30.585014,25.277014,23.77561,14.72514,5.671633,10.998287,22.234507,18.485151,29.62725,26.65498,18.063875,9.752784,21.752045
11,21.804474,29.295399,22.813032,8.712772,18.504148,10.076174,19.493715,13.352989,14.203705,10.574116,20.427351,14.657967,11.845066,22.387844,16.036747,24.37765,26.245165,18.452097,17.839828,18.827805,10.880126,7.664952,27.774345,23.61227,24.215496,16.53119,11.059622,12.154463,13.523247,19.749569,26.147966,24.805262,14.317373,11.243995,20.801367
12,19.668625,32.105343,22.892414,4.884847,29.926231,3.685734,22.936094,13.015675,6.359548,5.502236,18.531763,12.4258,12.344577,22.044352,12.062981,23.097393,33.64592,18.836342,23.85451,21.41619,16.16609,11.942103,30.34408,26.523485,24.85958,16.064144,5.1707983,11.163834,19.31882,20.209671,29.282122,26.512632,17.59555,10.523307,21.740309
13,17.945675,31.522787,21.840633,5.2119427,32.818687,5.208227,23.819576,12.177944,7.9010096,5.959133,14.183772,13.977713,10.566015,19.25637,15.275199,26.230375,31.01624,17.99743,23.755016,22.939571,18.803936,14.490216,29.46947,22.437605,20.07408,12.507036,7.94963,10.432571,23.99534,14.65673,28.681583,25.904413,17.3901,9.118845,21.42484
14,18.37598,31.29205,22.161552,6.058992,32.753147,5.290737,23.869223,12.057723,7.7616296,5.7149243,13.67326,14.112192,10.456592,18.893131,15.291913,26.147451,30.490282,18.354181,23.609964,23.120934,19.094805,14.745368,29.333014,22.443861,19.323318,12.250942,7.916127,10.251553,23.817488,13.9250145,28.615555,25.880413,17.132786,9.408496,21.528765
15,26.15998,29.643572,27.893475,18.939728,32.9971,10.077025,24.02067,10.796602,11.482807,5.132667,9.61263,16.184319,9.091604,16.48846,17.573975,27.631622,25.565775,23.281273,20.923687,23.934246,21.050488,17.225788,28.716923,23.203648,13.51205,9.999469,11.326341,8.661624,19.510553,7.3194766,28.691095,26.137383,13.593306,12.96205,22.724894
16,25.32441,29.747421,25.322891,12.667692,25.678682,12.952106,19.454634,11.681252,17.769983,10.639806,19.278982,14.616734,11.345343,21.040092,17.401653,27.04026,25.94437,19.078365,15.928224,19.249342,11.42982,8.756892,28.275831,22.806334,24.379784,14.970164,13.434185,10.667231,10.139169,16.34008,26.991062,24.656544,11.366101,11.215094,20.166615
17,21.870804,30.953903,22.835056,6.0488124,10.438496,3.4195583,19.659754,16.487103,7.37373,8.108246,28.692574,11.809422,14.492263,27.282612,9.5619955,17.988218,33.064392,19.04354,22.269045,16.901472,9.573277,6.0346828,29.249136,29.714771,30.700611,23.065851,3.9792159,12.551687,10.558755,31.88389,27.49108,25.540287,18.426033,11.941267,21.302504
18,19.040707,32.24729,22.51569,3.841477,29.540863,2.6772149,23.007044,13.314049,5.152944,4.900673,18.804893,12.005944,12.515146,22.498772,11.148038,22.300577,34.72088,18.696867,24.75505,21.11627,16.27582,11.990411,30.450678,27.204914,25.41755,16.637852,4.179138,11.382584,19.941223,21.440344,29.389963,26.57596,18.529781,10.419994,21.750814
19,22.892738,31.18993,23.476343,7.897201,15.362812,6.698517,19.658815,15.217838,11.660625,8.704569,26.104929,12.621252,13.515022,25.572124,12.793615,22.332644,31.189976,18.697832,20.190462,18.023596,9.869606,6.5716796,29.333263,27.070969,29.90764,20.445173,7.40633,12.031471,10.710855,27.380007,27.661985,25.430347,16.01289,11.59885,20.875555
20,20.427824,31.569933,23.672997,7.154725,31.647617,4.3152475,23.417719,12.447828,6.365539,4.6817503,15.778604,13.012474,11.593291,20.61676,12.667717,23.6783,32.51018,19.669237,23.866947,22.196623,17.782173,13.546477,29.96464,26.035606,22.144997,14.637395,5.7304096,10.559425,20.35024,17.16968,29.168528,26.440956,17.213064,10.886221,21.991392
21,18.736874,32.397327,22.357553,3.8984718,32.032757,3.7440689,23.305231,12.740889,6.6369624,5.3593554,17.588507,12.516931,12.012778,21.423447,12.777649,24.259972,33.827255,18.234816,24.009575,21.95278,16.807026,12.477391,30.47204,25.43687,24.376225,15.054049,5.652936,11.02104,21.027683,18.952394,29.43504,26.511845,17.61261,9.83858,21.568724
22,18.225803,32.85356,22.13197,2.8842516,32.346252,3.0044177,23.596134,13.053513,5.8310704,4.92636,17.809889,12.277655,12.20015,21.921783,12.282796,24.07234,35.04103,18.151424,24.968208,21.951508,17.105974,12.671132,30.852625,26.05454,25.103378,15.517782,5.0037637,11.325485,21.979382,19.994608,29.805075,26.794685,18.551678,9.739278,21.723433
23,22.825756,30.575844,23.424664,8.612438,22.62772,10.440468,19.274567,13.189501,15.751175,8.535783,20.807993,13.309189,11.974062,23.079622,15.61475,26.407852,29.334091,17.824097,18.076788,18.568396,10.666863,7.721414,28.634943,24.139479,27.889252,16.918407,10.980868,11.694805,12.476272,20.996744,27.05224,24.789646,14.072341,10.63732,19.985296
24,21.797184,29.734695,24.523813,13.224995,33.098476,7.662629,23.995502,11.047539,9.570957,4.171629,9.368467,15.170141,8.727388,16.29154,16.828812,27.570429,27.157331,20.408949,22.487175,23.671373,21.398857,17.27753,28.176039,21.280054,14.279602,9.719538,9.884584,8.606145,23.152077,8.604634,28.054655,25.230927,15.383618,10.651749,21.541336
25,19.017414,32.111076,23.340824,8.292318,35.710335,4.16621,26.078455,12.183977,5.8694806,3.739667,10.806704,14.832738,9.683779,17.629032,15.94173,27.478327,31.09877,19.853762,26.188887,25.345829,23.172718,18.222153,30.125021,22.665827,16.500616,10.920276,7.375914,9.582078,27.483545,11.685176,29.96037,26.753868,18.405548,9.998579,22.620684
26,21.703333,29.816364,22.52504,7.6588197,21.155067,8.867185,19.15342,13.001345,13.722244,9.585019,21.951843,12.892146,12.020674,22.836575,14.513955,23.977442,28.656004,17.405184,18.335196,18.120712,10.518849,7.6580815,27.953192,23.85343,27.041101,17.230198,9.74237,11.266778,11.4726095,21.91517,26.452555,24.206009,14.077349,10.17899,19.706526
27,20.903738,30.982174,23.949986,12.158566,35.09072,10.23646,25.196793,10.85495,13.736433,9.42064,10.846634,17.425375,8.441694,15.470275,21.874928,31.58107,24.305157,19.27427,21.183247,25.908215,21.526424,17.481403,28.973879,17.266874,13.240179,8.10921,14.138791,8.628248,23.977732,6.3527045,28.740793,25.726799,13.649189,9.115507,21.86618
28,18.469788,31.32856,22.985535,10.984444,36.39975,6.5535975,27.148344,11.43449,8.595455,5.7000585,7.1345496,17.050917,7.5399084,14.497043,20.511772,31.11963,26.259186,19.733057,25.381355,27.123102,25.835503,20.817444,29.186377,17.813889,10.708427,6.951695,11.261157,8.570358,30.647375,5.7144046,29.48755,26.204998,17.129469,9.289119,22.559166
29,17.728018,31.963015,22.26456,6.4364643,35.154213,4.306096,25.612543,12.133833,6.306246,4.832146,11.562719,14.745325,9.772566,17.863247,16.147701,27.353468,30.855844,18.876757,25.654247,24.916414,22.098843,17.280806,29.85303,21.896301,17.114931,10.989637,7.7462945,9.914103,27.529829,12.227029,29.488277,26.4544,18.284744,9.287205,22.246843
30,23.072987,29.96006,22.715307,7.9583592,19.12956,15.619869,17.306051,13.424875,22.370989,12.3212385,21.447536,15.042932,11.655347,23.65619,19.315357,29.549427,26.174843,16.407845,14.636569,17.031399,7.263833,4.831202,27.790316,21.732239,29.49516,17.210543,16.363115,13.289397,10.882627,20.763699,25.713509,24.098835,12.876539,10.104506,19.219482
31,22.19506,31.296724,22.966969,6.4682055,8.492455,3.690139,19.70135,17.157566,8.040244,8.185574,29.368963,12.070417,14.50856,27.982838,10.049332,18.674414,33.2822,19.202078,22.575905,16.879744,9.427007,5.820615,29.467672,29.97701,31.49345,23.715658,4.351699,12.899681,10.817264,33.11819,27.658167,25.73394,19.018646,12.200771,21.497574
32,23.603062,29.326303,23.698647,10.377741,21.893534,12.104309,18.684381,12.317896,17.238869,11.222499,20.816387,14.159603,11.491934,21.875622,16.793839,25.944647,25.933872,17.906935,16.091652,18.226086,10.043963,7.450318,27.622416,22.512726,25.793978,16.16207,12.854944,11.191169,9.87153,19.02503,26.161657,24.037388,12.1948,10.586939,19.647976
33,26.023687,27.19239,27.18173,21.159084,32.322544,11.92934,22.027826,9.636891,13.491507,3.7346091,6.645869,15.276459,7.2801676,15.052063,17.187874,27.33617,24.622324,22.266356,19.563879,21.555265,20.249252,17.663042,26.131456,21.205164,11.745105,8.509641,12.970503,7.313088,18.861086,5.5545344,26.290709,23.723894,12.798002,11.597084,20.690283
34,24.227123,28.386913,25.34249,16.358267,30.920277,14.343844,21.85811,9.934484,17.837326,10.353291,11.147457,17.288269,8.435749,15.804297,21.411135,30.009317,21.421755,19.862679,16.682785,22.750479,17.111038,14.30458,26.978378,17.9404,13.827536,8.990202,16.508715,8.639923,17.198112,6.075882,26.407972,24.23468,10.665474,10.252807,20.767881
35,22.313995,31.061283,23.377232,6.75294,14.5108795,3.9911852,20.078995,15.567404,7.723626,7.770721,26.87272,11.91251,14.150437,26.24633,10.050616,18.936243,32.872513,19.28454,22.034294,17.647507,10.555835,7.01374,29.459047,29.293034,29.64195,21.710938,4.4506574,12.087276,11.044342,29.356173,27.836206,25.697187,17.611933,11.950504,21.337557
36,19.113794,32.49391,22.771254,4.3896937,32.254745,3.4655187,23.54809,12.853338,6.0251007,4.724385,17.12569,12.513083,12.054153,21.522728,12.367208,23.985384,34.29554,18.741226,24.57902,22.059614,17.311033,12.922444,30.648672,26.1834,24.196404,15.241873,5.2110777,11.083267,21.392534,19.017542,29.67699,26.755136,18.06933,10.22291,21.857346
37,22.227161,31.087152,23.261024,6.8449335,16.258415,5.1030445,19.979364,15.123227,9.242847,7.8273325,25.614752,12.15028,13.732423,25.650475,11.187391,20.62897,32.283676,18.90665,21.322367,17.981657,10.620851,7.119842,29.385063,28.259388,29.444408,20.735727,5.600472,12.073345,11.621114,27.699434,27.74006,25.589926,16.984539,11.691658,21.09897
38,18.668604,32.42561,22.27353,3.3573914,30.303404,2.8469667,23.131037,13.218969,5.522228,5.1800947,18.717358,12.1079445,12.436708,22.341288,11.614924,22.89156,34.687565,18.392061,24.67153,21.3439,16.374035,12.0543375,30.542265,26.672375,25.424465,16.297531,4.5534506,11.385989,20.436167,21.057747,29.459412,26.596085,18.43385,10.106488,21.687527
39,18.183956,32.163662,22.196615,4.7814646,33.26425,4.3326592,24.150064,12.492262,6.921812,5.384276,15.001265,13.604671,11.061178,19.955322,14.416207,25.748446,32.446682,18.349085,24.510551,23.101814,18.865162,14.405921,30.124046,23.68989,21.243511,13.280881,6.896731,10.61242,23.930151,15.931491,29.307707,26.414024,17.912125,9.43807,21.778975
40,20.74314,31.190945,24.07608,9.453318,33.02419,5.207672,24.346674,11.995663,7.032923,4.4114475,12.864813,14.221822,10.454354,18.60767,14.650612,25.56124,30.43859,20.155888,23.92266,23.647778,20.204666,15.780554,29.55718,24.01029,18.254942,12.3736725,7.194381,9.689195,22.610537,13.146436,29.089724,26.280766,16.77949,10.751025,22.19554
41,21.950813,30.99823,23.757492,8.189164,29.01174,8.405982,21.363348,12.278453,12.081168,6.75687,17.355032,13.578553,11.589109,21.096294,14.868381,25.933159,30.315117,18.621073,20.244629,20.556986,14.592229,10.994899,29.285267,24.109737,23.812515,14.624699,9.363949,10.749355,16.878458,16.859571,28.086233,25.534098,14.958414,10.517269,20.785913
42,19.113445,31.785114,22.2995,4.856556,30.619633,5.055978,22.692133,12.6101265,8.206921,6.0814013,17.286757,12.882631,11.64131,21.187263,13.606611,24.783527,32.40914,18.05388,23.019835,21.459112,16.250053,12.155616,29.854425,24.556164,23.94342,14.776222,6.9021606,10.972653,20.231403,18.378672,28.795187,26.012331,17.036469,9.808261,21.20094
43,28.943794,29.078665,28.24204,17.453465,22.51564,10.030109,19.002218,12.442155,12.949697,6.0665464,19.539387,12.647545,12.101812,22.42727,12.2725725,22.293379,28.508453,22.631435,17.220259,17.186113,11.773606,8.665567,28.631502,29.056171,25.779896,17.15796,8.311699,11.192082,6.2789845,19.502026,27.88365,25.315477,12.555913,14.943201,21.053888
44,33.66019,26.616922,32.968224,30.149036,31.661232,14.021038,21.558332,9.096958,13.938045,4.3923407,7.7888937,15.8733635,8.577482,15.575039,16.07179,24.826841,22.094513,27.523514,16.393366,21.172268,18.92038,16.15429,27.199278,26.600546,11.936691,9.824119,12.233179,8.07548,9.462829,4.3924522,27.717005,25.396004,9.254111,16.981081,22.711826
45,19.449566,30.467548,22.9684,9.72906,33.555687,6.8693104,24.543552,11.381933,9.073698,5.6406627,10.300529,15.433238,8.997634,16.624527,17.562874,28.07185,27.443407,19.210886,23.16021,24.259775,21.438293,17.004623,28.62625,20.377155,15.016737,9.80374,9.879166,9.340532,25.097822,9.470952,28.348185,25.554737,16.190674,9.722043,21.671621
46,22.858915,30.0713,23.013664,8.495317,22.523983,13.533432,18.155886,12.818834,19.646002,9.84395,19.94493,14.025572,11.469179,22.75299,17.746868,28.681658,27.585152,16.884493,15.946525,17.808033,9.214997,6.604854,27.995323,22.297005,28.267475,16.159952,14.054441,12.239013,12.052331,19.517492,26.218534,24.193375,13.001211,10.098606,19.260664
47,23.46434,28.091194,23.248898,10.677857,23.533842,19.744177,17.669981,11.327711,25.43218,16.192286,16.053284,18.112413,9.755728,20.31514,23.133022,31.363827,20.48917,16.956287,12.527143,18.438074,9.083245,6.985269,26.188604,18.456749,22.863087,14.171987,21.178423,12.9071865,11.99376,12.941165,24.323853,23.477726,11.146765,9.691759,19.579477
48,18.635582,30.558172,22.592922,9.964981,34.837097,6.753953,25.502657,11.156179,8.980164,5.829272,8.728966,16.090097,8.194286,15.29658,19.016079,29.458197,26.339811,19.067665,23.699852,25.526733,23.227478,18.545744,28.560877,18.591349,12.72497,8.159541,10.561052,8.838783,27.426088,7.2451797,28.534313,25.546736,16.1813,9.252855,21.7983
49,26.493793,27.810616,27.826622,21.43926,32.94284,11.190901,22.786428,9.916896,12.406575,3.4737902,6.7792225,15.458416,7.6352897,15.29792,16.943861,27.197918,25.152187,23.062454,20.407413,22.270742,21.120102,18.189066,26.858671,22.246284,11.7798,8.848325,12.191571,7.5502343,19.300375,5.797125,27.093893,24.473671,13.317686,12.28071,21.419222
50,24.220379,26.625034,23.996914,13.676642,25.389399,25.135288,17.602541,10.142151,30.267378,19.210009,11.413679,21.563501,8.047151,18.266937,27.368492,33.992603,16.80711,17.617832,10.554197,19.015429,9.321386,8.101695,24.948523,15.55332,16.947073,11.384723,27.44185,12.863615,15.047681,6.348004,22.955765,23.157522,10.194077,9.188702,20.030832
51,20.038557,32.40069,23.50563,5.815828,32.35771,3.827271,23.69835,12.791544,6.146704,4.4884906,16.600786,12.7838125,11.983652,21.342232,12.477525,24.038448,33.957256,19.42501,24.53865,22.337599,17.69474,13.3367405,30.662844,26.547382,23.556602,15.157378,5.3526697,10.924752,21.068602,18.379517,29.76889,26.889729,17.85408,10.717417,22.137434
52,22.068855,28.889042,24.779749,15.59631,33.2791,9.124399,24.097961,10.575661,10.810929,4.4953575,7.0535884,15.927844,7.5787487,14.991185,18.26213,28.478903,25.414204,20.784071,22.248585,23.80558,22.363094,18.626644,27.354942,19.80008,11.574369,8.168718,11.773111,8.089042,24.193384,6.2014155,27.480782,24.73687,15.016663,10.467737,21.439726
53,18.495201,33.352135,22.557333,3.5523896,33.895947,3.447202,24.338087,13.059542,6.318277,4.8170505,16.913168,12.890467,11.943497,21.51566,13.310607,25.43914,35.06801,18.475384,25.415066,22.911627,18.273235,13.714924,31.250437,25.587612,24.217125,14.816675,5.744212,11.160349,23.459717,18.724388,30.292423,27.159142,18.708752,9.697196,22.083897
54,23.614437,27.235794,23.737644,13.218526,28.370718,20.228327,18.75186,9.675495,25.288877,16.35904,12.541359,18.979052,8.237501,17.259995,24.36857,31.878304,18.918459,17.228289,12.633639,19.828115,11.838084,10.140644,25.486187,15.871849,16.92432,10.766271,22.566076,10.642674,14.196542,7.2278857,24.056726,22.854105,9.910696,8.654856,19.316648
55,26.640896,27.135012,25.292208,15.421732,20.63748,19.447704,16.316225,11.41389,24.758093,13.308408,16.761099,16.566845,9.63595,20.89399,20.383821,29.131018,21.910625,18.62488,12.051351,16.136242,7.848584,6.3625917,25.671679,20.788187,23.539988,14.874481,19.888594,11.91103,8.661039,14.6463995,24.086967,22.86554,10.664919,11.191257,18.97878
56,20.46069,31.5478,23.096767,5.5546756,26.386086,3.6471403,22.058874,13.416259,6.344563,5.8765354,20.275957,12.092177,12.759307,22.968662,11.092667,21.507292,33.355545,19.068811,23.325993,20.233858,14.774449,10.779984,29.924467,27.502289,25.880983,17.477636,4.6507807,11.3193,16.77824,22.321604,28.76016,26.175549,17.497616,11.008009,21.558357
57,18.795767,32.50147,22.437162,4.111088,32.224636,3.9866161,23.473967,12.7971735,6.889793,5.299055,17.198229,12.745006,11.883638,21.3354,13.127628,24.729885,33.79575,18.307974,24.18296,22.123316,17.173038,12.816065,30.539179,25.259073,24.070389,14.853327,5.9784307,11.030006,21.630545,18.59601,29.527977,26.585447,17.804825,9.827445,21.644903
58,19.80573,32.099075,23.644258,6.6313124,34.0569,3.6784594,24.39219,12.412443,5.409843,3.9862962,14.606609,13.259629,11.391845,20.132298,12.895331,24.274897,33.336845,19.789335,25.07513,23.185266,19.372858,14.919194,30.375803,25.865639,21.134045,13.972472,5.4975395,10.424179,22.724136,16.128685,29.71626,26.816906,17.985756,10.55386,22.35526
59,20.5088,31.31391,22.810581,6.717734,29.813667,7.995858,21.788338,12.27743,11.986662,7.371955,17.36788,13.655949,11.33279,20.813684,15.59579,26.632637,30.37769,17.826128,20.733013,21.047344,15.013337,11.368959,29.348402,22.937126,23.674217,14.097482,9.661892,10.73736,18.35547,16.80451,28.177591,25.476625,15.24972,9.663424,20.654913
60,19.2781,30.310026,23.332958,12.672611,34.997726,7.304248,26.380003,11.083393,9.1176405,5.6765184,6.657598,16.97823,7.2769136,14.092391,20.291739,30.379906,24.982994,20.044083,24.309464,26.439837,25.141586,20.411371,28.378439,17.766436,9.929642,6.7964168,11.604354,8.235596,28.943577,5.0689893,28.704607,25.635654,16.24822,9.644362,22.244225
61,19.276197,32.201275,22.734716,4.488011,30.601519,3.2814214,23.16157,13.018116,5.781137,4.9248466,17.902493,12.32634,12.237829,21.907589,11.842858,23.110369,34.128334,18.794466,24.394648,21.531267,16.671787,12.360805,30.42205,26.606884,24.610435,15.867477,4.849735,11.17872,20.335348,20.012964,29.408104,26.588024,18.063633,10.428187,21.778082
62,18.437351,31.948353,21.962715,3.7244813,30.528513,3.6792853,22.897947,12.810236,6.529398,5.597652,17.771612,12.389728,11.937215,21.516346,12.527218,23.673815,33.36515,18.016928,23.848328,21.388529,16.381859,12.13127,30.045841,25.339298,24.397152,15.298805,5.554898,11.132839,20.606497,19.485394,28.994669,26.182583,17.729536,9.805729,21.340696
63,18.497623,32.13205,22.513723,5.5751295,33.871155,4.5417986,24.48332,12.368391,6.9798894,5.2001004,14.209564,13.962639,10.834843,19.441853,14.865485,26.205872,31.99175,18.663877,24.578056,23.602856,19.611584,15.071609,30.115282,23.38026,20.188248,12.7417145,7.183615,10.381823,24.461302,14.788913,29.395632,26.47918,17.789536,9.5460415,21.950748
64,19.569998,32.33802,23.035809,4.8457994,31.07067,3.3925312,23.35601,13.005868,5.8137374,4.871372,17.718597,12.469732,12.258536,21.878393,11.956296,23.278082,34.19254,19.060818,24.496048,21.774527,16.929924,12.595558,30.583107,26.779385,24.456692,15.814239,4.921912,11.171543,20.4512,19.74394,29.591007,26.764456,18.058285,10.584731,21.96567
65,22.873371,31.347153,23.53152,7.6756983,14.816448,6.1500254,19.82496,15.466831,10.937684,8.643992,26.592237,12.573252,13.748672,25.928097,12.350656,21.772665,31.627226,18.896103,20.665272,18.051188,9.957906,6.57363,29.515991,27.64645,30.111097,20.912745,6.843787,12.151686,10.798524,28.129473,27.830776,25.62402,16.44936,11.769636,21.097773
66,19.867182,31.516798,22.30862,4.770839,27.154545,5.502742,21.444307,13.062231,9.217636,6.9659567,20.099737,12.380018,12.301833,22.66935,12.856827,23.650974,32.57026,17.779613,22.014765,19.895119,13.9345455,10.195153,29.607111,25.428722,26.392492,16.593422,6.8526993,11.334558,16.982954,21.367043,28.296345,25.628628,16.706388,9.979506,20.738466
67,18.88147,32.712166,22.742393,4.0329165,32.654457,2.997031,23.813593,12.976043,5.3911643,4.391833,16.997343,12.42065,12.101903,21.681913,12.06308,23.805307,34.936714,18.8323,25.224945,22.183882,17.681068,13.234841,30.843039,26.586987,24.328754,15.4135,4.790015,11.194193,22.03135,19.385572,29.903776,26.93662,18.601543,10.228308,22.019785
68,27.651295,28.956717,28.362652,19.753809,31.872854,11.089777,21.899172,10.623275,13.055847,3.4220862,10.671878,14.620202,9.412411,17.737892,15.488014,26.594261,27.480736,22.882174,19.50477,21.483278,18.332521,15.366126,28.009163,24.582058,16.483839,11.3901,11.015716,8.363731,16.12628,9.411821,27.719223,25.122036,12.95655,12.787988,21.443195
69,18.713219,32.345577,22.166262,3.2022548,29.134478,2.8091445,22.835257,13.397953,5.6178718,5.3661356,19.447062,11.969644,12.597584,22.718407,11.375928,22.533937,34.717144,18.28064,24.50631,20.934622,15.835187,11.565433,30.465845,26.855682,25.96001,16.752285,4.4321933,11.488408,19.808905,21.883041,29.316198,26.49437,18.467453,10.133097,21.570597
70,20.184334,29.914295,23.495445,11.783165,33.725845,7.366026,24.617474,11.082218,9.304455,4.773165,8.535253,15.636557,8.304809,15.717338,17.872618,28.452377,26.644598,19.741049,23.15267,24.36326,22.402187,18.040754,28.160976,19.969671,13.288954,8.905898,10.328863,8.783363,25.481577,7.8296432,28.10909,25.256718,15.979365,9.973839,21.591084
71,22.881622,30.555555,23.31784,8.718215,17.282173,8.181318,19.309086,14.298883,13.359609,9.047019,24.4049,12.849829,12.732701,24.245556,14.047736,23.61933,29.649223,18.220537,18.922424,18.105268,9.897433,6.8725057,28.672789,25.270885,28.60873,18.830355,9.000341,11.493927,10.590824,24.753496,27.103636,24.805515,14.661322,11.087238,20.277843
72,20.177176,30.970741,22.547085,5.8139,26.058641,5.00828,21.427412,13.031041,8.216433,6.710773,19.724346,12.338854,12.181459,22.389114,12.287662,22.602917,31.93002,18.312836,22.153645,19.874285,14.20983,10.469319,29.20973,25.83466,25.51997,16.7104,6.2158203,11.13468,16.418694,21.287577,28.01763,25.472738,16.679962,10.44238,20.896994
73,28.415066,25.66637,27.46202,22.082218,28.26432,21.249651,18.066797,9.072606,24.70815,10.363708,8.687674,17.882223,7.2049637,16.535583,21.77535,30.319555,20.630558,20.758938,12.823446,18.440514,12.760627,11.978965,24.619287,18.83126,14.21171,9.600409,21.92743,8.856592,13.270906,5.139675,23.699297,22.442938,9.322718,10.907433,19.387396
74,19.182716,30.254723,22.901928,11.221493,34.32574,7.938384,25.336731,11.082857,10.238202,6.22772,8.1666,16.535711,7.8520164,15.020995,19.85023,30.060587,25.46261,19.260569,23.221466,25.365656,23.187641,18.726036,28.287825,18.059711,12.025572,7.7581506,11.774423,8.754187,27.240503,6.495787,28.300512,25.377779,15.826921,9.295563,21.734945
75,20.850117,30.848953,22.56723,5.820761,22.286097,5.356612,20.45355,13.67287,9.149479,7.593762,22.420967,12.07938,12.806529,23.816359,11.83833,21.759823,32.00587,18.14377,21.390331,18.69229,12.215734,8.737232,29.069265,26.587097,27.627047,18.437204,6.2085166,11.521878,13.786147,24.124308,27.63351,25.23865,16.527403,10.657616,20.637903
76,19.93694,32.14028,23.06562,5.3441114,30.737354,4.288192,22.93395,12.844559,7.1424537,5.1853733,17.77926,12.567406,12.122845,21.68458,12.569139,23.983107,33.476418,18.800852,23.542118,21.544727,16.381973,12.152625,30.372622,26.07077,24.503155,15.468763,5.7582693,11.003816,19.73486,19.181387,29.321434,26.495289,17.310625,10.482051,21.626097
77,22.317678,30.863605,23.210777,7.1910987,16.511475,5.5892115,19.787678,14.84281,9.876272,8.28198,25.566105,12.22104,13.538304,25.278927,11.630685,20.925783,31.590988,18.704462,20.753149,17.940989,10.409652,7.0349364,29.130226,27.550089,29.232344,20.368874,6.194909,11.830183,11.005813,27.15837,27.526999,25.308455,16.348637,11.512472,20.84901
78,26.241085,26.324064,24.914463,15.364403,25.324038,26.609135,16.113077,9.801384,32.379005,18.382458,12.486959,20.580957,7.9455547,18.953674,26.53667,33.913296,18.256607,17.416998,9.315791,17.090319,7.2969427,6.859458,24.676908,16.153162,19.079546,12.025915,28.363909,12.151535,12.000661,7.689614,22.624842,22.386192,9.17405,9.163659,18.876532
79,27.153511,28.394787,27.874268,19.684744,31.519402,11.062031,21.541327,10.414579,12.993435,3.0560436,9.965497,14.372576,9.023312,17.337679,15.28539,26.342623,27.211899,22.484743,19.400112,21.058668,18.269375,15.461175,27.407585,24.032522,15.95588,11.022408,11.040546,8.102081,16.360723,9.070243,27.161283,24.581768,12.95384,12.420286,20.998281
80,25.54482,28.765383,25.374306,13.979915,28.470535,17.182503,19.323809,10.423624,22.171274,13.542309,15.762745,16.995226,9.878318,18.987587,21.26669,30.062681,22.247326,18.66086,13.904978,19.902822,11.999337,9.743158,27.264893,19.556774,20.57149,12.64715,18.340498,10.546205,11.476392,10.932505,25.95365,24.065788,10.045765,10.328569,19.948664
81,18.825722,29.65775,22.64532,12.054245,34.559853,8.034804,25.574987,10.617874,10.302429,6.979235,7.117099,16.902645,7.0879397,13.775837,20.64148,30.25454,23.793362,19.12032,22.994774,25.813658,23.953482,19.554052,27.676626,16.560955,9.96754,6.6138215,12.363765,8.033467,27.484724,4.752577,27.905474,24.895353,15.2390175,8.93332,21.518694
82,25.453861,30.835117,25.880655,11.90583,25.63263,9.494357,20.267668,12.613924,13.597672,7.5167074,20.526335,13.164137,12.407159,22.550926,14.154277,24.80668,29.878063,20.086512,18.541098,19.369928,12.303878,9.155059,29.464457,26.236189,26.248856,16.598372,9.385382,10.764729,10.999432,19.495275,28.209887,25.637943,13.340783,12.143899,20.91208
83,21.705025,30.850794,25.179834,14.1790285,35.242012,7.4652853,26.256887,11.316042,8.998834,5.124828,8.045741,16.768147,8.311594,15.400288,19.059294,29.43937,26.32991,21.48102,24.174635,26.13712,24.458357,19.713835,29.254955,20.590239,11.820267,8.488771,10.784122,8.671509,26.423325,6.6236825,29.463102,26.465794,16.142128,11.069765,22.94364
84,29.76781,25.381445,29.136974,25.478132,30.408274,19.2928,19.53222,8.529415,21.153862,9.332011,6.6627173,17.82802,6.831073,15.19924,20.573578,28.673384,19.897459,23.048119,14.286155,19.726934,15.97313,14.706804,24.828144,20.40755,11.116554,8.838175,19.696283,8.223495,13.405696,3.1576428,24.520538,23.058922,9.558519,12.430841,20.48887
85,20.121155,31.401585,22.410494,4.9140162,25.052042,4.9060163,21.258677,13.468099,8.465268,7.2317486,21.379076,12.215461,12.670362,23.373974,12.08841,22.411642,32.733772,18.074072,22.252499,19.51771,13.419913,9.723229,29.54534,26.330963,27.034306,17.692984,6.1079597,11.506858,15.849959,23.075872,28.190378,25.637072,17.022118,10.326996,20.90489
86,22.338005,31.279015,24.41682,9.088957,29.413218,6.894576,22.233713,12.360842,10.10515,6.5093365,17.721392,13.465347,11.817617,20.948915,14.184462,24.8683,30.576069,19.568666,21.11873,21.486,15.522424,11.7071295,29.724104,25.067451,23.18632,14.804897,7.9636316,10.38666,16.620337,17.096195,28.693602,26.056099,14.9754305,11.136321,21.49322
87,21.977625,28.878479,24.642668,16.050737,33.840668,10.956773,24.146032,10.275907,13.205439,6.3961453,6.900829,16.833088,7.035857,14.487104,20.30587,30.101347,24.136902,20.338446,21.439672,24.151667,22.191479,18.815544,27.156942,17.932537,10.686205,7.267552,14.195677,7.8839293,24.506876,4.8862643,27.24906,24.498123,14.244922,9.667003,21.24914
88,20.1698,30.691643,22.022373,6.1163,27.571575,8.993473,20.620111,12.209153,13.709799,8.981187,18.652014,13.46515,11.223514,21.22295,15.980649,26.486162,29.394806,16.81255,19.484707,19.809542,13.128503,9.922929,28.624416,22.112446,24.921436,14.692055,10.704341,10.920841,16.328928,18.12738,27.297596,24.681122,14.614277,9.09115,19.837767
89,20.913109,29.02226,24.078905,14.400139,33.437256,7.930786,24.665062,10.665619,9.419133,4.472425,6.7280383,15.97516,7.5114317,14.56351,18.296333,28.369635,25.152287,20.482641,22.952824,24.463911,23.234808,19.088707,27.44073,19.388079,10.917889,7.841846,10.991579,8.123712,25.500742,5.949484,27.654612,24.864752,15.482176,10.326445,21.604536
90,26.863659,26.542854,25.271597,15.809331,23.527136,25.38911,15.831633,10.37866,31.178648,17.479565,13.9109745,19.646809,8.354498,19.893862,25.109074,32.965343,19.121422,17.843275,9.734223,16.460178,6.938923,6.281179,24.877214,17.665197,21.164299,13.357515,26.706644,12.402001,10.307548,10.202237,22.93269,22.456417,9.658195,9.9323845,18.865297
91,17.859247,31.492771,22.06884,6.3992014,34.074883,5.1028404,24.86314,11.954517,7.396634,5.747433,12.219938,14.745939,9.871765,17.951529,16.370514,27.178406,29.898392,18.522875,24.435781,24.265139,20.889277,16.287466,29.445326,21.463327,17.453312,11.104824,8.350226,10.010035,26.01288,12.276759,28.945368,26.087143,17.48304,9.203449,21.879902
92,20.672064,30.372879,22.488585,6.87853,25.246067,7.611786,20.598814,12.698166,11.52462,8.127151,19.249113,13.081618,11.644678,21.915442,14.255248,24.317278,29.853685,17.819674,20.283714,19.418564,13.208971,9.8734255,28.528698,24.040632,25.093548,15.942179,8.855312,11.151654,15.459731,19.81997,27.25159,24.866442,15.424778,10.088133,20.337608
93,19.157356,29.92508,23.06691,12.127192,34.46073,6.8837776,25.766146,10.995302,8.602266,5.079905,6.831532,16.369923,7.475692,14.3614025,19.23745,29.42863,25.374622,19.786404,24.088161,25.697025,24.455254,19.788076,28.069902,18.38053,10.661377,7.3372984,10.790878,8.346168,28.101236,5.827703,28.320576,25.33613,16.298634,9.690137,21.912313
94,22.643398,31.103024,23.237473,7.559569,14.617107,6.4965487,19.519655,15.354105,11.484678,8.717032,26.372221,12.519597,13.55641,25.753689,12.592495,22.051744,31.265419,18.546047,20.258448,17.791212,9.659429,6.3626304,29.225374,27.135633,30.126148,20.693932,7.2204156,12.130379,10.686356,27.898256,27.52378,25.335358,16.226404,11.533128,20.79711
95,25.07016,28.822453,24.986929,13.196628,27.131437,15.704226,19.182962,10.753538,20.616854,12.876275,16.840157,16.146374,10.255535,19.543674,19.953363,28.819395,23.056707,18.539167,14.439307,19.511274,11.622764,9.2510805,27.327883,20.37628,21.770487,13.410476,16.691992,10.641981,10.886454,12.781743,26.027315,24.048912,10.445486,10.49767,19.866497
96,22.66156,27.735983,24.584202,16.802786,32.00155,13.37692,22.692057,9.721651,15.983879,8.493576,7.2274375,17.372942,6.858876,14.434672,21.199833,30.054745,21.994377,19.914766,19.029966,23.010767,19.886154,17.099854,26.192112,17.073048,10.572668,7.3424816,16.311039,8.027632,22.004274,4.2467155,26.021437,23.746134,12.69183,9.585529,20.662514
97,23.271448,29.978453,23.125252,9.207378,19.871553,13.763913,17.86215,13.336096,20.148474,10.070302,20.781507,14.140244,11.556923,23.236454,17.960419,28.702374,27.094877,17.072498,15.709546,17.576118,8.583882,6.0313144,27.86423,22.456768,28.865694,16.827158,14.236738,12.480526,11.178865,20.653265,26.050837,24.145355,12.999319,10.444163,19.337805
98,22.420689,24.869242,23.132156,12.972044,18.575699,28.842606,17.432726,11.164322,32.09505,23.702753,7.8974977,26.176329,8.057888,18.609158,31.102018,34.665283,10.107509,19.309965,8.661757,20.235338,8.172608,6.062344,23.595274,15.629742,13.44981,12.057506,31.01671,17.303843,18.595156,3.4155512,20.919168,24.359585,11.771097,11.379057,22.946863
99,20.265541,31.320314,22.605103,4.370689,21.183058,2.3660672,21.189337,14.484733,5.1211276,6.3652596,23.748058,11.378021,13.694516,24.938984,9.164983,18.741575,34.444927,18.869692,23.706768,18.602695,12.894586,9.086369,29.710016,29.194777,28.101923,20.07717,3.0807235,11.844349,14.6107,26.878294,28.302458,25.927303,18.521767,11.113556,21.399967
100,20.667744,31.356092,22.83661,6.055212,27.35378,6.241109,21.426367,12.815571,10.044676,7.4831157,20.010143,12.706841,12.202666,22.249125,13.519362,24.083763,31.527071,18.109074,21.268353,20.222012,13.861803,10.216882,29.508673,25.017513,25.890465,16.230701,7.5276527,11.075104,15.942277,20.433947,28.250593,25.589016,15.760021,10.217875,20.811178
101,19.842691,31.506954,22.400833,5.19692,28.460814,5.9209986,21.730959,12.7921715,9.560304,6.7589116,18.85203,12.681022,11.933875,21.998138,13.495715,24.482538,32.15978,17.837427,21.990685,20.374434,14.628115,10.839725,29.585062,24.800404,25.419224,15.719692,7.404951,11.153781,17.944174,19.866642,28.362652,25.654945,16.52899,9.899164,20.78158
102,31.665527,25.940521,30.685966,27.796959,31.521942,15.563289,19.389437,8.797983,17.575579,2.7857575,7.8331227,14.217049,7.555381,16.045187,15.754489,26.380564,24.741993,24.122944,15.837719,18.76267,16.713913,15.5295,25.407831,23.649364,13.964817,9.634845,14.314121,6.4648404,10.9650755,5.9795103,25.460817,22.906738,9.628759,13.137014,19.798796
103,20.42102,31.348982,22.913013,5.7620425,26.88291,4.5610304,21.808695,13.077459,7.622567,6.5176706,19.970463,12.31677,12.468789,22.507786,12.017121,22.430378,32.433537,18.66997,22.463272,20.281261,14.496307,10.610364,29.653511,26.415161,25.655357,16.851633,5.7057343,11.16547,16.47365,21.340662,28.4672,25.878372,16.735924,10.694422,21.24454
104,21.535248,30.879791,23.3227,6.95913,24.414764,5.35882,20.942024,13.227512,8.710296,6.9659405,21.188726,12.24024,12.670131,23.043503,11.849061,21.932127,31.79381,18.819033,21.412855,19.41022,13.164247,9.564785,29.260891,26.713863,26.412712,17.635,6.0757113,11.103118,14.0460205,22.33444,27.972252,25.500294,16.048885,11.045126,20.952093
105,19.296322,31.20037,22.188002,5.4514904,29.582296,5.9101048,22.192284,12.38896,9.22099,7.121021,17.503828,13.13984,11.47057,20.927229,14.195429,24.781101,31.006851,17.871408,22.024166,21.157694,15.598599,11.739422,29.28123,23.786842,23.580648,14.646988,7.7559433,10.877026,18.95807,18.002876,28.20066,25.55682,16.243977,9.690592,20.927195
106,22.201748,31.25251,23.41276,6.4201403,18.971262,4.966317,20.20685,14.582053,8.86301,7.969012,25.365993,11.991571,13.814066,25.41566,10.911575,20.419302,32.780556,18.888615,21.419558,18.137472,10.984353,7.5066094,29.606285,28.395079,29.399971,20.436205,5.449443,11.882739,11.533706,27.098738,28.000875,25.694616,16.76087,11.507335,21.083803
107,19.056862,32.10494,22.45007,4.7703333,31.46884,4.6969843,23.12686,12.676064,7.711002,5.693639,16.978039,12.934914,11.666468,21.14898,13.547524,24.933535,32.930992,18.259497,23.58274,21.871958,16.864464,12.648154,30.160688,24.798836,23.733639,14.667476,6.6250668,10.957289,21.073187,18.188498,29.143839,26.294027,17.393055,9.850277,21.451128
108,29.089457,28.432835,28.982382,20.653593,30.109919,13.20473,20.512865,10.440897,15.556572,5.2845416,12.324184,14.834278,9.942794,18.455662,15.929767,26.417582,26.008806,23.007753,17.00313,20.177504,15.802577,13.183612,27.754843,24.883694,17.893738,12.123613,12.439677,9.005234,12.522818,9.897355,27.190296,24.952059,11.393291,13.415479,21.186024
109,21.683655,29.180752,23.159678,9.774721,27.06154,12.68999,20.62253,11.280201,16.668013,11.531507,15.371098,16.208694,10.271863,19.068068,19.268364,27.9508,24.035557,18.124172,16.977318,20.793222,13.651637,10.513444,27.652143,20.1193,19.58031,12.418983,14.469837,11.029992,16.655554,12.206961,26.347626,24.679934,12.697213,10.069768,20.60904
110,21.125952,23.457315,21.95253,12.11511,15.382406,29.25515,16.54362,11.122168,31.991678,24.267244,6.770914,26.73995,7.694973,18.193897,31.262993,33.822086,8.118433,18.919638,7.639151,19.572645,6.984618,4.8065805,22.371803,14.949795,12.011997,11.79557,31.502008,17.970366,19.372381,2.5559256,19.496832,23.80272,11.84966,11.542861,22.856924
111,25.02771,28.358501,26.307735,17.300055,31.607283,10.460706,21.84404,10.40616,12.548355,3.8284411,9.6420765,14.603555,8.691727,16.801727,16.010866,26.746717,26.606758,21.289661,19.814789,21.424103,18.729832,15.695998,27.139605,22.420464,15.296163,10.393024,11.219495,8.203047,18.21369,8.702339,26.890175,24.307383,13.418146,11.448027,20.733576
112,19.134033,30.935814,23.246788,10.942323,35.446125,6.1625147,26.248533,11.407956,7.975161,4.7641916,7.8833823,16.21196,8.097232,15.230517,18.792393,29.56318,27.080332,19.878365,24.91352,26.055775,24.579666,19.658674,29.001171,19.40849,12.160195,8.123809,10.056241,8.764922,28.660753,7.1297646,29.150217,26.025726,17.0366,9.79343,22.320372
113,18.265163,32.44739,22.645603,5.9429474,35.168144,3.8718681,25.36286,12.399105,6.0275135,4.4679856,13.065804,14.14999,10.483326,18.899216,15.08443,26.683573,32.335815,19.0,25.714039,24.524569,21.184921,16.431778,30.352947,23.260664,19.112774,12.153183,6.864283,10.107115,26.21638,13.9927225,29.840174,26.73553,18.374273,9.534107,22.298174
114,18.768097,31.827442,21.989841,4.2493315,30.235514,4.970092,22.566393,12.698504,8.258592,6.45857,17.851965,12.78708,11.732292,21.458092,13.578956,24.653805,32.537373,17.770212,23.02795,21.26552,15.903162,11.85706,29.831299,24.50254,24.477913,15.071274,6.9040008,11.124217,20.04784,19.058878,28.722498,25.941853,17.150663,9.601057,21.099823
115,24.405178,25.519741,23.978733,14.495413,24.078064,25.735535,16.688591,9.888921,30.501629,19.018799,10.595739,21.483278,7.862147,18.116274,26.82784,33.093777,15.793415,17.799355,9.620025,18.22053,8.44835,7.4724574,23.942049,15.727489,16.57005,11.585867,27.563501,12.996189,13.912404,5.9587154,21.895609,22.56141,9.896987,9.433508,19.805063
116,18.210377,32.315342,21.988583,3.8392572,32.072773,4.1723633,23.515766,12.711985,7.1104846,5.754942,16.754784,12.994373,11.598389,20.966328,13.691034,25.073477,33.121674,18.004509,24.112411,22.262806,17.361294,13.005733,30.286905,24.449392,23.41596,14.385847,6.4445324,11.02853,22.28351,18.023882,29.295443,26.409384,17.798115,9.532743,21.550043
117,18.797537,33.430153,22.948639,3.6553164,34.133827,2.818834,24.498362,13.129553,5.235205,4.3736305,16.986826,12.671397,12.228933,21.824074,12.417336,24.476915,35.72519,19.004904,25.936714,22.881956,18.418747,13.820653,31.465643,26.755653,24.462353,15.358055,4.8394003,11.317734,23.175184,19.310476,30.540983,27.447643,19.068443,10.150341,22.418375
118,18.913681,32.730236,22.736458,3.8492687,32.173218,2.928356,23.738178,13.04434,5.33521,4.850006,17.697617,12.426764,12.311459,21.915934,11.967975,23.463135,34.832542,18.842299,25.064274,22.101799,17.31837,12.88065,30.877913,26.728601,24.657187,15.736725,4.7044373,11.295735,21.426786,19.868029,29.8926,26.972923,18.481945,10.2806835,22.075403
119,22.949371,31.20327,23.985714,7.8492255,13.578232,3.6119626,20.554514,15.954128,6.962309,7.888348,27.36874,12.153294,14.238549,26.610504,9.765498,18.23342,33.171265,20.066032,22.930798,17.86586,11.211438,7.7025414,29.616413,30.091314,29.366383,22.354776,4.117082,11.99729,10.880989,30.255709,28.115364,25.93343,18.206957,12.319721,21.81902
120,23.215311,31.19663,24.001587,8.342387,24.537764,8.512544,20.076372,13.017843,13.451738,8.525792,22.546862,12.738065,12.679915,23.232792,14.191325,24.673235,30.66954,18.29923,18.932802,19.031967,11.3112,8.201222,29.434612,25.179802,27.945187,17.27228,9.13847,10.97104,11.47193,21.773874,27.959345,25.274857,13.8986,10.755142,20.3191
121,19.64369,32.014038,22.545204,4.540601,28.927956,4.650984,22.30409,13.055658,7.9763827,6.3989534,19.454504,12.471628,12.362827,22.390564,12.687638,23.689957,33.235348,18.197435,22.945698,20.803919,15.090069,11.071864,30.13451,25.817131,25.765663,16.255041,6.1740503,11.286351,18.393648,20.749823,28.920334,26.167484,17.154423,10.118462,21.264902
122,19.368765,32.069725,22.300474,3.6781354,27.203121,3.5743244,22.118624,13.516912,6.772818,6.265899,20.806332,11.977242,12.845293,23.266544,11.4913645,22.292007,34.09269,18.193571,23.504345,20.23566,14.55609,10.51074,30.21911,26.897789,26.857237,17.437176,4.946249,11.598069,17.791796,22.845322,28.929415,26.229214,17.858337,10.264251,21.325382
123,31.551884,26.542782,30.735905,26.88495,30.989897,14.772171,19.827272,9.258636,16.611437,3.1379375,8.792828,14.406973,8.191576,16.608343,15.567077,26.070211,24.975754,24.408323,16.236647,19.265417,16.748396,15.117431,26.117863,24.51188,14.658601,10.301193,13.457043,7.101293,11.007073,6.836029,26.093771,23.618134,10.019755,13.722924,20.417624
124,26.77804,25.551697,26.129753,19.756289,27.32187,23.531578,18.446817,8.909332,27.293339,15.850875,8.948336,20.57873,6.988748,15.912169,25.65549,32.10644,16.53288,19.751293,11.330676,19.792439,12.049182,11.009269,24.458485,16.102762,12.436134,9.124262,25.504265,10.039938,14.284286,3.218782,23.201962,22.731993,8.644284,10.306606,20.036009
125,28.83966,27.711948,29.30524,23.25214,32.08335,11.917309,21.795975,9.932331,13.108921,2.7837887,8.013799,14.885663,8.39502,16.442066,15.624175,26.24123,25.918674,23.999483,19.304932,21.356771,19.414392,16.779718,27.02364,24.43995,13.779158,10.294264,11.642765,7.685681,15.888634,7.135855,27.084595,24.599127,12.509955,13.411913,21.44606
126,17.99386,31.469349,22.246666,8.003113,35.256683,6.1934347,25.687231,11.638071,8.705692,6.0701103,10.194206,15.850462,8.854328,16.382933,18.669155,29.497387,28.0173,18.665009,24.34237,25.52559,22.714512,17.956854,29.308775,19.279701,14.692295,9.096519,10.120098,9.4242325,27.93347,9.116804,29.088766,26.037447,16.962,8.956183,21.982592
127,19.920025,29.952335,23.447899,13.006571,34.66894,8.963488,25.48822,10.740465,11.331803,7.078276,7.498503,17.126509,7.338465,14.316934,20.879866,30.6616,24.202595,19.629421,22.762802,25.712875,23.578568,19.35444,28.016428,17.225061,10.641328,7.052443,13.017871,8.244148,26.831532,5.0945706,28.162378,25.200577,15.112285,9.285364,21.761791
128,20.07118,31.403664,22.808788,5.4864135,27.605116,4.1441727,22.103079,13.001631,6.9843383,6.2435565,19.470497,12.304346,12.392685,22.250156,11.903602,22.345024,32.585476,18.707745,22.851728,20.58912,14.988579,11.006276,29.712149,26.40241,25.202753,16.582037,5.3912363,11.122585,17.214975,20.941122,28.584057,25.973923,16.942217,10.642217,21.365252
129,26.63633,29.578543,26.650274,14.608097,26.758614,11.73675,19.579535,11.659031,15.534557,6.930981,17.470655,13.682467,11.458391,21.022343,15.058663,25.739681,27.944061,20.594099,16.890976,18.924639,12.489587,9.6570215,28.482367,25.208475,23.671997,14.7855215,11.224352,10.3482685,10.999982,15.718152,27.343294,25.02703,12.105023,12.435036,20.524551
130,30.214512,27.27782,30.1481,25.329851,32.162056,13.413265,21.176043,9.59729,14.817201,2.8081374,7.802218,14.880878,8.14546,16.379955,15.892219,26.57284,25.588608,24.379507,18.294628,20.732939,18.775158,16.63873,26.650978,24.416397,13.767523,10.140096,12.775397,7.3392015,14.361836,6.6176987,26.720325,24.23243,11.630228,13.516212,21.135508
131,22.104641,30.9831,23.309181,7.762122,24.385153,8.50986,20.179052,13.151461,13.195992,7.6304717,20.504143,12.916836,12.102344,22.901234,14.462357,25.366028,30.666153,18.056616,19.62764,19.212065,12.044137,8.8141575,29.074747,24.822788,27.23809,16.808151,9.262123,11.378715,13.981093,21.058931,27.629995,25.166027,14.967752,10.558712,20.34576
132,18.920843,32.76799,22.84433,4.2570868,33.33451,3.219634,24.03967,12.843838,5.6076193,4.606656,16.721666,12.693723,12.003977,21.355759,12.515424,24.215103,34.605736,18.891638,25.110092,22.585932,18.020239,13.535403,30.874098,26.176125,23.771618,15.010744,5.139385,11.044884,22.321692,18.596552,29.959694,26.982391,18.373346,10.134665,22.109528
133,24.6194,28.939728,24.965635,12.84344,26.976011,13.645075,19.30808,11.207721,17.94709,9.328638,15.923609,14.883591,10.482414,19.989653,17.597355,27.594862,25.604198,19.018698,16.024597,19.067108,12.370395,9.764441,27.515894,22.134052,22.16132,13.532525,14.054323,10.6717005,12.869472,13.693381,26.270002,24.264194,11.959988,10.932868,19.95955
134,23.101543,30.258593,23.503525,8.790176,22.469412,10.621233,19.06028,12.872711,15.850965,9.622775,21.65559,13.359155,12.114809,22.853271,15.602931,25.678488,28.467754,17.783535,17.379326,18.3131,10.182172,7.3513055,28.446426,23.786345,27.566128,16.867004,11.210472,11.423504,10.965774,20.834938,26.881777,24.579498,13.248515,10.60014,19.83432
135,22.366835,29.141476,24.05373,12.345676,29.013765,11.44006,21.89514,10.777862,15.069189,10.983407,14.565221,16.305769,9.833386,17.4348,19.463356,27.704762,23.11948,19.08848,17.526909,22.411102,15.862578,12.63581,27.72349,19.379814,16.533161,10.915153,13.655088,9.465769,16.682093,9.849419,26.851557,24.776352,11.70636,10.205998,21.00061
136,21.752087,31.07079,23.339077,7.1997085,25.813646,7.022147,20.785955,12.896366,11.045568,7.5566525,20.68551,12.642713,12.353404,22.610128,13.440214,23.93464,31.13514,18.341599,20.417973,19.59022,12.888591,9.450072,29.322662,25.355335,26.476772,16.707758,7.8942385,11.049056,14.183806,20.933203,27.99567,25.402687,15.1661,10.6192875,20.63137
137,26.00422,25.407402,24.971666,16.522894,23.694845,28.230183,16.968182,9.459265,32.75599,21.175825,10.069692,23.412945,7.1843524,17.69102,29.086544,34.222256,14.789638,18.491041,8.935966,18.529825,8.035533,7.270557,24.343594,15.195122,13.929837,10.539514,30.889868,12.759659,15.307464,3.9360397,22.15832,23.054207,9.205787,10.116005,20.31755
138,18.537458,31.918526,22.112434,4.275591,31.02569,4.00117,23.138887,12.68924,6.7845736,5.733706,17.120504,12.716999,11.695215,21.126652,13.05761,24.144203,32.906754,18.181585,23.852104,21.775833,16.865192,12.605248,30.007061,24.94724,23.648956,14.826808,6.004964,11.002082,21.069021,18.622854,29.019909,26.214363,17.60176,9.817726,21.460386
139,24.42199,25.60783,24.181507,14.920563,24.930492,27.130003,17.259974,9.744564,31.704588,20.651106,9.575333,22.850357,7.451503,17.667912,28.599052,34.26386,14.597861,18.109194,9.546024,19.01174,9.036631,8.06091,24.056248,14.940203,15.059142,10.950454,29.470251,13.331362,15.232544,4.378602,22.005949,22.919523,9.917935,9.394749,20.364449
140,21.731445,28.616798,22.264727,8.877399,14.477993,11.95304,18.148619,13.948179,16.771782,11.097783,20.467575,15.011994,11.6293125,22.967422,17.118956,25.539848,24.59241,17.971382,16.351603,17.807562,8.978995,5.9587154,26.87728,22.979118,25.737522,17.331078,12.66937,13.258472,12.3826,20.734425,25.054075,24.223858,14.211542,11.347473,20.42335
141,19.21833,30.369843,22.83304,10.15893,34.129692,7.224951,24.882795,11.134108,9.586874,6.162689,9.630699,15.879028,8.530645,15.798648,18.63556,28.942427,26.354649,19.078976,22.947777,24.877844,22.104706,17.638428,28.450945,19.09201,13.71393,8.811292,10.640765,8.967997,25.702242,8.016899,28.294024,25.412708,15.710694,9.416355,21.625631
142,23.324852,30.595987,23.297585,8.840897,17.33403,11.776827,18.434822,14.262693,17.977045,10.077205,23.224272,13.866127,12.338995,24.297176,16.75761,27.048365,28.177063,17.63085,16.96331,17.753464,8.624843,5.7899394,28.538618,23.857626,29.640837,18.224318,12.41481,12.571102,10.824859,23.306692,26.719126,24.733904,13.913089,10.966673,19.965334
143,21.872364,31.897858,23.94232,7.021184,26.702248,5.499447,21.875525,13.356169,8.887221,6.6915073,20.747269,12.663661,12.800348,23.113298,12.50885,23.220205,32.733784,19.292706,22.145203,20.441072,14.195083,10.354419,30.234241,27.021248,26.435349,17.289324,6.378024,11.255469,15.635207,21.66704,28.964758,26.339046,16.436226,11.2283,21.57504
144,21.34055,30.35176,22.309776,6.879228,22.409464,9.01944,19.40566,12.995019,14.274322,9.762778,22.121027,12.916262,12.033557,22.893774,15.061829,24.918398,29.209623,16.990572,18.483482,18.432981,10.618907,7.7367177,28.344027,23.409122,27.539429,16.968473,10.147135,11.295992,12.21155,21.86086,26.805838,24.381073,14.106255,9.755402,19.644377
145,25.087992,24.986301,24.139563,15.27725,23.758936,26.66936,15.758965,9.555983,31.673817,18.864988,10.666692,21.107931,7.5344334,18.09571,26.601307,32.982082,15.926814,17.497435,8.731977,17.05137,7.321479,6.793428,23.457626,15.515404,17.001823,11.538826,28.369,12.592281,12.589,6.088137,21.408262,21.92165,9.264123,9.287532,19.046339
146,19.215523,32.150856,22.481897,4.136757,28.955189,3.2625406,22.771437,13.288353,6.054814,5.3518476,19.065695,12.158567,12.445986,22.44266,11.6752405,22.774864,34.14299,18.5217,24.146378,21.028593,15.879165,11.649454,30.326801,26.671642,25.44714,16.473238,4.8012547,11.308388,19.505972,21.224913,29.210743,26.42595,18.071312,10.344512,21.58351
147,22.25458,28.193256,24.097538,14.76207,31.45387,12.922448,22.13413,10.135301,15.926618,8.1645355,8.774247,16.694208,7.6101866,15.605311,20.305267,29.72667,23.401665,19.248295,18.966644,22.21869,18.682869,15.815839,26.556484,17.912823,13.122503,8.517158,15.50156,8.652952,21.309557,6.3542814,26.151096,23.843689,13.130713,9.473572,20.379433
148,22.416828,30.62582,22.648077,7.65563,13.285801,8.05679,18.639997,15.3473215,13.836423,9.049966,25.934105,12.65385,13.007448,25.633755,13.775344,23.509567,30.247992,17.724003,19.10337,17.055437,8.691308,5.6501517,28.558022,25.810905,30.613068,20.37125,8.825666,12.342067,10.43395,27.619005,26.777445,24.671219,15.814312,11.080223,20.082752
149,18.624332,32.26857,22.684795,5.669249,34.13638,4.2094283,24.620914,12.433828,6.5763435,4.834574,14.245594,13.81044,10.903837,19.553394,14.537971,26.012213,32.471977,18.832434,24.906189,23.65938,19.799103,15.236444,30.260656,23.783895,20.363255,12.903654,6.800358,10.327671,24.495546,15.07001,29.57128,26.588554,17.974833,9.641341,22.039251
150,22.586071,27.73138,24.666023,16.68223,32.213467,11.137577,22.698648,9.954422,13.235968,5.439421,7.010885,15.900425,7.138496,14.674224,18.768566,28.503345,23.964323,20.237514,20.222504,22.541527,20.577564,17.56554,26.223825,18.662807,11.395617,7.823596,13.503172,7.749946,22.001284,5.5000067,26.231417,23.684166,13.533632,9.967045,20.512075
151,18.695827,32.775322,22.661386,3.7653394,33.042274,2.9372497,23.924335,12.902685,5.3128066,4.7039824,17.13637,12.485827,12.145611,21.604351,12.182216,23.801607,34.83451,18.772234,25.181686,22.36674,17.697433,13.230649,30.888615,26.429934,24.273712,15.329225,4.823979,11.199087,22.03721,19.248209,29.94562,26.980785,18.479715,10.126655,22.074278
152,22.632648,28.186216,22.48206,9.033443,20.937708,20.71262,17.021072,12.170971,26.819315,17.000471,16.772896,18.52203,10.098085,21.60218,23.71702,32.02444,20.44294,16.482075,12.192153,17.81626,7.6056833,5.50699,26.026365,18.665257,24.94566,15.466708,22.041458,14.399952,12.242415,14.784407,23.843092,23.55703,12.084688,9.610706,19.729733
153,18.39814,31.972456,22.813822,7.643845,35.608276,4.31188,25.946068,12.061704,6.197396,4.2338853,10.864632,14.895393,9.563192,17.402367,16.327032,27.70431,30.607697,19.367048,25.822525,25.322615,22.919815,17.986757,29.924488,21.891514,16.282715,10.566389,7.724513,9.575215,27.688028,11.348796,29.70924,26.547188,18.145197,9.599302,22.40112
154,22.693071,31.722858,24.272472,7.5700626,24.582277,5.828171,21.276255,13.631973,9.406871,7.0860524,22.127893,12.538611,13.190998,23.844032,12.131644,22.56497,32.577404,19.484951,21.541533,19.71646,13.068285,9.3810215,30.1585,27.679453,27.406185,18.23094,6.3411827,11.426615,13.755851,22.991312,28.770489,26.257954,16.152485,11.634963,21.50162
155,21.73303,28.457989,24.346525,15.39966,32.820602,9.833091,23.688698,10.304965,11.751345,5.492559,7.198019,16.130995,7.4061513,14.637013,18.936056,28.686338,24.212536,20.288858,21.2714,23.621302,21.691738,18.116152,26.900629,18.7538,11.22451,7.7742534,12.599737,8.037358,23.518534,5.6070313,26.971855,24.338974,14.217775,10.099042,21.105722
156,25.705854,26.297052,24.791191,14.643809,25.647865,28.604393,16.494234,9.862061,34.042595,21.050974,11.428283,22.533125,7.9232965,18.93999,28.702873,35.10874,16.243128,17.69389,8.803945,17.90924,7.4384108,6.86262,24.63295,15.579872,17.982853,12.046051,30.64295,13.554136,13.34168,6.1837454,22.371622,22.943867,9.585433,9.216973,19.843904
157,18.837246,32.946014,22.820017,4.3185306,33.845,3.4467518,24.273935,12.842095,6.0037303,4.666527,16.44492,12.930986,11.845943,21.127438,13.088489,24.945574,34.499725,18.79708,25.171543,22.928028,18.420246,13.8909235,30.965971,25.653824,23.418358,14.617544,5.579274,10.930574,22.976572,18.042292,30.073195,27.020866,18.371365,9.927063,22.118141
158,18.912197,33.42,23.134054,4.318927,34.917915,3.1035633,24.854416,12.985617,5.4441032,4.284718,16.128317,13.061415,11.923465,21.251541,13.035224,25.131289,35.272667,19.181303,26.0051,23.443869,19.194057,14.548858,31.417646,26.188082,23.360182,14.688103,5.3022003,11.034931,23.95181,18.056244,30.582544,27.455368,18.95367,10.071087,22.532106
159,22.45929,29.101788,22.072712,8.021829,16.33308,16.239023,16.811142,13.695819,22.808992,13.275418,20.94801,15.638011,11.230755,23.632805,19.901653,29.37699,24.542202,16.279709,14.28554,16.594805,6.785158,4.3965235,26.861233,21.21352,28.978626,17.590899,17.187796,13.885297,10.9346285,21.00778,24.76206,23.631142,13.320239,10.180456,19.229412
160,24.499308,28.79002,26.350649,17.299925,32.485126,9.190673,23.100573,10.600312,10.75259,3.3884168,8.62647,14.986965,8.499916,16.22654,16.193329,26.85332,26.661926,21.82821,21.330566,22.665613,20.702559,17.196205,27.587427,22.465971,13.806243,9.852722,10.472985,8.126014,20.435278,7.9595995,27.56571,24.876678,14.321529,11.707264,21.445543
161,23.338665,29.254745,22.990047,9.102523,20.7557,16.838642,17.463076,12.601113,23.088114,13.671212,19.64241,16.00118,10.972784,22.416058,20.400965,29.838186,24.219208,16.676416,14.009259,17.514536,7.9870415,5.6944222,27.215528,20.714193,27.066668,16.191599,17.828356,12.981298,10.9836645,18.118797,25.260328,23.837679,12.208314,10.007572,19.32216
162,19.551086,32.259914,22.88905,4.7408433,30.428295,3.5056343,23.099707,13.066384,6.124697,4.945538,18.05695,12.363458,12.275886,22.013237,11.9570875,23.299067,34.127968,18.851662,24.25571,21.498869,16.537987,12.252173,30.482084,26.652391,24.790417,15.941378,5.01482,11.177761,20.10037,20.089682,29.446314,26.6176,17.958994,10.50448,21.775568
163,18.675964,30.238598,22.42906,9.4618,33.69252,6.866268,24.718506,11.204212,9.1007,6.0223417,9.608734,15.668501,8.558729,15.97958,18.19872,28.461674,26.646057,18.851923,23.17239,24.563982,21.89819,17.438828,28.316448,19.283287,13.940025,9.03433,10.284804,9.15436,26.040274,8.53864,28.116045,25.319906,16.115437,9.317427,21.536818
164,18.165113,31.402435,22.02616,5.5946302,32.64247,4.9294662,23.822338,12.160448,7.4338155,5.7353826,14.135555,13.850954,10.59243,19.246723,14.889607,25.76512,31.029682,18.248617,23.858326,22.932573,18.864971,14.552441,29.410353,22.812862,20.008436,12.661338,7.541419,10.348611,23.623392,14.791846,28.663872,25.900993,17.3714,9.347408,21.502443
165,26.517899,27.852097,27.552279,20.37512,31.760952,10.875409,21.964466,10.139513,12.418896,2.928513,8.194906,14.706324,8.231036,16.178986,15.839166,26.497366,26.123493,22.551128,19.870478,21.479494,19.548838,16.699165,26.868526,22.965225,13.739661,9.851228,11.367139,7.691686,17.885588,7.4548573,26.867369,24.281288,13.1406765,12.224796,20.993826
166,22.958597,30.911608,23.754734,8.210562,21.706575,7.9256763,19.828936,13.617338,12.579744,8.050607,22.670944,12.635283,12.786782,23.860933,13.434705,23.75154,30.79755,18.535542,19.46318,18.574522,11.060224,7.862504,29.182484,26.084116,28.2383,18.186874,8.325297,11.488879,11.748075,23.144953,27.64694,25.27013,14.894547,11.185937,20.517035
167,31.527475,26.069996,30.769194,27.919619,32.15516,15.204439,19.982397,8.8406315,16.851236,2.6138754,6.936833,14.51439,7.4217424,15.864348,15.879126,26.508495,24.829903,24.472662,16.776644,19.359201,17.899708,16.552067,25.52749,23.911076,13.24458,9.572773,14.077738,6.5888343,12.217792,5.6089907,25.675276,23.16428,10.375793,13.297578,20.219172
168,23.874332,30.556086,24.042265,9.91865,23.259413,11.822727,19.357368,12.708391,17.491573,10.7453165,21.775766,14.043959,11.895977,22.52223,17.04084,26.991842,27.702885,17.908627,16.906078,18.899355,10.398832,7.7205315,28.668314,22.873337,27.088093,16.385332,12.729244,11.098531,10.610672,19.903358,27.149666,24.679943,12.494431,10.441074,19.917429
169,28.630661,26.843437,28.852308,23.804682,32.097157,12.861303,20.935211,9.440088,14.430462,2.5219688,7.212538,14.504995,7.685459,15.867727,15.762201,26.488672,25.56927,23.259523,18.505108,20.360455,18.874783,16.794384,26.015806,23.201424,13.374432,9.605755,12.637304,7.0778327,15.471137,6.4683,26.115408,23.540916,11.951488,12.523386,20.44988
170,18.495707,30.821804,22.633966,9.668363,35.185802,5.8752766,25.821552,11.359974,7.833869,4.827398,8.424614,15.826861,8.280085,15.467203,18.33216,29.163288,27.334913,19.2628,24.622868,25.635658,23.85061,18.957794,28.832685,19.328981,12.916113,8.405111,9.671011,8.911312,28.326746,7.731883,28.860573,25.783413,16.993229,9.445738,21.98113
171,24.64129,25.405437,24.60835,15.666445,22.497116,27.90927,17.659985,10.264339,31.648188,21.40064,8.649122,24.375544,7.666566,17.955065,29.587868,34.368374,13.017098,19.41486,9.413831,19.846876,9.09673,7.6573205,24.168968,15.814107,13.633646,11.15746,30.114285,14.647228,16.793583,3.5179691,21.922777,23.839167,10.5115,10.808174,21.793945
172,19.637714,31.730942,22.644047,4.736538,28.32176,3.6717672,22.387543,13.117941,6.439673,5.7472973,19.223146,12.181522,12.453388,22.359432,11.658747,22.420198,33.387115,18.62772,23.471722,20.69728,15.397017,11.284041,30.011065,26.646473,25.33439,16.550493,5.005537,11.265818,18.312466,21.073969,28.882544,26.206682,17.535578,10.535664,21.46653
173,17.55358,32.00572,22.235596,7.556077,36.295547,5.226817,26.474329,11.878288,7.430337,5.228132,9.575422,15.8382435,8.791794,16.420368,18.385183,29.6245,29.130743,18.905493,25.740088,26.142174,23.953848,18.917297,29.768143,19.771906,14.482073,9.058956,9.395254,9.484917,29.831861,9.275229,29.653357,26.459944,18.04293,8.998218,22.377039
174,19.647995,30.853832,22.867785,8.932627,33.374542,7.874382,24.00233,11.458803,10.890436,6.8150706,12.113432,15.445971,9.477459,17.30222,18.183197,28.774822,27.532108,18.588942,22.033363,23.903048,19.884462,15.680771,28.87719,19.94498,16.740353,10.263498,10.840301,9.557604,23.6139,10.312916,28.353722,25.528692,15.389826,9.309147,21.358171
175,32.47834,26.933043,32.0008,28.31742,31.247934,13.888063,21.611551,9.3126,14.343838,5.057698,8.5641,15.983391,8.716405,15.687765,16.687914,25.46449,22.042786,26.53396,16.43218,21.457163,18.602724,15.8292,27.234734,25.508362,12.28505,9.837715,12.63442,8.080936,10.404311,4.8223076,27.57445,25.295506,9.388809,16.106419,22.488134
176,24.200514,28.988787,23.411179,9.99382,19.04458,15.756643,16.720346,12.859933,22.046068,12.273398,21.111406,14.727654,11.269339,23.090153,18.441437,28.217909,25.377525,16.921354,13.99107,16.136679,7.1411934,4.988885,27.033152,21.945295,28.595974,17.147913,16.27508,12.5784855,8.731697,20.293282,25.188448,23.425224,12.204111,10.415209,18.78166
177,19.889835,30.783117,23.433683,9.651497,33.498936,5.8806868,24.697298,11.624519,7.772749,4.992877,11.072969,14.995268,9.534034,17.250294,16.328876,26.975906,28.587017,19.734213,23.723465,24.234453,21.365427,16.804142,29.05861,21.876339,15.90692,10.6855545,8.5402355,9.443792,24.494234,10.688838,28.755161,25.944578,16.569983,10.241642,22.017836
178,25.808752,30.86222,26.284641,12.426567,25.300581,8.614953,20.477541,12.763125,12.310471,6.9849887,20.75031,12.920891,12.593811,22.774223,13.245431,23.826235,30.373959,20.677603,19.11438,19.3928,12.656823,9.410449,29.602888,27.24052,26.216997,17.069834,8.331346,10.715506,10.723228,20.114307,28.424984,25.837744,13.725903,12.605435,21.20572
179,25.522919,29.626553,25.542921,13.199397,26.736832,13.029811,19.523973,11.416002,17.739471,9.755549,18.292442,14.537576,11.159214,20.520588,17.367529,27.313074,25.988281,19.228281,15.799126,19.408747,11.836072,9.139924,28.22626,22.637106,23.586517,14.232501,13.390061,10.334971,10.663203,15.092455,26.990093,24.628452,11.084987,11.273483,20.103872
180,18.539577,31.39221,23.06487,11.106311,36.598927,6.490823,27.242449,11.423998,8.553755,5.664285,7.151357,17.055006,7.536928,14.434464,20.558193,31.193209,26.27485,19.785776,25.421177,27.24323,25.95073,20.913633,29.243351,17.788927,10.65973,6.8890023,11.23726,8.490693,30.634136,5.6294665,29.570095,26.240791,17.070435,9.306831,22.590078
181,26.301628,26.532547,25.543266,16.719364,27.890001,22.010532,17.620726,9.393808,26.858915,15.399177,12.234695,18.690962,8.177659,17.598587,23.678513,31.438461,19.059328,18.47311,11.277006,18.45769,10.553527,9.454325,25.090181,17.268608,17.480753,11.219035,23.40697,10.499018,11.425532,7.1710153,23.687803,22.586016,8.985051,9.671539,19.130108
182,22.407114,30.472897,22.85448,7.8620267,16.531483,8.005975,19.015059,14.430443,13.3320675,9.247846,24.952576,12.648951,12.834787,24.565895,13.7993965,23.306694,29.830935,17.797232,18.8857,17.659744,9.418949,6.4318504,28.527172,25.247982,29.236452,19.224138,8.841935,11.690705,10.383727,25.58684,26.887554,24.61995,14.892588,10.829956,20.050417
183,20.972174,24.299328,22.141253,11.226233,15.964213,29.98,17.073141,11.6602745,32.85617,25.467154,7.1126175,27.56524,8.232894,19.016436,32.27352,34.92759,7.980067,19.225239,7.87762,20.31375,7.2663803,4.824223,23.011023,15.397217,13.178591,12.621965,32.126335,19.187454,19.829084,3.0658722,19.994804,24.601118,12.567521,11.691928,23.687635
184,26.575188,30.14468,26.429914,13.908754,25.18424,10.28582,19.533318,12.190178,14.62184,7.1439085,20.33663,12.889092,12.040649,21.863626,14.2473345,24.943274,28.81452,20.208326,17.154541,18.730398,11.670533,8.763647,28.885622,25.579937,25.805948,15.966692,9.9910755,10.090969,9.075488,18.543123,27.773918,25.011063,11.953418,12.325905,20.294104
185,19.115976,32.455772,23.067875,5.577379,34.114586,3.8397598,24.450653,12.543732,6.1153784,4.514153,15.09133,13.395508,11.380503,20.183895,13.631351,25.224,33.34381,19.115152,24.947655,23.33475,19.232548,14.701431,30.54759,24.944347,21.488535,13.707055,6.0540743,10.491674,23.448463,16.176792,29.79046,26.806717,18.007114,9.997801,22.157928
186,18.754902,32.370987,22.667046,5.067238,33.56925,4.016529,24.175241,12.555473,6.5331073,4.9071617,15.438958,13.323572,11.354179,20.287884,13.801823,25.338797,33.142693,18.69693,24.64982,23.05641,18.747637,14.275694,30.400776,24.550455,21.879902,13.745229,6.3118973,10.586273,23.25156,16.503893,29.582525,26.617931,17.898275,9.754448,21.915943
187,22.263622,31.286207,23.1712,6.4717426,11.077204,3.868365,19.87433,16.501312,7.9988074,8.203646,28.590097,12.045122,14.479155,27.29181,10.118658,18.781433,33.09896,19.219994,22.234957,17.258474,9.746689,6.186808,29.554642,29.644688,30.811563,22.898745,4.471702,12.57596,10.742713,31.565186,27.79921,25.78458,18.279808,12.059663,21.46698
188,18.683517,33.19678,22.725338,3.84766,33.88498,3.2825751,24.319086,12.988111,5.9453893,4.6388702,16.782816,12.8250065,11.975515,21.43503,12.993178,25.00804,34.996918,18.691645,25.40763,22.881844,18.320108,13.763979,31.174269,25.868004,23.99479,14.869156,5.4503036,11.096153,23.159174,18.621504,30.24483,27.149788,18.636177,9.877893,22.146032
189,23.340836,30.004543,23.030548,8.920283,18.078974,14.406282,17.635126,13.731028,20.937906,11.132719,21.663599,14.613478,11.735599,23.697355,18.525688,28.848974,26.52752,17.010288,15.331415,17.288568,7.8630323,5.2918005,27.881174,22.362782,29.298111,17.345142,15.023653,12.983354,10.827535,21.363955,25.954777,24.228184,13.102468,10.5846615,19.463015
190,28.841278,27.46589,29.481873,24.297752,33.067406,12.232756,22.296865,9.63019,13.1316,2.9930162,6.5828805,15.3707,7.779336,15.591794,16.396677,26.735254,25.094145,24.33827,19.66571,21.839903,20.663616,18.039852,26.789034,23.768665,12.093585,9.407005,12.316881,7.430531,16.917294,5.6574054,27.067839,24.54111,12.594357,13.387289,21.619167
191,18.75729,31.229584,22.532484,7.0992146,33.15857,5.570155,24.222717,11.946252,7.9190426,5.7572045,12.91935,14.497126,10.163639,18.430481,15.8276615,26.565247,29.917128,18.756308,23.719803,23.57374,19.856897,15.472767,29.305433,22.181826,18.294128,11.765814,8.302636,10.047863,24.18131,12.96629,28.70833,25.953253,17.011475,9.579506,21.738363
192,18.92147,31.849531,22.848663,6.8008137,33.929024,4.603292,24.671963,12.221716,6.830191,4.728021,13.239527,14.129898,10.476658,18.841187,15.042612,26.346106,31.405989,19.052542,24.651846,23.90222,20.328653,15.753846,29.893248,23.172743,19.031803,12.222605,7.240612,10.015785,24.666567,13.780708,29.324175,26.373243,17.615307,9.77128,22.014353
193,24.17588,27.828495,25.834503,18.763844,33.083595,14.218767,22.694685,9.676799,16.56807,7.5182486,6.538332,17.406351,6.723817,14.72375,20.921928,30.286924,23.102337,20.878847,19.30474,22.754208,20.208189,17.712742,26.337942,18.130396,10.694973,7.5284753,16.800776,7.903161,21.88793,4.1257367,26.22951,23.908596,12.946241,10.0253315,20.875154
194,19.493393,30.627567,23.363138,10.930489,34.867558,6.192734,25.696135,11.301874,7.942471,4.8542514,8.509184,15.893065,8.386508,15.580445,18.069284,28.680025,27.0797,19.911009,24.32585,25.47112,23.697683,18.896881,28.805084,20.006947,12.842419,8.707396,9.651143,8.858431,27.155577,7.733654,28.857603,25.862495,16.672295,10.001284,22.171728
195,22.049149,31.206455,23.881561,7.222437,24.37157,4.8883085,21.291132,13.472945,7.92545,6.7112856,21.5287,12.269366,13.046352,23.458878,11.344558,21.389845,32.363087,19.480188,21.947569,19.639845,13.4306135,9.697921,29.722712,27.829613,26.600761,18.169111,5.3989058,11.326003,13.997094,22.884338,28.436682,26.010223,16.440626,11.601723,21.46903
196,18.615892,30.844141,22.468092,9.426278,34.72734,7.5221176,25.30307,11.281974,10.184838,6.598238,9.457929,16.297993,8.374653,15.695638,19.62855,30.136156,26.38458,18.704344,23.273853,25.344004,22.558914,17.99616,28.75456,18.254004,13.531208,8.357145,11.410739,9.127841,27.2125,7.6405296,28.589678,25.611591,16.04284,8.969585,21.697775
197,19.498095,31.771568,22.500866,4.046236,26.204264,2.5666757,22.196075,13.707329,5.1257443,5.4646254,20.66289,11.705908,12.947386,23.39618,10.299905,20.81362,34.4657,18.72893,24.238327,20.029612,14.88424,10.797292,30.064875,27.944149,26.44199,17.958162,3.7160919,11.559622,17.694483,23.509706,28.874147,26.244556,18.454746,10.699665,21.547129
198,23.376097,28.677294,25.757412,17.41094,33.286263,9.751893,23.98232,10.409617,11.233849,4.480462,6.9199314,16.06151,7.592566,14.966396,18.194967,28.252497,25.072584,21.605955,21.827652,23.688066,22.278938,18.70671,27.330229,20.396027,11.257519,8.2427025,12.066562,7.953818,23.035593,5.809779,27.507473,24.82711,14.524344,11.08024,21.65252
199,22.0621,28.884365,24.90506,15.724928,33.52288,8.192524,24.446901,10.573312,9.5271225,3.9559522,6.728109,15.789679,7.607025,14.777791,17.728855,27.922453,25.50753,21.11188,22.796383,24.139189,23.065416,19.08432,27.436037,20.278645,11.158814,8.211313,10.826024,7.971063,24.397247,6.131458,27.675774,24.88336,15.290425,10.811448,21.668373
200,29.56253,27.038622,29.761915,24.906584,31.962362,12.801682,21.381659,9.527555,13.874937,2.9845023,7.4061575,14.943468,8.009184,15.960933,15.797698,26.094923,24.998276,24.353792,18.497513,20.84925,19.211082,16.865894,26.501581,24.16396,12.903116,9.78507,12.368033,7.4192905,14.942105,6.1797423,26.652407,24.226377,11.799887,13.565968,21.232424
201,27.78772,27.212517,27.026093,18.50867,28.577602,23.720835,18.995178,9.434583,27.97996,17.768297,11.749428,20.948797,8.180442,17.503384,25.970917,32.61402,17.83125,20.09628,11.49626,19.938042,11.581718,10.1556835,26.224592,17.667568,15.094118,10.666462,25.68134,11.057978,13.173663,5.2606053,24.774614,24.060987,9.025561,10.909908,20.762852
202,30.781662,26.38274,30.309921,26.383442,31.43946,14.036373,20.24893,9.18824,15.423311,2.7115216,7.6591887,14.46379,7.932013,16.173166,15.371974,25.817545,24.963455,24.37897,17.172447,19.645208,17.832882,16.04424,25.92423,24.410284,13.663169,10.036842,12.952353,7.1018043,12.570828,6.366632,26.00268,23.590418,10.810242,13.584518,20.575119
203,26.663565,29.704994,26.155499,13.943959,21.156298,11.503113,18.54592,12.869615,16.17994,8.210471,21.236227,13.209956,12.09189,22.76437,14.7811775,25.081415,27.74122,20.11141,16.287136,17.513597,10.113881,7.3412757,28.4178,25.654106,27.09475,16.979294,11.055197,11.199206,8.018459,20.186102,27.159456,24.772417,12.268397,12.67945,20.175116
204,24.40718,31.177387,25.356668,10.141199,23.485712,6.6381264,20.806108,13.470983,10.082916,7.1470213,22.188074,12.593704,13.128472,23.708675,12.082351,22.236803,31.475115,20.349459,20.56217,19.34205,12.67069,9.168412,29.831835,28.143055,27.10917,18.358479,6.6215963,11.1891365,11.478585,22.636786,28.558949,26.072144,15.189719,12.454707,21.498964
205,22.184668,29.7441,25.020464,13.989733,33.315033,7.167919,24.505527,11.054268,8.549345,3.99091,8.802871,15.416764,8.742133,16.06728,16.665527,27.144678,26.854149,21.165731,23.006168,24.20806,22.265285,17.912731,28.354328,21.912786,13.451325,9.7186,9.3463545,8.653533,23.387526,8.187471,28.362307,25.601774,15.630499,11.302484,22.081367
206,22.431427,28.701939,25.090034,16.367537,33.692665,8.905598,24.117012,10.442109,10.411148,3.7657971,6.4924426,15.683279,7.3742914,14.799946,17.787762,28.177483,25.765652,21.06869,22.551744,23.649418,22.808777,19.140316,27.206076,20.107721,11.245907,8.08202,11.459851,7.776445,24.195116,6.035266,27.442759,24.59884,15.1738405,10.571234,21.366865
207,18.299404,31.25343,21.944036,6.0055065,32.74893,6.4824905,23.609913,11.936432,9.468088,6.809761,13.898832,14.521612,10.285672,18.817444,16.449951,27.14861,29.751652,17.881996,22.822357,23.014944,18.591011,14.447001,29.175016,21.37893,19.37609,11.916686,9.32845,10.2982235,23.575335,13.502662,28.3752,25.664825,16.596272,8.948273,21.259077
208,18.214378,32.555023,22.47381,4.7532167,34.666695,3.690181,24.705065,12.514351,6.0649962,4.6761456,14.662081,13.528704,11.124526,19.859558,14.120548,25.767996,33.274326,18.646055,25.25679,23.642584,19.682106,15.082048,30.498287,24.126518,21.060658,13.203573,6.313568,10.473645,24.716282,15.738385,29.767248,26.725845,18.281548,9.480155,22.059076
209,22.516151,31.085567,22.93141,7.292615,12.289204,6.6357927,19.1065,15.934971,12.021851,8.644939,27.064344,12.468542,13.595591,26.450981,12.604783,22.20073,31.487356,18.29051,20.271366,17.19032,9.011168,5.743453,29.088324,27.294071,31.107372,21.445341,7.3450317,12.521437,10.6143265,29.320465,27.28319,25.190765,16.80139,11.524176,20.636393
210,22.88379,29.230358,22.587946,8.993094,19.141457,15.490219,17.52126,12.960186,21.843979,13.069934,20.516636,15.365175,10.989656,22.681267,19.630856,29.026663,24.736155,16.542145,14.74369,17.333977,8.117131,5.8023896,27.101522,20.906395,27.508318,16.619019,16.615866,12.725424,10.819517,19.646788,25.24682,23.634363,12.634285,9.930103,19.168238
211,19.360504,29.629503,22.543743,10.968589,33.916924,9.3622465,24.24036,10.483622,12.422787,8.420593,9.401653,16.58145,7.8369813,14.9582815,20.469566,30.047092,24.00529,18.332087,21.224869,24.563793,21.288551,17.342129,27.634615,16.880869,12.639208,7.9238467,13.119947,8.516922,24.4058,6.402212,27.458412,24.602743,14.249374,8.604319,20.923693
212,19.018162,32.47336,22.656368,4.1278906,31.579994,3.2209492,23.426893,12.989382,5.772652,4.803365,17.603796,12.368633,12.183767,21.811073,12.061294,23.570803,34.461945,18.693745,24.672644,21.828428,17.026888,12.656898,30.629446,26.450539,24.607595,15.62641,4.933506,11.199819,21.078646,19.739271,29.631603,26.731258,18.229504,10.257409,21.837843
213,24.609638,29.421686,25.252644,14.472907,33.823105,18.05193,21.674513,9.532229,23.402258,16.416845,13.665774,19.010176,8.5552845,16.72927,24.90251,32.853264,20.46548,18.37694,14.982049,22.762907,15.604596,13.389231,27.613024,16.153166,16.0354,9.975304,20.977955,9.299527,14.89833,6.538235,26.642979,24.308105,9.729826,8.606469,20.421473
214,19.051594,32.35906,22.959957,5.9907117,33.986748,4.6569834,24.562563,12.466866,7.101024,5.1527143,14.525967,14.002136,11.032387,19.731024,14.78321,26.22367,32.308098,18.998236,24.617115,23.680592,19.562,15.027818,30.378502,23.895617,20.563282,13.048916,7.141801,10.437821,24.075647,15.07536,29.637575,26.710262,17.771639,9.816193,22.14876
215,19.295807,32.502277,22.954784,4.5289445,31.834871,3.1738458,23.60142,12.979718,5.5196223,4.6869025,17.395536,12.470411,12.21142,21.77433,11.970851,23.425074,34.494156,19.030571,24.842579,22.007454,17.301666,12.910422,30.712519,26.756485,24.333002,15.646924,4.8111467,11.184888,21.1136,19.546688,29.752342,26.874363,18.285845,10.474928,22.044613
216,21.69567,31.58348,23.802956,7.0574007,25.813427,5.039959,21.814016,13.385439,8.168021,6.720368,20.822044,12.5816345,12.802561,23.041279,12.109538,22.439383,32.414978,19.383318,22.2383,20.343006,14.162985,10.312522,29.983465,27.161892,26.06163,17.433687,5.9026246,11.217421,15.393054,21.881418,28.746733,26.212402,16.500614,11.341549,21.605932
217,19.039257,32.88254,22.831379,3.8413095,31.989054,2.8418064,23.759653,13.203272,5.2869525,4.6283565,17.851213,12.360523,12.394304,22.175154,11.818231,23.46847,35.235203,18.915264,25.296284,22.02255,17.321413,12.873945,31.022676,27.051144,25.001099,15.987501,4.5683975,11.382862,21.508062,20.316484,30.025393,27.074715,18.74215,10.365967,22.124338
218,21.09391,30.92194,22.988724,6.3691006,24.181738,5.2509117,20.90162,13.341995,8.640975,7.0278053,21.245935,12.18254,12.653559,23.23875,11.808749,21.921358,32.056423,18.579145,21.670961,19.227968,13.12021,9.5310955,29.241951,26.696568,26.696651,17.792944,6.069131,11.299276,14.489842,22.797495,27.925669,25.467484,16.456997,10.861366,20.887516
219,21.956797,30.841679,24.82267,10.333416,32.12576,5.4504776,23.620813,11.963911,7.055482,4.253189,13.708671,13.778202,10.947624,19.328411,13.503019,24.212786,30.742584,20.714579,23.297401,22.781319,18.971125,14.818026,29.4453,25.538555,19.414684,13.4818,6.645835,9.855204,20.133669,14.304024,28.885622,26.245535,16.363087,11.453705,22.197828
220,21.85534,30.893358,22.997095,7.3348904,25.122782,9.689331,20.022924,12.769024,14.722201,9.207101,20.660173,13.39061,11.956611,22.456226,15.73171,26.215815,29.49569,17.498293,18.668926,19.229387,11.611888,8.524253,28.947107,23.459423,26.910519,16.122313,10.7636175,11.388365,13.663459,20.054016,27.458874,24.976036,14.106771,10.049772,20.086218
221,19.315248,32.904858,23.00616,3.9833412,31.357872,2.8260717,23.694006,13.32705,5.242826,4.904838,18.4518,12.385991,12.602936,22.472057,11.65865,23.11611,35.210712,19.0964,25.21683,21.918434,17.038681,12.608703,31.08604,27.402317,25.299389,16.389887,4.452259,11.48288,20.890064,20.835268,30.053123,27.156307,18.706783,10.561302,22.239534
222,18.801815,32.34792,22.371943,3.828652,31.188713,3.4600105,23.18616,12.923571,6.2456803,5.2850213,17.98968,12.371789,12.176257,21.769665,12.312055,23.686493,34.050552,18.348326,24.185741,21.65967,16.591473,12.265778,30.46698,25.947687,24.731403,15.535371,5.2476926,11.171851,20.696623,19.72259,29.409798,26.53591,17.889233,10.020597,21.618084
223,21.512001,28.92406,23.295494,12.012113,30.975584,14.356478,21.829748,10.460134,18.249933,11.0971365,10.822617,17.598598,8.236158,16.552015,22.01107,31.095573,22.843887,18.092644,17.870647,22.20322,16.983469,14.016891,27.109728,17.090246,15.036348,9.286901,17.337687,9.76292,20.94527,7.3414497,26.28586,24.193455,12.888616,8.932172,20.391027
224,25.292894,28.575434,26.990078,18.984524,32.794964,9.83223,23.179737,10.43713,11.243908,3.136178,7.738393,15.216726,8.139848,15.866229,16.540665,27.189672,26.330456,22.384462,21.317486,22.752396,21.163597,17.834755,27.427654,22.437515,12.968971,9.450151,11.080541,7.846492,20.44657,7.1409216,27.533499,24.819973,14.1533,11.953373,21.533148
225,18.947105,31.931797,22.623222,5.6909924,32.913136,4.815975,23.844727,12.38781,7.4515276,5.303573,15.06835,13.608349,11.088842,19.923939,14.382842,25.694986,32.09005,18.578016,23.938404,22.874393,18.522602,14.164489,29.975409,23.818481,21.221848,13.335066,7.09796,10.448271,22.897528,15.692592,29.151697,26.28445,17.402218,9.691229,21.682642
226,18.701015,32.053493,22.176607,3.5864213,29.26127,2.7796671,22.838179,13.229614,5.3680396,5.1587734,18.791761,11.993186,12.388792,22.342781,11.321713,22.369865,34.349686,18.382936,24.496775,20.984241,16.104105,11.845567,30.217546,26.721487,25.303253,16.45674,4.384022,11.338901,19.928556,21.3013,29.1402,26.351475,18.382309,10.18701,21.545528
227,22.415054,30.253586,22.628014,6.989325,16.061453,8.380708,18.229937,14.446129,13.894629,9.07351,25.35759,12.306595,13.08124,25.055244,13.227497,22.991236,30.21517,17.347775,18.267128,16.564882,8.4465475,5.5119467,28.339148,25.56985,30.392757,19.767643,8.839476,12.038511,9.54663,26.275633,26.54326,24.352646,14.982895,10.730355,19.589464
228,19.24693,32.283306,22.973871,5.240936,32.881393,3.6615005,23.854803,12.647188,5.983827,4.531636,16.030287,12.870199,11.686108,20.833096,12.796993,24.325253,33.682728,19.009336,24.655949,22.537249,18.148163,13.72931,30.449003,25.696312,22.804588,14.542763,5.524332,10.7528,22.075872,17.636368,29.598143,26.682125,17.953024,10.224266,21.963453
229,21.24381,31.648539,23.281677,6.095052,26.541744,5.6726065,21.380022,13.225923,9.333755,6.7455235,20.778854,12.385531,12.6818285,23.099144,12.488516,23.316128,32.708214,18.554678,21.763832,19.873632,13.628038,9.894369,29.898623,26.465141,26.868122,17.20818,6.584076,11.307612,15.566464,21.842264,28.564169,25.922825,16.365566,10.73419,21.048338
230,20.160017,28.98389,22.514381,10.098751,31.06553,10.53494,22.097542,10.640729,13.821295,8.858974,11.548049,15.793905,8.804371,16.811195,18.912325,28.392492,24.660513,17.906895,19.43813,22.039295,17.73808,14.275998,27.197937,18.625874,16.007956,10.07946,13.148903,9.506385,20.814474,9.311316,26.524809,24.155659,13.89996,9.033343,20.267235
231,18.457947,30.782402,22.518244,9.107388,34.622406,6.126457,25.388502,11.38308,8.234302,5.649324,9.552412,15.688314,8.642086,16.02995,18.094803,28.615149,27.416273,19.0536,24.08093,25.195463,22.73264,18.052145,28.797142,19.597404,13.918472,9.0254135,9.74496,9.147804,27.117002,8.675161,28.664396,25.724865,16.671076,9.344744,21.89109
232,21.609753,31.22775,23.380905,7.140484,26.832685,7.2447395,20.99391,12.885556,11.123499,6.6037006,19.286602,12.780765,12.121741,22.376328,13.607721,24.705078,31.568747,18.41431,20.773617,19.82545,13.5123625,9.940063,29.459955,25.361412,26.03664,16.209963,8.066139,11.183891,15.826476,19.981554,28.143835,25.584335,15.656324,10.650339,20.730074
233,19.559092,31.5965,23.019306,6.8686037,32.812885,5.222061,23.746683,12.228039,7.7413287,4.9966264,14.423958,13.740681,10.867531,19.560108,14.487382,25.75677,31.57698,18.89548,23.656883,22.873657,18.734173,14.453354,29.71045,23.73684,20.47856,13.047508,7.341765,10.160327,22.562757,14.90997,28.95731,26.114143,17.07174,9.896526,21.642221
234,18.46103,31.889164,22.969223,8.861167,36.324707,4.926606,26.591478,11.874163,6.7576575,4.3037386,9.11086,15.702605,8.785655,16.341604,17.76641,29.11705,29.376411,19.633768,26.05924,26.146078,24.456936,19.35606,29.806398,20.646263,14.159901,9.232234,8.811766,9.264718,29.39885,9.199845,29.811987,26.567957,18.15182,9.602823,22.576853
235,22.18296,30.87271,22.683807,6.9923944,10.915647,5.792015,19.089455,16.17133,10.869044,8.501929,27.462942,12.285103,13.702052,26.672153,11.871546,21.11068,31.646084,18.357382,20.74313,16.964163,9.011766,5.671076,28.921776,27.747246,30.976814,21.905575,6.5152707,12.555349,10.655095,30.176828,27.126406,25.116524,17.309784,11.636379,20.699955
236,24.9851,29.956543,25.775661,15.319123,34.32637,16.086527,22.345598,9.761716,21.41341,14.117545,14.08886,18.010471,8.839953,16.72559,23.60321,32.294426,21.971403,18.983507,16.04983,23.331469,16.674526,14.24931,28.160841,16.99789,16.2408,9.820763,18.738756,8.561643,15.002624,7.0624766,27.394548,24.626556,9.801967,8.943662,20.596434
237,22.635918,29.16842,23.957253,12.616615,31.384357,14.287768,21.47697,10.321586,18.71045,11.290893,12.730257,16.931587,8.812878,16.928137,21.442299,30.691652,23.093224,18.148745,16.983612,21.963392,16.091515,13.299052,27.362505,17.511541,16.536467,9.901688,16.8031,9.3097515,17.899511,8.213878,26.509993,24.117336,11.681446,8.980742,20.110336
238,21.197733,27.163036,21.921158,8.871937,15.986235,18.371609,17.273596,13.035246,22.90474,15.349046,15.700159,18.717836,10.626604,21.605415,22.116394,29.329401,19.05401,17.851664,12.816852,18.308508,7.8943214,5.07301,25.417372,20.119062,22.774824,15.665436,19.18466,15.503082,14.240907,14.627323,23.148106,24.10199,13.27281,11.164688,21.08734
239,17.81356,33.091064,22.4578,4.6255507,35.72773,3.5147622,25.531794,12.702498,5.80988,4.5725727,13.88554,13.9715,10.880369,19.702988,14.787913,26.674778,33.684944,18.800665,26.30382,24.466291,20.939934,16.162594,30.897036,23.897448,20.449615,12.806921,6.5753994,10.55758,26.763403,15.297917,30.26025,27.119205,19.071766,9.346836,22.462774
240,17.767601,31.89743,22.067669,5.444812,34.334908,4.0567484,24.753977,12.220516,6.3056016,4.7465563,13.096287,13.939508,10.367384,18.769564,14.960342,26.307878,31.75813,18.460953,25.081316,23.9043,20.447289,15.840683,29.809784,22.753845,19.127703,12.076604,7.0073195,10.114477,25.687757,14.010512,29.234396,26.246975,18.071085,9.237391,21.83964
241,27.979568,28.174282,28.699615,22.077671,31.966696,11.994619,22.071718,10.183289,13.653776,3.439838,8.66156,15.168303,8.400563,16.466188,16.493748,27.101564,25.969349,23.371893,19.355175,21.65361,19.305044,16.57943,27.313265,23.424065,13.86747,9.936455,12.3211355,7.7543206,16.990774,7.2348275,27.289927,24.719057,12.564981,12.7958355,21.394371
242,25.574211,26.087357,24.406368,14.634153,24.439642,24.774193,15.92961,9.979216,30.353104,17.52296,13.019185,19.527086,8.214179,19.109972,24.968994,32.55043,18.37209,17.28964,9.729441,16.790152,7.4435167,6.711739,24.364658,16.811628,20.14495,12.767657,26.164034,12.28931,10.894408,9.101539,22.445164,22.114132,9.559177,9.290016,18.702724
243,22.385113,24.57367,23.06296,13.119247,18.405266,29.32011,17.373224,10.991155,32.432514,24.296545,7.475213,26.597927,7.8357344,18.349686,31.524057,34.715866,9.506212,19.310854,8.412484,20.24665,8.074034,6.009778,23.37878,15.308003,12.681826,11.815361,31.67015,17.33821,18.90217,2.7878695,20.670992,24.278984,11.673944,11.375232,22.99234
244,19.03001,33.021706,22.85514,3.47996,31.15678,2.2256875,23.767843,13.531004,4.522823,4.4887753,18.595215,12.131495,12.698746,22.789934,11.096816,22.659243,35.941956,19.076344,25.843294,21.754978,17.168661,12.714133,31.17658,27.90966,25.689505,16.793371,3.842821,11.613237,21.24988,21.6592,30.156912,27.216475,19.324152,10.533475,22.273466
245,19.449608,31.384518,22.289959,4.9859023,28.11557,4.5962286,22.029726,12.898483,7.7269416,6.2035403,18.749155,12.375975,12.0042515,21.949074,12.526492,23.275253,32.509052,18.125101,22.808298,20.5086,15.153908,11.216949,29.545038,25.47093,25.007027,15.979195,6.10372,11.090633,18.281853,20.350498,28.417921,25.73386,17.070398,10.111331,21.019484
246,23.880123,29.038834,23.435823,9.9362335,21.922228,18.182104,17.41238,12.205112,24.325743,13.815709,18.351862,16.647718,10.684028,21.921392,21.220266,30.678474,23.661737,16.950481,13.3362665,17.679216,8.041524,5.865956,27.120249,20.300709,25.90376,15.362555,19.087767,12.934661,11.627469,16.167784,25.11,23.896,11.753169,10.115229,19.42116
247,25.37458,26.396948,24.447247,14.357678,22.787016,24.461777,16.350285,10.588495,29.773684,17.732998,13.194755,20.087755,8.590341,19.618671,25.220167,32.562416,18.019323,17.879686,10.116397,17.356936,7.602192,6.458892,24.757368,17.498226,20.147045,13.205017,25.805164,13.114613,11.858695,9.515265,22.737226,22.81232,10.227644,10.069928,19.54162
248,26.921505,27.107332,27.622383,21.574041,31.66579,12.490043,21.275568,9.66207,14.259432,3.538395,7.5456405,14.891846,7.6709924,15.730519,16.590042,26.962336,25.06791,22.352041,18.747925,20.795465,18.937164,16.591583,26.120985,21.995348,13.1076565,9.246153,12.931139,7.4285035,17.038258,6.4611125,26.129492,23.62165,12.2951975,11.859068,20.455294
249,18.477245,31.934784,22.127491,4.1182942,31.133245,3.4485407,23.182764,12.732504,6.052927,5.1382637,17.048695,12.442061,11.772914,21.19386,12.458838,23.680882,33.41914,18.269564,24.19728,21.696032,16.98931,12.671733,30.059889,25.403618,23.75993,14.989186,5.366485,10.972542,21.197882,18.916332,29.09955,26.256783,17.86022,9.917916,21.484802
250,23.230457,28.680773,24.112091,12.448238,28.600445,16.794857,20.67333,10.438967,21.095505,14.430157,13.42052,18.577927,9.208305,17.559849,23.06712,30.915537,20.591244,18.402563,14.965673,21.578863,13.932721,11.130909,27.206814,17.6082,16.544886,10.681879,19.187334,10.750735,16.637508,7.947187,25.930613,24.486557,11.01664,9.8833685,20.706617
251,23.572449,25.61346,23.66434,13.685489,22.417755,25.04794,18.029943,10.038086,28.747778,21.216608,10.0798435,23.291224,8.00643,17.608013,28.162361,32.678986,13.484742,18.600897,10.171879,19.958351,9.561621,7.6443615,24.583504,15.813837,13.525015,10.985665,27.547682,13.916908,16.609545,4.3980265,22.455439,23.81807,10.349348,10.735373,21.38635
252,26.329891,28.38407,27.3984,19.117373,30.084623,11.671053,22.668962,10.36737,13.51408,7.7101083,10.882859,16.67484,9.219803,16.309319,18.513199,27.027004,22.348753,22.652828,18.130806,23.215784,18.721043,15.217082,27.628313,22.000698,13.350483,10.226965,12.60061,8.771827,15.927094,6.90568,27.340973,25.348164,11.48041,12.978586,22.210745
253,21.861092,30.28502,24.302778,11.840681,32.3561,8.649641,23.39749,11.324677,11.392198,5.6510453,11.717779,15.241695,9.458002,17.40778,17.387848,28.139538,27.404728,19.72118,21.34298,23.19393,19.468666,15.488745,28.615255,21.1889,16.552309,10.591042,10.76409,9.177016,21.636766,10.072878,28.1451,25.393631,14.769896,10.370485,21.348478
254,23.203405,30.137987,22.917574,9.205016,16.844625,13.172195,17.793386,14.099587,19.93101,10.256707,22.346403,14.059805,11.7367325,23.930616,17.860554,28.4049,27.200245,17.029573,16.02525,17.356266,8.096423,5.49126,27.909943,22.626884,29.694904,17.714663,13.876005,12.606832,10.734321,22.586119,26.07186,24.13752,13.44196,10.56909,19.384102
255,23.293745,30.916819,23.711613,8.936755,18.760912,8.575839,19.548416,14.140785,13.8540535,9.134143,24.302763,12.994978,12.804258,24.182934,14.405686,24.232794,29.882301,18.363628,18.845703,18.439138,10.123712,7.1002116,29.033037,25.258032,28.713526,18.590416,9.370726,11.426792,10.615565,24.22296,27.467957,25.055609,14.393702,11.101768,20.398163
256,20.51987,31.654324,23.188046,6.5101995,30.59036,6.2442102,22.41421,12.473169,9.5205,5.9919853,17.164644,13.197134,11.661991,21.09837,14.031006,25.33101,31.891815,18.53292,22.130894,21.41366,15.957231,12.00288,29.818434,24.603987,23.696354,14.651674,7.700196,10.732326,19.12266,17.512518,28.730131,25.986366,16.244484,10.191227,21.196218
257,18.95472,29.815182,22.852398,11.9732485,34.40186,7.3956194,25.573706,10.942337,9.264055,5.387539,6.7498565,16.45567,7.307993,14.336363,19.559168,29.72354,25.235386,19.510265,23.855425,25.458603,24.210144,19.702372,27.890654,17.896456,10.63969,7.1595488,11.381364,8.367626,28.243093,5.694876,28.109226,25.14128,16.236942,9.357507,21.704454
258,23.642805,29.360888,24.924799,13.815453,30.750063,12.815181,21.867092,10.630226,16.550909,9.5258875,13.064621,16.476143,9.433533,17.204971,20.02457,29.43801,23.698921,19.431225,17.47204,22.424677,16.543098,13.34994,27.846594,19.36273,16.601727,10.399564,14.710962,9.290432,17.241003,8.68211,27.075829,24.75345,11.697703,10.326725,20.83497
259,18.629316,33.254135,22.701887,3.7368321,33.946503,3.2493138,24.354292,13.003638,5.923903,4.7021174,16.875465,12.829882,12.008913,21.465683,13.011493,25.021475,35.044888,18.672115,25.433832,22.926516,18.305128,13.743697,31.219831,25.862524,24.062267,14.888824,5.4427133,11.117384,23.187037,18.67495,30.283335,27.183384,18.643822,9.851435,22.16913
260,18.131895,32.697666,22.045975,3.178258,32.761078,3.3975706,23.659218,12.837194,6.293694,5.1293187,17.250614,12.545225,11.91856,21.366241,12.917424,24.646769,34.327156,18.02254,24.630476,22.245363,17.356949,12.919644,30.661207,25.232775,24.299675,14.856361,5.5724,11.093361,22.298033,18.902624,29.653997,26.637758,18.157438,9.547786,21.62504
261,24.614342,28.747082,24.098984,11.48498,21.006414,16.141628,17.495989,12.267305,21.69942,12.613341,19.214655,15.55402,10.876854,21.92353,19.14405,28.398947,24.160374,17.832396,14.0451565,17.308123,8.516356,6.3015695,27.017233,21.629324,25.87343,15.9190855,16.768757,12.255209,9.819955,17.494339,25.317797,23.757607,11.771432,10.775148,19.439287
262,22.058285,29.365679,23.136787,9.858951,29.424803,15.392161,20.25043,10.809787,20.46654,13.092383,14.951351,16.97767,9.672339,18.588917,21.589455,30.739388,23.233414,17.102062,15.693888,20.775597,13.329558,10.6271105,27.43651,18.003235,19.875074,11.73268,17.586563,10.7836895,16.193907,10.726577,26.08616,24.124176,11.780972,8.806098,19.846529
263,24.21283,31.26173,24.961039,9.792021,23.218248,7.565501,20.484255,13.468698,11.732572,7.651722,22.580492,12.727465,12.969114,23.68275,13.056476,23.39164,31.16604,19.623705,19.892426,19.209951,11.991092,8.671725,29.723314,26.989187,27.613834,18.079458,7.8083878,11.0727215,11.339556,22.56966,28.352436,25.781471,14.666471,11.878908,21.061659
264,26.967005,28.271378,28.244156,21.001085,32.677536,10.244967,22.980541,10.242674,11.110369,2.957734,7.503884,15.2675,8.355273,16.050123,15.974595,26.415915,25.932995,23.586824,20.901264,22.613722,21.033573,17.755579,27.442633,23.902723,12.902317,9.966469,10.747936,7.97714,18.68915,6.964854,27.603401,25.06889,13.735461,13.133993,21.956343
265,18.509687,31.561977,22.656242,7.927072,34.888435,5.333026,25.466566,11.852854,7.476342,4.9972744,10.812314,15.183677,9.3982115,17.161283,17.059967,28.160555,29.407225,19.096811,24.78833,25.048082,22.291712,17.499435,29.541067,21.070414,15.928739,10.211388,8.698233,9.605427,27.059664,10.634742,29.250113,26.23999,17.439955,9.487466,22.130888
266,21.826973,30.80473,22.990627,6.1704454,14.4285145,3.7031395,19.880701,15.464054,7.3379884,7.629626,26.69831,11.69096,14.11245,26.164612,9.681361,18.49827,32.889107,19.012642,22.00674,17.370176,10.41294,6.880424,29.21703,29.241657,29.564295,21.682566,4.128044,12.113653,11.151904,29.377869,27.573065,25.495758,17.714893,11.772978,21.148691
267,18.251823,32.878803,22.543896,4.3636136,34.667076,3.4238558,24.74222,12.706403,5.839091,4.60151,15.244185,13.325454,11.381664,20.38599,13.761856,25.57611,34.02813,18.700735,25.569113,23.54003,19.45559,14.842259,30.806623,24.751915,21.989002,13.735975,5.969063,10.702956,24.576117,16.711824,30.029276,26.950342,18.586922,9.589035,22.177351
268,23.232748,27.72134,24.701824,14.814587,30.056532,11.171294,21.214396,10.154483,13.491834,7.05802,10.482873,15.281434,8.731345,16.649477,17.207508,26.524189,24.139118,19.988169,18.425968,21.012527,17.314499,14.25201,26.517633,20.793018,15.132791,10.367534,12.429199,9.003184,17.636015,8.599048,26.023048,23.909382,12.856802,10.841985,20.427973
269,17.865965,32.3522,22.364014,5.695875,35.31044,3.844933,25.420387,12.31698,5.992741,4.6023498,12.778018,14.224582,10.316422,18.641714,15.31166,26.822134,32.068516,18.79989,25.735308,24.623377,21.353954,16.584415,30.2169,22.815168,18.733797,11.854687,7.015355,10.0654335,26.646906,13.648551,29.730078,26.626635,18.381886,9.32427,22.225008
270,24.229908,28.461239,26.174778,17.885172,32.564537,9.811646,23.260551,10.382646,11.368892,3.974454,7.721185,15.486496,7.973659,15.505184,17.20644,27.467464,25.507523,21.759184,21.138794,22.95828,21.161188,17.746693,27.229055,21.35589,12.4353485,8.988843,11.474924,7.9208794,21.096039,6.696573,27.301683,24.661747,14.0408325,11.456034,21.40619
271,23.112257,30.381746,23.037409,8.334627,17.824553,12.464796,18.053835,14.014606,18.755949,10.319641,22.810886,13.901484,12.263519,24.166227,17.02847,27.386633,27.865574,17.249205,16.381248,17.401472,8.208709,5.4468637,28.32984,23.473585,29.77528,17.974133,12.994593,12.773298,10.779046,22.785257,26.436884,24.539366,13.665911,10.750791,19.692629
272,22.722998,28.186642,22.586544,9.048006,18.478285,20.165117,16.839846,12.812782,26.0276,15.893132,17.183325,18.388552,10.567186,22.277296,22.999355,31.414774,20.797592,17.012236,12.25456,17.59375,7.0170717,4.6569963,26.17505,19.747284,25.477764,16.015234,21.093813,14.9715185,12.546193,15.704266,23.86271,23.931784,12.538107,10.456735,20.148363
273,24.373638,28.156693,23.552574,11.271198,21.830717,18.35181,16.766237,11.653393,24.472164,14.250525,18.393705,16.205101,10.120372,21.424946,20.689135,29.703903,23.074127,16.783112,12.885331,16.737251,7.7640715,6.0778646,26.226435,19.82734,25.443632,15.384691,19.383963,12.10005,9.631669,16.321226,24.429045,22.924976,11.185217,9.681679,18.643904
274,18.421074,31.858982,22.254044,4.8535147,32.556778,3.9951103,23.728651,12.433819,6.481133,5.159795,15.498356,13.142141,11.25466,20.159319,13.583049,24.785334,32.523663,18.400936,24.211092,22.56349,18.227047,13.8296585,29.937738,24.2662,21.777298,13.735927,6.243926,10.585019,22.672249,16.61433,29.102621,26.243532,17.6628,9.67409,21.617968
275,19.005415,32.184643,22.620361,5.2986712,32.808067,4.901413,23.734818,12.541287,7.7321224,5.358189,15.630428,13.488998,11.2848,20.378487,14.288567,25.798449,32.609726,18.45997,23.95388,22.653284,18.15401,13.815584,30.190115,24.09663,22.087845,13.717105,7.1150103,10.645906,22.701117,16.419224,29.293633,26.389286,17.550173,9.66767,21.647902
276,28.722576,29.21559,27.998735,18.134808,26.187843,13.75778,19.216019,11.380402,18.039572,7.6800737,17.523977,14.274668,10.994456,20.23202,16.663923,27.104362,25.826214,21.351667,15.044389,18.852541,12.05837,9.5076065,28.234564,24.079784,22.8044,13.869434,13.298502,9.7936325,8.714498,14.079768,27.306095,24.781666,10.180069,12.975344,20.358473
277,18.935984,30.774952,23.273205,12.414728,35.803658,7.097661,27.006504,11.226967,8.985032,5.812882,6.4730015,17.272413,7.141768,13.947256,20.831245,31.06594,25.204416,20.044542,24.929047,27.067907,25.959373,21.076187,28.718039,17.369394,9.584599,6.447207,11.784453,8.187429,30.17873,4.769097,29.116877,25.901125,16.62294,9.43909,22.471266
278,27.059683,30.247663,27.335463,14.564794,26.21601,8.596771,20.41036,12.288785,11.505486,5.861191,19.195633,12.747027,12.364118,22.143703,12.444953,22.990105,30.0307,21.811075,18.884186,19.154577,13.260339,9.9343,29.41786,28.321754,25.089363,16.607792,7.6559525,10.613041,9.856129,18.734936,28.480492,25.890644,13.343704,13.657864,21.424303
279,28.435833,25.137447,26.88784,20.780695,26.685278,25.897903,16.377848,8.932433,30.514744,15.907275,9.960842,19.93432,7.0243864,17.133318,25.179401,32.46712,17.51976,19.474297,9.3932495,17.198484,9.154193,8.979304,23.94253,16.8499,15.705442,10.475523,27.181786,10.464733,10.85501,4.947309,22.512428,21.964758,8.142027,10.26433,18.94325
280,19.26756,30.086735,21.641994,6.605074,30.01257,9.564215,21.409412,11.307378,13.839193,10.143943,15.974028,14.568684,10.215076,19.172909,17.677856,27.391499,27.068954,16.718363,19.358788,21.112595,14.942295,11.702369,28.039349,19.92412,21.172735,12.560737,12.008982,10.380886,18.351786,14.255088,26.939838,24.434082,14.067854,8.473537,19.981012
281,18.30775,31.638432,22.800518,9.576493,36.50614,5.8583393,26.794209,11.599655,7.9406366,5.0835624,8.150769,16.385538,8.163807,15.399149,19.313782,30.395636,27.746428,19.458317,25.539707,26.64058,25.038954,19.949398,29.492777,18.991451,12.536978,7.9963036,10.166626,8.971145,30.127222,7.319839,29.605757,26.346497,17.553253,9.315363,22.469809
282,19.446411,31.434837,22.253963,4.8130293,27.630764,4.618,21.984093,12.994163,7.8114276,6.734536,19.409697,12.443792,12.159764,22.208885,12.577221,23.0962,32.421192,18.10046,22.71759,20.471949,14.859478,10.952318,29.575052,25.535675,25.348925,16.31338,6.1591434,11.20919,17.82178,20.877247,28.40128,25.75948,17.031534,10.096298,21.074911
283,18.353724,30.727596,22.36065,9.445402,34.81478,7.027281,25.499605,11.25298,9.460793,6.211615,8.935499,16.236141,8.219472,15.4271,19.416435,29.896048,26.343174,18.798178,23.64537,25.492233,23.079407,18.403358,28.663084,18.26306,12.971929,8.131084,10.986042,9.034702,27.783487,7.363091,28.582876,25.595358,16.287508,9.034573,21.759432
284,20.84708,28.452465,23.639675,14.244416,32.839386,9.708749,23.663214,10.277447,11.803518,5.948456,7.223475,16.137726,7.2868643,14.548591,19.166758,28.859028,24.100163,19.649183,21.333084,23.586071,21.639196,18.038372,26.783175,18.11631,11.23617,7.6317105,12.730915,8.11353,24.119638,5.6503963,26.816723,24.165321,14.403567,9.578363,20.87494
285,18.935064,32.5535,23.09874,5.5599627,34.65078,3.4986012,24.802696,12.546295,5.515178,4.3194103,14.665747,13.470567,11.302358,20.05053,13.560479,25.136076,33.545364,19.301054,25.469902,23.666006,19.797083,15.191741,30.636442,25.085413,21.095402,13.596812,5.81617,10.485965,24.141949,15.987057,29.95078,26.949352,18.33427,10.035083,22.37012
286,18.148731,33.189777,22.250765,2.9130075,33.574326,3.0485594,24.084507,13.003477,5.87773,4.935942,17.401934,12.564627,12.103386,21.635908,12.806744,24.756935,35.123833,18.237982,25.249413,22.595707,17.760788,13.2273655,31.119871,25.72679,24.644737,15.072621,5.2833886,11.226101,22.86455,19.258944,30.121887,27.023432,18.590351,9.617803,21.932669
287,23.694254,29.87653,23.479961,9.164724,17.139196,11.275654,17.897123,13.8960905,16.928743,9.694392,23.24431,13.334124,12.420376,24.109695,15.380736,25.340948,27.97528,17.829184,16.55673,16.818687,8.364499,5.5425406,28.064587,24.448254,29.342957,18.386309,11.485507,12.287754,9.313441,23.29615,26.326773,24.32278,13.636347,11.257363,19.622322
288,21.27984,31.139107,23.079006,6.051114,23.168465,4.8458576,20.827543,13.66696,8.333685,7.2197304,22.522078,12.0194645,13.083699,23.898413,11.34053,21.327532,32.55878,18.654379,21.77907,19.02912,12.6138525,9.007996,29.47376,27.355408,27.571436,18.589853,5.561202,11.459885,13.74011,24.11634,28.07111,25.62455,16.610912,11.013984,20.997038
289,19.756035,30.925312,22.25061,4.405373,22.452065,2.3976197,21.184565,14.004364,4.9991803,5.7095113,22.068369,11.283796,13.141307,23.973896,9.352355,19.18215,33.92124,18.577906,23.606651,18.77579,13.487674,9.65574,29.299929,28.341022,27.01118,19.02305,3.208801,11.520283,15.524655,25.267202,28.019001,25.584173,18.289436,10.839463,21.09479
290,23.975542,29.66613,23.649338,9.740719,17.490232,12.044498,17.73953,13.687811,17.691862,9.924639,22.616789,13.573347,12.18367,23.809315,15.895183,25.846014,27.336842,17.90314,16.073383,16.777422,8.331513,5.574246,27.8789,24.117113,29.012947,18.026663,12.205952,12.331198,9.157754,22.50458,26.172039,24.214249,13.289325,11.33506,19.55661
291,22.247736,26.108772,22.614662,10.991102,25.738647,25.496578,17.493185,10.034554,30.429338,21.94448,10.953726,22.31779,8.165537,18.066982,28.308533,33.978508,14.137188,16.79921,9.923525,19.330235,9.481582,7.873058,24.176004,14.699624,17.260574,12.1286,27.802273,14.341273,14.33068,6.096612,22.10394,22.907455,10.577997,8.611116,20.241068
292,18.094173,32.274452,22.509666,5.953697,35.103325,3.6860678,25.3165,12.347616,5.758798,4.178136,12.729716,14.028894,10.346117,18.736214,14.905667,26.521547,32.32049,18.934616,25.81898,24.436453,21.316427,16.56894,30.17917,23.190311,18.873993,12.034008,6.6868496,10.007075,26.403177,13.879725,29.70735,26.590372,18.463785,9.477631,22.192152
293,20.239485,24.72865,21.33262,9.957422,15.124164,23.570827,16.527079,12.163669,27.167171,19.393057,10.346181,22.462751,9.15082,19.615509,26.439896,31.445135,12.281663,18.20866,9.747907,18.814241,7.5567856,4.8714547,23.11285,17.164713,17.648045,13.860249,24.671925,17.30055,16.229042,8.274105,20.596584,23.550495,12.670629,11.241368,21.874868
294,18.67058,31.46862,22.765888,8.0445175,34.609394,5.3552856,25.343668,11.835375,7.4365344,5.2590094,11.14872,15.150869,9.527077,17.296328,16.877808,27.76353,29.29747,19.210535,24.59507,24.907171,21.973251,17.24126,29.50345,21.30787,16.095789,10.435701,8.618212,9.647705,26.440748,10.88046,29.187208,26.242716,17.27224,9.620976,22.17255
295,18.3217,30.19641,22.34996,10.766928,34.98886,7.7773056,25.778515,10.8505945,10.194753,7.1351867,7.6172347,16.906843,7.3882346,14.256612,20.659676,30.537632,24.560379,18.845388,23.403498,25.958033,23.90429,19.386402,28.12417,16.770302,10.782814,6.9541745,12.208237,8.461826,28.24383,5.4382133,28.249453,25.227234,15.755723,8.749342,21.672792
296,18.285995,31.010006,22.569149,10.143171,35.650486,6.929392,26.34021,11.311071,9.238436,6.148437,7.9901605,16.727924,7.81264,14.83226,20.212603,30.699808,26.074038,19.150219,24.409687,26.369322,24.465015,19.640741,28.88035,17.713009,11.678267,7.3654404,11.348704,8.776967,29.305166,6.3218246,28.99723,25.852373,16.590237,9.023638,22.115026
297,25.964975,26.616737,25.36332,16.084862,27.360615,21.0638,17.75554,9.579834,25.652128,15.082112,12.525557,18.465364,8.498636,17.749317,23.072584,30.81087,19.136318,18.588835,11.564662,18.585825,10.672567,9.272644,25.25555,17.808285,17.71056,11.481012,22.309893,10.782364,11.520835,7.617187,23.851755,22.81827,9.259182,10.028482,19.35794
298,24.24813,26.13464,24.471931,16.125666,25.258492,20.175198,19.068748,9.769928,23.680178,14.797387,9.983875,19.84758,7.8881083,16.349264,24.377197,30.934439,16.938198,19.13458,12.61579,20.499044,12.577515,10.532777,24.996487,16.606949,13.336895,9.6278515,22.169516,10.904784,16.024734,4.898467,23.682425,23.335327,9.844172,10.580048,20.4802
299,21.997486,29.371536,24.747475,14.308025,33.165447,7.6958,24.090126,10.928291,9.266291,3.5100079,8.110455,15.224161,8.298349,15.849804,16.749784,27.485762,26.989956,20.781431,22.872267,23.669836,22.08876,18.05085,27.86504,21.30437,13.239698,9.329753,9.945171,8.379005,23.8016,7.934833,27.888617,25.07985,15.659718,10.807944,21.574438
300,28.950815,28.591782,29.01997,19.635443,29.615364,10.864218,20.67339,10.676176,12.658079,4.9546127,13.853444,13.973316,10.808559,19.070732,13.881226,23.977966,26.865608,23.43262,17.517956,19.987865,15.537196,12.45705,28.254618,26.905909,19.20903,13.318001,9.571118,9.4224615,10.66624,11.752948,27.758768,25.419537,11.603888,14.330836,21.596006
301,23.314167,30.31311,23.490929,8.879467,22.30041,12.135792,18.4588,13.082548,17.920446,8.866107,20.585726,13.49721,11.824338,23.27672,16.360844,27.432783,28.822227,17.495085,16.90683,17.83486,9.628085,6.9053636,28.32641,23.758106,28.72776,16.97262,12.412132,12.0478,11.629403,20.819744,26.612574,24.471651,13.58627,10.574878,19.558771
302,21.97079,29.386269,24.573334,14.06283,33.00972,8.790413,23.79115,10.83201,10.824842,4.7286754,8.766629,15.555973,8.323045,15.9318,17.704023,28.196764,26.29372,20.368479,21.938835,23.557201,21.268366,17.418411,27.805721,20.491056,13.558338,9.177589,11.127847,8.503614,23.146082,7.7293077,27.700308,24.960564,14.950279,10.449947,21.38279
303,27.139881,28.989763,27.20166,17.401968,30.22809,14.101496,20.655958,10.339855,18.029293,9.194165,14.754789,15.783186,10.081242,18.007349,18.834875,28.393442,23.857866,20.796076,15.488507,21.080793,14.650873,11.98622,27.882872,21.372364,18.34321,11.520645,14.634056,8.945683,11.949281,9.513721,27.073843,24.676971,9.848559,11.639402,20.649166
304,18.210613,31.711597,22.417727,6.291759,34.09305,4.1622047,24.842966,12.158583,6.2028337,4.7777896,12.826231,14.124896,10.289867,18.548119,15.008593,26.117132,31.269588,18.859121,24.998085,24.017138,20.69466,16.066408,29.724596,22.852955,18.506454,11.95789,7.051577,10.000115,25.405777,13.584531,29.21525,26.275639,17.884455,9.545372,21.998878
305,23.781406,29.90392,24.793898,11.300354,27.892857,9.681777,20.405928,11.743829,13.33116,6.8859115,17.130646,13.430372,11.238625,20.676493,14.762127,25.39042,28.830072,19.331854,18.641348,19.647812,13.714995,10.590341,28.456194,24.190962,23.211288,14.435667,10.057564,10.223966,13.921177,16.108078,27.369146,24.890305,13.459225,11.142371,20.389105
306,23.454025,30.284369,23.73774,9.386127,23.024607,12.327944,18.96736,12.7803,17.815218,9.791919,20.357172,14.052498,11.79088,22.521832,17.041805,27.473076,27.656101,17.823988,16.655676,18.561106,10.188287,7.3773527,28.44347,23.080166,27.148157,16.122263,12.847558,11.7698555,11.812511,19.246004,26.815762,24.691326,12.9215,10.682488,19.902168
307,18.218122,31.664156,21.934402,4.8477097,31.917835,4.8772564,23.450754,12.395229,7.662469,5.999106,15.440286,13.480146,11.018301,20.096674,14.437825,25.439638,31.732983,18.03306,23.700275,22.370693,17.865017,13.608836,29.660341,23.439829,21.685038,13.513273,7.2975163,10.714365,22.672228,16.382044,28.770418,26.001497,17.450882,9.409969,21.402102
308,26.184826,28.170618,26.748827,17.603724,29.972612,14.799239,20.918097,10.189204,17.505064,9.113591,11.302116,16.762306,9.111765,17.244267,19.413574,28.492712,22.862402,21.207422,16.472303,21.128654,15.987135,13.23031,27.19217,21.154778,15.697323,10.633465,15.64431,9.661669,15.523349,7.7195706,26.493662,24.645254,11.388472,11.8784485,21.099653
309,25.933487,29.175488,27.438858,19.64189,32.938545,12.775471,23.593542,10.304571,15.084528,7.502623,9.294317,17.174294,8.205494,15.652219,20.199839,29.607363,23.582277,22.356665,19.418753,23.76065,20.306793,17.152803,28.02887,20.321825,12.197315,8.639409,14.8167715,8.251835,19.619455,5.5520263,27.951128,25.404984,12.346481,11.684304,22.060385
310,18.08872,31.544334,22.629997,9.267997,36.519234,5.470934,26.709826,11.57475,7.462156,4.7263303,8.0851555,16.140223,8.164615,15.408502,18.877872,30.04185,28.023582,19.342052,25.687887,26.490984,25.035835,19.91692,29.39382,19.145998,12.663664,8.095398,9.733609,8.931908,30.171043,7.54236,29.515358,26.23787,17.71863,9.259963,22.358015
311,24.257935,30.246273,24.567276,10.176006,24.179789,10.721191,19.113516,12.614796,15.483339,8.021809,20.390795,13.101385,12.084305,22.70256,14.775058,25.521803,29.386215,18.666403,17.520588,18.089964,10.844649,7.956263,28.674852,24.91983,27.049877,16.491217,10.735274,11.249148,11.290813,19.795008,27.196348,24.830761,13.384786,11.221502,19.973925
312,24.810497,27.605057,26.465034,19.666185,33.05021,11.001834,22.667477,9.828113,12.5556755,3.5315533,6.329305,15.324144,7.1580586,14.919731,17.292355,27.631294,25.235912,21.810583,20.670025,22.10924,21.204224,18.360905,26.357716,20.769405,11.510477,8.292866,12.553079,7.3354363,20.809164,5.65532,26.560007,23.866554,13.705724,11.086325,20.786129
313,22.217644,31.048603,22.97365,6.7871246,9.700867,4.2243,19.59757,16.688309,8.584051,8.220973,28.419619,12.15011,14.232567,27.320017,10.490867,19.19251,32.56393,19.091215,22.005539,17.043242,9.517406,5.9789047,29.249376,29.312096,30.880281,22.953085,4.859391,12.704975,10.744435,31.734606,27.487038,25.55812,18.360096,12.097876,21.321682
314,17.70681,32.148518,22.089611,4.9994006,34.474186,3.8855002,24.82206,12.317785,6.171351,5.0461254,13.756176,13.885239,10.630985,19.114662,14.804303,26.095573,32.153255,18.462397,25.159286,23.913778,20.197075,15.584453,30.052767,23.064823,19.699543,12.41444,6.844902,10.262871,25.45722,14.5960045,29.41897,26.432657,18.132627,9.23185,21.959402
315,22.803352,24.486628,22.89278,12.8054905,19.331451,29.38527,16.57846,10.458681,33.09045,23.954554,8.514123,25.586191,7.655295,18.328995,30.823114,34.47025,10.773039,18.287779,7.9302454,19.04473,7.0656576,5.4709735,23.273088,14.860726,13.737142,11.694494,31.817648,16.329142,17.441607,3.528243,20.582022,23.521248,10.877324,10.649094,21.745602
316,18.810078,32.72404,22.737837,4.2084184,33.19931,3.2263665,24.004305,12.85351,5.6504707,4.5577993,16.62361,12.679215,11.932773,21.31435,12.557212,24.285162,34.56885,18.8019,25.122768,22.537521,18.034832,13.552776,30.81159,26.046337,23.719086,14.945082,5.1864986,11.029156,22.47214,18.57767,29.90022,26.918007,18.420877,10.069933,22.043005
317,22.037632,30.887611,22.987059,6.5913563,14.373959,4.8236456,19.68265,15.439201,9.006125,8.031697,26.45711,12.038312,13.86521,26.021694,10.857462,19.974258,32.210686,18.75928,21.301672,17.524817,10.077082,6.6157107,29.165358,28.376553,29.825998,21.315557,5.364064,12.190685,11.102586,28.801382,27.47708,25.400717,17.203957,11.668177,20.98886
318,22.80666,28.595196,23.571522,11.048109,27.118345,13.440702,19.4709,10.9213,17.836557,10.894145,15.560188,15.283618,10.0357685,19.326023,18.430399,27.671064,24.416122,17.918474,16.135586,19.435553,12.63499,10.036353,26.978361,20.480839,21.162859,13.047216,14.589754,10.598526,13.82636,13.14702,25.730566,23.803305,12.050207,9.905252,19.675013
319,20.925419,30.110807,23.116848,8.70744,29.559631,8.2301855,21.694439,11.635125,11.584248,7.5411315,15.738727,14.010057,10.714112,19.486689,15.739566,25.866087,28.224396,18.403776,20.07537,21.20376,15.652612,12.111869,28.400282,22.325401,21.04401,13.143938,9.824831,10.151182,17.66094,14.624444,27.441473,24.967564,14.3814335,10.016612,20.653833
320,26.976759,28.162079,28.127068,20.721783,32.3375,10.205335,22.629625,10.2426405,11.161713,2.7169404,7.781859,14.985985,8.475669,16.285099,15.563336,26.132704,26.198719,23.384884,20.690203,22.272394,20.518486,17.31673,27.31864,24.110445,13.480982,10.278563,10.493701,7.9751477,18.151379,7.430858,27.411451,24.9003,13.66306,13.081093,21.741976
321,22.541632,31.289669,23.718508,8.254448,23.997675,8.555022,20.580397,13.333215,13.220557,8.283828,21.162949,13.298262,12.343289,22.974426,14.872457,25.41731,30.317636,18.494991,19.661335,19.696167,12.199188,8.889291,29.458128,24.903456,26.922386,16.825304,9.421917,11.388144,13.812615,21.015041,28.015871,25.56405,14.755019,10.868134,20.780653
322,29.003593,26.462914,29.006332,24.791033,31.977089,14.377661,20.58285,9.155858,16.168737,3.390657,6.8934207,14.924525,7.285091,15.569985,16.782959,27.179058,24.608654,23.20157,17.613419,20.032269,18.439152,16.706366,25.637291,22.31876,12.77395,9.050222,14.252424,6.976945,15.060431,5.592743,25.721636,23.228569,11.267439,12.280346,20.207354
323,21.858501,31.000372,22.683544,6.126731,8.889605,3.637532,19.50072,16.875214,7.917628,8.103613,28.985962,11.911768,14.421091,27.617712,9.903073,18.463865,32.98531,18.931824,22.25282,16.740791,9.294457,5.7183633,29.210794,29.632011,31.143093,23.360212,4.263961,12.78076,10.752098,32.540024,27.398832,25.506338,18.718239,12.009117,21.266201
324,23.239937,29.874187,23.068703,8.253275,22.423319,14.99546,17.776352,12.542759,21.31074,12.360513,20.853647,14.787142,11.5034075,22.86151,18.632069,28.679937,26.543325,16.55668,14.9679,17.360493,8.244738,5.912106,27.85626,21.69814,28.112885,16.453676,15.804296,12.332586,10.785686,19.385012,25.933418,24.018963,12.454467,9.741003,19.110018
325,23.242378,29.719807,23.113047,8.198807,18.774323,11.531557,17.590437,13.464053,17.173044,9.595799,22.642271,13.071688,12.371776,23.97116,15.182741,25.38894,28.302307,17.316694,16.301619,16.416409,8.187927,5.44566,27.914995,24.314026,29.617123,18.142916,11.595219,12.399971,9.485083,22.842133,26.11917,24.115784,13.598478,10.862628,19.260586
326,23.528965,24.85513,23.472845,13.743506,20.53517,29.062021,17.177206,10.178453,32.76794,24.015099,8.726183,25.584936,7.5273476,17.985909,30.912622,34.51489,11.268391,18.592524,8.449096,19.518652,7.8379927,6.262625,23.793455,14.888817,12.89694,11.183092,31.788954,15.56415,17.67967,3.0818374,21.228033,23.767101,10.57798,10.720392,21.82831
327,19.318401,31.875101,22.382282,4.327473,28.848822,3.784305,22.391052,13.080289,6.8114843,5.5469584,19.008448,12.11878,12.316139,22.239208,11.93645,23.037073,33.615204,18.252224,23.466927,20.75398,15.452885,11.33573,30.046627,26.168823,25.45838,16.236275,5.2584953,11.178316,18.881865,20.839426,28.904898,26.124805,17.535286,10.196339,21.258547
328,20.7322,30.696157,24.216537,11.750239,34.300423,5.9558887,25.35719,11.509596,7.4769344,3.8821068,9.136221,15.414306,8.925635,16.339539,16.818626,27.729132,28.096626,20.58155,24.381298,24.971197,23.142399,18.394258,29.04526,21.742191,14.064362,9.80434,8.728733,8.968727,25.652617,8.984531,29.046703,26.071774,16.79308,10.754192,22.328358
329,33.253635,27.057495,32.714424,28.816122,31.376776,13.145021,21.863277,9.4188,12.983501,4.5834007,8.595644,15.849424,9.105835,15.996313,15.772268,24.43398,22.4156,27.475235,16.777054,21.420103,18.923492,15.753177,27.735685,27.255814,12.6875305,10.375593,11.293742,8.630515,9.468696,5.2208123,28.201967,25.883663,9.624583,17.323984,23.074385
330,22.828522,31.43474,23.725628,7.4157734,13.167038,4.5647335,20.234953,16.06433,8.625929,8.328028,27.616287,12.401144,14.255579,26.69561,10.846178,19.681261,32.666832,19.572046,22.014452,17.918074,10.397507,6.85723,29.737244,29.277306,30.074596,22.116325,5.1670938,12.326639,10.922884,29.969496,28.071182,25.971191,17.700752,12.170679,21.650751
331,20.20985,31.831385,23.130226,5.8236837,30.22698,4.676893,22.62266,12.737839,7.57627,5.273444,17.70397,12.573431,12.035165,21.568178,12.639333,23.943274,32.974365,18.796602,23.063925,21.283554,16.067087,11.933846,30.106451,25.899586,24.367544,15.400925,6.0178585,10.915997,19.112968,18.954655,29.05046,26.27657,16.953903,10.55089,21.458284
332,22.097689,29.238377,22.71987,9.305435,25.704573,12.488792,19.40709,11.283682,17.962633,12.654571,19.11946,14.69039,10.593412,20.245773,18.42713,27.265577,24.939495,16.792336,16.175825,19.323124,11.45317,9.026132,27.334599,19.952824,23.436869,14.166515,14.119192,10.34316,11.816607,16.122599,25.979414,23.627647,11.615835,9.015139,19.232243
333,26.104715,28.938515,24.758657,12.603617,20.806158,18.239256,16.58534,12.334415,24.78543,12.824975,20.016466,15.532412,10.696875,22.65809,19.894619,29.899382,24.844086,17.56398,13.027952,16.105593,7.165413,5.425669,27.070105,21.47165,27.738367,16.344353,18.74029,12.237444,8.327302,18.395977,25.281206,23.422459,11.313195,10.604383,18.74595
334,26.988726,27.883968,28.181784,22.301142,32.58803,12.508736,23.376375,9.521233,14.153166,7.671621,8.317286,17.114233,7.8508573,14.245537,19.868849,28.249779,20.870613,23.310772,18.215023,24.019999,20.655724,17.49583,27.118769,20.186283,10.067558,7.863576,14.0657015,7.4662423,16.846317,3.5040293,27.344595,24.91988,10.591728,12.631461,22.075052
335,18.45121,31.318134,22.51408,8.294307,34.774532,6.11246,25.38616,11.629465,8.500994,5.8409014,10.591539,15.596368,9.095301,16.661089,18.058569,28.834736,28.206532,18.880167,24.100842,25.199957,22.209736,17.507668,29.264635,19.958694,15.150192,9.55735,9.704514,9.4443245,26.93633,9.616867,28.991087,26.016037,16.784027,9.256054,21.975332
336,20.346077,30.268425,23.399178,10.518365,32.86177,7.756961,23.972265,11.324377,10.188447,5.8873897,10.839215,15.421022,9.146759,16.908258,17.60746,28.09287,27.131334,19.326012,22.259796,23.732199,20.533821,16.307951,28.498491,20.557274,15.589904,10.11552,10.390007,9.33288,23.548384,9.647585,28.131987,25.402103,15.54959,9.949882,21.481247
337,20.033504,31.086151,23.669954,9.420225,33.72739,4.8275423,24.790577,11.911049,6.4751387,3.7353578,11.3264675,14.345329,9.859049,17.870712,14.991609,26.116373,30.312805,19.987694,24.713474,24.077497,21.481709,16.919884,29.342293,23.282791,17.008213,11.558689,7.209589,9.454402,24.51329,12.145881,29.059954,26.124443,17.369152,10.443721,22.132189
338,20.261955,30.809763,22.002426,5.9231253,26.678175,9.778782,20.406982,12.4589405,14.727207,9.677599,19.049694,13.807755,11.3349285,21.673983,16.570139,27.017672,29.122402,16.752409,19.15937,19.66126,12.547698,9.390379,28.690186,22.115532,25.61651,15.1081085,11.470206,11.457292,16.15087,18.639507,27.246069,24.79261,14.697448,9.161617,19.939817
339,22.405598,30.453495,23.326145,8.580822,25.3853,10.3778305,19.634829,12.574673,15.343292,7.817379,18.972147,13.317759,11.49039,22.066383,15.729944,26.849691,29.38985,17.700115,18.31899,19.04474,11.754637,8.750044,28.502714,23.480436,26.541433,15.720499,11.075011,11.228857,13.886838,19.009901,27.06186,24.661339,13.983164,10.275426,19.848782
340,22.004946,31.52536,23.427254,5.870669,19.136711,4.355814,20.468431,14.789076,8.066685,7.640411,25.496082,11.865459,14.043563,25.774029,10.3911,19.991213,33.58132,19.059147,22.074505,18.191486,11.255447,7.6680098,29.916872,29.120022,29.6264,20.780834,4.767763,12.103012,12.1368885,27.655947,28.281477,26.003826,17.39661,11.616426,21.338789
341,29.7333,26.34469,29.055054,24.39329,30.199951,17.103046,19.28596,9.282888,19.616707,5.575815,8.446373,15.644295,7.7087655,16.56683,18.07555,28.081345,23.654106,22.66002,15.415176,19.01845,15.631178,14.295873,25.52022,21.983578,14.539503,9.871428,16.735945,7.818421,12.953017,6.3153625,25.160902,23.093946,10.220854,12.264467,19.909775
342,17.769596,31.60548,22.144314,7.4130535,35.319733,5.5775433,25.703447,11.73468,7.9610667,5.7638817,10.567312,15.531101,9.082564,16.710367,18.009325,28.929514,28.746359,18.639086,24.702545,25.437254,22.587902,17.781494,29.442362,19.864634,15.275554,9.515627,9.419986,9.513466,27.93102,9.869055,29.184992,26.127796,17.286434,8.979528,22.029749
343,21.750534,30.819094,22.978638,6.9564285,22.5013,7.1877127,20.052652,13.427314,11.646971,8.338084,22.464052,12.4902725,12.613115,23.565628,13.25439,23.307722,30.964767,18.010195,20.006989,18.67119,11.490919,8.268582,28.994936,25.577614,27.793299,17.896984,7.9817667,11.383961,12.693287,23.114702,27.509356,25.070719,15.277089,10.582075,20.36243
344,18.962442,30.763077,23.207146,11.943595,35.67398,6.8245716,26.714582,11.2261505,8.740926,5.5497146,6.9351954,16.91636,7.4276867,14.259009,20.260181,30.612906,25.630217,19.914707,24.793472,26.735285,25.44206,20.567434,28.747671,17.868202,10.343903,6.8987775,11.2894745,8.328656,29.56029,5.4181795,29.07466,25.879446,16.596472,9.521171,22.363447
345,17.848648,32.229862,22.301294,5.7772055,34.97752,4.16492,25.340229,12.288934,6.336461,4.944121,12.703552,14.415648,10.253473,18.562082,15.618575,26.962671,31.61042,18.761562,25.493885,24.579987,21.255314,16.499033,30.11371,22.552887,18.488853,11.732282,7.374754,10.141465,26.644785,13.403028,29.607885,26.581608,18.267624,9.328561,22.215761
346,18.939861,32.212494,22.575642,4.3759923,31.77897,3.3783472,23.363716,12.794901,5.8700256,4.6855826,16.992485,12.408865,11.951248,21.408733,12.202222,23.68528,34.04141,18.630045,24.47674,21.844425,17.187572,12.832278,30.384985,26.066372,24.021002,15.205511,5.1077037,11.034771,21.252367,19.023998,29.427322,26.54742,18.033573,10.184574,21.712786
347,18.017231,32.341248,21.893402,3.5734787,32.107,3.8512964,23.569302,12.734388,6.709428,5.7207017,16.858675,12.866073,11.644748,21.043034,13.445954,24.78222,33.331566,17.993113,24.319984,22.24204,17.382437,13.005812,30.31846,24.639399,23.565145,14.5162945,6.145708,11.079954,22.327444,18.335196,29.336775,26.443668,17.949936,9.527315,21.58632
348,22.968563,31.082565,23.368134,7.9877,15.848748,8.000564,19.251959,14.994788,13.422066,9.027141,25.597889,12.827253,13.250544,25.37249,13.7421,23.569933,30.60716,18.293825,19.30486,17.821943,9.380308,6.2503786,29.138346,26.23551,30.150019,19.989843,8.664127,12.162294,10.561606,26.579268,27.405632,25.203426,15.47383,11.316332,20.537832
349,18.284187,31.982027,22.548306,6.769766,34.886055,4.2672234,25.30354,12.21365,6.38974,4.06782,11.812234,14.346439,9.924035,18.174816,15.566009,27.191504,31.471333,18.953577,25.55941,24.5416,21.74657,16.990917,29.890265,22.46304,17.842796,11.370706,7.347732,9.798836,26.837904,12.755097,29.497278,26.38166,18.24882,9.459152,22.069439
350,18.71171,31.162193,22.248999,6.010853,31.742464,5.2866325,23.343695,12.131161,7.8689237,6.0269704,14.758027,13.717547,10.779988,19.538366,14.646827,25.334105,30.73782,18.348288,23.220757,22.433516,18.050365,13.862714,29.271656,23.156036,20.568714,13.085352,7.5932927,10.423921,22.194326,15.283054,28.456896,25.784256,16.923782,9.623985,21.389986
351,30.685402,27.542469,30.054678,22.719118,28.460358,11.891111,19.94166,10.201004,13.390366,5.0382924,13.204838,13.966505,10.375769,18.305416,13.963223,23.487751,24.909374,24.369543,15.945937,19.106176,15.010608,12.0227785,27.67153,27.00659,18.36742,12.694794,10.043333,9.304788,7.8344836,10.5076885,27.4737,25.045837,10.108175,15.546951,21.407423
352,23.52523,28.820415,22.948595,9.276303,20.834541,16.355722,16.816698,12.293565,22.650503,12.894035,20.07384,15.08276,10.911641,22.543348,19.03479,28.652426,25.257347,16.388054,13.918372,16.414066,7.3285236,5.3925457,26.828156,21.044878,27.497162,16.360682,17.151522,12.32686,9.964677,18.865711,24.897898,23.23903,12.078375,9.660186,18.607653
353,19.54144,30.146576,23.060352,10.564006,33.722923,6.631901,24.753578,11.218553,8.543375,4.7626586,8.963776,15.48211,8.54755,15.895148,17.560995,28.199133,26.986427,19.4521,23.449642,24.51231,22.39352,17.813671,28.359041,20.09323,13.7068405,9.134672,9.675315,8.991051,25.874949,8.326524,28.255808,25.400711,16.289059,9.882013,21.65093
354,17.766392,32.702812,22.0178,3.7318149,33.88622,3.5173743,24.371714,12.720228,6.1618276,4.9380894,15.564306,13.156621,11.323856,20.506313,13.813427,25.55513,33.820442,18.200888,25.284897,23.11957,18.87967,14.335528,30.57453,24.371891,22.450403,13.816887,6.132311,10.83032,24.357813,17.195023,29.73857,26.68784,18.537296,9.332471,21.862854
355,23.30122,30.128685,22.988947,8.635608,18.963037,13.731211,17.5053,13.609571,20.462656,10.133717,21.878786,13.87948,11.821308,23.825748,17.686745,28.568274,27.601124,16.769785,15.534851,16.99483,7.8329268,5.3085647,27.962095,22.673796,30.05251,17.437624,14.165585,12.640561,10.4871435,21.879145,26.056814,24.077335,13.1015415,10.365688,19.101599
356,24.049122,27.810272,25.589872,17.869717,31.894337,12.499598,22.168364,9.958189,14.840756,5.9960504,7.795776,16.066751,7.4677243,15.329487,18.961641,28.751844,23.971626,20.696531,19.28554,22.06069,19.476583,16.748875,26.407244,19.367088,12.446442,8.454369,14.3814945,7.9830804,20.211462,5.9473147,26.273756,23.825287,12.913109,10.433411,20.56848
357,24.854023,25.664627,24.062544,14.563819,23.994982,23.818378,16.228777,9.906743,28.881273,16.697237,11.945019,19.527042,8.121422,18.467857,24.540827,31.816393,17.89848,17.49574,10.069527,17.215654,8.144496,7.215469,24.09675,16.68922,18.409279,12.035311,25.183722,12.094996,12.22055,7.929135,22.213366,22.136185,9.716408,9.436207,18.931997
358,18.691118,32.01011,22.043602,4.0468493,30.756283,4.63768,22.778278,12.726901,7.824904,6.078158,17.693945,12.710181,11.792389,21.442757,13.368691,24.619762,32.951324,17.857077,23.335892,21.43161,16.189295,12.04252,30.029804,24.72273,24.433475,15.008455,6.5721455,11.118132,20.524202,18.974754,28.937193,26.11192,17.353931,9.644848,21.213154
359,20.64967,31.356052,22.815548,5.3635163,24.373194,4.433921,21.228518,13.589176,7.7723784,7.015172,21.948763,12.036643,12.9832735,23.646463,11.389623,21.532568,32.895638,18.530317,22.302391,19.432207,13.236457,9.507227,29.633724,27.17134,27.23264,18.223795,5.3701286,11.488378,14.938295,23.67287,28.27701,25.77433,16.968754,10.778455,21.111406
360,18.374063,31.277071,22.712006,9.443825,35.953583,5.8003216,26.277525,11.469446,7.8468404,5.1205873,8.595431,16.033781,8.316118,15.574648,18.68971,29.597164,27.705246,19.321299,25.05201,26.104767,24.269516,19.32417,29.191874,19.275967,13.0097885,8.374569,9.822484,8.943649,28.94113,7.803125,29.236712,26.067322,17.218414,9.320004,22.219095
361,17.730122,31.665318,22.202585,7.3153386,35.435825,4.97038,25.809319,11.873663,7.0775914,4.8796725,10.208442,15.254379,9.121852,16.915157,17.28342,28.480158,29.59779,18.822786,25.406544,25.3301,22.965508,18.08209,29.526033,20.625381,15.480611,9.845036,8.687565,9.589933,28.459597,10.39562,29.300238,26.221222,17.968674,9.13344,22.123371
362,29.355568,28.210022,28.912556,21.022442,29.377975,15.525259,20.180632,10.1135435,18.634464,8.737845,13.3918495,16.06991,9.81008,17.858372,18.555,27.821596,23.006353,22.519255,14.796879,20.288605,14.512351,12.099379,27.586988,22.70644,17.20791,11.372338,15.37822,9.142227,10.871837,8.503651,26.920977,24.807728,9.502169,13.106987,21.044912
363,19.228115,31.431105,23.213627,8.715078,34.55024,4.7087545,25.357674,11.933482,6.509702,4.0086207,10.876915,14.718714,9.589718,17.433754,15.872221,27.09993,30.116196,19.653187,25.12222,24.731207,22.301483,17.52597,29.546024,22.294031,16.28319,10.815698,7.6536217,9.441593,26.20744,11.353517,29.31365,26.270077,17.632055,10.012157,22.218027
364,19.40314,31.990108,22.841566,5.2347927,31.568504,3.93505,23.279623,12.652767,6.479102,4.9692516,16.792181,12.675713,11.816932,21.093315,12.6482315,23.961042,33.246193,18.797655,23.941872,21.935463,17.176739,12.867248,30.209908,25.679098,23.42931,14.879495,5.619347,10.833515,20.790098,18.2562,29.269083,26.43789,17.50853,10.301638,21.692999
365,26.477226,26.129505,26.764942,20.65848,29.853058,17.122387,20.015764,9.264791,19.296846,8.431709,7.001955,17.368952,7.0224786,15.719449,20.099224,28.829931,21.786112,21.299425,16.140001,19.936132,16.396133,14.616284,25.170626,19.694632,12.151435,8.975396,18.284082,8.720225,17.264349,4.80635,24.684313,23.146542,11.581006,11.240232,20.24135
366,18.893003,32.76882,22.57354,3.8383195,32.497017,3.620579,23.547243,12.921342,6.510477,4.98533,17.575653,12.521147,12.126022,21.686325,12.68824,24.490753,34.53302,18.407368,24.482681,22.095606,17.106733,12.717841,30.816322,25.863922,24.704102,15.245153,5.5088334,11.134235,21.534132,19.238632,29.779783,26.783684,18.036125,9.930346,21.749598
367,22.785934,30.941341,23.466599,7.825677,19.331652,7.8285017,19.53286,14.178623,12.752522,8.336495,23.791647,12.616869,12.990318,24.552654,13.3630495,23.522718,30.887432,18.354837,19.492207,18.142021,10.351375,7.173977,29.124166,26.27185,29.13058,19.012213,8.2877245,11.845627,11.389609,24.694372,27.490345,25.212978,15.306589,11.196861,20.48409
368,21.00861,28.86728,24.213974,14.896458,33.746788,7.7474337,24.813692,10.536934,9.072998,4.25076,6.263438,15.960861,7.302384,14.245244,18.207478,28.22202,25.024084,20.676287,23.14006,24.54936,23.710796,19.547989,27.320862,19.345692,10.324545,7.585933,10.866367,7.8930664,25.65299,5.534802,27.636171,24.792982,15.508856,10.386953,21.619986
369,18.971146,32.953285,22.579805,3.6755114,32.447495,3.887027,23.483067,13.015177,6.9857283,5.147075,17.897392,12.557329,12.2061825,21.932198,12.883139,24.82614,34.721268,18.296646,24.39859,22.01156,16.883963,12.517781,30.95363,25.848043,25.186172,15.389463,5.7772818,11.251965,21.472118,19.535942,29.865477,26.842133,18.060316,9.875266,21.71326
370,24.671345,28.939247,25.237106,14.810661,32.48521,17.879395,21.322512,9.554536,22.8645,15.95795,13.364106,18.880135,8.607472,16.700432,24.37881,32.10165,20.02317,18.620504,14.72635,22.436426,15.238737,12.974145,27.293657,16.558031,15.714693,10.047329,20.53845,9.436195,14.657851,6.527572,26.297855,24.209862,9.679575,9.085474,20.460691
371,21.209953,30.18489,24.3035,12.251404,33.476723,6.262866,24.56626,11.343343,7.8928595,3.478063,9.376297,14.935882,8.95523,16.471798,16.17688,27.161715,28.089577,20.460783,23.64948,24.17738,22.1661,17.69934,28.584631,21.94951,14.569164,10.076134,8.605709,8.742226,24.208227,9.317866,28.52531,25.594875,16.270607,10.783506,21.861464
372,18.255632,31.560345,22.781261,9.740938,36.510212,5.76902,26.850357,11.58362,7.7881846,4.9142685,7.850877,16.384968,8.04449,15.246766,19.302608,30.388304,27.680088,19.490685,25.668524,26.677794,25.263922,20.166136,29.411627,18.910114,12.2536335,7.859415,10.122268,8.883055,30.35184,7.141726,29.569986,26.292515,17.632145,9.309795,22.45631
373,17.754747,33.07704,22.4538,4.8966217,36.085403,3.4501107,25.761784,12.626875,5.720527,4.4114857,13.404909,14.086117,10.665819,19.317741,15.063504,26.996826,33.43862,18.829645,26.445301,24.789875,21.45594,16.609154,30.852541,23.523628,19.842426,12.390608,6.6553574,10.35461,27.240921,14.67928,30.299194,27.085655,19.034477,9.284811,22.477907
374,19.204483,32.608627,22.850437,4.473576,32.44311,3.5782714,23.618788,12.881247,6.216191,4.6892405,17.10699,12.575897,12.046425,21.534557,12.522688,24.248825,34.38627,18.758585,24.608456,22.159664,17.4021,13.009851,30.737514,26.134224,24.216326,15.193311,5.3481793,11.059687,21.533278,18.935766,29.763033,26.808748,18.078117,10.195233,21.880735
375,24.528471,28.792274,26.16522,16.582808,32.079487,8.883846,22.537333,10.679682,10.669759,2.7672286,9.380027,14.34412,8.832401,16.787006,15.284067,26.36798,27.559958,21.434671,21.128048,22.07668,19.819042,16.405037,27.532015,23.00998,15.210482,10.556193,9.77828,8.128134,19.508497,9.101236,27.387709,24.653263,14.316164,11.590474,21.064886
376,25.252247,30.282959,25.623915,12.113788,25.516363,9.814444,19.972229,12.273013,13.859137,7.818208,20.010883,13.224642,12.119081,21.940235,14.427256,24.757225,28.798096,19.862673,17.886766,19.21225,12.150933,9.064746,28.956562,25.482594,25.50137,16.068575,9.760153,10.6009,10.604007,18.58871,27.75329,25.242725,12.765394,12.007837,20.632296
377,23.080025,30.828178,23.54332,8.619158,17.239305,7.873946,19.468756,14.495449,12.98271,8.842589,24.754295,12.812277,12.98695,24.58163,13.724263,23.411272,30.17036,18.457281,19.229342,18.185843,9.96942,6.850826,28.97291,25.860563,28.976126,19.203192,8.590461,11.624568,10.613664,25.241169,27.373732,25.075752,14.942055,11.298249,20.500475
378,25.463264,28.082907,26.88905,19.173199,32.28067,10.069916,22.47103,10.25256,11.553381,2.7310953,7.72715,14.771537,8.0893135,15.92816,15.977681,26.737734,26.369135,22.135923,20.749943,22.010471,20.4058,17.316822,26.948446,22.522776,13.396654,9.6383295,10.980067,7.7027884,19.450205,7.389695,27.008862,24.334179,13.833597,11.846948,21.056028
379,18.838665,32.345974,22.294378,3.5981557,30.099329,3.2477138,22.950186,13.166258,6.1150327,5.26675,18.703056,12.161398,12.371049,22.256248,11.89571,23.23405,34.38382,18.290144,24.265577,21.245138,16.14907,11.864594,30.463259,26.367313,25.407991,16.126537,4.9296074,11.31745,20.209015,20.786272,29.350744,26.493694,18.133389,10.08087,21.546993
380,21.622782,24.013668,22.463707,12.681575,17.281181,28.481335,17.024178,11.027555,31.394053,23.500795,7.126828,26.088009,7.811481,18.130959,30.72818,33.868427,9.085279,19.088858,8.307209,19.939507,7.936001,5.77444,22.799686,15.231234,12.557878,11.797929,30.606148,17.346592,18.716953,2.8926082,20.126518,23.885796,11.736046,11.356042,22.75691
381,17.982492,31.270338,21.963419,6.6579857,33.66906,6.0203133,24.477413,11.857831,8.621298,6.109972,12.100341,14.930313,9.677137,17.857304,16.985767,27.785883,29.328032,18.23354,23.781609,23.949535,20.44992,16.011938,29.180567,20.813095,17.403767,10.862084,9.273077,10.002217,25.740171,11.901615,28.631132,25.812172,17.107979,8.99872,21.578016
382,18.00624,32.372833,22.788475,8.255187,37.09881,4.7231884,27.055536,12.018737,6.6773963,4.3664145,9.102089,15.853926,8.761236,16.40092,18.154613,29.729013,29.885664,19.48805,26.622702,26.623444,24.953903,19.739063,30.153694,20.43074,14.240777,9.078968,8.924644,9.33728,30.572296,9.240342,30.165453,26.817333,18.57502,9.342178,22.739141
383,18.662136,33.153816,22.653305,3.7538981,33.678688,3.343551,24.189655,12.979797,6.0890465,4.739548,16.97926,12.77027,12.008276,21.4761,12.991487,24.983955,34.92227,18.585463,25.22799,22.770147,18.081825,13.554864,31.12705,25.792006,24.159916,14.912813,5.491966,11.099412,22.902481,18.7307,30.172228,27.083742,18.507553,9.835228,22.059958
384,25.636848,27.301632,26.938475,20.601301,32.51433,11.303255,22.182531,9.718818,12.818004,3.2644906,6.5371413,15.072265,7.2997193,15.056474,16.830494,27.171448,25.0929,22.11411,20.060661,21.652435,20.569664,17.878748,26.184439,21.307026,11.853758,8.588351,12.41345,7.256719,19.384306,5.81489,26.368849,23.728874,13.197117,11.47876,20.669031
385,18.88224,30.70107,23.169514,11.954318,35.55534,6.7467604,26.71848,11.261846,8.53739,5.310262,6.6413827,16.891449,7.3606234,14.26808,20.1138,30.505053,25.75402,19.961216,24.99857,26.65938,25.584873,20.697502,28.697565,18.00043,10.227352,6.911916,11.190104,8.372475,29.890162,5.4530425,29.034359,25.868683,16.856503,9.549588,22.376497
386,19.709501,31.46957,22.44192,4.328765,24.99411,2.9639628,21.76988,13.700534,5.72336,6.0861464,21.332117,11.7307415,12.994969,23.510963,10.44074,20.623241,33.804333,18.596375,23.564137,19.688076,14.176776,10.222182,29.77012,27.694855,26.66124,18.177475,4.037176,11.523088,16.54463,23.822458,28.516932,25.974924,17.969534,10.687016,21.349154
387,20.513554,31.576496,23.619053,7.047052,31.250425,4.4946966,23.188835,12.478727,6.75241,4.841203,16.192108,12.936197,11.688158,20.775726,12.723229,23.78169,32.43228,19.516031,23.540337,22.001438,17.333874,13.128601,29.965343,25.969913,22.588453,14.769628,5.8553667,10.613664,19.875534,17.444021,29.112701,26.385862,17.004412,10.883924,21.865107
388,18.835688,33.38893,22.872631,4.0032434,34.165527,3.4632878,24.471468,13.044846,6.2094398,4.6474233,16.740923,12.97213,11.968881,21.463306,13.262115,25.40574,35.10305,18.769716,25.494743,23.066607,18.51006,13.934479,31.33338,25.823303,23.984402,14.803658,5.678343,11.095995,23.424112,18.486696,30.405281,27.271797,18.691051,9.88012,22.234617
389,20.003752,31.839102,22.598297,4.8356185,28.031721,5.104329,21.866076,13.084612,8.650186,6.6233454,19.946138,12.4044895,12.423302,22.617878,12.718664,23.683739,32.97535,18.099648,22.415176,20.38415,14.427353,10.544082,29.959866,25.79522,26.262981,16.534592,6.4555817,11.303253,17.416346,21.14596,28.687355,25.965778,16.82952,10.172552,21.051313
390,19.256195,30.231167,23.035416,11.516397,34.498985,7.585333,25.53646,11.042513,9.730996,6.0388403,7.9483647,16.527117,7.8069057,14.83322,19.711952,29.872013,25.379688,19.48356,23.422527,25.608706,23.560509,19.01635,28.303692,18.176476,11.639029,7.652348,11.440393,8.615837,27.326256,6.262731,28.383339,25.438698,15.838806,9.461827,21.862959
391,24.97137,28.465534,24.960388,13.552706,28.939102,18.348083,19.32186,10.22084,23.393644,14.51541,14.747875,17.844023,9.4931965,18.420965,22.519634,30.930523,21.220852,18.243013,13.46376,20.123877,12.123614,9.999349,26.878922,18.30325,19.197498,11.917528,19.869598,10.61589,12.647231,9.343024,25.479723,23.846275,9.97666,9.705514,19.880495
392,20.346806,31.56239,23.194405,6.2788186,28.533365,4.3090544,22.58283,12.947281,6.972598,5.7762156,18.40548,12.622438,12.13623,21.804916,12.320557,22.982409,32.53022,19.11275,23.196827,21.179655,15.884149,11.799508,29.888975,26.273275,24.263065,15.966195,5.642126,10.941143,18.28557,19.814402,28.862957,26.206728,17.038437,10.822068,21.637712
393,21.333427,30.456442,22.245525,6.1788635,21.750273,9.685965,19.031988,13.303431,15.014242,9.858636,22.147013,13.056683,12.216346,23.619272,15.091075,25.20151,29.597424,16.922703,18.388958,17.815798,10.05385,7.1266017,28.449232,24.011135,28.629246,17.621033,10.570292,12.118982,12.459847,22.639383,26.749163,24.54118,14.770182,9.937181,19.692667
394,20.002037,31.326235,22.570301,4.6537304,24.317554,3.051918,21.569567,13.752096,5.814126,6.116332,21.589485,11.679981,13.058859,23.65547,10.275614,20.351057,33.67385,18.700525,23.387281,19.44686,13.898374,10.002059,29.671772,27.902973,26.813118,18.4237,3.9880638,11.5304365,15.93904,24.129835,28.405931,25.901981,17.874012,10.842569,21.311468
395,19.577614,32.469635,22.742802,4.7056937,31.406633,5.125231,22.969034,12.831648,8.465018,5.904219,17.887053,12.9253,12.001565,21.693867,13.643293,25.271921,33.363014,18.26055,23.262926,21.706327,16.280615,12.096868,30.505917,25.114935,24.784025,15.1137085,6.8886547,11.127167,20.369474,18.821411,29.377806,26.482761,17.218342,9.94363,21.457973
396,18.16267,31.156559,22.212671,6.836063,33.52182,4.997918,24.582567,11.886485,7.1206875,5.4160714,12.143948,14.530876,9.884489,17.940065,15.845941,26.565697,29.777908,18.688288,24.24522,23.916368,20.661772,16.106316,29.212893,21.821842,17.402061,11.2722,7.9901695,9.920145,25.330885,12.377707,28.727448,25.924263,17.349743,9.442013,21.785349
397,20.19752,31.586182,22.75832,4.4987507,23.806578,2.7847464,21.645815,14.046196,5.515163,6.1252418,22.319756,11.637476,13.373871,24.197975,9.920602,19.970129,34.259117,18.90476,23.708538,19.356894,13.754021,9.836721,29.94576,28.568802,27.389252,19.030657,3.639411,11.719542,15.74267,25.067427,28.629705,26.137451,18.233368,11.0101595,21.512136
398,22.175945,30.998863,23.323517,6.539279,16.28871,4.3086843,20.052475,15.110571,7.9989467,7.7402053,26.034784,11.89199,13.993677,25.848259,10.225304,19.340086,32.75057,19.124786,21.75848,17.757626,10.729193,7.203672,29.410686,28.995832,29.422203,21.181505,4.7015123,12.043898,11.2602625,28.325089,27.792913,25.6431,17.311129,11.807653,21.212791
399,27.37093,25.302353,26.78865,20.575811,27.615244,20.583458,18.140574,9.098639,23.328907,11.322512,7.9966435,18.328838,7.2070713,16.595324,21.424944,29.358793,19.968702,20.75641,13.260844,18.351366,13.025897,11.843565,24.440302,19.385628,13.64142,10.047778,21.356579,9.79104,14.353593,5.170765,23.470024,22.648201,10.424257,11.310947,19.795736
400,21.784414,31.063835,23.21209,6.091091,19.680489,4.405355,20.33584,14.373823,7.9734693,7.5546417,24.680527,11.789013,13.705277,25.109463,10.43134,19.912806,32.91807,18.878572,21.773567,18.198526,11.442012,7.9104805,29.47749,28.523613,28.819038,20.17053,4.8377256,11.778645,12.082903,26.665815,27.925478,25.637386,16.972689,11.44249,21.076706
401,19.712051,31.27163,22.345894,4.4287567,24.44872,2.897211,21.557722,13.712967,5.678198,5.7281184,21.18342,11.56596,12.915556,23.459381,10.233546,20.48705,33.757957,18.505579,23.484482,19.433325,14.041833,10.106097,29.592695,27.671463,26.612036,18.15566,3.893851,11.440403,16.459751,23.872887,28.346039,25.801996,17.96446,10.708801,21.172033
402,22.268986,29.891125,24.669788,13.486922,32.965916,9.615276,23.594334,10.992144,12.204859,5.8132586,10.245665,15.782168,8.790007,16.57644,18.349602,28.876352,26.379967,20.091677,21.22008,23.520405,20.255764,16.487808,28.2255,20.363686,14.895172,9.6415825,11.921653,8.828943,22.175499,8.401739,27.92263,25.185926,14.452119,10.30924,21.388018
403,18.349937,33.293015,22.31503,3.0454626,33.333687,3.4896896,23.992914,13.083532,6.549085,5.1089187,17.567842,12.689878,12.10298,21.778784,13.159967,25.22854,35.06741,18.172571,25.054588,22.527216,17.583694,13.081986,31.186495,25.573442,24.89411,15.098578,5.7234154,11.288147,22.800463,19.321367,30.146544,27.037548,18.528421,9.602571,21.881807
404,24.375362,29.047573,24.346004,12.07832,27.8119,17.559803,19.233278,10.70578,23.152477,14.734746,16.396542,17.265957,9.84008,19.397202,22.159874,30.889399,22.215796,17.631933,13.970122,19.865091,11.477172,9.2514,27.270987,18.684132,21.488804,12.95018,19.171844,10.984629,12.174941,11.825862,25.792969,23.952368,10.460411,9.560471,19.721918
405,18.013063,31.993244,22.373686,6.257917,34.854916,4.1355834,25.269371,12.188492,6.232873,4.5455093,12.263958,14.341284,10.084871,18.273716,15.513651,26.89509,31.37002,18.836481,25.421825,24.532574,21.432259,16.676949,29.914108,22.455605,18.049847,11.51038,7.274132,9.929993,26.561934,13.000159,29.47117,26.419031,18.134064,9.396839,22.108915
406,18.827248,31.810736,22.915565,7.1240773,34.309296,4.188766,25.025763,12.193155,6.144547,4.289553,12.538515,14.170952,10.267839,18.493893,14.952875,26.254292,31.416462,19.286224,25.177162,24.211805,21.098051,16.424864,29.87327,23.201181,18.295605,11.935764,6.941401,9.86136,25.377176,13.347211,29.428587,26.424011,17.894161,9.849121,22.164
407,20.892546,32.18478,23.369816,5.358939,26.537634,4.242938,22.115763,13.625891,7.470183,6.657747,21.503416,12.327676,13.138205,23.565676,11.741459,22.340727,33.65483,19.022331,22.979076,20.441547,14.230464,10.241534,30.477947,27.538698,27.013292,17.855864,5.285985,11.552999,16.26005,22.926012,29.164503,26.533136,17.220009,11.007366,21.71009
408,23.10928,30.516384,23.156883,8.618549,18.294159,11.625913,18.50218,13.950745,17.745882,10.361679,23.233183,13.7548275,12.2834835,24.007694,16.697197,26.80456,28.128126,17.442558,16.94292,17.789629,8.764656,5.9982085,28.466007,23.541891,29.342834,17.933094,12.385953,12.303297,10.682403,22.974749,26.695345,24.599304,13.653866,10.694759,19.820915
409,22.758234,31.001715,23.169924,8.1035,12.518253,6.9410563,19.303303,15.808796,12.231991,8.807754,26.50083,12.759365,13.354917,26.041677,13.128643,22.601774,30.772036,18.59356,20.153542,17.602453,9.354653,6.07831,29.032932,26.978628,30.420586,21.013012,7.7345767,12.425709,10.700507,28.512403,27.318554,25.24242,16.499683,11.726462,20.809706
410,21.89548,31.06502,23.269703,6.4332404,20.549107,5.0101805,20.337759,14.145681,8.776824,7.5708,24.012842,11.946549,13.452594,24.731192,11.065379,20.797705,32.52828,18.780394,21.416561,18.41072,11.581685,8.077931,29.439482,27.961384,28.56622,19.603716,5.4745493,11.677629,12.296556,25.718866,27.909342,25.580875,16.58502,11.352969,20.971964
411,23.44049,30.284845,24.058527,9.56178,24.10297,9.707047,19.646555,12.60298,14.292628,8.579566,20.68569,13.181542,12.085091,22.35854,14.83788,25.035513,28.89847,18.498165,18.05252,18.865576,11.373751,8.359585,28.648281,24.475157,26.430822,16.41364,10.115512,11.01285,11.54228,19.838987,27.245203,24.859047,13.372959,11.010251,20.189772
412,18.706934,31.870361,22.682774,5.8259187,33.542816,3.9532597,24.283743,12.337017,6.1005564,4.6029005,14.278602,13.508589,10.957447,19.573395,13.859408,25.13131,32.378746,18.911997,24.708097,23.232199,19.413925,14.926011,29.97268,24.176651,20.38765,13.137493,6.307314,10.280069,23.744349,15.335336,29.28279,26.389862,17.842388,9.82019,21.9219
413,20.077862,31.188576,22.180868,5.278927,26.65122,6.7141685,20.948698,12.85005,10.886694,7.7445602,20.15122,12.603867,12.034857,22.39399,13.824616,24.471472,31.459187,17.387663,20.95151,19.64823,13.240488,9.748029,29.20862,24.36517,26.394798,16.219435,8.115206,11.231552,16.097187,20.822365,27.870432,25.21394,15.8352585,9.716641,20.336563
414,17.925919,31.072063,22.118505,8.019511,34.807007,6.0575514,25.341028,11.505405,8.44484,6.042132,10.226946,15.591488,8.833171,16.370981,18.177563,28.79575,27.870876,18.587294,24.110151,25.115871,22.339348,17.692003,28.96287,19.423416,14.73824,9.260336,9.825417,9.344234,27.25731,9.3352585,28.736765,25.756582,16.818638,8.95571,21.78212
415,23.720917,29.136805,25.811033,16.062517,32.69394,8.638248,23.362709,10.787014,10.3681755,3.3137527,8.874243,14.9331,8.570297,16.312037,16.246664,27.095999,27.15324,21.352535,21.83059,22.945074,20.920525,17.263817,27.78195,22.157211,14.117382,9.884149,10.206321,8.15559,21.334387,8.340392,27.728346,24.943691,14.741602,11.311525,21.410536
416,22.271542,23.975721,22.475754,12.659956,17.678663,29.010263,16.408928,10.559608,32.41267,23.735273,8.091128,25.66644,7.576254,18.130764,30.621597,33.8829,10.051108,18.334557,7.7847896,18.958334,6.8703585,5.1219273,22.883205,14.801046,12.964746,11.527605,31.427698,16.503592,17.939922,3.2537863,20.15652,23.41964,10.990203,10.92992,21.840694
417,18.700294,31.810877,22.737774,6.4819016,34.075058,3.9586585,24.656,12.233484,6.0363936,4.211006,13.237453,13.743639,10.530828,18.925028,14.352146,25.7544,31.970215,19.023138,25.01745,23.74584,20.37365,15.796863,29.86161,23.59293,19.290173,12.44346,6.524656,9.9556675,24.663961,14.25385,29.323038,26.319487,17.882284,9.754417,21.953497
418,25.236294,31.021687,25.81574,11.448629,25.18426,8.505492,20.48235,12.875171,12.420898,7.2434335,21.082365,12.907534,12.661858,22.942318,13.405013,24.011654,30.551216,20.225111,19.221008,19.394281,12.4879,9.209654,29.664188,26.961418,26.619637,17.1714,8.377499,10.843061,11.0748625,20.508778,28.414541,25.821762,13.909149,12.282383,21.105341
419,26.36711,25.52825,26.415976,20.478802,29.03069,18.464443,19.404161,8.9676,20.76922,10.329078,7.008448,18.042051,6.8319592,15.4966955,21.07478,29.026243,20.08038,20.858587,14.886762,19.612907,15.349567,13.770653,24.609888,18.802881,11.743447,8.948765,19.775202,8.973145,16.332964,4.1719313,23.987795,22.767063,10.896985,11.052519,20.02091
420,34.097527,25.999283,33.43624,30.039476,29.541101,12.231466,21.636683,9.333655,10.522276,4.434757,7.640693,15.799091,9.36174,15.853549,14.218594,21.643064,20.969309,29.091288,16.471294,20.432539,19.079512,15.21576,27.662308,29.780825,11.8267975,10.736746,9.303886,9.917951,7.537341,4.984571,28.390078,26.414438,9.761753,19.74498,23.875065
421,24.747032,29.114288,26.50243,16.812695,32.50387,8.715303,23.016676,10.803844,10.284312,2.805482,9.220781,14.630835,8.929215,16.841583,15.446557,26.513979,27.656502,21.879225,21.606834,22.586084,20.41248,16.8262,27.896835,23.41032,14.997938,10.627581,9.659373,8.2983675,20.008123,8.998823,27.798964,25.072273,14.627171,11.936085,21.514894
422,23.392776,30.241608,24.138077,9.361339,22.328167,8.018677,19.655584,13.1595545,12.037134,7.370442,21.13589,12.558746,12.462521,23.23058,12.936145,23.1881,30.183453,19.056154,19.249561,18.396845,11.532397,8.331202,28.720667,26.419565,27.10462,17.728357,8.033478,11.335436,11.553848,21.863918,27.319487,25.062569,14.714933,11.631643,20.50626
423,19.504177,29.855398,23.13087,12.629873,34.510532,8.940565,25.369345,10.7971,11.2622795,6.7390513,7.1175942,17.014193,7.168912,14.370219,20.704594,30.644926,24.575573,19.40121,23.037477,25.4053,23.596882,19.434095,27.865965,17.143631,10.633868,7.0044336,13.05782,8.318786,27.5833,5.2599607,27.998411,25.052006,15.570273,9.042705,21.596703
424,18.912155,32.50898,22.586376,3.8668075,31.303078,3.0209072,23.424833,13.0701065,5.541475,4.957921,17.981316,12.321753,12.305261,21.988125,11.887864,23.280788,34.575314,18.67895,24.757713,21.764994,16.902561,12.524949,30.662848,26.60925,24.818039,15.861874,4.7417564,11.277838,20.926796,20.14866,29.64441,26.761787,18.333778,10.251324,21.87721
425,17.27914,32.09546,21.924324,5.57233,35.237694,4.143423,25.519388,12.1851845,6.2697406,5.045307,12.0127735,14.599636,9.913744,18.119816,16.036814,27.28893,31.211151,18.53389,25.681265,24.799753,21.7529,16.953598,29.91292,21.87518,17.718319,11.207071,7.647911,10.064075,27.584929,12.757245,29.473345,26.440739,18.413755,9.042325,22.149916
426,21.333988,31.324978,23.052261,5.372893,20.183422,3.7797368,20.654549,14.494526,7.184886,7.2087393,24.567656,11.679637,13.810491,25.22673,10.085956,19.70338,33.599903,18.879553,22.420527,18.365763,11.852272,8.187866,29.735006,28.86487,28.828121,20.22476,4.283433,11.91205,13.0182085,26.880253,28.182312,25.875256,17.54527,11.382839,21.25085
427,18.414667,31.592999,22.079594,4.937248,31.645056,4.442891,23.363829,12.415176,7.072538,5.658892,15.701178,13.188573,11.184673,20.23026,13.799375,24.785177,31.973726,18.215271,23.7477,22.206526,17.698946,13.416728,29.672617,23.985254,21.94273,13.810385,6.658737,10.677797,22.108461,16.796577,28.793224,26.022846,17.427183,9.647129,21.431963
428,19.579401,32.46714,22.964342,4.840565,31.6681,3.9732335,23.283022,12.903762,6.7801814,4.8783116,17.466837,12.553273,12.098984,21.699545,12.571752,24.250462,34.106674,18.752293,24.135317,21.834955,16.877337,12.5682535,30.629648,26.152607,24.546684,15.376692,5.5945334,11.077746,20.734182,19.181036,29.60565,26.693968,17.77166,10.326769,21.75067
429,30.486061,26.660791,29.825718,25.68742,31.20783,16.100712,19.773874,9.270552,18.484306,4.0569086,8.373038,15.019042,7.76609,16.520878,17.158476,27.708946,24.766277,23.371346,16.195175,19.352806,16.59867,15.231053,25.877895,22.827997,14.498732,9.787777,15.445259,7.229278,12.815898,6.436608,25.70671,23.311443,10.289958,12.575584,20.074778
430,18.469065,31.563126,23.109268,10.935589,36.90812,6.020218,27.43714,11.546087,7.918836,5.041719,6.8878207,16.905828,7.571285,14.595418,20.14514,31.04375,26.98405,19.916155,26.043379,27.28307,26.371027,21.227114,29.412142,18.315449,10.825081,7.087578,10.739176,8.573578,31.261126,5.978534,29.76657,26.393055,17.65641,9.4103775,22.710115
431,17.514112,31.63483,22.064844,6.8493505,35.37027,4.3635054,25.706627,11.896626,6.3386455,4.5596743,10.561357,14.865272,9.298377,17.09038,16.56783,27.776415,30.096922,18.746874,25.57294,25.137537,22.717035,17.831772,29.507593,21.04724,15.937352,10.170537,7.983435,9.567709,28.143173,11.010806,29.268806,26.170488,18.080399,9.119059,22.057255
432,17.6935,31.83547,21.941666,5.122851,33.763367,4.29097,24.497337,12.273657,6.6226964,5.2113967,13.5733185,13.9544325,10.51155,19.056152,14.95026,26.114023,31.667137,18.32207,24.783815,23.579273,19.891846,15.3557005,29.767763,22.80438,19.52679,12.342961,7.1928196,10.32308,25.283155,14.445319,29.100573,26.217403,18.019043,9.210447,21.781954
433,18.17657,31.80392,22.48436,6.905797,34.847816,4.3790455,25.364523,12.084302,6.421789,4.49941,11.636248,14.559094,9.814877,17.868505,15.869482,27.175379,30.808298,18.974022,25.358639,24.686094,21.857594,17.085201,29.751083,22.092354,17.249844,11.088017,7.578,9.766645,26.80408,12.245267,29.386778,26.332958,18.0062,9.448933,22.114435
434,30.985973,27.934185,30.555117,22.887403,29.51622,11.715225,20.698801,10.252405,12.7833605,5.0087714,12.628353,14.525245,10.569126,18.167837,14.2302265,23.687582,24.845867,25.04773,16.446978,19.984976,16.031994,12.685309,28.216509,27.567932,17.55082,12.54438,9.796503,9.581496,8.73466,9.613177,28.047215,25.722137,10.407205,16.080812,22.137743
435,24.591408,27.943573,26.082497,17.963882,31.843668,10.419843,22.08247,10.247153,12.245835,3.1626682,7.9631944,14.711166,7.977045,16.009626,16.252474,26.978518,26.317175,21.305048,20.421356,21.552422,19.750069,16.81224,26.67267,21.707655,13.718091,9.512001,11.516903,7.809987,19.781721,7.6151032,26.609438,23.983242,13.834894,11.157106,20.611351
436,18.345905,31.88192,23.119682,10.74133,37.38701,5.9978733,27.757376,11.63591,7.968868,5.2055345,6.9205837,17.085289,7.57987,14.618371,20.473064,31.465744,27.148865,19.931196,26.31807,27.63297,26.695442,21.48068,29.664593,18.181604,10.813123,6.982675,10.88656,8.625626,31.834694,5.895187,30.031748,26.598278,17.825693,9.332766,22.873285
437,18.671577,31.209282,22.894718,9.299843,35.340164,5.162197,25.96525,11.655378,6.9012246,4.190962,8.917788,15.494077,8.694948,16.136274,17.399393,28.51608,28.653688,19.55924,25.344418,25.538054,23.866144,18.893879,29.247911,20.579689,13.920963,9.23086,8.749267,9.156364,28.32869,8.985044,29.238752,26.128534,17.676659,9.724991,22.24229
438,19.054127,32.49611,22.575916,4.264596,31.868773,4.022048,23.330215,12.861792,6.9527235,5.216569,17.445473,12.644025,11.9918995,21.554953,12.919324,24.557026,33.935726,18.396948,24.103361,21.915197,16.921057,12.592053,30.57239,25.579681,24.425934,15.116842,5.8738427,11.091654,21.203594,18.977247,29.535265,26.606293,17.791428,9.984952,21.637579
439,18.823425,32.69629,22.666298,4.3893843,33.254158,3.750109,23.968039,12.775175,6.4321575,4.897386,16.522839,12.923523,11.769913,21.057127,13.224242,24.966059,34.040268,18.603285,24.729431,22.667154,18.035645,13.582109,30.718485,25.321932,23.405575,14.548436,5.852309,10.896738,22.547789,17.966799,29.796541,26.792156,18.085514,9.85446,21.906736
440,18.697708,31.051922,22.34619,6.96961,32.89321,6.1073284,23.899385,11.823105,8.682883,6.332464,13.195606,14.583286,10.139429,18.378607,16.20729,26.776777,29.387177,18.448092,23.07846,23.35604,19.304348,15.038074,29.103556,21.661083,18.406494,11.664677,8.865535,10.063,23.626139,12.813512,28.444109,25.739382,16.555204,9.373047,21.508965
441,28.64254,28.91342,28.563602,19.229311,29.90559,12.77537,20.586754,10.541888,15.7253685,6.872795,14.658673,14.882398,10.578693,18.583233,16.448147,26.469503,25.314163,22.372282,16.119036,20.610819,14.864873,12.046987,28.161863,24.12451,18.932034,12.404896,12.359189,8.999264,10.8798485,10.514436,27.489836,25.111193,10.321157,13.150696,21.151285
442,29.516922,27.414125,29.759338,24.51724,32.43559,12.609261,21.64026,9.6726,13.781534,2.668942,7.4222026,14.953815,8.0963955,16.187906,15.835266,26.449587,25.645073,24.280283,19.03669,21.199053,19.521475,17.113716,26.755024,24.361866,13.343468,10.043346,12.2112465,7.4051023,15.447476,6.5432086,26.892065,24.383192,12.195695,13.494463,21.33121
443,25.365704,27.475098,24.908493,13.994768,24.36228,19.570911,17.819532,10.791318,24.219736,13.962644,14.299391,18.025476,9.577324,19.412476,22.031242,30.315859,20.645355,18.658808,12.378938,18.523836,9.909189,7.871122,26.137016,19.557915,20.205593,12.987671,20.400354,12.003534,12.256743,10.483285,24.455666,23.688795,10.5061455,10.923055,19.961473
444,23.576674,30.059422,23.302423,9.901926,18.422037,13.531641,17.984663,13.68712,20.071554,10.109788,21.391943,14.224855,11.551841,23.378147,18.079046,28.694496,26.892118,17.304155,15.863918,17.72612,8.622411,6.043223,27.897095,22.445091,28.88501,17.092348,14.14432,12.332635,10.836884,21.250566,26.136362,24.170795,13.022129,10.635813,19.45799
445,21.252785,29.978666,23.790733,11.369875,32.253895,8.676823,23.174276,11.221436,11.408754,5.6925564,11.2748165,15.1438055,9.222664,17.259644,17.372368,28.063463,27.259483,19.30843,21.36118,22.93353,19.41175,15.543026,28.230247,20.7907,16.433605,10.472783,10.86672,9.189557,21.95255,10.035487,27.762732,25.054165,14.942046,10.009186,21.06779
446,20.737383,31.68681,23.66095,7.2168126,30.160347,5.054023,23.088346,12.635131,7.688409,6.1110625,17.388512,13.277872,11.855917,21.052341,13.424183,24.062254,31.747107,19.453596,22.937748,22.028076,16.703121,12.561567,30.037384,25.553032,22.956104,14.979637,6.571045,10.695225,18.953842,17.861443,29.090893,26.42405,16.509132,10.868864,21.914652
447,20.633095,28.476097,23.047836,12.696306,31.993437,11.503384,22.69783,10.221219,14.464947,8.42498,8.848425,16.579878,7.6306176,15.331576,20.2446,29.57607,23.406763,18.567926,19.76005,22.789717,19.48396,16.206532,26.7049,17.358257,12.9272375,8.335543,14.55826,8.775181,22.61632,6.5026774,26.354109,23.92984,13.732477,8.978621,20.406065
448,25.411373,28.764893,26.39841,18.416067,33.203033,15.252783,22.710945,9.478216,19.173498,11.983125,11.18244,18.005991,7.997877,15.089391,22.890297,31.115978,20.598635,20.419481,16.578753,23.735296,18.219261,15.673596,27.338251,17.08628,12.552435,8.255978,17.855558,7.8340955,16.408514,4.6065965,26.990181,24.426655,9.749981,9.980497,21.009096
449,24.905333,30.347208,25.661781,11.204657,23.628675,6.6809006,20.329638,12.9704275,9.604915,6.5321174,21.08549,12.283681,12.90251,23.086315,11.422288,21.380922,30.663046,20.740786,19.867905,18.737131,12.620004,9.081569,29.335974,28.53218,26.320412,17.923735,6.1461773,11.155193,10.399853,21.57152,28.212736,25.780003,14.629618,13.047419,21.30728
450,27.475178,26.59565,26.457214,18.346693,26.113958,21.226175,17.442015,9.891247,25.831781,13.933402,12.783328,18.000582,8.490622,18.198032,22.47625,30.654312,19.569305,19.557955,11.458601,17.995481,10.371148,9.09178,25.343035,18.92204,18.592648,11.933226,22.021753,10.743126,10.155682,8.547469,24.079199,22.902721,9.149553,10.964876,19.425558
451,17.342598,32.588337,22.187057,5.879582,36.35204,3.8496075,26.257387,12.306607,5.9140525,4.436231,11.330598,14.82776,9.734718,17.865265,16.409058,28.071417,31.687963,18.830591,26.524784,25.558489,22.958342,17.937687,30.334776,21.840446,17.16083,10.792006,7.604192,9.929819,29.040777,12.193236,30.022463,26.798378,18.89134,9.084955,22.471464
452,20.017775,32.070553,22.889454,5.138071,29.495417,4.6227837,22.456423,13.011763,7.8209167,5.5813384,18.684824,12.437248,12.257692,22.162666,12.568647,23.936611,33.454765,18.497728,23.13079,20.98002,15.53909,11.446548,30.250076,26.041512,25.394505,15.959349,6.0105658,11.142124,18.8539,20.138353,29.099344,26.29212,17.202744,10.380964,21.35628
453,30.686413,27.432741,30.932325,25.881657,31.50914,12.605299,22.495298,9.6043415,12.91805,5.6575346,8.535802,16.358135,8.866477,15.688974,16.986752,25.551237,22.030348,26.008081,17.669079,22.550882,19.661427,16.43414,27.5366,25.083393,11.766745,9.900745,11.985871,8.406331,12.855941,5.03202,27.783127,25.697105,10.5361595,15.607165,22.926317
454,19.729229,29.224957,22.843428,11.547501,32.78386,8.613041,23.913511,10.685272,10.974396,6.5582557,8.806569,15.99625,8.000624,15.288231,18.939993,28.752417,24.786903,18.969606,21.664164,23.899193,21.282133,17.230495,27.443552,18.38528,12.797315,8.404011,11.781054,8.731003,24.416769,7.0698504,27.291311,24.622566,14.887004,9.405697,21.042938
455,26.554043,30.334076,26.787231,14.202475,24.843908,9.139205,20.32144,12.50964,12.669514,7.0996337,20.242579,13.118713,12.239342,22.181988,13.537581,23.776031,29.240868,21.151033,18.529465,19.339325,12.771174,9.664583,29.180067,26.857117,25.127497,16.579105,8.829256,10.34259,9.914067,19.136328,28.150345,25.566463,13.042678,12.901131,21.153963
456,21.75124,31.081585,23.46098,7.1078973,26.098566,6.4251623,20.94651,12.90604,10.128077,7.1170197,20.524088,12.497318,12.469126,22.656063,12.822967,23.338089,31.52706,18.599539,20.8168,19.637697,13.214414,9.656151,29.411882,25.947094,26.350628,16.879812,7.18166,11.062592,14.363787,21.043882,28.10952,25.540464,15.492014,10.82745,20.801931
457,24.200802,28.824953,25.23185,13.408056,24.419321,8.122563,20.860958,11.9197,10.603679,7.2081394,17.055635,13.835953,11.200781,19.990364,13.956033,22.75487,26.633661,20.69256,19.039211,20.27538,14.575435,11.236886,27.780891,24.888945,20.4128,14.712141,8.463434,9.8082075,12.8008375,15.833386,26.926785,24.86729,13.310783,12.285286,21.188044
458,19.337297,30.52821,22.707994,9.431858,33.870792,7.7277155,24.280344,11.17544,10.617437,6.8067613,11.13159,15.612251,8.977314,16.443941,18.596882,28.967031,26.708782,18.571657,22.120434,24.329126,20.68248,16.450573,28.528759,19.106075,15.355026,9.432659,10.982183,9.126663,24.175444,9.090137,28.174717,25.280636,15.157904,9.116719,21.286459
459,23.570187,26.66945,23.69587,13.273001,25.517382,24.063114,18.086874,10.2033,28.916733,18.938549,11.098394,21.489418,8.06121,17.929817,27.110804,33.640186,16.563984,17.682386,11.150961,19.60729,10.179345,8.662317,24.967684,15.485185,16.338448,11.184364,26.490908,12.814824,15.752627,6.110163,23.076849,23.272652,10.504751,9.220232,20.266542
460,20.380184,29.761902,22.956177,11.187444,32.685287,11.237361,23.354115,10.68632,14.895087,9.451072,10.867125,16.832932,8.34238,15.92316,21.113194,30.67087,23.920523,18.193596,19.838503,23.699251,19.34554,15.735391,27.80346,17.124456,14.37888,8.716936,14.649912,9.080986,22.598322,7.3901057,27.324968,24.65444,13.556211,8.737315,20.758177
461,23.409704,27.308443,23.711033,12.387439,24.639917,20.265213,18.478098,10.762435,24.803244,15.844074,12.890078,19.505333,9.181792,18.551708,24.150845,31.533987,18.503819,18.048452,12.348673,19.814827,10.767147,8.499452,25.748966,17.585228,18.128944,12.047979,21.866789,12.577866,14.754862,8.454804,23.983435,23.747135,10.801598,10.1263485,20.413864
462,21.906055,29.329031,24.398983,13.088883,32.353092,7.275028,23.171299,11.056689,9.172569,2.9692106,9.574148,14.233412,8.862183,16.810411,15.341752,26.484268,28.298508,20.163198,22.446354,22.596796,20.476208,16.648083,27.765772,22.16948,15.473211,10.4736595,8.976812,8.478655,22.174711,9.912127,27.572409,24.74724,15.587166,10.578573,21.008984
463,25.00853,27.861914,26.499382,19.490042,32.48239,12.050663,22.476366,9.975299,13.991479,4.585287,7.169783,15.767189,7.405043,15.27095,18.220049,28.385317,24.75659,21.634657,19.913197,22.13864,20.317574,17.577639,26.578274,20.371563,12.076075,8.408535,13.641886,7.6784134,20.306131,5.7907934,26.619265,24.039194,13.185141,11.0267105,20.848833
464,18.260284,32.575386,22.563324,4.7946906,34.744537,3.446522,24.75988,12.530599,5.682658,4.5103545,14.673007,13.427166,11.181935,19.944035,13.82738,25.466217,33.507053,18.790956,25.453583,23.649141,19.729038,15.124822,30.54425,24.466946,21.163662,13.364395,6.0112906,10.492459,24.649603,15.966861,29.831758,26.791397,18.393253,9.600756,22.148249
465,21.438843,30.98216,22.886139,6.374573,23.330164,6.3678827,20.315393,13.390303,10.592908,7.790658,22.32569,12.2207775,12.71887,23.539341,12.632249,22.861378,31.650156,18.017923,20.568916,18.810844,11.931798,8.556624,29.184484,25.958088,27.747452,17.89303,7.1662273,11.306324,13.255973,23.197493,27.730333,25.206278,15.641098,10.560501,20.434351
466,27.330389,28.700315,27.676483,17.495352,28.876764,10.250439,20.342154,10.980333,12.5095,4.1795917,14.007901,13.339871,10.66927,19.570381,13.365123,24.101343,28.299374,22.134134,18.395256,19.584694,15.120492,12.310834,27.907442,26.309244,20.20414,13.729642,9.372002,9.20916,12.449561,13.307178,27.215265,24.885147,12.68458,13.067012,20.931555
467,22.775013,29.97337,23.518047,8.784714,16.662233,6.1728287,19.518942,14.332872,10.003958,7.5787926,23.49783,12.363086,12.959494,24.200413,11.73675,20.96114,30.09769,19.144129,20.076796,17.94481,10.819799,7.4798837,28.425737,27.147892,27.541752,19.414907,6.440647,11.548103,10.846523,25.018576,26.974,24.940964,15.725937,11.921196,20.751741
468,22.346405,30.345324,24.798405,11.359262,31.58835,6.429906,23.080767,11.706018,8.428723,3.9417343,13.04776,13.817633,10.468641,18.770813,14.087978,25.049786,29.897774,20.414152,22.393234,22.42679,18.702385,14.741541,28.894781,24.444984,18.762337,12.733256,7.588871,9.368214,19.840912,13.180727,28.350613,25.66096,15.6419,11.205446,21.622498
469,23.38365,30.144243,23.427324,9.360883,23.034004,13.870637,18.758955,12.472821,20.021128,12.22581,20.842087,14.801379,11.395218,22.24697,18.725296,28.51267,26.242672,17.131704,15.77707,18.539984,9.696447,7.2266364,28.140717,21.46714,26.882057,15.900816,14.942839,11.652773,11.025376,18.80921,26.46984,24.287243,12.200321,9.888211,19.535196
470,17.724648,31.533875,21.949503,6.4246955,34.207306,5.519642,24.930016,11.940098,7.977965,5.965194,11.916918,14.995127,9.675934,17.785898,16.976105,27.827724,29.627142,18.364973,24.371391,24.39532,21.057085,16.472534,29.419634,20.9242,17.154146,10.771501,8.946812,10.014856,26.547472,11.845688,28.9246,26.051924,17.472359,9.011272,21.829443
471,19.413494,32.158066,22.788082,4.2792683,29.197432,2.705865,22.966421,13.344927,5.0436816,4.905727,18.919727,12.03965,12.599108,22.594683,10.957372,21.9662,34.63237,18.979322,24.710411,21.025803,16.22327,11.955111,30.436699,27.556564,25.37064,16.84883,4.0679784,11.400154,19.489382,21.569933,29.38488,26.619923,18.498007,10.669195,21.857769
472,22.343246,30.91545,23.822708,7.2677417,21.611607,4.680745,20.645155,13.899991,7.809041,6.9273386,22.99431,11.93659,13.39126,24.335983,10.540312,20.240181,32.516945,19.476133,21.771564,18.666544,12.374993,8.789037,29.476164,28.595509,27.648752,19.344389,4.904021,11.548714,12.487546,24.851688,28.087004,25.773813,16.67202,11.821684,21.288332
473,19.430983,31.069996,22.678272,6.9632506,31.682125,6.1523495,23.183199,12.030531,8.888773,6.2962203,14.716658,14.002615,10.722925,19.43467,15.176734,25.832365,30.19103,18.543964,22.613232,22.44424,17.842268,13.775631,29.204931,22.920618,20.375214,12.92873,8.335144,10.309576,21.536198,14.719717,28.377268,25.73161,16.375523,9.754978,21.366732
474,22.592009,30.782787,23.492435,7.787875,19.008444,6.21074,19.92525,14.193548,10.461792,8.0776005,24.237452,12.310043,13.193874,24.441496,12.137115,21.728277,31.186447,18.740301,20.325556,18.323132,10.943383,7.616512,29.099596,26.951366,28.396492,19.303064,6.7614055,11.456133,11.227736,25.229795,27.587645,25.253946,15.629835,11.409479,20.728937
475,29.285084,27.762444,29.003918,22.130686,29.810566,15.4722395,20.662287,9.748324,18.160336,9.09634,12.11961,16.542381,9.309828,16.786442,19.178135,27.849173,21.518955,22.905945,14.862088,21.036444,15.598415,13.122171,27.239454,21.997686,15.140867,10.466429,15.583839,8.808704,11.3192835,6.802564,26.784986,24.729492,9.142693,13.223619,21.296812
476,20.279238,31.665344,22.912727,5.0209637,26.192705,3.6053016,21.94591,13.504475,6.4590917,6.008403,20.702322,11.9980345,12.896833,23.225449,11.033799,21.529003,33.583176,18.854778,23.2773,20.063099,14.481685,10.474305,30.011915,27.537598,26.386683,17.686377,4.6127963,11.467002,16.724741,22.766088,28.778378,26.195633,17.592728,10.90992,21.485529
477,23.111235,26.744408,23.99894,15.120689,29.144108,18.354935,20.098314,9.63663,21.633833,12.540974,8.168691,18.998774,7.043544,15.956086,23.14265,31.045942,20.357101,18.64377,15.663625,20.565523,15.190232,13.212318,25.251526,16.576923,12.783096,8.944864,21.061167,9.892732,19.792852,5.031188,24.28013,23.101974,12.081429,9.318751,20.004072
478,19.97004,30.414883,21.549988,5.5325227,26.380241,10.399652,19.810434,12.265911,15.647616,9.880984,18.839832,13.692598,11.089628,21.545696,16.76262,27.268824,28.745958,16.13367,18.513807,19.014917,11.922955,8.925832,28.238838,21.468838,25.813684,14.938053,12.069217,11.441069,15.828143,18.464975,26.740778,24.30085,14.454308,8.748695,19.380808
479,21.197899,31.329369,23.275932,6.8831935,28.595436,7.040324,21.489992,12.563965,10.753792,6.730078,18.574207,12.974215,11.928812,21.732044,13.9405,24.986786,31.405586,18.346197,21.010641,20.42156,14.352967,10.677076,29.544394,24.764235,25.029829,15.4220295,8.142504,10.901218,16.764881,18.748919,28.317867,25.656614,15.5537615,10.360067,20.810688
480,19.155945,33.005634,23.128532,4.360607,33.687042,3.0327744,24.253416,12.952628,5.288684,4.3733563,16.72391,12.684039,12.137496,21.576874,12.301691,24.113752,35.09109,19.19251,25.514076,22.713064,18.252262,13.733338,31.142206,26.745876,23.993168,15.263296,4.867368,11.169427,22.45899,18.891207,30.248692,27.244595,18.66505,10.359293,22.34774
481,23.151814,27.590866,23.843475,13.342669,26.773924,17.295826,20.0772,10.161738,21.441149,14.976491,12.712444,18.782907,8.812021,16.956882,23.318039,30.354044,18.692448,18.392506,14.005879,21.214968,13.449138,10.8333845,26.258932,16.975496,15.244871,10.318628,19.577509,10.655971,15.781779,7.0628285,24.993483,23.907423,10.341869,10.022657,20.48305
482,25.433735,29.111965,25.438646,14.163847,29.42624,15.759389,19.940607,10.3631735,20.812605,12.439632,16.009552,16.399405,9.947025,18.669708,20.626081,29.724054,23.06602,18.735237,14.69555,20.46699,12.98193,10.605845,27.594822,19.539055,20.167393,12.177865,16.980711,9.7440815,11.817508,10.8631115,26.435596,24.15985,9.945864,10.161542,19.921125
483,18.993782,32.345997,22.425167,4.0654483,31.206034,3.8809755,23.041283,12.900443,6.862209,5.1801414,17.81645,12.397612,12.078463,21.746109,12.57118,24.156347,33.99673,18.255493,23.957685,21.548452,16.475521,12.199619,30.440344,25.744308,24.842402,15.400326,5.6291304,11.137297,20.675964,19.53323,29.368279,26.462217,17.756208,9.987219,21.47768
484,19.368675,31.93544,22.662334,4.732763,30.281357,3.705245,22.8798,12.861935,6.3600364,5.2112665,17.889559,12.3733635,12.135181,21.689194,12.119142,23.27543,33.488358,18.630333,23.77981,21.363747,16.339481,12.087745,30.175806,26.137272,24.431728,15.625197,5.245219,11.066678,19.82399,19.590649,29.138075,26.360237,17.576061,10.3642235,21.566404
485,19.460732,32.2318,22.76752,4.829916,31.07015,4.1681337,23.068077,12.847593,7.0512905,5.2497416,17.6023,12.596182,12.0275135,21.60165,12.7319975,24.195162,33.57975,18.57414,23.768398,21.657784,16.586544,12.320151,30.393976,25.781063,24.424707,15.293993,5.8271885,11.051146,20.393732,19.104662,29.350607,26.494328,17.529263,10.24026,21.597197
486,22.268894,31.024765,22.770111,6.9431,10.960245,5.791175,19.154102,16.25558,10.901526,8.538009,27.667803,12.309983,13.793297,26.84351,11.867549,21.158255,31.872597,18.412031,20.847586,16.992565,9.012632,5.6610966,29.061666,27.912415,31.203596,22.059893,6.509844,12.620829,10.6689825,30.41074,27.24837,25.223774,17.41732,11.6666565,20.774302
487,27.977558,27.12819,28.605476,23.845055,33.211124,13.753599,21.739016,9.3559065,15.459035,3.7876506,6.3916907,15.516132,7.0664024,15.1969185,17.67519,28.049763,24.750496,23.120668,18.852179,21.216276,19.97974,17.901388,26.128893,21.592073,11.814081,8.4364,14.411663,7.0301332,17.578138,4.9931073,26.314764,23.698566,12.103073,11.906311,20.699392
488,26.073517,25.18078,24.939022,16.927092,24.314817,26.718227,16.444565,9.307949,31.488619,18.703798,10.376534,21.557154,7.208226,17.529465,27.102322,33.20644,16.086277,18.164083,9.093446,17.719099,8.078686,7.536478,23.94031,15.458546,15.161093,10.590505,28.838058,11.791582,13.550881,4.911202,21.990585,22.291443,8.821214,9.700715,19.368551
489,24.414982,30.6936,24.98479,10.217755,24.256884,8.039413,19.948248,12.876217,12.174171,7.2170596,21.650024,12.42493,12.683543,23.051462,12.900475,23.428247,30.638578,19.42282,18.995735,18.708002,11.763119,8.537326,29.266493,26.600393,27.203707,17.415266,7.996549,10.813524,10.663451,21.33952,27.948809,25.336164,13.933592,11.807851,20.549704
490,20.134668,31.591745,23.10819,6.9271755,31.12868,6.2869663,23.012882,12.374224,9.334513,6.332731,16.083942,13.791122,11.259777,20.358215,14.884789,25.856632,31.045456,18.714006,22.50375,22.211962,17.036673,12.995284,29.727407,23.814161,22.052523,13.823299,8.175565,10.587088,20.491232,16.149761,28.767315,26.069798,16.349157,10.084308,21.491522
491,25.112377,26.177221,24.391102,14.163084,24.463875,26.734447,16.40064,10.19479,32.02277,19.451113,11.780223,21.493284,8.224428,19.10839,27.15399,33.96017,16.747553,17.693354,9.322642,17.78208,7.5929165,6.7303333,24.450388,16.252815,18.778717,12.514905,28.400393,13.518286,12.931581,7.341319,22.271631,22.796751,9.977983,9.433809,19.751596
492,19.038202,32.1763,22.521095,4.2249784,30.592108,3.2801502,23.094145,13.000582,5.881905,4.9178143,17.8634,12.264421,12.171498,21.856567,11.912038,23.24267,34.121906,18.575583,24.354063,21.464178,16.612251,12.308371,30.357185,26.368544,24.667233,15.7683735,4.9162016,11.166571,20.491402,20.005047,29.334524,26.492382,18.068531,10.263884,21.647718
493,27.573713,28.569256,27.280888,17.192905,27.759022,13.02001,19.333788,10.797569,16.55921,6.886862,15.554563,14.096922,10.634841,19.472012,15.873053,26.190619,25.969887,21.025293,15.697318,18.989767,13.014543,10.461374,27.631283,23.945168,21.168407,13.234958,12.466172,9.5189,10.35194,12.702495,26.727009,24.411945,10.732113,12.497056,20.211813
494,19.101131,23.366785,21.07588,9.824446,14.020213,29.895512,16.533886,12.152445,32.343803,25.479921,5.8624406,27.71961,8.437507,19.133669,32.027523,34.378387,5.9917245,19.251165,7.2949815,20.204615,6.9824886,4.2673273,21.786535,15.339987,13.558878,13.3614025,31.425583,20.830088,19.808466,3.0553637,18.666655,24.297619,13.391585,11.653816,24.111807
495,23.50938,30.218542,23.073895,9.530606,16.487394,13.615576,17.694613,14.227775,20.575665,10.294774,22.414331,14.179584,11.68612,24.094841,18.177326,28.87758,27.149534,17.074564,15.88042,17.258917,7.9441776,5.3665137,27.949589,22.602476,30.037004,17.833828,14.29613,12.713153,10.571447,22.759283,26.099752,24.150108,13.435371,10.662916,19.364777
496,19.726097,30.203663,22.927544,10.650938,33.47088,8.850179,24.283712,11.0897045,11.654274,6.928432,9.825468,16.2287,8.440779,16.00181,19.52063,29.788965,25.786037,18.81275,21.982662,24.330675,21.166576,17.019962,28.249163,18.550915,14.09973,8.836327,12.186963,9.133316,24.972723,7.9069943,27.960634,25.175846,15.216285,9.228727,21.319735
497,23.431654,25.321932,23.518969,13.280554,22.391747,26.232872,16.78556,10.423338,30.492365,20.369947,10.08185,22.603468,8.226443,18.4822,27.664791,33.201054,13.908589,18.184355,9.241702,18.70695,8.297881,6.800896,23.749212,16.010927,16.533916,12.276969,27.899874,14.743233,14.56153,5.7986145,21.518286,23.09071,10.635798,10.064788,20.787682
498,18.20771,33.04335,22.20637,2.7122984,32.6327,2.7269635,23.761953,13.14336,5.480474,4.7343493,17.887486,12.212055,12.300627,22.075977,12.075105,23.95387,35.48893,18.25415,25.321865,22.039194,17.273071,12.805655,31.037363,26.387144,25.2944,15.688208,4.721548,11.389147,22.191942,20.283583,30.00197,26.94992,18.813469,9.783885,21.846972
499,19.761833,30.08728,23.348076,12.210626,34.32468,7.9536095,25.37106,10.972905,10.101381,6.055876,7.95583,16.557415,7.8031693,14.810803,19.749432,29.84607,25.140514,19.680113,23.10134,25.489786,23.360355,18.918594,28.208757,18.270464,11.620006,7.6911826,11.660404,8.516895,26.649782,6.137434,28.29526,25.3694,15.519383,9.623987,21.835058
500,25.832628,26.62642,25.039536,15.63638,25.572615,24.478783,17.260828,9.967492,29.654348,17.091555,12.0633955,20.335485,8.173805,18.41695,25.826706,33.131245,18.336018,18.15108,10.565551,18.384905,9.094396,8.129579,25.122126,16.657906,17.617393,11.473518,26.222261,11.823035,13.325674,7.086208,23.26255,22.96351,9.506389,9.655009,19.584436
501,23.733934,28.317009,25.854385,17.752262,32.834335,9.626394,23.425571,10.302831,11.119307,3.7401252,7.008706,15.502815,7.6275735,15.114982,17.337807,27.601477,25.457691,21.564919,21.533024,23.026138,21.72282,18.31001,27.020332,20.864292,11.758244,8.562105,11.5626545,7.735864,22.041208,6.2722344,27.17837,24.479954,14.345334,11.156762,21.287998
502,18.72182,32.021214,22.97337,7.2176766,35.019875,3.9917462,25.431097,12.220618,5.875323,3.993538,12.039404,14.283955,10.113548,18.301682,15.142356,26.621502,31.65544,19.398886,25.697695,24.623766,21.806599,17.04505,30.028627,23.12324,17.916874,11.679432,6.912335,9.779745,26.25186,13.014033,29.666035,26.564207,18.198252,9.795984,22.314594
503,20.29824,30.639315,22.352776,6.430964,27.474703,7.2681675,20.959482,12.348694,11.248915,7.5485277,18.613146,12.882866,11.507856,21.315914,14.355721,24.873053,30.270784,17.528828,20.428366,19.938229,13.805066,10.369514,28.734774,23.484066,24.706207,15.103153,8.687578,10.738678,16.299152,18.73619,27.531092,24.902592,15.146211,9.700589,20.199734
504,17.904911,32.43855,22.026714,3.8676696,33.53652,3.5837488,24.102674,12.597889,6.199307,5.0341153,15.723166,13.056972,11.377165,20.43199,13.626994,25.19988,33.461956,18.181852,24.855095,22.896341,18.508297,14.01469,30.376017,24.360453,22.419975,13.850988,6.052809,10.763058,23.623383,17.110973,29.52117,26.52752,18.172413,9.4016075,21.74042
505,23.05788,29.990046,23.09653,9.0995655,20.210625,12.688073,18.167543,13.283649,18.764809,9.617034,20.85075,13.831082,11.64393,23.102161,17.212988,27.861925,27.511806,17.225758,16.276546,17.8094,9.053119,6.4046903,27.932096,22.817312,28.459055,16.824472,13.192064,12.17143,11.369882,20.766706,26.191809,24.206293,13.185657,10.487941,19.448708
506,18.9683,33.02755,22.945623,4.0014725,33.48232,2.9728334,24.150599,12.993796,5.3308063,4.460727,16.982244,12.585585,12.185638,21.697582,12.249769,24.08085,35.185158,19.004114,25.466497,22.569342,18.02892,13.513781,31.140163,26.697094,24.302828,15.364918,4.8355293,11.235503,22.39026,19.199297,30.213076,27.202047,18.693727,10.260326,22.254316
507,22.952225,30.491302,23.385834,8.662975,21.9637,10.996087,18.97188,13.262592,16.530226,8.820984,20.998785,13.40797,11.973927,23.238258,15.937663,26.725843,29.02416,17.694845,17.639313,18.311083,10.169841,7.296611,28.52853,23.980701,28.262754,17.047247,11.475218,11.883521,12.079906,21.167685,26.883291,24.694143,13.903513,10.642469,19.870897
508,22.727707,31.520426,23.764212,7.1137514,15.5032,4.4698896,20.39811,15.569395,8.405993,7.969642,26.817743,12.206392,14.174578,26.268574,10.712069,19.876766,32.978245,19.477266,22.035671,18.144938,10.817497,7.2360954,29.874113,29.211346,29.809336,21.525497,4.9983234,12.123773,11.295493,28.973932,28.248703,26.025265,17.451683,12.047281,21.564137
509,22.760534,29.576225,24.643042,13.707884,32.090046,11.623245,22.788416,10.703127,14.928124,8.129015,11.397774,16.34307,8.853727,16.630877,19.740883,29.600016,24.696896,19.562723,19.281593,23.043684,18.526009,15.159661,27.919703,19.208763,15.3042965,9.643493,13.963413,8.941347,20.071405,8.079132,27.409529,24.839172,12.988502,9.98593,21.000013
510,17.989334,32.544086,22.533272,5.707828,35.608547,3.6492457,25.579119,12.376865,5.7600455,4.501423,12.976571,14.17689,10.432375,18.767963,15.160963,26.735613,32.415688,18.948772,25.941055,24.744719,21.459736,16.658989,30.41221,23.107971,18.935146,11.99767,6.805041,10.063925,26.618616,13.867096,29.935205,26.782907,18.466043,9.400819,22.352465
511,20.928135,30.482618,24.254124,13.326963,35.43966,8.582255,25.748928,10.65094,11.201731,7.873877,9.390407,17.066515,8.0498905,14.581142,20.745415,30.323017,24.088009,20.102753,22.092339,26.31666,23.124706,18.742079,28.652895,17.787699,11.491435,7.511476,12.413683,8.020326,24.524593,5.380641,28.763504,25.665077,13.948023,9.7881565,22.116394
512,23.74434,28.824015,23.133484,9.45395,19.929174,16.838312,16.788267,12.53937,22.965666,13.158423,19.945738,15.547727,11.012299,22.805656,19.371227,28.837166,24.91787,16.73277,13.789246,16.475342,7.0970182,5.0793037,26.898455,21.381788,27.504757,16.627317,17.556997,12.838449,10.213788,18.883055,24.88902,23.506126,12.292419,10.11232,18.97521
513,19.707697,31.720203,22.55172,4.828619,28.273596,4.3948846,22.173136,13.049486,7.5270257,6.23813,19.371899,12.344839,12.333371,22.334455,12.30256,23.118986,33.009155,18.333452,22.96117,20.61319,15.058999,11.057416,29.908579,26.032066,25.556065,16.387981,5.8095446,11.237541,18.029213,20.888739,28.732613,26.035252,17.17334,10.293848,21.245636
514,21.75707,30.724602,22.993696,6.7323475,19.948635,5.5891647,20.025251,14.038661,9.625563,7.7822795,23.663715,12.0412,13.119366,24.38181,11.6451025,21.338694,31.716438,18.45288,20.850315,18.27205,11.315205,7.924501,29.025057,27.112411,28.294508,19.206888,6.1479416,11.55905,12.141448,25.208376,27.505827,25.205866,16.170511,11.127844,20.657156
515,27.603233,29.897747,27.12687,15.008577,22.324165,10.840858,19.045732,12.811495,14.861536,7.4009957,20.777632,13.106464,12.307105,22.82751,13.922131,24.268019,28.484962,21.20708,16.922888,17.74312,10.9459505,7.9349976,28.936392,27.240524,26.81624,17.128622,9.942596,11.315295,7.777032,19.996714,27.830725,25.35316,12.536294,13.633645,20.777548
516,19.279509,32.060932,23.1385,6.204108,33.708977,3.9673169,24.34226,12.39469,6.071554,4.517926,14.645388,13.484171,11.19169,19.838802,13.648711,24.992495,32.68414,19.260244,24.710247,23.296734,19.325485,14.828637,30.220999,24.762121,20.781214,13.470472,6.1179338,10.318845,23.18559,15.625851,29.517416,26.609015,17.75707,10.125117,22.112803
517,19.146517,31.840511,22.758114,6.022478,32.69854,4.974928,23.827114,12.367184,7.5635,5.4330945,15.04363,13.723499,11.0803175,19.864082,14.469281,25.649012,31.814943,18.711706,23.78886,22.889318,18.511127,14.161647,29.925093,23.806461,20.987719,13.295376,7.217468,10.417404,22.705095,15.502645,29.10436,26.282473,17.268084,9.799519,21.73174
518,24.407038,30.704498,25.082073,10.465762,17.48091,5.5077457,20.392279,14.596202,8.782104,7.4693933,24.527864,12.476726,13.483618,24.763521,11.018285,20.094093,31.241867,20.595455,21.078323,18.463612,11.786522,8.321443,29.352716,28.90929,27.53635,20.09596,5.5911174,11.320248,10.193261,25.798285,28.060583,25.760456,16.056688,12.807177,21.578558
519,21.262194,29.909979,23.77715,14.174084,35.1337,13.43587,24.83072,9.75575,18.00559,13.801819,10.468477,18.92607,7.09969,13.63454,25.274414,33.316715,20.014385,18.4143,18.78983,26.071753,21.04695,17.823689,27.80127,13.314173,10.373031,6.3083262,18.282564,7.458497,22.035133,3.1723506,27.687551,24.570951,11.135084,7.721306,21.023714
520,31.713848,27.73687,31.409584,25.399862,30.412298,12.050973,21.500605,10.049293,12.553273,4.11068,10.350945,15.082352,9.780253,17.320015,14.790464,24.228218,24.53025,26.118155,17.432262,20.913296,17.850231,14.633491,28.059584,27.525414,15.066188,11.57907,10.32445,8.966585,10.562566,7.8320875,28.134989,25.856329,10.77844,16.362701,22.631166
521,19.28984,31.866606,23.109531,7.4512396,34.272762,4.776183,24.746828,12.198202,7.030343,4.1323457,12.6730385,14.129025,10.2802515,18.682053,15.117507,26.744463,31.57499,19.206533,24.808577,23.96815,20.745386,16.180674,29.88695,23.1767,18.794214,12.0214405,7.3466196,9.818619,24.940504,13.407649,29.388866,26.33485,17.681248,9.8223505,21.968245
522,24.356169,30.50219,24.750935,10.584279,23.361696,9.731115,19.68043,12.890396,14.292611,8.323563,21.23352,13.180552,12.302248,22.804955,14.601378,24.909315,29.217037,19.102606,18.139143,18.827204,11.278703,8.248267,28.92798,25.284334,26.920435,16.949957,9.928679,11.072961,10.850959,20.531427,27.543215,25.121937,13.433043,11.55772,20.449778
523,21.747387,24.568031,22.582987,12.231903,19.80656,27.296337,16.841679,10.951228,30.893442,22.054516,8.264159,24.32304,8.150513,18.390213,29.270962,33.666817,10.817592,18.515886,8.687519,19.419113,8.304328,6.3432097,22.946047,15.510647,15.191886,12.444811,28.971033,16.710768,16.337873,4.5608935,20.506893,23.40282,11.533274,10.515337,21.888788
524,25.02024,24.930294,24.372387,15.881495,22.630762,27.674824,16.782106,9.656442,31.891638,20.720886,9.375589,23.265253,7.2657433,17.591911,28.66199,33.690365,13.954598,18.479021,8.873778,18.548265,8.099303,7.145845,23.779348,15.212462,13.885966,10.714752,30.02727,13.319458,15.436934,3.9057875,21.59392,22.886782,9.567501,10.171729,20.454493
525,27.211363,26.117,25.71244,17.187792,26.457071,26.744255,16.143183,9.439611,32.3886,17.52804,11.911355,20.318617,7.656174,18.419094,26.221298,33.751934,18.46677,17.917242,9.204684,17.00598,7.7228756,7.5291686,24.563898,16.177217,18.205902,11.417051,28.396704,11.316187,11.438328,6.78005,22.685295,22.187073,8.593425,9.232021,18.689415
526,17.734217,31.74535,22.056458,5.9843273,34.465202,4.4230065,25.010635,12.077973,6.6344876,5.0084805,12.323208,14.402489,10.002663,18.147642,15.763812,26.93205,30.814835,18.52796,24.972256,24.313368,21.0787,16.376019,29.663603,21.961468,17.919985,11.347704,7.6221867,9.970974,26.35641,12.803208,29.178562,26.202545,17.88058,9.209331,21.906708
527,19.47879,32.45502,23.395233,5.7367897,33.990192,3.4396365,24.38468,12.608283,5.38449,4.098708,15.297001,13.089806,11.627447,20.59066,12.767265,24.354254,33.955116,19.515944,25.249023,23.098715,19.051064,14.546581,30.654726,26.0355,22.057201,14.331812,5.3147364,10.65438,22.858902,16.976301,29.906244,26.963129,18.248013,10.415376,22.34113
528,21.678486,31.120304,23.136238,5.974895,19.19393,4.2827244,20.385502,14.524511,7.8827147,7.6376643,24.921774,11.826808,13.74976,25.235554,10.451291,19.861917,32.96821,18.86567,21.900698,18.23368,11.416017,7.862582,29.510122,28.553661,28.883972,20.310476,4.7806125,11.838852,12.208114,26.971537,27.94175,25.67606,17.119932,11.427839,21.135408
529,19.133497,31.575478,22.560852,6.3016434,32.374264,6.194868,23.51221,12.186377,9.124243,6.3985353,14.870399,14.193065,10.812167,19.574474,15.616368,26.542698,30.66249,18.365213,22.920835,22.804308,18.089981,13.925286,29.59613,22.699127,20.600597,12.822842,8.605286,10.452478,22.484497,14.712142,28.724575,26.000872,16.668272,9.507735,21.491333
530,18.085808,31.831455,22.249346,5.9141707,33.864456,4.623191,24.708803,12.247469,6.89881,5.1205516,13.01275,14.274954,10.321303,18.764553,15.403027,26.596727,31.24509,18.621159,24.802197,23.881186,20.39804,15.797723,29.793589,22.614834,18.835733,11.992527,7.5556383,10.228406,25.625088,13.706593,29.195517,26.302574,17.951538,9.405962,21.931166
531,19.92184,32.092247,23.479603,6.022657,32.5183,3.6184802,23.72024,12.64134,5.6193857,4.206351,15.955788,12.742604,11.815839,21.029602,12.197722,23.603613,33.7706,19.547537,24.685295,22.302486,18.018854,13.672549,30.413488,26.59119,22.903162,14.965654,5.1006947,10.817942,21.262625,17.948795,29.594202,26.76014,17.944939,10.75142,22.133501
532,22.20723,31.353184,23.141342,6.296105,9.223772,3.1339188,19.947975,17.065132,7.0900397,8.198633,29.569557,11.968888,14.720251,28.02781,9.4361315,17.81779,33.70729,19.452318,22.983574,16.967253,9.731631,6.1208167,29.597696,30.495491,31.307566,23.91038,3.744876,12.803847,10.674733,33.275288,27.826176,25.871704,19.179459,12.233451,21.684805
533,33.84284,26.456219,33.125164,30.57575,31.676622,13.994332,21.62689,8.987535,13.736706,4.522453,7.57289,15.973756,8.519467,15.300727,16.139862,24.63951,21.576557,27.754223,16.24696,21.269669,19.073418,16.238676,27.148258,26.606194,11.519258,9.643984,12.16011,8.066492,9.071737,3.967496,27.75303,25.42192,8.995481,17.254465,22.815535
534,22.231104,30.915083,23.329006,6.7862167,15.548825,4.1749663,20.05073,15.230862,7.8615093,7.657865,26.161844,11.88817,13.967094,25.824245,10.183564,19.18685,32.597454,19.187155,21.801273,17.742481,10.733326,7.1989985,29.337336,28.96862,29.247345,21.216215,4.595884,11.962197,11.183677,28.470068,27.74564,25.593431,17.316467,11.865729,21.216967
535,21.835264,31.052452,23.569237,6.950876,22.774208,4.5759635,20.992052,13.759181,7.708691,6.5264187,22.064972,12.025998,13.098923,23.811699,10.925042,20.916561,32.57549,19.260782,22.075348,19.16181,13.02698,9.344861,29.526726,27.9677,27.002998,18.618011,5.060689,11.362637,13.808607,23.882517,28.199926,25.79433,16.758114,11.522237,21.268177
536,27.91446,25.856361,26.747084,19.583487,26.094412,23.13899,16.968426,9.505533,27.571354,14.339627,11.303302,18.824903,7.9567223,17.671635,23.426916,31.189459,18.621899,19.75545,10.458441,17.658411,9.83138,8.979318,24.72317,18.203886,16.950256,11.100049,23.983885,10.646891,10.7172575,6.6084094,23.361986,22.594465,8.666573,10.879487,19.342373
537,32.7729,26.43618,32.211285,28.01171,29.752092,12.946158,21.292171,9.409925,12.449467,5.107925,8.73889,15.742926,9.289621,16.071995,15.278689,23.293951,21.492443,27.354265,16.116692,20.539948,18.135414,14.732886,27.436754,27.635784,12.767651,10.574001,10.800996,9.373953,8.686101,5.4947743,27.851383,25.806246,9.576639,17.834856,23.023714
538,23.090559,28.1804,23.768639,12.269018,29.029419,16.512775,19.708508,10.245474,21.079489,12.787158,13.127023,17.30897,8.941271,17.761086,21.600554,30.32823,22.032017,17.730534,14.985999,20.222729,13.371261,11.028094,26.485064,17.820257,17.881195,11.074938,18.498281,10.2905445,15.724156,8.972813,25.248169,23.534058,11.280043,9.177856,19.649757
539,17.954975,31.665874,22.283428,6.5737433,34.52823,4.460479,25.191755,12.038365,6.502293,4.9713044,11.924392,14.576228,9.878878,17.927752,15.87906,26.922499,30.530525,18.82083,25.08955,24.506866,21.47357,16.747692,29.630749,21.973448,17.347427,11.169893,7.680854,9.882379,26.48564,12.389483,29.21733,26.253723,17.86991,9.379488,22.057768
540,17.816502,31.879396,22.058,5.4537086,34.04139,4.409007,24.69872,12.219,6.744719,5.24946,13.303503,14.158048,10.396775,18.784895,15.319335,26.486511,31.347103,18.42747,24.77253,23.894938,20.25203,15.6428385,29.810015,22.522793,19.055569,12.026695,7.406427,10.217228,25.531012,13.880219,29.192131,26.27224,17.885994,9.248047,21.8664
541,19.830229,31.839678,22.85978,4.6139627,26.989855,2.6349106,22.438852,13.625583,5.007899,5.1183076,20.030132,11.810963,12.841721,23.215622,10.34739,21.00006,34.561142,19.07497,24.48584,20.30009,15.390331,11.279265,30.170412,28.166908,26.09404,17.786825,3.7250736,11.504836,17.995733,23.03002,29.057638,26.39224,18.52909,10.903996,21.731657
542,30.421286,25.57984,29.773031,26.357653,30.879097,14.257732,19.505373,8.810971,15.794639,2.6741333,7.3490934,14.067734,7.5892067,15.7568245,15.130385,25.416998,24.29464,23.777077,16.40898,18.93654,17.195284,15.686498,25.088362,23.671535,13.402294,9.739128,13.072963,6.7307224,11.746411,6.0462766,25.164774,22.792397,10.247463,13.120005,19.862198
543,17.758234,32.223854,22.17209,5.1290326,34.635635,3.836427,24.940237,12.3633585,6.0741715,4.8337264,13.533091,13.910897,10.585108,19.117313,14.79778,26.198603,32.331585,18.563063,25.394619,24.007338,20.44259,15.810691,30.116745,23.174526,19.628914,12.40432,6.8044963,10.261637,25.769854,14.569981,29.508604,26.498295,18.320494,9.275907,22.029692
544,21.276783,30.450592,24.239124,11.260611,33.02018,6.3467855,24.04928,11.542141,8.28818,3.8901749,11.057461,14.513901,9.574453,17.498695,15.528699,26.593157,29.066238,20.156454,23.2388,23.507578,20.763721,16.491695,28.819832,22.698856,16.502377,11.110829,8.366426,9.075569,22.866903,11.023986,28.522446,25.649973,16.15377,10.641869,21.712873
545,22.85713,30.447979,23.662247,9.198016,24.383793,9.70262,19.705954,12.786937,14.514903,7.544759,19.596684,13.095779,11.701639,22.379158,15.044019,26.003881,29.644127,18.146177,18.650852,19.025206,11.764548,8.745103,28.578493,24.262892,26.702227,16.284658,10.234145,11.10189,13.159364,19.869,27.170706,24.764618,14.110648,10.675741,20.046492
546,17.680367,31.321985,21.523428,4.7493663,32.0544,4.963194,23.464973,12.190517,7.695989,6.092294,14.663373,13.641697,10.6501045,19.477566,14.837609,25.663973,31.025537,17.741188,23.588467,22.477196,18.213926,13.957411,29.281023,22.57058,20.678852,12.850893,7.622136,10.534667,23.331926,15.422741,28.455214,25.708672,17.351952,9.082596,21.213278
547,24.897758,28.287048,26.295345,18.087221,30.205868,11.787323,22.86499,10.249939,14.073822,8.297701,10.41366,16.952753,8.656295,15.507331,19.687843,28.031916,21.569126,21.632914,18.111351,23.620245,19.027187,15.5742445,27.260862,19.921648,12.319249,9.127853,13.529056,8.373875,17.435944,5.9334965,27.010696,24.90688,11.299984,11.913469,21.792986
548,18.932243,32.6882,22.837955,4.213782,33.01515,2.9821017,23.92717,12.89982,5.263354,4.3134565,16.707159,12.485319,12.047501,21.515862,12.092473,23.813732,34.857853,18.950575,25.283985,22.339258,17.910833,13.449407,30.837908,26.578268,24.014908,15.261047,4.7758737,11.132294,22.174906,19.035461,29.93395,26.967575,18.571354,10.271795,22.091276
549,19.597214,31.522642,22.344517,4.2413435,25.306784,3.0146313,21.78524,13.658778,5.877603,5.769608,20.947926,11.693014,12.874031,23.346321,10.587079,21.03683,33.870193,18.454163,23.56612,19.75242,14.304191,10.30211,29.79885,27.452702,26.563152,17.876772,4.1307087,11.461706,17.023584,23.462961,28.551376,25.958393,17.966595,10.6165495,21.253424
550,19.527863,31.968147,22.740078,4.8378234,29.983746,3.7398105,22.815756,12.938444,6.4503803,5.163729,18.080797,12.340915,12.192768,21.83474,12.063081,23.261307,33.578743,18.669718,23.760687,21.283888,16.209282,11.973603,30.210814,26.277668,24.6456,15.785789,5.221861,11.088785,19.626062,19.84546,29.157234,26.374866,17.585447,10.435721,21.563261
551,21.274279,31.931368,23.499256,5.975318,26.66599,4.9188147,21.786484,13.412722,8.315087,6.5183387,21.042688,12.333448,12.9281225,23.310946,12.015202,22.78958,33.23613,18.941313,22.39422,20.184496,14.025698,10.139707,30.24232,27.174671,26.887272,17.52625,5.826087,11.390371,15.840741,22.2926,28.93469,26.287006,16.770294,11.008913,21.433685
552,23.184837,31.687824,24.136593,7.741965,16.48468,5.1016216,20.53694,15.404101,9.148834,8.027384,26.358774,12.463186,14.064161,26.030733,11.3194895,20.709837,32.74165,19.658485,21.770817,18.500765,11.0170355,7.4481854,30.036753,28.963596,29.628237,21.124205,5.6179953,12.050331,11.364008,28.13302,28.43318,26.164816,17.073233,12.156532,21.659286
553,21.088223,23.448528,21.773952,11.772902,16.145544,29.050867,16.451542,10.800507,31.950308,24.521734,7.1355333,26.422264,7.598946,17.981152,31.095417,33.646465,8.325724,18.458788,7.5925326,19.356699,6.944989,4.8614316,22.369295,14.606468,12.087036,11.637569,31.444693,17.526876,18.888353,2.6235256,19.542627,23.542242,11.5242,11.184303,22.42753
554,22.922506,29.49585,23.498726,9.457071,20.558844,9.609257,19.073816,13.027349,13.939362,8.576378,20.48313,13.340971,11.996098,22.5034,14.59102,24.229805,27.785967,18.491167,17.796803,18.327902,10.7211485,7.650549,27.922878,24.559097,26.056267,16.922966,9.903868,11.5467205,11.544688,20.410131,26.433128,24.542034,13.814709,11.338968,20.217367
555,27.596104,26.101158,26.910517,19.403185,27.25899,18.694145,18.026,9.476347,21.991068,11.164542,11.209272,17.028154,8.517624,17.44463,19.995247,28.312105,20.56694,20.595068,12.813695,18.302969,12.181129,10.604908,25.234686,20.433903,16.532038,11.314553,18.894989,9.924503,11.133147,7.5170193,24.233877,23.00227,9.639382,11.6733265,19.72265
556,18.423351,32.651203,22.374802,3.7693477,33.065357,3.2906284,23.875296,12.788692,5.906526,4.8995647,16.826237,12.651295,11.870428,21.203358,12.793938,24.44629,34.282547,18.425327,24.85476,22.47504,17.787144,13.325421,30.67801,25.515682,23.781288,14.778936,5.3993216,10.996357,22.412867,18.532478,29.739754,26.745064,18.212418,9.786775,21.841585
557,22.425081,29.10965,24.023806,11.596575,29.70941,10.270505,21.218653,10.924926,13.557259,7.966467,14.149108,14.74399,10.018192,18.365658,16.831377,26.513733,26.097927,18.956038,18.557178,21.038,15.699043,12.517188,27.603102,21.352608,18.82568,12.032568,11.634949,9.531515,16.556559,11.8994,26.744211,24.43137,13.012246,10.259197,20.412878
558,22.517159,30.773838,22.630901,7.515486,11.174778,7.3922586,18.524332,15.975909,13.283376,8.482626,26.833101,12.429103,13.272636,26.367579,13.124993,23.012772,30.943024,17.829386,19.55492,16.691004,8.401546,5.2228284,28.684904,26.587236,31.413595,21.25184,8.073569,12.541719,10.378335,29.202932,26.840975,24.764683,16.515455,11.372452,20.154003
559,21.88934,28.8968,24.309303,13.822163,32.47955,9.162897,23.34408,10.469679,11.32645,6.1517034,9.550211,15.7119255,8.455231,15.620876,18.069633,27.798458,24.689535,20.049932,20.609173,23.42999,20.359112,16.543882,27.409582,19.774578,13.406409,9.0834675,11.459925,8.487984,21.319582,7.2746615,27.235943,24.655163,13.752961,10.407895,21.175997
560,30.030655,26.935923,30.049522,25.577066,32.082687,13.22242,21.322058,9.416408,14.305786,2.9439163,7.1171966,15.050016,7.9227514,15.900432,16.00395,26.305607,24.804241,24.524294,18.377262,20.931887,19.255123,17.012066,26.399712,24.231726,12.803405,9.810132,12.661151,7.2976685,14.594554,5.9365797,26.569595,24.163391,11.618808,13.704348,21.240679
561,19.84983,31.037003,22.278292,4.558834,22.877296,2.891681,21.205069,13.894257,5.755535,5.989658,21.945932,11.467202,13.040718,23.779974,9.980886,19.945175,33.565887,18.45875,23.233383,18.993006,13.449729,9.608172,29.375463,27.820824,26.942059,18.63276,3.7934244,11.45907,15.596318,24.68088,28.074522,25.606937,17.90121,10.765614,21.044416
562,27.672157,29.637075,27.883965,16.91464,27.430174,10.193092,20.65679,11.590396,13.032539,6.3364577,17.187605,13.736132,11.490568,20.514435,14.179414,24.35736,27.869377,22.186874,17.971096,20.039915,14.20268,11.1666975,28.775118,26.366127,21.96062,14.7561455,9.652622,9.681046,10.644956,15.189982,27.979395,25.521997,12.149296,13.368391,21.399958
563,18.791489,32.706448,22.888138,5.038783,34.473877,3.6490047,24.614355,12.633167,6.0068493,4.502249,15.194328,13.367101,11.413144,20.299816,13.686955,25.434832,33.73981,18.952991,25.249138,23.453299,19.37297,14.789455,30.724611,24.903893,21.757212,13.735895,6.0007305,10.583122,23.968987,16.416672,29.955585,26.911192,18.283268,9.823229,22.184912
564,22.597626,31.295803,23.246536,7.2153635,13.058666,5.8215513,19.611614,15.897646,10.663603,8.544125,27.157303,12.470714,13.892526,26.46081,11.984626,21.337234,31.904512,18.79009,20.895794,17.654362,9.575961,6.158593,29.428183,28.025305,30.651886,21.566898,6.484558,12.459955,10.853461,29.29724,27.66521,25.58144,17.028358,11.813007,21.089714
565,30.863064,27.03577,30.417477,26.049803,32.102303,14.239215,20.511658,9.44594,16.00389,2.4941707,7.9954925,14.531888,8.054087,16.624174,15.69434,26.688803,26.008114,24.23934,17.65008,19.951836,17.961695,16.225182,26.369444,24.461777,14.46225,10.278542,13.288633,7.085949,13.283366,6.9062743,26.376244,23.824856,11.1966305,13.295292,20.640871
566,19.355984,32.28113,22.700838,4.57736,31.150549,3.9591734,23.05777,12.863804,6.8480697,5.146415,17.763536,12.463508,12.101471,21.68082,12.538711,24.047846,33.811142,18.509924,23.8434,21.62235,16.513494,12.2391405,30.436026,25.899733,24.637539,15.398737,5.6078186,11.061089,20.351063,19.33319,29.38243,26.503162,17.577766,10.196464,21.573586
567,20.080025,31.98292,22.691978,5.2195425,29.302664,6.153036,22.072855,12.86298,9.9165945,6.8723063,18.965397,12.924462,12.058119,22.102142,13.91812,25.130796,32.4771,17.989855,22.10815,20.825514,14.8645525,11.004416,30.021515,24.833609,25.570808,15.634332,7.70367,11.212894,18.354628,19.646837,28.773134,26.005688,16.522009,9.9350195,21.02876
568,22.754814,31.446766,23.645947,7.3233643,15.780023,5.403717,20.134005,15.3928585,9.739259,8.199859,26.333616,12.394129,13.907551,25.991547,11.583221,21.012411,32.343742,19.16333,21.331177,18.177246,10.502574,7.0085225,29.70844,28.398232,29.89294,21.05271,5.974072,12.154188,11.268798,28.201155,28.050043,25.844097,16.929651,11.887394,21.324677
569,27.39474,24.88329,26.013706,19.28036,25.391016,26.054068,16.023361,9.1044235,30.716883,16.456594,10.004049,20.149525,7.1352777,17.357878,25.368073,32.375885,17.000795,18.902218,9.0911875,16.968397,8.447608,8.212726,23.622519,16.469585,15.935526,10.702318,27.375711,11.042795,11.357347,5.216314,22.007097,21.83313,8.430143,10.01387,18.889439
570,19.60027,31.943419,22.657509,4.4607263,28.112478,3.3159914,22.487757,13.323622,6.060344,5.494986,19.535608,12.071068,12.603211,22.673042,11.350603,22.23313,33.95524,18.678,23.865513,20.6854,15.436479,11.276815,30.200947,27.048866,25.70936,16.88538,4.6344385,11.356919,18.51459,21.697742,29.056849,26.345692,17.904196,10.580385,21.559353
571,22.778364,30.166508,22.909605,8.406042,17.855415,11.236517,18.365438,13.87608,17.108622,10.182959,22.99803,13.618054,12.243969,23.836578,16.256136,26.151707,27.90078,17.387495,16.934237,17.632587,8.738883,5.950783,28.168802,23.571247,28.936995,17.913496,11.937351,12.26441,10.674189,22.879002,26.404348,24.415176,13.710343,10.677749,19.747416
572,20.012545,29.836803,23.638973,12.479045,34.094887,6.2118235,25.319345,11.114523,7.5709386,3.6549745,7.206532,15.609407,7.943778,15.047808,17.483257,28.095982,26.726711,20.272821,24.329578,24.949171,23.95633,19.315258,28.15409,20.176172,11.85742,8.406182,9.439283,8.43923,26.92888,7.1619716,28.36413,25.38927,16.676424,10.301877,21.90565
573,26.251406,28.996302,26.502785,16.600565,30.863691,15.054989,20.893808,10.113605,19.380821,10.930526,14.327505,16.545242,9.593144,17.528606,20.415411,29.54216,22.868631,20.042757,15.385093,21.495201,14.9253645,12.412269,27.688667,19.729618,17.487251,10.877342,16.248926,8.927578,12.997775,8.595503,26.8487,24.464554,9.793045,10.709089,20.489134
574,18.787155,32.90205,22.609558,3.9167879,32.988,3.546576,23.859118,12.946241,6.3438954,4.8322663,17.118696,12.686014,11.997187,21.525242,12.892322,24.781015,34.631607,18.510109,24.861923,22.417927,17.659798,13.205987,30.912811,25.764767,24.28987,15.016912,5.5730057,11.100985,22.312693,18.882837,29.929409,26.897207,18.29994,9.891957,21.8916
575,19.939919,31.806274,23.775543,8.560458,34.46713,4.4526863,25.157667,12.169693,6.2074404,3.9665194,12.300207,14.303059,10.304749,18.485409,14.86037,26.179781,31.35212,20.027925,25.184937,24.366552,21.421364,16.762493,29.995834,23.856926,18.058685,12.076645,6.906103,9.734288,24.704428,13.086303,29.634373,26.612404,17.717659,10.41978,22.441679
576,23.28784,29.698734,22.903023,8.85496,18.268023,15.464267,17.34351,13.528022,21.987486,11.829173,20.945498,15.083537,11.484268,23.448792,19.238556,29.394588,25.704332,16.812412,14.729983,17.147547,7.573765,5.0910277,27.568079,21.842537,28.949898,17.122005,16.130299,13.240431,10.898442,20.547995,25.58586,24.050444,12.916911,10.465841,19.363836
577,27.768803,26.107264,26.664955,19.52479,26.585304,24.436905,17.589499,9.374542,28.922636,15.669645,10.71191,20.134508,7.636059,17.415691,25.207642,32.42522,18.194765,19.682539,10.646462,18.519281,10.187657,9.423215,24.988901,17.217087,15.307524,10.317426,25.93713,10.591625,12.848203,5.2625594,23.48228,22.941936,8.695906,10.518937,19.767153
578,18.803041,33.275867,22.874153,4.1652365,34.305443,3.4845638,24.532495,12.956587,6.1337023,4.6709876,16.455137,13.064416,11.871645,21.228983,13.357576,25.404259,34.826897,18.815605,25.461657,23.188587,18.699436,14.116679,31.231993,25.640385,23.546894,14.593832,5.735044,11.007837,23.539598,18.065199,30.336874,27.222294,18.607647,9.863535,22.252108
579,23.953928,24.596909,24.02627,15.553122,21.372711,27.64491,17.319616,10.11795,31.076283,21.289335,7.868456,24.347296,7.3626194,17.42598,29.362724,33.715923,11.955404,19.22384,9.081117,19.615862,8.971995,7.4942017,23.409996,15.348143,12.684505,10.861372,29.853735,14.629654,16.867037,2.9233649,21.19312,23.37315,10.436502,10.768547,21.606524
580,20.307922,31.14757,22.635838,5.7728715,26.340296,5.2365303,21.463903,13.018006,8.625384,7.1228843,20.14921,12.435902,12.2819,22.487848,12.5757265,22.873589,31.896488,18.27107,21.954102,20.003847,14.042545,10.327455,29.349531,25.718163,25.821793,16.764177,6.4874744,11.1462345,16.077753,21.359098,28.124964,25.545994,16.438747,10.373978,20.9241
581,22.260418,31.54866,23.1945,6.2021375,8.80561,3.038379,20.021841,17.29493,7.0572667,8.196418,29.944403,11.994897,14.845821,28.339188,9.402688,17.832651,34.027237,19.519648,23.202831,16.973387,9.687207,6.045478,29.7663,30.761272,31.660332,24.220648,3.6645246,12.940507,10.77324,33.819283,27.96537,26.012106,19.444752,12.299762,21.799707
582,19.310198,31.016254,23.545351,12.012754,36.074287,6.6004868,26.838266,11.337738,8.393926,5.1127143,6.9955945,16.804733,7.6309643,14.627887,19.83116,30.436213,26.382458,20.21742,25.200535,26.740105,25.618536,20.689846,29.036009,18.688168,10.846579,7.3413386,10.876425,8.483628,29.5771,5.9307704,29.351023,26.137358,16.983854,9.7822,22.566689
583,21.721504,28.268452,23.08297,12.401425,31.29656,14.453195,21.075315,9.751553,18.989054,12.020489,11.941096,16.907064,8.141904,15.93659,21.827122,30.513075,21.653873,17.339542,16.357145,21.699003,16.011015,13.4492,26.398458,15.953319,15.26833,9.098187,17.303736,8.79463,17.644043,7.106197,25.634968,23.245182,11.078866,8.20195,19.428614
584,18.001694,31.491472,22.432178,8.205482,35.629097,5.29506,26.011995,11.691484,7.334495,5.031312,9.589909,15.580311,8.80738,16.363625,17.827728,28.84176,28.79013,19.065546,25.238928,25.67103,23.465061,18.561192,29.38691,20.10625,14.424316,9.247094,9.123596,9.318245,28.592941,9.322315,29.270144,26.17129,17.608772,9.231476,22.19293
585,19.835012,30.911121,23.314116,8.923833,33.124542,5.4198008,24.300346,11.807079,7.416158,4.4879417,11.951195,14.380259,9.934332,17.954287,15.346733,26.303337,29.740067,19.498953,23.809053,23.709148,20.54741,16.09569,29.142105,22.680225,17.36584,11.513477,7.7879543,9.543518,23.796648,12.1389885,28.71644,25.883892,16.784458,10.173023,21.819216
586,21.755934,30.830853,23.002075,6.381291,16.879583,4.3939676,20.0212,14.909734,8.178734,7.330562,25.03236,11.810669,13.655033,25.395042,10.471429,19.85968,32.535732,18.842266,21.7044,17.85261,10.992061,7.4562345,29.206808,28.49398,28.978615,20.57387,4.811364,11.9646,12.00587,27.490011,27.620958,25.46981,17.2535,11.59985,21.013472
587,17.827332,32.339706,22.47233,6.335121,35.89674,3.737787,25.921297,12.2556305,5.681946,4.182775,11.660512,14.50901,9.907175,18.034664,15.725991,27.29938,31.778938,19.045221,26.250996,25.160826,22.47691,17.574614,30.188745,22.423386,17.523712,11.194802,7.1520576,9.829575,27.827192,12.6261835,29.867739,26.675491,18.618166,9.341093,22.387495
588,19.416046,30.294243,23.122803,11.179236,34.382103,7.2043,25.348558,11.125254,9.253956,5.6170077,8.373247,16.18552,8.11636,15.258734,18.953453,29.294693,26.038536,19.547892,23.51168,25.300783,23.22863,18.644035,28.422413,18.962969,12.420362,8.224064,10.773303,8.779216,26.836195,7.034806,28.438875,25.515491,16.041487,9.659031,21.867088
589,20.016281,31.723946,22.925383,5.237096,28.029272,3.657602,22.420551,13.182663,6.338365,5.6101665,19.286604,12.2129,12.495531,22.431086,11.539324,22.264687,33.399944,18.898052,23.5315,20.750391,15.438252,11.336425,30.037785,26.933422,25.28759,16.707865,4.890121,11.206706,18.03215,21.190657,28.932024,26.260448,17.511234,10.753354,21.57587
590,23.186861,30.308256,23.49171,9.307021,21.478203,11.102507,18.909113,13.22201,16.66657,8.895271,21.018589,13.451612,11.856073,23.053078,16.07398,26.707504,28.58088,17.782232,17.437092,18.363535,10.129838,7.3280997,28.345146,23.748777,27.9638,16.952017,11.611934,11.659523,11.642297,21.0136,26.745768,24.54356,13.589348,10.6924095,19.820093
591,17.967943,31.962772,22.235334,5.6122284,34.365124,4.0461893,24.795465,12.245122,6.271259,4.743875,13.229876,13.947979,10.445554,18.844845,14.899259,26.246618,31.82836,18.60164,25.089134,23.952827,20.439774,15.827459,29.895975,22.940632,19.216259,12.178345,6.9406962,10.112572,25.492744,14.090587,29.319677,26.3285,18.031322,9.35045,21.921465
592,19.522585,31.807957,22.58483,4.6924715,28.728176,3.6997797,22.490404,13.08168,6.5222135,5.563475,18.904394,12.211102,12.339545,22.197361,11.838622,22.774652,33.450287,18.540024,23.55164,20.86638,15.611939,11.468295,30.044283,26.410217,25.176514,16.295351,5.1179333,11.187065,18.771797,20.748941,28.93394,26.207954,17.55132,10.425413,21.434702
593,26.721754,26.369114,26.191696,17.48046,25.983805,18.389404,17.839813,9.983009,21.790339,11.143573,11.7205925,17.020489,8.885151,18.351913,19.750603,28.273623,21.27559,20.161325,13.167034,18.04482,11.565788,9.781177,25.42407,20.990814,17.87325,12.166697,18.501328,10.793236,11.986965,8.924977,24.18902,23.237503,10.588842,11.7093115,19.853743
594,22.336937,29.589718,25.368134,15.530516,33.957466,7.704774,25.182444,10.89878,8.804003,4.201463,7.18531,16.15749,8.041139,15.152673,17.826694,27.976244,25.846043,21.712862,23.454653,24.912767,23.666647,19.319357,28.2249,21.11399,11.376238,8.62132,10.36689,8.376944,24.82481,6.4800587,28.465828,25.685415,15.734598,11.38539,22.414938
595,19.21618,31.606602,22.271626,4.6424346,28.541384,4.083479,22.3608,12.970674,7.0586762,6.033666,18.729378,12.359383,12.095793,21.954165,12.342967,23.124636,32.864258,18.23156,23.260101,20.820284,15.5239,11.46083,29.769377,25.692364,24.906116,15.986563,5.68246,11.130148,18.842045,20.405584,28.663794,25.956228,17.353168,10.140949,21.233835
596,23.302402,26.184448,23.518623,12.480008,21.733953,26.033157,17.32652,11.016652,30.483995,20.507193,10.869571,22.968916,8.679649,19.172298,28.199585,33.917423,14.497988,18.297201,9.77454,19.313726,8.434496,6.5915985,24.61132,16.485832,17.216494,12.60887,27.789663,15.329544,15.705731,6.5733366,22.246143,23.866802,11.151193,10.413894,21.343939
597,24.523052,27.527546,24.66411,14.889318,27.455748,21.653397,19.222078,10.14621,26.31804,15.964347,11.367723,20.172754,8.119625,17.459875,25.611332,33.117855,18.847336,18.427309,12.870885,20.402956,12.117203,10.396,25.940525,16.318409,15.858109,10.347246,24.058018,11.258644,16.308062,6.237242,24.449593,23.671658,10.370647,9.570894,20.2894
598,18.531136,31.951052,21.752953,3.0232413,28.171755,3.3214068,22.239782,13.294071,6.465817,5.8341255,19.796139,11.866692,12.485786,22.702911,11.600087,22.606285,34.108574,17.754814,23.746052,20.384546,15.051612,10.951741,30.021536,26.217134,26.228977,16.732218,4.9251623,11.443518,19.023577,22.016092,28.799494,26.027456,18.024548,9.818261,21.097166
599,18.34533,31.703842,22.151329,4.976206,32.80938,4.209893,23.668392,12.227064,6.808504,5.443621,15.448376,13.218095,11.12417,19.804771,13.930488,25.006086,32.000393,18.220934,23.79792,22.727304,18.140768,13.798991,29.742586,23.667019,21.422825,13.373801,6.55772,10.345944,22.404387,16.033167,28.921133,26.04455,17.15267,9.459758,21.467611
600,18.989937,31.153444,23.165756,10.18663,35.615585,5.461689,26.209442,11.571436,7.1618423,4.0524216,8.160917,15.798998,8.391805,15.698827,17.917095,29.06423,28.161686,19.82692,25.40224,25.860441,24.517847,19.49293,29.208925,20.231367,13.044404,8.722783,9.157537,8.962783,28.7871,8.072634,29.306799,26.150131,17.6032,9.859371,22.337215
601,18.865343,32.249195,22.903345,5.941187,34.235466,3.9259906,24.665369,12.416076,6.1356587,4.5022845,14.236158,13.667708,10.977215,19.559189,14.153999,25.650784,32.656254,19.066778,25.022463,23.685602,19.886187,15.29976,30.299042,24.181137,20.364887,13.029349,6.385264,10.245602,24.223824,15.152692,29.643366,26.642088,17.959148,9.839838,22.121668
602,25.404728,30.077084,24.991974,11.504441,21.964613,12.753126,18.217009,12.8719635,18.329086,8.979959,21.311628,13.514273,12.035149,23.041786,16.122665,26.865437,28.053701,18.604792,15.83282,17.427942,9.27097,6.6469274,28.438885,24.251896,28.22945,16.807016,12.661274,11.607714,9.227916,20.206636,26.877745,24.564621,12.332433,11.481903,19.658287
603,22.880243,25.126055,23.380066,13.808002,22.223568,27.184872,18.191786,10.109974,30.612637,23.18794,8.149982,25.05419,7.456569,17.216377,30.342276,34.136864,11.125962,18.814796,9.622367,20.667402,9.896886,7.9722033,23.895096,14.711826,12.119706,10.735469,29.943707,15.003997,17.992216,2.5710769,21.671776,23.83914,10.787022,10.503046,22.042097
604,28.239271,28.953487,27.475573,16.279064,21.313374,10.82088,18.376814,12.635349,14.278228,6.5720744,19.834036,12.713633,12.04851,22.773636,12.838426,22.990896,28.244862,21.790852,16.656494,16.621243,10.767774,7.80771,28.306051,28.317963,26.666065,17.384596,9.228149,11.62154,6.4854374,20.076769,27.362993,24.97648,12.676375,14.398804,20.62705
605,20.993544,29.608093,22.084444,7.5586743,23.78349,11.167815,19.432564,12.241074,16.288479,11.343768,19.393766,14.250807,11.002791,21.44545,17.220015,26.52461,26.6515,16.794464,17.5928,18.887606,11.363495,8.635358,27.599915,21.41458,24.947079,15.369558,12.687632,11.373703,13.563537,18.485014,26.13187,24.010689,13.604153,9.313551,19.578833
606,21.965916,30.686604,23.041388,6.8137527,18.758059,5.5551214,19.83725,14.237879,9.653841,8.206653,24.672071,12.039612,13.324072,24.707323,11.509255,20.891632,31.604397,18.465538,20.671898,17.996313,10.812987,7.4785714,28.983973,27.216047,28.723957,19.717033,6.1563754,11.578951,11.246049,26.068562,27.440058,25.13462,16.078247,11.183828,20.627634
607,18.798307,31.890352,22.978287,7.3578396,34.784508,4.0650473,25.336622,12.170264,5.9510703,4.038303,12.035005,14.291811,10.091051,18.198925,15.163329,26.55955,31.37721,19.39633,25.489336,24.54172,21.716877,16.949972,29.935335,23.016014,17.758642,11.597963,6.957052,9.73572,26.020704,12.851268,29.57668,26.492783,18.024403,9.84007,22.258493
608,19.700375,32.03048,23.056122,5.262427,30.90093,3.606105,23.178926,12.8376045,5.9916606,4.859408,17.396626,12.483848,12.112955,21.58532,12.023875,23.235037,33.67249,19.065817,24.137074,21.687782,16.850203,12.56388,30.320988,26.527893,24.042702,15.567019,5.066839,11.019846,20.127436,19.241026,29.353945,26.567537,17.718979,10.625231,21.838892
609,22.434048,30.872082,24.920784,11.413653,32.30934,7.4511147,23.584488,11.66652,9.922567,5.628224,13.57222,14.7909355,10.487653,18.469568,16.005255,26.666672,28.678516,20.344408,21.721725,23.414171,18.854305,14.751521,29.333538,23.196041,18.290382,12.103985,9.121977,9.4710045,20.022902,12.058857,28.734325,26.04341,14.857852,11.043255,21.949013
610,23.368616,30.018244,23.12361,8.795037,18.97733,14.19439,17.749851,13.498089,20.555101,11.22993,21.66986,14.541298,11.827261,23.54068,18.259317,28.476809,26.637058,17.055931,15.354466,17.37438,8.002219,5.4297175,27.96594,22.453833,29.032999,17.21223,14.788868,12.804769,10.686247,21.043528,26.054037,24.277302,12.937929,10.536451,19.483643
611,18.89186,33.838287,23.40456,4.520054,36.187054,2.9353857,25.576307,13.047911,5.0771985,4.0692554,15.481387,13.421978,11.821436,21.042206,13.410739,25.656445,35.63287,19.535067,26.766064,24.216599,20.263992,15.485087,31.783365,26.22121,22.678127,14.352453,5.3658514,10.990405,25.304804,17.41774,31.039646,27.835365,19.400646,10.086331,22.94972
612,20.561226,31.29594,22.581459,5.660248,26.39498,6.44615,21.026896,12.984074,10.463821,7.4860835,20.461878,12.537465,12.260544,22.661621,13.380734,24.041056,31.781982,17.79384,21.129478,19.65288,13.270937,9.719738,29.400566,25.069397,26.592201,16.60257,7.6492133,11.251591,15.708554,21.224874,28.059855,25.416801,15.948383,10.088261,20.552729
613,19.064793,32.869457,22.821365,4.3124,33.125595,3.7705586,23.888323,12.869762,6.5524797,4.9813786,17.08845,12.82913,11.999111,21.407808,13.067219,24.871984,34.351624,18.66404,24.64986,22.553791,17.688658,13.252556,30.907919,25.694828,24.041973,14.911126,5.757474,11.015322,22.057318,18.516645,29.929804,26.91962,18.039364,9.975058,21.956608
614,19.093143,32.45287,22.800735,4.438424,32.286644,3.3634877,23.613426,12.82653,5.7968683,4.7915797,17.084562,12.540163,12.061365,21.480879,12.296227,23.786934,34.221992,18.840307,24.64532,22.130854,17.38286,12.989632,30.629782,26.265368,24.044697,15.250012,5.1085176,11.086159,21.37129,18.974527,29.67666,26.782722,18.073877,10.281967,21.938553
615,21.160347,29.131763,24.378399,15.110623,34.10267,8.277575,24.994783,10.593996,9.768939,4.6127796,6.311216,16.259783,7.255097,14.310707,18.812874,28.88986,25.060024,20.73586,23.1478,24.780977,23.808683,19.713829,27.51468,19.093063,10.3155155,7.437257,11.535807,7.932684,26.013258,5.3408213,27.810833,24.943146,15.491854,10.274031,21.7376
616,21.168495,32.14397,24.310886,7.5570707,32.33096,4.5387716,23.70533,12.630703,6.7122726,4.4480815,16.080114,13.162205,11.865753,20.992645,12.820867,24.229519,33.17054,20.078917,24.067507,22.539799,17.949938,13.6552725,30.54011,26.612585,22.667831,14.900066,5.8184443,10.657759,20.365938,17.341017,29.712214,26.898773,17.29598,11.180908,22.31106
617,18.430412,33.0693,22.815311,4.663107,35.386436,3.3714797,25.093576,12.703894,5.6700654,4.4223514,14.921057,13.508041,11.364394,20.240908,13.910249,25.806974,34.166595,18.96892,25.856953,23.94723,19.991493,15.310365,30.998657,24.833294,21.580618,13.555214,5.9692836,10.621553,25.058895,16.259014,30.271414,27.150648,18.691036,9.669546,22.401539
618,27.730337,28.423973,28.448437,18.881632,29.524508,9.6066,21.54969,10.66556,10.654223,5.2817926,12.909314,14.407452,10.598114,18.416275,13.91866,23.219706,25.993233,23.587292,18.605526,21.13287,16.863312,13.463483,28.08492,26.63098,17.346485,13.000961,8.785773,9.326759,12.402656,11.055291,27.694506,25.604454,12.239492,14.323024,22.152346
619,25.90549,30.112091,25.900537,12.39731,22.175524,9.381704,19.166683,13.037445,13.426426,7.1109967,21.310194,12.6235695,12.571841,23.262726,13.048911,23.504347,29.630135,20.27839,17.927607,17.763647,10.960077,7.8512635,28.937456,27.282104,27.420746,17.697287,8.744593,11.371403,9.091224,21.299448,27.669691,25.26199,13.570423,12.847853,20.600584
620,27.32111,25.605858,26.072533,18.560598,25.747309,24.830069,16.494701,9.4039,29.617857,15.904329,11.069225,19.645372,7.6444902,17.740288,24.790112,32.172398,17.894476,18.936197,9.734288,17.343431,8.893285,8.327674,24.319456,17.057262,16.9252,11.055107,26.065504,11.043523,11.228959,6.2473035,22.73998,22.266731,8.627448,10.1885605,19.065573
621,27.43742,26.233019,26.094868,17.98119,26.4358,25.476944,16.635149,9.5184965,30.799213,16.336723,11.840771,19.871988,7.7916555,18.217243,25.418179,33.078655,18.823315,18.561178,9.8331785,17.44638,8.575037,8.148192,24.80822,16.798336,17.658588,11.172337,26.957132,10.976231,11.669783,6.706015,23.078878,22.462498,8.655786,9.70886,19.003029
622,20.666016,32.460835,23.243809,4.8319426,27.058035,4.2808733,22.21116,13.681069,7.6656632,6.8062167,21.700697,12.332527,13.203565,23.752827,11.89994,22.665102,34.05275,18.835775,23.134212,20.48912,14.235265,10.241003,30.676926,27.494904,27.455093,17.930208,5.4305224,11.692482,16.582937,23.18368,29.326849,26.640747,17.407555,10.80637,21.711731
623,18.670856,29.675093,22.057552,9.990663,33.374023,8.903095,24.146008,10.795639,11.797886,7.602583,9.047169,16.337294,7.8724217,15.3123455,19.955507,29.86276,24.814335,18.099667,21.860344,24.146572,21.352673,17.289995,27.64324,17.271313,13.082321,8.165162,12.654182,8.943329,25.641268,7.1348424,27.424234,24.63622,15.215895,8.575821,20.876543
624,22.673187,31.720043,24.515703,8.358461,28.273024,6.5401716,21.874926,12.818082,10.049284,6.573264,19.656008,12.971819,12.478157,22.209648,13.363059,24.261822,31.77762,19.50044,21.202414,20.859385,14.425619,10.64014,30.14106,26.237652,25.413006,16.197823,7.31782,10.794013,15.291427,19.508123,28.947777,26.25782,15.283396,11.33156,21.47518
625,17.622955,31.680088,22.090483,6.7313943,35.058266,4.666136,25.549623,11.973025,6.740332,4.8513026,10.870253,14.932008,9.425886,17.370636,16.646833,27.827944,30.116066,18.715147,25.390518,24.945164,22.37027,17.536621,29.562574,21.171814,16.323536,10.4158945,8.208247,9.77028,27.888487,11.329985,29.249517,26.219795,18.092545,9.152964,22.064417
626,23.023438,30.061386,24.933924,13.3418255,32.311275,10.972608,23.110556,10.855196,14.286275,8.334463,12.522079,16.282324,9.375408,16.993925,19.426105,29.246872,25.049063,19.81736,19.361267,23.39693,18.480156,14.856217,28.48569,19.844532,15.91375,10.1087055,13.244888,9.044188,19.45036,8.6724825,27.932865,25.30625,12.873877,10.327502,21.347864
627,23.854994,29.904861,23.051685,8.997709,18.691618,16.882992,16.861126,13.501024,24.126295,12.098716,21.193804,15.195815,11.320833,23.710106,20.116524,30.818312,25.870193,16.361132,13.972702,16.650969,6.8594475,4.55477,27.621729,21.317408,30.123981,17.16123,17.569698,13.308447,10.252181,20.707396,25.56513,23.847755,12.507423,10.213811,18.894566
628,23.370417,29.604902,22.945625,8.468153,20.784765,17.273598,17.248528,12.790525,23.852215,13.484759,20.026186,15.94812,11.199308,22.988491,20.493654,30.384884,25.028969,16.442518,13.8660755,17.244465,7.3642483,5.101102,27.51768,20.96757,28.144783,16.448153,18.119347,13.297243,11.241076,18.653305,25.402845,24.008366,12.364392,9.962738,19.25162
629,21.944016,24.852028,22.668995,11.654377,18.529097,29.834297,16.935827,11.245642,33.37473,24.81621,8.21208,26.479008,8.212646,19.07783,31.634724,35.162666,9.778922,18.736147,8.021455,19.777615,7.290262,5.2588634,23.412582,15.355768,14.616465,12.638943,31.961329,18.069056,18.16231,3.89498,20.556873,24.228668,11.911789,11.005499,22.794527
630,18.496107,32.675747,22.373915,4.301627,33.463837,4.33288,24.021545,12.711436,7.2594934,5.262364,16.04391,13.288317,11.457869,20.710972,14.115929,25.893852,33.512596,18.257599,24.553766,22.844282,18.280035,13.847095,30.579752,24.34085,22.849401,13.970319,6.7217216,10.83643,23.326656,17.176008,29.662535,26.640047,18.023006,9.471407,21.74964
631,26.682104,29.68658,25.970205,13.502835,20.741488,13.073082,17.91695,12.997604,18.23757,8.600184,21.123531,13.503539,11.995696,23.25427,15.551448,26.179232,27.852114,19.644655,15.660464,16.85668,9.176729,6.663855,28.25079,25.304642,28.031025,17.204,12.558174,11.737053,8.230235,20.435247,26.789854,24.5871,12.4235935,12.326466,19.87623
632,22.29494,31.200348,23.180527,6.7490606,14.080766,5.0403433,19.807959,15.664826,9.426077,8.22416,26.889698,12.21421,13.980417,26.289875,11.19834,20.40887,32.344913,18.868528,21.338858,17.69163,10.0084715,6.5232263,29.433485,28.442839,30.194794,21.500143,5.63899,12.304864,11.115689,29.125883,27.712557,25.611103,17.246967,11.763482,21.145216
633,22.635014,30.461433,22.708012,8.014933,14.551158,9.778952,18.35719,14.897157,15.836512,9.643298,24.851349,13.140916,12.634344,25.071648,15.138712,25.040878,29.179474,17.473516,18.030869,17.12012,8.427384,5.518909,28.368544,24.753584,30.314913,19.480408,10.5402565,12.480333,10.48265,25.943247,26.560457,24.520031,14.984867,10.918204,19.866299
634,18.809113,30.55266,21.943352,6.1379247,30.156584,6.1150475,22.438437,11.977392,9.017059,6.973382,15.460967,13.586548,10.725753,19.713787,14.80173,25.048283,29.760704,17.91392,22.075073,21.53959,16.696083,12.817892,28.676819,22.711216,21.21568,13.380596,8.256293,10.519167,20.370522,15.8442135,27.770023,25.229351,16.18926,9.508297,20.88188
635,19.444141,31.73699,22.498446,4.5001206,28.184155,3.479501,22.390654,13.160719,6.249774,5.7034383,19.321266,12.107463,12.454793,22.397438,11.553424,22.312794,33.502254,18.52524,23.594625,20.681084,15.390307,11.273747,29.983244,26.623318,25.40984,16.61354,4.859026,11.256554,18.409296,21.280851,28.85572,26.163034,17.640078,10.441238,21.42659
636,27.351284,29.659824,27.19196,15.574516,26.02984,11.7727375,19.670465,11.759478,15.556787,7.523207,18.314106,13.844519,11.659764,20.985706,15.290613,25.609549,27.163416,21.097,16.435892,19.103613,12.294923,9.375128,28.680437,25.304592,23.68451,14.890687,11.278486,10.342806,9.738809,15.804785,27.625154,25.24237,11.482573,12.962641,20.778685
637,21.818853,30.834484,23.087643,6.295921,17.34919,4.315303,20.066782,14.767864,7.9377165,7.7846007,25.444708,11.831448,13.787912,25.428776,10.315404,19.429173,32.549267,18.896193,21.671818,17.846998,10.944935,7.4476843,29.235706,28.579594,29.007717,20.711107,4.7810364,11.891663,11.518017,27.61772,27.65589,25.476362,17.115334,11.557938,21.053904
638,22.070438,31.068192,23.384125,7.747756,25.611656,8.6426525,20.388117,12.928804,13.225704,7.5741997,19.970976,13.026288,12.005314,22.570137,14.671298,25.674448,30.666767,18.071503,19.659029,19.4764,12.431115,9.164295,29.171106,24.584934,26.798374,16.348604,9.464268,11.263539,14.467888,20.258566,27.765198,25.241932,14.854452,10.4696665,20.382048
639,22.994396,30.631018,23.888056,8.62534,15.788159,4.8557196,20.202318,14.99426,8.420983,7.588793,25.162489,12.250805,13.516017,25.105774,10.866495,19.760736,31.588406,19.667435,21.533768,18.176691,11.283524,7.8552346,29.081919,28.448235,28.11168,20.542767,5.298828,11.527348,10.951055,27.15129,27.667196,25.459967,16.717354,12.11516,21.291908
640,18.334122,31.566729,22.057966,5.077979,32.13639,4.669771,23.510042,12.284301,7.3177934,5.9470825,15.398017,13.430657,11.037678,19.918589,14.2637205,25.150476,31.572578,18.181,23.650974,22.50891,17.968788,13.695917,29.607824,23.520126,21.442816,13.461837,7.038082,10.575094,22.346865,16.162231,28.758001,25.986092,17.244734,9.499401,21.455917
641,20.573996,31.323265,23.020403,5.6853156,25.544802,3.860429,21.72237,13.419723,6.687662,6.1101055,20.6162,12.032986,12.777106,23.060652,11.078799,21.359816,33.00901,18.948889,22.919163,19.913958,14.298165,10.385705,29.711649,27.397306,26.081783,17.637106,4.7764025,11.313412,16.088686,22.573431,28.505568,25.973824,17.25592,11.0161705,21.381754
642,20.21428,32.11774,23.676233,6.182284,32.193527,3.6637683,23.652275,12.699619,5.65278,4.424054,16.415932,12.733775,11.987836,21.2644,12.061109,23.336329,33.781166,19.710733,24.564472,22.19187,17.755836,13.432702,30.488886,26.920797,23.22118,15.275157,5.0308995,10.90285,20.656212,18.336756,29.642899,26.841377,17.849588,10.934483,22.218775
643,18.08247,32.320957,22.336895,5.289901,34.519577,4.137954,24.819304,12.427896,6.532827,4.751343,13.705435,13.9130125,10.656923,19.30686,14.8693075,26.458296,32.47586,18.58242,25.23383,23.872808,20.251858,15.641938,30.21259,23.286486,19.978188,12.531885,6.9870567,10.310249,25.543913,14.708276,29.564754,26.53457,18.274021,9.342983,21.986422
644,23.495754,29.401432,23.10065,8.986084,20.667479,16.57065,17.372898,12.703411,22.856115,13.0731325,19.981564,15.690128,11.208428,22.684488,19.925177,29.636015,24.828127,16.728306,14.034658,17.331099,7.748228,5.4187827,27.401382,21.145092,27.596264,16.347874,17.353067,12.9758,10.838219,18.516993,25.405771,23.939674,12.227167,10.151646,19.292917
645,19.459759,31.633167,22.211857,4.4919195,27.456059,4.7397776,21.898226,13.113022,8.159032,7.060406,20.088333,12.4156885,12.328543,22.580814,12.656196,23.208426,32.696053,17.952417,22.649145,20.36624,14.4932,10.639205,29.710499,25.616364,26.045103,16.659428,6.2972755,11.338289,17.485073,21.526052,28.468012,25.802387,17.041199,9.984993,21.040958
646,20.182756,31.53201,22.86311,5.5603824,28.088297,4.473336,22.061462,12.987539,7.50159,5.8050356,19.041348,12.280777,12.283756,22.200947,12.097162,22.973238,32.863663,18.60111,22.807924,20.517817,15.080289,11.094573,29.81061,26.25476,25.297382,16.321398,5.688882,11.089902,17.679646,20.596384,28.670847,25.986893,16.987041,10.575703,21.236788
647,18.45076,32.311592,22.516304,4.8351507,33.646706,3.5964038,24.275396,12.546895,5.919206,4.732273,15.237229,13.214161,11.311755,20.219006,13.515286,24.988085,33.27605,18.705128,24.96478,23.084875,18.952374,14.440366,30.349665,24.674961,21.726164,13.748919,5.943596,10.595694,23.563631,16.594564,29.571115,26.612022,18.133411,9.746912,21.958939
648,21.536816,28.644096,24.326729,15.448093,33.279152,9.727881,24.0482,10.371325,11.609001,5.32589,6.7652664,16.272495,7.216898,14.474971,19.19788,29.077152,24.421326,20.34007,21.775097,23.933012,22.310207,18.682781,27.016516,18.539877,10.824451,7.4827094,12.732685,7.9634523,24.509903,5.3354144,27.155901,24.439514,14.578025,9.97179,21.215271
649,23.867601,30.338226,24.608833,9.95658,24.318642,7.988595,19.950674,12.686841,11.873786,7.386134,20.935915,12.516851,12.446938,22.681,12.963202,23.216509,30.116642,19.291094,19.046207,18.757902,12.004804,8.787847,28.9252,26.258001,26.463467,17.086367,8.013405,10.841537,11.183509,20.755632,27.634178,25.15624,14.02685,11.659568,20.521341
650,18.019869,32.510845,22.552042,5.8474417,35.59348,3.712897,25.606009,12.36924,5.804416,4.446858,12.7782135,14.236634,10.36231,18.685558,15.25039,26.83971,32.312847,18.981382,25.964773,24.785456,21.585075,16.77407,30.38035,23.036465,18.75438,11.905316,6.880334,10.046786,26.763582,13.694955,29.920797,26.771126,18.490807,9.420996,22.360666
651,18.685688,32.116074,23.412567,10.825126,37.603733,5.874035,27.8295,11.735294,7.8180594,4.953919,7.2045712,17.001902,7.7861943,14.916581,20.211174,31.377707,27.692179,20.142862,26.499432,27.658976,26.686405,21.433043,29.922655,18.743088,11.286905,7.326266,10.640316,8.699987,31.647459,6.3286943,30.265472,26.80028,17.967089,9.521004,23.012812
652,30.00052,27.102821,29.857952,25.089693,31.759314,14.011514,20.786095,9.533696,15.682899,3.2162704,8.081554,14.882141,8.036154,16.3992,16.2043,26.796782,25.376734,23.960775,17.718079,20.275873,18.112095,16.149595,26.431892,23.827862,13.919517,9.96249,13.469306,7.3477154,14.15463,6.624587,26.424627,23.959806,11.313903,13.134796,20.794756
653,29.674797,26.73917,28.891424,23.251095,29.281843,17.742878,19.163721,9.559298,20.626904,7.295982,9.9236145,16.21868,8.258572,17.176414,18.879942,28.46997,23.072853,22.392937,14.6648035,19.087336,14.536137,13.058406,25.958593,21.899994,15.461546,10.423262,17.481033,8.498088,12.316994,6.9099355,25.351812,23.499264,9.910923,12.400892,20.163702
654,19.219677,33.211777,23.040516,4.4573803,33.67469,3.9797044,24.224228,12.96934,6.809773,5.0798807,16.987597,13.116447,12.003383,21.46022,13.492639,25.439615,34.534126,18.832705,24.912266,22.93173,18.089666,13.599393,31.200697,25.67706,23.966509,14.827092,6.0768776,11.077705,22.628168,18.315363,30.230928,27.178364,18.223124,9.995588,22.183725
655,21.30225,29.816399,24.112888,12.572105,33.235016,8.130475,23.965883,11.033365,10.287336,4.8233237,9.442549,15.410194,8.642422,16.266754,17.50772,28.18324,26.861553,19.960772,22.264175,23.73771,21.218086,17.141987,28.144136,20.598465,14.358799,9.518721,10.561735,8.768726,23.531397,8.440812,27.962645,25.164177,15.303028,10.248139,21.42501
656,20.764025,31.343725,23.13384,7.249463,30.290102,7.713398,22.09118,12.237246,11.464472,7.055457,16.994976,13.732394,11.309765,20.620987,15.450373,26.473944,30.428713,18.213835,21.033459,21.391546,15.564998,11.853652,29.432753,23.202457,23.121405,13.985521,9.353788,10.576707,18.566082,16.401628,28.333014,25.62015,15.32204,9.867812,20.884478
657,24.872051,27.676813,23.825474,12.096665,24.888899,23.507662,16.59366,10.621658,29.987123,17.34503,15.286926,19.00828,8.938155,20.122887,24.96537,33.381474,20.539783,16.40211,10.814789,17.305777,7.4950266,6.4081078,25.729057,16.988142,22.421902,13.315944,25.220308,12.366144,11.792849,11.236638,23.658031,22.780497,10.094143,8.831518,18.678442
658,18.128532,31.802841,22.651173,8.045914,35.920525,4.6567163,26.212439,11.9031105,6.522454,4.3890924,9.809124,15.315864,9.0519905,16.742023,17.15284,28.439428,29.80251,19.313978,25.889465,25.699095,23.67286,18.684628,29.707048,20.971178,15.027814,9.742048,8.387935,9.403852,28.752218,10.117232,29.60253,26.42569,18.139957,9.430734,22.387175
659,24.891584,29.182707,26.905804,18.171858,33.15599,9.239428,23.858877,10.732702,10.565065,3.3888474,8.030504,15.520121,8.379486,16.024147,16.799232,27.435228,26.60912,22.49184,22.020027,23.470264,21.767563,18.10754,28.006363,22.596697,12.989662,9.549402,10.76969,8.132206,21.47759,7.3527083,28.108551,25.370422,14.664963,12.066066,22.019466
660,22.710646,29.643381,22.658775,8.239777,21.46003,15.8119545,17.838148,12.667336,22.169176,13.2822485,19.998293,15.555373,11.112547,22.538944,19.935377,29.616627,25.150291,16.43344,14.749419,17.757986,8.41292,6.041242,27.530394,20.833252,27.368649,16.13898,16.908869,12.810911,11.672309,18.64017,25.59472,23.977573,12.569782,9.693039,19.306995
661,23.896671,27.181192,22.96302,11.015692,21.554377,21.975866,16.09977,11.154675,28.138329,17.068033,16.281775,18.381897,9.249704,20.805134,23.503345,31.512098,20.572964,16.204542,11.234984,16.592411,6.712393,5.476052,25.223787,17.784538,23.345238,14.508425,23.54905,12.816079,11.245198,13.480376,23.101309,22.493137,10.915575,9.078508,18.628918
662,19.163246,31.622162,22.344849,4.2633743,27.81846,2.8484492,22.4271,13.266766,5.3533845,5.1923337,19.166494,11.876705,12.442644,22.457996,10.936904,21.659864,33.89621,18.565275,24.112677,20.53044,15.592767,11.45296,29.882599,26.995607,25.305607,16.818146,4.2065134,11.252268,18.737486,21.714996,28.803051,26.106716,18.111225,10.456618,21.430906
663,23.558252,29.733116,26.033394,16.40501,33.317505,9.393879,24.513287,10.925326,11.052596,5.0028114,8.517327,16.35796,8.391587,15.838061,18.385986,28.582954,25.815067,21.811962,22.097532,24.376818,22.03841,18.08466,28.385,21.17864,12.529011,9.027249,11.754441,8.49173,23.10282,6.899269,28.38783,25.71818,14.730155,11.479841,22.301058
664,23.342278,31.438826,24.101952,8.342145,17.572117,6.3313293,20.246878,14.89842,10.7624855,8.228199,25.316893,12.675606,13.60438,25.256104,12.429362,22.104094,31.641113,19.328333,20.700022,18.641504,10.835094,7.3964615,29.735416,27.711308,29.172956,20.08969,6.874121,11.830765,11.207928,26.384542,28.154951,25.85593,16.045704,11.950957,21.296406
665,24.60806,28.657768,25.944613,16.724756,29.605532,11.614557,22.568815,10.519369,14.351349,8.934943,12.075949,16.722582,9.216877,16.263659,19.473772,27.864504,22.14384,21.111485,17.819023,23.263021,17.966461,14.523618,27.56571,20.115395,13.8679905,9.889366,13.360231,8.70797,16.694601,7.3383956,27.114311,25.006447,11.279345,11.693622,21.665302
666,27.967693,28.423855,27.678934,17.892258,27.445978,11.812132,19.259954,10.939093,14.887218,5.105541,15.241192,13.242018,10.657178,19.924938,14.016297,24.754576,27.62557,21.591349,16.768482,18.41334,13.359012,10.891761,27.589558,25.56248,21.457623,13.856888,10.829555,9.2629795,10.439034,13.875382,26.77003,24.372843,11.648597,12.872553,20.203737
667,25.052841,28.314032,25.106083,14.397372,30.69618,20.296726,19.841152,9.670888,25.38764,16.872425,13.3703785,19.333082,8.663744,17.49413,24.868889,32.468716,19.48664,18.21103,13.170503,20.90225,12.981429,11.089555,26.671007,16.723213,17.091805,10.919939,22.585035,10.484155,13.599439,7.1432996,25.342466,23.795261,9.622623,9.15913,20.076221
668,25.720543,26.37088,24.461441,14.315832,22.217411,24.650227,15.859757,10.663536,30.212442,17.922022,14.085976,19.777998,8.636519,20.135277,24.832159,32.3237,18.615128,17.610094,9.979919,16.603281,6.86322,5.918083,24.661585,17.76537,21.260113,13.869858,25.9587,13.063847,10.857062,10.746919,22.60866,22.521852,10.316197,9.909871,19.148275
669,18.363111,32.667072,22.601372,4.630084,34.392166,3.4193337,24.644667,12.632008,5.7230954,4.62776,15.188837,13.3155575,11.359038,20.273022,13.633658,25.273893,33.739662,18.792265,25.398777,23.449572,19.378248,14.783761,30.652388,24.774864,21.737839,13.709832,5.8967476,10.6275215,24.23841,16.568567,29.889883,26.859407,18.41912,9.689419,22.157454
670,19.55809,32.236637,22.94747,4.486636,29.586378,2.8134692,23.092089,13.307521,5.121473,4.92847,18.780256,12.141556,12.585407,22.529789,11.098776,22.130817,34.619026,19.106928,24.73965,21.203138,16.387062,12.112975,30.51998,27.572235,25.253136,16.761011,4.1814265,11.380752,19.564043,21.338737,29.486332,26.709438,18.44565,10.720919,21.955503
671,17.89051,31.478683,22.328808,7.544243,35.19118,4.6496,25.713015,11.83555,6.5325317,4.583297,10.2320175,15.045696,9.182254,16.917252,16.737194,27.831057,29.666418,19.012226,25.427658,25.161745,22.877653,18.000107,29.422499,21.030155,15.455569,10.017616,8.205124,9.509171,27.993994,10.573127,29.224714,26.167843,17.929607,9.3340225,22.13006
672,30.607643,26.955204,29.769367,23.859243,29.220766,14.120651,19.207163,9.724365,16.47831,4.380892,11.539577,14.071073,9.234541,17.630615,15.169341,25.440634,25.003326,23.409992,15.319873,18.591902,14.780088,12.774899,26.566568,24.674618,17.122543,11.398482,12.763304,8.006027,9.502082,8.892517,26.239775,23.829739,9.76548,13.762045,20.21958
673,22.417068,26.32279,23.09187,12.364628,22.736216,23.657875,18.814362,10.478197,27.397497,20.405138,10.184019,23.05193,8.207435,17.606934,28.08498,33.04543,14.160475,18.373774,11.267899,20.776958,10.591569,8.249619,25.094606,15.610428,13.753469,10.744034,26.421133,14.055466,18.331202,4.7654786,23.0467,24.216465,11.053544,10.497011,21.648678
674,19.154661,32.437496,22.832539,4.481962,32.08957,3.299032,23.573555,12.878477,5.7054863,4.6515965,17.097918,12.484872,12.082724,21.566208,12.150246,23.67367,34.334305,18.883451,24.720509,22.033815,17.363907,12.972276,30.627712,26.429731,24.132572,15.36751,4.992875,11.113182,21.333738,19.157492,29.675165,26.78331,18.17987,10.3460045,21.937407
675,20.543682,31.30872,22.845795,4.9658093,22.939167,3.105798,21.294624,14.019926,5.926143,6.2905087,22.541426,11.61334,13.37295,24.238266,9.914943,19.82167,33.79425,18.92477,23.221664,19.035536,13.305517,9.473821,29.720491,28.53854,27.465874,19.154484,3.8048818,11.679999,14.898638,25.164244,28.378336,25.948402,17.897001,11.14958,21.366571
676,18.393757,32.041115,22.865421,7.5104895,35.746597,3.9929693,25.965555,12.12004,5.7722588,3.9905453,11.005838,14.701975,9.673347,17.59681,15.908301,27.345034,31.096992,19.43621,26.096388,25.249823,22.896236,17.983479,29.991087,22.320362,16.643978,10.859227,7.339411,9.600727,27.59162,11.831364,29.783634,26.593739,18.36044,9.644373,22.441229
677,20.77499,29.136333,23.735165,13.476095,33.116203,8.938006,24.113878,10.648712,11.009308,5.643399,7.9243555,16.087101,7.7867403,15.0352335,18.911297,28.903883,24.904144,19.813265,21.89899,24.099943,21.893822,17.956825,27.441595,18.838129,12.07918,8.1304455,11.926285,8.424659,24.47453,6.4200673,27.427254,24.723093,14.822464,9.872523,21.291521
678,28.687868,27.980549,29.024101,21.221952,30.745947,10.952602,21.578478,10.085682,12.226275,4.9291835,11.119073,14.847949,9.725248,17.040585,15.293782,24.879484,24.538094,23.845123,17.762629,21.38125,17.758512,14.4275875,27.697859,25.184044,15.464713,11.291935,10.228964,8.700205,12.492511,8.27554,27.56729,25.2269,11.174245,14.338385,21.845762
679,22.80669,30.700794,22.940353,8.165595,14.633501,9.368846,18.585953,15.046797,15.377214,9.201458,24.932005,13.07882,12.77717,25.21235,14.866172,24.956007,29.617859,17.733541,18.366795,17.390524,8.662598,5.6742253,28.612694,25.180809,30.398273,19.650175,10.063961,12.447144,10.650643,26.13171,26.80881,24.747967,15.169587,11.0904,20.077341
680,21.39098,32.379936,24.833523,10.293674,35.47233,6.4002295,25.642576,11.982519,8.799631,5.6599555,12.804657,15.557114,10.302937,18.05286,17.27016,28.415619,29.697832,20.544119,23.884,25.514841,21.563744,16.854912,30.574434,22.642189,17.29011,11.207911,9.112688,9.56515,23.953257,11.155969,30.185312,27.111748,16.174704,10.662613,22.881554
681,17.956684,31.70455,22.35825,6.9025474,34.98197,4.104169,25.447958,12.047388,6.0255,4.1489353,11.198736,14.47622,9.6556015,17.659863,15.733544,27.0898,30.863579,18.94567,25.620796,24.742537,22.179132,17.377842,29.63504,22.014217,16.917809,10.914061,7.3666916,9.6550455,27.23795,12.059506,29.33183,26.243769,18.183292,9.385625,22.07173
682,23.096333,30.983269,23.804409,8.384842,20.796364,7.6804924,19.876019,13.800794,12.427431,8.501354,23.695856,12.652123,12.92885,24.022274,13.427126,23.405241,30.70597,18.558773,19.472343,18.580076,10.843248,7.6776557,29.224249,25.995358,28.39691,18.485468,8.283612,11.30709,11.0901,23.845087,27.70992,25.238552,14.736725,11.16374,20.53232
683,23.361671,29.848833,23.120491,9.595163,19.180143,13.909878,17.78148,13.400764,20.39713,10.157107,20.806183,14.21908,11.429085,23.143642,18.17678,28.834133,26.699741,17.072874,15.553361,17.563543,8.517666,6.001751,27.701532,22.182676,28.725464,16.787558,14.442297,12.390707,10.955921,20.63696,25.915857,24.010347,12.857369,10.453403,19.274046
684,30.964336,27.198978,30.854586,26.917799,33.124535,13.914907,21.55797,9.387373,15.065674,2.663518,6.739743,15.219389,7.748348,15.964442,16.32818,26.96912,25.368435,25.054983,18.630598,21.010191,19.745813,17.688652,26.634838,24.490162,12.743273,9.687659,13.331342,7.1140294,14.775799,5.6639743,26.885588,24.329071,11.722788,13.80622,21.38445
685,31.604374,25.806591,30.85128,27.798445,30.50313,14.687252,19.891117,8.916905,15.836763,3.6506205,7.816266,14.74541,7.910662,15.803179,15.657498,25.299555,23.24574,24.963093,15.876196,19.342768,17.197527,15.386301,25.692007,24.41737,12.9710045,9.720844,13.333025,7.222365,10.686026,5.5329757,25.839445,23.575441,9.639953,14.373802,20.689579
686,21.326653,24.287392,22.382809,11.824324,16.075886,29.875067,17.082232,11.589233,32.74852,25.007364,7.078978,27.383436,8.141211,18.911266,32.06401,34.832607,8.309955,19.359442,7.972752,20.25201,7.3386717,4.9902472,23.04473,15.476214,12.978165,12.439822,32.024017,18.829668,19.764738,2.9893343,20.078598,24.549034,12.422632,11.742337,23.591549
687,21.016628,31.280987,23.166903,7.4246798,29.894209,8.198092,21.772028,12.233983,12.200815,7.1471214,17.275288,13.6861725,11.309459,20.746775,15.606316,26.717049,30.341675,18.056696,20.590313,21.088125,15.067874,11.471988,29.34594,23.039364,23.5161,14.053484,9.745991,10.548468,18.011326,16.554014,28.198584,25.467607,15.028173,9.803585,20.666992
688,18.429674,32.865128,22.387493,3.7936373,33.454075,3.5785697,24.021889,12.84092,6.3902154,4.8693614,16.637756,12.827019,11.768507,21.145561,13.2659025,25.159166,34.36756,18.33371,24.932972,22.677336,18.041872,13.562595,30.808222,25.181732,23.71732,14.551861,5.8170147,10.966644,22.969524,18.236883,29.872122,26.802687,18.294432,9.630406,21.831621
689,18.28384,31.941309,22.227583,5.1498775,33.177895,4.6064053,24.08288,12.367634,7.168073,5.4907603,14.69392,13.760944,10.924501,19.660517,14.658601,25.854937,31.912743,18.366556,24.220955,23.131014,18.916832,14.482188,29.92764,23.347479,20.69603,12.98958,7.1792264,10.484718,23.850218,15.330433,29.131865,26.280205,17.650337,9.43115,21.718573
690,19.826447,30.140068,22.096142,7.1829495,29.04962,8.760896,21.34624,11.680815,12.691646,8.761326,16.190916,14.054493,10.494532,19.76848,16.433289,26.473692,28.138042,17.322989,19.978924,20.756712,14.974396,11.644545,28.187567,21.358845,21.874043,13.293476,10.773663,10.453199,18.056604,15.457085,27.11714,24.612896,14.659104,9.144381,20.171642
691,21.471708,28.201458,24.006529,15.467119,32.96854,10.9583,23.42901,10.019575,13.262318,6.570866,6.913136,16.481579,6.922797,14.320552,19.892975,29.426174,23.553665,19.728388,20.76106,23.442667,21.36297,18.138523,26.50844,17.535519,10.730874,7.2960978,14.051405,7.812594,23.662151,4.9678288,26.541197,23.899567,13.872282,9.36079,20.692621
692,22.108976,30.92479,23.2437,6.717885,13.570242,3.626957,20.123209,15.751043,7.204332,7.8483205,27.148493,11.908541,14.162722,26.356884,9.785227,18.352814,32.88516,19.341833,22.333628,17.545937,10.620032,7.0947785,29.317781,29.427647,29.418701,21.95465,4.154858,12.074072,11.1131,29.82839,27.711214,25.626102,17.919506,11.91382,21.394236
693,27.913265,27.218544,28.610104,23.688913,33.249573,13.196072,21.879324,9.446281,14.793098,3.3793492,6.388135,15.333971,7.154989,15.229037,17.278803,27.773417,25.070763,23.208744,19.21567,21.273188,20.245796,18.050379,26.238527,21.913746,11.8980875,8.557327,13.820455,7.0223727,17.748549,5.221667,26.467983,23.791697,12.37516,12.030679,20.77313
694,27.70781,28.265657,27.280415,18.321424,29.044397,14.921035,19.558,10.136257,19.002188,8.802748,14.683421,15.273901,9.850897,18.080387,18.37615,28.046022,23.640602,20.617413,14.527759,19.809038,13.430432,11.174294,27.204168,21.352642,18.97776,11.677826,15.093073,8.808149,10.394601,9.90058,26.387474,23.995495,9.308046,11.672474,19.961313
695,26.175728,26.33515,24.985363,15.450237,22.17208,23.962887,16.142189,10.6890335,29.20756,16.896688,13.698315,19.495043,8.654212,19.842325,24.320847,31.897738,18.58107,18.311584,10.218698,16.85464,7.4847584,6.394232,24.783806,18.269705,20.663704,13.535831,25.050047,12.833012,10.796869,10.341705,22.883097,22.728727,10.176069,10.497393,19.402847
696,20.472298,30.959867,22.628162,5.2543793,22.105547,3.2664614,21.022524,13.9647,6.218178,6.270118,22.411036,11.565879,13.149727,23.97653,10.064972,19.872381,33.24966,18.701204,22.86398,18.845617,13.087806,9.319854,29.354525,28.022034,27.138765,18.91113,4.006416,11.462208,14.670449,24.93461,28.027588,25.607025,17.599144,11.032376,21.086967
697,23.720964,29.859764,23.825996,10.650564,24.541414,14.263898,19.221968,11.931959,20.137453,12.664428,19.56785,15.329136,10.875805,21.242493,19.432564,28.841558,25.17155,17.528463,15.710804,19.215261,10.766939,8.341309,27.940174,20.76374,24.939632,14.928229,15.561624,11.126465,11.356673,16.844479,26.447443,24.22659,11.709527,9.879125,19.692223
698,19.324047,32.483513,22.70058,3.5555453,27.872904,2.0996277,22.907562,13.874756,4.5038195,5.007176,20.332409,11.782017,13.060863,23.601995,10.262784,21.218868,35.647026,18.979773,25.291924,20.63928,15.765108,11.516753,30.706398,28.488792,26.66727,18.010298,3.3946917,11.753845,19.117243,23.630564,29.558075,26.797241,19.232967,10.714621,21.980482
699,27.535973,25.78794,26.196215,18.730482,25.825659,27.000889,17.046608,9.26211,31.829145,18.53411,10.639771,21.682775,7.226016,17.572605,27.330997,33.70958,16.85054,19.002514,9.477815,18.145494,8.828197,8.323045,24.639055,16.023445,14.972393,10.42748,29.164968,11.298574,13.33034,4.674494,22.81949,22.761166,8.615925,10.069143,19.69524
700,20.731604,29.02216,22.586157,9.520193,30.104338,10.76063,21.024088,10.741469,14.657513,9.088268,13.898313,14.938692,9.553515,17.935062,17.92916,27.574759,25.566174,17.442545,18.331509,20.877619,15.51891,12.430298,27.212955,19.389702,18.683975,11.358931,12.788816,9.552647,17.81547,11.4376135,26.288942,23.873224,13.117504,8.915787,19.709831
701,22.850306,27.836597,25.033237,17.470766,32.95028,10.983228,23.128292,9.915182,12.902895,5.037789,6.4542136,16.005575,6.9367647,14.374571,18.878557,28.725786,24.101002,20.654432,20.6846,22.959385,21.422756,18.362202,26.315195,18.68393,10.760389,7.4775243,13.471144,7.493163,22.584621,4.959442,26.450378,23.802818,13.685406,10.088308,20.721775
702,25.33118,29.00869,25.299126,13.4322815,27.046305,14.984458,19.192225,10.985642,19.758612,11.15798,16.804506,15.5434475,10.558567,19.82445,18.966427,28.450071,24.193008,18.927935,14.791522,19.38137,11.690112,9.223931,27.588322,21.27576,22.200031,13.4419155,15.538836,10.609526,11.241692,13.105279,26.280478,24.273594,10.697106,10.883267,19.965746
703,22.325188,30.893173,22.651398,7.106907,10.785606,6.408204,18.835106,16.189327,11.865708,8.492488,27.419497,12.3185005,13.589048,26.713245,12.318435,21.852577,31.52717,18.12518,20.317272,16.76591,8.682851,5.403072,28.87189,27.390764,31.3801,21.808668,7.10672,12.611588,10.51918,30.080524,27.034925,24.997837,17.108467,11.531956,20.480753
704,20.208618,31.79894,23.37352,6.764701,31.193287,5.037302,23.371912,12.498444,7.7082057,6.051373,16.73827,13.444782,11.641269,20.6112,13.872891,24.666845,31.66977,19.18967,23.09103,22.42785,17.238684,13.004516,30.067434,24.881365,22.33823,14.344797,6.825556,10.58387,20.076286,16.970945,29.1522,26.425922,16.572685,10.517153,21.87926
705,23.683247,24.849533,23.565235,13.966005,20.861599,28.590809,16.676064,10.318268,32.6051,22.357216,8.989212,24.47051,7.6616774,18.268993,29.787525,34.273808,12.292502,18.428787,8.4126625,18.868876,7.5643034,6.20951,23.537252,15.227502,14.48812,11.61517,30.808388,15.285709,16.314377,4.0954466,21.065218,23.317142,10.512134,10.428713,21.272648
706,22.273186,31.089127,22.829498,6.868016,11.154289,5.625826,19.253103,16.2563,10.635343,8.519542,27.7232,12.300848,13.874802,26.880932,11.7222395,20.976494,32.02319,18.498137,20.985859,17.072495,9.10846,5.733201,29.147352,28.086756,31.169565,22.116333,6.3294644,12.6219425,10.719874,30.455301,27.33426,25.310875,17.485146,11.702121,20.86368
707,18.547905,31.731422,22.453878,6.429255,33.63621,5.314851,24.450428,12.178306,7.7965236,5.357247,13.114941,14.401397,10.298416,18.774357,15.7537565,26.956347,30.866314,18.625921,24.247604,23.700975,20.045359,15.556505,29.705008,22.411167,18.924828,11.94542,8.124483,10.194764,24.999186,13.474477,29.071585,26.198685,17.535458,9.44388,21.806269
708,21.638084,29.198433,23.920301,14.249977,32.723793,12.972397,23.744184,10.067724,16.612803,11.482092,9.98622,18.114723,7.637902,14.589821,23.143772,31.494371,20.961506,19.023298,18.695854,24.65092,19.848711,16.51009,27.438656,15.678659,11.482708,7.3926635,16.7459,8.36767,21.694649,4.6096435,27.140238,24.589962,11.906036,9.015907,21.115324
709,31.337025,25.823387,30.495188,27.641947,31.771593,15.302129,19.59075,8.753262,17.079391,2.632987,7.114922,14.300389,7.390747,15.875407,15.701296,26.308521,24.72865,24.138674,16.368198,18.956207,17.357933,16.118052,25.265211,23.686174,13.477531,9.585518,14.101683,6.5228424,11.746364,5.7544985,25.362076,22.872696,10.123526,13.088158,19.898283
710,30.275383,26.686497,30.022984,25.905916,32.114006,13.975935,20.619719,9.26754,15.511878,2.5943909,7.319485,14.615001,7.736892,16.034866,15.826177,26.520521,25.348331,24.08672,17.755373,20.046057,18.417618,16.615723,26.032442,23.852169,13.471465,9.759552,13.289782,6.965369,13.878528,6.2034783,26.138784,23.609867,11.241732,13.120958,20.565275
711,18.931389,33.094444,22.81009,4.0386267,33.50119,3.5760686,24.097494,12.953573,6.3419013,4.892988,17.10027,12.840637,12.050066,21.499977,13.057339,24.97432,34.714653,18.679884,24.97996,22.711735,17.922737,13.424453,31.10298,25.820374,24.157356,14.954369,5.640413,11.090576,22.504705,18.658731,30.130587,27.076626,18.308273,9.936982,22.068287
712,21.8212,24.916222,22.639103,11.908741,19.032722,28.742233,17.460194,11.02118,32.06321,24.384535,8.051173,26.22035,8.070265,18.514782,31.271597,34.689278,9.919938,18.802315,8.667257,20.263407,8.182879,6.0167813,23.596498,15.209781,13.524683,12.029873,31.097555,17.397678,18.757975,3.418037,20.896128,24.286104,11.805046,11.009205,22.800716
713,22.516321,31.21067,23.404081,6.977393,10.868814,3.7538989,20.000803,16.539827,7.6720853,8.268263,28.555412,12.129333,14.4423895,27.318886,9.965056,18.448317,33.000614,19.544401,22.480244,17.295305,10.052578,6.497739,29.507414,29.915386,30.577662,23.06895,4.324523,12.5267935,10.555698,31.697893,27.817614,25.80649,18.449066,12.24312,21.61712
714,22.48106,31.328823,23.338955,6.9372272,13.7292,4.9881554,19.91997,15.815483,9.374922,8.330495,27.229958,12.294963,14.077585,26.445332,11.225259,20.357279,32.414593,19.031975,21.46459,17.779135,10.032739,6.530791,29.565256,28.60825,30.284771,21.688093,5.6188555,12.328024,11.012584,29.430548,27.848475,25.733418,17.317764,11.872934,21.283197
715,28.728863,28.647163,28.454136,18.768225,27.644495,11.299543,19.856071,10.975518,13.909957,5.53497,15.54941,13.572311,11.00751,19.700138,14.056662,24.280039,26.86394,22.570024,16.685616,19.06313,13.870715,10.960181,28.162703,26.345325,21.007053,13.825359,10.139392,9.569918,9.461701,13.370526,27.507534,25.06609,11.185777,13.979038,20.96494
716,18.543337,33.18605,22.499016,3.3170738,33.204544,3.1779544,23.989866,13.0906925,6.008947,4.7298965,17.443192,12.538988,12.158808,21.815678,12.669196,24.705017,35.247017,18.431776,25.23103,22.43646,17.67024,13.15655,31.162836,26.068508,24.81866,15.273896,5.253167,11.261377,22.611496,19.4745,30.15352,27.070602,18.643059,9.837908,21.967329
717,28.0348,26.456314,28.171886,23.370842,31.469389,15.316825,20.42801,9.2114,17.398214,4.802772,6.9998407,15.600147,7.1456757,15.568597,18.005987,28.02212,23.86419,22.408926,17.146109,20.04863,17.822994,16.121433,25.49407,21.138199,12.678478,8.81415,15.6683235,7.4074497,15.946059,5.3288255,25.401716,23.12217,11.253216,11.6863,20.085238
718,23.237556,26.37544,23.708666,14.747691,28.39752,21.06968,19.201107,9.4056015,25.152105,15.755949,9.102939,20.079464,6.999763,15.985787,25.259281,32.31449,18.07759,17.837507,13.388389,20.16458,13.224198,11.654139,24.753695,14.959012,13.289402,9.11503,24.021593,10.404612,17.773062,4.4876785,23.51402,22.679771,10.716993,8.704849,19.653591
719,23.712969,28.035627,24.65802,14.382386,27.889872,17.315771,20.510191,10.6051855,20.696209,11.796936,10.431679,18.703098,8.508385,17.538439,22.457767,30.905888,21.567425,19.459381,15.932973,21.130484,14.667048,12.073054,26.665722,18.701492,15.350974,10.362639,19.315502,10.998629,19.140898,7.229457,25.474771,24.434864,12.383308,10.59179,21.00722
720,21.711674,25.064087,22.669285,11.583115,18.079773,29.021576,17.512615,11.421833,32.28784,24.773626,8.198405,26.665545,8.374899,19.01266,31.59825,34.884487,9.596708,19.111063,8.574484,20.443893,7.9431543,5.5922875,23.746487,15.652615,13.916288,12.508572,31.232431,18.175856,19.0393,3.7433963,20.914385,24.68241,12.191579,11.412452,23.30743
721,18.304714,32.39341,22.059345,3.4770503,32.027615,3.6020432,23.369562,12.768437,6.4756308,5.3858767,17.38757,12.526532,11.913261,21.35612,12.8476095,24.32767,33.83143,18.049715,24.221226,21.963957,16.967558,12.601886,30.424883,25.221006,24.257708,14.939907,5.6493416,11.094554,21.583548,18.942762,29.400282,26.475845,17.865654,9.680632,21.531942
722,26.752821,29.941124,26.691484,14.48213,25.870583,10.88884,19.68545,11.973152,14.891934,7.0953684,19.03013,13.32819,11.817061,21.438622,14.667795,25.286404,28.261187,20.597635,17.06845,18.99542,12.168813,9.241303,28.800274,25.530964,24.700214,15.417021,10.4872875,10.244787,9.895765,17.157095,27.702791,25.155739,11.969033,12.566416,20.56445
723,24.800512,30.193087,25.018818,11.48904,24.684404,10.90036,19.59799,12.277556,15.56488,9.282002,20.618692,13.634431,11.94236,21.947819,15.656129,25.662588,27.850868,19.06164,17.122608,19.01198,11.337622,8.45412,28.67713,24.172554,25.878302,16.00912,11.236197,10.738217,10.216106,18.724096,27.373789,24.88616,12.318721,11.381726,20.254284
724,18.661615,30.379936,22.730434,11.366413,35.23972,7.5204983,26.122469,10.949846,9.793819,6.6992545,7.4571357,16.952261,7.39503,14.185919,20.629232,30.60614,24.759296,19.267075,23.765627,26.28479,24.440945,19.807234,28.334036,17.053251,10.539556,6.859508,11.969949,8.341884,28.487864,5.2977057,28.544401,25.445839,15.868456,9.041359,21.918633
725,17.908934,31.095997,22.201561,8.431912,35.228184,5.7362623,25.72526,11.468817,7.940865,5.4049735,9.39637,15.678371,8.574776,15.905807,18.281195,29.074976,27.798746,18.787546,24.550262,25.557081,23.198414,18.377384,28.991789,19.255829,13.868527,8.760451,9.629152,9.1176815,28.18568,8.575269,28.888823,25.820326,16.998455,9.048452,21.900026
726,23.751228,28.426617,25.930676,17.622442,32.8816,9.20382,23.648203,10.35103,10.505691,3.7521305,7.062239,15.569539,7.790213,15.123675,17.206573,27.382687,25.344965,21.759657,21.728237,23.388397,21.960388,18.358648,27.177181,21.190117,11.726472,8.734359,11.082971,7.8350997,21.988436,6.308008,27.354437,24.689081,14.416199,11.447527,21.53892
727,24.649399,28.696241,26.070194,19.049889,34.48374,15.580281,23.599829,9.118792,19.590927,12.933701,9.580725,18.775946,6.9571195,13.735948,24.478659,32.300144,19.421413,20.238348,17.190775,24.847174,19.791508,17.377329,27.078932,15.079014,9.984933,6.66316,19.146967,7.0485196,18.46691,2.4423947,26.976698,24.214413,9.717617,9.151975,21.02343
728,23.451149,27.158367,23.171215,11.011528,21.648056,23.706015,16.789825,11.410967,29.225172,18.268126,13.958775,20.423708,9.344549,20.406242,25.766552,33.17783,17.9129,17.195826,10.566983,18.135582,7.556014,5.718286,25.309925,17.53239,21.543846,13.925685,25.091177,14.571767,13.425762,10.664651,23.01327,23.503403,11.2070875,9.957916,20.133316
729,25.423094,30.033154,26.605127,14.248512,30.025713,8.806794,21.561357,11.602192,11.297661,4.6032867,14.870346,13.62047,11.085551,19.99162,13.828998,24.840433,29.62594,21.34627,20.048527,20.838186,16.101208,12.76336,28.898844,25.927689,20.921381,13.959689,8.766579,9.628157,15.190737,14.284488,28.116407,25.609493,14.011103,12.3167095,21.410898
730,18.502995,32.218327,21.863724,2.950751,28.938826,3.3643038,22.564676,13.275604,6.485719,6.046634,19.714514,12.0767765,12.514528,22.638754,11.91875,22.94874,34.16617,17.864534,23.906403,20.803576,15.369014,11.200921,30.266432,26.152725,26.097122,16.574718,5.0892577,11.49165,19.449139,21.707615,29.053213,26.261692,18.04492,9.809166,21.31521
731,21.068806,28.455097,23.998722,14.857084,32.955196,8.580905,24.075792,10.395969,10.149106,4.659688,6.5552907,15.870089,7.304284,14.381594,18.31002,28.18908,24.574997,20.292278,22.206715,23.879143,22.600767,18.735401,26.904116,19.006697,10.751521,7.683167,11.480331,7.9701357,24.642931,5.6459026,27.093925,24.390965,14.955707,10.165229,21.208109
732,26.87949,26.849268,26.206009,17.853613,26.868309,23.471401,18.224897,9.828031,28.013561,15.734959,11.28599,20.154882,8.11962,17.811846,25.28163,32.707157,18.552853,19.486635,11.443778,19.361479,10.822729,9.648171,25.544733,17.4489,16.195372,10.823574,25.026777,11.1605215,13.59092,6.083896,23.99332,23.452078,9.349699,10.436892,20.212662
733,25.89233,29.955196,27.024162,15.502455,31.146936,9.53728,21.870974,11.334192,12.014811,4.2948694,13.603434,14.07457,10.578241,19.255547,14.656577,25.843645,29.14486,21.624777,20.00851,21.31942,17.00314,13.719089,28.786257,25.187588,19.533575,13.02055,9.6523905,9.193107,16.010513,12.5758505,28.133375,25.536373,13.762757,12.213848,21.432354
734,21.958992,30.794565,22.828386,6.605009,14.252811,5.306864,19.479122,15.3782425,9.727016,8.25073,26.309185,12.123969,13.7172985,25.9202,11.304748,20.498857,31.82498,18.520727,20.906921,17.439133,9.823243,6.4238505,29.010805,27.899944,29.9318,21.136469,5.893424,12.236813,11.023673,28.551863,27.297617,25.244463,16.970097,11.533612,20.816072
735,23.582355,29.610512,23.278809,9.576157,19.419424,15.339849,17.785078,13.16979,21.515478,12.315119,20.558424,15.375309,11.321975,22.924223,19.341785,29.074997,25.232168,17.215109,14.900523,17.634134,8.322682,5.8354163,27.582373,21.731392,27.740086,16.741358,16.168184,12.843851,10.842124,19.602999,25.723215,24.127325,12.674271,10.535231,19.59419
736,21.52958,31.320969,24.184826,8.730305,30.841944,6.082514,23.013565,12.294613,8.677779,5.635685,15.958092,13.69715,11.460177,20.27251,14.095109,24.911367,30.862823,19.752542,22.32874,22.211718,17.198975,13.127463,29.747965,24.950922,21.535099,14.079979,7.440112,10.30765,19.142477,15.845825,28.871716,26.23789,15.937226,10.9880905,21.818933
737,22.244963,29.734713,24.67948,13.602096,32.732983,9.350733,23.663572,10.938491,11.723069,5.8655047,10.096857,15.837353,8.806986,16.398071,18.236515,28.53263,25.948505,20.25678,21.192806,23.673124,20.390726,16.514553,28.154312,20.461258,14.485062,9.599364,11.622557,8.840437,22.06024,8.159438,27.880032,25.224777,14.364239,10.541622,21.522823
738,22.238228,26.800144,23.744743,15.9372635,31.271204,14.446143,21.36048,9.207975,17.572329,9.916347,7.7955585,17.135519,6.662446,14.217345,21.367165,29.730051,20.749865,18.667768,17.323805,21.75769,18.078297,15.751566,25.178545,15.861765,11.141125,7.480972,17.36092,7.8874187,19.76285,4.3178086,24.86999,22.666405,11.631639,8.731666,19.57902
739,21.304077,31.150606,23.514076,6.7846966,25.540112,4.43699,21.65314,13.273041,7.2309556,6.2749314,20.40386,12.259666,12.706082,22.855125,11.383144,21.533281,32.400223,19.311945,22.453037,20.008879,14.263018,10.421007,29.621883,27.368729,25.70158,17.48069,5.202454,11.168314,15.386897,21.973452,28.446241,25.958452,16.736603,11.30913,21.457026
740,27.612106,25.824339,26.638615,19.328688,26.360216,20.47487,17.217428,9.547697,24.300701,11.315162,10.936354,17.3369,8.175438,17.834663,20.776781,29.30504,20.841703,20.029715,12.0964155,17.451078,10.895059,9.807126,24.805204,19.806404,17.062862,11.318637,20.739977,10.073846,11.510972,7.618446,23.582045,22.56397,9.642887,11.140863,19.23199
741,18.917122,31.69052,22.948853,7.493664,34.272213,4.429823,25.05441,12.116142,6.3937144,4.2888103,12.132088,14.337803,10.089135,18.215422,15.273388,26.553677,30.979353,19.321796,25.048254,24.319311,21.32026,16.626421,29.763262,22.868654,17.778347,11.613464,7.222934,9.769722,25.563007,12.775944,29.355137,26.357471,17.760155,9.863231,22.14224
742,21.587685,30.712074,22.924652,7.027035,23.770956,7.1758137,20.2051,13.067167,11.516843,8.231614,21.737953,12.493803,12.3918705,22.969223,13.416763,23.502123,30.675907,17.930414,19.940777,18.938545,11.922212,8.684842,28.904066,25.093124,27.093533,17.235838,8.074049,11.104807,13.020113,22.06954,27.503057,24.977652,14.966375,10.424168,20.274134
743,20.905472,28.5968,22.445816,9.806002,30.646826,14.074388,20.729435,10.026225,18.58098,13.422349,13.739901,16.838669,9.055484,17.102356,21.279394,29.57493,22.070065,16.852037,16.130484,21.34318,14.618725,11.909262,26.757105,16.879581,17.279137,10.517901,16.754538,9.87577,16.840826,9.038818,25.668444,23.609436,11.45655,8.265318,19.656734
744,28.085743,26.042173,26.38907,18.70328,25.630472,26.037436,16.062546,9.617756,31.442352,16.458347,11.974477,19.730253,7.670914,18.575344,25.324274,33.18484,18.606102,18.70833,9.364328,16.788412,7.9233227,7.575806,24.594889,17.247622,18.789818,11.777512,27.260973,11.274841,10.321114,7.4642644,22.911703,22.26416,8.60841,10.167968,18.807856
745,21.520027,24.216896,22.277386,11.759036,16.601873,29.49697,16.632847,11.32989,32.71247,24.275763,7.6743956,26.480118,8.049007,18.828691,31.3207,34.51225,9.147061,18.788912,7.804484,19.540993,6.943762,4.8257594,22.92499,15.284695,13.73263,12.370606,31.58731,18.11072,18.665201,3.5656662,20.036797,24.024086,11.941793,11.320312,22.783861
746,20.66615,29.548468,23.859566,13.485065,33.792664,8.68477,24.705542,10.799934,10.698969,5.5550146,7.6435375,16.317587,7.7120643,14.957673,19.22022,29.34891,25.235283,20.022238,22.600857,24.630964,22.720753,18.643673,27.798998,18.808601,11.734066,7.9179626,11.943803,8.426332,25.580809,6.2288947,27.864264,25.048368,15.284937,9.869791,21.596401
747,21.986603,30.497246,22.61033,6.838031,18.170443,7.8854856,18.9233,14.12949,13.106662,9.043898,24.55587,12.378833,12.902737,24.610638,13.356477,23.133038,30.483442,17.491508,18.965675,17.40689,9.471305,6.4717607,28.565006,25.489006,29.580051,19.191954,8.557587,11.839895,10.699969,25.423529,26.86804,24.599785,15.125427,10.559618,19.88312
748,20.131598,31.617641,22.525152,4.9069014,26.3945,5.029744,21.494686,13.304623,8.6119585,6.8547206,20.714457,12.257565,12.56464,23.077406,12.33788,23.034212,32.92183,18.089407,22.317078,19.850672,13.836987,10.056691,29.755884,26.154354,26.798265,17.193682,6.255864,11.431799,16.535921,22.253134,28.433977,25.79375,16.950052,10.292598,20.950022
749,18.81902,31.042404,22.608036,8.352842,34.02561,6.5071726,24.738111,11.569138,9.0268755,6.357693,11.510603,15.35711,9.3797035,17.116291,17.662264,28.172865,28.124199,18.793478,23.345535,24.512953,21.031406,16.595253,29.0475,20.325716,16.078274,10.183039,9.777055,9.537886,25.18458,10.430601,28.65161,25.793785,16.293701,9.314466,21.7501
750,20.408611,31.84088,23.091267,5.774601,28.455242,4.7481737,22.3147,13.044937,7.914406,6.1310754,19.245872,12.5496645,12.332197,22.237282,12.590838,23.506681,32.8415,18.727774,22.793232,20.907724,15.214539,11.19773,30.076395,26.117107,25.316639,16.228632,6.0735874,11.078043,17.807638,20.41667,28.92504,26.20259,16.851408,10.596588,21.420786
751,22.139866,30.923092,23.326593,6.6945715,16.031973,4.028062,20.148722,15.153883,7.5939794,7.5699544,25.959097,11.841846,13.94754,25.779274,10.040062,19.049067,32.776558,19.223064,21.998901,17.794624,10.941751,7.409706,29.35422,29.086433,29.129425,21.17243,4.43953,11.937648,11.386973,28.383516,27.782898,25.618734,17.435507,11.8310585,21.251673
752,19.159985,30.468622,22.514381,9.582124,33.84798,8.710559,24.359062,11.123619,11.756767,7.4329667,10.273919,16.234282,8.538874,16.140787,19.708736,30.02825,25.987251,18.365654,22.054989,24.408033,21.039728,16.852686,28.414108,18.226185,14.524618,8.897482,12.25796,9.27111,25.298822,8.196098,28.064209,25.224953,15.354162,8.856237,21.24603
753,25.212593,25.948166,25.2794,18.55819,30.161798,18.699944,19.360771,8.700944,22.405363,12.391957,8.968512,17.854208,6.867406,14.970764,22.503647,30.27173,19.056135,19.039545,13.868677,19.98315,14.751075,13.342654,24.572327,16.189947,12.653437,8.48114,20.745373,8.315899,14.751643,4.243319,23.932276,22.153368,9.438927,9.301095,19.095116
754,20.789433,23.275585,21.824474,12.055868,15.275169,28.99356,16.673038,11.122958,31.503954,24.277067,6.3146167,26.841127,7.678238,17.999958,31.192987,33.584206,7.6283545,19.074175,7.730985,19.83981,7.2911234,5.0161595,22.185436,14.94077,11.551709,11.756052,31.186003,18.114595,19.591272,2.2005172,19.332844,23.819649,11.979828,11.597289,23.063276
755,25.403057,30.665428,26.214916,11.768437,24.077723,6.606946,20.780045,13.072475,9.304062,6.600723,21.103025,12.553465,13.052062,23.186264,11.513071,21.411276,30.803715,21.343039,20.205784,19.230686,13.083232,9.426387,29.73015,29.084562,26.167362,18.041739,6.0238056,11.268834,10.4960375,21.476442,28.654974,26.219963,14.74272,13.478922,21.796907
756,21.834185,30.763908,22.970236,6.2991753,15.764208,4.434327,19.815685,15.076595,8.229737,8.004401,26.06932,11.878609,13.869624,25.765043,10.376388,19.349594,32.381126,18.813128,21.505238,17.557508,10.43839,6.976492,29.122753,28.574951,29.42881,21.137487,4.926723,12.061818,11.137778,28.381487,27.486887,25.38476,17.212173,11.595662,21.002619
757,23.336273,30.080828,23.03394,7.5959415,15.920702,10.5439205,17.42279,14.348156,16.478693,9.44922,24.878935,12.693121,12.998131,25.160856,14.237824,24.388374,29.394073,17.275927,16.81387,15.790667,7.452117,4.641369,28.223116,25.240261,31.12607,19.58321,10.600241,12.579956,8.698781,25.521788,26.313557,24.244839,14.34709,11.012238,19.284521
758,23.498524,27.545729,23.661371,12.099969,28.205355,22.151144,18.72095,9.908937,27.362741,18.895622,12.861496,20.368132,8.508404,17.916767,26.12484,33.067734,17.832687,17.141397,11.913582,20.040762,11.112501,9.333453,25.754593,15.750061,17.566557,11.45977,24.620373,12.017105,14.323816,7.225834,24.038485,23.366295,10.149718,8.710373,19.894682
759,18.953999,30.250149,22.902641,11.153298,34.58297,6.613923,25.689625,11.143783,8.455338,5.068949,7.569711,16.16286,7.8371243,14.870981,18.889347,29.30815,26.1,19.56163,24.163479,25.592703,24.033304,19.308754,28.350271,18.781303,11.667468,7.835601,10.423975,8.619303,28.006464,6.653666,28.483248,25.49688,16.503242,9.605706,21.920729
760,22.111584,29.426725,23.359478,9.422546,25.22835,9.0964775,20.065916,12.055927,12.808887,8.238577,17.9709,13.48233,11.198395,21.002708,14.79314,24.498089,27.952154,18.437563,18.803108,19.230583,13.031083,9.912551,27.837706,23.623192,23.558405,15.168049,9.8992,10.708845,13.8741865,17.678297,26.64976,24.4459,14.034972,10.634652,20.179174
761,19.060379,31.88541,22.247982,3.8064308,27.851128,2.916307,22.429655,13.379997,5.654308,5.4162984,19.649822,11.87208,12.583715,22.733152,11.086553,21.941475,34.178516,18.385473,24.09817,20.515059,15.38456,11.225385,30.089056,26.974493,25.857449,16.983503,4.333525,11.392085,18.781073,22.115059,28.941923,26.213493,18.178284,10.338703,21.42018
762,22.776215,30.23394,25.300293,14.398128,33.70797,9.436706,24.579292,10.873707,11.913557,7.175882,10.638979,16.594429,8.923056,15.864222,19.464588,29.23168,24.781834,20.808071,21.002895,24.983929,21.172356,17.054337,28.709192,19.877846,13.535313,9.0566025,12.104725,8.609626,21.670828,7.0429754,28.553053,25.776531,13.523217,10.8124275,22.146883
763,19.109316,30.292934,22.913097,11.3352785,34.501717,7.7452116,25.537682,11.0854225,9.989474,6.144935,7.947828,16.59677,7.7723765,14.836315,19.936344,30.141039,25.371958,19.33816,23.413048,25.605772,23.526512,19.004059,28.31811,17.942781,11.687901,7.575354,11.691055,8.665249,27.567055,6.246128,28.384989,25.42564,15.878552,9.317463,21.818285
764,19.03845,32.146675,22.257519,3.9357316,29.527143,4.066087,22.642866,13.057465,7.2215247,6.126212,19.049135,12.420168,12.291205,22.186424,12.571176,23.64887,33.50888,18.105364,23.480661,21.12581,15.614676,11.464372,30.231586,25.726479,25.417896,16.00658,5.779237,11.289105,19.419008,20.532042,29.064974,26.275076,17.523436,9.969319,21.37067
765,19.281548,32.212383,22.603167,3.855018,28.310526,2.4820223,22.787748,13.566033,4.949622,4.9905677,19.63252,11.852713,12.770794,23.033344,10.665557,21.65156,34.959026,18.81755,24.808006,20.711895,15.822055,11.586923,30.452753,27.805613,26.039642,17.347746,3.8166096,11.538416,19.172358,22.556978,29.34236,26.578463,18.72753,10.615285,21.774853
766,18.972448,32.17455,22.243864,3.4790668,28.406107,2.9005356,22.57805,13.437182,5.754577,5.3620462,19.732615,11.871467,12.651095,22.850922,11.196189,22.268106,34.587204,18.31336,24.274223,20.649202,15.484142,11.290598,30.329918,27.001842,26.148333,16.983896,4.380879,11.461955,19.147877,22.203352,29.16165,26.368006,18.32194,10.236713,21.46834
767,18.561062,31.668562,22.524391,6.3074503,33.54989,4.497529,24.439219,12.196957,6.736646,4.9141774,13.431055,13.982479,10.501515,18.910164,14.843822,25.995459,31.342201,18.788708,24.515741,23.582203,19.971958,15.446938,29.715414,23.095333,19.215588,12.329897,7.144057,10.097162,24.481215,14.083092,29.108274,26.210701,17.63132,9.628069,21.848364
768,17.730358,32.144043,21.86905,4.2070904,33.235603,3.9705124,24.12387,12.497095,6.5469527,5.344919,15.081314,13.408335,11.055066,19.98869,14.19284,25.51727,32.632095,18.119844,24.680832,23.006535,18.80394,14.324107,30.074522,23.667038,21.447176,13.341097,6.613214,10.667071,24.107584,16.263268,29.258295,26.346958,18.080864,9.282699,21.69018
769,17.920975,33.00441,22.403492,4.1463814,35.282093,3.4232254,25.04756,12.677969,5.8212533,4.6970363,14.837547,13.563761,11.243034,20.130032,14.172105,26.005152,33.94307,18.622938,25.804302,23.91502,19.95536,15.270342,30.87027,24.34078,21.468239,13.360971,6.200712,10.677317,25.464165,16.152597,30.122879,27.022533,18.747026,9.387814,22.265705
770,19.817295,30.280403,23.469584,11.292553,34.23688,5.7412777,25.28305,11.31517,7.2858644,3.6528559,8.215028,15.340335,8.434299,15.669728,17.035309,27.93075,27.551521,20.012053,24.425611,24.93371,23.517986,18.745838,28.540016,20.717747,13.15686,9.078557,8.810153,8.724363,26.611307,8.211443,28.619377,25.612007,16.863342,10.259741,21.937134
771,24.098534,24.863949,23.434843,14.510613,24.19835,25.363617,16.078535,9.377203,30.386417,18.390434,10.472547,20.631647,7.3631525,17.442648,26.185196,32.51995,15.912164,16.973251,9.262052,17.367353,8.07969,7.453504,23.27469,14.805424,16.1833,10.925051,27.314503,11.986368,13.1826105,5.7223077,21.347641,21.627892,9.23821,8.710354,18.744211
772,17.473904,32.081894,21.937153,5.2344728,34.610077,4.2317767,25.064764,12.267948,6.5137115,5.1745286,12.901492,14.306341,10.254196,18.65276,15.571985,26.834492,31.545193,18.40724,25.27203,24.254282,20.832024,16.142868,29.937885,22.338348,18.74306,11.798016,7.465399,10.231177,26.532236,13.663852,29.370914,26.39581,18.25403,9.102261,21.998262
773,19.43366,31.977943,22.792452,5.2271895,31.269194,4.1083345,23.160192,12.669348,6.7967296,5.187708,17.039454,12.684061,11.8335905,21.154215,12.793181,24.076595,33.089523,18.695332,23.723484,21.847956,16.92704,12.649264,30.183107,25.533031,23.622837,14.915029,5.8030667,10.850937,20.512133,18.380161,29.214247,26.386507,17.350967,10.26697,21.617855
774,24.776419,29.470665,24.27994,11.121473,20.609018,15.99431,17.782446,12.813194,21.836248,12.145143,19.885374,15.562398,11.277294,22.580278,19.305466,29.06492,24.94526,17.990648,14.415132,17.611582,8.52448,6.081953,27.671207,22.160183,27.017006,16.344799,16.524946,12.666827,10.247693,18.379099,25.890223,24.292736,12.147572,11.084464,19.774986
775,25.86176,27.75474,24.327772,12.744603,22.449516,22.905346,15.965894,11.196163,29.419538,16.380167,16.895638,18.190592,9.427937,21.290558,23.559929,32.3652,21.581224,16.845638,10.862762,16.24547,6.4563494,5.3219285,25.888617,18.61607,24.542198,14.720707,24.097618,12.657073,10.004806,13.840741,23.809278,22.812773,10.424539,9.67388,18.586489
776,21.700245,30.71366,22.795948,6.120992,13.309629,3.8398898,19.69417,15.660153,7.6418257,7.8288794,26.99657,11.744501,14.086247,26.320889,9.859829,18.578993,32.65582,18.862745,21.870338,17.194162,10.081113,6.5851073,29.071386,29.060974,29.785065,21.880722,4.3356614,12.235807,11.027946,29.810755,27.392534,25.377045,17.775795,11.720447,21.069942
777,22.360325,31.115482,23.216143,7.002386,12.813268,4.6148405,19.874376,15.911697,8.864725,8.34541,27.497316,12.209405,14.068116,26.445938,10.923255,19.749426,32.285637,19.049292,21.602612,17.628405,10.002867,6.510462,29.375895,28.656826,30.05596,21.84756,5.3036447,12.224225,10.818571,29.816626,27.692781,25.591953,17.423496,11.872217,21.248316
778,26.53743,26.679058,26.015242,17.536703,27.460491,21.625845,18.384565,9.649681,25.79097,14.908416,11.264971,19.282593,8.176826,17.501251,23.79229,31.348665,18.97681,19.484472,12.138314,19.245176,11.616675,10.1955,25.458504,18.011621,16.077177,10.905801,23.024715,10.781535,13.212344,6.433873,24.10776,23.277538,9.649559,10.533377,20.021046
779,20.482212,31.223642,22.647488,5.3144503,24.945368,4.7567787,21.128614,13.357928,8.207039,7.1150618,21.546862,12.064842,12.7846,23.310284,11.726611,21.930101,32.55597,18.277872,21.980114,19.444647,13.223272,9.539054,29.466204,26.61769,27.009956,17.802416,5.766067,11.378339,15.008449,23.045284,28.123396,25.592564,16.661476,10.553595,20.909517
780,28.492832,26.238682,28.619877,24.42095,31.792042,14.843954,20.57255,9.043817,16.577087,4.2019014,6.537722,15.358831,7.049148,15.281384,17.452854,27.450216,23.802628,22.97027,17.350273,20.081005,18.406326,16.664618,25.41166,21.60999,12.0999565,8.646079,14.985866,7.162874,15.638532,4.963968,25.470314,23.131914,11.207491,12.081768,20.20427
781,23.109154,28.000238,22.548752,9.023848,20.15354,22.214306,16.231861,12.181606,28.587254,16.959467,16.676355,18.786703,10.102625,21.95583,24.188463,32.76023,20.451603,16.245844,11.134776,17.069613,6.2891865,4.347179,25.902857,18.583735,25.557907,15.483006,23.294744,14.761559,12.108541,14.585763,23.49905,23.439922,11.758158,9.7536545,19.450071
782,18.3241,31.91949,21.955446,4.0759864,31.313232,4.107768,23.14821,12.636869,6.939037,5.660144,16.80582,12.752769,11.580436,20.986555,13.231936,24.430277,32.891003,18.015532,23.85277,21.80088,16.971365,12.702163,29.972055,24.661894,23.494968,14.585177,6.183647,10.991159,21.508135,18.308073,28.98593,26.164927,17.645363,9.666099,21.376047
783,27.93689,29.084822,28.346773,18.614687,30.041122,11.09638,21.30129,10.767483,13.445141,6.0634894,14.090832,14.672788,10.644189,18.62553,15.50773,25.487024,26.102646,22.716581,17.647396,21.204939,16.022955,12.913398,28.373184,25.044266,18.3997,12.649267,10.719732,9.057623,12.323745,10.969683,27.79183,25.460808,11.447479,13.378637,21.641386
784,20.863976,31.498318,23.144794,5.3465347,23.754974,3.4388855,21.481657,13.9271145,6.3083754,6.283904,22.22938,11.796913,13.331362,24.097404,10.290874,20.377287,33.74376,19.10335,23.14785,19.349232,13.555271,9.689481,29.91844,28.467201,27.325115,18.890173,4.132579,11.643829,15.072429,24.594175,28.59376,26.12382,17.715378,11.259039,21.496637
785,24.07151,30.34605,24.704521,10.454863,23.391504,8.113829,19.997982,12.825386,12.135057,8.028523,21.680035,12.738094,12.459713,22.681221,13.368882,23.242228,29.576168,19.364016,18.857193,18.935429,11.80076,8.663804,28.870308,25.878117,26.422247,17.2222,8.379291,10.686583,10.507536,21.075165,27.614374,25.094494,13.679515,11.644859,20.58003
786,23.492523,30.857227,24.556103,9.131653,23.393965,6.4884634,20.530186,13.316355,10.049562,6.9496574,21.751146,12.380853,12.900062,23.428698,12.015402,22.218618,31.383469,19.63141,20.471851,19.082752,12.486402,9.021857,29.427628,27.452793,26.91647,18.032335,6.6102138,11.082361,12.067636,22.40729,28.10533,25.660946,15.247667,11.917858,21.072592
787,18.821077,33.271107,22.926878,4.038624,34.219147,3.1319854,24.500654,13.003864,5.61174,4.414519,16.568188,12.854118,12.003003,21.437832,12.838613,24.87927,35.214027,18.941404,25.687565,23.037474,18.610676,14.026616,31.27823,26.18494,23.840788,14.910591,5.24858,11.101519,23.367594,18.549831,30.383553,27.287746,18.808125,10.021109,22.31859
788,18.422688,32.096333,22.012342,3.8059309,31.284567,3.9446251,23.084005,12.733546,6.862285,5.54876,17.315687,12.565041,11.797127,21.301804,12.948827,24.283041,33.349678,17.996252,23.880178,21.66697,16.700428,12.419639,30.152357,25.022556,24.124672,14.915586,5.9242353,11.077835,21.191252,18.876627,29.121212,26.261335,17.695068,9.71375,21.374403
789,24.93204,30.505745,25.537628,11.484966,19.586218,6.12776,20.42515,13.956358,9.240124,7.1371717,23.132969,12.541271,13.146095,23.95037,11.367472,20.71953,30.688358,20.847292,20.536863,18.754133,12.247037,8.801147,29.264166,28.56549,26.647955,19.107677,6.0243034,11.000746,10.162465,23.877079,28.080706,25.710777,15.296004,12.973092,21.504116
790,19.209213,31.748674,22.183323,3.9456944,27.35141,3.404564,22.09617,13.3336525,6.4311824,5.7632747,19.962269,11.879401,12.559734,22.770992,11.369799,22.199087,33.787003,18.170282,23.528343,20.249369,14.882658,10.818814,29.933168,26.627789,26.123438,16.97719,4.7819147,11.364202,18.143667,22.143064,28.730782,26.019083,17.78862,10.248102,21.190191
791,23.72765,27.839836,23.73417,12.004794,25.60032,21.29282,18.286932,10.73123,26.628822,16.641245,13.739275,19.548635,9.033781,18.988274,24.8437,32.653893,19.548958,17.390327,12.251943,19.383665,10.148812,8.253077,26.084307,17.062225,19.285107,12.186304,23.27255,12.341324,14.635127,9.135163,24.233953,23.621098,10.746998,9.407661,19.922089
792,18.539125,32.172977,22.177467,3.672864,31.133999,3.2945402,23.152765,12.837446,5.9906354,5.4019246,17.925417,12.323874,12.105274,21.624588,12.230018,23.423311,33.846367,18.244308,24.180244,21.638128,16.593615,12.29112,30.28433,25.791428,24.531343,15.473974,5.139794,11.120121,20.63928,19.672972,29.252966,26.397585,17.844519,9.91069,21.55213
793,23.525496,30.116295,23.568678,8.887333,22.801826,13.803496,18.346752,12.688314,19.618843,10.927276,20.478128,14.453026,11.732649,22.809874,17.770004,28.104147,27.185104,17.363901,15.772288,17.911444,9.201089,6.5850105,28.23423,22.69203,27.770973,16.37551,14.3043,12.240992,11.322649,19.278658,26.434565,24.48034,12.766806,10.408697,19.61421
794,25.788113,26.906805,25.639591,17.452211,27.945744,20.271946,18.98174,9.809185,24.350351,12.719176,10.387798,18.668226,7.8821244,17.094456,23.213236,31.431581,20.228512,19.353508,13.524209,19.745064,12.927434,11.419665,25.503012,17.70897,15.416823,10.165877,21.877626,10.063972,15.247329,6.307799,24.32281,23.18124,10.277428,10.1175785,19.893002
795,20.010532,31.252117,22.537136,4.400463,22.45572,2.2911625,21.406866,14.210191,4.8522973,5.937378,22.670355,11.391579,13.408562,24.383247,9.2719555,19.03907,34.343266,18.855059,23.890057,18.92,13.516255,9.657812,29.62927,28.860582,27.421284,19.467318,3.0848372,11.685492,15.385594,25.868504,28.320738,25.885672,18.517666,10.997171,21.383982
796,19.740612,29.796566,21.924004,7.5520577,29.846441,9.715918,21.262136,11.198991,13.950174,9.601436,15.551055,14.499821,10.027726,18.890148,17.56184,27.346945,26.850468,16.90814,19.135546,20.972973,15.063276,11.884848,27.79332,19.85215,20.671173,12.305806,12.020235,10.021682,18.009325,13.742127,26.76156,24.214943,13.794487,8.597893,19.824867
797,17.715754,31.920712,22.43985,8.207242,36.55078,5.070217,26.72682,11.841533,7.046685,4.7135453,8.772366,15.920103,8.539816,16.110546,18.368624,29.684107,29.088219,19.209938,26.13919,26.355457,24.67094,19.557724,29.714432,19.846321,13.769914,8.784534,9.274067,9.319893,30.418266,8.770083,29.714611,26.481075,18.285328,9.172281,22.491152
798,21.882957,30.217775,24.023092,13.158591,34.093544,13.308855,23.855387,10.243208,17.89951,12.542949,12.041131,18.057878,8.198409,15.389293,23.63803,32.433414,22.02993,18.46252,18.495304,24.826044,19.24756,16.044533,28.196585,15.536682,13.5804,8.120314,17.19362,8.407175,20.549019,5.840125,27.748678,24.84672,11.600473,8.370918,20.976852
799,18.160572,32.12049,22.055279,4.0550265,32.352722,3.516077,23.622536,12.631079,6.0829263,4.997344,16.197887,12.720167,11.504789,20.752062,13.005411,24.413792,33.417576,18.22746,24.552502,22.26359,17.791767,13.397147,30.156261,24.871101,23.012646,14.364313,5.6989484,10.848837,22.479134,17.943762,29.265572,26.349854,18.037914,9.666225,21.58614
800,21.350119,31.010052,22.887619,5.844701,20.73538,4.8563814,20.308529,14.121594,8.629155,7.4648347,23.745369,11.851726,13.338137,24.662048,11.020976,20.824156,32.678658,18.483068,21.572838,18.316698,11.653125,8.146689,29.321924,27.743103,28.557188,19.49751,5.43046,11.7367115,12.841837,25.718935,27.787752,25.462719,16.837156,11.076555,20.837997
801,18.851984,31.906815,22.78899,6.535337,34.003227,4.428852,24.581633,12.265544,6.703606,4.529509,13.432871,13.909702,10.553487,19.03814,14.734912,26.177626,31.848743,18.950947,24.765722,23.723127,20.172203,15.640336,29.921085,23.395641,19.486835,12.44343,7.001805,10.025789,24.546335,14.223085,29.333542,26.33951,17.748833,9.697489,21.924276
802,19.292,31.806932,22.307476,3.9445367,27.226175,3.1551032,22.201614,13.410395,6.027101,5.803467,20.206413,11.880105,12.703251,22.922268,11.12694,21.82327,33.930763,18.36864,23.718708,20.308737,14.924409,10.83339,30.027266,26.993753,26.175632,17.225767,4.4858584,11.428417,18.004667,22.439634,28.82813,26.144268,17.915592,10.391735,21.358448
803,29.471218,28.24869,29.273804,20.973509,29.810583,12.528616,20.663912,10.286291,14.567526,6.0353065,13.039985,14.882281,10.303027,18.053108,15.771993,25.48516,24.672901,23.478184,16.298601,20.414616,15.719972,12.692762,27.938234,25.234722,17.617586,12.088215,11.531345,9.212043,10.525345,9.478271,27.521208,25.232565,10.425956,14.296711,21.532167
804,20.62037,30.291275,23.786865,10.933902,33.17307,6.4677896,24.254568,11.41107,8.365424,4.36378,10.390827,14.872504,9.239552,16.97081,16.22021,27.02633,28.234127,19.900156,23.239971,23.813047,21.240564,16.865906,28.622946,21.820919,15.542195,10.479553,8.821989,9.103249,23.78602,10.130542,28.377588,25.554996,16.170458,10.38891,21.70241
805,29.651424,27.762245,28.964062,21.397148,29.037199,18.775143,19.658758,9.862816,22.160433,12.102098,12.826954,17.80937,9.251459,17.64169,21.19168,29.411306,20.594587,22.280413,13.170036,19.947443,13.412929,11.338439,27.157755,21.321217,16.443474,11.14559,19.216501,9.930944,10.588266,7.1772356,26.324617,24.667553,8.960438,12.894699,21.086456
806,20.19325,31.004179,22.220547,5.429514,27.247353,6.986882,20.778244,12.610569,11.16225,7.4174523,19.614672,12.538304,11.915056,22.081669,13.816136,24.634394,31.314962,17.293219,20.600266,19.515772,13.236114,9.76392,29.06244,24.13036,26.098577,15.8346615,8.260266,11.063882,16.054377,20.079779,27.733152,25.057467,15.546588,9.648442,20.131468
807,20.032427,29.397163,23.51976,13.206995,33.851345,7.7162914,25.041666,10.802736,9.383337,4.9314637,6.799138,16.186237,7.467884,14.556744,18.83088,28.946232,25.246399,20.036818,23.349176,24.863987,23.605833,19.300146,27.667725,18.820414,10.925301,7.6343536,11.147776,8.313572,26.688288,5.949874,27.86257,25.016521,15.862048,9.910069,21.664043
808,19.084538,32.533302,22.613895,4.249629,32.079124,3.9213214,23.347326,12.839197,6.8520074,5.086612,17.48598,12.568793,12.028116,21.547276,12.818383,24.517458,34.07262,18.404928,24.121283,21.961473,16.922432,12.595227,30.605251,25.646805,24.49424,15.13014,5.7483234,11.034838,21.132113,18.98282,29.571838,26.614054,17.742212,9.973191,21.631985
809,28.600473,26.426836,28.35491,23.43761,30.580313,16.767159,19.851788,9.274332,19.192616,6.0218453,7.7724853,16.077934,7.376362,16.022907,18.77191,28.527353,23.24736,22.273333,16.025837,19.660135,16.46655,14.96622,25.494764,21.00724,13.424476,9.235082,17.016243,7.8091817,14.792844,5.5614667,25.194052,23.132183,10.665066,11.781025,20.035666
810,20.265362,30.206839,23.498322,12.419459,34.247948,9.493444,25.060125,10.787616,12.35405,8.043241,9.157912,17.101871,7.911687,14.903151,21.072989,30.75071,24.12624,19.325129,21.779762,25.502851,22.230688,18.100632,28.276682,17.307613,11.993905,7.66157,13.352915,8.481303,25.16995,5.8722677,28.204224,25.296143,14.332257,9.239122,21.668959
811,23.929964,27.833609,25.78837,18.09749,32.30223,10.578968,22.752722,10.070668,12.231396,4.1904144,7.052288,15.476869,7.491582,15.100041,17.522724,27.59622,24.880337,21.33486,20.600582,22.363993,20.81883,17.723656,26.56058,20.473804,11.854935,8.471336,12.320398,7.7463517,21.089525,6.0764337,26.645609,24.066166,13.756278,10.977052,20.900255
812,21.616585,30.733173,22.675213,6.431146,21.472723,7.680874,19.525084,13.590508,12.50878,8.658137,23.04243,12.406629,12.704634,24.027798,13.375412,23.485304,30.952621,17.604979,19.530283,18.063204,10.614671,7.5038514,28.845984,25.509125,28.74896,18.335344,8.370924,11.737314,12.154354,23.897097,27.232904,24.885616,15.298147,10.420166,20.087168
813,24.57778,29.628733,24.665688,12.063512,27.813406,14.986828,19.639631,11.008347,20.435553,12.581781,17.830585,15.798213,10.530414,19.94056,19.93046,29.277515,24.35117,18.068018,15.1477165,19.922417,11.84035,9.40639,27.937632,20.225412,22.726257,13.488356,16.189808,10.407048,11.538953,13.677882,26.58191,24.296833,10.685385,9.989784,19.815483
814,23.345049,30.383442,22.999884,9.023301,15.557278,12.470949,17.818674,14.565705,19.269083,9.965153,23.387377,13.820423,12.059294,24.588161,17.206726,27.800566,27.946796,17.185015,16.49729,17.113194,7.9049883,5.199892,28.155771,23.397774,30.47644,18.511152,13.12644,12.722071,10.461059,24.033552,26.285147,24.305298,13.972034,10.808693,19.505693
815,20.721994,31.290606,22.778847,4.992381,21.98338,3.6218758,20.973164,14.113362,6.8213873,7.0340905,23.42325,11.719993,13.489982,24.541897,10.31664,20.0523,33.445847,18.70353,22.640015,18.814749,12.572936,8.841917,29.658258,28.284119,28.038311,19.439241,4.3403335,11.760122,14.05646,25.674622,28.206522,25.832129,17.525616,11.077898,21.226334
816,19.26102,32.65158,23.09428,5.04132,33.505295,3.595015,24.143068,12.749776,5.963365,4.513701,16.141615,12.968657,11.78993,20.977116,12.9318285,24.641296,34.12317,19.08527,24.966553,22.818491,18.420315,13.933549,30.772081,25.834106,22.998623,14.594406,5.538982,10.830919,22.524593,17.718235,29.913195,26.934282,18.177078,10.197687,22.141996
817,21.149982,30.962791,23.152878,6.924078,26.207384,5.9872837,21.253204,12.882168,9.439877,7.1177864,19.940884,12.604911,12.21837,22.3097,12.875475,23.176462,31.33691,18.572504,21.317993,19.936768,13.833558,10.218541,29.25144,25.642506,25.551695,16.570747,7.015317,10.980034,15.295135,20.7076,28.035692,25.48516,15.837179,10.658048,20.893738
818,24.797886,28.088911,25.194956,15.055738,29.179115,18.837353,20.513353,9.851036,23.006315,15.83274,12.563334,19.479214,8.687103,16.952282,24.264584,31.36923,18.97268,19.127739,13.942025,21.586004,13.900081,11.532662,26.799236,17.202408,15.004135,10.209473,21.224188,10.404057,15.325922,6.272006,25.59276,24.297325,9.969036,10.154055,20.8179
819,20.211628,32.063965,22.99791,5.564105,30.85585,5.7097607,22.472563,12.689142,9.138124,5.6535144,17.717749,12.835633,11.903002,21.592136,13.573832,25.2441,32.950077,18.31199,22.60619,21.235334,15.841149,11.8128195,30.167368,25.072124,24.732815,15.083276,7.173381,10.937019,19.395483,18.538858,29.035318,26.165535,16.738844,10.0804,21.166775
820,21.512552,30.479263,22.523907,7.02695,24.781004,11.034686,19.487803,12.569839,16.401602,10.105395,20.041548,13.794116,11.549097,22.218493,16.701275,27.063448,28.508537,16.879557,17.862556,18.770782,11.066808,8.170622,28.4465,22.40615,26.724281,15.783605,12.229864,11.611931,13.781325,19.378256,26.876131,24.537441,13.890743,9.574533,19.658213
821,19.466091,31.833618,22.571163,4.4069586,28.28692,3.3098395,22.491209,13.203443,6.000459,5.7521214,19.528969,12.102667,12.563664,22.518639,11.416101,22.117521,33.68829,18.625422,23.747313,20.757744,15.423242,11.29104,30.085873,26.85851,25.525602,16.784876,4.678753,11.303566,18.349298,21.50688,28.957922,26.264837,17.726736,10.490034,21.539827
822,27.16623,26.198723,26.788433,19.430779,28.564165,22.811855,18.846788,9.20207,26.334795,16.489447,9.71327,20.454136,7.7356334,16.496536,25.160074,31.768076,16.418594,20.480453,11.562482,20.119148,12.615839,11.136407,25.118504,17.56239,14.070371,10.331581,24.338774,11.071087,12.704024,4.246355,23.975641,23.455494,9.066251,11.068542,20.720531
823,19.93058,31.760412,22.6497,4.1720757,24.566015,2.7274125,21.847916,13.992465,5.473993,6.0767546,22.041386,11.68505,13.315068,24.068403,10.106531,20.306215,34.42312,18.803793,23.88636,19.600046,14.030854,10.054452,30.075365,28.379766,27.29441,18.78378,3.7106225,11.7324915,16.359161,24.75773,28.77075,26.232689,18.331406,10.87013,21.553638
824,19.853456,31.897741,22.782814,5.2524304,29.35171,4.644726,22.508013,12.940243,7.7456117,5.895558,18.506977,12.575106,12.124253,21.95055,12.748704,23.853424,32.99781,18.501534,23.106682,21.082369,15.680954,11.603854,30.074305,25.767345,24.951262,15.801575,6.14106,11.0966835,18.902863,19.877756,28.960081,26.198542,17.14198,10.328217,21.377756
825,18.549332,30.032192,22.546585,11.601736,34.90756,8.049895,25.912825,10.77836,10.385675,7.226481,7.1314025,17.14157,7.086097,13.909157,21.00281,30.718721,24.09891,19.056242,23.420643,26.09919,24.281273,19.79969,27.976606,16.455717,10.001729,6.58751,12.60957,8.204532,28.41186,4.840672,28.187357,25.141872,15.659367,8.784254,21.696487
826,22.881218,31.341476,23.658262,7.312584,23.43382,8.363721,19.722807,13.428867,13.508696,8.333559,23.215689,12.473667,12.934393,24.091578,13.706531,24.440361,31.544981,17.992819,19.172714,18.35996,10.695529,7.5881343,29.51098,25.802914,29.248726,18.128563,8.837383,11.492683,11.545921,23.306416,27.891119,25.289597,14.66014,10.674205,20.193861
827,18.188528,31.364275,21.667048,4.3161535,29.937521,4.3640556,22.73325,12.594335,7.1794763,6.1621404,16.884535,12.799306,11.398996,20.909151,13.289519,24.016844,32.066303,17.840988,23.470608,21.366896,16.570717,12.460658,29.417643,24.294853,23.216702,14.680207,6.447407,10.964628,20.86022,18.479345,28.431866,25.737507,17.484676,9.571243,21.132067
828,18.262924,31.785862,22.349937,6.0790186,33.81708,4.6542797,24.630543,12.212126,6.935205,5.0952177,13.121571,14.223153,10.369419,18.768204,15.318191,26.503147,31.189098,18.674171,24.65231,23.837818,20.269524,15.689899,29.771566,22.692345,18.908798,12.045189,7.5023336,10.180206,25.256075,13.709555,29.17014,26.276802,17.78496,9.474848,21.90957
829,20.194616,31.00412,22.642294,5.2446866,23.994373,3.1801577,21.426023,13.637644,5.862167,5.8829,21.13951,11.666353,12.864674,23.352346,10.258105,20.268919,33.236317,18.78021,23.179169,19.34815,13.947856,10.091231,29.39934,27.735748,26.315884,18.18478,4.0416074,11.335121,15.735014,23.677683,28.186708,25.700085,17.652327,10.935528,21.194788
830,25.110786,29.251509,24.954102,12.702369,25.90078,15.502563,19.103455,11.296709,20.652952,12.828112,17.968954,15.975256,10.611334,20.441528,19.730621,28.816614,23.846283,18.513105,14.774762,19.280157,11.105189,8.690959,27.660337,21.033957,23.296173,14.334679,16.436684,11.070322,10.618697,14.543092,26.271482,24.273237,10.951294,10.656198,19.97967
831,19.738651,32.08533,23.037157,5.05076,30.04133,3.3841822,23.071669,13.054861,5.799066,5.092533,18.216352,12.372108,12.340022,22.038494,11.712245,22.7562,33.91311,19.083431,24.237497,21.439228,16.485762,12.232592,30.372555,26.924358,24.641874,16.146303,4.801112,11.168825,19.577639,20.245956,29.363558,26.595348,17.895557,10.684181,21.8721
832,20.995825,31.055159,24.12324,11.086858,33.704865,8.180888,24.75136,11.377784,10.948856,7.7410173,12.265869,16.19664,9.556147,16.950142,18.913229,28.846266,26.43625,19.848219,21.878803,24.983725,20.569592,16.298128,29.283644,20.227413,15.494646,10.016214,11.190994,9.280098,22.783138,9.267106,28.88867,26.11477,14.60821,10.150195,22.194136
833,17.826057,32.260124,22.322453,5.570386,34.972603,3.7292802,25.257568,12.363096,5.7956443,4.513992,12.8895855,14.07159,10.392674,18.849047,14.94431,26.41275,32.283825,18.806053,25.782322,24.349665,21.108809,16.39743,30.15212,23.139334,19.005323,12.128025,6.789631,10.158268,26.44885,14.081631,29.636305,26.588112,18.529041,9.379284,22.194647
834,18.94738,31.941202,22.739756,5.915665,33.151367,4.484417,24.07244,12.412482,6.887832,4.9336934,14.640127,13.594499,11.014061,19.837036,14.160056,25.496338,32.304806,18.818205,24.39079,23.04059,18.992563,14.589776,30.008665,24.101086,20.894506,13.316088,6.778179,10.406343,23.340769,15.624698,29.252413,26.374254,17.704235,9.815883,21.840757
835,23.881977,29.895603,23.915524,10.408509,25.071089,14.826734,19.051296,11.835796,20.717646,12.79865,19.425499,15.469699,10.965172,21.291267,19.606556,29.136795,25.18095,17.4543,15.321835,19.0903,10.45898,8.034091,28.005552,20.788319,25.144365,14.900993,16.002892,11.311756,11.30046,16.49857,26.43044,24.283808,11.561988,9.885961,19.665583
836,22.720106,30.855885,23.222977,8.062481,15.266092,7.428669,19.321684,15.033476,12.6098585,8.605042,25.235258,12.726434,13.167564,25.150707,13.3854265,23.095678,30.44962,18.394636,19.546755,17.934488,9.632093,6.410327,28.960081,26.32697,29.574821,19.891743,8.09086,12.061481,10.914593,26.434153,27.267378,25.14191,15.62579,11.436537,20.601465
837,20.565794,23.653202,21.574677,10.963655,14.331891,29.678364,16.693815,11.457746,32.34444,25.50958,6.9766245,27.555456,7.9519367,18.60316,32.08345,34.197163,7.419471,18.869963,7.530948,19.894495,6.688986,4.2238574,22.609781,14.983676,12.0774975,12.134052,32.06133,18.908197,20.247395,2.6783836,19.545307,24.269543,12.289665,11.814277,23.378908
838,19.86614,32.09411,23.16886,5.674059,31.654886,4.187409,23.281672,12.688299,6.7892365,4.8709483,16.861755,12.745106,11.885824,21.196104,12.719207,24.15723,33.3388,18.99403,23.849216,21.970995,17.159315,12.869178,30.331152,25.870453,23.558676,14.96678,5.7542877,10.811009,20.535868,18.222544,29.38091,26.531034,17.409435,10.454691,21.759953
839,19.98127,29.914974,22.779839,9.135199,31.560814,8.252507,22.8046,11.245175,11.153774,7.2716937,12.781059,14.972461,9.663463,17.736368,17.15709,27.16871,27.03952,18.455267,20.947056,22.50452,18.209122,14.384801,28.131012,20.56325,17.478031,11.097364,10.642611,9.674885,21.19625,11.295029,27.464066,24.934677,14.871092,9.516115,20.885246
840,19.880877,31.957611,23.444319,6.7918916,33.060318,4.3875594,24.038378,12.410042,6.6181602,4.6597843,15.052845,13.474623,11.315296,20.028595,13.649337,24.947477,32.4376,19.411398,24.204346,23.056105,18.791096,14.387427,30.17906,24.956635,21.12901,13.712025,6.310473,10.317747,22.183256,15.830073,29.427109,26.566818,17.357903,10.369034,22.066187
841,21.322935,25.263361,22.06232,10.277175,20.405624,26.680809,16.763464,11.081434,30.844315,22.200434,9.887411,23.694933,8.633473,19.040474,28.874565,33.762123,12.186863,17.598486,8.961787,19.097265,7.849086,5.8171754,23.519747,15.645754,17.07447,13.041223,28.408484,16.782099,15.975782,6.159264,20.974443,23.463493,11.682493,9.984438,21.463915
842,19.490067,31.731562,22.322178,4.6703267,28.663404,5.0440454,22.094389,12.934969,8.442902,6.5645165,19.051123,12.548586,12.106197,22.13799,13.011751,23.947649,32.696075,17.978321,22.66145,20.64102,15.007836,11.073226,29.819723,25.280754,25.463827,15.964424,6.618984,11.236512,18.427782,20.34767,28.623796,25.899183,16.998272,9.965069,21.046358
843,22.831911,29.333038,25.19302,15.910411,33.720634,10.592606,24.470003,10.103575,13.3216,8.984411,9.757615,17.274626,8.03333,14.474061,20.99336,29.732292,22.081905,20.593636,19.781334,25.360258,21.294704,17.497658,27.822897,17.851686,11.236117,7.7560234,13.691273,7.767184,20.770145,4.753775,27.81611,25.074312,12.021127,10.375629,21.780584
844,21.601269,29.128302,24.610638,15.746805,34.113815,9.630524,24.770227,10.492442,11.478891,5.484432,6.5502915,16.668938,7.1193695,14.338887,19.76775,29.715853,24.575157,20.677118,22.402454,24.686445,23.248592,19.464905,27.441528,18.413357,10.304726,7.171583,12.955168,7.8948603,25.574121,4.910453,27.66585,24.837437,14.884482,10.020289,21.623209
845,28.521646,25.668644,27.17576,21.317535,27.712687,24.16035,17.422388,8.904156,28.623213,14.3634615,10.129854,19.380804,7.135153,16.678488,24.499521,32.059597,18.529284,19.84861,10.606666,18.195139,10.675475,10.207014,24.53425,16.976742,14.679473,9.69784,25.575655,9.418459,11.870794,4.6521482,23.288506,22.303932,8.052487,10.28865,19.17084
846,18.646545,32.85886,22.8214,4.6652966,34.520477,3.4473162,24.660337,12.707553,5.7941732,4.5884986,15.507545,13.275003,11.537205,20.533863,13.521821,25.27823,34.064987,18.924898,25.426346,23.438456,19.257477,14.659129,30.860258,25.143936,22.185537,13.975716,5.8118563,10.720988,23.967339,16.901575,30.068651,27.01738,18.442692,9.824652,22.25191
847,27.82856,27.084309,27.544153,20.259905,29.487053,17.493902,19.606995,9.61628,20.545414,9.822171,10.565903,17.046373,8.421824,17.049398,20.076855,28.92299,21.872501,21.325747,14.724613,19.827684,14.583442,12.720706,26.146694,20.66346,15.385189,10.5282135,18.028648,9.204686,13.318057,6.8729706,25.405186,23.70845,10.2473345,11.734445,20.363512
848,19.239687,32.230057,22.999945,5.4450274,33.180893,3.7848675,23.977306,12.560646,6.086291,4.571837,15.690798,13.053446,11.561681,20.536896,13.079579,24.563818,33.38085,19.030142,24.598404,22.749903,18.447905,14.005021,30.388657,25.3563,22.234947,14.20757,5.7384214,10.615278,22.367346,17.007303,29.567505,26.649765,17.845911,10.146868,21.977861
849,30.735352,28.051985,30.250202,24.328646,31.108042,14.441701,20.863237,9.790408,17.02899,6.0327134,11.882362,15.440357,9.282831,16.85032,17.570068,27.426014,23.742176,23.802277,15.687825,21.092897,16.333632,14.052121,27.457417,23.227348,15.629144,10.518477,14.036113,7.6672983,10.666091,7.1890054,27.24111,24.677067,9.093042,13.543934,21.172968
850,23.888931,28.069561,25.793526,18.549911,33.237522,12.047298,23.05271,9.919815,14.165426,5.4678836,6.7882237,16.274323,7.0076504,14.713466,19.311283,29.24888,24.29057,21.067942,20.34671,22.83924,21.076523,18.264118,26.57762,18.958519,11.117649,7.650599,14.400133,7.533374,21.963331,4.998203,26.666304,23.997492,13.413005,10.250635,20.848898
851,19.979418,32.030743,23.562263,6.273754,32.77188,3.687951,23.828037,12.559284,5.6100926,4.264208,15.714493,12.872371,11.732997,20.814793,12.351602,23.665827,33.53332,19.642296,24.661058,22.466753,18.24798,13.891877,30.364218,26.44129,22.48351,14.763977,5.214715,10.72379,21.355354,17.523184,29.581415,26.751968,17.848381,10.753147,22.185493
852,17.873978,32.45499,21.772999,2.8308585,31.950624,3.1798565,23.39065,12.861725,6.016165,5.338309,17.594421,12.341139,11.974658,21.56019,12.531952,24.010729,34.248444,17.875154,24.574278,21.83902,16.956097,12.577664,30.443987,25.40186,24.60011,15.188456,5.287816,11.221048,21.82372,19.544958,29.411074,26.469805,18.238838,9.532427,21.504013
853,26.209087,27.583715,27.207636,20.297836,31.821154,11.662096,21.698812,9.956755,13.437462,3.3805852,7.83373,14.874648,7.886217,15.9549465,16.460323,27.015413,25.684566,22.109737,19.4804,21.219599,19.315771,16.696291,26.501398,22.111351,13.468367,9.463995,12.320688,7.6254478,18.067991,7.009378,26.476847,23.917608,12.929503,11.729364,20.65461
854,22.430265,30.747837,22.891705,7.6401205,14.342539,7.246353,19.11106,15.179026,12.530127,8.990954,25.968933,12.579149,13.195562,25.470425,13.189053,22.655966,30.579382,18.103489,19.64384,17.482,9.284816,6.149224,28.788433,26.291641,30.047436,20.323286,8.042798,12.10366,10.536683,27.441364,27.082344,24.917658,15.868266,11.215024,20.395237
855,21.924423,28.368908,22.440413,9.417117,26.274836,17.950268,18.614594,10.879535,23.440107,15.153067,14.978861,17.65373,9.281197,19.305933,22.62305,31.150217,21.835735,16.329273,14.057195,19.15655,10.76527,8.605,26.384405,17.502922,21.04237,12.66112,20.11172,11.82693,15.00424,11.669684,24.705612,23.387363,11.7192135,8.657368,19.30108
856,18.379108,32.562126,22.707191,5.4904747,35.005302,3.641424,25.09838,12.501177,5.826364,4.354205,13.840967,13.778107,10.848192,19.473724,14.397289,26.0869,33.068787,18.97989,25.674057,24.09817,20.530273,15.8481045,30.503609,24.003036,20.178173,12.811052,6.385878,10.290888,25.471825,15.032217,29.896082,26.809238,18.458187,9.623066,22.260881
857,22.83693,31.225763,23.411026,7.7740107,14.722563,6.6260366,19.616232,15.401918,11.639467,8.740091,26.371939,12.624973,13.575909,25.79818,12.747348,22.265524,31.27779,18.688726,20.283068,17.922564,9.740277,6.427036,29.348452,27.20736,30.160696,20.70489,7.342961,12.170708,10.718928,27.84453,27.650639,25.455423,16.224152,11.636833,20.908764
858,20.371494,32.056534,22.899542,4.928312,27.762932,4.9220495,21.92867,13.257055,8.453509,6.6984434,20.615963,12.36499,12.726419,23.023811,12.449064,23.378395,33.320484,18.372595,22.518887,20.387875,14.254346,10.339042,30.226908,26.413147,26.777,17.026793,6.1516476,11.43263,16.909845,21.81539,28.915659,26.204445,16.898396,10.439697,21.262712
859,23.666021,30.97147,24.519842,8.958304,17.166033,5.077998,20.377678,14.852444,8.528994,7.530406,25.166065,12.325146,13.757514,25.24938,10.775224,19.924904,31.97422,20.108171,21.440125,18.330847,11.445308,7.9358573,29.53044,29.03413,28.318571,20.556065,5.2854757,11.610634,10.723329,26.782095,28.09679,25.848011,16.579685,12.468625,21.54467
860,24.51466,30.77819,24.904991,10.52814,24.07897,10.038932,19.831224,12.856199,14.7409115,8.630036,21.40701,13.341872,12.383123,22.83012,14.986489,25.378538,29.286446,19.103807,18.046165,19.034714,11.315373,8.277756,29.182785,25.156115,27.087204,16.842855,10.300622,11.107961,10.877845,20.337358,27.78023,25.293907,13.26754,11.508438,20.530111
861,18.418257,32.038364,21.907995,3.6279879,30.510372,3.9640284,22.86666,12.823877,6.998199,6.015828,18.075495,12.500602,11.949939,21.609951,12.865111,23.972216,33.258854,17.882732,23.683882,21.427084,16.197336,12.000295,30.073553,25.102467,24.634338,15.336527,5.9204597,11.173937,20.448092,19.60171,28.988634,26.167526,17.599161,9.66758,21.30498
862,21.38914,31.06196,23.032118,6.1610236,22.537012,5.048031,20.60701,13.729426,8.721713,7.3125772,22.809149,11.975978,13.080807,24.01743,11.410763,21.40077,32.44986,18.53031,21.541855,18.800901,12.282285,8.738011,29.376291,27.249275,27.82449,18.703356,5.7299976,11.441753,13.36181,24.384827,27.941557,25.494238,16.48418,10.985226,20.847372
863,19.444725,32.39819,22.910162,5.0183525,32.09763,4.215891,23.46863,12.763247,7.0025673,5.1640787,17.03612,12.85648,11.89129,21.273773,13.097857,24.64889,33.564053,18.719564,24.027218,22.174051,17.25825,12.927138,30.521978,25.533482,23.783947,14.875517,6.019228,10.919729,21.160795,18.304346,29.54066,26.633358,17.592323,10.15741,21.771845
864,18.830294,32.109573,23.134335,7.677435,35.46718,4.0556135,25.784822,12.198667,5.8786535,3.8855686,11.471376,14.554909,9.908825,17.953146,15.578557,27.105871,31.402136,19.59036,25.945417,25.034689,22.498533,17.63287,30.10707,22.842762,17.235271,11.272062,7.1460304,9.667348,26.895746,12.335075,29.842459,26.670174,18.275932,9.856027,22.464079
865,17.857744,33.424644,22.396416,3.6736007,35.437706,3.3029857,25.172415,12.8802395,5.881416,4.7848268,15.401802,13.483511,11.432964,20.576107,14.162798,26.207384,34.595055,18.559591,26.094503,23.946232,19.840899,15.120458,31.224981,24.637993,22.307465,13.711603,6.1345067,10.884273,25.600283,16.93328,30.431932,27.255827,19.028889,9.358929,22.36109
866,23.088722,31.131489,24.120739,8.069146,23.761847,6.981991,20.275385,13.342865,11.1292715,7.34547,22.288446,12.307837,12.973187,23.711304,12.497916,23.007103,31.700035,18.931246,20.117617,18.804712,11.868415,8.48583,29.557554,26.92627,27.93541,18.068346,7.240271,11.285547,12.083123,22.809626,28.11246,25.584454,15.149096,11.415836,20.738504
867,18.462627,33.27423,22.616621,3.3806834,34.022957,2.9161701,24.350863,13.024483,5.480925,4.580456,16.988363,12.654587,12.107279,21.605385,12.640956,24.64356,35.360554,18.657892,25.634693,22.824331,18.251286,13.674235,31.257233,26.175915,24.323063,15.097516,5.061668,11.213798,23.165194,19.052633,30.319334,27.22062,18.831291,9.873245,22.191015
868,24.329922,26.56208,24.09798,14.062068,27.24785,20.626781,17.943533,9.551999,25.353914,15.921952,12.308929,18.71417,8.26048,17.50981,23.537125,30.96992,18.787636,17.619051,11.967579,18.864927,10.896057,9.365232,25.033527,16.760761,17.225412,11.213871,22.412027,10.870723,12.991063,7.5008054,23.553366,22.607677,9.752068,9.259508,19.179188
869,19.335117,32.569515,22.84045,4.308997,31.358786,3.5693884,23.36531,13.023672,6.2759957,5.2402654,18.103704,12.518077,12.331907,21.962738,12.316364,23.74388,34.252453,18.757608,24.30988,21.839342,16.72525,12.366503,30.74176,26.421343,24.837198,15.735542,5.243723,11.246826,20.562378,19.798796,29.684748,26.816315,17.939716,10.340839,21.892893
870,19.400953,31.94231,22.632969,4.7360067,29.923746,3.727007,22.802622,12.925247,6.4744987,5.291634,18.148783,12.339826,12.164099,21.803806,12.129666,23.271833,33.49261,18.577152,23.731125,21.296474,16.166363,11.946982,30.158888,26.132494,24.643875,15.758702,5.266457,11.069035,19.60656,19.87189,29.106165,26.31938,17.542147,10.347197,21.521383
871,22.735928,24.526659,23.516275,14.396325,21.264788,26.520119,17.539164,10.533389,29.650515,21.029955,7.498366,24.084585,7.7960744,17.502157,28.814396,33.20074,11.007465,19.390081,9.365276,20.064425,9.72592,7.790628,23.09456,15.712435,13.472337,11.578406,28.288897,15.606087,16.402693,3.393621,20.9652,23.478752,11.117775,10.856213,22.065247
872,29.900509,27.149002,29.816402,25.018732,31.687677,14.06147,20.908756,9.565189,15.700815,3.4563384,8.03903,15.067652,8.035704,16.354538,16.454355,26.92324,25.146984,23.98888,17.743443,20.445263,18.21526,16.192314,26.490309,23.727346,13.715279,9.892585,13.613483,7.4490495,14.406461,6.484058,26.477678,24.061207,11.34009,13.179387,20.918419
873,24.867355,24.58323,24.117441,15.693589,24.240808,26.869865,15.932934,9.281622,31.524956,19.245548,9.659554,21.490404,7.2619915,17.507471,26.917158,32.88184,14.969367,17.710047,8.65655,17.395674,7.8482666,7.33249,23.092297,15.130812,15.724987,11.094985,28.643156,12.574682,12.93577,4.9220934,21.109518,21.825539,9.184227,9.218113,19.228827
874,23.582064,25.235659,23.481316,14.166004,24.201117,25.612572,16.99576,9.753444,30.053408,19.186382,9.419723,21.90006,7.3815117,17.506557,27.21384,33.157726,15.313529,17.662725,10.0510235,18.50448,9.099271,8.057164,23.66967,15.023333,15.068382,10.860695,27.884523,12.928326,15.61937,4.9320493,21.688204,22.470558,10.303728,9.179434,19.877323
875,23.56934,23.935772,23.314426,14.829601,19.49975,27.816328,16.229847,10.056398,31.512594,21.045979,8.30669,23.874302,7.2206655,17.559261,28.854671,33.157887,11.995694,18.407192,8.222324,18.354277,7.387724,6.140676,22.801146,14.981743,13.220692,10.956655,29.999725,14.515842,16.227186,3.541785,20.44149,22.686993,10.115603,10.538713,20.79616
876,22.051039,29.593933,22.925705,8.461511,23.408669,9.343039,19.385702,12.375777,13.863922,9.376935,20.362223,13.137633,11.637114,21.96685,14.798707,24.348206,28.16521,17.689034,18.160603,18.494062,11.350947,8.491273,27.842035,23.516052,25.695042,16.284052,10.1588745,10.905907,11.901277,19.910236,26.461542,24.17585,13.6698,10.211935,19.73088
877,21.869602,30.968353,23.628147,6.911124,22.926878,4.5953455,20.980885,13.660661,7.608944,7.02281,22.332478,12.099096,13.2025795,23.84275,10.876521,20.560785,32.341183,19.347677,21.929577,19.153215,12.915885,9.268617,29.481117,28.068825,27.00873,18.778603,5.06027,11.430275,13.284743,23.949854,28.14686,25.802256,16.619247,11.548106,21.34876
878,23.719814,27.686422,25.523918,18.36929,32.700836,12.228127,22.68399,9.767565,14.348228,5.7694507,6.7477913,16.252525,6.9560585,14.62133,19.279097,28.976591,23.72625,20.822958,19.862888,22.574484,20.619255,17.8591,26.230108,18.766026,11.052078,7.691322,14.484472,7.565705,21.434347,4.9115787,26.266897,23.728024,13.122114,10.201893,20.64577
879,19.311863,32.050766,22.760044,4.879697,31.3928,3.7554731,23.192343,12.725344,6.307004,4.936481,17.107845,12.520182,11.956653,21.333778,12.380142,23.722088,33.53904,18.729704,24.006012,21.765903,16.935349,12.624206,30.276766,25.942959,23.881477,15.151798,5.38618,10.96512,20.632822,18.764015,29.300863,26.475208,17.629528,10.32045,21.678596
880,20.935886,31.270203,23.066639,5.589077,23.480658,3.8638463,21.237854,13.782957,6.8884006,6.6736608,22.266367,11.875607,13.2240505,23.922241,10.632543,20.577623,33.129223,18.943329,22.608873,19.264898,13.228969,9.447557,29.680584,28.011738,27.235802,18.725641,4.5683584,11.558483,14.541627,24.30263,28.337366,25.906036,17.252146,11.178386,21.320648
881,20.044174,31.469007,23.735077,8.97537,34.0799,4.584997,24.928537,12.051319,6.3393826,3.700791,11.887626,14.234217,10.109161,18.208431,14.836566,26.159483,30.941786,19.973566,24.929064,24.182716,21.39657,16.779457,29.684677,23.607449,17.674568,11.852863,6.958971,9.548346,24.505474,12.693927,29.360426,26.346157,17.51616,10.434045,22.231253
882,20.683506,29.770813,23.828072,12.20356,33.402527,6.846307,24.42367,11.085865,8.585171,4.048483,8.713062,15.224972,8.5047865,15.891236,16.936422,27.635689,27.044743,20.056358,23.187153,24.100117,22.232346,17.846355,28.13079,20.801092,13.62352,9.337153,9.45557,8.655552,24.648058,8.298357,28.09344,25.233784,15.962925,10.371374,21.586294
883,18.51484,32.317924,22.204485,4.321982,32.277313,4.5378275,23.556595,12.673985,7.5154223,5.7226024,16.480473,13.178125,11.5064335,20.844643,13.985966,25.441921,32.95544,18.125263,24.005264,22.378119,17.531628,13.203334,30.281378,24.307175,23.140013,14.2101755,6.787327,10.937184,22.34378,17.58305,29.306246,26.41032,17.685745,9.566819,21.57099
884,21.290358,28.205688,22.385712,10.330566,29.907797,17.65976,20.125711,9.95567,22.754545,15.9863825,12.715561,18.632292,8.323705,16.828686,24.247055,32.057255,19.823051,16.367567,14.550101,21.043417,13.743409,11.370063,26.219692,15.037117,16.560066,10.08793,20.844389,10.519273,17.130524,7.4381742,24.963408,23.282396,11.031309,7.8485856,19.467648
885,19.16095,32.851536,23.069002,4.385528,33.22824,3.0057032,24.070925,12.956111,5.242673,4.320752,16.77857,12.569597,12.137335,21.631813,12.10983,23.863281,35.024216,19.159485,25.41497,22.4811,18.02814,13.54596,31.01757,26.835388,24.095884,15.373302,4.762357,11.189471,22.182596,19.099794,30.115408,27.144144,18.63937,10.413195,22.260784
886,18.720312,32.038742,22.360394,4.5066357,31.711077,3.7422335,23.353622,12.67104,6.3613205,5.0549746,16.658499,12.64582,11.685768,21.006239,12.801167,24.153255,33.33291,18.418465,24.174534,21.972628,17.305067,12.966792,30.16124,25.255222,23.40666,14.698248,5.6727524,10.885854,21.51605,18.299139,29.223494,26.356499,17.765743,9.954873,21.577559
887,21.304523,31.447618,23.429333,6.078792,24.266901,4.0683403,21.473112,13.720014,7.051098,6.3901453,21.781256,12.024725,13.166147,23.754478,10.8527975,21.030714,33.201355,19.218904,22.678467,19.578085,13.625951,9.780658,29.88954,28.078377,26.949858,18.441572,4.7298803,11.485982,14.899232,23.680159,28.583712,26.107752,17.191303,11.361592,21.484947
888,20.178045,31.489016,22.860535,5.4295754,26.850975,3.7916567,22.044828,13.269014,6.60809,5.6390963,19.657368,12.090887,12.514172,22.601543,11.393453,22.041218,33.18579,18.79698,23.209053,20.330273,14.947731,10.921551,29.81916,26.939423,25.538103,16.949205,4.904973,11.185318,17.384432,21.629755,28.670835,26.043083,17.383873,10.8010845,21.37335
889,24.994858,27.8178,26.700546,19.943388,33.09221,11.107085,22.986403,9.905316,12.603119,3.9850707,6.4525847,15.668438,7.249553,14.850443,17.753033,27.903738,24.826456,22.100645,20.670788,22.546732,21.439423,18.477959,26.616009,20.732695,11.214478,8.176024,12.765976,7.4558086,20.909727,5.352992,26.840475,24.171894,13.586426,11.327999,21.11495
890,20.596699,31.657022,23.245745,5.807089,27.46654,4.0617914,22.20884,13.210615,6.832008,5.7989306,19.620459,12.2911415,12.610754,22.596176,11.604032,22.268822,33.127644,19.093386,23.106974,20.581154,15.070669,11.016143,30.036776,27.114697,25.487911,16.90936,5.104696,11.231232,17.236015,21.285545,28.886637,26.2724,17.209562,11.014515,21.59222
891,20.786694,31.671234,23.254324,6.4050694,28.907427,5.7370615,22.14741,12.728255,9.172316,6.989835,19.237131,12.901369,12.1735325,21.863125,13.494367,24.199677,31.824205,18.632154,21.890339,21.061035,14.934524,11.0684595,29.881021,25.298841,25.033752,15.805552,7.1183214,10.904349,16.962118,19.518377,28.724115,26.010466,15.945246,10.452714,21.27793
892,17.679558,31.98233,22.05995,5.244201,34.149612,4.041968,24.834272,12.305522,6.2150855,5.1048956,13.341554,14.067557,10.480253,18.947052,14.991788,26.15186,31.76088,18.536087,25.163036,23.924692,20.375631,15.745985,29.917252,22.903666,19.202724,12.238001,7.0442934,10.300548,25.764254,14.256392,29.30897,26.393967,18.206408,9.308893,22.00051
893,22.072887,31.042404,22.800673,6.529409,9.612305,4.373954,19.446009,16.68203,8.896618,8.190312,28.434755,12.101406,14.215376,27.326275,10.612232,19.429365,32.570286,18.86102,21.805199,16.931974,9.266625,5.7408085,29.21576,29.104572,31.055548,22.872873,5.0234914,12.741237,10.818593,31.700544,27.407938,25.487125,18.271765,11.984464,21.180504
894,24.5541,28.071205,23.602541,11.318774,19.945915,17.831333,16.38238,12.065572,23.86415,13.477841,19.087942,15.770423,10.423321,22.090551,19.74133,28.880829,23.77642,17.003502,13.005452,16.08862,7.0535984,5.3660254,26.227911,20.763083,26.28591,16.047817,18.568472,12.336645,9.2907,17.6481,24.364588,22.960653,11.571526,10.1291,18.652056
895,21.960245,28.01735,23.881855,14.435191,31.417448,12.880314,22.124102,10.042262,15.734219,8.442479,8.508484,16.81719,7.517471,15.4995575,20.29532,29.511902,23.171272,19.169767,19.007969,22.154602,18.73125,15.833189,26.425848,17.830957,12.785314,8.462619,15.530607,8.762375,21.606472,6.1679273,26.012367,23.798868,13.292456,9.439853,20.393208
896,20.152863,30.967468,22.444868,4.5817733,21.139242,2.4204245,21.004295,14.290955,5.112393,6.0360537,23.095024,11.278393,13.439662,24.534561,9.128123,18.738829,34.040195,18.740536,23.500977,18.473837,12.962485,9.1779585,29.377935,28.84311,27.608442,19.7004,3.0976126,11.664748,14.67449,26.28998,28.01937,25.651224,18.338465,11.053669,21.176329
897,20.262249,31.571032,22.919437,5.432854,27.337477,4.1953154,22.056498,13.144837,7.156523,6.277094,19.92207,12.272339,12.55625,22.57564,11.837926,22.365597,32.881325,18.740646,22.86058,20.484724,14.780547,10.805559,29.872805,26.667377,25.68097,16.88644,5.3724284,11.221484,16.989893,21.431292,28.69471,26.07451,17.024193,10.702661,21.398361
898,18.141624,32.022877,22.721455,8.1827135,36.41254,4.8269854,26.520554,11.903082,6.8071885,4.536399,9.608166,15.581488,8.935234,16.54181,17.717484,29.089743,29.63205,19.351007,25.984955,26.096857,24.108278,19.030972,29.881384,20.588886,14.66828,9.382221,8.752436,9.347432,29.311722,9.594783,29.81604,26.566578,18.11857,9.380264,22.498945
899,19.099146,32.96012,23.106579,4.994741,34.287727,3.6566217,24.565294,12.79528,6.097275,4.540282,15.809889,13.252586,11.670771,20.791962,13.46984,25.332878,34.2303,19.087797,25.30576,23.328295,19.02973,14.465611,30.989353,25.469858,22.599432,14.236478,5.8603683,10.772823,23.503393,17.213516,30.16466,27.108286,18.368063,10.013727,22.294094
900,22.622911,30.47266,24.013592,9.504635,28.460693,9.481613,20.88258,11.952469,13.443165,7.427451,17.341837,13.75317,11.305812,20.688059,15.556162,26.275383,28.999733,18.62845,19.085892,20.292574,14.011291,10.68032,28.808296,23.369263,23.408226,14.236885,10.369333,10.440381,15.403409,16.12461,27.638416,25.11432,13.843176,10.545921,20.473963
901,18.466938,33.43506,23.013998,4.586397,35.971405,3.0892007,25.476645,12.85446,5.2537513,4.1646514,14.839873,13.555127,11.452606,20.439499,13.8049345,25.879925,34.814484,19.224997,26.479412,24.244465,20.449663,15.684057,31.34503,25.298302,21.723396,13.712942,5.725385,10.740018,25.705313,16.503506,30.64618,27.472635,19.162407,9.787563,22.69232
902,26.77567,26.600786,26.17417,17.893717,27.35061,23.184038,18.241228,9.60792,27.50403,16.118097,11.040005,20.10012,8.041348,17.464878,25.108788,32.290146,17.9097,19.52871,11.353015,19.380053,11.136382,9.879844,25.339506,17.414803,15.89303,10.826317,24.72786,11.175951,12.993808,5.79341,23.89444,23.325037,9.23972,10.486058,20.191282
903,18.962713,32.506462,22.501629,3.8120103,30.937304,3.348227,23.21512,13.090844,6.139569,5.192734,18.304071,12.324755,12.323103,22.08037,12.12549,23.569212,34.417755,18.470835,24.390945,21.592253,16.534927,12.199797,30.630377,26.346903,25.117245,15.872158,5.0701985,11.287796,20.61554,20.255457,29.55319,26.668869,18.116352,10.146154,21.716208
904,18.758404,31.988934,22.47762,4.915441,32.28018,3.8828552,23.611423,12.550712,6.383709,5.041757,16.029287,12.932513,11.490808,20.585178,13.174722,24.46946,32.970215,18.563467,24.238743,22.360483,17.866028,13.493968,30.105995,24.901476,22.54171,14.242019,5.9303617,10.711234,22.041677,17.392023,29.23266,26.366669,17.700256,9.914306,21.68272
905,27.814928,27.61979,28.461845,22.203722,31.977312,11.809041,21.667318,9.926265,13.320908,2.8006353,7.9521956,14.740217,8.139328,16.20824,15.859827,26.574282,25.988237,23.17404,19.329098,21.171991,19.315098,16.749622,26.74707,23.415178,13.699738,9.887285,11.922251,7.516933,16.729298,7.1039863,26.78137,24.21187,12.624298,12.619303,20.994242
906,19.867294,31.436869,22.642242,5.3609295,27.967283,4.420872,22.102865,12.960682,7.412772,6.1277485,19.021107,12.36597,12.194638,22.092403,12.239901,22.906017,32.601448,18.48139,22.848362,20.56751,15.153743,11.177216,29.683262,25.97975,25.067713,16.241192,5.782617,11.097023,17.829386,20.552904,28.558218,25.901007,17.0279,10.424061,21.220167
907,23.120907,29.751728,22.655396,8.70791,16.03198,14.5269375,17.198914,14.086048,21.27329,11.19495,22.007698,14.605841,11.649082,23.999554,18.582489,28.854027,26.211136,16.748018,15.115361,16.777056,7.2468805,4.6611915,27.56588,22.26561,29.794842,17.786448,15.183393,13.2778225,10.623925,22.200853,25.58314,23.978394,13.367289,10.630486,19.272814
908,27.253021,26.044025,25.628986,17.199596,23.468348,24.11396,15.83545,10.107722,29.478853,15.946951,13.4448,18.812819,8.183056,19.240005,23.819458,31.715765,19.1616,18.345701,9.93903,16.301321,7.541828,6.8745427,24.573198,18.036213,20.19457,12.844728,25.16607,11.602755,9.6754465,9.759309,22.879358,22.173332,9.285734,10.290336,18.670164
909,19.350676,31.896933,22.713089,5.132374,31.00862,4.0183973,23.08918,12.679614,6.6686344,5.2678823,17.154766,12.627678,11.851706,21.212715,12.661169,23.84346,33.059105,18.6652,23.724102,21.729088,16.818615,12.5576515,30.111227,25.596767,23.69435,15.028477,5.7015347,10.886726,20.360815,18.591791,29.137743,26.335426,17.388113,10.2671585,21.59218
910,28.315994,28.163836,28.895632,22.32731,31.931736,12.395046,21.917248,10.1525755,14.108501,3.7199488,8.869103,15.241917,8.503134,16.60748,16.61425,27.186104,25.799072,23.46153,19.014805,21.573275,19.003475,16.349669,27.326847,23.553516,14.147314,10.100545,12.555879,7.868807,16.389399,7.2739277,27.26361,24.742178,12.318882,12.907152,21.413984
911,24.496325,30.295776,24.664377,10.690153,24.884594,12.0245905,19.156769,12.372428,17.165863,8.895858,19.969376,13.708284,11.798506,22.23086,16.222445,26.922419,28.367455,18.489157,16.794226,18.547653,10.796954,8.031068,28.637476,23.789333,26.588575,15.811766,12.252155,11.149811,11.299945,18.530416,27.148321,24.780197,12.619239,10.984362,19.925426
912,21.001526,24.358986,22.087376,10.992411,16.01059,30.301483,17.226866,11.509841,33.164795,26.4604,7.2649913,28.037317,8.141179,18.918049,32.837406,35.10396,7.661705,19.124739,7.8090177,20.501856,7.215769,4.7409077,23.183958,15.13645,12.61109,12.444804,32.74983,19.185415,20.252817,2.7042475,20.11328,24.74252,12.466005,11.721289,23.789606
913,19.267843,31.645603,22.36161,4.967217,29.678425,4.812978,22.54519,12.712629,7.881979,6.3981385,17.99663,12.779358,11.83408,21.463846,13.238928,24.06637,32.284718,18.19648,22.948769,21.239702,15.885226,11.834138,29.770613,24.948397,24.242504,15.2799225,6.566931,11.035775,19.336174,19.133244,28.69434,25.976358,16.98745,9.981321,21.256239
914,21.318504,28.38456,23.964787,15.221588,32.994778,10.700385,23.6533,10.144809,12.942656,6.528211,6.924984,16.565374,7.0011144,14.367207,19.941677,29.50722,23.625576,19.788824,21.015753,23.697336,21.615551,18.246986,26.683054,17.636648,10.729555,7.3310056,13.85235,7.9349504,24.07184,5.02517,26.72106,24.086105,14.0785055,9.462004,20.871437
915,19.883698,31.78088,23.664837,7.89913,34.08326,4.255603,24.736448,12.215834,6.0368075,4.060942,13.19243,13.891407,10.675265,19.059486,14.12741,25.408785,31.910519,19.86225,24.95462,23.83383,20.499096,15.9628525,29.998045,24.482697,19.176073,12.770839,6.4399724,9.932405,23.730679,14.182134,29.509756,26.562092,17.675848,10.418806,22.313501
916,19.846745,31.366436,22.487095,4.595789,25.093552,3.2798822,21.672022,13.576222,6.1182466,6.20495,21.151493,11.799444,12.904547,23.336535,10.689616,20.875872,33.438248,18.570757,23.242014,19.69304,14.096883,10.168844,29.680813,27.437954,26.51351,17.963762,4.3306713,11.459856,16.342789,23.416277,28.428951,25.897762,17.672125,10.703868,21.274775
917,23.272825,25.804478,23.695957,13.522827,20.98714,25.847742,17.802984,10.949253,29.633484,20.359436,9.604065,23.571901,8.408855,18.561535,28.470388,33.607796,13.502564,19.046545,10.051195,19.98971,9.190661,7.175511,24.466301,16.472836,15.087281,11.867804,27.716057,15.297268,17.062426,5.1679826,22.171179,24.13954,11.232393,11.005821,21.950031
918,18.178776,32.14795,22.575891,6.4935765,35.121628,4.1565084,25.492699,12.2292595,6.2157526,4.606254,12.239251,14.486343,10.09787,18.270248,15.665134,27.038008,31.417427,19.034513,25.58519,24.758738,21.696781,16.903217,30.073923,22.541723,17.924593,11.483958,7.34818,9.931265,26.72154,12.904786,29.657553,26.58113,18.187187,9.487394,22.282045
919,22.993586,30.9611,24.050304,8.139896,20.9483,5.834255,20.378958,13.921837,9.564599,7.4488344,23.42272,12.278985,13.274086,24.236221,11.619114,21.40902,31.747677,19.319883,20.838345,18.735409,11.784932,8.330263,29.427248,27.708649,27.83727,19.076342,6.1547384,11.32741,11.703641,24.448736,27.988726,25.615261,15.800284,11.76422,21.077528
920,20.168594,31.704233,22.631443,5.1757145,27.749863,5.4792213,21.705793,13.061212,9.1060095,6.604654,19.72671,12.466999,12.291443,22.553967,12.912866,23.920277,32.735065,18.069191,22.209217,20.227793,14.339225,10.516047,29.821045,25.606222,26.170652,16.424068,6.7890086,11.267555,17.331236,20.959486,28.552141,25.840153,16.732416,10.182019,20.93295
921,23.073181,29.089203,25.421906,15.46141,32.719906,8.273942,23.631306,10.780629,9.795575,3.572506,8.496895,15.137993,8.479206,16.067726,16.412714,27.006067,26.763412,21.245253,22.13294,23.247953,21.35719,17.52869,27.739523,21.89451,13.531154,9.682837,10.064469,8.305369,22.132357,8.030306,27.71221,25.013132,15.022036,11.255693,21.564768
922,22.489727,30.604895,22.929998,6.7863913,16.604359,7.174885,18.673979,14.616772,12.285246,8.335645,25.641161,11.974237,13.42388,25.447668,12.125762,22.010958,31.461563,17.817541,19.269218,16.741808,8.992749,5.909419,28.780268,26.794199,30.569584,20.281824,7.5086513,12.011876,9.900326,27.054672,27.010542,24.75822,15.683928,11.024414,19.960123
923,23.06056,29.726213,22.763496,8.081488,19.988855,15.511908,17.363882,13.069021,21.969767,12.519371,21.028131,15.046451,11.538454,23.312405,19.088854,29.081545,25.94896,16.476643,14.648543,17.075672,7.5255003,5.1361527,27.634611,21.709858,28.838966,16.994726,16.25837,13.057824,10.756728,20.189352,25.611166,23.992283,12.740885,10.041876,19.194117
924,23.060287,31.732128,23.97366,7.4783087,15.021698,4.912512,20.42026,15.775531,9.078245,8.174157,27.09458,12.440203,14.21859,26.472425,11.192929,20.45171,32.87992,19.58905,21.897995,18.269829,10.656479,7.0822883,30.037811,29.160688,30.125917,21.658907,5.4760094,12.255878,11.208595,29.149094,28.379774,26.167198,17.393446,12.172554,21.682165
925,19.145002,32.857594,23.018383,5.056417,33.99082,4.284752,24.36414,12.724003,6.9508367,5.12314,15.955257,13.494015,11.617464,20.716595,14.025304,25.761515,33.627167,18.888361,24.7435,23.262012,18.696434,14.200856,30.856981,24.91284,22.512869,14.058983,6.534829,10.785463,23.216255,16.867186,29.973381,26.977829,17.990776,9.876803,22.161606
926,18.47884,32.75567,22.376513,3.7895143,33.016346,3.5464635,23.872131,12.840174,6.338021,5.0291867,16.905252,12.752538,11.84897,21.252121,13.09678,24.843117,34.24247,18.34741,24.767544,22.502947,17.75255,13.295013,30.743586,25.325542,23.889149,14.730137,5.7070584,11.021655,22.507761,18.50799,29.78249,26.76575,18.185972,9.724377,21.812809
927,19.08833,32.097393,22.52921,4.0961027,29.75318,2.8859591,22.964695,13.166965,5.34486,4.881831,18.397814,12.07457,12.371766,22.227474,11.327058,22.477533,34.3752,18.689554,24.546965,21.155157,16.359615,12.078394,30.321962,26.946627,25.057415,16.341951,4.385591,11.2927685,19.976088,20.894785,29.28434,26.486534,18.325132,10.423787,21.690233
928,20.357107,32.01492,23.742466,7.105745,32.555313,4.58936,23.883604,12.504329,6.846881,4.89938,15.612847,13.4480915,11.532916,20.419838,13.510456,24.728138,32.4944,19.642021,24.013985,22.873495,18.338936,13.996488,30.294542,25.457657,21.74169,14.1772175,6.3130317,10.487347,21.341698,16.439405,29.494734,26.687265,17.227852,10.6686,22.175385
929,18.757812,31.633541,22.217209,5.0272574,31.28766,4.73565,23.090075,12.466412,7.5465164,5.7783475,16.218382,13.080618,11.338728,20.57341,13.718665,24.785086,32.118378,18.194693,23.442879,21.901022,17.164185,12.965456,29.72038,24.228653,22.6501,14.158818,6.7778063,10.771288,21.359846,17.320501,28.77662,26.007473,17.257559,9.73953,21.340803
930,18.62518,32.429295,22.333916,4.039964,32.161045,3.7235296,23.48781,12.816095,6.519817,4.983092,16.927277,12.622023,11.804438,21.303865,12.887056,24.539751,33.969414,18.299822,24.442833,22.055967,17.330673,12.961611,30.468344,25.376692,23.987898,14.862471,5.720607,11.022453,21.922611,18.702152,29.489107,26.538815,18.04383,9.8272705,21.620113
931,22.286697,30.64315,23.316013,7.250566,19.879929,5.9396353,19.859102,13.954153,9.978645,7.955705,23.952616,12.096394,13.205309,24.36496,11.6674185,21.260796,31.440704,18.607168,20.416065,18.122913,11.038889,7.7126036,28.998938,27.117367,28.35676,19.270285,6.3951144,11.45801,11.283002,25.097841,27.485828,25.16072,15.757921,11.270618,20.615595
932,22.308956,30.629675,23.390488,8.33919,25.29016,8.989136,19.91773,12.77094,13.665708,7.066466,19.429638,12.82522,11.733107,22.418358,14.528609,25.723593,30.467213,17.959684,19.259563,19.05713,12.162335,9.04326,28.717525,24.478033,26.817667,16.30365,9.605267,11.083216,13.941821,20.083225,27.326754,24.824036,14.632137,10.44174,20.017378
933,19.659588,31.6194,23.388918,7.718767,33.559807,4.418564,24.529469,12.1899185,6.357259,4.261565,13.260979,13.909831,10.602486,18.94402,14.327229,25.539213,31.506723,19.583574,24.60841,23.682547,20.226824,15.706,29.816875,24.009064,19.055876,12.588806,6.676417,9.892672,23.680021,14.0199995,29.289082,26.37873,17.475357,10.2588215,22.118889
934,21.036081,31.20222,23.078058,6.085946,25.384684,5.0335264,21.159729,13.265487,8.413907,6.5657396,20.893955,12.0905905,12.689392,23.113953,11.738001,22.199572,32.535866,18.604948,21.900635,19.464397,13.493662,9.783042,29.540464,26.804565,26.6724,17.519632,5.8508167,11.272634,15.092851,22.387215,28.244768,25.687077,16.547556,10.854431,20.964066
935,22.789165,30.763866,23.202446,8.091247,19.039736,9.772378,19.020937,14.056335,15.3939295,9.152395,23.225716,13.159647,12.550869,24.232437,15.136619,25.463182,29.611223,17.778238,18.24807,18.038984,9.618761,6.6483064,28.78263,24.78933,29.268633,18.35251,10.380248,12.090808,11.3780155,23.679056,27.067667,24.885525,14.539207,10.836377,20.10148
936,20.402657,30.36015,23.133919,8.9941025,31.649744,8.033463,22.823725,11.5063,10.993879,6.8708625,13.565657,14.733149,10.100287,18.381886,16.668116,27.02935,28.04328,18.671934,21.15131,22.45648,17.901241,14.04833,28.56854,21.434824,18.617489,11.734909,10.179564,9.840342,20.788797,12.267823,27.826288,25.2447,15.055618,9.755647,21.053896
937,28.190948,26.986513,28.639133,23.820349,32.448483,13.827204,21.361944,9.396607,15.559229,3.7859426,6.829547,15.342388,7.288622,15.441062,17.361366,27.673622,24.646528,23.10749,18.417763,20.841232,19.312433,17.265812,26.06994,21.914333,12.29421,8.764105,14.225795,7.178057,16.738646,5.4039207,26.188524,23.653397,11.860598,12.114654,20.61176
938,27.699993,27.80635,26.023129,16.181923,23.765642,21.840534,16.489084,10.973707,27.963648,14.202977,16.455524,17.33362,9.306047,20.711613,22.320904,31.599794,22.275356,18.360926,11.367583,16.515415,7.8055887,6.710934,26.166998,19.67139,23.624245,14.105825,22.604578,11.468006,8.870269,13.193297,24.499197,22.97527,9.81692,10.52335,18.760195
939,19.359669,31.878807,22.53263,4.0742097,27.153425,2.4156768,22.47543,13.633676,4.8265624,4.9693604,19.864782,11.719856,12.7695265,23.144522,10.329758,21.096289,34.746605,18.812332,24.664175,20.310858,15.48381,11.3338175,30.15455,27.942493,26.071938,17.633282,3.6336153,11.50878,18.579836,23.005613,29.03686,26.342613,18.722885,10.683142,21.634403
940,18.011099,32.84876,22.261372,3.8553104,34.153126,3.411314,24.479597,12.744072,5.9919786,4.8936806,15.78083,13.140646,11.47708,20.630497,13.658205,25.418833,34.052563,18.409163,25.358927,23.233358,18.899311,14.335543,30.7503,24.713907,22.620228,13.982237,5.947877,10.838743,24.134092,17.3289,29.911432,26.847351,18.509533,9.479664,22.011215
941,17.893534,31.99713,22.624313,8.864624,37.125164,5.3284235,27.095991,11.72645,7.4067473,4.8673315,8.268329,16.27989,8.251472,15.5548115,19.137075,30.454884,28.445915,19.343626,26.101788,26.879929,25.35828,20.154306,29.760923,19.135853,12.868993,8.096055,9.779582,9.038542,30.853868,7.678775,29.880507,26.525156,18.00621,9.158039,22.568453
942,18.761463,31.89909,22.616047,6.0222535,33.430687,4.784774,24.269506,12.304682,7.2305446,5.2166386,14.168194,13.962692,10.782606,19.363853,14.864282,26.105959,31.643936,18.719803,24.250576,23.4202,19.396975,14.923392,29.927343,23.327002,20.049473,12.714165,7.3154793,10.292696,23.966509,14.643659,29.208536,26.332561,17.527222,9.6418495,21.851873
943,24.259777,26.738873,25.101187,17.770723,30.242098,18.169735,20.724987,9.42046,21.168901,11.353549,7.260622,18.913948,6.6169147,15.245414,23.045158,31.136576,20.525301,19.67283,16.169075,21.212824,16.51073,14.660295,25.301271,16.671024,11.30961,8.12627,20.853117,8.922637,19.919468,3.83912,24.616241,23.158283,11.707742,9.605804,20.239796
944,32.025944,26.80627,31.461113,26.510042,29.453863,13.679586,20.95249,9.589116,14.077698,5.9893713,9.921622,15.82897,9.419807,16.437723,16.16253,24.438911,21.64293,26.222395,15.587361,20.425295,17.14598,13.990387,27.43065,26.32275,13.789731,10.658205,12.021461,9.308336,9.051225,6.112397,27.59231,25.539257,9.374245,16.748823,22.521688
945,22.180573,30.950222,23.43656,6.9886446,21.25905,5.6195498,20.27361,13.868415,9.484832,7.7542644,23.590734,12.094862,13.252609,24.351086,11.546271,21.320398,32.02442,18.768812,20.950386,18.50131,11.626273,8.205682,29.32059,27.457468,28.23619,19.14474,6.0908775,11.478674,12.027473,24.861431,27.827711,25.453102,16.064083,11.286796,20.849354
946,25.84782,29.38517,27.491024,19.025831,32.91927,11.562941,23.7858,10.478597,13.552087,6.8796487,9.809191,16.786072,8.648914,15.919709,19.233124,28.74344,24.129906,22.615479,19.802551,23.85134,20.474298,16.958712,28.353437,21.275372,12.724272,9.095293,13.380655,8.460053,19.398373,6.224483,28.29079,25.728748,12.631663,12.168914,22.3215
947,17.42951,32.22226,21.42833,2.9841378,32.01558,3.648062,23.479689,12.69953,6.539343,5.7509737,16.739506,12.712848,11.508914,20.972715,13.391261,24.705526,33.343357,17.632978,24.433735,22.091413,17.33731,12.981571,30.136023,24.349648,23.630106,14.441693,6.0727797,11.11536,22.64483,18.50699,29.16368,26.256367,18.114368,9.249849,21.395933
948,18.416033,32.588093,22.653385,5.0888824,34.634907,3.8090618,24.812254,12.528244,6.1417947,4.8146667,14.640675,13.686976,11.122648,19.824875,14.284112,25.847403,33.100403,18.830214,25.247072,23.800081,19.79671,15.184831,30.550665,24.144308,20.8665,13.166939,6.4426756,10.459406,24.683289,15.578314,29.833097,26.811804,18.213236,9.603604,22.18846
949,18.635836,31.357906,23.057953,10.943157,36.337204,6.685775,26.996632,11.445727,8.807249,5.733977,7.4112363,16.983713,7.6786513,14.678714,20.42706,31.081024,26.375603,19.71264,25.197197,26.986643,25.523972,20.55788,29.226381,17.986025,11.098853,7.1630425,11.276359,8.646423,30.230467,5.9668846,29.479425,26.215195,17.017033,9.317005,22.527464
950,19.17406,32.05548,22.595694,4.684523,30.992693,3.8219624,23.105772,12.783271,6.52445,5.207943,17.435389,12.530852,11.967204,21.41739,12.520358,23.801497,33.427055,18.552843,23.881186,21.682814,16.723381,12.429568,30.24015,25.72966,24.062387,15.206152,5.5337553,10.98716,20.512957,18.993975,29.232409,26.40683,17.579062,10.198977,21.592836
951,22.276281,30.682255,23.081955,6.7414527,16.765802,5.829543,19.319891,14.713591,10.192447,8.075947,25.524927,11.937095,13.596022,25.47063,11.242774,20.74434,31.877773,18.43846,20.400085,17.260996,9.920984,6.627603,28.975939,27.739399,29.846241,20.566095,6.1985297,11.994013,10.5480995,27.37952,27.303814,25.114101,16.38068,11.397261,20.531569
952,19.308983,32.29428,22.722034,4.2898765,30.177141,3.1214795,23.075998,13.181203,5.684626,4.8109016,18.29773,12.179613,12.372286,22.2387,11.579559,22.922382,34.510063,18.770304,24.546532,21.321947,16.47618,12.180181,30.505026,26.934177,25.113543,16.238216,4.625952,11.287779,20.164093,20.6918,29.46115,26.621342,18.284826,10.461285,21.759184
953,18.06363,31.138084,22.28947,9.104322,35.50742,6.836651,25.95947,11.383427,9.343312,6.1934295,8.821332,16.402645,8.179026,15.366013,19.777472,30.453974,26.658722,18.75474,24.149422,25.970089,23.641466,18.853039,28.970915,18.028316,12.873629,7.921063,11.066534,9.05134,28.763735,7.231581,28.932415,25.826164,16.603477,8.857237,21.930128
954,24.997946,27.140724,25.432726,16.198507,29.161543,14.413555,19.670305,9.743581,17.504757,9.2232685,11.50338,15.804863,8.767689,17.109858,18.368748,27.337137,22.769337,19.787031,15.75148,19.66297,14.733491,12.37269,26.02093,20.347752,16.304287,10.845638,15.220132,9.23723,14.264276,8.463435,25.249632,23.367237,11.172474,10.836847,19.81048
955,23.693905,26.692987,23.355078,11.696257,22.729052,24.88062,16.647966,10.9135685,30.257074,19.223747,13.017374,20.993654,8.917654,19.851261,26.459507,33.445515,17.044046,17.224947,10.051146,18.075361,7.599264,6.0752273,24.862663,16.86335,20.417343,13.46706,26.43434,14.399055,13.313184,9.3135395,22.590593,23.204483,10.847073,9.6475315,20.035742
956,25.742592,29.61138,27.016663,17.550776,32.56392,11.345806,23.03622,10.556491,14.251966,7.0583014,12.004969,16.069342,9.347876,16.550802,18.83061,28.689764,24.552612,21.60645,18.686409,23.518995,18.79839,15.3889885,28.37113,21.0872,15.1244755,9.938459,12.814516,8.276244,16.871872,7.64521,28.072035,25.362913,11.564412,11.660114,21.672428
957,26.476757,29.695187,25.693829,13.562484,22.725367,13.747692,18.021643,12.390898,19.463453,9.007897,20.664818,13.621497,11.537226,22.33282,16.65614,27.408834,27.29516,18.91405,15.086425,17.32797,9.40096,7.0841827,28.10256,23.578161,27.301834,16.026142,13.649051,10.919468,8.304748,18.872503,26.70395,24.190052,11.356661,11.473684,19.35232
958,29.905,27.441336,29.329674,23.392466,30.37636,17.57056,20.265692,9.429081,20.627594,9.9464655,11.332605,17.156864,8.663009,16.46167,20.522907,29.095839,20.874378,22.776428,14.046307,20.69583,15.169181,13.218295,26.810173,20.961975,14.599074,9.925425,17.948671,8.555315,11.158666,5.7704186,26.345251,24.304985,8.600624,12.755859,20.945427
959,20.178051,31.1935,22.499691,4.750455,23.360868,3.462932,21.197556,13.795118,6.508517,6.578378,22.192015,11.696785,13.127979,23.840778,10.4858885,20.440554,33.277412,18.51375,22.814125,19.146591,13.239157,9.428561,29.530685,27.687183,27.207958,18.612276,4.346799,11.563497,15.136611,24.457464,28.18108,25.73379,17.515514,10.828709,21.12686
960,19.060822,32.04378,22.48532,4.197528,29.91013,3.1147635,22.945986,13.07075,5.652739,5.0052614,18.222277,12.164803,12.267887,22.029541,11.613904,22.762558,34.086243,18.602652,24.328415,21.238775,16.363974,12.092489,30.253445,26.594639,24.835907,16.073702,4.6731825,11.211737,20.035122,20.477064,29.216805,26.420225,18.106012,10.3392725,21.62586
961,26.66502,25.31314,25.548294,17.91866,24.386541,26.376575,16.220774,9.6287155,31.18586,17.02152,10.308728,20.767138,7.479836,17.971594,26.101664,33.04423,16.954021,18.721685,9.245799,17.388548,8.146077,7.700793,23.93719,16.42885,16.468027,11.080862,27.816088,11.880873,12.594907,5.704537,22.089458,22.294884,9.023138,10.00514,19.358213
962,25.298002,28.640274,26.798346,18.216204,32.297127,9.92485,22.60193,10.536835,11.662523,3.0432925,8.754869,14.771896,8.488801,16.479082,16.005177,26.929117,27.00375,21.958292,20.852764,22.09375,20.059082,16.863499,27.446617,22.731972,14.3442,10.036824,10.889757,7.9820943,19.524323,8.187871,27.38344,24.667656,14.000037,11.751565,21.186167
963,26.194115,28.846977,26.163427,15.673354,30.123545,16.12826,20.074806,10.140666,20.808416,11.806935,15.019495,16.62847,9.776976,18.128035,20.65075,29.717443,22.78097,19.424444,14.506848,20.636068,13.514926,11.201171,27.48892,19.635662,18.767382,11.522257,17.19391,9.41216,12.069634,9.394635,26.41812,24.206396,9.644993,10.47098,20.104738
964,26.085123,27.569624,27.241688,21.091879,32.434696,12.850358,22.188269,9.750882,14.741058,4.7422466,7.098564,15.8400135,7.3274784,15.173503,18.31538,28.34138,24.273548,22.165752,19.233368,21.873652,19.99936,17.4833,26.420624,20.583912,11.840414,8.322091,14.158097,7.517429,19.097689,5.3312407,26.500044,23.952814,12.525876,11.394006,20.842285
965,23.339405,29.1596,23.84899,11.191552,27.34618,13.631442,19.726208,10.921627,18.668058,12.122554,17.304314,15.404116,10.396461,19.500015,19.142006,28.158083,24.148664,17.787703,15.676513,19.955507,12.267041,9.722577,27.493938,20.047215,21.825806,13.18622,14.951901,10.268034,12.361894,13.5674,26.208078,24.022957,11.067247,9.757032,19.720669
966,18.863926,30.475155,22.737064,9.449439,34.064594,5.213135,25.029903,11.463776,6.9510508,3.9677587,9.294365,14.911948,8.789707,16.25842,16.495825,27.421137,28.386003,19.31584,24.49583,24.56409,22.682804,17.967815,28.615463,20.848522,14.432243,9.648567,8.328407,9.011232,26.544842,9.528632,28.527658,25.546227,17.118656,9.753531,21.72092
967,28.791555,27.481178,27.652485,19.694181,26.975428,18.031116,17.831728,10.233463,22.684385,9.35511,14.353618,15.534108,9.374622,18.714245,19.204967,29.06649,23.100044,20.462162,12.683122,17.812471,11.080938,9.558588,26.369741,21.136265,20.303686,12.097864,17.894861,9.451065,8.938081,10.367707,25.360514,23.290497,8.946592,11.684635,19.247187
968,27.178776,27.327549,26.531618,17.773146,27.965994,16.646954,18.38595,9.857736,20.921343,9.973929,13.965298,15.571439,9.33336,18.035107,19.000349,28.323614,22.543657,19.777065,13.36825,18.606367,12.06302,10.247066,26.174364,20.429623,19.111454,11.741398,16.849255,9.265827,9.9949045,9.69884,25.201487,23.16235,9.21331,11.074834,19.269295
969,26.22977,27.795681,27.426258,20.88128,31.51848,12.425426,23.031261,9.650034,14.328281,8.07626,9.03882,17.082108,8.097604,14.529889,19.923237,28.0901,20.634571,22.624157,17.788128,23.875265,19.83949,16.629501,26.959608,19.847748,10.666837,8.201924,13.988749,7.7092414,16.624304,4.097804,26.99942,24.761303,10.453896,12.334972,21.883413
970,30.31152,26.407043,30.08786,26.57792,32.534096,14.272155,20.70112,9.0432415,15.705349,2.6586485,6.527968,14.7722,7.347972,15.558658,16.157557,26.716864,24.878523,24.191252,17.768858,20.07878,18.905975,17.200249,25.759207,23.420803,12.602416,9.255828,13.72056,6.7670054,14.202766,5.4064074,25.976685,23.42655,11.177783,13.027287,20.507463
971,26.04706,26.126194,25.208748,16.183094,25.218372,26.400581,16.90342,9.842197,31.398376,18.55211,11.114686,21.423647,7.875562,18.359543,27.029655,33.751064,16.91109,18.411047,9.672702,18.212183,8.522818,7.7562284,24.6484,16.265978,16.96955,11.456486,28.191622,12.495823,13.371347,6.0735087,22.672712,22.911829,9.437065,9.783012,19.851124
972,18.578499,32.485706,22.37199,4.2141113,32.465668,3.9811368,23.729212,12.774601,6.75775,5.3471403,16.65414,12.97757,11.6933565,21.063076,13.426206,24.945887,33.55819,18.37282,24.434734,22.430264,17.672073,13.272632,30.500004,24.97836,23.410616,14.528912,6.1427536,10.994879,22.373426,18.07548,29.540277,26.62085,17.97578,9.766622,21.765474
973,24.96011,29.531021,24.97377,12.559299,26.935194,14.567556,19.428202,11.223707,19.780855,11.537808,17.906712,15.405156,10.760425,20.20418,19.115993,28.694746,24.73975,18.497679,15.160695,19.60177,11.614587,9.111104,27.948034,21.064762,23.107828,13.772416,15.370985,10.537937,11.189118,14.147986,26.602207,24.38315,10.800583,10.521719,19.906649
974,19.830956,31.606138,22.75386,4.9681854,27.517641,3.4429414,22.296904,13.238577,6.0721145,5.73035,19.594017,12.09677,12.558638,22.582947,11.263025,21.821615,33.433155,18.811289,23.580067,20.523922,15.248261,11.178347,29.918566,27.056767,25.465363,16.971064,4.661171,11.270311,17.782541,21.666754,28.798115,26.161554,17.639807,10.698545,21.517576
975,19.771818,31.87133,23.443058,7.5807714,33.87531,4.5174932,24.55737,12.246038,6.6930995,4.1637683,13.517366,13.869419,10.672465,19.068428,14.467488,25.954023,31.82205,19.472992,24.582798,23.721498,20.175516,15.632895,30.01334,23.952618,19.45318,12.601799,6.788613,9.868464,23.693495,14.135918,29.462461,26.44701,17.435778,10.170211,22.058863
976,33.87215,26.558964,33.157104,30.227896,31.56892,13.501025,21.653141,9.116925,13.097105,4.147831,7.722542,15.768131,8.734341,15.575087,15.59672,24.178396,22.049446,27.879002,16.524317,21.14287,19.071335,16.077253,27.35069,27.323105,12.018089,10.015703,11.429999,8.318033,8.863717,4.5012937,27.96274,25.603933,9.284083,17.578938,22.939154
977,31.586544,27.473286,31.028095,24.446856,29.120413,12.60526,20.685852,10.029779,13.440998,5.5974245,11.843042,15.066993,10.216217,17.552221,15.0197525,23.906347,23.35746,25.602514,15.811945,20.016644,16.18649,12.882007,27.962078,27.153221,16.210388,11.848003,10.7371025,9.576206,8.415224,8.298212,27.911697,25.710474,9.797797,16.549616,22.315075
978,20.261963,23.833958,21.588428,10.583657,14.570877,29.973482,16.918251,11.694286,32.57962,26.026114,6.73568,27.953505,8.176728,18.87851,32.454414,34.553654,6.986202,19.127262,7.597862,20.317957,6.951764,4.357713,22.648325,15.165388,12.4224205,12.5422,32.189445,19.62211,20.460684,2.675155,19.530384,24.563606,12.719156,11.843916,23.865355
979,29.745708,24.570774,28.301422,24.364141,28.25966,23.460163,17.334927,8.37745,26.572758,12.291583,7.6134486,18.821974,6.5807767,15.9104395,22.699574,30.308289,18.453053,21.390509,11.183131,17.786219,12.010411,11.655093,23.806082,18.536161,12.841614,9.34664,24.066776,8.967569,11.515571,3.3993008,22.935339,22.030289,8.372408,11.376057,19.348824
980,19.824684,32.050846,23.650902,7.5527616,34.275402,4.1809626,24.85243,12.309597,6.0901394,4.2022457,13.585667,13.908536,10.81744,19.232426,14.215324,25.591719,32.166218,19.79672,25.024134,23.954702,20.454771,15.86136,30.231253,24.505535,19.517609,12.865725,6.431796,10.004871,23.823397,14.418885,29.706553,26.713848,17.72423,10.366522,22.377996
981,18.782158,33.13017,23.243286,5.5650444,35.938614,3.272844,25.58584,12.693952,5.2458315,4.0051827,14.045215,13.77341,11.141321,19.910553,14.059899,25.992252,34.10859,19.5096,26.420528,24.474566,20.971169,16.193619,31.091915,25.012383,20.70131,13.268576,5.9123163,10.478553,25.776937,15.588859,30.509577,27.344963,18.948627,9.955574,22.734661
982,21.325825,30.831177,22.737751,6.6155543,25.121176,8.295979,20.15721,12.846161,12.880512,8.382538,20.696419,12.8617525,12.121861,22.612617,14.4636755,24.962229,30.338724,17.559977,19.477863,19.075235,11.975524,8.731402,28.940184,24.249207,26.973146,16.491169,9.281787,11.37482,14.023523,20.789898,27.495554,24.998856,14.798412,10.124935,20.143229
983,19.871983,31.231304,23.104195,7.8875313,32.51638,6.3322735,23.623465,12.026093,8.970572,5.344332,13.53112,14.272259,10.408587,18.966473,15.5455475,26.67578,30.308393,18.902933,23.04178,22.953367,18.939346,14.740393,29.346506,22.747711,19.367748,12.298983,8.541742,10.017164,22.745478,13.533576,28.643637,25.866589,16.595684,9.857253,21.509119
984,26.06166,27.895538,26.386808,18.067823,29.749437,18.15982,20.828737,9.812042,21.81066,12.846541,10.989895,18.819578,8.146943,16.425,23.114052,31.022724,20.357677,20.35267,14.927539,21.493773,15.15406,12.955513,26.731897,18.036236,13.751408,9.402054,20.321781,9.416529,16.259916,5.518662,25.87101,24.243677,10.275696,10.720484,20.858873
985,22.219612,30.754112,22.99769,6.633116,18.93365,7.203616,19.191557,14.217342,12.00195,8.242427,24.276781,12.186354,13.22282,24.932636,12.435351,22.500908,31.417332,18.005924,19.6152,17.444155,9.931834,6.735142,28.971857,26.723541,29.732058,19.548595,7.531536,12.067083,11.125672,25.629871,27.26222,25.044052,15.762015,11.02706,20.252218
986,26.737923,28.958138,26.61356,16.040642,28.990368,14.49086,19.932596,10.456039,18.737268,10.465967,16.037628,15.587538,10.349943,18.842232,18.71413,28.070429,23.83838,20.113699,14.982988,20.223627,13.177619,10.636399,27.786371,21.546839,20.295307,12.580698,14.966822,9.591384,10.65436,11.338684,26.79867,24.488626,9.898862,11.495532,20.329119
987,20.556492,30.166557,23.620255,11.579414,33.321533,8.393935,24.311794,11.16045,10.795429,5.970472,9.771332,15.940453,8.65683,16.199375,18.588419,28.99882,26.302286,19.557695,22.238937,24.222153,21.325005,17.111963,28.3843,19.718142,14.197935,9.210739,11.299403,9.074686,24.396711,8.190435,28.150108,25.381002,15.331305,9.905553,21.58034
988,21.493309,30.958305,22.976177,5.677596,17.305641,3.4503915,20.26221,14.939468,6.8265576,7.313934,25.639671,11.547327,13.988066,25.705452,9.531537,18.639814,33.385857,18.97091,22.369215,17.76702,11.189216,7.6078553,29.406036,29.262959,29.091219,21.034807,3.8575728,11.9574995,12.02028,28.271378,27.821173,25.636501,17.729982,11.568024,21.184446
989,21.891169,27.66871,22.960594,12.109743,29.18245,15.459899,19.940039,10.059071,19.692488,11.31737,11.381357,16.916729,8.169104,16.807293,21.167688,30.051989,22.27236,17.34218,15.96178,20.220995,14.52897,12.168935,25.908411,16.965244,16.179926,9.9251995,17.85074,9.6369,17.938173,8.039822,24.891628,23.014902,11.892008,8.645015,19.2445
990,19.494034,30.9179,22.337637,6.0708985,29.283928,5.8273096,22.15265,12.350122,8.902041,6.550602,16.826462,13.104802,11.292189,20.693293,13.934038,24.526728,30.87244,18.113317,22.128769,21.04658,15.882763,12.010783,29.08346,23.945953,22.958694,14.471472,7.561117,10.734924,19.164055,17.60702,28.06599,25.461813,16.350262,9.907269,20.921436
991,19.201635,32.239414,22.384722,3.9340763,29.493896,3.9485416,22.635384,13.116855,7.1097236,6.1039267,19.37898,12.33154,12.440605,22.395908,12.367467,23.463633,33.754993,18.199926,23.52881,21.079062,15.495247,11.348725,30.34226,26.058907,25.764748,16.276468,5.581213,11.341,19.097057,20.920168,29.157936,26.358185,17.549133,10.064737,21.430647
992,21.226559,30.888773,22.83871,5.780686,20.780006,4.428088,20.387785,14.045588,7.9714727,7.4050937,23.750883,11.748315,13.358193,24.53492,10.668056,20.269283,32.677734,18.541151,21.752949,18.346117,11.817705,8.290039,29.248886,27.846756,28.222084,19.480179,5.017623,11.598318,12.801599,25.709793,27.756098,25.41969,16.862516,11.081005,20.860401
993,21.748531,31.521847,23.502005,5.9348397,21.758287,4.123332,20.960823,14.248862,7.4283605,7.092386,23.850323,11.880111,13.714531,24.902874,10.442641,20.28823,33.51011,19.2115,22.417152,18.827097,12.36724,8.66695,29.968794,28.84674,28.475208,19.782465,4.5829916,11.836707,13.249908,25.905085,28.487806,26.111147,17.304142,11.565082,21.454222
994,19.274532,30.824038,22.914255,9.27503,33.963287,6.7436447,24.8091,11.466805,9.073977,5.8772397,10.655327,15.5426655,9.1326065,16.686003,17.83346,28.410498,27.604471,19.13137,23.285557,24.611729,21.545238,17.00904,28.929031,20.231318,15.187105,9.759417,9.921286,9.408997,25.431902,9.509918,28.628176,25.776123,16.208075,9.6187105,21.808767
995,20.266104,29.185238,22.474987,9.892114,30.867292,11.536771,21.947952,10.717068,15.24008,9.735318,11.957435,16.207926,8.860346,16.996513,19.858444,29.311575,24.276833,17.637468,18.88182,22.03569,17.19645,13.814366,27.332535,18.112555,16.415602,10.066849,14.269564,9.757427,20.69652,9.25241,26.54487,24.220497,13.597567,8.869091,20.224392
996,22.0118,23.573574,22.63442,13.572162,17.44812,28.863377,16.801495,10.6586,31.675985,23.378935,6.609559,26.097864,7.4004097,17.653543,30.737408,33.720577,8.964791,19.114717,8.057379,19.662848,7.8028593,5.910744,22.468008,14.892922,11.646077,11.296747,31.135025,16.808243,18.644928,2.1615705,19.843695,23.541857,11.3368845,11.248417,22.47425
997,19.024866,32.360004,22.734322,5.03511,32.887928,4.2290597,23.837378,12.650969,6.884285,5.018423,16.022137,13.168787,11.539303,20.704447,13.582543,25.149868,33.29658,18.659857,24.362177,22.621511,18.114332,13.715318,30.418982,24.883795,22.643715,14.182488,6.32234,10.747282,22.489805,17.204145,29.524035,26.59314,17.81555,9.8840275,21.816263
998,18.728184,32.04411,22.71946,6.2197747,33.94229,4.5138464,24.640833,12.331484,6.84182,4.9066634,13.7210865,14.044289,10.6566925,19.17014,14.933606,26.283215,31.810038,18.899473,24.728739,23.784338,20.05833,15.491105,30.053013,23.341568,19.621338,12.502743,7.1691265,10.190784,24.656708,14.348745,29.418858,26.465168,17.782936,9.671405,22.015585
999,23.507307,29.527496,23.548996,10.248543,23.843294,14.167759,18.801025,11.910776,19.933676,12.614406,19.734552,15.123474,10.925833,21.341568,18.978556,28.260197,25.098328,17.302088,15.450264,18.727312,10.216668,7.832867,27.626997,20.864258,25.206959,15.210255,15.365848,11.210375,10.8789,17.241512,26.086746,23.961311,11.712225,9.833866,19.470022
1000,20.117165,31.79616,23.52948,7.7330046,33.1409,5.63006,24.14902,12.252367,8.044409,5.1264496,14.015364,14.241218,10.804668,19.377762,15.096268,26.351553,31.187428,19.402504,23.741589,23.421667,19.333584,14.940841,29.960104,23.729404,19.823235,12.7824745,7.7899675,10.190361,22.965145,14.162271,29.25707,26.4379,17.020226,10.229965,22.030813
1001,23.833267,24.230696,23.602097,15.077241,20.571093,27.797153,16.606167,9.9317045,31.515196,21.27357,8.355136,23.960466,7.231674,17.462698,29.036572,33.377636,12.202239,18.554712,8.506909,18.719234,7.892228,6.641997,23.100998,14.999179,13.037615,10.824692,30.077837,14.33355,16.324884,3.3260822,20.794123,22.878721,10.062496,10.465095,20.929302
1002,19.810965,32.008194,22.65751,5.140143,29.823402,5.6636305,22.404408,12.839345,9.138216,6.463538,18.330141,12.9382105,11.955067,21.8497,13.727941,24.978762,32.628185,18.148172,22.61729,21.12953,15.507434,11.519286,30.072094,24.94357,24.97976,15.395374,7.297563,11.16835,19.21348,19.251524,28.894281,26.125217,16.866266,9.991166,21.204672
1003,25.04097,27.436195,23.776299,11.946127,24.930565,24.250326,16.09893,10.45874,30.778702,18.031717,15.443015,19.067968,8.890963,20.294277,25.07138,33.377346,20.258606,16.151712,10.290371,16.765902,6.8475266,5.9202647,25.453062,16.944511,23.063545,13.735256,25.894053,12.596113,10.824155,11.575158,23.337404,22.501108,9.956352,8.701,18.418951
1004,19.041206,32.575035,22.825598,4.942053,33.365173,4.074581,24.02846,12.689063,6.7315545,4.910605,16.075018,13.163338,11.604591,20.760254,13.569329,25.25958,33.614532,18.728216,24.587547,22.816328,18.309238,13.86604,30.612589,25.025173,22.764217,14.216257,6.2063217,10.751707,22.702337,17.266333,29.727957,26.740257,17.926506,9.883545,21.92365
1005,22.987133,30.046051,23.44489,9.199932,25.855864,12.061289,19.319233,11.844635,17.56186,10.6279955,19.856485,14.013243,11.333327,21.352205,17.273256,27.303265,27.168554,17.277462,16.56574,18.979303,10.991849,8.344558,28.194221,21.75869,25.567684,15.002118,13.057756,10.724123,11.748729,17.5776,26.724365,24.252403,12.129229,9.748081,19.45537
1006,19.160423,31.322865,22.041988,4.768834,27.526354,4.623781,22.000874,12.99615,7.780769,6.553392,18.90548,12.47581,11.936021,22.037346,12.679936,23.245,32.350224,17.978022,22.903536,20.43859,15.102898,11.200767,29.422743,25.263268,24.995617,16.080797,6.2698026,11.173758,18.442091,20.650215,28.285486,25.640324,17.259052,9.966311,20.986818
1007,17.660173,31.740627,21.715271,4.3575006,32.54511,3.9801526,23.827602,12.3853655,6.467774,5.524205,15.055403,13.296266,10.9680195,19.875183,14.006633,25.041004,32.131187,18.05279,24.386715,22.69634,18.481327,14.087393,29.72233,23.57788,21.317757,13.372788,6.5510755,10.631315,23.506552,16.323622,28.919882,26.087654,17.857685,9.325182,21.533325
1008,24.454325,24.935661,24.101566,15.019446,21.437721,29.058382,17.060776,9.97991,32.946247,22.908451,8.806546,24.990763,7.365485,17.894323,30.373735,34.511215,12.347718,18.769636,8.5566225,19.208282,7.869234,6.6296144,23.867064,15.071976,13.093647,10.95532,31.679403,14.751898,17.048485,3.1581082,21.4137,23.545918,10.188314,10.598795,21.444897
1009,18.920366,32.116932,22.76067,5.6546144,33.516754,4.3847184,24.169641,12.424637,6.840559,4.9710712,14.886089,13.5864105,11.136072,19.889866,14.163564,25.562096,32.498127,18.786604,24.402855,23.156364,18.993319,14.541868,30.174276,24.126686,21.046839,13.33239,6.7068768,10.414429,23.366417,15.647224,29.397058,26.481262,17.673738,9.764782,21.885195
1010,18.470715,31.329302,22.099659,5.397034,31.539537,4.657646,23.332506,12.299887,7.19743,5.640315,15.169159,13.339185,10.970903,19.902721,13.994053,24.854475,31.48563,18.274431,23.616486,22.237917,17.901417,13.654362,29.430779,23.685959,21.268394,13.500101,6.89366,10.537878,22.230434,16.1832,28.594698,25.870506,17.304604,9.6504345,21.384945
1011,21.013384,31.392416,23.130856,6.761911,28.180487,6.7956305,21.610298,12.587759,10.725874,7.7953277,19.652931,13.033793,12.041674,21.756605,14.276082,24.799358,30.878109,18.235159,20.838573,20.704351,14.082174,10.466339,29.547113,24.410553,25.264536,15.622084,8.197407,10.825492,15.8503065,19.313936,28.336958,25.629314,15.105099,10.204794,20.875353
1012,17.870918,31.86803,22.236078,6.305656,34.736732,4.2703104,25.23216,12.155843,6.389232,4.5310364,11.923454,14.408438,9.915115,18.115034,15.695228,27.072948,31.150902,18.731722,25.40419,24.499071,21.548555,16.808218,29.767801,22.16804,17.754967,11.309481,7.473567,9.899182,26.863241,12.737242,29.34241,26.302647,18.17934,9.297626,22.020758
1013,32.077793,26.499535,31.205381,27.989483,31.66667,15.1867895,20.052683,9.098003,16.945517,2.9849238,8.127055,14.601788,7.914234,16.298693,15.909503,26.43313,24.866102,24.801573,16.376335,19.487524,17.298946,15.778162,26.091335,24.437338,13.982964,9.925742,13.907898,6.844909,11.23363,6.128816,26.176466,23.63655,9.934309,13.816558,20.529713
1014,21.087444,28.207933,23.161644,13.363523,31.954582,14.264913,22.436144,9.867489,17.73194,11.439597,8.70487,18.0856,7.150113,14.90798,22.752705,31.207525,21.212055,18.263426,18.258179,22.931349,18.671993,15.776139,26.39497,15.6371765,11.976172,7.802855,17.844833,8.91742,22.102385,4.9538226,25.918472,23.733212,12.698565,8.553076,20.35541
1015,21.355606,31.471088,23.324512,6.4739704,26.52222,5.8888264,21.337234,13.079426,9.583777,7.1316466,20.790766,12.497648,12.578951,22.85743,12.758586,23.354635,32.13971,18.563084,21.438984,19.971098,13.575281,9.905835,29.72085,26.117538,26.570272,17.03384,6.8515472,11.149074,15.086991,21.499155,28.417559,25.78261,15.954667,10.694885,20.999754
1016,22.095783,29.074059,25.073421,15.8396225,33.723076,8.036101,24.922998,10.622229,9.186731,4.4049215,6.645457,16.180927,7.6612673,14.614144,18.140514,28.050045,25.005737,21.436953,23.010393,24.73862,23.608376,19.403519,27.693357,20.314014,10.638497,8.095462,10.806126,8.104136,24.690607,5.741889,27.986221,25.233465,15.32184,11.11472,22.08399
1017,18.193295,33.92189,22.622375,3.2639225,35.29973,3.1354282,25.090158,13.173297,5.940986,4.6422772,16.47709,13.159338,11.882746,21.40643,13.705345,26.096869,35.66481,18.619772,26.271252,23.68543,19.291615,14.569165,31.71403,25.530792,23.8567,14.514788,5.7543435,11.178319,25.020697,18.340101,30.823328,27.566124,19.266075,9.550316,22.449614
1018,18.720116,32.451725,22.580729,4.161897,32.6192,3.2019308,23.745466,12.786667,5.5919046,4.7153754,16.76301,12.557704,11.927664,21.29453,12.374839,23.895315,34.249573,18.699678,24.852394,22.263762,17.673382,13.242042,30.580036,26.004808,23.758545,15.019964,5.096779,11.037545,21.96221,18.730764,29.656492,26.737637,18.235731,10.091457,21.909296
1019,22.660269,27.966629,22.693796,9.523814,18.518967,19.63926,17.090605,12.718315,25.137362,15.543277,16.64746,18.394575,10.501455,21.865591,22.733025,30.93038,20.390272,17.377409,12.4383335,17.92208,7.5793324,5.1112876,26.047886,19.813616,24.505457,15.689162,20.533491,14.79711,12.800322,15.056105,23.825397,23.97073,12.50646,10.671722,20.35916
1020,19.484257,31.897858,22.659264,4.162876,27.159277,2.3205256,22.524244,13.666638,4.6281056,4.9715853,19.961996,11.717226,12.842635,23.251945,10.166734,20.871347,34.86051,18.963879,24.789164,20.303867,15.536527,11.389298,30.19689,28.22306,26.145132,17.82437,3.4806364,11.559517,18.426493,23.20857,29.090302,26.407143,18.823963,10.78462,21.731672
1021,19.331747,32.211967,22.614586,4.2362704,29.913288,3.6014905,22.857054,13.07856,6.43249,5.510699,18.765589,12.312067,12.411036,22.181787,12.028008,23.194353,33.908432,18.53763,23.855446,21.251978,15.989631,11.736888,30.409475,26.407104,25.212471,16.106087,5.1495852,11.265246,19.551569,20.470678,29.29212,26.500195,17.737453,10.320145,21.61497
1022,21.122787,30.86575,22.88163,5.3431377,17.975746,2.556188,20.519737,14.870289,5.446898,6.6972528,25.18315,11.269991,13.959455,25.596645,8.69674,17.755491,34.005173,19.10285,23.149784,17.786001,11.812507,8.185379,29.351072,29.771238,28.681986,21.092371,2.93423,11.844324,12.5952215,28.375422,27.861525,25.632912,18.286697,11.521414,21.264788
1023,19.899668,31.342733,23.317627,7.0801115,32.073322,4.3649454,23.571012,12.258778,6.386948,4.736516,14.951135,13.2440605,11.225657,19.94505,13.175107,24.080606,31.876144,19.413988,23.84843,22.471678,18.327387,14.052875,29.68248,25.106861,21.017826,13.878601,6.0851264,10.327117,21.2462,16.038929,28.955929,26.220636,17.149319,10.534128,21.860128
1024,31.83324,26.528893,31.087702,27.829805,32.377766,14.883837,20.277727,9.080272,16.48915,2.340671,7.2935963,14.517293,7.720772,16.239565,15.688665,26.537344,25.474861,24.77414,17.183414,19.62197,18.06693,16.541784,26.022703,24.60822,13.812061,9.938078,13.636646,6.789058,12.278802,6.107571,26.167362,23.584286,10.663787,13.651752,20.541752
1025,18.844437,32.031387,21.939964,3.56318,28.648325,4.488185,22.28213,13.144747,7.8881392,6.7731295,19.61653,12.458456,12.300357,22.510899,12.801292,23.705385,33.309357,17.745897,23.187637,20.691168,15.021585,11.015703,30.035446,25.466873,25.977245,16.332924,6.2462687,11.488763,18.965466,21.194294,28.790213,26.054548,17.542255,9.731103,21.144516
1026,19.002693,31.327623,22.317581,5.942431,31.359865,5.7710056,23.05538,12.231987,8.70211,6.375581,15.514986,13.662002,10.954948,19.97647,14.8151865,25.628824,30.899038,18.190207,22.832792,22.152792,17.36459,13.288467,29.385958,23.208559,21.542065,13.450522,7.97371,10.5630455,21.432793,15.944119,28.478989,25.780003,16.698122,9.595101,21.26081
1027,19.389576,31.803116,22.41306,4.4925222,28.34022,3.8967783,22.364256,13.138684,6.884941,5.913783,19.219559,12.248882,12.335226,22.336731,12.027654,22.899076,33.357864,18.342333,23.418371,20.716562,15.36419,11.276654,29.983269,26.19777,25.431034,16.39626,5.384901,11.253994,18.641932,21.03198,28.833364,26.118063,17.547176,10.269888,21.330717
1028,24.156372,28.277405,25.951363,17.904589,32.330433,10.938073,22.835697,10.269972,12.848795,4.553793,7.7447867,15.677666,7.7582927,15.490879,17.924011,28.129639,25.132126,21.32257,20.469574,22.583569,20.489092,17.379608,26.940838,20.535362,12.527898,8.7257595,12.695178,7.923655,20.953684,6.448154,26.927622,24.33659,13.649738,10.985441,21.050352
1029,22.308027,31.256836,23.346771,6.3179655,17.001482,5.0440025,19.869852,15.053069,9.164236,7.946022,26.156435,11.951849,14.009426,26.015776,10.768959,20.272123,32.92425,18.845316,21.31552,17.646088,10.323323,6.8612504,29.586073,28.714912,30.171345,21.1144,5.440711,12.198357,11.144078,28.251856,27.885878,25.678816,17.07032,11.644753,21.045797
1030,24.109266,27.61396,24.599419,15.098632,28.277603,20.620502,20.192598,9.900141,24.898537,16.395395,10.911877,20.449934,7.928199,16.582132,25.887157,32.832882,18.017822,18.698513,13.5590925,21.475443,13.609023,11.550063,26.143435,15.804756,13.969562,9.488497,23.461044,10.791662,17.256437,5.0620513,24.857738,23.93741,10.277378,9.64274,20.683582
1031,20.74825,29.995644,22.539955,8.375608,30.031157,12.34693,21.112394,11.169647,17.061049,11.1353655,15.328656,15.802902,9.9853525,18.822895,19.749756,29.452703,25.432919,17.047756,17.789005,21.228184,14.579854,11.497191,27.993517,18.93171,20.34424,11.876387,14.681914,10.509582,17.921741,12.212014,26.798504,24.473219,13.0376625,8.689444,20.031298
1032,22.193369,31.138552,23.452335,6.6564617,19.485447,4.978751,20.275982,14.438584,8.757276,7.53486,24.52537,11.983423,13.626316,25.1077,10.907376,20.592619,32.664665,18.983332,21.487823,18.275839,11.356526,7.8429046,29.524345,28.358334,28.917532,20.074509,5.36045,11.81552,11.987598,26.400356,27.962576,25.67961,16.77485,11.578918,21.095434
1033,28.065483,27.60952,28.536982,22.203077,31.905882,11.958396,21.336512,9.936105,13.623863,2.4510126,8.220543,14.463743,8.2451515,16.502844,15.512918,26.495855,26.485687,23.057524,19.152847,20.81569,18.83553,16.407969,26.702024,23.688215,14.403552,10.206877,11.848074,7.4711895,16.180006,7.5918236,26.676357,24.076042,12.556286,12.555824,20.78119
1034,20.61966,31.64914,23.0173,6.1582913,29.189596,6.543785,21.882208,12.677397,10.20105,6.654587,18.456648,12.986981,11.925533,21.785656,13.95145,25.11384,31.925413,18.240099,21.670609,20.749075,14.831578,11.034076,29.786676,24.789148,25.04817,15.385784,7.891165,11.023529,17.838161,18.940073,28.575933,25.863302,16.088316,10.181789,20.973646
1035,22.605911,31.122742,23.173922,7.450779,14.202821,6.584591,19.431932,15.472501,11.671777,8.717431,26.484316,12.533286,13.58039,25.903767,12.644164,22.158834,31.299809,18.486761,20.21717,17.68714,9.501023,6.2033696,29.221224,27.161903,30.357105,20.834208,7.2912035,12.258837,10.711279,28.132696,27.484503,25.334663,16.332203,11.531586,20.78076
1036,19.50961,30.355936,23.080717,10.766543,34.253914,7.2763615,25.045668,11.1301365,9.5271225,5.7594543,9.123626,15.976566,8.391754,15.576907,18.734243,29.146574,26.27015,19.33965,23.108799,25.035997,22.54295,18.017466,28.476973,19.12675,13.232306,8.577612,10.682916,8.860985,26.018257,7.5667977,28.392193,25.472511,15.761138,9.591375,21.71982
1037,29.050127,27.517809,28.896149,22.508589,30.039396,14.976522,20.343252,9.973807,17.272202,5.471872,9.976076,15.534112,8.71734,17.25623,17.454365,27.55257,24.501217,22.965046,16.613173,20.079868,16.339685,14.196722,26.775133,23.124367,15.472496,10.576394,14.6752405,8.499764,13.86551,7.6565323,26.368986,24.250015,11.049606,12.904652,20.831648
1038,17.67678,31.586344,21.970926,5.96107,34.140476,4.614179,24.860826,12.01771,6.8406844,5.4677873,12.507347,14.474062,10.025921,18.132658,15.878795,26.78314,30.406677,18.46379,24.66241,24.203583,20.773003,16.14154,29.526377,21.798395,17.87465,11.35944,7.816245,10.01932,25.959269,12.778892,29.011995,26.11827,17.650537,9.18761,21.870409
1039,31.604723,26.735798,30.813747,26.935339,31.367956,15.445483,19.9367,9.297663,17.400023,3.356668,8.517535,14.719542,8.07585,16.777414,16.105358,26.763063,25.206158,24.404663,16.411201,19.384186,16.893658,15.382682,26.20489,24.363436,14.625902,10.250288,14.243391,7.201466,11.828678,6.716404,26.111504,23.70995,10.302599,13.517976,20.503366
1040,19.10612,33.520004,23.343716,4.595521,35.315495,3.1801856,25.037819,12.97308,5.47387,4.2375216,15.954246,13.208406,11.913511,21.160316,13.191535,25.322523,35.272602,19.36014,26.09012,23.678513,19.474133,14.799091,31.525501,26.210564,23.104603,14.572897,5.3943243,10.983796,24.13813,17.733206,30.715696,27.570263,18.94662,10.14016,22.662872
1041,28.793638,28.354548,29.088825,21.649986,31.249025,12.630315,21.424715,10.252163,14.497889,4.7389235,10.642566,15.159288,9.299289,17.437344,16.313812,26.680483,25.62448,23.47168,18.018566,21.156414,17.629993,14.886658,27.661585,24.346119,15.760895,11.07403,12.313231,8.503184,14.344954,8.354413,27.382856,25.026272,11.757741,13.366722,21.522757
1042,23.92782,28.666164,25.474316,17.584558,32.78814,14.991116,23.108667,9.694911,18.596796,11.276681,9.472617,18.30482,7.400215,14.565078,23.379894,31.717402,20.592379,20.04555,17.610622,24.075338,19.187002,16.503746,27.0703,16.152866,11.201471,7.349522,18.171906,7.9597173,19.68981,3.8429208,26.794777,24.337326,10.85421,9.531607,21.050451
1043,26.756752,27.411533,27.52922,20.879517,31.787067,11.696838,21.342144,9.886331,13.46108,2.7221813,7.834387,14.476259,7.9310756,16.138605,15.812154,26.63775,26.18312,22.268167,19.348427,20.75184,19.008905,16.55118,26.369606,22.658405,13.921769,9.745064,12.012823,7.474805,17.322336,7.351774,26.346819,23.74651,12.855495,11.864995,20.462378
1044,22.952343,29.112944,23.88446,11.807669,30.548365,14.032691,20.782763,10.157377,18.962969,13.035803,15.481864,16.412376,9.628834,17.748959,20.782425,29.37845,22.749569,17.759548,15.77305,21.44277,14.261992,11.67008,27.390717,18.062489,18.575897,11.26363,16.12351,9.406398,14.136235,10.072061,26.324406,23.977268,10.512896,8.984799,19.865648
1045,24.138012,29.168936,23.928024,10.932552,23.824774,16.170448,18.378302,11.762755,21.825357,13.436921,18.593002,16.056566,10.675838,21.16122,20.162554,29.290842,23.830606,17.531273,14.387502,18.531752,9.754394,7.4316406,27.355812,20.589046,24.72393,15.015669,17.233904,11.816108,10.864239,15.90137,25.714937,23.97187,11.435708,10.172159,19.604555
1046,18.96661,32.890423,22.72395,4.218843,33.041725,3.8883638,23.872797,12.89526,6.7464767,5.068996,17.069311,12.878691,11.948288,21.413702,13.23426,25.067764,34.30562,18.560211,24.63781,22.539772,17.67086,13.241544,30.89423,25.522514,24.070395,14.858035,5.9348316,11.045691,22.218931,18.514051,29.908154,26.892319,18.077684,9.894991,21.912697
1047,17.794804,32.537228,22.296328,5.0213957,35.19468,3.6582005,25.234953,12.425013,5.9088335,4.753417,13.63997,13.965672,10.667292,19.157904,14.88152,26.430326,32.647526,18.663366,25.660378,24.330557,20.733187,16.0006,30.402822,23.276684,19.71542,12.387664,6.7061453,10.266563,26.098398,14.564238,29.81014,26.721264,18.427546,9.300873,22.197285
1048,19.079681,31.7831,22.509306,5.843711,32.089058,5.7551537,23.428892,12.392197,8.717458,6.0346737,15.362295,13.8189,11.015028,20.095213,15.004943,26.181644,31.516502,18.321432,23.290321,22.51853,17.838371,13.658607,29.781506,23.354069,21.580233,13.391949,8.037009,10.616787,22.34506,15.831151,28.872446,26.092081,17.075108,9.583086,21.473337
1049,18.766464,32.329464,22.519321,4.5754976,32.64183,3.9482777,23.72764,12.662363,6.6077886,5.139364,16.382605,12.970287,11.640431,20.839542,13.314464,24.794813,33.385204,18.507132,24.347214,22.45761,17.82809,13.4249735,30.394789,24.990019,23.015285,14.381498,6.037584,10.836287,22.217686,17.671297,29.475353,26.555109,17.824543,9.84301,21.754671
1050,24.187153,26.450413,24.579613,16.486696,28.998236,18.619423,19.495108,9.3884535,22.222559,12.137946,8.923754,18.32457,7.158183,15.917802,22.622208,30.658922,20.230915,18.7553,14.72594,19.969934,14.452487,12.778277,25.010923,16.70771,13.404104,9.047791,20.865658,9.312714,17.33851,5.261844,24.093662,22.690733,10.94758,9.39834,19.517548
1051,22.299175,30.349289,23.684717,9.504797,28.74671,10.381724,20.860067,11.75482,14.699138,8.115865,16.919744,14.228905,10.949184,20.080109,16.833387,27.416151,27.9673,18.159483,18.467655,20.590261,14.01892,10.780491,28.562168,21.922617,22.63836,13.414599,11.641603,10.27932,15.841948,14.914696,27.394188,24.860603,13.261948,10.029971,20.244238
1052,20.14354,30.738985,22.452648,6.7545395,28.767859,7.579094,21.520876,12.147603,11.39572,7.8092213,17.501322,13.450244,11.19367,20.66631,15.199641,25.638391,29.709574,17.719233,20.628498,20.71678,14.765942,11.242887,28.823454,22.852818,23.39307,14.278724,9.277967,10.6511545,17.55889,17.206064,27.704203,25.098946,15.127529,9.618661,20.49101
1053,19.244316,29.594646,21.955624,9.199557,32.49073,11.227068,22.868387,10.602222,15.108603,10.323579,11.234958,16.69829,8.402973,16.170876,21.022171,30.462486,23.839987,17.243124,19.558184,23.104742,18.590195,15.012212,27.54406,16.673311,15.130175,9.009028,14.763168,9.512503,22.68177,7.992396,26.914839,24.35084,13.825601,8.166574,20.344166
1054,18.334772,32.06852,22.810757,7.3188653,35.579487,3.9577198,25.90072,12.169531,5.7577004,4.00497,11.1797905,14.643554,9.744443,17.742493,15.792981,27.243546,31.241905,19.387896,26.092352,25.14887,22.730324,17.82875,30.01788,22.430109,16.856104,10.990495,7.2676854,9.668451,27.552073,12.072415,29.773645,26.607738,18.417252,9.630446,22.4297
1055,18.505497,30.742517,22.658804,10.865648,35.53541,7.558132,26.287731,11.076317,10.012941,6.9590993,7.8370385,17.057264,7.543119,14.383172,20.896034,30.99419,25.035488,19.133968,23.87181,26.481256,24.395966,19.723042,28.628107,16.965334,10.915937,6.931915,12.137791,8.490918,28.807718,5.5187316,28.788973,25.647755,15.964969,8.903463,22.01412
1056,23.473042,25.640652,23.426142,13.513006,23.935038,24.980381,17.109102,10.059683,29.559628,18.971083,10.215256,21.626955,7.799243,17.999176,26.835627,33.031673,15.846583,17.633307,10.325074,18.616137,9.076848,7.838082,24.022364,15.556971,16.064798,11.410119,27.085665,13.175293,15.396612,5.882667,21.99203,22.723133,10.568552,9.327137,20.010029
1057,28.983772,27.380249,29.395493,24.331596,32.70949,12.8643,21.71945,9.619418,14.253784,2.9650621,7.1774516,15.079822,7.7751193,15.830504,16.397608,26.986727,25.441015,23.913637,19.00573,21.170664,19.724117,17.41375,26.614115,23.406487,12.824487,9.430681,12.881802,7.2603207,16.237667,6.0492363,26.785799,24.190943,12.172738,12.932436,21.120785
1058,21.869434,31.184662,23.15156,6.035196,17.504877,4.5216208,20.138868,14.938955,8.365835,7.826507,25.66823,11.916767,13.917653,25.743324,10.565311,19.9456,32.92352,18.87289,21.725958,17.929785,10.835862,7.2979956,29.536993,28.720287,29.561682,20.86921,4.9888315,12.129837,11.798034,27.887674,27.887613,25.708275,17.281353,11.582684,21.160246
1059,18.613058,31.845778,22.816628,6.9801927,34.655983,3.9105577,25.142271,12.195368,5.7952847,3.9365468,12.222481,14.060613,10.172429,18.42869,14.794596,26.24299,31.732086,19.245546,25.53085,24.287176,21.397158,16.708279,29.865747,23.247536,18.232067,11.880812,6.7126293,9.805197,25.845907,13.358939,29.462599,26.403698,18.158741,9.755443,22.148455
1060,18.586617,33.25994,22.708866,3.444913,33.8032,2.7989092,24.293592,13.08358,5.286861,4.397636,17.037956,12.541368,12.175497,21.77464,12.348659,24.366068,35.57929,18.77577,25.754698,22.667274,18.173729,13.613239,31.284624,26.551878,24.523697,15.321925,4.8259263,11.286076,23.009295,19.385359,30.34636,27.26193,18.969376,10.024025,22.226479
1061,21.66869,30.962818,22.814648,5.6384397,11.837477,3.1565018,19.764465,16.217186,6.8568025,7.799943,28.186485,11.634041,14.516905,27.14354,9.16962,17.71469,33.492035,19.044931,22.478046,16.942892,9.846782,6.2882943,29.31576,29.98762,30.544111,22.892107,3.6131854,12.539754,10.920793,31.486238,27.566122,25.608082,18.531319,11.880588,21.319368
1062,22.55156,28.329487,24.873003,16.108522,32.479652,10.172849,23.346659,10.271287,11.998793,5.3688374,7.5244746,16.017393,7.630993,14.975883,18.502876,28.251225,24.339321,20.675543,20.876965,23.246054,21.133507,17.683094,26.896053,19.479168,11.688291,8.228709,12.533962,8.108446,22.39323,5.944327,26.908026,24.371622,13.960749,10.507616,21.153585
1063,18.721012,31.832098,22.747177,6.642671,33.94037,4.3847923,24.755743,12.240172,6.519735,4.679411,13.1174755,14.108641,10.444661,18.802265,14.944028,26.19485,31.461977,19.045074,24.859276,23.923098,20.488995,15.88409,29.878723,23.20159,18.900158,12.205306,7.083938,10.038196,24.938166,13.825107,29.332369,26.38418,17.793644,9.748285,22.04801
1064,18.36908,32.404045,22.337631,4.495205,33.376534,3.9618735,24.070982,12.603028,6.592676,5.052535,15.626608,13.225138,11.359334,20.419704,13.814183,25.38445,33.249374,18.40396,24.671646,22.914352,18.519508,14.062364,30.376173,24.404957,22.246866,13.82751,6.3332777,10.715591,23.387957,16.862972,29.5217,26.555513,18.01986,9.574257,21.799341
1065,19.882805,29.877876,22.827421,9.044079,31.623697,7.478159,22.948526,11.279726,10.038701,6.794105,12.743178,14.718405,9.785923,17.764248,16.457596,26.423449,27.385132,18.69887,21.357029,22.570326,18.453562,14.523831,28.158937,21.145477,17.459206,11.298948,9.768682,9.665808,21.20228,11.594007,27.538946,25.024925,15.116627,9.74059,21.046507
1066,19.09726,32.5589,22.722599,4.0021815,31.114088,2.9775577,23.420427,13.159038,5.4701633,4.815191,18.07049,12.289923,12.372519,22.149952,11.738067,23.180729,34.76643,18.807419,24.871742,21.697912,16.89124,12.513654,30.733126,26.898916,24.985104,16.057587,4.6211185,11.329313,20.835905,20.416456,29.712427,26.828562,18.461975,10.382256,21.935373
1067,24.053518,28.695173,26.029984,17.183369,32.566963,9.630785,23.192251,10.540869,11.273553,3.7604752,8.115806,15.295382,8.170155,15.912391,16.885334,27.403715,26.234394,21.571377,21.354237,22.76761,20.92558,17.497562,27.409773,21.660702,13.172142,9.350403,11.23374,8.096179,21.277678,7.3838573,27.406986,24.740736,14.383625,11.340613,21.361248
1068,17.617199,32.56355,22.2708,5.579907,35.80008,3.6596272,25.735113,12.405466,5.826485,4.2019167,12.269642,14.272482,10.1353445,18.53897,15.482026,27.279322,32.44664,18.763155,26.288153,24.886599,21.983131,17.126724,30.345572,22.69008,18.504889,11.62229,7.0044613,10.028101,27.742155,13.471604,29.916433,26.714695,18.840902,9.19166,22.279377
1069,23.91373,30.297073,24.224361,9.864805,19.868933,10.193367,19.233652,13.561611,14.927866,9.2302885,22.151968,13.646073,12.515602,23.446281,15.04274,24.783722,28.41853,18.88582,17.753101,18.32569,10.221826,7.1363587,28.709627,25.152714,27.334084,17.649092,10.506458,11.836779,10.899978,21.655228,27.117865,25.111153,13.837729,11.705383,20.566824
1070,22.913925,31.031345,23.297003,7.943597,15.756634,8.108249,19.17504,14.983746,13.578066,9.054037,25.547762,12.8305435,13.212273,25.355106,13.814316,23.652624,30.52407,18.21353,19.20902,17.757578,9.294208,6.183787,29.075415,26.129269,30.171618,19.956907,8.770943,12.185895,10.5597105,26.541674,27.332611,25.146,15.442794,11.268218,20.477362
1071,19.517654,32.06847,22.704428,4.7999616,30.38412,4.0377398,22.79862,12.887738,6.948751,5.175454,17.970621,12.383354,12.11484,21.763447,12.382919,23.77976,33.60027,18.50493,23.610317,21.330133,16.190607,11.975808,30.255238,25.962578,24.738884,15.572989,5.5781307,11.04158,19.796736,19.586815,29.186554,26.348927,17.456268,10.280951,21.457767
1072,23.10423,30.247272,22.906681,8.856717,15.187971,12.370223,17.930895,14.584595,18.85962,10.26389,23.177994,14.035938,12.103863,24.483221,17.233917,27.477678,27.478424,17.362082,16.539942,17.264128,8.011481,5.21103,28.109022,23.475891,29.94816,18.44771,13.033943,12.9621525,10.8046255,23.749651,26.226051,24.434824,14.087934,10.990372,19.76114
1073,24.807905,28.06063,26.10775,18.44351,31.94996,12.98476,22.077837,10.016395,15.554725,6.1757026,8.482244,16.107136,7.7135577,15.644108,19.120499,29.031725,24.139317,20.928131,18.884384,22.07086,19.029394,16.398397,26.668491,19.639996,13.06873,8.714953,14.687408,7.965259,19.301628,6.195422,26.47838,23.986519,12.4802265,10.616295,20.642347
1074,19.262611,29.910042,22.75071,10.409487,33.57267,6.9017467,24.478045,11.136713,8.922535,4.670171,8.64218,15.383093,8.330167,15.800703,17.628843,28.336412,26.924816,19.10817,23.303974,24.183702,22.219328,17.770243,28.056131,19.715136,13.693172,8.980457,9.959138,8.932816,26.015587,8.248494,27.945858,25.088993,16.304228,9.57712,21.33564
1075,22.103872,31.694273,22.896517,5.800625,7.253979,3.1337252,19.770748,17.713488,7.6012173,8.11132,30.547003,11.94879,14.908137,28.807264,9.609744,18.295527,34.216606,19.202063,23.104853,16.700428,9.148543,5.4358315,29.818748,30.702446,32.466747,24.591099,3.8085701,13.214956,10.948377,34.713203,27.908922,25.99321,19.71582,12.282569,21.67127
1076,21.96658,28.543465,23.435247,11.8573475,30.302065,12.152378,21.045004,10.293336,15.988499,9.7303095,12.919181,15.701627,9.095781,17.066502,19.08796,28.293463,23.77545,18.101004,17.394367,21.258299,15.850251,12.910061,26.899092,18.672646,16.924633,10.504015,14.164179,9.162421,17.109907,9.385725,26.087435,23.766796,12.045003,9.296391,19.850622
1077,28.530916,26.707932,28.814419,24.088156,31.518827,13.736007,21.077642,9.355497,15.263979,4.079653,7.254161,15.313175,7.5652995,15.499303,17.042225,26.967674,23.928177,23.372423,17.79983,20.683258,18.728722,16.591198,25.99188,22.351398,12.326698,9.032162,13.832096,7.370033,15.53848,5.480431,26.071249,23.712002,11.362471,12.650181,20.72957
1078,19.024582,31.815477,22.086607,4.2867913,29.333254,4.9294386,22.352571,12.8615,8.271975,6.614579,18.605463,12.670307,11.95726,21.865143,13.279044,24.235922,32.653255,17.838259,22.90178,20.955175,15.42489,11.422645,29.849157,24.89888,25.048103,15.590092,6.719583,11.226171,19.271921,19.864721,28.687418,25.940165,17.143162,9.75001,21.092869
1079,18.513624,31.137856,22.902925,10.643124,36.124588,6.272258,26.730963,11.381865,8.2616625,5.2944465,7.4308496,16.617113,7.746903,14.776238,19.736305,30.452261,26.661467,19.607777,25.201313,26.645025,25.293139,20.316425,29.046194,18.361721,11.383705,7.4238334,10.667883,8.639542,29.903595,6.34536,29.277771,26.04583,17.11906,9.354697,22.361612
1080,26.714243,28.996082,26.986202,17.83752,31.486246,15.318359,21.281988,9.99073,19.518576,10.851918,13.622307,16.836414,9.28202,17.106415,20.85511,29.920317,22.595455,20.522413,15.603797,21.933466,15.655867,13.203437,27.717054,19.562412,16.496885,10.380127,16.645708,8.6296425,13.401677,7.729266,27.008318,24.55975,9.685707,10.827265,20.70443
1081,27.389343,29.248646,28.16589,18.888338,31.46752,10.943142,22.412888,10.540896,13.192302,6.3374343,12.625174,15.483816,10.015326,17.287327,17.019424,26.803623,24.791988,22.774433,18.171663,22.724838,17.918758,14.427011,28.46359,23.527603,16.076134,11.151439,11.275631,8.649403,14.306432,8.6498,28.125862,25.64249,11.3161125,13.165396,21.983044
1082,18.450449,32.438908,22.156065,3.7036157,31.86099,3.7789338,23.38236,12.84368,6.6846066,5.328579,17.28842,12.607325,11.869802,21.42774,12.96565,24.520105,33.87405,18.12604,24.287102,21.948904,17.027464,12.6749735,30.460476,25.260374,24.268879,14.96141,5.8163643,11.126242,21.729345,18.974852,29.436792,26.512444,17.974022,9.743244,21.563576
1083,30.781076,26.732517,30.202583,25.826921,31.051008,14.514418,20.07711,9.389095,16.376469,3.2249417,8.637037,14.552231,8.183485,16.667307,15.780194,26.34459,25.187483,24.033852,16.772783,19.598768,17.077791,15.358829,26.165958,24.224583,14.567396,10.330156,13.454754,7.2351556,12.251557,6.9732547,26.073143,23.67533,10.572237,13.347504,20.48343
1084,17.770073,31.445282,22.024023,6.4291954,34.062813,4.8223724,24.912964,11.997026,6.985008,5.163809,11.772894,14.620126,9.7550125,17.885345,16.091759,27.084679,30.17767,18.558554,24.785927,24.216835,21.20415,16.54857,29.397823,21.615324,17.285654,11.06166,8.046826,9.961438,26.509378,12.270363,28.944532,26.050863,17.818455,9.236669,21.851637
1085,17.734251,32.95652,21.78416,2.3586502,32.80246,3.2477033,23.71232,12.961103,6.259828,5.4831657,17.761538,12.489792,12.078527,21.713085,12.9205475,24.65264,34.710514,17.802414,24.82317,22.206682,17.154825,12.697903,30.86235,25.329239,24.934645,15.127149,5.52081,11.360527,22.4868,19.560537,29.794676,26.77417,18.413399,9.397165,21.666235
1086,19.741432,31.778118,22.924225,5.8512726,30.810337,4.558223,22.985472,12.648465,7.2748585,5.141407,16.719982,12.802254,11.679339,21.070581,12.999162,24.280977,32.734097,18.782124,23.497883,21.722002,16.86054,12.669489,29.994287,25.402761,23.387379,14.821135,6.1662436,10.7938595,20.3552,18.113266,29.03463,26.25266,17.222147,10.367695,21.543957
1087,23.292084,29.96016,23.231937,9.533964,20.027086,12.7748575,18.125353,13.310126,18.929913,9.468371,20.83711,13.815159,11.556221,23.091198,17.248226,27.975029,27.495167,17.292341,16.247183,17.782652,9.072674,6.4689555,27.872118,22.784842,28.493584,16.85375,13.273571,12.037924,11.143078,20.826956,26.163935,24.125439,13.118473,10.5180855,19.389912
1088,19.00599,31.063261,22.760475,7.9805937,33.473682,5.6305733,24.513487,11.774146,7.8174253,5.51935,12.067291,14.755543,9.843507,17.769417,16.215645,26.895693,29.212708,19.046824,23.731266,24.019514,20.609886,16.113035,29.190695,21.758749,17.096092,11.113527,8.457315,9.75024,24.569933,11.777943,28.730701,25.932032,16.774536,9.73141,21.84185
1089,22.45121,28.42799,24.897274,16.255087,32.88369,9.757308,23.558802,10.36057,11.495266,4.461498,6.8969774,15.789394,7.4251633,14.931687,18.15741,28.301308,25.127674,20.754778,21.64064,23.221643,21.79076,18.33113,26.939287,19.701355,11.547695,8.126555,12.187989,7.9429746,23.365555,6.0428967,27.043732,24.364658,14.601805,10.42936,21.120722
1090,24.04464,30.582314,25.12161,10.73766,27.337687,8.381352,20.725336,12.267238,11.904913,6.5631504,18.695917,12.999289,11.993967,21.695028,13.630177,24.40145,30.176119,19.762794,19.45855,19.771471,13.571971,10.214736,29.192858,25.823193,24.725063,15.708599,8.520547,10.541443,13.295047,18.160269,28.047579,25.49979,14.071011,11.67291,20.86707
1091,22.07397,30.19597,24.353342,10.111184,29.972076,6.4514656,22.305729,11.77441,8.744492,5.615566,15.311871,13.516468,11.134951,19.579067,13.729295,23.992846,29.374393,19.937654,21.249624,21.600351,16.743137,12.872444,28.839743,24.72027,20.534367,13.746209,7.4322634,9.916416,17.388954,14.900371,28.061922,25.574032,14.956686,11.27668,21.428192
1092,22.049213,25.419462,22.77834,11.699045,21.504026,26.385563,17.363394,10.846701,30.300766,21.89567,9.481707,23.770784,8.440417,18.547523,28.905918,33.72541,12.231607,18.241362,9.403787,19.715406,8.837529,6.795934,23.79629,15.764304,15.94037,12.48777,28.231714,16.144207,16.138304,5.320354,21.430975,23.685722,11.416416,10.262722,21.721344
1093,18.760736,31.480795,23.071804,9.591559,35.82283,5.533699,26.35521,11.677802,7.3737416,4.673684,8.7905655,15.926186,8.577957,15.998391,18.162209,29.216322,28.37907,19.71404,25.43309,26.010336,24.29485,19.279667,29.479033,20.202713,13.484604,8.885219,9.355215,9.155996,28.886385,8.452107,29.503128,26.358408,17.63042,9.709657,22.472754
1094,18.191725,30.934254,21.929409,7.077626,33.303333,6.744421,24.12103,11.659689,9.533943,6.475508,11.988213,15.077334,9.507745,17.568382,17.470959,28.128443,28.469818,18.05611,23.007904,23.731829,20.065786,15.740624,28.860182,20.169048,17.095432,10.5324,9.95838,9.890305,25.129347,11.275275,28.29788,25.520176,16.499954,8.910711,21.312426
1095,22.84528,30.349176,22.81254,8.384349,16.435312,11.491274,18.192545,14.31912,17.781055,10.254149,23.600937,13.654049,12.258343,24.359966,16.562769,26.647308,28.101921,17.243683,16.9752,17.368418,8.336916,5.564086,28.238783,23.608955,29.805706,18.396421,12.262829,12.535019,10.647749,23.913948,26.418402,24.418684,14.041228,10.707798,19.68826
1096,20.465622,31.130558,22.823242,5.466737,24.715662,3.8133786,21.434916,13.46491,6.696211,6.373951,21.113922,11.913036,12.860683,23.237034,10.881398,20.953257,32.85222,18.778496,22.698984,19.571333,13.834134,9.991337,29.520334,27.403053,26.37539,17.9321,4.6889234,11.368249,15.489902,23.098988,28.270636,25.792154,17.18798,10.952414,21.231117
1097,18.50372,32.14674,22.059395,4.0796256,31.609674,4.5401936,23.175787,12.656918,7.613935,5.962377,17.065504,12.934995,11.642991,21.075882,13.694381,25.013248,32.87171,17.94633,23.627722,21.943415,16.846714,12.594889,30.14334,24.435287,23.739588,14.539237,6.660477,11.024894,21.444014,18.19174,29.109903,26.2552,17.454521,9.583292,21.385721
1098,18.516472,33.21907,22.51699,3.3935065,33.53413,3.2808301,24.11476,13.033579,6.1144724,4.8455567,17.283945,12.681314,12.093565,21.643364,12.926478,24.938091,35.07244,18.440521,25.210255,22.65173,17.85923,13.333665,31.173428,25.826551,24.528456,15.062562,5.4408035,11.1959095,22.811983,19.088755,30.182404,27.088566,18.553623,9.769259,22.009111
1099,18.646215,33.125847,22.735783,4.071012,34.07733,3.3161285,24.434801,12.926694,5.90332,4.5677247,16.380777,12.940582,11.826881,21.184586,13.153,25.14185,34.791313,18.744211,25.472736,23.049635,18.630165,14.059998,31.095346,25.649384,23.503393,14.604418,5.5544643,10.984501,23.490696,18.157103,30.210348,27.112762,18.634361,9.842981,22.16945
1100,28.126394,26.691502,28.53132,23.861403,32.247963,13.541388,21.160912,9.283773,15.173054,3.477306,6.655736,15.081511,7.2314224,15.301784,16.926355,27.212091,24.55528,23.049852,18.338848,20.608404,19.248112,17.219164,25.813808,21.990204,12.19885,8.772732,13.815834,7.047583,16.396645,5.3959193,25.963306,23.432785,11.7937355,12.134574,20.439629
1101,25.718182,28.60397,27.43978,19.743086,33.461742,9.783232,23.586672,10.354268,10.820781,2.9472542,6.928455,15.483135,8.021234,15.681784,16.636494,27.244925,26.19949,22.946535,21.82457,23.225977,22.030361,18.59361,27.518824,22.888466,12.384388,9.435125,10.9579735,7.868465,20.808355,6.660234,27.7435,25.049961,14.447367,12.397635,21.91279
1102,26.922123,27.046665,27.721714,22.120388,31.958166,12.696365,21.589937,9.559621,14.37486,3.8741112,7.018144,15.244672,7.4038672,15.285636,17.182219,27.312977,24.454727,22.541662,18.827312,21.140882,19.51242,17.138739,26.080667,21.532661,12.168554,8.72906,13.394674,7.325215,17.553406,5.657779,26.187403,23.671368,12.216361,11.878129,20.610094
1103,19.465363,32.715904,22.998177,4.9520597,32.7039,4.5077353,23.717411,12.819487,7.4185925,5.3614397,16.989382,13.123526,11.883838,21.319574,13.586444,25.290236,33.718052,18.724613,24.165941,22.496943,17.519005,13.164638,30.759981,25.349068,23.795755,14.758968,6.443123,10.981513,21.700644,18.087727,29.76291,26.815931,17.702263,10.044549,21.902824
1104,25.22206,28.813242,26.684414,17.852104,32.33187,10.786846,22.600378,10.495732,12.836572,4.4298325,9.380022,15.30454,8.603735,16.545336,17.068304,27.6379,26.182858,21.720842,20.147705,22.363827,19.574907,16.40124,27.574343,22.080301,14.492931,9.944096,11.902153,8.24222,19.123465,7.9009414,27.39675,24.78851,13.422421,11.584332,21.273619
1105,20.267433,30.911001,22.61096,4.9114547,21.948683,2.5190928,21.146297,14.092258,5.0492167,5.993345,22.560995,11.371428,13.3167715,24.23097,9.237731,18.842878,33.816364,18.90966,23.503822,18.700834,13.305744,9.521619,29.345308,28.767197,27.205326,19.426786,3.1822913,11.582336,14.7357,25.67261,28.055662,25.671444,18.196999,11.107864,21.254988
1106,27.979145,29.00502,28.057823,18.615713,30.158579,12.362783,20.84867,10.519247,15.573969,6.9236236,14.651872,14.885532,10.4289665,18.179043,16.833187,26.851618,25.081797,21.89223,16.268244,21.051067,15.214358,12.312212,28.125013,23.272692,18.53624,11.969576,12.294632,8.684282,11.393718,10.157491,27.49257,24.979622,10.187576,12.676566,20.995104
1107,20.22829,31.355844,23.598503,8.730739,33.115944,5.981002,24.311234,11.971752,8.25238,5.334349,12.994185,14.651661,10.325739,18.492455,15.790054,26.69552,29.824587,19.58621,23.447533,23.756207,19.993137,15.552386,29.59138,22.866777,18.19181,11.89551,8.315436,9.880239,23.223427,12.610362,29.034792,26.242939,16.573471,10.29777,22.035528
1108,17.434528,31.436575,21.622791,4.9366765,33.13126,4.396979,24.122377,12.144,6.7429957,5.513081,13.638172,13.850381,10.441131,18.947857,14.871021,25.756056,31.15538,18.054426,24.347198,23.191885,19.419975,14.977804,29.399279,22.511444,19.454002,12.307689,7.275138,10.322706,24.781599,14.45233,28.70489,25.912388,17.762854,9.09101,21.530296
1109,22.797237,30.44704,22.913027,7.814037,18.88015,11.645317,18.281881,13.822892,17.732218,10.167986,22.97381,13.573904,12.3453045,24.093641,16.380737,26.681465,28.4627,17.166418,16.848166,17.450365,8.587581,5.7947536,28.416243,23.693987,29.653883,17.962282,12.233324,12.497787,10.865461,22.933277,26.572538,24.532372,13.820034,10.546038,19.647058
1110,22.033188,30.9407,22.635231,6.579937,10.031161,5.032921,19.18442,16.46818,9.860286,8.342379,28.068336,12.140446,13.982719,27.09824,11.155543,20.199015,32.1974,18.513197,21.282036,16.836039,9.013667,5.5835943,29.031933,28.44923,31.182337,22.50094,5.7156153,12.684775,10.72474,31.155787,27.207254,25.253777,17.87043,11.776478,20.883461
1111,21.77256,31.024658,23.191416,6.7314935,22.214613,5.894352,20.393366,13.738806,9.867584,7.3761163,22.552473,12.185331,12.940527,23.954283,12.045425,22.230415,31.985348,18.516,21.00515,18.757204,12.012868,8.539988,29.31238,26.882069,27.89276,18.49412,6.491479,11.497728,13.189763,23.93966,27.846676,25.438307,16.141476,11.053114,20.756155
1112,18.01743,32.9275,22.463718,4.399943,35.15957,3.4782653,25.035109,12.663324,5.8527923,4.6571164,14.713947,13.593511,11.181149,20.051115,14.203936,26.005028,33.80607,18.686092,25.771774,23.91524,20.005692,15.334412,30.80541,24.301693,21.298786,13.300082,6.248395,10.615317,25.414778,16.030935,30.078274,26.981712,18.696915,9.434435,22.258938
1113,21.329895,24.36401,22.287956,11.796753,17.661726,28.443352,17.161348,11.142117,31.516808,24.040829,7.622396,26.145447,8.066006,18.420822,30.917643,34.096973,9.1747,18.8793,8.386673,20.0757,7.9467716,5.668225,23.074694,15.277705,13.241678,12.115753,30.575918,17.699709,18.6588,3.3358693,20.350506,24.089392,11.90506,11.223609,22.85568
1114,28.104942,29.095852,27.409855,16.686708,24.310833,13.967079,18.478136,11.917197,18.261261,7.50878,17.849478,14.031941,11.210415,21.522676,15.907225,26.590994,26.97094,20.9686,15.398416,17.71364,11.021354,8.61653,27.990196,25.110289,24.5662,15.233329,13.175389,10.78715,9.1310215,16.237038,26.803862,24.641022,11.55764,12.833349,20.213566
1115,26.883396,27.203384,27.914154,22.352736,32.84984,11.795931,22.20126,9.562477,13.095494,3.1934881,6.3099027,15.212638,7.3086224,14.996696,16.824558,27.106237,24.815153,22.944126,19.77552,21.730093,20.714108,18.110636,26.244247,21.931175,11.579477,8.634811,12.587747,7.1473107,18.408884,5.3687334,26.509993,23.886806,12.780447,12.107225,20.934685
1116,20.201435,31.514158,22.843182,4.7222414,24.310345,2.627284,21.794764,13.951321,5.148878,5.759805,21.730581,11.623273,13.236871,23.95948,9.797333,19.900888,34.30157,19.05395,23.95816,19.485058,14.177292,10.231996,29.898764,28.648834,26.978748,18.840857,3.4697745,11.635397,16.091825,24.689219,28.65964,26.141191,18.355839,11.07035,21.569805
1117,22.21368,27.652525,24.498205,16.52374,32.325096,10.6169195,23.036001,9.8894005,12.474035,5.65103,6.688707,16.051414,7.041325,14.285771,18.830399,28.272516,23.439709,20.317575,20.478401,22.94183,21.14093,17.935005,26.19145,18.45746,10.624712,7.548157,13.172089,7.7078032,22.43075,5.0229654,26.282576,23.7558,13.613543,10.047367,20.69398
1118,23.088108,24.289738,23.015278,13.476647,18.971262,28.769867,16.1585,10.513267,32.611256,22.278217,8.627774,24.614016,7.6077876,18.32114,29.756718,33.973568,11.569304,18.251417,7.9306006,18.438478,6.837512,5.4231987,23.011969,15.099678,14.356358,11.709089,30.892286,15.759766,16.558262,4.107882,20.42985,23.090607,10.664045,10.597133,21.222624
1119,17.393005,32.010895,21.90133,5.471329,34.795044,4.343075,25.230227,12.174377,6.601802,5.3067565,12.49691,14.519817,10.058188,18.283642,15.978249,27.141474,31.063076,18.42077,25.246292,24.520487,21.1898,16.45602,29.857996,21.884111,18.095272,11.384247,7.7343645,10.119115,26.888292,13.009622,29.34984,26.362976,18.127571,9.05216,22.029144
1120,17.684456,32.763596,22.443659,5.6676407,36.189423,3.5722592,26.033083,12.453747,5.6221824,4.2843056,12.232582,14.437295,10.176422,18.549873,15.590581,27.353968,32.5596,18.982054,26.565014,25.19412,22.308636,17.388416,30.548628,22.837994,18.371262,11.625555,6.997003,10.081274,28.041573,13.408469,30.146152,26.933449,18.97654,9.288809,22.520765
1121,18.047062,32.01522,22.165348,5.1208534,33.90791,4.2925854,24.374247,12.324215,6.757026,5.0457754,14.103196,13.748363,10.744749,19.373795,14.669841,26.046612,32.13845,18.36801,24.664047,23.438389,19.543957,15.046182,29.94926,23.205517,20.251526,12.6834345,7.004099,10.326204,24.649996,14.920786,29.235014,26.291399,17.89614,9.293831,21.750341
1122,19.725155,31.83535,22.69136,4.838419,28.274532,3.8573322,22.415127,13.1737995,6.748705,5.8091316,19.288818,12.268515,12.436535,22.40784,11.879195,22.727713,33.403564,18.61278,23.43533,20.760008,15.396864,11.284812,30.080288,26.53283,25.40758,16.517902,5.231431,11.254408,18.408428,21.060812,28.935246,26.240326,17.517878,10.508114,21.470686
1123,18.38087,33.95823,22.646797,2.7279294,34.451744,2.8635652,24.652292,13.324426,5.7197523,4.771464,17.696772,12.7180605,12.376926,22.135292,12.886433,25.206848,36.189304,18.583193,26.02861,23.055716,18.26552,13.601897,31.837805,26.402939,25.23122,15.416681,5.159692,11.482639,23.666376,19.793028,30.825224,27.623615,19.21374,9.782032,22.389833
1124,18.531128,32.867363,22.351055,3.4221458,32.61973,3.4637036,23.675774,12.959642,6.3747916,5.116078,17.57398,12.547361,12.093886,21.682112,12.797769,24.589434,34.607494,18.2641,24.684753,22.202265,17.240524,12.8049135,30.869438,25.709873,24.706993,15.184641,5.5053167,11.20702,21.980639,19.318727,29.834318,26.824125,18.221546,9.788122,21.772566
1125,22.194077,30.465797,22.989994,7.435025,20.78427,7.9359274,19.375753,13.5136795,12.763028,8.739394,23.142317,12.491614,12.649859,23.748503,13.506783,23.392092,30.212353,17.833612,19.027079,18.076616,10.431287,7.3822675,28.64854,25.286434,28.321655,18.19034,8.55971,11.447098,11.250717,23.512339,27.086792,24.735456,14.674077,10.649719,20.045477
1126,22.156433,24.216972,22.69165,12.713828,17.971859,29.240309,16.588686,10.969667,32.60724,23.486658,7.705979,25.824007,7.830047,18.499731,30.75887,34.348408,9.91893,18.764395,7.9508386,19.319103,7.2378407,5.4042554,22.889574,15.211245,13.761471,12.077927,31.306007,17.205011,17.84619,3.4979005,20.16724,23.675175,11.492796,11.008494,22.301367
1127,23.073727,28.900253,22.797632,9.082254,23.143087,17.777098,17.552324,11.743267,24.079426,14.986285,18.576618,16.522549,10.397972,21.417088,21.33898,30.352688,23.299278,16.204763,13.487811,17.735617,8.388169,6.341743,26.862936,19.332483,25.425526,15.078997,19.167238,12.409122,11.341744,16.02148,24.945383,23.459646,11.551309,9.219168,18.981472
1128,17.910225,31.903368,22.485668,7.5488844,35.888653,4.4916697,26.173704,11.974911,6.392588,4.35208,10.047492,15.205657,9.168505,16.927292,16.993332,28.358522,30.108877,19.163755,25.975315,25.626276,23.509151,18.500813,29.782095,21.08506,15.394157,9.911783,8.219452,9.519575,28.86136,10.476497,29.631002,26.459324,18.291122,9.34572,22.364231
1129,18.958906,33.03357,22.692131,4.0041533,33.047443,3.9898055,23.84108,12.962196,6.9899507,5.173801,17.337088,12.869352,12.022366,21.591969,13.322124,25.251001,34.486256,18.458204,24.611017,22.485647,17.512842,13.090042,31.003462,25.527431,24.443317,14.972725,6.050129,11.13204,22.187864,18.774282,29.981014,26.939327,18.111252,9.836258,21.886065
1130,20.502062,31.279577,22.752586,4.6495175,21.124357,2.5177186,21.13325,14.458504,5.269652,6.3679624,23.727049,11.404555,13.702928,24.94151,9.183368,18.76098,34.324326,18.976374,23.576145,18.566345,12.842245,9.049874,29.700136,29.268648,28.103764,20.099596,3.149197,11.841047,14.353866,26.806171,28.29413,25.932014,18.408936,11.229827,21.413885
1131,18.353287,32.524853,22.036251,3.3012443,31.93675,3.8848293,23.28267,12.82546,6.96258,5.636502,17.726171,12.57938,11.992191,21.542074,13.071977,24.621353,33.876865,17.918478,24.039236,21.890066,16.702587,12.362168,30.520006,25.12248,24.638798,15.031994,5.936082,11.1921425,21.445501,19.133177,29.439348,26.50684,17.794964,9.608578,21.48297
1132,23.326714,29.628872,23.813507,10.988066,28.251688,13.746823,20.017012,10.869167,19.306517,12.939907,18.08689,15.459378,10.340574,19.593481,19.735529,28.807995,24.455963,17.450363,15.838203,20.285877,12.40952,9.984771,27.785652,19.522717,22.326984,13.232492,15.4234,9.998728,12.090977,13.976347,26.522078,24.041336,10.872778,9.236238,19.603874
1133,22.514118,31.275942,23.84617,6.9575195,19.00693,4.18501,20.635788,14.676371,7.548586,7.346792,25.059107,11.928604,13.920276,25.366413,10.199828,19.569185,33.122204,19.552046,22.153633,18.401724,11.728524,8.125351,29.78565,29.23676,28.70773,20.53758,4.509563,11.758474,11.855647,27.065058,28.283285,25.979345,17.171234,11.94376,21.482718
1134,19.042831,32.501446,22.901127,4.6326175,33.02581,3.155305,23.913136,12.792396,5.3794203,4.2436028,16.305878,12.594562,11.889969,21.229053,12.245517,23.914476,34.480408,19.013384,25.134184,22.407217,18.083477,13.634405,30.667414,26.328125,23.480196,14.984619,4.948222,10.974479,22.22469,18.473234,29.79819,26.852726,18.40885,10.27829,22.051537
1135,22.987055,28.360716,23.756966,12.651079,29.976109,18.396393,20.23501,10.068633,23.238981,14.912866,12.335602,18.798265,8.345084,17.082409,24.145601,32.302498,20.552748,17.55073,14.635509,21.103525,13.838397,11.63445,26.53216,16.081099,16.358578,10.107317,21.230886,10.342272,17.03749,7.1751323,25.301702,23.658745,10.933929,8.6401615,19.900051
1136,19.722466,31.72527,22.755081,4.7659397,27.485674,2.9871688,22.435778,13.395831,5.4660354,5.252694,19.532442,11.950482,12.614051,22.754568,10.848432,21.530138,34.01448,18.909384,24.113321,20.497831,15.487054,11.36963,30.038256,27.488806,25.580936,17.187037,4.1900005,11.330723,18.217733,22.098444,28.944107,26.269604,18.115437,10.755051,21.60814
1137,21.354603,31.129337,23.041576,5.6143303,20.29391,3.8465014,20.592247,14.347582,7.1842318,7.1571383,24.242311,11.668558,13.675797,24.97747,10.103869,19.665659,33.2986,18.876532,22.286781,18.354832,11.922635,8.288399,29.557951,28.677849,28.50103,20.013924,4.3334765,11.783178,12.908733,26.501993,28.045479,25.737408,17.36575,11.373258,21.166698
1138,23.99474,26.279287,24.640778,16.992136,29.35442,17.957684,19.95289,9.286996,21.05078,11.600369,7.8763804,18.38942,6.8538985,15.427283,22.368343,30.298069,20.122326,19.167032,15.424923,20.388647,15.491254,13.67019,24.914274,16.820656,12.16095,8.606349,20.316267,9.123112,18.400682,4.5464864,24.150984,22.762527,11.358545,9.598705,19.774672
1139,21.758324,28.470154,23.706528,13.810153,31.610266,13.823917,22.302704,10.181146,17.140717,9.842595,9.029074,17.506224,7.5820713,15.611253,21.68195,30.752947,22.6473,18.794933,18.636585,22.589323,18.462517,15.555377,26.735233,17.013813,13.0536785,8.37583,16.859638,9.070214,21.909357,5.9935565,26.212744,24.01815,13.063814,9.104052,20.51164
1140,28.223694,27.855545,29.1896,23.448046,33.39526,11.615917,22.871529,9.831083,12.414165,3.0957828,6.506211,15.593889,7.837553,15.565022,16.610836,26.936708,25.263056,24.274717,20.392328,22.441446,21.356674,18.456793,27.117992,23.69393,11.880786,9.363239,12.008759,7.607016,18.110264,5.6987643,27.422396,24.868153,13.153876,13.339684,21.933588
1141,23.315725,29.845757,23.329876,9.511374,21.788588,13.715689,18.249798,12.788706,19.708021,10.279171,19.940681,14.314774,11.389302,22.504902,18.026516,28.51384,26.717834,17.2798,15.736935,18.035715,9.363837,6.7827816,27.859152,22.179317,27.503208,16.041153,14.240149,12.074971,11.5393505,19.1052,26.140932,24.191875,12.637402,10.383873,19.450758
1142,19.848572,30.761257,22.64727,7.8530283,31.898252,8.447597,22.778967,11.622935,11.945437,7.461584,14.179098,14.841768,10.179939,18.597769,17.366375,27.945688,28.25938,17.989634,20.955343,22.47663,17.480412,13.6591215,28.786009,20.70305,19.32579,11.658289,10.882523,10.023818,21.251476,12.530187,27.928713,25.259146,15.03965,9.176037,20.845037
1143,19.629242,31.199156,22.266504,4.077194,23.092306,2.2710056,21.410473,14.049996,4.8545403,5.64699,22.01898,11.317331,13.211493,24.064564,9.383025,19.370737,34.311485,18.602608,23.906229,18.972181,13.721598,9.825848,29.547077,28.4776,27.162607,19.03121,3.14491,11.633252,16.019028,25.302832,28.261332,25.790043,18.531527,10.812094,21.233192
1144,19.545502,32.19715,22.833134,4.479678,29.540062,3.2737882,22.94765,13.192367,5.8512206,5.4569755,18.991327,12.279845,12.542465,22.398193,11.617539,22.589499,34.08927,18.871717,24.176693,21.24914,16.06763,11.823136,30.443659,26.995594,25.268766,16.51871,4.7179503,11.325464,19.245455,20.983469,29.358894,26.601015,17.960157,10.570757,21.81909
1145,19.184399,31.35366,22.535118,5.850828,31.003885,4.7334003,23.065361,12.370334,7.315168,5.6417193,15.9274025,13.125641,11.285608,20.355122,13.549752,24.404356,31.693296,18.564917,23.307718,21.925722,17.287453,13.105066,29.553299,24.430395,22.097416,14.099369,6.6276383,10.6180525,20.905956,16.94901,28.664885,25.961868,17.030466,10.04765,21.43579
1146,18.583746,32.114475,22.120245,3.8072233,30.963776,3.7365687,23.024244,12.791491,6.6356783,5.7254086,17.932667,12.450691,12.0065155,21.552769,12.652512,23.828558,33.465683,18.100294,23.842697,21.586256,16.425398,12.174512,30.196756,25.388288,24.516218,15.315199,5.630975,11.1093,20.496382,19.458216,29.142183,26.297012,17.611813,9.8146925,21.435648
1147,19.431671,32.657166,23.104836,4.943783,32.910835,3.7057369,23.854366,12.832565,6.232403,4.623657,16.71554,12.797735,11.962158,21.328156,12.748934,24.481451,34.255962,19.008057,24.71164,22.481384,17.834066,13.410569,30.795238,26.086788,23.70679,14.968525,5.5034924,10.956784,21.835321,18.37613,29.867231,26.908665,18.060848,10.279368,22.044048
1148,28.365517,28.58572,29.139095,21.12488,31.511866,10.393654,22.542955,10.429865,11.345968,4.231337,10.16314,15.204512,9.573704,17.052595,15.485166,25.398151,25.441887,24.259762,19.347843,22.243752,19.240665,15.692428,28.20465,25.499393,14.776186,11.138115,10.035463,8.787134,15.01296,8.14824,28.162834,25.777035,12.430997,14.397047,22.436377
1149,21.341038,31.123463,23.256632,6.22184,23.30054,4.3413105,21.041027,13.701675,7.4638543,6.579982,22.028042,11.935022,13.101662,23.80828,10.841275,20.885447,32.81688,19.00231,22.239521,19.155859,13.084049,9.367551,29.5492,27.85402,27.138325,18.575418,4.9364567,11.442291,14.207374,23.947542,28.20879,25.782227,16.947405,11.290417,21.20532
1150,18.379744,31.616161,22.863482,9.122253,36.13719,4.91786,26.519365,11.772653,6.688166,4.115795,8.635208,15.688101,8.564383,16.021086,17.791674,29.088242,29.012745,19.58576,26.00109,26.079329,24.631008,19.536327,29.547932,20.358454,13.645738,8.950634,8.837972,9.109789,29.517778,8.783861,29.611994,26.36601,18.091528,9.571001,22.44384
1151,22.899843,30.072693,22.877579,8.156126,19.232986,13.447686,17.855629,13.545061,19.649105,10.639794,21.528088,14.212464,11.939093,23.63336,17.662357,28.052668,27.193727,17.005457,15.807912,17.381617,8.233019,5.5519633,28.03229,22.83944,29.173286,17.283155,13.93963,12.9053955,11.219261,21.312326,26.116907,24.356018,13.347572,10.524271,19.526163
1152,24.70738,27.353214,26.169807,19.551386,32.41744,12.39687,22.19231,9.655237,14.340832,5.033529,6.73837,15.820251,7.063277,14.833206,18.44753,28.305483,23.992563,21.324253,19.464027,21.913443,20.165737,17.574863,26.061514,19.675549,11.45314,8.024687,14.080756,7.4975905,20.098654,5.1780024,26.122343,23.6031,12.841131,10.706007,20.532677
1153,18.632483,33.008785,22.621983,3.8389726,33.572636,3.2917526,24.13659,12.927952,5.94914,4.675843,16.809147,12.736515,11.948278,21.389748,12.8845825,24.805655,34.80159,18.602617,25.21532,22.70156,18.101463,13.585454,31.005735,25.799236,23.991653,14.877955,5.413046,11.06838,22.854933,18.653864,30.070208,27.006147,18.499695,9.862513,22.027487
1154,24.811283,29.07486,26.745949,17.640638,32.7613,8.863025,23.554678,10.727415,10.160746,3.2435932,8.498214,15.180767,8.623799,16.266865,16.173077,26.825575,26.786787,22.335749,21.824589,23.168867,21.267555,17.572361,27.937338,22.982244,13.594437,9.963729,10.139603,8.218321,20.766943,7.911381,27.977201,25.280022,14.591848,12.147434,21.886776
1155,18.20925,31.777664,22.245922,5.751199,33.54714,4.7994413,24.421328,12.215741,7.212774,5.528773,13.676218,14.181688,10.534554,18.979843,15.318181,26.372068,31.120325,18.510231,24.32405,23.640512,19.74282,15.230319,29.762838,22.678102,19.354563,12.25757,7.6087046,10.292006,24.714169,14.059245,29.084673,26.242146,17.586353,9.406707,21.835001
1156,19.741142,32.30397,23.185333,5.093512,31.18807,3.4198265,23.384943,12.971952,5.7538733,4.7746167,17.558157,12.494705,12.252775,21.826029,11.906707,23.21698,34.15416,19.210005,24.505566,21.806017,17.021685,12.689561,30.586546,26.905567,24.316135,15.794237,4.885344,11.152873,20.38636,19.592367,29.61524,26.798733,18.029934,10.700436,22.024794
1157,24.914206,28.64856,26.521801,17.81811,32.242737,10.02142,22.709082,10.525457,11.803483,3.5362906,8.73871,15.007452,8.434105,16.34489,16.439426,27.155586,26.567848,21.768478,20.780224,22.297812,20.110462,16.856167,27.424978,22.294815,14.073227,9.84799,11.171121,8.067825,19.846577,7.930524,27.342497,24.682383,13.947233,11.607862,21.22577
1158,18.000303,33.66073,22.79022,4.581727,36.707626,3.1472366,26.044579,12.8626175,5.4180617,4.240811,14.023909,13.985993,11.04888,19.910583,14.736283,26.945532,34.5142,19.092085,26.944967,24.946741,21.482584,16.571943,31.427557,24.383827,20.762545,12.947239,6.2657757,10.590609,27.315096,15.533849,30.827768,27.543411,19.427628,9.469408,22.793152
1159,25.34444,30.632057,25.672384,11.754711,23.157381,8.946863,19.942163,13.0668335,12.973141,7.7299685,21.590757,12.967581,12.618437,23.152391,13.552474,23.833738,29.780685,20.137304,18.66029,18.82076,11.707356,8.53095,29.266644,26.792397,26.990732,17.56021,8.7888775,11.084526,10.127957,21.174345,27.994326,25.522049,13.748318,12.415741,20.919844
1160,18.18637,31.294012,22.6295,9.737309,36.16783,5.9804506,26.590384,11.455009,8.057502,5.197479,7.924061,16.36669,7.9875617,15.107891,19.378393,30.270105,27.19804,19.318104,25.221863,26.47767,24.899055,19.883888,29.164267,18.587475,12.132753,7.749916,10.308744,8.827849,29.874111,6.9607825,29.304993,26.077753,17.270992,9.218808,22.275965
1161,19.304485,29.279963,22.67221,12.000408,33.786434,9.097161,24.587423,10.475643,11.618992,7.445288,7.7557077,16.699318,7.299493,14.380828,20.372961,29.923046,23.822227,18.822737,21.982971,24.720036,22.448956,18.434746,27.357334,16.906801,11.1139145,7.302678,12.950363,8.321609,25.8356,5.524507,27.378843,24.552639,14.825167,8.850363,21.09501
1162,20.925236,31.205975,22.887737,6.0790606,26.472078,6.2364197,21.017256,12.943151,10.03912,7.0318236,20.264095,12.42259,12.340934,22.647047,12.93027,23.63761,31.912722,18.11424,21.168993,19.607994,13.371626,9.773915,29.418156,25.570732,26.450294,16.689184,7.2252665,11.184414,15.460817,21.122068,28.096327,25.484146,15.944727,10.394962,20.64799
1163,23.22047,28.473967,22.835228,9.176843,19.884558,20.248995,16.807373,12.50539,26.39756,15.65908,17.560959,18.016832,10.538561,22.20854,22.861101,31.658918,21.660204,16.734661,12.221037,17.43511,6.9643354,4.7746844,26.469934,19.645704,25.841263,15.770764,21.210897,14.376211,12.126132,15.682688,24.186726,23.839666,12.094501,10.174982,19.740854
1164,28.77569,28.114529,28.7138,22.492804,32.114674,15.935114,21.442684,9.432716,19.368845,9.284198,11.322842,16.89031,8.459909,15.8952875,20.707335,29.649714,21.712013,22.25818,15.465885,22.124004,16.879272,14.764653,27.14939,19.981646,13.926306,9.236432,16.879795,7.643498,12.776395,5.461992,26.843376,24.34945,8.870017,11.778482,20.94686
1165,31.737879,26.416855,31.344034,28.506077,31.147614,14.870533,21.446218,8.953919,15.696091,5.96149,7.8797874,16.426077,8.0464735,14.736638,18.058113,26.476759,20.50919,25.790789,15.7953615,21.687227,18.615725,16.224651,26.442678,23.253937,10.761082,8.749424,14.341402,7.434506,11.205478,3.389108,26.773865,24.594536,8.753831,15.027913,21.97228
1166,24.263733,25.118643,24.583385,16.227186,23.2335,24.018433,18.20639,10.002398,27.006956,18.06684,8.374898,22.284422,7.843184,16.964142,26.595987,31.823095,13.824201,19.843603,10.754196,20.134695,10.942535,9.093047,24.030605,16.653112,12.856091,10.578966,25.707228,13.333533,16.044317,3.6628752,22.272703,23.559258,10.349532,11.142306,21.528294
1167,21.89552,24.376457,22.801846,12.921285,17.699766,28.615303,17.424995,11.143692,31.464771,23.68313,7.1430755,26.400618,7.9286175,18.262337,31.058083,34.21194,9.228567,19.437277,8.603099,20.384756,8.318871,6.0706353,23.179815,15.484502,12.453808,11.818901,30.776123,17.488903,19.153587,2.783218,20.504114,24.277584,11.898832,11.550081,23.138712
1168,18.987839,30.377708,22.688229,10.190098,34.34386,7.4578676,25.071684,11.07481,9.9016695,6.4721093,9.235939,16.163427,8.287222,15.480788,19.231667,29.469812,25.910965,18.969057,22.964188,25.141487,22.461376,17.967474,28.409761,18.471546,13.11148,8.361733,11.118746,8.90576,26.333424,7.393884,28.29406,25.391628,15.688163,9.239715,21.630156
1169,23.593897,27.480495,23.753004,12.297986,29.0647,22.92443,18.844252,9.675089,28.159986,19.97954,12.49707,20.865364,8.297209,17.637804,26.934336,33.54833,17.046253,17.12816,11.673829,20.227774,11.371568,9.672093,25.6731,15.280405,17.107117,11.282571,25.557661,12.110588,14.1313,6.555714,23.992537,23.343046,9.952413,8.533873,19.955637
1170,18.873734,31.455078,21.91436,4.821483,30.144234,5.9360933,22.301977,12.434767,9.420347,7.0374246,17.39212,13.126181,11.402006,20.985037,14.423694,25.289534,31.453835,17.555025,22.26584,21.23334,15.717372,11.838119,29.422731,23.524849,23.83608,14.505775,7.952591,10.946323,19.752142,18.053278,28.320322,25.59612,16.514168,9.375335,20.843288
1171,19.735449,32.019875,22.994074,5.0281863,29.723845,3.3051686,22.967138,13.099119,5.714824,4.926225,18.235348,12.274113,12.344635,22.110098,11.535381,22.614012,33.996696,19.05573,24.265413,21.278349,16.39584,12.153766,30.315462,27.029003,24.738712,16.251162,4.669163,11.180204,19.516888,20.445738,29.30099,26.537954,17.981936,10.7101145,21.809761
1172,18.197292,32.53121,22.732538,6.2954245,35.854378,3.5626576,25.803389,12.3758335,5.556281,3.9437218,12.26862,14.2361555,10.216463,18.507572,15.201157,26.96565,32.441853,19.185976,26.291157,24.961554,22.115524,17.245834,30.405626,23.134445,18.383335,11.739481,6.718298,9.900167,27.173798,13.399802,30.028229,26.806847,18.670942,9.528123,22.427555
1173,24.991304,30.225307,26.36528,13.274936,26.833046,7.3396263,21.91639,12.342861,9.4426985,6.5974994,17.576365,13.794712,11.895533,21.094929,13.247441,22.783794,29.072857,21.772745,20.635187,21.01597,15.581298,11.938523,29.219297,27.171974,21.887947,15.7217045,7.432126,10.389173,13.640687,17.131994,28.379383,26.132095,14.53802,12.997196,22.200422
1174,22.687702,30.586124,24.654457,10.478395,30.439016,7.948329,22.111757,11.8554535,10.863364,5.70034,15.378018,13.886215,11.072575,19.858433,14.74076,25.601803,29.700874,19.722435,20.756424,21.494577,16.410885,12.738447,29.062403,24.175882,21.05734,13.568824,8.911045,9.921568,17.642826,14.551966,28.160841,25.588253,14.766595,10.953215,21.220724
1175,20.780869,29.430122,22.039824,7.8024063,25.682482,11.559731,19.73818,11.683946,16.57986,11.671863,18.162653,14.601347,10.540743,20.500843,17.878014,27.061743,25.984768,16.66258,17.45856,19.352507,12.149383,9.457774,27.429363,20.42638,23.427217,14.286319,13.356659,10.928591,14.357019,16.587229,26.063463,23.862503,13.218664,8.909649,19.4777
1176,19.88014,32.330235,23.181866,5.3632064,31.611979,4.12956,23.282309,12.822606,6.8415794,4.922212,17.301115,12.666084,12.061037,21.539589,12.638301,24.19064,33.75221,18.961826,23.958683,21.915089,16.946335,12.649985,30.547453,26.152626,24.178474,15.274708,5.675084,10.981533,20.457449,18.807821,29.548822,26.677223,17.550571,10.483242,21.813017
1177,25.96474,25.353556,25.277048,17.499094,23.811543,26.460117,17.193846,9.734667,30.661085,18.404676,9.442053,22.2154,7.3706217,17.520885,27.458069,33.399235,15.423269,19.168001,9.689742,18.799719,9.114747,8.187686,24.141428,16.020733,14.292658,10.571233,28.431873,12.453951,14.866687,4.2862663,22.220922,22.971737,9.448833,10.422224,20.413382
1178,20.892147,30.79269,23.086826,7.1009502,27.452427,6.1542025,21.48414,12.569267,9.386755,6.781215,18.53567,12.813935,11.846457,21.582575,13.2272415,23.63091,30.943768,18.574884,21.37899,20.291021,14.568646,10.8928995,29.099524,25.093803,24.388924,15.712269,7.290545,10.813189,16.369589,19.200312,27.972498,25.431053,15.798,10.533766,20.894314
1179,22.295826,30.92569,23.414179,6.7896733,14.650254,3.704185,20.103884,15.502343,7.180859,7.597244,26.717224,11.800152,14.156246,26.223402,9.632255,18.408741,33.01023,19.41386,22.255085,17.556467,10.732879,7.20565,29.369219,29.592691,29.45941,21.811686,4.078557,12.043655,10.995376,29.421276,27.784578,25.659512,17.778797,12.002865,21.369543
1180,21.863071,29.290583,24.738457,14.832165,33.302208,8.3896265,24.547132,10.729556,9.982114,5.064363,7.82968,16.118868,8.026869,15.106341,18.30929,28.27207,25.120228,20.906324,22.357876,24.499525,22.531872,18.404087,27.818241,20.089394,11.763045,8.457015,11.101206,8.348352,24.008842,6.41108,27.90984,25.211866,14.93694,10.811619,21.892076
1181,23.952381,27.750286,23.770695,11.695313,22.465723,21.538723,17.758875,11.410399,26.725327,16.809095,14.5190325,19.754694,9.650442,20.111938,24.583054,32.20709,19.09316,17.85149,11.762452,18.943148,8.888921,6.707463,26.144247,18.367199,20.730343,13.474769,22.942095,13.625076,13.880616,10.659893,24.052881,24.044262,11.1472845,10.505846,20.459257
1182,21.541985,31.697433,23.403044,6.22565,25.783611,5.807476,21.224684,13.349218,9.657848,7.295426,21.702824,12.393502,12.897352,23.449093,12.541177,23.151466,32.569275,18.593603,21.479511,19.730255,13.104236,9.440108,29.955812,26.6305,27.445099,17.649128,6.676365,11.393618,14.593547,22.552908,28.567942,25.94511,16.12051,10.839842,21.070522
1183,19.791582,29.828865,23.38258,12.942204,34.513824,8.409864,25.526932,10.732612,10.588722,6.685573,7.374619,16.941717,7.380192,14.193845,20.484516,30.229036,24.13973,19.717628,22.882313,25.76952,23.760618,19.409698,27.942743,17.423546,10.483059,7.0446763,12.380043,8.197697,26.77304,5.077632,28.133686,25.186344,15.138592,9.468306,21.798468
1184,23.385416,29.672539,23.269514,8.978505,21.73609,14.7379465,17.948133,12.633288,20.684551,11.897527,20.258135,14.914546,11.461656,22.585047,18.593224,28.501505,25.910784,17.07359,15.038508,17.711462,8.664707,6.165097,27.752043,21.907251,27.450829,16.294714,15.399981,12.443256,10.946607,18.89099,25.911165,24.154413,12.436941,10.27707,19.446556
1185,19.735008,32.108917,22.987112,4.774156,29.17969,3.1011083,22.939463,13.266867,5.512452,5.2122846,18.95601,12.217128,12.565174,22.484283,11.298522,22.204762,34.20701,19.087435,24.36821,21.136747,16.138994,11.911083,30.402266,27.363564,25.213552,16.725122,4.4456964,11.3226,19.096573,21.235502,29.349928,26.606955,18.13036,10.743706,21.884624
1186,19.35999,32.39534,22.97426,4.80507,32.275917,3.5789633,23.58341,12.778846,6.01691,4.8282733,17.01994,12.636032,12.049454,21.39484,12.413439,23.87932,33.995052,18.952715,24.444675,22.162569,17.381369,12.997944,30.601837,26.216583,23.862835,15.169105,5.266424,11.017994,21.155993,18.691278,29.65043,26.773823,17.883303,10.369383,21.953337
1187,18.28261,31.272512,22.54155,8.598774,35.252094,5.576069,25.793406,11.613588,7.624306,5.076061,9.538605,15.601712,8.783551,16.27808,17.862736,28.787756,28.386066,19.127605,24.862743,25.489414,23.244707,18.38673,29.23215,20.057554,14.287541,9.208618,9.276905,9.288596,28.086996,9.108447,29.108105,26.061066,17.326881,9.357286,22.113165
1188,24.231491,30.895493,24.94923,10.113248,16.944515,5.383646,20.502874,14.843935,8.773338,7.6421876,24.993544,12.556215,13.579305,25.051294,11.099383,20.119703,31.507332,20.504393,21.368366,18.526724,11.740813,8.27109,29.469213,28.939112,27.82871,20.39562,5.6087317,11.408581,10.426877,26.413012,28.135496,25.84024,16.355345,12.695434,21.660028
1189,27.820498,26.55442,26.620491,18.654104,26.521914,24.279858,17.201017,9.713037,29.244947,15.294997,11.929754,19.547646,8.086568,18.246412,24.65664,32.516937,19.321882,19.325384,10.538655,17.975702,9.413047,8.686755,25.2632,17.739367,17.45977,11.198092,25.521147,10.872568,11.867417,6.8567185,23.655462,22.942413,8.8708,10.355944,19.487085
1190,22.555965,31.393436,25.730497,14.1582775,34.917847,8.264362,26.092644,11.518524,10.211162,6.163502,9.87061,17.008873,8.991592,16.168587,19.454983,29.754019,26.461576,21.658209,23.343193,26.090656,23.28143,18.613966,29.855185,20.947475,13.07641,9.093149,11.421249,9.022017,25.028934,7.3653927,29.844007,26.91285,15.465032,11.298779,23.19234
1191,19.69334,29.90677,23.037693,11.335839,33.599022,8.172562,24.553644,11.002673,10.519863,5.9651804,8.758434,16.077654,8.137741,15.480575,19.056427,29.325035,25.709492,19.19715,22.532223,24.531265,22.061962,17.799004,28.029047,18.731941,13.048287,8.4345,11.485401,8.833448,25.592695,7.292155,27.917173,25.101084,15.469306,9.469938,21.417551
1192,18.295767,30.643509,22.321844,8.61313,33.964333,5.9468412,25.045218,11.470356,7.9870505,5.523194,9.878416,15.417705,8.830894,16.38412,17.5378,28.029688,27.723888,18.917252,24.026344,24.687456,22.190924,17.548477,28.707926,20.036371,14.497461,9.47116,9.394918,9.3791275,26.79004,9.412024,28.493551,25.651634,16.879675,9.392937,21.781424
1193,30.155602,26.261963,29.129026,24.364666,28.91963,18.462982,18.869444,9.219414,21.524328,8.356832,10.13708,16.443956,7.993309,16.491594,19.542217,28.513475,21.526829,22.404112,13.522666,18.856226,14.05602,12.743071,25.602398,20.963776,14.611419,9.848341,18.444174,8.109126,10.90122,5.9681945,25.095139,23.169937,8.749648,12.391955,19.900497
1194,19.740364,31.926483,22.748787,4.833154,28.636194,3.6759326,22.513563,13.186579,6.5188413,5.29024,18.95891,12.174875,12.403549,22.354471,11.726014,22.817083,33.750908,18.656277,23.679058,20.844177,15.632251,11.472075,30.173588,26.676731,25.351597,16.430265,5.019573,11.203425,18.819216,20.948221,29.055029,26.303543,17.677498,10.542194,21.484467
1195,22.442669,30.870117,23.063457,6.516868,20.98945,8.776002,18.92425,13.76193,14.046028,8.674804,23.60138,12.442191,12.997307,24.61462,13.571179,24.0893,31.112823,17.562738,18.68301,17.334711,9.6306715,6.5727487,29.028513,25.844887,30.034779,18.80197,9.092392,12.151001,11.122533,24.35811,27.261312,24.949017,15.050914,10.664985,19.898676
1196,18.963417,33.682594,23.193123,3.9130273,34.957172,2.964746,24.857485,13.11276,5.373833,4.4184365,16.757421,12.948866,12.200048,21.66647,12.822854,24.97775,35.747036,19.192297,26.092918,23.364594,18.906292,14.247132,31.683388,26.619621,24.104782,15.107701,5.0961866,11.2408085,23.654602,18.75878,30.789726,27.647966,19.06456,10.140741,22.625435
1197,19.458595,32.661087,23.000706,4.8525047,32.575584,4.0420246,23.64213,12.848661,6.841042,4.909492,17.076708,12.804392,11.974133,21.428446,12.999295,24.769423,34.10074,18.775202,24.348804,22.298815,17.442898,13.07296,30.754515,25.791344,24.050018,14.98919,5.8599734,10.964811,21.485838,18.521189,29.77318,26.800009,17.835224,10.15242,21.868258
1198,23.647184,25.686977,23.825306,13.84041,21.842756,26.70274,17.94022,10.406252,30.494577,22.072191,9.591253,24.246115,8.008444,18.063673,29.4407,33.89048,12.773242,18.878706,9.708191,20.108194,9.209221,7.3228936,24.521873,15.758345,13.894367,11.347693,29.112041,14.91276,17.067862,4.196583,22.231752,24.084652,10.700637,10.843258,21.856333
1199,28.837952,27.678493,29.254078,23.281786,32.12209,12.101248,21.65752,9.904127,13.443498,2.7076197,8.061108,14.797023,8.326098,16.442883,15.659288,26.3861,26.058205,23.841032,19.18175,21.185026,19.245731,16.71731,26.940224,24.23868,13.909835,10.225365,11.852853,7.5734124,15.829598,7.1683493,26.988516,24.45519,12.423471,13.208226,21.266588
1200,19.342335,32.647972,22.736475,4.405155,31.998821,4.3516583,23.260866,12.901583,7.4777884,5.2091055,17.644203,12.672319,12.050392,21.71414,13.092341,24.926664,34.111626,18.380255,23.95099,21.87604,16.755085,12.470874,30.688957,25.59271,24.79097,15.197888,6.1431074,11.09561,21.001423,19.06742,29.617502,26.641777,17.68779,9.973714,21.592737
1201,21.841019,31.484493,23.864147,7.190749,26.776228,5.4636374,21.651276,13.090484,8.696328,6.517964,20.269445,12.518079,12.676651,22.738134,12.2960615,22.870811,32.252766,19.256237,21.819159,20.27278,14.107957,10.3008795,29.91373,26.898663,25.996784,17.037142,6.217857,11.137865,15.260462,21.142046,28.684511,26.109877,16.11044,11.278119,21.413397
1202,29.09113,26.243366,28.03036,21.869642,28.096472,19.847652,18.189058,9.3338995,23.369686,10.329964,10.745809,17.15405,8.120356,17.177114,20.56965,29.233004,21.195415,21.20944,12.760297,18.300604,12.481379,11.302417,25.416178,20.23301,15.735471,10.492285,20.11632,9.048735,11.295564,6.6149907,24.524015,23.003643,9.066839,11.694628,19.639122
1203,20.15129,31.472126,22.667133,5.3496056,27.318167,4.9899616,21.756214,13.027028,8.328814,6.7573442,19.904316,12.414407,12.359281,22.4665,12.5189295,23.11269,32.430832,18.295603,22.285858,20.277895,14.399819,10.553744,29.670868,25.863691,25.832775,16.601269,6.279186,11.203068,16.84924,21.11458,28.444944,25.806234,16.674845,10.353225,21.065851
1204,17.822594,31.198019,22.052372,7.11981,34.307037,5.1078463,25.06764,11.746067,7.273964,5.3654504,11.124088,14.914736,9.395395,17.16961,16.740953,27.535706,29.183031,18.600466,24.489716,24.59949,21.661407,16.983253,29.155375,20.78435,16.134365,10.305152,8.518606,9.625666,26.662352,11.0220785,28.809515,25.885794,17.316364,9.174639,21.810127
1205,22.348522,30.894588,23.417683,6.9304895,15.082088,4.017909,20.061987,15.338329,7.6144414,7.6564,26.423666,11.871615,14.040796,25.95904,9.977266,18.852518,32.672997,19.321032,21.931107,17.665445,10.718371,7.1908183,29.336435,29.199125,29.277796,21.444365,4.417148,11.955507,10.985597,28.821898,27.75644,25.608898,17.431622,11.958186,21.27937
1206,21.974152,30.903595,23.041618,6.5971117,16.002874,4.8466206,19.864754,15.085993,8.916042,7.777786,25.638685,11.9980545,13.704617,25.602951,10.916228,20.240503,32.259785,18.761736,21.350582,17.789654,10.544311,7.06091,29.209614,28.222765,29.37083,20.76662,5.3561063,12.021566,11.546533,27.849344,27.57383,25.43063,17.038944,11.590223,20.969887
1207,19.159147,33.11383,23.156704,4.456708,34.014534,3.179677,24.393473,12.955019,5.5193048,4.332232,16.520636,12.824666,12.045262,21.45377,12.608903,24.54733,35.088028,19.168806,25.566483,22.914984,18.515167,13.966678,31.202185,26.490126,23.771507,15.041367,5.1169963,11.088566,22.880453,18.545918,30.318903,27.273342,18.689793,10.252594,22.36099
1208,26.979307,26.93721,26.859118,19.432295,28.386766,19.11919,20.024641,9.477585,22.398046,13.738033,10.8523855,19.004616,8.286243,16.25603,23.136982,30.178743,18.165903,20.883976,13.377585,21.016026,14.233872,12.143239,26.070482,18.445692,13.51232,9.781762,20.605268,9.807699,13.513297,5.059894,25.178522,23.989868,9.145815,11.57156,20.92365
1209,23.223911,27.32796,23.167557,11.265188,27.88378,22.886269,18.09392,9.805598,28.492792,19.756624,13.280809,20.350365,8.416878,18.139435,26.407562,33.284954,17.627577,16.405003,11.286214,19.320444,10.167993,8.59183,25.44489,15.2648115,18.414532,11.762211,25.418291,12.206791,13.585765,7.738281,23.62198,22.954706,9.987331,8.257585,19.383154
1210,23.227905,29.824467,23.044897,9.402088,19.370867,13.903979,17.782375,13.353302,20.327986,10.164419,20.652037,14.222841,11.433984,23.110535,18.155437,28.8027,26.69985,17.037527,15.562751,17.570585,8.532384,6.003508,27.692465,22.197319,28.662834,16.735228,14.419518,12.463249,11.129782,20.5145,25.892904,24.028217,12.901653,10.433073,19.289946
1211,19.059666,31.84704,22.281166,4.247994,28.860483,3.6328337,22.59044,13.094131,6.4876223,5.745034,18.794662,12.270573,12.236102,22.12978,12.026032,22.930098,33.451576,18.321096,23.727821,20.933348,15.77303,11.614343,30.013817,26.090324,25.05864,16.150312,5.243244,11.229599,19.331362,20.7083,28.906296,26.172085,17.752388,10.176446,21.398672
1212,18.697554,32.215073,22.284836,4.094247,31.896276,3.9002943,23.247534,12.660393,6.787628,5.3937,17.287525,12.598187,11.857748,21.179527,12.9606,24.373701,33.42915,18.1807,23.853886,21.951735,16.879398,12.565346,30.289585,25.104069,23.971592,14.803486,5.845557,10.92325,21.090725,18.534101,29.278252,26.37196,17.483978,9.788194,21.481262
1213,27.917738,28.063759,28.606174,21.33383,31.776922,10.886236,21.892998,10.205938,12.178579,2.7658858,8.867096,14.614307,8.80978,16.811905,15.157775,25.880686,26.451477,23.444405,19.66364,21.48273,19.19519,16.277052,27.297136,24.582859,14.658192,10.772986,10.687359,7.95448,16.184172,8.106991,27.256157,24.74887,12.905235,13.216343,21.44047
1214,22.039051,27.387726,22.064623,8.802551,18.81085,22.536674,16.45421,12.450346,28.31467,18.10578,15.335844,19.819223,9.949079,21.697384,24.986784,32.66689,18.296986,16.689053,11.11526,17.673956,6.7918863,4.6196876,25.214739,18.294184,24.329742,15.664648,23.689756,15.859012,13.005073,13.782348,22.796888,23.541916,12.469869,9.970857,20.244612
1215,20.621496,30.920122,23.643694,9.36832,32.54337,6.6351843,23.732973,11.827253,9.066169,5.0169454,12.690321,14.502211,10.116621,18.397488,15.765937,26.808577,29.524557,19.428642,22.843262,23.177681,19.512333,15.27761,29.157087,22.636684,18.240152,11.817823,8.719434,9.689106,22.507275,12.402001,28.590134,25.805523,16.207039,10.241624,21.605764
1216,23.875294,30.40787,24.80022,10.848781,22.532454,7.639188,20.750446,13.1266575,11.220776,8.060917,21.118486,13.385567,12.385431,22.439056,13.673247,23.0457,29.187672,19.932623,19.686844,19.825579,12.785887,9.441957,28.998827,25.930489,24.792625,16.98518,8.1985035,10.645312,12.110054,20.474733,27.767796,25.48695,14.244929,11.952397,21.263506
1217,31.00985,28.875664,30.772993,23.604214,31.475302,13.165794,21.679995,10.285353,15.118361,5.714437,12.335007,15.54616,10.029341,17.74918,16.705082,26.664001,24.932732,24.729708,16.928635,21.642971,17.111,14.158039,28.550583,25.458221,16.489977,11.550785,12.359434,8.639574,11.198711,8.329293,28.319195,25.832062,10.267244,14.732941,22.237196
1218,22.664495,30.661572,22.842875,8.145814,12.337515,8.134725,18.70571,15.613842,13.904526,8.92007,25.876009,12.851786,12.987696,25.756157,13.946291,23.695951,30.031136,18.033611,19.178452,17.18009,8.742512,5.6177397,28.608538,26.010708,30.548634,20.516535,8.878742,12.509513,10.587097,27.748669,26.831444,24.816727,15.987679,11.417028,20.304956
1219,18.602707,32.28383,22.598814,5.340207,33.82846,4.3006263,24.371042,12.484608,6.779097,4.9823017,14.710022,13.66691,11.060609,19.87178,14.36158,25.849316,32.6793,18.685978,24.71721,23.349215,19.275154,14.7850485,30.271587,23.964985,20.99023,13.219559,6.793088,10.474033,24.060728,15.621886,29.506407,26.557964,17.947586,9.610086,21.941021
1220,18.66539,32.374462,22.55979,4.539897,33.008377,3.4372582,23.90489,12.683491,5.8635106,4.594953,16.065712,12.781361,11.619341,20.840137,12.858467,24.457863,33.880417,18.663485,24.864002,22.540087,18.184937,13.7398615,30.4504,25.407755,22.974487,14.467384,5.497969,10.805761,22.603811,17.844603,29.591425,26.62823,18.17606,9.923568,21.854471
1221,19.481598,31.596584,22.431568,4.133003,25.596746,2.513016,22.06383,13.7394495,5.043219,5.544846,20.835653,11.664106,12.939894,23.423086,10.172253,20.513197,34.301743,18.704943,24.161774,19.8746,14.720168,10.682485,29.894041,27.932854,26.401161,18.08141,3.6448317,11.516093,17.388056,23.724138,28.70305,26.108225,18.420454,10.683772,21.47854
1222,23.764683,29.613167,23.631977,10.075116,24.144056,16.324083,18.523588,11.9099865,22.397505,14.023109,19.178526,16.143492,10.747238,21.493359,20.628937,29.891092,24.287432,17.101332,14.606145,18.655382,9.646991,7.3677545,27.640738,20.291187,25.407314,15.1814785,17.63315,11.944317,11.250766,16.471949,25.923532,24.077679,11.650782,9.736275,19.554419
1223,19.453983,31.571138,22.26012,4.0330167,25.878675,3.2394702,21.82209,13.5281315,6.187923,6.183206,20.959826,11.800229,12.851437,23.244728,10.90624,21.303823,33.67507,18.322687,23.378761,19.864927,14.285694,10.300624,29.816338,27.150167,26.574085,17.713837,4.44746,11.497037,17.007498,23.188519,28.554821,25.96095,17.784588,10.456115,21.237597
1224,20.292957,31.516726,23.987484,9.626331,34.35886,4.913292,25.255621,12.005333,6.6230817,3.9559011,11.436205,14.671147,9.92359,17.852097,15.492363,26.691074,30.352993,20.246706,24.937813,24.59225,21.96894,17.26221,29.760746,23.243393,16.86764,11.413675,7.463441,9.490724,24.91797,11.868081,29.51396,26.489063,17.41046,10.57123,22.441729
1225,24.190327,29.811928,24.335054,11.539456,25.307598,13.555717,19.554117,11.743902,19.014708,11.832973,19.227491,15.121296,10.919577,20.861076,18.793793,28.212177,25.342682,18.098328,15.988698,19.557196,11.429162,8.905595,28.03674,21.192196,24.139465,14.621468,14.704419,10.650019,11.236425,16.221884,26.672926,24.35264,11.49871,10.240981,19.889269
1226,24.01656,26.773819,23.262644,11.989445,23.712639,23.409859,16.51259,10.473431,29.28988,18.287418,14.236301,19.544641,8.6327715,19.555706,25.112144,32.588047,18.59739,16.504187,10.608092,17.46123,7.7521973,6.53737,24.866259,16.545284,20.956203,13.262981,25.22525,12.729696,11.961505,10.40704,22.836462,22.47245,10.315531,8.917547,18.920614
1227,19.282492,31.497295,21.945648,4.08631,26.281595,4.5811377,21.567621,13.300455,8.06195,7.0840006,20.645231,12.209393,12.448584,22.957253,12.270715,22.736025,32.865925,17.743044,22.633886,19.860556,13.992161,10.197643,29.559683,25.811165,26.564474,17.128395,6.0630846,11.480301,17.120537,22.418243,28.256382,25.638664,17.270607,9.930208,20.867926
1228,22.578735,28.220781,24.922695,16.301636,32.530247,9.454027,23.31521,10.316569,11.087175,4.1175566,7.016299,15.498093,7.5275507,14.9952,17.57156,27.721937,25.208416,20.792727,21.513535,22.958477,21.525322,18.068254,26.796919,20.063179,11.752891,8.363217,11.661229,7.8812423,22.756529,6.3097343,26.89241,24.241104,14.513519,10.583883,21.017015
1229,19.988379,30.311596,23.521275,10.672687,33.50124,5.4944715,24.743305,11.502967,7.0067987,3.5995436,9.43924,14.795132,9.012009,16.645555,15.898641,26.796652,28.576859,19.98414,24.298632,24.203707,22.302126,17.726665,28.617544,21.939901,14.825804,10.259959,8.096767,9.046721,25.283659,9.989887,28.51631,25.633904,16.984802,10.393559,21.87963
1230,21.972273,30.769243,22.860304,6.458439,10.785728,3.8472345,19.559038,16.269798,7.8698583,8.126187,28.088757,11.902092,14.256484,26.90172,9.94657,18.44355,32.490913,19.005978,21.89788,16.965342,9.62719,6.124539,29.069937,29.266125,30.345276,22.630709,4.394175,12.4518795,10.490367,31.106943,27.350245,25.402138,18.060389,11.944454,21.185623
1231,19.722755,31.232595,22.308844,4.249058,23.735693,2.8402195,21.41624,13.832846,5.622399,6.1475906,21.875849,11.546806,13.113371,23.791515,10.045022,20.03559,33.749996,18.507607,23.40062,19.2078,13.658036,9.774454,29.563078,27.909744,26.99701,18.606297,3.7924826,11.581921,15.875492,24.553543,28.262325,25.789154,18.006428,10.73207,21.198715
1232,21.603924,31.167189,23.075016,5.8772874,19.96437,4.6896067,20.340117,14.377691,8.458472,7.6319113,24.485338,11.876431,13.612947,25.091959,10.811078,20.476263,32.919712,18.691893,21.695116,18.268673,11.440543,7.910517,29.511497,28.239758,28.946793,20.007786,5.1922483,11.8754835,12.467762,26.473387,27.927263,25.644938,16.994598,11.282837,21.025122
1233,24.139788,26.483234,24.46662,16.0717,28.117636,20.328136,19.2903,9.580669,24.097563,13.768029,8.910977,19.460379,7.13595,16.262623,24.104961,31.711035,19.344131,18.639658,14.019168,20.028177,13.588803,11.99874,25.012136,16.245352,13.45875,9.250928,22.814457,10.105417,17.828712,4.97584,23.858957,22.901266,10.981011,9.409551,19.818762
1234,19.217846,31.379154,23.10473,10.715897,36.17273,8.356775,26.27389,11.058931,11.471803,8.4005165,9.661839,17.308954,8.07244,14.897138,21.623106,31.66023,25.052128,19.037224,23.016281,26.771955,23.446102,18.89391,29.211967,16.862381,12.133968,7.357301,12.931684,8.528195,27.218369,5.9496136,29.197521,25.964283,15.031017,8.767815,22.108614
1235,18.549417,32.7544,22.485428,3.5649989,32.77183,2.981365,23.80324,12.936804,5.495097,4.7188163,17.246258,12.422777,12.1171665,21.646084,12.232717,23.91274,34.838367,18.57136,25.09279,22.227846,17.533136,13.078373,30.833536,26.252905,24.439434,15.324846,4.908037,11.204165,22.061045,19.391563,29.864946,26.887215,18.48383,10.003958,21.938486
1236,26.266815,27.984673,27.59642,20.81929,33.039257,10.883054,22.721441,10.030744,12.254845,2.9718876,6.956936,15.192046,7.733504,15.535003,16.640226,27.260443,25.865456,22.744379,20.687761,22.237062,21.02679,18.091991,26.91129,22.364853,12.445639,9.139802,11.852406,7.4956155,19.488932,6.36682,27.103731,24.399021,13.591854,12.059134,21.258108
1237,25.211536,30.123154,26.789871,15.724961,32.453663,9.35924,23.317339,10.974658,11.765541,6.095366,12.779053,15.43548,10.086935,17.406988,17.089325,27.287554,26.139238,21.734774,19.832062,23.580366,18.939888,15.01426,28.974081,22.906631,16.472837,11.131735,10.485087,8.826429,17.237257,9.423789,28.602625,25.917057,12.72229,12.192495,22.07372
1238,26.590578,26.802725,25.118622,15.111967,25.860918,27.069098,16.108522,9.9370985,33.17051,18.742815,13.143206,20.631407,8.109186,19.424019,26.83178,34.512924,18.840115,17.28945,9.321523,17.019915,7.0326443,6.649911,25.053835,16.318756,20.178778,12.4530945,28.849892,12.318428,11.6279545,8.382059,22.948523,22.54787,9.2302,9.069441,18.845984
1239,18.281017,32.71627,22.341534,3.8590407,33.46825,3.374094,24.11727,12.762008,5.9791093,4.95241,16.416452,12.870535,11.700579,20.95204,13.180947,24.850119,34.11447,18.429476,25.018377,22.786474,18.230465,13.727735,30.694918,25.154392,23.280851,14.438799,5.661968,10.921437,23.05671,18.012564,29.799603,26.779018,18.291431,9.672162,21.911192
1240,21.571909,24.256842,22.617985,12.4398575,16.627726,29.743755,17.355595,11.399784,32.468803,24.972483,6.759263,27.45367,7.9638944,18.558132,32.106373,34.774265,8.2066345,19.576487,8.179198,20.561424,7.8405466,5.5004807,23.069754,15.387376,12.215656,12.104271,31.99386,18.462208,19.928453,2.4343865,20.192421,24.563797,12.278831,11.775152,23.662775
1241,23.532475,29.633396,25.287758,12.997149,26.99935,8.20538,22.27643,11.97909,10.510551,7.6940827,15.886066,14.867095,10.931004,19.505299,15.355861,24.131332,26.933315,20.934671,20.281689,21.768547,16.459936,12.896972,28.445501,24.237152,18.895193,13.808677,9.339838,9.889275,15.927977,14.351781,27.676695,25.578796,14.124573,11.9198475,21.946074
1242,22.31113,30.988115,23.89669,8.138347,26.620401,7.089653,20.965483,12.769939,10.68792,6.564091,19.424711,12.71446,12.199558,22.316677,13.14539,23.954466,31.336708,18.92053,20.671001,19.728733,13.5966625,10.0598955,29.373373,25.86713,25.670898,16.359331,7.6861224,10.937113,14.840993,19.945578,28.124708,25.564323,15.377605,11.046205,20.831358
1243,18.69072,31.575043,22.831863,7.7894173,34.598892,4.5448103,25.331812,11.995407,6.439944,4.2920604,11.283932,14.636637,9.716015,17.643444,15.83838,27.052763,30.391167,19.315626,25.180948,24.683971,22.021278,17.246004,29.622429,22.197838,16.726616,10.9508095,7.5912457,9.615278,26.439768,11.779328,29.316032,26.29132,17.772858,9.742754,22.166937
1244,25.508413,28.942291,25.451612,14.343935,29.988262,16.943005,19.942516,10.106621,22.010567,13.766546,15.435532,17.181517,9.609104,18.37439,21.754292,30.441988,22.061008,18.640131,14.273396,20.655481,13.017708,10.747132,27.393908,18.864899,19.534555,11.988455,18.447104,9.9061775,11.899282,9.993849,26.214418,24.077816,9.757433,9.985064,19.979239
1245,26.835754,27.37867,27.822792,22.234884,32.892235,12.868379,22.065845,9.601129,14.572411,3.9458995,6.6230345,15.535966,7.19496,15.179377,17.69832,27.992357,24.781351,22.638113,19.374554,21.557718,20.244513,17.867092,26.300985,21.24683,11.809513,8.41089,13.862812,7.26557,18.674694,5.29748,26.46608,23.846548,12.602451,11.658909,20.786463
1246,18.774536,30.61007,22.925644,10.762475,35.11002,6.081257,26.061338,11.327539,7.7841887,4.5934753,7.4228053,16.106598,7.9092717,15.060352,18.622845,29.32514,26.888103,19.685316,24.924625,25.80391,24.586256,19.698458,28.680868,19.23166,11.854372,7.995149,9.968668,8.755968,28.912077,7.0042577,28.844221,25.779554,17.175695,9.6689825,22.136446
1247,20.525608,29.46617,22.02922,8.216058,28.60774,12.861887,20.327532,11.002188,18.007196,12.366064,16.081575,15.55341,9.828236,19.045094,19.857985,29.097383,24.63017,16.454227,16.988853,20.460188,13.307909,10.592223,27.409452,18.510803,21.253061,12.366625,15.175696,10.587065,16.15261,13.222771,26.148825,23.894178,12.494415,8.389634,19.514212
1248,27.579113,29.769539,27.320377,15.615892,24.896914,9.736238,19.650297,12.149851,13.284472,6.3113456,19.634169,12.7383995,12.010267,21.796246,13.226287,23.691822,28.872307,21.38944,17.54438,18.516027,12.276472,9.24525,28.864923,27.051884,25.163073,16.171452,8.907016,10.190693,8.352436,18.431223,27.965267,25.218826,12.193666,13.40792,20.72458
1249,21.70953,31.31513,23.148714,5.6603975,18.664446,4.2736373,20.318022,14.775449,7.9892344,7.7123866,25.488592,11.803807,13.965319,25.69674,10.340907,19.808908,33.363285,18.859188,21.981304,18.036863,11.112002,7.548908,29.688158,28.902328,29.52649,20.7628,4.7344527,12.092148,12.112067,27.721712,28.047129,25.812714,17.394169,11.479451,21.199265
1250,17.683687,32.394817,22.33441,5.9205494,35.77235,3.7517588,25.803518,12.291088,5.7855678,4.388013,12.028302,14.44842,10.030074,18.23205,15.677079,27.238214,31.898476,18.883657,26.137459,25.032148,22.147358,17.265656,30.225866,22.451889,17.919502,11.368317,7.1555614,9.945524,27.663948,12.95733,29.84345,26.677494,18.610062,9.262387,22.33732
1251,18.563538,32.332592,22.11941,3.5834146,31.168129,3.9505033,23.096449,12.854229,6.983506,5.918073,18.087986,12.575825,12.068795,21.678339,12.931508,24.20687,33.58779,18.032274,23.828186,21.679628,16.391209,12.1187105,30.377758,25.296616,24.720646,15.307606,5.900571,11.221422,20.734673,19.471188,29.280205,26.425087,17.657665,9.747776,21.485163
1252,23.487593,30.43551,24.979105,10.349998,22.43941,5.3505087,21.425867,13.54892,7.696053,6.7513328,20.81811,12.849462,12.689846,23.061153,11.385936,20.486952,31.021385,20.830404,21.9857,19.75997,14.065537,10.530005,29.179462,28.331612,24.69933,18.210535,5.624097,10.941626,13.031883,22.244291,28.108969,25.89469,16.245531,12.441726,21.932066
1253,18.280113,32.506077,22.180546,3.915388,32.75824,3.726162,23.795864,12.751743,6.504469,5.146166,16.491022,12.859799,11.616115,20.967905,13.345946,24.963715,33.744072,18.22041,24.638687,22.469946,17.840166,13.415415,30.47847,24.868687,23.389288,14.426619,5.9794264,10.944106,22.720173,18.077604,29.547318,26.568348,18.114134,9.609877,21.692537
1254,23.002762,29.548477,22.604172,8.231846,18.418917,15.515945,17.149483,13.346672,22.05496,12.459265,21.268618,15.060652,11.496892,23.451374,19.148836,29.038036,25.629253,16.44718,14.539048,16.856298,7.2195597,4.8177614,27.425901,21.634703,29.007668,17.22118,16.292892,13.197714,10.5862665,20.690022,25.395857,23.859066,12.835686,10.168406,19.149176
1255,23.554024,29.398563,23.216724,9.629216,20.67386,16.122515,17.527227,12.760972,22.399534,12.034125,19.51299,15.39163,11.06067,22.498238,19.696661,29.7456,25.071262,16.93336,14.354741,17.539484,8.25477,5.8887634,27.360582,21.211483,27.39677,16.069118,16.804276,12.721177,11.176003,18.372717,25.465937,23.904434,12.269153,10.259664,19.287859
1256,18.363155,30.969442,22.409279,8.723337,34.630783,6.442169,25.32702,11.446865,8.807953,6.1168284,10.022348,15.791542,8.757144,16.226425,18.448414,28.980389,27.43071,18.831617,23.858185,25.184004,22.39049,17.757393,28.922625,19.362186,14.349613,9.103189,10.14477,9.283656,27.023222,8.886792,28.714977,25.775467,16.558437,9.164276,21.852987
1257,20.587185,30.612312,22.661186,7.2141733,28.594755,8.055626,21.291628,12.029194,12.03746,8.222264,17.815977,13.51717,11.222382,20.653576,15.402427,25.706985,29.282694,17.741535,20.07442,20.58032,14.363626,10.956454,28.731077,22.724874,23.493881,14.32785,9.652046,10.55828,16.617603,17.096153,27.587252,24.989498,14.615608,9.6598835,20.38812
1258,20.311253,32.103004,23.711273,6.457419,32.340927,3.9717402,23.670664,12.631388,6.084796,4.479888,16.193077,12.894713,11.864635,21.040266,12.467134,23.809988,33.4621,19.663565,24.347343,22.35943,17.856365,13.529696,30.44473,26.511345,22.909834,14.963926,5.4063354,10.773869,20.788595,17.80277,29.604254,26.78642,17.622375,10.865547,22.167955
1259,20.485626,23.481691,21.57354,11.165394,14.647408,29.537924,16.857893,11.256995,32.021507,25.778452,6.5500326,27.694258,7.8062096,18.255495,32.096638,33.978672,7.008902,18.97341,7.636111,20.187094,7.0148582,4.564465,22.477465,14.818029,11.306871,11.923092,31.998634,18.72148,20.394392,2.1008968,19.455578,24.227465,12.218391,11.772319,23.470627
1260,21.603367,30.964764,23.222553,6.456589,22.213385,4.738511,20.618563,13.785913,8.171711,6.8050275,22.602072,11.861619,13.128874,24.033583,10.93798,20.940807,32.58926,18.814554,21.748142,18.724384,12.428735,8.839846,29.369696,27.711277,27.609142,18.816141,5.2455716,11.413267,13.356878,24.429281,27.967882,25.54957,16.6553,11.261149,20.944712
1261,19.381245,32.22028,23.308136,6.5732727,34.20752,3.9320695,24.69655,12.420839,5.9727054,4.2355413,14.124446,13.662002,11.029606,19.619156,13.916083,25.42304,32.73509,19.454004,25.089516,23.699972,19.992188,15.409391,30.348085,24.666798,20.313908,13.194454,6.1941214,10.214937,23.887285,15.166127,29.725895,26.738499,17.947193,10.170046,22.269943
1262,27.061487,27.045227,26.669683,17.898201,26.869663,16.14508,18.555998,10.102605,19.520851,9.923056,13.086204,15.874373,9.383285,18.374369,18.33554,27.246834,22.425915,20.582989,14.1335335,18.583044,12.510919,10.459435,26.112179,21.808598,18.54044,12.334307,16.121796,10.033476,10.939202,10.036145,25.130127,23.552425,10.37488,11.950176,19.962154
1263,18.562067,32.511627,22.329676,3.7842898,32.268116,3.5449817,23.552027,12.809166,6.3154836,5.249714,17.3109,12.60652,11.959936,21.382158,12.803062,24.317812,33.98314,18.316725,24.403662,22.130642,17.217896,12.80956,30.574467,25.485563,24.13935,14.976625,5.559795,11.077716,21.680765,18.872606,29.573347,26.63727,17.953098,9.849907,21.70853
1264,26.39087,29.714931,27.131145,15.252337,29.21086,9.368763,21.078323,11.380667,11.985571,5.716535,15.983161,13.626028,11.348132,19.985254,13.9800825,24.43193,28.30909,21.673903,18.629128,20.45533,15.100577,11.783883,28.823637,26.032913,21.267086,14.100159,8.988998,9.709368,12.54525,14.223212,28.038984,25.573479,12.704792,12.909206,21.369677
1265,24.222141,31.11761,24.978966,9.921345,23.52917,7.6813965,20.428398,13.333746,11.749565,7.4141564,22.02466,12.717063,12.860756,23.490765,13.03236,23.452696,31.030518,19.663359,19.795216,19.190153,12.100278,8.768485,29.6222,26.980791,27.327805,17.853178,7.8131404,11.0779,11.523924,22.076387,28.26272,25.740513,14.625114,11.9375,21.03219
1266,19.61087,31.998734,23.028944,5.2834387,31.27817,3.613298,23.252577,12.750125,5.944695,4.7616525,17.044107,12.517847,12.015682,21.391205,12.101017,23.34751,33.602505,19.057116,24.17012,21.796127,17.050043,12.746287,30.288877,26.384218,23.760265,15.339607,5.1109247,10.963564,20.414524,18.861292,29.347818,26.55429,17.705336,10.580234,21.83728
1267,20.447792,31.713179,23.014252,5.7749414,28.69401,5.3041925,22.044798,12.89702,8.621098,6.1030316,18.9121,12.562014,12.211582,22.11824,12.846463,23.928427,32.652893,18.50471,22.379076,20.66646,14.975659,11.0353365,29.940191,25.780657,25.35638,15.985772,6.5562,11.095745,17.769396,19.991116,28.757711,26.043076,16.63698,10.468899,21.187271
1268,25.9926,26.087126,25.91452,19.070536,28.317099,20.936157,19.168982,9.328618,24.166212,12.574879,7.992424,19.388165,6.954769,16.12155,23.551144,31.255484,19.491825,19.957403,13.848791,19.848864,13.836576,12.495479,24.871988,17.336672,12.656959,9.101017,22.842764,9.662958,16.958761,4.254184,23.844774,22.941885,10.560938,10.2944565,20.0613
1269,18.63683,30.343449,22.09615,7.978302,32.806892,7.4171104,23.685474,11.3230095,10.245415,7.2300935,11.972666,15.1990185,9.324438,17.265991,17.68756,27.822273,27.348122,18.108406,22.125969,23.414984,19.554924,15.476165,28.362432,19.796623,16.613039,10.407181,10.50289,9.649189,23.720617,10.759846,27.810287,25.137917,15.693168,8.957168,21.091154
1270,23.961031,30.675602,24.797031,9.454862,22.64044,6.749775,20.028257,13.413863,10.313723,6.7396293,21.998629,12.142094,13.041281,23.882492,11.549799,21.88621,31.538845,19.79727,20.124287,18.34566,11.917882,8.515602,29.331434,28.15625,27.695217,18.583857,6.4739695,11.425671,11.15366,23.098766,27.971636,25.596642,15.348591,12.238882,20.952345
1271,19.083946,32.9595,22.773033,4.4161015,33.333145,4.379938,23.896755,12.873749,7.4185185,5.1460013,16.822805,13.093264,11.813059,21.301338,13.741036,25.725266,34.16416,18.474125,24.505644,22.621693,17.810713,13.4094925,30.902264,25.122622,23.903633,14.596613,6.4958825,10.993827,22.50683,18.071695,29.916483,26.858414,18.01244,9.753994,21.841341
1272,19.75824,31.743982,23.366928,7.0011315,33.072105,4.350521,24.102903,12.298267,6.4617743,4.636155,14.603916,13.571226,11.124149,19.661396,13.761112,24.91502,32.017075,19.41966,24.18956,23.160788,19.09232,14.663376,29.980927,24.631073,20.441816,13.373783,6.355396,10.162962,22.422956,15.262008,29.287266,26.441092,17.286469,10.32069,22.034702
1273,27.26773,27.669594,27.956451,21.29973,31.677689,12.063389,21.509047,9.976232,13.866224,3.371873,8.3865,14.830807,8.162401,16.302752,16.268032,26.885475,25.80001,22.626072,19.028633,21.066063,18.84062,16.30403,26.70402,22.827496,14.013201,9.849956,12.34599,7.6534696,16.807154,7.2847104,26.64348,24.097904,12.494234,12.220464,20.7936
1274,30.167723,27.090818,30.058321,25.58904,32.442547,13.690962,20.993834,9.454159,15.255531,2.5667152,7.5002823,14.723284,7.8565483,16.165163,15.945007,26.778238,25.733938,24.152443,18.201292,20.422895,18.76828,16.831764,26.386015,23.953035,13.610415,9.819096,13.153149,7.0426097,14.471224,6.385656,26.49801,23.898813,11.548577,13.130873,20.791967
1275,29.245255,27.669552,29.376942,22.723284,31.310148,11.68204,21.174747,10.007681,12.9769745,2.610693,9.173105,14.366558,8.984044,17.115992,14.701169,25.409414,26.309834,23.90127,18.670053,20.745836,18.204752,15.532179,27.113033,25.420845,15.331787,11.209755,10.778376,7.9827404,13.989868,8.315959,27.033014,24.595486,12.130106,13.797071,21.290594
1276,24.328093,28.043098,26.14108,18.52542,32.69783,10.601146,22.8841,10.141044,12.271362,3.828267,7.0102572,15.424534,7.518081,15.253066,17.410568,27.751757,25.415472,21.58186,20.882362,22.410707,21.055904,17.9926,26.754143,20.829094,12.063745,8.586495,12.274808,7.681496,21.184961,6.233821,26.86659,24.197742,13.943302,11.078719,20.99111
1277,21.161457,28.599655,23.613562,14.392743,32.85688,12.858175,23.427088,10.036228,15.907159,9.579715,7.7991242,17.755753,6.9495497,14.487706,22.160551,31.11674,22.191612,19.024336,19.738026,23.801659,20.468513,17.331059,26.77828,16.07597,10.953541,7.190551,16.522848,8.367996,23.747097,4.514739,26.571554,24.09674,13.323075,8.818483,20.774221
1278,22.674461,30.96357,23.914375,7.641114,20.209215,4.8967085,20.534277,14.175003,8.303419,7.2158875,23.82474,12.073848,13.488904,24.562744,10.80977,20.357836,32.292854,19.465681,21.526686,18.619894,11.961046,8.414685,29.484602,28.414852,27.862782,19.593742,5.1960173,11.44306,11.944161,25.367346,28.049574,25.727201,16.454615,11.856602,21.260313
1279,23.705067,28.605993,23.403374,10.07585,21.36588,16.473429,17.377645,12.142412,21.972105,13.304171,18.725084,15.862779,10.746192,22.105007,19.320496,28.38294,24.416687,17.277668,14.283074,17.108147,8.3241005,6.2283034,26.819511,21.440071,25.748463,16.039707,17.274279,12.601782,10.991832,17.479849,24.955328,23.649261,12.42704,10.250298,19.36185
1280,22.662085,27.620125,23.646536,13.726076,30.28604,16.234135,20.465729,9.66282,20.36831,12.551643,10.9308605,17.643707,7.8644247,16.03287,22.30912,30.597837,20.84414,17.880424,15.647783,21.060347,15.30642,13.020098,25.928738,16.30341,14.67112,9.2703495,18.884096,9.23094,17.427427,6.504043,25.066975,23.129911,11.086088,8.749304,19.574156
1281,18.94386,32.175777,22.364908,4.0630097,30.514498,3.7167077,22.982645,12.913205,6.6014705,5.716428,18.334478,12.436665,12.180721,21.804317,12.465268,23.610277,33.583084,18.313057,23.813362,21.506525,16.245285,11.990237,30.304178,25.778725,24.781427,15.629845,5.483239,11.158552,20.05212,19.843643,29.223997,26.401064,17.604496,10.043995,21.538416
1282,22.824688,24.354214,23.067675,13.573385,18.91714,28.321041,16.68847,10.615135,31.84877,22.36875,8.199696,24.929193,7.6976376,18.165882,29.86739,33.832436,11.0919485,18.707048,8.331713,19.135702,7.5612593,5.8956933,23.131113,15.286513,13.577478,11.590894,30.445932,15.996122,17.3113,3.639567,20.577284,23.456217,10.949985,10.863649,21.782759
1283,20.389112,30.909771,22.305395,5.8533134,26.968454,7.1935196,20.704872,12.567139,11.492563,7.64689,19.79386,12.5945215,11.85763,21.975464,14.050456,24.731447,30.956703,17.302954,20.315647,19.556742,13.0691395,9.675685,28.959183,23.883713,25.996273,15.757185,8.510494,10.905102,15.579939,19.986311,27.642786,24.951443,15.178985,9.633896,20.071253
1284,23.263264,28.204947,22.701214,9.668568,22.128656,19.009336,16.907885,11.561737,25.310917,15.662563,18.059862,16.959991,9.973323,21.255016,21.85141,30.470095,22.42747,16.045105,12.741717,17.136003,7.6339893,5.926769,26.167917,18.763315,24.898703,15.032669,20.496126,12.428848,10.990121,15.579958,24.19508,22.94764,11.327761,9.066332,18.68567
1285,29.492582,28.890436,29.414644,19.795876,26.751965,9.417189,20.744009,11.464375,10.827131,5.150536,15.939264,13.5540905,11.492166,20.33255,12.5526705,22.136915,27.493317,24.252815,18.274487,19.542961,15.005912,11.619553,28.78379,29.000093,20.98386,15.048694,7.788552,10.131511,8.820157,14.825097,28.380026,25.95612,12.270599,15.586037,22.179018
1286,23.13049,30.22979,23.462101,8.860913,23.874334,12.493204,18.965076,12.468687,18.098143,10.650659,20.49393,14.130629,11.692032,22.298792,17.295502,27.475462,27.398684,17.421225,16.486313,18.55136,10.147886,7.4433866,28.355751,22.524391,26.946857,15.935435,13.226154,11.6067295,11.631073,18.96132,26.722746,24.516161,12.685284,10.210131,19.693575
1287,27.761028,27.394148,28.279316,20.78773,28.87725,11.383677,21.4649,10.071544,12.523159,6.3788767,10.92667,15.569891,9.495432,16.685375,16.179583,24.702675,22.651676,23.491373,17.327095,21.613153,17.494854,14.232889,27.061224,24.028852,14.106024,11.102963,11.139867,8.765404,13.068976,7.751273,26.81227,24.96111,11.063084,14.055546,21.901838
1288,20.764126,31.62522,23.36011,5.7619376,26.174786,3.5418465,22.111605,13.531054,6.1275697,5.8887887,20.610468,12.095446,12.929857,23.2292,10.842665,21.163912,33.582153,19.338463,23.480146,20.20015,14.747233,10.765783,30.042788,27.996918,26.092077,17.84733,4.436768,11.395477,16.429075,22.764318,28.876839,26.30917,17.62368,11.202913,21.72239
1289,18.272625,30.848392,21.63929,5.3905087,30.655897,5.874607,22.678137,12.097439,8.823833,6.7017937,15.206297,13.583551,10.684048,19.756744,14.894234,25.440931,30.299816,17.67552,22.566528,21.709953,17.042454,13.059253,28.878286,22.577648,21.297632,13.237628,8.203117,10.6372595,21.554071,15.876991,27.96192,25.35988,16.69453,9.268935,20.904732
1290,22.22611,29.814365,24.440891,14.958139,34.507843,13.483631,24.482914,9.845085,17.788637,13.11286,10.795337,18.679556,7.5237083,14.158991,24.518518,32.65365,20.371304,19.041346,18.503338,25.714052,20.489475,17.265577,27.89675,14.614494,11.088793,6.972713,17.726967,7.7062364,20.86453,3.793766,27.708103,24.765987,10.990974,8.514237,21.235922
1291,19.268757,32.389603,22.745396,3.9815338,29.607546,2.6513476,23.133745,13.391163,5.0528097,4.9741483,19.009035,12.085407,12.645746,22.66365,11.092555,22.205519,34.878952,18.923412,24.878864,21.211103,16.339031,12.030458,30.619978,27.522617,25.527168,16.832256,4.1101203,11.458216,19.838558,21.62206,29.55488,26.751398,18.613375,10.576923,21.933165
1292,23.644154,31.208418,24.415878,8.905137,17.19862,5.7626114,20.375666,14.909045,9.682164,7.9111443,25.265865,12.604546,13.665361,25.21669,11.69472,21.036509,31.702602,19.81936,21.086174,18.592375,11.205962,7.7366323,29.63458,28.324093,28.573332,20.305227,6.1719165,11.63578,10.937726,26.510733,28.139212,25.86633,16.267052,12.253183,21.477726
1293,18.392729,32.689087,22.486408,4.2150702,33.6942,3.373601,24.269861,12.746339,5.8461795,4.6993747,15.941403,12.981606,11.588249,20.779541,13.225659,24.93492,34.08644,18.613188,25.209265,22.94764,18.627941,14.100983,30.682537,25.17516,22.81675,14.267513,5.6676817,10.84041,23.445581,17.61949,29.835337,26.814743,18.414675,9.745066,22.00321
1294,22.102894,30.813389,24.049805,9.10811,26.832243,6.640235,21.836527,12.633246,9.781286,7.109874,18.550018,13.392106,11.83999,21.323986,13.853093,23.883722,30.024458,19.499216,21.08279,20.925508,14.912684,11.218717,29.268007,25.185377,23.346191,15.474227,7.737704,10.535499,15.805669,18.357162,28.208982,25.741598,15.178516,11.216099,21.398859
1295,20.23349,30.780893,22.297932,6.6775513,29.281752,9.09533,21.172022,11.997219,13.525301,8.14739,17.067255,13.813871,10.891005,20.431784,16.417606,27.264883,29.317883,17.10678,19.80181,20.506704,14.384611,10.995178,28.727623,21.668716,23.426119,13.623194,10.91663,10.611888,17.953207,16.216347,27.522757,24.842815,14.6770525,9.110646,20.026075
1296,19.499989,30.847643,23.12879,8.470544,32.993977,4.9608545,24.29259,11.83504,6.8047404,4.5896745,12.190178,14.20717,10.0436535,18.074095,14.929817,25.681456,29.925188,19.454386,24.003883,23.580954,20.4329,15.985938,29.106146,22.944965,17.536125,11.755356,7.353764,9.634615,23.698862,12.617892,28.674845,25.882725,16.970444,10.149557,21.851116
1297,19.283058,31.962439,22.680351,5.055909,31.303747,4.0750732,23.154272,12.644249,6.7746453,5.3032093,17.076073,12.676836,11.821843,21.122635,12.829202,24.066378,33.027626,18.605835,23.702745,21.856035,16.89088,12.615947,30.152021,25.421711,23.631248,14.884547,5.8182535,10.863207,20.529362,18.382544,29.181402,26.355286,17.327183,10.193821,21.59002
1298,23.781939,25.371382,23.490458,13.641911,24.016764,25.672802,16.610336,9.850721,30.448687,19.625368,10.580915,21.59014,7.847962,18.03616,26.961067,33.011227,15.30881,17.432602,9.501233,18.206394,8.370594,7.325376,23.7297,15.378417,16.583908,11.680178,27.602274,13.212699,13.923776,5.9405065,21.651258,22.419415,10.00069,9.18377,19.731844
1299,21.105022,31.824587,23.533169,6.482528,28.161806,5.146839,22.14107,13.08671,8.321884,5.907645,19.273542,12.573868,12.422863,22.420933,12.518451,23.56517,32.87349,19.028408,22.554981,20.737535,14.996228,11.031225,30.130938,26.516504,25.534317,16.431675,6.2038727,11.10816,17.261633,20.46394,28.954668,26.266144,16.708164,10.924613,21.468061
1300,21.535305,27.848127,21.719046,8.038806,14.715942,19.327633,16.531542,13.72657,25.032074,15.712062,17.714087,18.315567,10.831118,23.080418,22.473345,30.561695,20.423489,17.004517,12.6217985,17.240591,6.3859415,3.8062747,25.696253,20.268421,26.339699,17.131403,20.174543,15.985632,12.893123,17.618036,23.274096,23.887436,13.662594,10.727982,20.470257
1301,18.838696,33.32852,22.966751,3.844396,34.214752,2.9450521,24.488277,13.041233,5.34962,4.435265,16.828905,12.748669,12.153261,21.636732,12.555959,24.556345,35.44832,19.00693,25.778746,22.95191,18.474697,13.887922,31.366518,26.538418,24.166037,15.177319,4.981009,11.216548,23.123947,18.944588,30.45583,27.373539,18.892197,10.115759,22.38666
1302,21.845736,30.978142,22.917763,5.8871017,10.931179,3.0542855,19.781322,16.440031,6.7518096,7.945152,28.654058,11.696568,14.593962,27.357944,9.104613,17.486727,33.448204,19.196081,22.592892,16.88653,9.790231,6.2316008,29.32137,30.156162,30.671528,23.224043,3.5342348,12.563892,10.620448,32.028603,27.583021,25.628744,18.666565,12.000814,21.408575
1303,18.78341,32.335537,22.428307,4.0863786,31.78991,3.4967601,23.351149,12.835968,6.1877484,4.870382,17.198763,12.438004,11.958025,21.464268,12.441294,24.007034,34.069542,18.42331,24.38889,21.85216,17.076067,12.711482,30.452404,25.806564,24.232569,15.153585,5.328665,11.066407,21.382463,19.092972,29.457693,26.547897,18.00581,10.021798,21.640526
1304,28.116245,28.080338,27.589582,18.533134,28.481665,17.277027,19.361698,10.16012,21.14707,11.075469,14.092745,16.789564,9.7224045,18.263676,20.057354,28.926426,22.215927,20.922812,13.703948,19.632647,12.789818,10.621936,27.176466,21.170689,18.196806,11.732808,17.671942,9.82548,11.020427,8.964332,26.151068,24.32869,9.471823,11.982439,20.458746
1305,24.922375,26.693724,24.55474,14.885057,27.951525,21.48851,18.06841,9.432244,26.401491,16.59259,12.319424,19.09772,8.147663,17.370533,24.32653,31.647947,18.34143,17.790316,11.654803,19.124025,11.014978,9.630632,25.118204,16.417145,17.076094,11.100166,23.381529,10.742821,12.451146,7.049719,23.67257,22.649488,9.315859,9.185129,19.247595
1306,34.026814,26.650911,33.386612,30.243315,31.477152,12.998119,21.926218,9.229994,12.190632,4.059694,7.6308093,15.843207,8.945574,15.712836,15.240319,23.65774,22.08587,28.36289,16.883902,21.296785,19.428108,16.153208,27.635262,28.175262,11.969551,10.273331,10.721558,8.71442,8.86393,4.6488557,28.293951,25.999573,9.610178,18.210423,23.374033
1307,22.149227,23.678537,22.282036,12.707275,17.415762,28.758783,16.266493,10.377916,32.09096,23.596327,7.975557,25.495157,7.399914,17.826813,30.406769,33.519543,9.879506,18.158907,7.6859374,18.77568,6.801964,5.0829663,22.657303,14.559021,12.494761,11.256424,31.259888,16.198801,17.87914,3.036179,19.966974,23.171696,10.783266,10.866937,21.600458
1308,23.119164,30.536888,24.402262,8.777715,21.732832,5.0769653,20.57923,13.637186,7.9437795,6.820911,22.300297,12.049388,13.181523,23.874945,10.627641,20.170046,31.705078,20.029276,21.353264,18.722637,12.610362,9.0767355,29.244967,28.674942,26.872023,18.99994,5.0660095,11.3567505,11.778111,23.92,27.980276,25.695255,16.146692,12.262539,21.36392
1309,18.153902,31.42974,21.608612,4.1440053,30.12521,4.592843,22.674437,12.565977,7.547194,6.345522,16.996126,12.834476,11.411104,20.94675,13.493812,24.278486,32.05366,17.696835,23.308062,21.341293,16.42275,12.339263,29.449663,24.1206,23.417389,14.64682,6.700617,11.0099125,20.808867,18.455847,28.43349,25.724638,17.38459,9.45582,21.063799
1310,18.570919,32.40409,22.354267,3.7861009,31.95347,3.179207,23.492481,12.86723,5.734262,4.906664,17.27773,12.407642,12.022369,21.52333,12.262456,23.742739,34.258602,18.455078,24.663792,21.942017,17.205305,12.804667,30.51619,25.976452,24.255852,15.265145,5.062394,11.135349,21.563776,19.298018,29.535486,26.628563,18.207153,10.008529,21.746239
1311,18.255747,32.17118,22.462555,5.9223027,34.300648,4.727148,24.994831,12.296417,7.099748,5.6192183,13.464926,14.514391,10.494204,18.850002,15.792764,26.91405,31.202461,18.76749,24.780338,24.288864,20.47107,15.812433,30.11863,22.593147,18.953768,12.009272,7.768158,10.290056,25.544714,13.662204,29.502314,26.584183,17.782608,9.4655,22.180359
1312,17.464685,32.280308,22.0163,5.2798133,35.14226,3.9641378,25.326242,12.313934,6.2210917,4.746288,12.64798,14.261247,10.197516,18.58521,15.529679,27.039186,31.936398,18.488497,25.67994,24.508379,21.28712,16.525337,30.093916,22.422918,18.670843,11.69977,7.261532,10.13248,27.057938,13.581755,29.58225,26.500591,18.484575,9.088802,22.074928
1313,28.126114,24.997467,26.719194,20.707495,25.675001,24.244667,16.40451,9.134977,28.518175,13.876217,9.820932,19.023573,7.2344313,17.24414,23.588928,31.229208,18.450523,19.696188,10.137145,17.02389,9.518228,9.150907,23.896616,17.683548,15.696495,10.495157,25.106909,10.198407,11.307091,5.584263,22.522438,21.95182,8.579378,10.594595,18.915556
1314,18.67922,33.186443,22.745998,3.872754,34.00863,3.2916412,24.36398,12.945069,5.9163985,4.7548404,16.784359,12.879844,11.980051,21.36612,13.046946,24.983902,34.881493,18.721983,25.361557,22.97064,18.35057,13.791062,31.16918,25.808605,23.86842,14.811125,5.479466,11.070932,23.117586,18.477587,30.244799,27.161404,18.549076,9.873824,22.18302
1315,22.872253,28.167883,24.943031,16.677248,32.46336,11.175104,22.92586,10.144181,13.391098,5.496532,7.4709454,16.016571,7.386855,14.970496,18.94281,28.846136,24.31844,20.413595,20.346836,22.841652,20.606514,17.520935,26.631493,18.9415,11.881584,8.046978,13.522565,7.8737636,21.975513,5.7957706,26.605154,24.0103,13.564452,10.1121645,20.749044
1316,19.292717,32.512238,22.811916,4.7499123,32.312027,4.2175217,23.50773,12.782452,7.0797353,5.1948404,17.098852,12.852528,11.897081,21.324219,13.181488,24.819942,33.735367,18.597605,24.095085,22.217886,17.259441,12.926116,30.588047,25.444515,23.938665,14.8672695,6.0868053,10.949795,21.372938,18.375422,29.591356,26.654686,17.66349,10.03207,21.748953
1317,22.64602,30.586166,22.59688,7.8735476,11.918284,8.607682,18.236292,15.643521,14.814681,8.778142,26.015665,12.687909,12.917313,25.903185,14.1146145,24.20714,30.104542,17.550734,18.713905,16.67597,8.176008,5.1240683,28.44671,25.669697,31.235613,20.57069,9.286243,12.554056,10.301633,28.003468,26.600239,24.536583,15.86021,11.18912,19.876791
1318,27.071098,26.449406,27.212986,20.845293,28.566137,15.965702,19.972773,9.643364,18.022268,7.1505523,8.321637,16.648123,7.901246,16.386003,18.887882,27.87213,22.340618,21.859327,16.066776,20.03868,15.948985,13.847101,25.665796,21.094978,13.360499,9.678235,16.406517,8.856802,15.958462,6.039847,25.106081,23.60407,11.240366,12.15992,20.569483
1319,25.685568,29.753172,26.039705,13.520177,22.429468,8.118301,20.009031,12.811813,11.317596,6.774023,20.262001,12.80081,12.181442,22.346165,12.636376,22.481358,29.00014,20.945517,18.957233,18.859009,12.572153,9.386602,28.607012,27.149397,25.021301,17.134274,7.765601,10.547436,10.040381,20.184416,27.57841,25.213867,13.752769,12.954221,21.040901
1320,26.489403,30.036135,25.988132,13.488782,21.577562,12.210119,18.641567,12.919838,17.280653,8.821657,21.35789,13.580141,12.068293,22.814947,15.75282,26.177149,27.54603,19.775574,16.056059,17.822926,9.96824,7.2030563,28.613394,25.02664,27.433819,16.819393,11.981749,11.368945,8.394167,19.981636,27.276722,24.88287,12.107936,12.406375,20.180925
1321,30.882133,25.682579,30.065882,26.935892,30.68602,15.481917,19.362673,8.81637,17.324142,3.5389614,7.7030253,14.520754,7.5287185,15.888604,16.075626,26.20121,23.853083,23.830761,15.734127,18.812742,16.663862,15.3208275,25.18816,23.232456,13.464327,9.548669,14.415241,6.84643,11.449329,5.7931695,25.190065,22.865343,9.770805,13.0988035,19.869665
1322,18.199059,31.139774,22.007505,7.4822626,34.09718,7.2442646,24.59582,11.550875,10.243108,7.085774,11.531096,15.650474,9.195719,17.01147,18.643242,29.245117,27.705372,18.06048,22.959446,24.436756,20.769894,16.38481,28.983213,19.169113,16.153284,9.774855,10.842304,9.699665,25.83956,10.074939,28.511976,25.624935,16.216118,8.706975,21.441141
1323,28.782375,28.561275,28.464008,19.87091,29.392958,13.636267,20.223959,10.360561,16.988224,7.184151,14.541232,15.012683,10.250078,18.061201,17.237675,27.113707,24.332987,22.042086,15.23523,20.386816,14.422078,11.818677,27.775572,22.951355,18.400717,11.73412,13.401155,8.630514,10.365264,9.691079,27.132278,24.686539,9.473309,12.838757,20.722221
1324,23.359188,28.194412,23.546082,11.548211,27.563717,17.352032,18.974524,10.288195,22.635126,15.080973,15.390153,17.321405,9.429216,18.54594,22.118988,30.257376,20.99819,17.144896,13.628347,19.724401,11.54861,9.367774,26.455412,17.73973,19.995415,12.273835,19.144205,10.776186,12.558553,10.662108,25.01311,23.375309,10.264118,9.126703,19.3906
1325,19.138657,30.368149,23.144375,11.974041,34.869297,7.2619133,26.114307,11.120237,9.189595,5.728728,7.1481256,16.780716,7.534461,14.441493,20.012733,30.194479,25.300915,19.79331,24.126911,26.158056,24.593199,19.890968,28.430843,18.015842,10.691799,7.1888895,11.41482,8.476699,28.56976,5.6568527,28.655264,25.633581,16.255417,9.580985,22.144857
1326,17.774048,31.534607,21.793818,4.9008026,32.732536,4.275653,23.878466,12.25543,6.7186084,5.3766127,14.351175,13.522496,10.71254,19.424023,14.358729,25.374548,31.643114,18.11339,24.254526,22.84027,18.871662,14.482528,29.527674,23.127874,20.429676,12.875922,6.902373,10.414598,23.87601,15.374003,28.78049,25.956696,17.717478,9.280144,21.481348
1327,21.67641,30.823984,22.802471,6.1183763,18.718168,5.817524,19.663584,14.379804,10.127775,8.208328,24.720005,12.002754,13.382692,25.098555,11.581103,21.218462,32.05302,18.194693,20.68947,17.699203,10.5234375,7.2101045,29.056461,27.346424,29.410774,19.968273,6.3556533,11.954886,11.627285,26.516577,27.407335,25.173992,16.467834,11.016357,20.544476
1328,18.514988,33.327423,22.494844,3.2781112,33.540646,3.380359,24.103643,13.087375,6.3284597,4.8922815,17.415867,12.692642,12.119675,21.753628,13.034891,25.141722,35.19506,18.365936,25.208601,22.630293,17.787632,13.264523,31.249767,25.79427,24.75899,15.111673,5.562647,11.248156,22.869291,19.230448,30.237123,27.119335,18.596775,9.723805,21.987017
1329,18.214611,31.057995,21.564394,4.924008,30.650972,5.7248726,22.595984,12.209131,8.8346195,6.5579643,15.689135,13.367971,10.858189,20.072529,14.672305,25.437393,30.838135,17.51224,22.622108,21.543793,16.758154,12.762685,29.052301,22.79403,22.004929,13.508493,8.010878,10.720955,21.438284,16.472406,28.083036,25.416382,16.803892,9.200243,20.826702
1330,19.375132,32.422787,22.844662,5.065614,32.371193,4.64128,23.513567,12.709665,7.5482364,5.3879275,16.759598,13.101038,11.738279,21.113777,13.619151,25.213024,33.3106,18.592691,23.908546,22.323076,17.396284,13.095354,30.477022,25.05257,23.506577,14.584842,6.561777,10.888308,21.540382,17.816896,29.490788,26.582342,17.525898,9.970117,21.725199
1331,22.04258,27.41558,22.772764,11.697938,28.612858,21.072979,19.535154,9.778818,26.0226,18.38236,11.315769,20.575628,7.71618,16.631779,26.585396,33.366863,17.499035,16.730791,13.034258,20.782103,12.665044,10.713908,25.56032,14.174074,15.102156,9.825752,24.502575,11.323076,17.385584,5.658752,24.099327,23.194183,10.635136,8.126067,19.810686
1332,17.706467,31.869911,22.086365,5.9596024,34.725266,4.352744,25.148212,12.119723,6.5579247,4.8967004,12.223366,14.425647,9.985964,18.163425,15.80112,27.070503,31.016655,18.562445,25.18903,24.443964,21.284771,16.558792,29.758665,22.006252,17.92959,11.336006,7.598263,9.973989,26.660175,12.814605,29.289875,26.277294,18.03566,9.188145,21.96893
1333,25.405287,30.059942,25.043404,11.425856,21.154612,12.643821,18.184675,13.125288,17.987106,8.893228,21.307325,13.556598,12.149504,23.477264,15.768884,26.457905,28.349705,18.87256,16.206333,17.23031,9.244678,6.602521,28.45264,24.93283,28.46688,17.319098,12.396873,11.999623,9.507925,20.856216,26.84601,24.707413,12.960585,11.73783,19.888103
1334,18.849213,32.702408,22.593002,4.4348254,32.951183,4.361471,23.855669,12.794564,7.266113,5.4038167,16.599302,13.18996,11.699032,21.08487,13.811653,25.506678,33.63668,18.446775,24.398962,22.631777,17.828732,13.432202,30.674417,24.874681,23.416819,14.433553,6.5401144,10.9874935,22.557793,17.791101,29.702185,26.742361,17.935993,9.743967,21.838758
1335,19.944546,31.696499,22.683193,5.25491,28.46666,4.9416056,22.153952,12.944294,8.215248,6.572749,19.247961,12.57468,12.215837,22.159813,12.83703,23.618786,32.564823,18.338623,22.610043,20.741457,15.027916,11.081153,29.865458,25.6339,25.360722,16.128082,6.4023643,11.15637,17.85193,20.399408,28.693253,25.99168,16.816956,10.262114,21.215055
1336,27.282484,26.29589,26.142996,17.944876,25.829355,26.052094,17.27566,9.611455,30.932829,17.91525,11.286103,21.213438,7.74968,18.058327,26.697529,33.470127,17.528294,19.071423,9.967728,18.329163,9.044759,8.312445,25.084438,16.700184,16.097534,10.922684,27.920683,11.630968,13.2059145,5.658832,23.266155,23.12133,8.981032,10.251917,19.903934
1337,22.158562,30.898876,23.365612,7.019931,18.457836,4.955058,20.185396,14.557403,8.72435,7.2658925,24.21895,12.003208,13.464765,24.953655,10.954738,20.579247,32.276867,19.023174,21.457453,18.239843,11.375203,7.856538,29.29466,28.212513,28.53157,19.97353,5.323049,11.779974,12.137896,26.28187,27.762234,25.548512,16.804508,11.66599,21.06295
1338,25.112211,28.628807,26.790684,18.397745,32.515957,10.494281,23.01893,10.399107,12.1032295,4.464086,8.50559,15.581341,8.340261,16.02239,17.21393,27.452322,25.563318,22.14536,20.533813,22.721918,20.451462,17.126575,27.50361,21.995398,13.218606,9.458553,11.795944,8.229356,19.899038,7.0626464,27.475693,24.918869,13.639167,11.857218,21.581108
1339,18.840948,30.166946,22.549438,11.023015,34.780502,8.727919,25.324366,10.805708,11.475698,7.6632223,8.162413,16.96692,7.497358,14.597035,20.928036,30.810003,24.518078,18.703478,22.733017,25.503428,23.076302,18.823195,28.078573,16.747845,11.503592,7.2749376,12.9787445,8.539833,27.17251,5.7687535,28.092848,25.09539,15.3383,8.626991,21.457062
1340,18.967196,30.12302,22.953785,11.544323,34.70186,6.695386,25.776625,11.109885,8.432463,4.861891,6.986811,16.217632,7.5876737,14.664929,18.955309,29.373573,26.048796,19.664705,24.402092,25.529879,24.444538,19.758005,28.22896,18.673363,11.187876,7.598288,10.574406,8.523521,28.430386,6.3509517,28.442598,25.420027,16.715542,9.575933,21.895596
1341,18.214083,32.900295,22.229626,3.5748496,33.454865,3.5698588,24.051847,12.862045,6.4302006,4.954435,16.607819,12.849178,11.719238,21.133846,13.390547,25.296919,34.362736,18.208544,25.002888,22.712278,18.073639,13.588519,30.803085,25.014698,23.7338,14.494558,5.900604,11.004522,23.22478,18.262548,29.86506,26.787464,18.377934,9.522482,21.805693
1342,18.272366,32.898518,22.383846,3.8098006,33.76471,3.4234998,24.272234,12.826107,6.074656,4.8945165,16.319414,12.9643135,11.690376,20.991882,13.349765,25.156282,34.314434,18.449278,25.208797,22.942877,18.445744,13.913125,30.839497,25.140533,23.289677,14.395382,5.77321,10.958533,23.474218,17.960224,29.94456,26.891336,18.461536,9.631117,21.98682
1343,25.626804,29.128086,26.70554,15.88649,28.227495,10.202688,21.78625,11.215447,12.491396,7.6994643,14.646758,15.293163,10.707828,18.705416,16.187881,25.096563,25.268333,21.815668,18.360996,21.75727,16.153902,12.737729,28.272028,24.07904,17.82943,12.821323,10.657473,9.604356,14.1455145,11.672957,27.544304,25.560877,12.317512,12.795464,21.932886
1344,17.619162,32.103054,22.318758,6.996483,36.097725,4.402567,26.242008,12.03794,6.39512,4.60542,10.409707,15.184229,9.275106,17.1273,17.030827,28.403181,30.41095,18.99625,26.082043,25.685183,23.370327,18.37143,29.920298,21.080029,15.770784,10.038277,8.222481,9.623953,29.030249,10.825471,29.721529,26.541048,18.396832,9.17017,22.389944
1345,25.01165,28.933142,26.741028,17.886862,32.679924,9.38618,23.105017,10.658996,11.007616,3.0294566,8.645996,14.929805,8.523064,16.376684,16.125113,27.038378,27.098331,22.058437,21.41798,22.63511,20.71774,17.299395,27.71763,22.751556,14.057423,9.958406,10.568794,8.022547,20.294462,8.102296,27.710669,24.942354,14.342072,11.811699,21.471369
1346,19.932827,31.465548,23.55478,8.447867,33.587105,4.7008133,24.58568,12.093921,6.625603,4.0220633,12.626701,14.076783,10.343195,18.567368,14.653052,25.92127,31.070267,19.720285,24.522766,23.833899,20.604183,16.0728,29.675764,23.690533,18.374939,12.181904,6.970098,9.689662,23.888836,13.27909,29.221573,26.284077,17.315117,10.328009,22.090359
1347,20.9963,31.682426,23.247189,5.7418065,25.904833,4.625162,21.64768,13.427316,7.9165626,6.8142667,21.389935,12.256128,12.963707,23.340832,11.771988,22.178915,32.966557,18.83729,22.351849,20.037695,13.783555,9.9389715,29.99914,27.153593,26.833618,17.74302,5.5676003,11.395148,15.443129,22.684877,28.68616,26.112152,16.753166,10.939702,21.375654
1348,19.244051,31.663157,23.195465,7.8060994,34.191372,4.350457,24.975584,12.135203,6.2322555,4.091909,12.29009,14.194887,10.197482,18.386013,14.9108715,26.200949,31.23001,19.526022,25.067451,24.192564,21.181393,16.5456,29.779196,23.330889,18.041954,11.89643,6.967074,9.739029,25.065432,13.10258,29.371326,26.377872,17.739597,10.03717,22.181498
1349,28.535854,28.755962,28.789776,20.113186,31.268263,11.27308,21.147156,10.562191,13.356644,3.1687942,11.599478,14.095822,9.844178,18.339851,14.584893,25.818068,27.856094,23.004286,18.723421,20.69093,17.121914,14.328923,27.940039,25.552044,17.80111,12.21233,10.545431,8.423081,13.988772,10.371283,27.532084,24.98351,12.433058,13.168589,21.204641
1350,18.462584,32.397198,22.808868,6.1940207,35.166656,3.6997418,25.366453,12.394724,5.7330217,4.166716,12.980624,14.037994,10.504602,18.913116,14.776248,26.407839,32.490204,19.175259,25.823437,24.466875,21.275618,16.514236,30.34839,23.573278,19.095865,12.254149,6.5773087,10.051247,26.050966,14.070588,29.865149,26.747663,18.425667,9.682154,22.33304
1351,19.401678,32.16713,22.612032,4.520814,30.296412,4.148682,22.835964,12.88387,7.2013683,6.069652,18.732624,12.535862,12.254549,21.89869,12.710867,23.780025,33.302467,18.394712,23.377922,21.484356,15.89849,11.722323,30.305391,25.74439,25.013235,15.746031,5.829171,11.11725,19.267092,19.887001,29.191055,26.37995,17.188301,10.137098,21.522028
1352,19.62137,30.117302,23.225178,11.281002,34.078514,6.8040733,25.134085,11.104536,8.687745,5.1186566,8.471587,15.858437,8.265162,15.375356,18.240147,28.634398,26.26836,19.677528,23.486942,25.037823,23.018871,18.409908,28.33224,19.53492,12.6865425,8.546735,10.1150675,8.751516,26.25399,7.3949413,28.340942,25.450058,16.047773,9.907484,21.820774
1353,24.200672,30.434608,24.176323,9.38627,18.366499,9.682195,18.522766,14.004072,14.897421,8.733772,23.822443,12.791121,12.916067,24.503822,13.953895,24.171543,29.54543,18.581598,17.66246,17.119,9.1408615,6.1160274,28.77891,26.062237,29.669117,18.93791,9.680187,12.089302,9.193074,24.14582,27.139948,24.904339,14.174446,11.762341,20.083448
1354,27.783024,28.051723,27.676088,19.589249,29.95572,16.458933,20.578268,9.796488,19.945366,11.1155,12.677036,17.21686,9.169205,16.964748,20.755373,29.185928,21.138065,21.399137,14.603571,21.175684,14.972011,12.612102,27.16811,20.306196,15.657497,10.465853,17.291235,9.133007,12.345428,7.004788,26.457209,24.483166,9.316681,11.912082,20.921972
1355,19.100086,30.564766,22.861546,8.660681,33.193207,5.1058617,24.470255,11.643789,6.839051,4.7530985,11.253923,14.507158,9.603884,17.41265,15.50073,26.042841,29.100582,19.352232,24.026203,23.82564,21.042112,16.543371,28.81023,22.125349,16.343954,11.030554,7.783817,9.499825,24.520926,11.540706,28.483103,25.705967,16.939293,9.972696,21.80219
1356,18.339855,32.58409,22.224566,3.5450437,32.553036,3.3019207,23.66104,12.832893,6.019215,4.9997196,17.134932,12.52813,11.926867,21.363531,12.681516,24.306887,34.279297,18.264788,24.692617,22.20499,17.419765,12.987466,30.612955,25.527718,24.130241,14.946988,5.3729515,11.071396,22.107956,18.918783,29.631937,26.658623,18.17942,9.758099,21.71682
1357,18.441353,31.211021,22.248453,6.5487075,32.95778,5.5843306,24.04986,11.965967,8.0306225,5.943615,13.186302,14.411978,10.220432,18.569126,15.790704,26.504955,29.994768,18.470621,23.601187,23.369196,19.507534,15.161041,29.250343,22.05913,18.626888,11.8706,8.352146,10.154699,24.148485,13.269688,28.594393,25.867046,17.040684,9.394793,21.603168
1358,18.077541,31.976772,22.4163,5.8497486,34.429276,3.8079903,24.972101,12.275967,5.820008,4.652066,13.145495,13.966984,10.468515,18.856533,14.68505,25.920927,31.948095,18.874022,25.366587,24.04385,20.695486,16.049782,29.958504,23.272924,19.033543,12.2690525,6.691187,10.10844,25.554861,14.168219,29.426157,26.445156,18.191315,9.522877,22.101686
1359,19.406197,30.322395,23.323055,12.51123,34.941715,7.819421,26.076145,11.078472,9.84561,5.9284334,7.0099444,16.957687,7.3748603,14.361037,20.391232,30.550787,25.10957,19.856024,23.93976,26.117804,24.586887,20.020397,28.355902,17.732407,10.502767,7.00466,12.007224,8.371802,28.48373,5.3634615,28.59499,25.554182,16.08694,9.483168,22.090055
1360,26.058958,26.71497,25.555859,16.46765,26.880905,23.814259,18.03219,9.838371,28.43719,17.074596,11.345524,20.506502,8.17539,17.903927,25.734892,32.853374,17.748968,18.940186,11.14028,19.265139,10.544779,9.290288,25.281778,17.03487,16.632683,11.261627,25.491741,11.808178,13.411572,6.252252,23.640642,23.314806,9.626235,10.064238,20.174059
1361,17.520004,31.723433,21.918114,5.927038,34.463066,4.5292745,25.082434,12.102476,6.7345824,5.0341635,11.95677,14.529467,9.844248,18.065865,15.989923,27.163511,30.746925,18.456694,25.142586,24.345144,21.313255,16.610485,29.607655,21.75226,17.657299,11.192062,7.845472,10.023674,26.936186,12.6400175,29.139196,26.178875,18.110325,9.105327,21.904415
1362,18.343086,32.11467,21.834492,3.39795,30.11051,3.8767583,22.827976,12.974913,6.943017,5.963846,18.304232,12.449486,12.021899,21.859741,12.731063,23.884953,33.53602,17.836966,23.847153,21.274137,16.100048,11.897896,30.1307,25.279472,24.921507,15.567904,5.8237953,11.28705,20.567995,20.062504,29.015726,26.200264,17.864872,9.660599,21.302782
1363,18.699032,31.432247,22.108776,5.379512,31.297243,5.4354143,23.060549,12.319752,8.366348,6.2516546,15.726137,13.4926195,11.04508,20.140942,14.553863,25.454308,31.260359,18.039534,23.040054,22.069595,17.288504,13.160809,29.46632,23.342396,21.885412,13.607492,7.662427,10.658933,21.63584,16.368074,28.537226,25.81564,16.934525,9.517347,21.234287
1364,19.00861,31.124208,21.778336,4.591176,27.220999,5.048251,21.677193,12.902518,8.40958,6.9316106,19.014156,12.481005,11.8406925,22.008385,12.948816,23.438307,31.972872,17.632736,22.465055,20.15399,14.684761,10.897328,29.174726,24.805809,25.165718,16.02554,6.715084,11.197189,18.079782,20.639399,27.998278,25.37674,17.01613,9.73182,20.713055
1365,29.25604,26.307383,29.015608,24.659874,31.064943,15.651017,20.059286,9.174139,17.588934,4.5762124,7.3832526,15.407333,7.427586,15.886876,17.474356,27.494402,23.830547,23.071709,16.582094,19.639101,17.275944,15.664061,25.543045,22.126968,13.170763,9.278845,15.445011,7.4736924,14.298748,5.622492,25.442347,23.222183,10.790207,12.384308,20.188719
1366,20.210218,31.319984,23.796627,9.144572,33.864513,4.6220922,24.740728,12.004557,6.3629518,3.6175275,11.942686,14.112251,10.134877,18.245594,14.628654,25.926176,30.897337,19.998732,24.759033,23.98416,21.178606,16.620125,29.570995,23.754055,17.792639,11.968739,6.853806,9.51213,24.039232,12.798177,29.240896,26.245712,17.388092,10.508196,22.145853
1367,26.73278,27.855381,27.860619,21.1836,32.50894,11.031813,22.407152,10.014479,12.378856,3.005248,7.389169,15.061196,7.936424,15.7452345,16.328402,26.872736,25.750233,22.93179,20.213785,21.950188,20.44143,17.55635,26.886793,22.775042,12.800405,9.417364,11.70983,7.5543323,18.49152,6.619144,27.024578,24.3965,13.234987,12.352146,21.242836
1368,18.862831,33.10817,22.91748,4.006057,33.878548,3.0190606,24.31756,12.97057,5.4033227,4.4360337,16.74284,12.707443,12.086835,21.527668,12.50369,24.406591,35.163525,18.968683,25.562874,22.800642,18.32328,13.776397,31.173548,26.42847,24.009823,15.117053,5.004572,11.149684,22.855314,18.824684,30.266985,27.220795,18.728188,10.129491,22.277655
1369,20.926353,31.31762,23.284363,7.2744055,29.762276,7.023802,22.05223,12.334511,10.563988,6.8455057,17.505459,13.38894,11.560306,20.92896,14.635595,25.536188,30.769749,18.489029,21.24591,21.216837,15.361877,11.59287,29.513245,24.031284,23.601112,14.524816,8.477682,10.635821,17.86558,17.264545,28.419445,25.729177,15.434128,10.236088,21.019785
1370,18.383888,33.748314,22.690773,3.3402085,34.822727,3.1342733,24.837755,13.143097,5.8801885,4.73581,16.810282,13.034063,12.021891,21.531822,13.389922,25.625261,35.53347,18.672132,25.978788,23.412983,18.858212,14.184654,31.612123,25.78018,24.09289,14.768946,5.5778804,11.21318,24.243532,18.620356,30.687841,27.494137,19.052032,9.698347,22.398813
1371,18.153708,31.52973,22.533308,7.780279,35.247086,4.686054,25.726746,11.840252,6.5686765,4.6024866,10.408926,15.042658,9.266096,16.986858,16.682913,27.76716,29.714754,19.156626,25.370598,25.185293,22.825207,17.961819,29.49822,21.211143,15.572477,10.12443,8.171618,9.482159,27.657108,10.650563,29.300533,26.23149,17.817207,9.442297,22.191208
1372,17.703274,31.359104,21.867302,5.6945186,33.283726,4.6294584,24.36733,12.083117,6.8399863,5.432919,12.924049,14.178549,10.202414,18.567003,15.282145,26.123419,30.657393,18.353096,24.435259,23.52809,20.031273,15.525555,29.354868,22.283787,18.570848,11.901681,7.5673075,10.208223,25.239613,13.613824,28.747087,25.96408,17.741547,9.26128,21.689749
1373,30.201319,27.24077,29.418194,23.2604,29.41612,18.008417,19.656967,9.523605,21.055292,10.23961,11.820941,17.06524,8.864653,16.884033,20.206665,28.69023,20.811975,22.777464,13.419526,19.854692,14.157016,12.243758,26.735373,21.425983,15.32443,10.376913,18.176477,8.95254,10.302701,6.3642693,26.168142,24.259676,8.54732,13.063488,20.806225
1374,27.009434,29.97313,27.953836,18.333303,32.827965,11.394487,22.87973,10.693058,14.293944,6.4731965,12.798845,15.741333,9.833814,17.277046,18.080515,28.402117,25.587822,22.222795,18.597298,23.279772,18.348597,14.963512,28.836216,22.49279,16.417837,10.750447,12.300179,8.379253,15.582566,8.561444,28.485502,25.69795,11.476395,12.273909,21.854593
1375,19.82634,32.00379,23.319508,6.193531,32.343468,4.099151,23.713354,12.555379,6.370191,4.7383604,15.927784,13.075394,11.629905,20.650642,12.9908285,24.274923,32.96427,19.302582,24.183596,22.520971,18.037066,13.674909,30.261166,25.630577,22.317362,14.437522,5.818715,10.615049,21.386644,17.154392,29.424065,26.596548,17.502228,10.497729,21.998133
1376,19.541006,30.421078,23.525723,12.488411,35.195366,7.002904,26.278345,11.128488,8.738286,5.2860208,6.934459,16.706469,7.558256,14.483913,19.65925,29.94554,25.633057,20.181097,24.457886,26.22961,24.975405,20.218378,28.544897,18.580559,10.644485,7.342621,11.028394,8.4064455,28.499355,5.7281084,28.830992,25.766457,16.451574,9.87565,22.306698
1377,26.508987,27.735357,27.47234,20.752184,31.861284,12.269215,21.868124,9.970531,14.112278,4.061521,7.9709234,15.323637,7.898866,15.897147,17.206707,27.550196,25.144373,22.317617,19.19512,21.53891,19.300655,16.688633,26.670345,21.833374,13.200153,9.270649,13.046877,7.723675,18.017914,6.5810523,26.63392,24.123827,12.614243,11.845642,20.882677
1378,29.868217,26.981594,29.887983,25.590612,32.616516,13.712997,21.153654,9.367964,15.211718,2.7932777,7.0881143,14.897532,7.636738,15.832714,16.27028,26.927328,25.331818,24.096851,18.288921,20.563314,19.13258,17.169672,26.27037,23.515568,12.975445,9.440762,13.391884,7.0012074,14.9817295,5.8863745,26.440334,23.844065,11.586435,13.001022,20.804087
1379,22.416145,30.922647,22.647438,7.170549,10.423462,6.6152763,18.715246,16.28349,12.251886,8.411091,27.491022,12.324923,13.568718,26.815653,12.463769,22.146732,31.527252,18.053764,20.17574,16.657454,8.500512,5.22191,28.872232,27.32753,31.630854,21.85962,7.28937,12.670765,10.477739,30.205446,27.0089,24.971071,17.097633,11.546595,20.409027
1380,19.25079,32.205933,22.555264,4.0137854,29.000778,2.944638,22.800924,13.369798,5.598291,5.0096693,19.085848,11.998937,12.545787,22.640968,11.240476,22.41717,34.607426,18.640059,24.482851,20.914999,15.956704,11.720183,30.407915,27.16577,25.680956,16.76437,4.3803897,11.394834,19.533072,21.65426,29.30522,26.503342,18.38698,10.447337,21.647478
1381,22.510807,30.955145,23.848564,7.179385,21.149155,4.806553,20.427477,13.991065,8.115074,7.082783,23.574274,11.846954,13.542004,24.638752,10.452741,20.173145,32.648067,19.388838,21.547377,18.370512,11.940073,8.397951,29.513838,28.729916,28.189356,19.641222,4.9452124,11.61878,11.937964,25.369915,28.065653,25.743202,16.5952,11.83228,21.18366
1382,18.829105,32.904568,22.750149,3.8576705,33.087578,3.0757654,23.96056,12.972885,5.554703,4.6155443,17.12832,12.538649,12.148516,21.680378,12.31733,24.100603,34.972534,18.791182,25.21537,22.396347,17.758743,13.272073,30.998804,26.437634,24.386059,15.330495,4.96537,11.217499,22.201475,19.2573,30.042114,27.04895,18.552277,10.143901,22.090666
1383,18.661903,31.476295,22.386745,5.8239665,32.53275,4.7105074,23.735054,12.21395,7.1493983,5.422973,14.606876,13.621233,10.869507,19.523695,14.333774,25.293428,31.419794,18.520262,23.796156,22.777424,18.609901,14.277707,29.574018,23.49104,20.477003,13.05153,7.0467243,10.332794,22.873547,15.232217,28.803934,26.025162,17.27166,9.651064,21.577612
1384,22.507511,31.21117,23.550724,7.053067,15.278713,4.397895,20.219751,15.442546,8.243619,7.933992,26.59742,12.108791,14.059027,26.058147,10.562324,19.57867,32.681522,19.336096,21.879173,17.963028,10.724586,7.1854143,29.583593,29.005985,29.515383,21.391966,4.917986,12.034953,11.175427,28.779976,27.975622,25.793081,17.34586,11.948572,21.398293
1385,24.965841,26.7292,23.965096,12.922642,21.02233,23.75232,16.054216,11.185032,29.293684,17.90785,14.901146,19.671703,9.094179,20.81166,24.415205,31.887522,19.157705,17.471472,10.610681,16.74548,6.7406178,5.5382133,24.961748,18.330648,22.146215,14.600543,25.054617,13.606503,11.417756,12.109464,22.789236,22.855797,11.070383,9.998745,19.45967
1386,18.463661,32.1166,22.036688,3.4167893,30.313065,3.1340241,22.951712,12.988235,5.8832545,5.3818774,18.360016,12.165975,12.21519,21.910112,11.927432,23.086214,34.010406,18.138647,24.190323,21.29545,16.279467,11.991103,30.23095,25.98923,24.914808,15.815367,4.9174156,11.214884,20.381655,20.322222,29.155035,26.324997,18.021034,9.911158,21.456861
1387,21.40272,28.47624,24.010056,14.9289055,32.933872,10.448095,23.610073,10.182231,12.698959,6.5574536,7.4115896,16.430788,7.267076,14.5617485,19.669987,29.216362,23.734953,19.812473,20.911274,23.65124,21.389103,17.940079,26.824928,17.969774,11.169922,7.6112857,13.464936,8.047468,23.545414,5.387234,26.82902,24.19891,13.976961,9.618066,20.925661
1388,18.614956,29.988628,22.52289,11.3143635,34.72913,7.983487,25.65085,10.776266,10.336813,7.108092,7.4788623,16.921576,7.3066645,14.161691,20.636791,30.404184,24.303017,18.99038,23.20805,25.826218,23.833702,19.379463,27.96807,16.803165,10.563677,6.9162717,12.327673,8.353044,27.856726,5.2703605,28.113623,25.120686,15.57296,8.867392,21.628267
1389,20.176481,23.658133,21.490242,10.642054,14.958289,29.696075,16.871359,11.484018,32.27963,25.89046,6.609537,27.698835,8.045763,18.58696,32.191612,34.277344,6.925053,18.976921,7.6050925,20.25088,7.1011972,4.5637407,22.46485,14.957949,12.187265,12.3700075,31.926376,19.290453,20.156637,2.490583,19.417816,24.323246,12.532403,11.649048,23.635622
1390,19.760921,31.855673,22.771807,4.6399775,27.632654,3.140851,22.442396,13.397544,5.750839,5.470648,19.76266,12.011194,12.691503,22.822828,11.039386,21.763165,33.998863,18.851553,23.957874,20.557064,15.358167,11.223881,30.155857,27.399988,25.775112,17.179031,4.363928,11.379341,18.135271,22.084671,29.023287,26.34323,17.988346,10.73118,21.6225
1391,26.326157,26.606482,24.956423,15.003668,26.794003,26.84826,16.215899,9.629948,32.84523,19.093136,12.846697,20.566265,7.9383097,18.963703,26.820557,34.309254,18.371956,17.127192,9.3324995,17.154287,7.4867907,7.098822,24.824564,15.936733,19.72322,12.253006,28.728685,12.114582,11.313139,7.91804,22.824587,22.325287,9.066546,8.781374,18.714432
1392,17.821146,32.85102,22.399647,4.9998503,35.57427,3.6470823,25.483868,12.591967,5.94517,4.456448,13.424353,14.031618,10.642409,19.33744,14.988844,26.844484,33.210476,18.754099,26.154266,24.493979,21.136572,16.361944,30.656801,23.481998,19.879269,12.447268,6.7477775,10.362442,26.86043,14.727462,30.075281,26.92176,18.902138,9.297136,22.332544
1393,21.74765,30.76551,22.764795,6.2256413,19.232271,6.4823055,19.476755,14.184793,11.048975,8.286911,24.337742,12.081081,13.212179,24.854782,12.10528,21.948225,31.6943,17.965982,20.168194,17.661688,10.339204,7.095553,28.964535,26.80275,29.406837,19.55796,6.998295,11.924202,11.565976,25.84313,27.300097,25.044127,16.050596,10.86274,20.333118
1394,19.921051,28.381706,22.35499,11.268573,31.412685,11.26466,22.298492,10.258757,14.421669,8.876951,9.491481,16.367662,7.8400207,15.595398,20.016129,29.265392,23.318241,17.90162,19.424109,22.37897,18.77322,15.433312,26.566116,17.189754,13.721954,8.706217,14.3023205,9.057818,22.212408,7.1809416,26.094093,23.736614,13.747751,8.72238,20.111397
1395,19.698439,30.838617,22.021837,5.6211786,27.646978,6.777274,21.173735,12.519181,10.633012,7.219233,18.399996,12.805833,11.494902,21.498276,14.097745,24.797993,30.951962,17.378725,21.13269,19.961422,14.176774,10.632998,28.865532,23.67102,24.812403,15.207758,8.328855,10.918222,17.443327,19.127878,27.65672,25.01416,15.907732,9.538106,20.26442
1396,22.627129,28.786076,24.579195,14.815489,31.958479,11.622468,22.538944,10.501105,14.417088,6.5556884,9.261302,16.046331,8.076865,16.09172,19.138992,29.227224,24.946426,19.765219,19.872124,22.448875,19.246563,16.110361,27.148935,19.22879,14.053715,9.052697,13.886646,8.617025,21.346909,7.3837576,26.813017,24.288652,13.663073,9.932381,20.681353
1397,22.788692,29.379677,22.44613,8.500507,17.920767,15.487232,17.255568,13.387725,21.988197,12.664475,20.951136,15.214764,11.24708,23.245384,19.453243,29.132652,25.138523,16.465792,14.707876,17.00508,7.534848,5.139675,27.217134,21.328625,28.530487,17.102777,16.437698,13.200165,10.879134,20.570848,25.255842,23.754631,12.969152,10.139659,19.194435
1398,19.204046,32.17524,22.681412,4.6461554,31.579105,3.741436,23.211851,12.758136,6.4049935,4.884946,17.191917,12.470935,11.97085,21.398209,12.433438,23.910042,33.75885,18.60488,24.067898,21.785957,16.914585,12.605248,30.35586,25.882904,24.098572,15.155045,5.416456,10.977705,20.791733,18.87869,29.36529,26.493105,17.685734,10.20295,21.633867
1399,25.730593,29.497433,25.39315,13.077404,25.829954,15.495695,18.868214,11.475831,20.815042,11.689721,18.334272,15.50019,10.895416,20.842607,19.184896,28.903593,24.802214,18.733137,14.616277,18.908106,10.682103,8.274948,27.952093,21.684467,24.214777,14.475196,16.043217,11.067638,10.271577,14.99265,26.51719,24.42125,10.850138,10.954861,19.89918
1400,18.871231,31.235506,21.862577,4.9374585,29.370338,5.710783,22.14375,12.50794,9.065838,6.8576603,17.422466,12.982846,11.3902855,21.087822,14.033005,24.780092,31.4505,17.617126,22.366432,20.944498,15.616675,11.762182,29.24407,23.789503,23.835476,14.740455,7.6405063,10.961174,19.540014,18.451057,28.153837,25.477568,16.695307,9.489071,20.794413
1401,22.749796,31.314587,23.63795,7.4092655,13.530449,4.5783634,20.153921,15.906354,8.6419935,8.158666,27.279512,12.29479,14.138738,26.494864,10.818763,19.74134,32.585606,19.451557,21.92271,17.878834,10.427417,6.9092383,29.616777,29.10915,29.96397,21.908442,5.160683,12.224012,10.927983,29.680033,27.976606,25.843063,17.5683,12.095886,21.50987
1402,18.561838,32.30323,22.557798,5.2359953,33.87299,4.326948,24.356234,12.468931,6.857392,5.087916,14.823582,13.670119,11.084528,19.867992,14.421035,25.894506,32.63735,18.621233,24.633741,23.359383,19.202381,14.712373,30.281729,23.876772,21.043901,13.200787,6.8404584,10.471857,23.988424,15.611125,29.504545,26.550144,17.868568,9.559107,21.916187
1403,20.595665,31.424746,22.979319,5.3993335,25.136736,3.8829143,21.594847,13.54727,6.8371415,6.325364,21.19274,11.980469,12.957471,23.405512,10.995421,21.267176,33.205894,18.86432,22.853996,19.718271,13.946314,10.055293,29.798853,27.580881,26.635712,17.993698,4.761208,11.467596,15.757745,23.177588,28.526348,26.01117,17.324795,11.009943,21.362705
1404,27.492058,26.76853,27.375845,21.517775,30.06669,17.971672,19.87494,9.466234,21.053102,8.146082,8.423439,17.10426,7.3524437,16.13238,20.683807,29.992374,22.37687,21.192327,15.486738,20.048061,15.675519,14.188188,25.597795,19.368015,13.570819,9.079405,18.989557,8.25284,15.801312,5.407376,25.041155,23.168545,10.551363,10.946768,19.984287
1405,28.832352,26.399227,28.194302,22.478247,29.693289,16.880276,19.289057,9.012735,19.92438,9.074609,10.804926,16.166986,8.282231,16.062513,19.268179,27.922688,20.896425,21.721804,13.759038,19.627447,14.565115,12.905562,25.645195,20.351082,14.643599,9.858171,17.058376,8.0501995,10.566911,6.0133605,25.199009,23.131924,8.536401,11.944939,19.871126
1406,19.610806,29.7126,23.257961,12.045673,33.916023,6.881425,25.185186,10.975286,8.498292,4.829027,7.422135,15.963341,7.8392005,14.909385,18.305779,28.53264,25.799685,19.882946,23.679646,24.974379,23.565235,19.001295,27.984846,19.32026,11.628299,8.097044,10.266777,8.568914,26.779581,6.6994243,28.118605,25.260582,16.202208,9.98245,21.792978
1407,19.469292,31.896189,22.728292,4.8253717,29.648766,3.4652603,22.851131,12.996302,6.007331,5.189318,18.202295,12.306335,12.237571,21.917263,11.80231,22.81912,33.61351,18.779526,23.962004,21.252645,16.247892,12.014071,30.157248,26.516174,24.597458,15.9922905,4.935731,11.120201,19.532549,20.15125,29.123583,26.375267,17.74826,10.509439,21.64443
1408,19.250465,32.245186,22.526354,4.026214,29.296036,3.3283565,22.798754,13.25623,6.1622977,5.4326477,19.14528,12.172781,12.507266,22.478672,11.729593,22.87652,34.219864,18.510519,24.092745,21.070765,15.84964,11.612704,30.421522,26.696253,25.584032,16.479687,4.855784,11.34988,19.454245,21.192225,29.28919,26.492287,18.014624,10.329153,21.60692
1409,22.553225,30.960894,23.617956,7.441549,16.717413,4.803035,20.18125,14.982271,8.532572,7.5661664,25.24335,12.118391,13.727575,25.425571,10.795915,20.060198,32.239918,19.351522,21.583206,18.123116,11.0816145,7.568721,29.381271,28.660982,28.866573,20.670103,5.1873207,11.906124,11.466333,27.37343,27.839115,25.67062,16.985708,11.956054,21.28819
1410,18.96787,33.14327,23.085667,4.600846,34.55899,3.3038452,24.659546,12.874014,5.6574616,4.357172,15.979362,13.079034,11.804337,21.042381,13.119027,25.086416,34.798325,19.119244,25.66446,23.317228,19.04485,14.453439,31.163935,25.90444,23.050808,14.517656,5.471844,10.910221,23.63893,17.736876,30.335844,27.24897,18.669216,10.049465,22.38626
1411,19.130253,31.601547,22.162006,4.612275,28.58351,4.493436,22.30576,12.945387,7.6069484,6.290937,18.594461,12.511762,11.969133,21.90958,12.752973,23.557003,32.67065,18.067236,23.123951,20.792788,15.48776,11.477231,29.706514,25.318981,24.878813,15.831444,6.1799717,11.168496,19.032862,20.216713,28.587809,25.880838,17.323154,9.981273,21.142633
1412,19.611172,31.715431,22.461906,4.6142063,27.594694,4.0244436,22.118456,13.212639,7.110789,6.151794,19.782352,12.190601,12.457964,22.592583,11.91954,22.662653,33.26574,18.333628,23.163097,20.449131,14.9098015,10.899707,29.90476,26.342567,25.832977,16.745594,5.4080048,11.293526,17.88442,21.555183,28.71044,26.028852,17.404276,10.332417,21.256243
1413,23.651077,28.766817,25.905125,17.305954,33.19231,9.169488,23.790815,10.529995,10.628115,3.4739628,7.173556,15.522472,7.8293037,15.380169,17.222012,27.73465,26.105274,21.656359,22.134388,23.406572,22.097515,18.512726,27.417479,21.268328,12.141438,8.84344,11.153688,7.877259,22.634005,6.700777,27.569216,24.809052,14.820325,11.249308,21.548277
1414,21.17444,31.264091,22.855255,5.8858714,24.507917,6.193288,20.639196,13.314787,10.327067,7.9083495,22.205725,12.295376,12.778875,23.499863,12.721705,23.020853,31.972553,18.013397,20.875763,19.139547,12.288252,8.835576,29.44164,25.985851,27.747625,17.778841,7.125371,11.400845,13.819676,23.009882,27.996239,25.428638,15.816862,10.447596,20.603561
1415,17.878614,33.083397,21.993635,2.7877245,33.306534,3.2537296,24.023764,12.974013,6.1887507,5.210494,17.271278,12.678766,11.942929,21.489876,13.156283,25.022293,34.74643,18.01435,25.108723,22.581034,17.731773,13.21312,30.967546,25.237665,24.427116,14.848101,5.6293387,11.221689,23.100796,19.047405,29.965086,26.888544,18.53587,9.441698,21.816614
1416,21.038044,23.305408,21.739319,11.911833,15.171758,29.146923,16.451435,10.9270735,31.874487,24.569723,6.9100227,26.730255,7.5631504,17.985153,31.267838,33.58329,8.01011,18.652296,7.5492706,19.423592,6.795244,4.6487784,22.328703,14.679118,11.582012,11.55591,31.599157,17.714094,19.445301,2.411761,19.446762,23.668415,11.639196,11.48222,22.648771
1417,18.116821,31.983639,22.289568,5.574199,33.913734,4.3638387,24.652868,12.314784,6.661973,5.1206145,13.590613,14.066317,10.580824,19.082644,15.02501,26.261381,31.692232,18.617981,24.828897,23.789284,20.07322,15.484529,29.950842,23.027445,19.477112,12.373149,7.1937437,10.303783,25.185614,14.315158,29.301891,26.396942,17.96137,9.446318,21.962074
1418,20.37269,31.668541,23.190624,6.5803742,30.11694,5.616459,22.691935,12.559771,8.692439,6.2976575,17.476137,13.211008,11.747341,21.078712,13.861054,24.774729,31.664686,18.787207,22.430435,21.748312,16.130884,12.090738,29.883215,24.828522,23.475277,14.798752,7.1985483,10.734436,18.997517,17.83159,28.840233,26.144136,16.270727,10.414324,21.486195
1419,23.789433,26.030678,24.205105,16.208603,28.615973,17.765188,19.190914,9.247492,21.243582,11.467975,8.857193,17.677881,7.120673,15.717291,21.70366,29.760107,20.242435,18.51782,14.713219,19.557589,14.375588,12.681707,24.627048,16.779312,13.409882,9.041247,19.830488,9.0796995,16.852636,5.488214,23.772017,22.312107,10.894523,9.328744,19.16126
1420,19.724152,32.09267,23.569775,7.4039774,34.226532,4.217593,24.821817,12.348371,6.178518,4.1949925,13.603334,13.902697,10.819838,19.30049,14.252014,25.690027,32.262516,19.71508,25.04586,23.925829,20.385635,15.806374,30.245726,24.46779,19.634842,12.888446,6.4938917,10.050241,23.97528,14.510276,29.6972,26.712929,17.798271,10.305916,22.352806
1421,19.203632,31.980911,22.644142,4.4759293,29.930002,2.987552,23.023626,13.071584,5.326736,4.821607,17.996822,12.174371,12.2543,22.00541,11.415552,22.507814,34.12682,18.83119,24.52009,21.268353,16.572058,12.293914,30.235106,26.87114,24.6253,16.137447,4.4770737,11.205372,20.062843,20.44775,29.238758,26.46347,18.23795,10.498642,21.737032
1422,18.65546,31.950624,22.163124,4.407442,31.341835,4.455046,23.107275,12.609233,7.3785267,5.8817973,16.956135,12.883207,11.623934,21.00561,13.467885,24.645853,32.689346,18.107489,23.57761,21.848974,16.840317,12.605189,30.01341,24.609638,23.543756,14.583244,6.4756904,10.972104,21.128183,18.15738,29.008121,26.19577,17.38476,9.740408,21.40322
1423,18.65411,31.367758,22.258207,6.016573,32.317078,5.63165,23.564035,12.148934,8.330345,5.9924364,14.378685,14.00489,10.65315,19.361591,15.215705,26.103182,30.741077,18.278496,23.301296,22.746838,18.421417,14.2017145,29.396883,22.706448,20.19839,12.698172,8.104726,10.382476,23.025633,14.6633005,28.587217,25.866972,16.999424,9.428631,21.426945
1424,19.358204,31.926928,22.806282,5.9564095,32.33735,5.284693,23.590689,12.443266,8.0756855,5.639766,15.552076,13.662269,11.223295,20.210876,14.498806,25.762037,31.936153,18.629763,23.525558,22.637339,17.997665,13.718354,29.99629,23.950012,21.698555,13.609274,7.4097843,10.565313,22.150484,16.021446,29.103884,26.28997,17.155424,9.840111,21.656069
1425,23.19203,30.2513,23.198963,8.813132,19.080221,11.916155,18.15833,13.75728,17.990168,9.214542,21.865202,13.508918,11.99011,23.908867,16.34804,27.116972,28.533932,17.399778,16.891418,17.466143,8.8723,6.152964,28.178213,23.835506,29.485489,17.82752,12.306158,12.351799,11.040314,22.49204,26.399303,24.370564,13.897064,10.708693,19.563519
1426,28.442371,28.080637,28.7511,23.129736,33.05181,15.347591,22.294138,9.279059,18.406347,9.1698,10.093147,17.267237,8.006042,14.9167795,21.222971,29.909674,20.957102,22.627356,16.163513,23.155983,18.434347,16.103193,27.109312,19.339424,12.093935,8.270896,16.725222,7.24663,14.052895,4.00634,27.051535,24.463484,8.950121,11.810203,21.294882
1427,21.490934,23.497261,21.978254,12.208681,16.44925,29.021667,16.412436,10.65934,32.02229,24.252886,7.3323555,26.21041,7.493532,17.894638,30.950325,33.626694,8.771932,18.419836,7.623128,19.200426,6.9016533,4.9419904,22.46591,14.581231,12.035942,11.451473,31.488745,17.081182,18.685713,2.645588,19.681044,23.446077,11.275565,11.140659,22.199522
1428,19.251589,32.36701,22.459976,4.119042,30.205511,4.4406023,22.806978,12.991396,7.7347016,6.500928,19.137085,12.651969,12.30691,22.153906,13.065685,24.175074,33.41604,18.166975,23.32973,21.44326,15.683136,11.541209,30.417538,25.544586,25.465736,15.880171,6.235361,11.281885,19.370008,20.238842,29.23866,26.417011,17.277035,9.939052,21.481714
1429,18.306677,32.42958,22.006271,3.3143642,32.000156,3.7028713,23.249058,12.781054,6.706501,5.372029,17.565142,12.4556675,11.956974,21.457718,12.850184,24.431578,33.95451,17.912886,24.096977,21.835516,16.757902,12.419529,30.438116,25.184708,24.54456,15.003095,5.7191896,11.112415,21.450216,19.092047,29.379778,26.434067,17.816753,9.599524,21.426966
1430,22.84391,29.614697,22.633186,7.619618,16.304361,10.723868,17.3492,13.964287,16.557463,9.676582,24.015192,12.786211,12.579343,24.47903,14.59289,24.492628,28.527754,16.99021,16.548895,15.932833,7.648921,4.914302,27.724344,24.384628,30.207806,18.930975,10.944836,12.340089,8.944711,24.516378,25.879148,23.864521,13.990384,10.698223,19.067556
1431,27.4045,25.998997,27.502405,22.386183,30.910324,18.233698,20.135746,8.919802,20.431055,8.926562,6.4161735,17.81382,6.593752,15.252629,20.879707,29.479042,21.277538,21.736486,15.776495,20.18926,16.72203,15.236008,25.026613,19.26241,11.254979,8.476944,19.502512,8.275858,16.867188,3.6600869,24.641,23.029823,11.001302,11.161556,20.27423
1432,19.999464,31.384054,22.504366,4.1249213,21.630217,2.037697,21.367922,14.490604,4.653544,6.030577,23.411507,11.310949,13.629522,24.855698,8.995934,18.682896,34.76938,18.855722,24.110355,18.729742,13.251045,9.398767,29.74323,29.261707,27.957607,20.00559,2.822913,11.828644,15.201095,26.83094,28.379034,25.96119,18.829363,11.028627,21.4414
1433,18.068457,30.763084,22.34812,9.72729,35.444447,6.033353,26.060041,11.230738,8.172873,5.321573,8.114966,16.095547,7.9313755,14.868522,19.129719,29.756805,26.57073,19.00487,24.50006,26.016663,24.223316,19.336525,28.678755,18.20253,12.042974,7.6414213,10.245075,8.609814,28.849379,6.833806,28.798786,25.624317,16.661781,9.076831,21.873816
1434,19.442375,31.744495,22.399483,5.0392647,30.201174,5.6213217,22.40525,12.614029,8.994318,6.419717,17.707384,12.95631,11.71643,21.360786,13.840627,24.995758,32.192097,17.969587,22.505842,21.207148,15.737721,11.737504,29.809898,24.430637,24.296423,14.899042,7.359103,11.007454,19.563803,18.489874,28.682909,25.925129,16.715004,9.800036,21.067099
1435,22.370832,31.328672,23.486124,6.498312,16.148838,4.4582224,20.15005,15.31486,8.3250265,7.8916698,26.4964,12.00811,14.165924,26.164934,10.44534,19.675806,33.01258,19.204294,21.799623,17.86057,10.594016,7.0343146,29.71411,29.162682,29.889067,21.40272,4.881713,12.207289,11.283724,28.702988,28.046215,25.880386,17.390438,11.902894,21.361315
1436,17.84129,32.049408,22.122248,5.2497106,34.31057,4.088875,24.735252,12.295088,6.411035,4.8996735,13.496864,13.930404,10.532398,19.008682,14.925372,26.295937,31.958958,18.461256,25.036001,23.854256,20.2366,15.623098,29.96462,22.934776,19.524324,12.289587,7.004275,10.230209,25.495016,14.341205,29.34003,26.358084,18.082094,9.268984,21.888464
1437,19.62629,31.63788,22.70861,4.7796044,27.935118,3.0618637,22.462456,13.24917,5.483958,5.208771,19.108625,11.991928,12.501774,22.502312,10.955215,21.654501,33.82074,18.87465,24.035501,20.571348,15.649215,11.5133505,29.966095,27.283535,25.2499,16.899008,4.2874036,11.283453,18.441393,21.586584,28.894442,26.228931,18.025023,10.714527,21.578539
1438,22.866346,26.313335,23.514877,13.243673,23.012255,24.335953,18.888395,10.542484,28.055618,20.470827,9.710194,23.362057,8.096784,17.608877,28.522875,33.54539,13.842379,18.76768,11.165334,20.95793,10.834214,8.573705,25.020279,15.681589,13.679644,10.804714,26.961674,14.201183,18.135576,4.418941,23.004284,24.271994,11.056366,10.605158,21.854551
1439,26.33694,29.374043,27.284897,16.733015,31.038706,9.80654,21.609617,11.037946,12.059792,3.7002654,12.601077,13.969868,10.193097,18.742798,14.467456,25.640623,28.642296,21.89538,19.743362,21.057755,17.195303,14.053994,28.301529,25.084055,18.631569,12.580191,9.729418,8.858839,15.756183,11.713901,27.759895,25.186983,13.4802475,12.373022,21.237352
1440,18.405836,30.576202,21.40434,5.4710226,30.274315,7.2553186,22.05274,11.857785,10.826727,7.8090253,15.529686,13.8005905,10.480688,19.685991,15.860143,26.272375,29.382725,17.06354,21.414925,21.236881,16.102272,12.423215,28.52021,21.523785,21.601105,13.042861,9.633056,10.603996,20.561083,15.576734,27.505478,24.91381,15.9006,8.809497,20.3827
1441,22.707054,30.328053,23.33675,8.317054,23.28192,9.851875,19.315058,12.775818,14.889172,9.255973,21.47675,13.09979,12.135738,22.751045,15.094929,25.233213,28.975075,17.742376,17.900196,18.470423,10.645839,7.7364793,28.525515,23.997692,27.365955,16.781286,10.474356,11.280544,11.452171,20.83296,27.0036,24.628193,13.533448,10.480278,19.864042
1442,17.896582,33.02698,22.39133,4.0235834,35.14407,3.0960872,24.995241,12.744856,5.4414425,4.386347,14.976648,13.308263,11.311941,20.312582,13.740212,25.666582,34.349464,18.645514,26.013672,23.74692,19.86071,15.179538,30.902395,24.71307,21.846857,13.608965,5.7921443,10.702165,25.337206,16.662565,30.163572,27.028965,18.924355,9.458638,22.243443
1443,20.303898,31.471,22.963282,6.1797442,28.682842,5.268709,22.21949,12.759592,8.41762,6.4647536,18.482672,12.7915,11.981759,21.68736,13.154677,23.8654,31.923222,18.618355,22.394398,20.978252,15.353795,11.418162,29.709852,25.39138,24.516802,15.655215,6.699118,10.9568405,17.882776,19.412,28.610203,25.947506,16.48102,10.468885,21.282503
1444,23.354408,30.216253,23.041775,8.921403,18.02363,13.646568,17.708643,13.839937,20.393763,10.476974,22.252016,14.109267,11.862628,23.87664,17.965923,28.58712,27.268887,16.947811,15.659293,17.265879,7.9258537,5.3543034,28.042196,22.585588,29.814636,17.515238,14.226897,12.665246,10.560292,22.07329,26.151491,24.208328,13.13443,10.492874,19.325094
1445,22.80632,29.296198,24.561745,15.202344,33.24063,14.674706,23.340448,9.836974,18.963984,12.868896,10.910337,18.466867,7.7135615,14.821248,24.085764,32.326485,20.508865,18.974873,17.544493,24.417973,18.921806,16.024723,27.483107,15.273457,12.231431,7.6297784,18.329222,8.218697,19.694841,4.547921,27.085629,24.451105,10.845043,8.774378,20.889492
1446,19.805256,31.108868,22.473976,4.706927,23.995785,2.5468316,21.609425,13.797166,5.01582,5.581022,21.206827,11.5161,12.948366,23.542376,9.773007,19.771332,33.859703,18.784037,23.817684,19.346981,14.19836,10.299283,29.47532,28.125898,26.42125,18.466896,3.4716387,11.427765,16.264908,24.252493,28.283413,25.78043,18.23032,10.852467,21.296724
1447,17.708601,31.86073,22.155338,7.2006803,35.557236,5.6054125,25.869371,11.865858,8.043695,5.754473,10.585013,15.630984,9.125181,16.86569,18.167336,29.2396,29.061005,18.641008,24.965261,25.55444,22.755219,17.90571,29.656101,19.931656,15.466892,9.581671,9.53219,9.660011,28.417402,10.030157,29.384844,26.299007,17.573425,8.946433,22.139635
1448,18.937733,32.061066,22.166954,3.3132048,27.330927,2.5994606,22.420118,13.613094,5.369678,5.561168,20.418413,11.758387,12.842913,23.198925,10.765562,21.54614,34.65988,18.344736,24.333324,20.360624,15.126569,10.972448,30.237486,27.366404,26.459387,17.509592,4.0122924,11.557247,18.598913,23.056005,29.03213,26.310696,18.479279,10.302959,21.482573
1449,25.277435,29.971952,25.7861,12.8489685,27.528992,11.347884,20.028593,11.822744,15.210928,7.0022273,17.052364,13.861772,11.331995,21.01667,15.447251,26.33452,28.517607,19.941465,17.76122,19.383667,13.0776,10.1099205,28.632147,24.607,23.676847,14.594944,11.3099785,10.562434,13.060765,15.783467,27.453695,25.116505,12.973441,11.75854,20.558594
1450,19.058884,32.694218,22.922085,4.27252,32.67037,2.9228418,23.891762,12.970634,5.1657057,4.408121,17.00084,12.468615,12.156254,21.684784,11.949661,23.573618,34.89198,19.053728,25.288757,22.268923,17.764263,13.313996,30.868643,26.814724,24.194042,15.496076,4.6561346,11.193375,21.865139,19.36287,29.95078,27.011677,18.58837,10.388275,22.154547
1451,21.685997,31.934765,23.548904,5.832313,24.021723,4.862815,21.246803,13.945963,8.503677,7.189132,23.105562,12.146027,13.475889,24.475689,11.4599085,21.840357,33.538857,18.960371,22.200964,19.384016,12.767022,9.044778,30.255287,28.03097,28.40392,18.958296,5.546395,11.747618,14.098369,24.64446,28.785929,26.249928,16.942528,11.227841,21.402445
1452,18.361233,31.562153,22.882248,9.949085,36.481247,5.832658,26.910795,11.607711,7.789866,4.878212,7.696693,16.464542,8.005645,15.240338,19.352938,30.42377,27.665035,19.613382,25.76234,26.709093,25.397873,20.293571,29.432642,18.988743,12.114604,7.851111,10.188918,8.905674,30.482328,7.083871,29.606266,26.341877,17.71925,9.394602,22.528713
1453,23.634869,29.298773,23.643173,10.438856,24.611708,15.459864,18.715261,11.619748,21.15042,13.44247,18.69901,15.856409,10.655814,20.909899,19.990997,29.069338,24.084036,17.297037,14.800452,18.865656,10.221252,7.877865,27.440094,20.273373,24.365438,14.710891,16.722221,11.452829,11.261323,15.763226,25.848745,23.948275,11.430467,9.797964,19.543383
1454,17.240112,32.06848,21.991388,6.4114146,35.98983,4.228423,26.106894,12.025882,6.305554,4.640721,10.6302595,15.024303,9.312937,17.155647,16.914803,28.298067,30.490046,18.682922,25.996805,25.546751,23.112068,18.110165,29.848564,20.905796,16.006006,10.054335,8.100744,9.640979,29.035614,11.029187,29.612505,26.425697,18.38425,8.966696,22.2268
1455,29.330635,30.0213,29.098177,17.705078,26.193808,9.375747,20.49513,12.156862,11.727697,5.683309,18.599737,13.122611,12.377237,21.85913,12.514719,22.756254,29.121021,23.509272,18.219284,19.054506,13.588723,10.091428,29.73,29.587875,24.410336,16.363842,7.737614,10.881458,7.9688034,17.61934,29.06147,26.396275,12.542852,15.3572445,22.050835
1456,20.5824,31.623875,23.11651,6.057625,28.618002,5.375678,22.054312,12.861973,8.605658,6.155004,18.793173,12.634754,12.17963,22.034508,12.874178,23.860363,32.435665,18.631674,22.326054,20.710238,15.039933,11.107547,29.878311,25.793415,25.148323,15.953791,6.5930567,11.069487,17.6404,19.823793,28.71642,26.03194,16.562582,10.560716,21.238123
1457,24.89967,28.033651,26.286892,18.235304,31.876272,11.167535,22.081215,10.185189,13.158862,4.162637,8.403377,15.131504,8.060751,16.024876,17.01995,27.44356,25.612873,21.379356,19.803503,21.736654,19.414852,16.512348,26.78736,21.38808,13.7153635,9.430272,12.308728,7.9582343,19.183325,7.2901134,26.671227,24.116226,13.272219,11.226532,20.741747
1458,18.423775,32.64733,22.737972,4.982625,34.865116,3.451006,24.879286,12.555527,5.607655,4.517521,14.6563015,13.514755,11.223244,19.974277,13.834372,25.446518,33.55511,18.9734,25.54932,23.766401,19.86614,15.238966,30.63943,24.635258,21.077827,13.403219,5.9953957,10.5097685,24.690153,15.921469,29.936642,26.90657,18.438826,9.716981,22.284033
1459,25.885834,29.697605,25.461641,13.032628,24.020481,14.130594,18.662836,12.048252,19.469603,10.569724,19.713228,14.570074,11.349164,21.707603,17.745434,27.808558,25.984608,18.954424,15.180285,18.336271,10.247639,7.74514,28.150991,22.939732,25.854023,15.505901,14.3618145,11.190109,9.330731,17.313541,26.753923,24.487913,11.348284,11.389143,19.863674
1460,29.62542,28.14632,29.60687,22.716928,30.481443,13.070181,21.300253,10.079376,15.077556,6.0045123,11.604287,15.509542,9.55875,17.15431,16.897167,26.504354,23.931042,23.85491,16.747707,21.428295,16.986399,14.224857,27.650179,24.055136,15.396512,10.988711,12.671848,8.359915,12.188118,7.772619,27.369024,25.110172,10.3329735,13.897642,21.705603
1461,17.965605,33.023857,22.044033,2.9549375,33.384037,3.309882,24.002317,12.931028,6.2338815,5.082384,17.105951,12.684286,11.897499,21.383186,13.171588,25.076944,34.66806,18.037886,25.049187,22.59343,17.792995,13.281669,30.915052,25.178368,24.270994,14.753592,5.6554346,11.148884,23.087404,18.827446,29.927235,26.84252,18.467686,9.449265,21.783747
1462,22.47829,30.209927,23.05226,7.972658,23.197714,10.940916,19.018576,12.692622,16.255344,10.065318,21.14345,13.491484,11.926016,22.711254,15.963967,26.049322,28.371109,17.340952,17.359936,18.254631,10.220651,7.4268765,28.339659,23.327751,27.430647,16.606415,11.678947,11.597395,11.688169,20.43373,26.727983,24.476734,13.439133,10.181913,19.68118
1463,18.488762,32.459766,22.117805,3.6535459,31.75059,4.0499153,23.270506,12.842261,7.117261,5.5484457,17.481169,12.650343,11.88187,21.490303,13.176014,24.74716,33.76602,18.001938,24.05904,21.869747,16.802332,12.489138,30.45489,25.0814,24.461681,14.962329,6.0922103,11.15475,21.541042,19.006327,29.396917,26.470404,17.83051,9.669563,21.48012
1464,20.02431,29.936249,23.469784,11.541319,33.621716,6.2453194,24.848536,11.169741,7.8589034,4.0851045,8.465864,15.349609,8.448625,15.666141,17.091055,27.722725,26.957136,19.935888,23.694887,24.557426,22.841871,18.213634,28.25973,20.553204,13.18908,9.106949,9.149137,8.723633,25.657728,8.108736,28.27436,25.38807,16.327702,10.287271,21.755611
1465,32.07351,26.307655,31.130651,28.226446,32.341312,15.571769,19.80493,8.904997,17.480896,2.497901,7.478259,14.381182,7.588067,16.221466,15.82957,26.74441,25.321133,24.544788,16.478786,19.159296,17.406923,16.176998,25.74755,24.186707,14.042829,9.801298,14.261501,6.556606,11.5222645,6.009975,25.845903,23.237392,10.105816,13.351667,20.141851
1466,19.790474,31.808624,22.77682,5.0065417,28.547316,3.7978528,22.491385,13.108246,6.5944943,5.625177,19.016676,12.278774,12.390781,22.253044,11.848715,22.725658,33.365417,18.708235,23.477623,20.890364,15.569429,11.43257,30.075705,26.548454,25.161404,16.380688,5.1514874,11.178968,18.51539,20.767178,28.96245,26.259033,17.466654,10.5709915,21.513035
1467,26.097353,28.372665,27.567657,20.317728,33.10885,10.599749,23.040646,10.24332,11.981105,3.1122732,7.2934895,15.335833,7.938544,15.746811,16.75379,27.411684,26.119465,22.786032,21.01763,22.587069,21.200153,18.09402,27.279139,22.532473,12.668186,9.299372,11.682179,7.69258,19.948341,6.652864,27.437536,24.728456,13.854592,12.133488,21.52161
1468,21.723194,31.444256,23.551949,7.24454,27.358843,6.9753656,21.343739,12.793276,10.92494,7.427863,20.117605,12.894162,12.289224,22.274326,13.847061,24.546808,31.302753,18.530169,20.727005,20.305796,13.629528,10.050724,29.676018,25.178055,25.937029,16.18474,8.024095,10.945734,15.153451,20.021313,28.401041,25.72934,15.1766,10.595375,20.913557
1469,19.2979,32.39338,22.552364,3.3491883,26.728212,1.96772,22.625643,14.065767,4.476368,5.0696363,20.98652,11.61314,13.207337,23.963223,9.957456,20.817102,35.77719,18.844337,25.21946,20.2534,15.270632,11.079696,30.605478,28.688133,27.16623,18.469418,3.1916528,11.830683,18.617523,24.475866,29.395748,26.672905,19.335257,10.703054,21.853441
1470,18.447813,32.432686,22.321894,3.9523468,32.686226,3.4223046,23.720226,12.726699,6.0356364,4.9729347,16.722181,12.664041,11.783883,21.079676,12.826515,24.365282,33.92376,18.384342,24.625864,22.328943,17.67628,13.243724,30.485823,25.340683,23.563744,14.684814,5.5043497,10.938628,22.199463,18.35942,29.551212,26.596786,18.06184,9.795599,21.738201
1471,29.891922,25.696882,29.481602,25.926645,31.066172,16.371267,19.87359,8.801949,17.869095,5.1739745,6.5143976,15.833685,7.129854,15.479842,17.668015,27.163618,22.74871,23.61159,16.065134,19.479494,17.305418,15.8010845,25.144701,22.262032,12.082163,9.077724,16.031477,7.5248256,13.745689,4.6048017,25.10756,23.112635,10.467602,12.828672,20.33474
1472,27.1814,29.10766,26.788422,15.78577,24.307531,13.208238,18.914824,11.840066,17.346912,8.716386,18.209131,14.219371,11.183689,21.31264,16.087212,26.11775,26.3336,20.66903,15.897655,18.298935,11.448454,8.956029,27.922096,24.65548,24.160599,15.342247,12.824617,10.770583,9.289015,16.474455,26.794909,24.628216,11.711712,12.52552,20.381775
1473,25.186962,24.561447,24.562038,16.531406,23.82614,26.512756,16.326563,9.430619,30.652195,18.68242,8.994568,21.722267,7.2902613,17.500387,26.653347,32.516613,14.983292,18.521723,9.184625,17.77819,8.499234,7.800112,23.236418,15.875952,14.885925,11.026933,28.13001,12.71995,13.759117,4.5732083,21.296432,22.220142,9.615269,9.868575,19.797552
1474,20.053432,31.573153,22.478033,4.364983,24.134941,3.6559348,21.406122,13.830947,6.907459,6.8416524,22.379202,11.840654,13.186453,23.954811,10.903214,21.040709,33.597137,18.377937,22.895283,19.406134,13.322688,9.481889,29.823008,27.50822,27.527046,18.543406,4.702167,11.655296,15.56619,24.446068,28.431576,25.921043,17.568464,10.632097,21.19997
1475,18.194061,30.654648,21.875877,7.695181,33.4989,7.22311,24.167002,11.480377,10.028792,6.323877,10.908734,15.344499,9.008485,16.96617,18.06977,28.776304,27.784912,18.001453,22.925865,23.81864,20.651215,16.337307,28.551971,19.404251,16.064257,9.829823,10.570342,9.67384,25.761044,10.154279,28.098383,25.277195,16.422567,8.769217,21.14894
1476,23.518742,30.36058,25.296038,11.5692835,29.945238,7.6960764,22.066254,11.729059,10.352596,6.1785254,15.999917,13.819616,11.3388405,19.810307,14.375085,24.697134,28.905415,20.410967,20.2183,21.515429,16.143358,12.399315,29.09881,24.861288,20.971891,13.832983,8.373752,9.910014,15.813681,14.615557,28.26277,25.756681,14.037502,11.7130165,21.50553
1477,18.030634,31.96956,22.663498,8.299718,36.469517,4.814193,26.63023,11.888865,6.729241,4.393332,9.163082,15.676423,8.760206,16.347952,17.860067,29.2564,29.50941,19.363543,26.153566,26.196981,24.445976,19.323666,29.817503,20.405361,14.252716,9.153813,8.835571,9.303765,29.824034,9.273463,29.798513,26.53954,18.269375,9.361409,22.508818
1478,21.989426,31.033804,22.90413,6.210109,11.148672,3.8764985,19.658762,16.31773,8.01034,8.1821165,28.357557,11.922009,14.384958,27.057476,10.04772,18.670599,32.827503,18.960928,21.949127,17.08623,9.571049,6.0414906,29.311686,29.32943,30.638855,22.67739,4.4647107,12.5017605,10.641122,31.241623,27.547955,25.560547,18.06932,11.8971,21.244635
1479,26.637787,26.617947,25.925047,17.107965,26.36593,19.422321,17.736122,9.855761,23.604162,13.034289,12.826749,17.39583,8.782645,18.175993,21.157509,29.409426,20.31522,19.385462,12.332085,18.225754,10.9815855,9.399856,25.414799,19.48954,18.432276,12.078491,20.06876,10.600431,10.808557,8.956213,24.164745,22.958397,9.684206,10.919266,19.473671
1480,30.933834,26.903414,30.688286,27.026434,32.898216,14.201244,21.167048,9.245483,15.532082,2.565176,6.7149787,15.020554,7.5969973,15.851851,16.286444,26.970583,25.26405,24.756182,18.215893,20.610872,19.32915,17.450928,26.301134,24.12449,12.806311,9.552021,13.582062,6.908787,14.376515,5.601688,26.534986,23.956955,11.423056,13.532433,21.006832
1481,22.259125,28.338097,24.809631,16.218279,32.88847,9.187069,23.758814,10.311704,10.756758,4.3867283,6.7304378,15.769113,7.4042754,14.640918,18.016367,27.996067,24.795012,20.82691,21.792685,23.509193,22.165436,18.537422,26.895416,19.67915,11.091262,8.000043,11.687931,7.8304195,23.41205,5.7922435,27.068115,24.382463,14.568476,10.559895,21.217007
1482,21.295708,28.588404,24.177313,15.302059,33.524803,9.511701,24.08613,10.334017,11.332352,5.030047,6.4332805,16.147783,7.0777006,14.391856,19.017525,29.012386,24.675533,20.250029,22.058102,23.881456,22.578983,18.957146,26.921965,18.514505,10.701124,7.4007235,12.561775,7.8886075,24.948109,5.31408,27.09374,24.339186,14.844391,9.825752,21.129549
1483,24.272589,24.23695,23.893772,15.627531,20.856653,28.539417,16.934761,9.660987,32.053577,22.437748,8.022624,24.822302,6.9675903,17.160402,29.95293,33.730774,11.7277775,18.796902,8.5108185,19.116796,8.075913,6.8645444,23.317095,14.72714,11.669018,10.345093,31.259375,14.211983,17.215605,2.3354352,20.971708,23.139147,9.923296,10.663899,21.233675
1484,26.339413,27.962416,26.908194,19.255232,31.343508,14.833689,21.349974,9.677418,17.959337,9.145223,10.607719,16.714336,8.328708,16.069172,20.135107,29.139656,22.231325,21.10212,16.529112,21.747814,17.054325,14.646489,26.81574,19.623398,14.069763,9.401228,16.153744,8.333229,15.418272,6.23506,26.398111,24.113894,10.550177,11.101109,20.696993
1485,26.898775,29.542732,27.066162,15.241938,27.43318,10.646666,19.980402,11.559942,13.889963,6.065194,17.036375,13.373877,11.492513,20.819002,14.071042,24.760061,28.452099,21.210264,17.614511,19.175665,13.334542,10.376462,28.595266,26.05297,22.990055,14.76879,9.977791,10.035997,11.168547,15.556498,27.601046,25.204258,12.401886,12.825686,20.796232
1486,25.783672,28.0834,27.023819,19.605646,31.979946,12.041691,22.913755,9.677192,14.224026,8.199266,9.855125,16.76105,8.357204,14.845468,19.616787,28.064482,21.292997,22.063467,17.77594,23.739614,19.423971,16.163673,27.133293,19.831688,11.70529,8.552071,13.639141,7.7747774,16.401148,4.8305106,27.08203,24.71707,10.506273,11.9458885,21.648712
1487,18.006996,31.813349,21.717743,4.508103,32.06534,5.3072767,23.417608,12.411835,8.391297,6.3653865,15.574082,13.633638,10.954647,20.116718,15.008661,26.11389,31.646976,17.698645,23.516376,22.418316,17.715893,13.499732,29.699326,22.898209,21.898636,13.355363,7.8991876,10.777574,22.932508,16.308386,28.765396,25.957909,17.367352,9.105098,21.276106
1488,23.060009,28.99356,24.853405,16.597782,33.85697,14.866648,23.726282,9.462741,19.047144,13.230311,10.031837,18.790468,7.1272554,13.9184065,24.643766,32.509712,19.56511,19.286062,17.565804,24.954855,19.745708,16.983707,27.204351,14.473525,10.484959,6.759645,18.81339,7.520495,19.852148,3.0922513,26.9986,24.259089,10.375534,8.632198,20.918987
1489,18.76331,32.547924,22.630154,3.9681969,32.719963,3.1074336,23.735975,12.80608,5.5012975,4.822808,17.123192,12.484951,12.086179,21.472172,12.220926,23.709755,34.44348,18.720058,24.84835,22.234968,17.494146,13.077086,30.686026,26.233154,24.097546,15.238123,4.9478536,11.109373,21.650743,19.04838,29.738497,26.813904,18.20447,10.1185055,21.953419
1490,25.72683,29.321836,25.73678,14.589377,29.970572,15.179249,20.180912,10.411171,20.257235,11.317064,16.04023,16.069777,10.03788,18.556198,20.224781,29.726702,23.698631,18.947231,14.961944,20.70865,13.439866,10.978135,27.79772,19.73414,20.101286,11.974466,16.288017,9.341196,11.8814335,10.715322,26.710487,24.242313,9.844202,10.227448,19.924196
1491,22.918917,27.094992,24.01884,15.136153,29.93376,17.654018,20.693779,9.640398,20.97146,12.438111,8.261664,18.922428,7.0429378,15.645489,23.254099,31.217913,20.392378,18.7068,16.163082,21.224493,16.041254,13.889934,25.548489,16.322308,12.408916,8.596195,20.570406,9.596026,20.182364,4.7864785,24.703066,23.289738,12.050252,9.208256,20.153778
1492,19.347103,31.988487,22.585558,4.509084,29.383677,3.434138,22.762611,13.098536,6.1415963,5.2098875,18.533993,12.209834,12.2980385,22.11628,11.779694,22.889261,33.838203,18.596226,23.975395,21.116472,16.040226,11.82248,30.202448,26.500753,25.001492,16.152359,4.9306993,11.176506,19.507013,20.571857,29.129625,26.350695,17.83735,10.391299,21.550184
1493,18.789707,32.14964,22.196163,3.3003755,28.117943,2.3443708,22.694147,13.5709305,4.919003,5.081016,19.72705,11.749003,12.709345,23.002796,10.676734,21.646235,34.967594,18.459482,24.802559,20.595726,15.697837,11.472995,30.322958,27.469841,26.115206,17.280344,3.8112245,11.529621,19.406487,22.69803,29.189718,26.41698,18.799898,10.320357,21.592512
1494,24.109163,29.12483,26.121387,16.33524,32.63808,8.231685,23.36929,10.827226,9.662943,2.7666593,8.742962,14.757092,8.746603,16.493889,15.629212,26.585121,27.449955,21.729986,22.094917,22.961655,21.038809,17.285202,27.863604,23.011011,14.351304,10.297474,9.481977,8.253013,21.010029,8.654617,27.841528,25.087975,14.961718,11.793725,21.592821
1495,18.123037,33.147396,22.238403,2.8635106,33.31087,2.8917701,24.04727,13.059782,5.623334,4.8289557,17.401684,12.47847,12.133919,21.763973,12.548748,24.471628,35.27143,18.29922,25.401674,22.4518,17.735744,13.200518,31.105818,25.998184,24.760185,15.251937,5.0645695,11.31193,22.856081,19.561052,30.108526,27.038963,18.783504,9.7121315,21.961447
1496,20.379461,31.93798,23.215042,5.801852,29.312395,4.5123897,22.574535,12.975693,7.4608407,5.5658293,18.563059,12.544165,12.275395,22.016953,12.440331,23.574896,33.13362,18.906607,23.12677,21.16302,15.7362795,11.612025,30.214813,26.292423,24.900372,15.952898,5.8140984,11.037655,18.554142,19.868517,29.111044,26.366043,17.059101,10.692257,21.564363
1497,18.840298,31.821148,21.948513,3.8926017,28.597399,4.333564,22.303383,13.04624,7.6009645,6.633505,19.283712,12.428932,12.162752,22.240759,12.714691,23.50246,33.029552,17.832273,23.19905,20.754148,15.208407,11.204185,29.856928,25.382586,25.524885,16.154991,6.103965,11.326557,18.923239,20.8935,28.672556,25.943104,17.437933,9.780026,21.129005
1498,18.529942,32.838985,22.891449,5.63364,35.388863,3.7214255,25.383749,12.578938,5.958611,4.4137096,13.8311405,13.974228,10.863731,19.484314,14.711872,26.509333,33.171455,19.123728,25.870888,24.433489,20.866,16.113771,30.74945,23.983475,20.114895,12.734955,6.553846,10.304262,25.827126,14.881347,30.158897,27.017763,18.543858,9.665688,22.441109
1499,18.069721,31.641548,22.520885,8.852364,36.262623,5.9308424,26.479443,11.598675,8.190604,5.3917713,8.792401,16.227156,8.377703,15.656365,19.188007,30.253805,27.826942,19.101294,25.145395,26.379751,24.328241,19.30751,29.462984,18.922161,13.20467,8.249115,10.159338,9.116027,29.608864,7.7705383,29.463854,26.252903,17.338486,9.113711,22.29506
1500,31.971289,26.271969,31.22892,28.557432,32.523163,15.222105,20.387993,8.886028,16.684782,2.6208096,6.673128,14.791582,7.4280787,15.8445635,16.104053,26.686419,24.807285,24.99094,17.113346,19.771854,18.473011,16.993011,25.806765,24.303612,12.906499,9.538634,14.081446,6.6659265,12.4992075,5.3419647,26.024658,23.507212,10.540073,13.718974,20.614286
1501,18.838564,32.366806,22.410055,3.7017286,30.42705,3.0093184,23.163218,13.147015,5.639793,5.1960154,18.504929,12.212705,12.375574,22.186127,11.754924,22.990757,34.457146,18.50932,24.555622,21.451838,16.463402,12.148694,30.508503,26.587496,25.136692,16.135283,4.700905,11.311291,20.397924,20.68784,29.44494,26.59817,18.272545,10.1814995,21.728136
1502,31.936827,25.983168,31.001812,28.431276,32.241207,15.481796,19.75785,8.756498,17.241808,2.3874526,6.9492116,14.356461,7.3735423,15.9032955,15.78333,26.555902,24.953709,24.531816,16.491558,19.08975,17.644543,16.40622,25.462698,24.026169,13.494958,9.560673,14.178056,6.4666443,11.649167,5.6204987,25.62974,23.045975,10.115226,13.368771,20.056612
1503,18.460468,32.38731,22.06747,3.692803,31.362284,4.229209,23.226633,12.862019,7.30915,5.948897,17.617054,12.787571,11.870943,21.521797,13.368922,24.735117,33.449505,17.994696,23.93988,21.837862,16.69009,12.409189,30.383106,24.954437,24.39485,15.00341,6.3141365,11.230934,21.401602,19.054588,29.309963,26.443789,17.78439,9.668771,21.504356
1504,22.266182,30.558802,22.484219,7.4208407,12.540987,7.722292,18.54527,15.496372,13.485215,9.000279,26.29882,12.511689,13.071717,25.843557,13.441745,23.089903,30.430805,17.643896,19.274288,16.813868,8.56756,5.513029,28.480436,25.992699,30.830235,20.685625,8.499918,12.373182,10.326769,28.24218,26.688684,24.587885,16.07252,11.066578,20.021221
1505,27.036083,27.668165,27.667313,21.030733,31.326172,13.526013,21.30292,9.962896,15.670502,4.642212,8.450816,15.511479,8.015433,16.308784,17.672932,27.998306,24.934381,22.21011,18.306366,21.05983,18.228746,15.863189,26.599178,21.78123,13.940441,9.5382805,14.097221,7.969197,17.106262,6.8213663,26.402134,24.029602,12.13417,11.849981,20.717894
1506,28.281591,28.071407,27.7189,18.71424,25.290234,13.554924,18.767775,11.11682,17.02778,6.972749,15.677913,14.11018,10.45417,19.87441,15.704361,25.771334,25.42063,21.620863,15.36012,18.18492,12.383134,10.045699,27.205065,24.488663,21.44043,13.79446,12.79151,9.852111,9.347147,13.588453,26.345266,24.214489,10.898229,13.056501,20.231222
1507,27.496908,29.934887,27.828754,16.55853,29.468327,10.827213,20.984745,11.3056965,13.984464,6.4061456,16.429058,14.112645,11.327024,19.963673,15.160735,25.692204,27.73295,21.862003,17.714537,20.667337,14.689864,11.604236,28.985464,25.433325,21.354794,13.851892,10.470865,9.479606,11.63204,13.586923,28.154024,25.623802,11.760893,12.914936,21.354946
1508,23.474588,28.85833,22.943735,9.158075,19.585691,19.006727,16.906548,12.670245,25.30537,14.828895,18.83398,17.190893,10.774321,22.61022,21.794123,30.892368,23.100407,16.668045,12.91925,17.2058,6.929969,4.776889,26.864962,20.263947,26.674568,16.148548,19.99952,13.797749,11.64597,17.17056,24.646423,23.854115,12.200576,10.176121,19.505325
1509,19.910742,32.08881,23.431068,6.04543,32.446426,3.7601168,23.686197,12.627369,5.868463,4.314998,16.000828,12.799147,11.7795515,20.968746,12.396701,23.817583,33.610573,19.455328,24.529293,22.343248,17.957403,13.613482,30.382973,26.34799,22.858677,14.856878,5.290043,10.764706,21.253721,17.806845,29.549662,26.710075,17.811367,10.677471,22.075209
1510,21.924786,30.801165,22.62055,6.6386833,10.059211,4.7081347,19.29209,16.401646,9.298481,8.343933,27.967852,12.108311,13.958019,26.944347,10.915728,19.71818,32.098434,18.624907,21.46311,16.898355,9.236249,5.798865,28.941832,28.524529,30.754911,22.448706,5.422385,12.578144,10.74288,31.070072,27.166151,25.224094,17.915163,11.783965,20.944477
1511,30.803215,28.372942,30.541153,23.351412,30.69488,12.435646,21.257862,10.19106,14.021574,5.2345524,12.207011,15.062082,10.100992,17.751684,15.612431,25.424982,24.861645,24.737463,16.835697,21.101942,16.774498,13.765944,28.190317,26.002106,16.590364,11.830995,11.277129,8.720697,10.504353,8.6730795,27.98759,25.587269,10.343096,15.037174,22.070639
1512,22.6823,30.315346,23.231777,8.047612,23.955442,11.635979,19.003405,12.619786,16.979351,9.789929,20.429707,13.731704,11.85465,22.5524,16.41579,26.858953,28.316975,17.379995,17.073074,18.33921,10.301068,7.437447,28.456339,23.159985,27.31994,16.211731,12.270919,11.763572,12.261571,19.563555,26.812302,24.604057,13.349725,10.261698,19.71214
1513,21.934677,30.49324,23.632755,9.110514,29.357775,9.933998,21.272646,11.841677,13.873208,7.7436523,16.216795,14.371864,10.908631,20.045935,16.619822,27.277315,28.415932,18.352427,19.252583,20.819904,14.819388,11.402677,28.72726,22.259823,22.109879,13.32953,11.279312,10.453486,17.207333,14.679654,27.596842,25.108326,14.0556755,10.095478,20.52304
1514,18.675226,31.668816,23.158152,10.479831,36.67678,6.17107,27.092089,11.597734,8.191141,5.2021704,7.6917086,16.730278,7.9565268,15.128706,19.814833,30.792557,27.359583,19.818464,25.668919,26.970884,25.571007,20.489384,29.540537,18.802933,11.83925,7.67343,10.609364,8.832092,30.407808,6.7235284,29.746836,26.455868,17.500313,9.471205,22.668907
1515,27.009907,27.894318,28.119017,21.24153,32.071964,10.829585,22.430624,10.081606,11.956616,3.3646793,7.8868375,15.132396,8.256857,15.950803,16.076962,26.334063,25.444267,23.310143,19.994148,21.982191,20.18953,17.152203,27.096292,23.349651,12.908117,9.707106,11.307451,7.841306,17.829802,6.81274,27.198008,24.696323,13.066508,12.857603,21.547876
1516,21.538471,31.312181,23.505455,6.763219,25.868265,5.3324156,21.334215,13.197737,8.668103,6.5352635,20.65347,12.306425,12.681404,22.972525,12.0136175,22.541838,32.37237,18.935389,21.788649,19.811163,13.710304,9.974936,29.687153,26.857693,26.39947,17.342234,6.087051,11.181903,15.028077,21.841974,28.414541,25.854599,16.289743,11.081185,21.155872
1517,18.153484,32.313797,21.962309,3.5291152,31.998692,3.4913108,23.413927,12.772924,6.2991557,5.1237783,16.989017,12.505927,11.759211,21.219387,12.819125,24.356085,33.846367,18.025805,24.425728,21.968325,17.214828,12.837184,30.329454,25.129951,23.985327,14.797325,5.5945735,11.038502,22.00691,18.803885,29.346548,26.406029,18.052792,9.63732,21.492807
1518,21.356457,29.984241,24.681055,13.958237,34.266186,6.764578,25.396614,11.142537,7.998189,3.631558,7.3310885,15.824181,8.142447,15.333877,17.494678,28.109655,26.799297,21.118168,24.206863,25.076143,23.962734,19.40553,28.437698,21.056452,12.0289955,8.782291,9.633722,8.470816,25.970871,7.1838045,28.663279,25.72358,16.448885,10.964007,22.28716
1519,20.862663,29.053057,23.804304,13.432613,32.994713,8.277436,23.99669,10.69934,10.135473,4.749136,7.8485646,15.627016,7.886419,15.218096,17.950535,28.193037,25.616596,19.944424,22.267477,23.780361,21.937798,17.953661,27.415903,19.569153,12.408142,8.47603,11.029863,8.373632,24.374994,6.964552,27.423231,24.683449,15.200315,10.065463,21.232485
1520,29.28186,30.040182,28.613968,17.69626,24.832441,12.130743,19.679914,12.244876,15.949514,7.548084,19.442865,13.901727,12.000887,21.751568,15.19904,25.532244,27.380468,22.335188,16.255243,18.757223,11.985803,8.948827,29.320791,26.84564,24.965845,15.731302,11.180611,10.821516,7.6250315,17.077475,28.4189,25.809002,11.291685,14.298244,21.27832
1521,25.912802,25.4777,24.746233,15.987359,24.368284,27.260897,16.15751,9.52273,32.392372,19.146408,10.972347,21.568672,7.46525,18.122257,27.326279,33.692986,16.420511,17.770327,8.855929,17.404856,7.4595623,6.9892154,24.06853,15.49325,16.559492,11.177358,29.275938,12.27079,13.141107,5.7311964,21.994732,22.313553,9.001244,9.455896,19.24262
1522,19.112923,32.340652,22.577862,3.842412,29.558302,2.6458151,23.033188,13.382679,5.140557,4.7431436,18.81832,11.974975,12.546928,22.61311,11.08542,22.353033,34.955696,18.73852,24.885176,21.09688,16.312548,12.016736,30.540329,27.36986,25.578619,16.734943,4.1205344,11.424822,20.04281,21.610506,29.475546,26.64001,18.667702,10.465096,21.779064
1523,24.990696,28.994144,26.544374,15.549104,29.437935,8.880907,22.33364,11.078888,10.448752,6.735215,13.435453,14.971657,10.476347,18.29084,15.223913,24.124819,25.899137,22.067753,19.64116,22.10043,17.438686,13.885834,28.161474,24.630522,17.023132,12.686237,9.343103,9.437624,15.259803,11.458642,27.635561,25.578144,13.15874,12.763558,22.122381
1524,18.982208,30.45371,23.105865,12.021739,35.14112,7.159052,26.37282,11.130423,9.076158,5.7742805,6.925304,16.913242,7.3899126,14.24207,20.253704,30.431099,25.212036,19.810272,24.352898,26.431684,25.006138,20.242716,28.473333,17.735235,10.303427,6.9199715,11.496148,8.368204,29.08128,5.345646,28.7548,25.672977,16.347267,9.4984255,22.209599
1525,19.93507,31.900581,22.837341,5.061747,28.745749,4.130513,22.413778,13.093884,7.115745,5.6859627,19.081331,12.307291,12.38975,22.317127,12.06948,23.104425,33.419525,18.62632,23.287256,20.835474,15.431485,11.333031,30.1379,26.431515,25.410763,16.34366,5.464573,11.186361,18.418139,20.718317,28.994143,26.258484,17.345371,10.511232,21.436434
1526,22.91093,29.831165,24.548508,13.421419,32.933342,13.025337,22.8803,10.20072,17.431746,11.998984,13.329685,17.3049,8.964252,16.276237,21.973064,30.755215,22.482048,18.848938,17.561152,23.83289,17.671381,14.538814,28.068598,17.276882,15.238693,9.418331,15.947135,8.655651,17.718948,7.275137,27.427504,24.774094,11.058752,9.204166,20.878445
1527,20.931883,31.743126,23.692245,6.4410443,28.020508,3.7099564,22.599133,13.275316,6.0748057,5.103325,18.957338,12.316722,12.545055,22.546,11.238305,21.991087,33.621513,19.647589,23.855196,20.845646,15.846831,11.760823,30.175734,27.783577,25.050392,16.984327,4.663167,11.175649,17.760061,21.199287,29.147604,26.487732,17.688557,11.303316,21.9056
1528,19.157122,31.69637,22.508831,5.364415,31.0665,4.6381073,23.038624,12.569444,7.376582,5.3208833,16.290987,12.934499,11.459675,20.81149,13.334501,24.574438,32.514748,18.45091,23.564857,21.784101,17.087343,12.889065,29.834293,24.799053,22.958378,14.4495125,6.470276,10.795221,21.12581,17.677656,28.884,26.111954,17.370071,10.0127125,21.420223
1529,19.842276,30.735123,22.621752,6.534175,28.149748,5.052704,22.130579,12.539404,7.7552705,6.1882253,17.265137,12.8435,11.512913,20.990175,12.975852,23.291872,31.091217,18.608221,22.483646,20.844143,15.853508,11.942424,29.035587,24.933815,23.035091,15.12702,6.558919,10.72393,18.440529,18.502144,28.054466,25.520033,16.610039,10.388723,21.130571
1530,18.803238,32.16307,23.078728,7.011219,35.20731,3.7888217,25.440214,12.27523,5.621128,3.955625,12.411039,14.136047,10.312218,18.58061,14.806254,26.320446,32.101254,19.48168,25.831833,24.563036,21.649633,16.898941,30.183159,23.580761,18.422188,12.023956,6.6063232,9.875449,25.961727,13.517857,29.797802,26.682081,18.30252,9.876405,22.392859
1531,23.317982,28.881165,23.522701,10.160072,24.011034,13.441411,18.299967,11.745472,18.460247,10.799371,18.403498,14.359739,10.873938,21.327436,17.204735,26.868486,25.982708,17.58423,15.750333,17.754175,10.252755,7.851273,27.191713,22.057686,24.962666,15.221707,14.035609,11.376165,11.448101,17.109413,25.67551,23.735182,12.461429,10.171285,19.280478
1532,18.59892,31.067513,22.910479,10.8136,35.795383,6.764413,26.613327,11.374494,8.859866,5.7079816,7.5172753,16.803692,7.7187595,14.748269,20.130085,30.688753,26.242092,19.56668,24.854122,26.577524,25.028582,20.139069,28.983683,18.06401,11.284454,7.317679,11.187653,8.6964855,29.707369,6.162002,29.18321,26.00893,16.871138,9.309122,22.334307
1533,23.515982,29.0751,25.801231,16.390005,32.85631,9.566706,23.990168,10.48268,11.231108,6.042432,8.93383,16.293453,8.442152,15.436709,18.399975,27.9162,24.250715,21.58211,20.845098,24.164457,21.268028,17.37588,27.84654,20.690899,12.28326,8.912274,11.678892,8.400813,21.123087,6.351376,27.829111,25.30766,13.556307,11.510672,22.024187
1534,20.664492,30.967258,22.962902,6.9594655,28.133307,6.5618153,21.680317,12.4934635,9.974518,7.1007686,18.203007,13.0963545,11.683404,21.33038,13.963607,24.452204,30.700123,18.390955,21.308624,20.646626,14.8017845,11.122804,29.188713,24.444653,24.09473,15.235413,7.925371,10.807442,17.040943,18.536161,28.065256,25.487898,15.677248,10.288486,20.906027
1535,19.78124,30.805986,23.305153,9.918536,33.79897,6.670088,24.833284,11.483852,8.873213,5.599152,10.689096,15.504414,9.220514,16.720268,17.58625,28.1658,27.635727,19.50323,23.268623,24.672468,21.56624,17.01585,28.991432,20.659237,15.128754,9.886423,9.673454,9.313017,25.01094,9.510921,28.711033,25.87173,16.077032,9.95158,21.948965
1536,21.402231,23.462276,22.085094,12.422702,15.721355,29.22105,16.444185,11.004274,32.064686,23.962017,6.9032135,26.47154,7.6173167,18.134003,31.055742,33.785675,8.487304,18.841984,7.6264853,19.378462,6.933449,4.8749638,22.373178,14.9183235,12.139797,11.704628,31.466135,17.623438,19.032866,2.6439803,19.541605,23.650364,11.652943,11.436419,22.610064
1537,22.407684,28.76647,24.048487,14.050732,30.924517,15.67462,22.65003,9.853367,19.73752,15.022064,11.435288,19.273825,8.012593,15.254193,24.62009,31.764551,18.827065,18.755514,16.33962,23.897964,17.371275,14.350162,27.19507,15.30112,12.179859,8.197609,19.292395,9.265385,19.206686,4.7073135,26.474104,24.5411,10.689894,9.22473,21.11828
1538,19.218779,31.761597,22.326416,3.8548503,26.853516,2.587581,22.273672,13.564045,5.1599817,5.3653626,20.159267,11.711689,12.779001,23.119495,10.490439,21.134323,34.388283,18.567179,24.269348,20.168158,15.1256695,11.006976,30.022871,27.607765,26.191185,17.59145,3.8356643,11.51112,18.19657,23.007864,28.861212,26.197395,18.439041,10.548031,21.47645
1539,21.29346,31.492172,23.22911,6.5519047,27.011774,6.570655,21.328367,12.895649,10.569523,7.808456,20.754807,12.767317,12.419172,22.539326,13.650695,24.156363,31.487911,18.307398,20.911318,20.198235,13.42957,9.854052,29.673054,25.258095,26.3896,16.557306,7.7420073,11.079588,14.979676,20.824152,28.366848,25.69669,15.3822155,10.419188,20.887634
1540,24.526443,28.002033,24.32387,13.200169,26.510284,19.445793,18.62462,10.499931,24.729567,15.43979,14.51949,18.270952,9.177504,18.725826,23.40614,31.535213,20.012526,17.797462,12.833251,19.55785,11.128409,9.060347,26.315037,17.844278,19.875324,12.410953,21.074577,11.431252,12.449637,10.030977,24.80753,23.527315,10.184151,9.797955,19.714333
1541,23.2028,30.38652,23.822945,9.201843,17.704632,7.696555,19.673113,14.169107,12.069058,8.774098,23.7604,13.0487995,12.905117,24.024078,13.37356,22.567572,29.520916,19.024225,19.249033,18.38142,10.574626,7.366709,28.772371,26.106714,27.373247,18.728958,8.2565565,11.4956875,10.938317,23.929493,27.235962,25.153069,14.873926,11.66796,20.805407
1542,18.334534,30.8208,22.335651,9.282538,34.942657,6.888688,25.509218,11.241731,9.428307,6.22306,9.279434,16.141329,8.319273,15.404935,19.395126,29.913164,26.396612,18.700579,23.521454,25.588514,22.938442,18.242203,28.735083,18.160458,13.151682,8.11472,10.875353,8.933446,27.528753,7.4135814,28.643908,25.596575,16.06108,8.951983,21.713999
1543,25.988388,29.196503,26.2248,16.121857,31.129541,15.782085,20.93622,10.132066,20.563269,11.708144,14.492754,16.913923,9.46086,17.603586,21.335407,30.42673,22.765018,19.56669,15.280254,21.63503,14.8093605,12.433644,27.724274,18.99495,17.660702,10.814808,17.271902,8.934326,13.3126,8.5788355,26.799694,24.392277,9.748272,10.176998,20.35708
1544,25.262222,27.8814,26.599026,18.602682,31.706196,9.924892,22.015686,10.241772,11.485334,2.6077662,8.143417,14.414658,8.237733,16.1765,15.439948,26.224876,26.556236,21.823458,20.42956,21.484425,19.713268,16.68947,26.764053,22.693937,13.985979,9.952608,10.629671,7.779095,18.854471,7.948889,26.734083,24.118843,13.7469225,11.747223,20.779512
1545,23.006493,26.134157,23.42119,12.762011,22.014174,25.154608,18.219013,10.640926,29.082548,21.085571,10.278777,23.450396,8.350502,18.218452,28.577404,33.49252,13.689967,18.56003,10.405477,20.267078,9.631946,7.4956193,24.87051,15.991209,14.704504,11.476535,27.500875,14.763123,17.233782,5.1156,22.649902,24.190308,10.98009,10.692983,21.734
1546,24.36067,25.106773,24.420206,16.13714,22.93035,25.266573,17.930647,9.916298,28.690937,19.16313,8.535282,22.85336,7.547171,17.055218,27.676687,32.74686,13.578702,19.378422,10.203611,19.952995,10.248347,8.6198635,23.97346,15.926102,12.834251,10.451305,27.303938,13.319082,16.295265,3.4650044,22.072203,23.400627,10.101907,10.810558,21.285444
1547,18.985846,32.773575,22.661219,4.0671635,32.59014,3.6649153,23.61723,12.928133,6.5227065,4.834559,17.329802,12.575951,12.050344,21.62403,12.745223,24.610031,34.549797,18.495285,24.58945,22.157772,17.309093,12.910945,30.819666,25.872456,24.529968,15.16724,5.5600142,11.095148,21.739183,19.087303,29.809637,26.799366,18.115993,9.970132,21.782007
1548,20.363558,30.292301,23.075275,8.667993,31.206602,7.8424196,22.59462,11.548244,10.768442,7.074126,14.162727,14.5333805,10.346607,18.69897,16.227135,26.417877,28.200785,18.634874,20.998304,22.17014,17.352306,13.560128,28.544489,21.82206,19.16338,12.173596,9.855246,9.968691,20.110092,12.936574,27.730679,25.229229,15.005603,9.820402,21.035482
1549,18.071754,31.902798,22.746567,9.093187,36.95048,5.1512356,27.025387,11.748915,7.083138,4.398278,8.090203,16.133091,8.261165,15.614808,18.759628,30.162868,28.690224,19.492495,26.25077,26.723242,25.41548,20.189026,29.720486,19.533703,12.904587,8.2541275,9.475018,9.028993,30.802015,7.859757,29.8534,26.509634,18.183758,9.332213,22.568682
1550,26.706018,28.061905,26.266502,16.202532,28.740349,19.401432,19.064346,10.03339,24.009348,14.561458,14.061713,18.149218,9.266152,18.336506,22.604599,30.830294,20.465805,19.432684,12.883601,19.802467,12.034247,10.041913,26.741858,19.176037,18.864128,12.084685,20.574837,10.758448,11.264316,8.873801,25.48662,23.954857,9.555365,10.782993,20.18959
1551,23.590984,28.406212,23.039848,9.646687,21.016623,21.014902,16.72813,12.137908,27.308153,15.962566,17.141293,18.190258,10.255441,21.865345,23.348705,32.209415,21.527998,16.610933,11.872428,17.401525,6.9915485,5.00122,26.397573,19.13594,25.434042,15.308753,22.077045,14.050407,12.035372,14.8457365,24.136435,23.665855,11.665949,9.920232,19.505636
1552,23.204716,26.2439,23.598309,14.313495,27.126406,22.369202,18.711906,9.661226,26.590914,16.844244,9.277546,20.74853,7.188978,16.54748,26.021446,32.802055,17.33164,17.796783,12.556335,19.867296,12.115802,10.609695,24.603197,14.996841,13.951857,9.693317,25.18859,11.327266,17.502102,4.729244,23.1266,22.789139,10.777691,8.871669,19.869396
1553,18.152252,32.08014,22.293636,5.529434,33.885075,4.8085938,24.6629,12.329172,7.2598042,5.698301,13.797544,14.334864,10.615523,19.141277,15.532346,26.656431,31.378696,18.564648,24.581652,23.867733,19.930897,15.361698,30.02973,22.76049,19.512573,12.323046,7.7223725,10.445403,25.15449,14.190055,29.333746,26.47612,17.817314,9.400666,22.02033
1554,21.791916,31.035961,23.662834,8.358188,29.667927,8.137918,21.456089,12.185213,11.912096,6.2611947,17.02674,13.338022,11.340376,20.96362,14.788518,26.140429,30.792562,18.464079,20.604282,20.720465,14.895545,11.394107,29.19045,23.972721,23.89987,14.530418,9.228234,10.432061,17.155169,16.974775,28.063978,25.352596,15.046953,10.237741,20.616436
1555,23.606241,30.791368,24.012838,8.336516,19.680115,8.183656,19.082853,14.008319,12.990478,8.092966,23.931274,12.376335,13.201395,24.734425,12.82819,23.140425,30.983227,18.649214,18.895824,17.461153,9.865308,6.711324,29.152514,26.944855,29.69457,19.2679,8.213402,11.976258,10.108653,24.764973,27.519028,25.209913,14.989893,11.622074,20.349005
1556,26.657833,24.483871,25.336222,18.363306,24.516489,25.492249,15.688665,9.045,30.084204,16.487715,10.084002,19.860895,7.158139,17.253294,24.890602,31.680086,16.602455,18.439222,8.905129,16.622007,8.089106,7.76987,23.244165,16.252071,15.931136,10.758974,26.781118,11.097267,11.183656,5.4358726,21.59963,21.522766,8.44129,9.889824,18.616205
1557,18.643764,32.228577,22.278622,3.89498,31.345768,3.4045067,23.232723,12.847008,6.1005645,5.1296782,17.536903,12.384944,12.012352,21.532753,12.346477,23.719103,33.912132,18.322382,24.274876,21.71977,16.826311,12.49117,30.343813,25.76511,24.348324,15.297289,5.251067,11.093538,21.037336,19.37625,29.331167,26.45477,17.93528,9.970072,21.582296
1558,26.245018,25.614134,24.902302,16.009537,24.367678,28.159016,16.001293,9.558873,33.467575,19.680235,11.138427,21.93915,7.4594316,18.407942,27.849295,34.23455,16.562773,17.708544,8.5809965,17.235508,6.972801,6.6401687,24.19826,15.451499,16.865446,11.308893,30.241106,12.438732,13.19822,5.7868648,22.01628,22.391329,8.973953,9.423827,19.24153
1559,19.444294,31.21125,21.937263,4.5349402,26.267176,5.2057533,21.320177,13.079904,8.815269,7.3703012,20.331732,12.335952,12.230524,22.644482,12.716974,23.097998,32.156857,17.61817,22.055809,19.752878,13.7958,10.107826,29.27403,25.25673,26.267015,16.781353,6.67257,11.354529,16.707253,21.786886,27.982515,25.386513,16.777643,9.853943,20.65658
1560,21.881056,30.999226,23.077267,6.31355,15.157797,3.9956667,20.073416,15.391468,7.7697554,7.7317014,26.422522,11.862242,14.010174,26.006145,10.179,19.159033,32.826847,19.00973,21.985191,17.711298,10.645937,7.1009502,29.365599,28.952137,29.444897,21.362276,4.5182548,12.072046,11.517534,28.88828,27.733244,25.605167,17.571825,11.710933,21.211355
1561,27.385,28.103888,28.137007,20.026972,31.23605,10.278013,21.70653,10.312231,11.567411,2.9213595,9.5935,14.370106,9.192047,17.158451,14.634179,25.278227,26.58508,23.09404,19.565113,21.33232,18.672058,15.5896015,27.359756,24.889912,15.383763,11.278106,9.942283,8.265626,15.827584,8.860711,27.200727,24.794119,12.991852,13.219983,21.40949
1562,22.738525,31.134228,24.058308,7.665239,21.672388,5.262827,20.69815,13.9361105,8.691837,7.2493567,23.255457,12.211119,13.409752,24.352821,11.18389,20.969189,32.31678,19.4984,21.435917,18.930395,12.220669,8.663513,29.646269,28.26794,27.754923,19.213833,5.552567,11.465699,12.306915,24.593342,28.212694,25.870708,16.284275,11.826046,21.334135
1563,32.11382,26.613335,31.61581,28.663801,31.355242,14.928372,21.38492,9.025706,15.859547,5.7094374,8.212715,16.269815,8.183094,15.034357,17.83242,26.500784,21.081045,25.900713,15.796851,21.54348,18.426022,16.075056,26.638441,23.654102,11.369709,9.000719,14.234867,7.443216,10.828479,3.7937717,26.95273,24.683872,8.751313,15.121234,21.963387
1564,22.030884,29.814861,22.370876,6.7754645,18.17817,9.311197,18.042364,13.729728,14.638123,9.232011,23.571724,12.480357,12.606371,24.268238,13.788642,23.6346,29.490562,17.045053,17.720316,16.544437,8.689425,5.8461704,27.938498,24.824814,29.541262,18.75089,9.685262,12.085821,10.180648,24.371866,26.165104,24.080574,14.584916,10.439812,19.32839
1565,19.582106,32.29708,23.352684,6.5717583,34.00271,4.3250093,24.51304,12.450644,6.641297,4.534004,14.596469,13.703537,11.128408,19.784153,14.162571,25.720215,32.654663,19.318247,24.687233,23.564066,19.574001,15.044812,30.399988,24.50457,20.719353,13.277685,6.5551224,10.2341385,23.409714,15.308045,29.70957,26.711315,17.672009,10.1049595,22.159353
1566,18.464985,32.375362,22.322357,4.189667,32.775112,3.6943333,23.763891,12.668911,6.3517146,5.090101,16.422234,12.852196,11.63937,20.856894,13.201219,24.716965,33.569317,18.366854,24.510468,22.474848,17.841152,13.421326,30.405495,24.970291,23.16495,14.405178,5.8544483,10.862325,22.40788,17.864908,29.49021,26.542202,17.94386,9.727687,21.721825
1567,18.659746,31.031433,22.7584,10.121341,35.29161,7.111844,26.030806,11.356503,9.456086,6.163414,8.559024,16.594181,8.118555,15.264283,19.891384,30.419695,26.33148,19.226881,24.077822,26.088362,23.810862,19.0495,28.958708,18.26218,12.414364,7.867336,11.238374,8.964918,28.491905,6.8895936,28.963028,25.91329,16.436295,9.218003,22.124094
1568,21.128565,31.370132,22.943314,5.412697,22.134409,4.413882,20.76771,14.066259,7.9903045,7.168129,23.43995,11.83264,13.398287,24.575266,10.871751,20.878782,33.307487,18.581938,22.155087,18.70674,12.277489,8.640916,29.681913,27.940235,28.39081,19.298098,5.0995393,11.719639,13.737334,25.451387,28.190487,25.759851,17.16573,11.027027,21.04796
1569,18.44362,32.76468,22.360575,3.531682,32.81121,3.2011304,23.788446,12.914984,5.88617,4.8115063,17.139864,12.514803,12.000717,21.513653,12.580231,24.345827,34.65348,18.38829,24.94921,22.277712,17.570478,13.107733,30.791716,25.824486,24.317608,15.086592,5.2410626,11.141215,22.300337,19.109266,29.813644,26.809973,18.395622,9.838855,21.83095
1570,22.090435,31.282299,23.343922,6.1650605,17.311804,4.3327827,20.214724,15.036465,8.090746,7.772755,26.005932,11.88864,14.067221,25.913254,10.336539,19.654383,33.144604,19.0638,21.876507,17.933714,10.836867,7.279045,29.67388,29.057972,29.668242,21.096458,4.760717,12.117565,11.599702,28.223665,28.029062,25.826826,17.356384,11.729813,21.2767
1571,23.721325,26.635204,23.02576,11.933086,24.059887,22.314518,16.522165,10.267487,28.202173,17.147446,14.160245,18.762484,8.551323,19.1073,24.27888,32.000538,19.053934,16.260403,10.830504,17.383,8.060715,6.842606,24.762506,16.36985,20.612247,12.729133,24.071413,12.049805,11.954539,10.222269,22.845507,22.196842,10.032463,8.698746,18.522402
1572,19.03735,32.33768,22.413754,3.458928,28.325428,2.4873116,22.803259,13.618523,5.1027074,5.1723895,19.86531,11.858947,12.798149,23.117577,10.818966,21.852474,35.065292,18.611425,24.8109,20.736723,15.732127,11.485003,30.517527,27.612637,26.258356,17.347723,3.9319851,11.586795,19.36712,22.712503,29.369684,26.587185,18.7755,10.436582,21.728586
1573,18.086277,30.163147,21.91821,8.434083,33.32995,6.7002563,24.412918,11.221185,9.07171,6.4354267,10.209792,15.435223,8.702984,16.256092,17.944515,28.073545,26.802431,18.36667,23.002941,24.16517,21.26709,16.885319,28.191477,19.192532,14.586809,9.3274355,10.149187,9.318093,25.749802,9.236651,27.895985,25.14897,16.165318,9.006426,21.303795
1574,18.373371,30.840206,22.493519,8.81521,34.717472,5.313554,25.424831,11.494124,7.211394,4.6195784,9.4182205,15.253073,8.762555,16.158562,17.233532,28.097193,28.249191,19.111986,24.634624,25.066114,22.967678,18.156628,28.883356,20.26299,14.24976,9.311621,8.79308,9.135357,27.38603,9.1973505,28.781717,25.765049,17.163553,9.468361,21.879553
1575,18.82778,32.296467,22.984924,6.3585086,34.606815,3.870345,25.054728,12.408804,5.9450293,4.3389482,13.5363,13.924458,10.720472,19.193382,14.508529,26.025427,32.449238,19.257162,25.41478,24.134417,20.661459,15.9843,30.31965,23.916174,19.567213,12.617458,6.5177016,10.114967,25.07708,14.497369,29.766823,26.72013,18.150135,9.864723,22.289423
1576,18.397802,30.3127,22.549408,10.572593,34.85926,6.1612387,25.857855,11.162582,7.9844937,4.853832,7.3522344,16.061684,7.72671,14.7259445,18.816347,29.335234,26.320053,19.319899,24.542387,25.697742,24.367123,19.550835,28.34658,18.547564,11.518018,7.6510506,10.168033,8.57284,28.746973,6.634299,28.51977,25.4571,16.809082,9.3763485,21.853626
1577,25.004076,29.483128,25.679283,13.464096,28.242212,11.352836,20.280502,11.421074,14.850549,6.8533435,15.654012,14.183743,10.849579,19.994436,15.819979,26.385118,27.526344,20.015083,17.737644,19.895576,13.934332,10.960466,28.175022,23.777279,21.742813,13.634779,11.515099,10.099159,13.825983,13.990763,27.131815,24.855661,12.691544,11.588051,20.553427
1578,26.63714,28.708513,27.07584,17.458597,30.360033,13.086569,20.924294,10.407658,16.14796,7.56101,12.989189,15.481993,9.767088,17.818705,17.761078,27.622982,24.609257,21.25206,16.795475,20.993853,15.823573,12.971004,27.680384,22.218414,17.464857,11.339536,13.471002,9.124061,13.926071,9.324216,27.023352,24.725803,11.173867,11.978729,20.871954
1579,23.058289,28.832905,25.45979,16.2155,32.709774,8.413722,23.856157,10.645044,9.778921,3.6465325,7.651576,15.436473,8.101077,15.455245,16.938927,27.271973,25.933594,21.417246,22.19272,23.603884,21.943897,18.097094,27.507063,21.351746,12.36584,9.075514,10.4172535,8.073642,22.592882,7.0693727,27.610365,24.915668,14.881692,11.320885,21.632597
1580,19.136755,31.750254,23.182402,7.7802854,34.67073,4.077651,25.183943,12.129182,5.895273,3.7168922,11.930341,14.139295,10.093473,18.232264,14.861347,26.32105,31.457386,19.548822,25.433676,24.378103,21.631245,16.929602,29.835169,23.322157,17.857128,11.74327,6.7625036,9.649654,25.561333,12.934556,29.498568,26.40936,17.957415,10.000868,22.20469
1581,18.016642,31.522545,22.382904,7.351566,35.01234,4.287056,25.531204,11.916643,6.1717367,4.1690516,10.681588,14.672592,9.418061,17.220205,16.097776,27.3574,30.243025,19.001749,25.477783,24.907953,22.532818,17.682014,29.480377,21.557888,16.141645,10.449642,7.6388702,9.498358,27.445007,11.268018,29.246286,26.152103,17.98029,9.400914,22.051003
1582,18.768436,31.14575,22.108997,5.441747,30.604578,4.9405155,22.792822,12.313614,7.6578712,5.9369884,15.9078045,13.084172,11.141985,20.319746,13.715105,24.485424,31.411263,18.162191,23.080643,21.632618,16.970024,12.869893,29.2866,23.97979,22.211517,14.029446,6.9239187,10.6824045,20.893763,17.047514,28.369555,25.698505,16.994745,9.779066,21.170376
1583,26.696533,28.792675,27.965199,19.796072,32.389275,10.16303,22.798063,10.571268,11.531017,3.0586934,8.855225,15.011953,8.8024645,16.75673,15.820348,26.633059,26.881622,23.088243,20.766342,22.363436,20.208885,16.939545,27.837957,23.985525,14.349206,10.467624,10.678377,8.180577,18.525984,8.133713,27.808086,25.199938,13.795744,12.770161,21.802158
1584,27.225508,27.780884,28.133757,21.577261,32.312954,11.390841,22.035185,9.994457,12.850217,2.8709397,7.7286572,14.86096,8.052635,16.030586,16.048397,26.72495,26.01421,23.01311,19.81549,21.50099,19.859741,17.14143,26.851412,23.117159,13.356607,9.677372,11.798799,7.5601296,17.667097,6.96584,26.931883,24.313503,12.99268,12.433995,21.096909
1585,19.83802,32.15873,23.307762,6.020829,32.42832,4.179776,23.71158,12.612459,6.613112,4.794273,16.17013,13.069824,11.695702,20.768219,13.10461,24.510195,33.124977,19.202877,24.141563,22.514204,17.941998,13.571296,30.382421,25.57669,22.6077,14.484005,5.9282627,10.6483345,21.382874,17.304102,29.514923,26.644268,17.49527,10.420706,21.96573
1586,19.29834,29.92013,22.54532,10.307688,33.30861,8.7015505,24.113531,10.957669,11.512443,6.9821615,9.627632,16.091206,8.267932,15.776299,19.406048,29.559221,25.537369,18.493374,21.891335,24.109642,21.102242,16.990059,27.951576,18.185545,13.8527565,8.662192,12.112072,9.022086,25.003284,7.778168,27.681538,24.893047,15.18738,8.980296,21.06307
1587,23.357525,31.359035,24.325153,8.337918,19.743746,5.8318872,20.538631,14.4217,9.721346,7.6697106,24.353155,12.474396,13.552709,24.832836,11.763429,21.527788,32.05639,19.595049,21.098333,18.840696,11.617813,8.112117,29.788363,28.143446,28.445822,19.685041,6.1996965,11.565423,11.592521,25.46023,28.299742,25.936672,16.112171,12.020787,21.382576
1588,22.889748,31.059532,23.758038,7.46193,20.961805,6.6557894,19.766684,13.946347,11.061575,7.5836635,23.805277,12.071931,13.3026905,24.620369,11.990352,22.275705,31.97816,18.678354,20.109293,18.02465,10.834126,7.509461,29.42034,27.378292,29.200745,19.2252,6.888568,11.669012,11.22339,24.931387,27.849997,25.428804,15.618174,11.431342,20.59166
1589,20.353853,31.505486,22.907717,5.7127414,27.475744,4.6371517,21.912127,13.087676,7.752595,5.9457197,19.37679,12.2890835,12.333693,22.415123,12.103884,22.93303,32.839954,18.607767,22.699184,20.345888,14.812619,10.886266,29.770384,26.339481,25.57635,16.567835,5.801814,11.134075,17.312654,20.989645,28.599615,25.938068,16.974863,10.619626,21.199621
1590,21.77516,31.018871,22.772806,5.8304086,8.766833,2.6906915,19.72717,17.001,6.493758,8.027715,29.60686,11.701316,14.711,27.93335,8.906594,17.09087,33.695633,19.209738,22.970901,16.634052,9.544616,5.9593244,29.288744,30.46434,31.134262,23.957682,3.278048,12.716847,10.554881,33.444447,27.515394,25.602413,19.237663,12.05881,21.46927
1591,27.429932,25.979427,26.27213,18.856398,26.364042,24.64996,17.102137,9.390186,29.429049,15.599498,10.984377,19.845243,7.623208,17.599033,25.082458,32.504852,18.397877,19.140417,10.287139,18.011646,9.522507,8.913291,24.71841,16.938826,16.14432,10.557686,26.103277,10.653094,12.360534,5.7766585,23.141983,22.583336,8.630953,10.104429,19.338278
1592,26.622261,28.740639,26.436268,15.822515,25.9842,12.480736,19.285408,11.176312,16.415184,8.285499,17.183474,14.075677,10.817816,19.950207,16.12038,25.915358,25.605726,20.358862,15.807519,18.94364,12.323632,9.736972,27.634958,23.512146,22.207607,13.962133,12.395163,9.807205,9.791112,14.441693,26.670319,24.324974,10.895056,12.127745,20.127188
1593,29.483587,26.199482,29.366138,25.6644,32.11912,14.629022,20.467722,8.978423,16.254488,3.2834878,6.5303955,14.906894,7.146263,15.434408,16.641258,26.967012,24.420345,23.534071,17.442501,19.849916,18.518593,16.88585,25.46084,22.53173,12.436382,8.964211,14.335932,6.869462,14.646423,5.2590384,25.599611,23.134533,11.108328,12.486854,20.203608
1594,21.555523,31.450966,24.127777,8.385133,28.89417,5.623616,22.849089,12.733702,8.280214,6.4960012,17.775396,13.503473,11.887323,21.235228,13.589672,23.902634,31.167803,19.84643,22.52134,21.818346,16.35826,12.357615,29.874666,25.758144,22.887337,15.306933,6.963671,10.665745,17.872559,18.0827,28.916311,26.351776,16.205265,11.215626,21.984058
1595,22.717415,28.804182,23.935116,12.133454,29.935625,12.915039,20.78882,10.518297,16.864244,9.842679,13.46081,15.822823,9.419663,17.770088,19.12238,28.533108,24.262543,18.382498,17.136894,20.915998,15.188415,12.338605,27.199877,19.383392,17.936852,11.09382,14.639362,9.56419,16.611452,10.07664,26.252123,24.029575,12.1112385,9.644424,20.004091
1596,24.435667,25.885914,24.300846,14.726643,23.366446,26.144514,17.97721,10.02316,30.181059,21.105316,10.046829,23.376074,7.860092,17.779474,28.708748,33.66014,13.975461,18.778606,9.991118,19.863983,9.526406,7.8925796,24.735111,15.777086,14.085329,10.991455,28.575268,13.7803755,16.190842,4.375249,22.62716,23.803738,10.137796,10.55719,21.275393
1597,19.816963,31.80413,22.914267,5.521471,30.271551,4.325286,22.777498,12.753756,7.0969605,5.298645,17.554869,12.564594,11.961698,21.483322,12.550989,23.739584,33.00587,18.741283,23.392427,21.378412,16.34624,12.171594,30.055498,25.84082,24.127756,15.356356,5.8045335,10.926075,19.554749,19.008234,29.035872,26.263557,17.218634,10.441719,21.50224
1598,23.261166,29.315645,25.149181,16.604183,34.084564,13.7788515,24.046598,9.691038,17.750113,12.111375,10.305235,18.404318,7.482835,14.122163,23.861824,32.064617,20.373104,19.695326,18.117601,25.25873,20.189663,17.15192,27.568039,15.356981,10.925784,7.0448394,17.526443,7.500262,19.844421,3.6071784,27.42062,24.5873,10.622457,9.0978775,21.201742
1599,19.685001,31.229923,23.453806,10.571099,35.42997,7.0471907,25.824333,11.308998,9.490902,6.2656913,9.877291,16.322128,8.688581,15.731229,19.320293,29.869911,26.654648,19.604616,23.49417,26.026203,23.057209,18.314972,29.263725,19.132847,13.482029,8.548052,10.738673,8.86507,26.442257,7.541844,29.185408,26.09945,15.719325,9.657097,22.22481
1600,27.260288,26.823555,26.699673,18.450974,27.394924,18.731098,18.39872,9.864691,22.453394,11.173877,11.859623,17.190645,8.772504,17.914444,20.543358,29.196898,21.345163,20.297892,13.24918,18.737688,12.238357,10.565505,25.786287,20.287271,17.278818,11.454487,19.133991,10.107691,12.082479,8.107205,24.664879,23.363764,9.975742,11.380732,19.886309
1601,24.959963,30.266113,24.61491,10.722855,20.727255,12.043088,18.269707,13.247568,17.753214,9.202271,22.31301,13.387606,12.278471,23.456234,15.873453,26.470987,28.234024,18.376204,16.1409,17.426783,9.038722,6.2864676,28.551199,24.391684,28.890493,17.39211,12.092306,11.7418995,9.030038,21.411285,26.951225,24.617924,12.6459255,11.444489,19.6954
1602,29.6424,26.687775,29.688171,25.419363,32.06794,13.451508,21.059816,9.287135,14.729512,2.9998393,6.9886055,14.918095,7.664226,15.660628,16.121675,26.442247,24.687084,24.101307,18.090239,20.566343,19.03812,16.964937,26.07469,23.529688,12.617292,9.433958,13.0645685,7.1064224,14.726665,5.706593,26.245676,23.78825,11.447225,13.202023,20.848442
1603,20.529564,31.790213,22.905407,4.7150235,23.753061,3.3892105,21.574594,14.074247,6.483784,6.538603,22.67388,11.835353,13.430132,24.30885,10.525699,20.709309,34.030014,18.84313,23.249859,19.461626,13.436627,9.526359,30.119102,28.286629,27.73265,18.962574,4.259885,11.762917,15.45679,24.947838,28.728655,26.22931,17.856506,11.045687,21.50268
1604,18.81636,31.504755,22.000648,4.420187,28.917704,4.216503,22.41934,12.843658,7.177149,6.1921663,18.232876,12.482582,11.872583,21.65078,12.669777,23.401081,32.569756,18.024414,23.269363,20.91625,15.755934,11.697846,29.621271,25.183548,24.472664,15.604167,5.985175,11.111231,19.395159,19.887197,28.545553,25.843224,17.381485,9.903368,21.151196
1605,19.182512,31.89449,22.185072,3.4815984,26.416948,2.9153469,22.076464,13.651583,5.842343,5.9634504,20.972273,11.752552,12.946956,23.411615,10.791508,21.396399,34.310654,18.290102,23.854939,20.01126,14.552433,10.479708,30.100706,27.368147,26.806688,17.785646,4.211818,11.627119,17.723246,23.433764,28.830511,26.181639,18.21294,10.378246,21.363443
1606,22.383636,30.968472,23.3981,7.186638,17.486673,5.4074087,19.996992,14.737542,9.462383,7.874622,25.025894,12.186212,13.56383,25.21922,11.3784685,20.857021,31.965508,18.931646,21.05926,18.123396,10.825765,7.3779144,29.296492,27.955885,29.032623,20.26203,5.8801975,11.862572,11.476251,26.795557,27.709658,25.50307,16.557161,11.654089,21.018085
1607,18.031578,32.245136,22.203896,4.64948,33.964794,3.7852294,24.364716,12.453311,6.2060046,4.8208513,14.697317,13.406454,11.044394,19.824627,14.0434885,25.547886,32.903976,18.418512,24.94122,23.299913,19.267628,14.747435,30.196625,23.915253,21.127092,13.223024,6.3672423,10.487417,24.321733,15.8714,29.444246,26.465647,18.11958,9.413979,21.833118
1608,19.102411,31.75241,22.309788,4.735381,30.066534,4.577408,22.673643,12.728195,7.581985,6.0340667,17.7287,12.700747,11.81958,21.420889,13.097478,24.108244,32.610756,18.183817,23.215916,21.321001,16.12287,12.005028,29.872622,25.035385,24.187515,15.179977,6.3508306,11.0414095,19.864992,19.037983,28.811825,26.05773,17.206528,9.959318,21.288336
1609,23.455442,29.83519,23.433243,9.671652,22.869474,15.026131,18.598064,12.366024,21.116762,13.042978,20.024412,15.495522,11.08251,21.978699,19.669647,29.16306,25.175138,17.149557,15.255828,18.550732,9.595143,7.184645,27.838202,20.95612,26.218353,15.667751,16.21099,11.965071,11.283676,17.889353,26.13301,24.197575,12.10788,9.914692,19.606464
1610,30.412598,26.805258,30.4438,26.289804,32.038208,13.118172,21.57289,9.3409,13.806965,3.2843547,6.8493543,15.324638,7.947959,15.640053,16.07784,25.932716,24.042578,25.13064,18.293959,21.180693,19.616985,17.18571,26.50002,24.593441,12.122362,9.662655,12.439297,7.495167,14.169401,5.375976,26.77688,24.43926,11.405958,14.345196,21.644506
1611,22.822157,28.626404,24.128494,12.815184,26.075945,10.940403,21.1327,11.130827,14.411959,10.406625,15.622666,15.686616,10.172156,18.178305,18.169369,26.152456,23.295004,19.338186,17.254784,21.37863,14.722396,11.577678,27.359526,20.526886,17.519495,11.966967,12.627493,9.616819,14.988192,11.658105,26.41334,24.52659,11.734583,10.832896,20.856066
1612,22.701935,30.30001,23.261024,8.681864,23.930578,11.473193,18.987307,12.747707,16.92481,8.4201,19.533175,13.466648,11.529364,22.475218,16.318546,27.425486,28.834724,17.433077,17.42913,18.470545,10.6565,7.8190265,28.29942,23.229115,27.460342,16.089033,12.028071,11.607948,12.911738,19.555939,26.725384,24.461203,13.633326,10.287885,19.601046
1613,18.730753,32.91667,22.822493,4.2834597,33.99798,3.1147728,24.376663,12.857311,5.447065,4.2999525,16.121405,12.82897,11.816214,21.118256,12.751619,24.635765,34.78341,18.921915,25.550074,22.94116,18.67796,14.127204,30.958742,25.964443,23.289478,14.675873,5.2106004,10.952712,23.315155,18.12319,30.109297,27.060135,18.6764,10.00445,22.198572
1614,18.52439,32.88838,22.440596,3.9597387,33.38861,3.9367986,24.041037,12.8458,6.8156967,5.17895,16.602966,13.056075,11.729319,21.121897,13.642574,25.477083,34.08676,18.353987,24.785885,22.76807,18.04521,13.583531,30.815453,24.966112,23.578796,14.458867,6.2200403,11.010273,23.025684,18.00785,29.861658,26.829996,18.209238,9.627328,21.876608
1615,23.619083,30.393368,23.66134,9.224387,20.529402,12.444779,18.568052,13.394157,18.257154,10.0508795,21.694405,14.010878,12.110073,23.384033,16.992031,27.363092,27.759787,17.771803,16.49733,18.053427,9.223201,6.4387326,28.48572,23.48341,28.495491,17.116213,12.901638,12.244169,10.988856,21.021322,26.74386,24.716125,13.176692,10.901945,19.911102
1616,24.319998,24.831234,24.414635,16.409655,20.32099,25.320341,17.500628,10.530314,28.598293,18.129501,8.419694,22.871695,7.7453785,17.602766,27.326168,32.494915,13.56898,19.812218,9.948637,19.534002,9.477358,7.742036,23.74787,16.585255,13.2053585,10.827753,27.008806,13.936821,16.682009,4.020299,21.710695,23.519253,10.526322,11.470503,21.561977
1617,21.389856,24.373371,22.271736,11.486524,17.402004,29.722246,17.18212,11.090631,32.773582,25.729301,7.52221,27.221708,7.9788017,18.555412,32.115147,34.740673,8.475112,18.86392,7.989347,20.234373,7.4996576,5.2409463,23.17967,14.977505,12.700064,12.119808,32.180077,18.207533,19.40053,2.779451,20.271488,24.351456,11.974321,11.29948,23.186956
1618,21.58916,30.788986,22.87542,7.2164974,25.679136,8.559884,20.228302,12.5722275,13.371508,8.824542,20.849173,12.941761,11.97414,22.183388,14.938251,25.278105,29.819378,17.480396,19.074818,19.3562,12.006959,8.890682,28.877,23.573542,26.516304,16.035597,9.709557,10.887059,13.433883,20.147882,27.491259,24.845076,14.045044,9.913245,19.998964
1619,18.188572,32.871952,22.212282,3.2650695,33.03947,3.1109414,23.915129,12.943178,5.838316,4.8185377,17.056639,12.543803,11.944767,21.474113,12.712281,24.544468,34.76545,18.271408,25.132925,22.400429,17.747253,13.251283,30.845842,25.652592,24.284111,14.980384,5.2844048,11.151811,22.747725,19.08038,29.87692,26.836205,18.545416,9.696429,21.833529
1620,34.00017,27.739447,33.365967,28.741388,31.713995,12.727032,22.051207,9.7518635,12.554012,4.088563,9.547386,15.619232,9.675852,16.88359,15.052937,24.152662,23.83403,27.985239,17.16518,21.425375,18.750225,15.390807,28.511236,28.741117,14.122997,11.222401,10.449539,8.973231,8.910999,6.4106107,28.922941,26.482706,9.96192,17.927958,23.460978
1621,20.58083,31.627502,24.069601,8.548475,33.538116,4.5883007,24.4299,12.193285,6.3758163,4.127822,13.582869,13.841426,10.854717,19.262999,13.920145,25.0992,31.726294,20.127825,24.464207,23.55288,19.976906,15.532342,29.952038,24.901455,19.477388,13.088226,6.4568024,9.934408,22.577826,14.385188,29.420328,26.544184,17.280313,10.749211,22.313597
1622,19.362011,31.533024,22.270927,4.0814495,26.179117,2.9681337,21.953081,13.507131,5.712393,5.7269487,20.424265,11.731586,12.751841,23.107399,10.67734,21.170958,33.86524,18.435564,23.730202,19.923111,14.664474,10.632948,29.803207,27.324253,26.276314,17.603556,4.161711,11.474957,17.502504,23.006998,28.601984,25.990978,18.053059,10.529105,21.294878
1623,19.052473,32.226208,22.588852,4.6271734,31.81616,3.973245,23.347357,12.731006,6.7149777,5.1358724,16.98853,12.705503,11.834156,21.206192,12.904239,24.366789,33.492455,18.505796,24.041698,21.995955,17.146927,12.8146105,30.348715,25.410278,23.751621,14.851322,5.8250704,10.936193,21.238874,18.430899,29.369303,26.483934,17.6632,10.037666,21.637453
1624,18.002401,32.004395,22.751108,8.930819,37.01465,4.9777145,27.0954,11.8265,6.8496933,4.3284483,8.187932,16.081446,8.329085,15.775321,18.585903,30.015802,29.021767,19.531927,26.484703,26.725708,25.441738,20.212585,29.810905,19.77742,13.107346,8.4304,9.307442,9.096391,30.942186,8.1815815,29.93651,26.590387,18.396923,9.340356,22.6411
1625,25.301468,28.263504,26.819782,18.92396,32.327972,10.00875,22.633024,10.348014,11.551781,2.8500128,7.8674517,14.860905,8.11907,15.970134,16.142817,26.910292,26.473125,22.09033,20.898228,22.143087,20.501904,17.362015,27.102427,22.41133,13.39469,9.585667,11.061297,7.748918,19.819304,7.4439397,27.150574,24.45343,13.948694,11.769978,21.132824
1626,18.331379,32.70561,22.642965,4.7578917,34.789154,3.4120965,24.829828,12.61064,5.6579127,4.4486003,14.77707,13.434764,11.24943,20.07211,13.791871,25.5044,33.73117,18.853823,25.578989,23.664965,19.778631,15.145441,30.675661,24.632696,21.313087,13.465396,5.967432,10.549227,24.755016,16.130276,29.953653,26.896547,18.52665,9.646624,22.216513
1627,24.981049,29.923347,26.465431,13.749162,27.616161,7.2094154,22.042675,12.064063,8.96057,5.9883847,16.381115,13.761272,11.601217,20.508846,13.074239,22.618216,28.85728,21.977472,20.785583,21.155886,16.173246,12.514522,29.002485,27.118774,20.899792,15.172466,7.23092,10.157335,14.12822,16.094692,28.281458,26.038456,14.512923,13.0816765,22.204163
1628,20.249947,31.237768,22.22636,5.1821995,25.875805,6.59136,20.762005,13.035551,10.867216,7.7518497,20.841324,12.441801,12.250513,22.81688,13.511391,24.157755,31.733498,17.400043,20.90495,19.375807,12.804407,9.332171,29.266548,24.777721,27.054792,16.730722,7.861656,11.3494425,15.505824,21.662794,27.870295,25.231184,15.901155,9.831385,20.31814
1629,21.303444,27.656334,21.522766,7.895633,13.945612,18.95723,16.411213,13.807274,24.563307,15.402741,17.763021,18.159153,10.861847,23.090351,22.129051,30.13662,20.37584,16.977247,12.624635,17.094831,6.2387505,3.6101933,25.536171,20.349258,26.248545,17.174004,19.748503,15.992698,12.933692,17.798346,23.1037,23.796446,13.736919,10.798279,20.432133
1630,23.659294,29.033537,23.065634,9.108118,20.272093,15.672951,16.79105,12.573468,21.956247,12.211477,20.716318,14.639073,11.296452,22.859503,18.408901,28.27566,25.628052,16.551117,14.002165,16.295965,7.205406,5.06547,27.08425,21.667408,28.342909,16.749296,16.208473,12.509074,9.3899555,19.673185,25.170408,23.432306,12.120237,10.033498,18.683857
1631,18.143127,32.022858,21.789158,3.8445444,31.409071,4.454483,23.1465,12.658319,7.484902,5.9435287,16.801203,12.908637,11.500767,20.998072,13.688003,24.954405,32.814903,17.788599,23.77198,21.843313,16.931423,12.691478,29.993176,24.258806,23.571026,14.445982,6.6654987,11.056423,21.838593,18.205046,28.975801,26.141697,17.659851,9.447936,21.302418
1632,18.86164,31.206846,22.967636,11.303996,36.489876,8.515167,26.743372,10.9327965,11.517593,8.72205,8.448817,17.788803,7.4503083,14.125115,22.428848,32.21018,24.212585,19.089764,23.430023,27.240595,24.495518,19.937504,28.990717,15.91967,10.535663,6.492902,13.560198,8.239066,28.49856,4.7229586,29.15745,25.861816,15.212284,8.5615425,22.176672
1633,18.8211,32.058693,22.160515,3.9200933,30.240755,4.1141925,22.758959,12.867606,7.183191,6.078787,18.41971,12.496498,12.098408,21.803299,12.773044,23.859995,33.270878,18.046816,23.487843,21.308798,15.947324,11.774042,30.14316,25.386717,24.902138,15.572395,5.921093,11.208607,19.873863,19.826025,29.026434,26.227203,17.455402,9.857657,21.348866
1634,19.092821,30.052168,22.75285,11.435639,34.716553,8.549455,25.320894,10.764393,11.134745,7.3460817,8.04626,16.875362,7.515912,14.531573,20.659042,30.518005,24.484375,18.947908,22.728348,25.52213,23.172169,18.881275,28.027092,17.028105,11.358888,7.29629,12.665873,8.451413,26.899279,5.6865406,28.075916,25.097164,15.25338,8.864436,21.519022
1635,19.027912,32.42487,22.696138,4.30734,31.789942,3.2846196,23.495394,12.9312935,5.768431,4.704301,17.251738,12.442972,12.0820055,21.64521,12.146286,23.671936,34.361023,18.753841,24.703363,21.92327,17.239025,12.856873,30.588497,26.352842,24.276905,15.432326,5.0131645,11.137574,21.338747,19.372997,29.61487,26.723656,18.234776,10.261509,21.861408
1636,28.84491,28.971096,28.58004,18.865067,28.592327,12.201576,20.21475,10.838875,15.1364975,6.630624,15.645363,14.311613,10.979641,19.242496,15.534266,25.613525,25.808601,22.46086,16.075197,19.893261,14.07448,11.112888,28.382322,25.186665,20.426796,13.200718,11.398863,9.472502,9.620244,12.085057,27.703142,25.24992,10.440494,13.737215,21.128487
1637,18.064682,31.595709,22.076864,5.259217,33.091114,4.3054495,24.044369,12.220756,6.64134,5.252025,14.196566,13.665695,10.755245,19.293966,14.41139,25.437532,31.584942,18.364363,24.248953,23.09452,19.119843,14.677619,29.631266,23.216675,20.066895,12.754017,6.8889256,10.3255005,23.934175,14.933369,28.900675,26.083824,17.614473,9.419231,21.638105
1638,20.713196,24.552576,21.788778,10.294477,18.683231,28.220661,16.567202,11.320118,31.882734,23.53639,8.366717,25.141459,8.447459,18.987316,30.167185,34.20274,9.994769,18.05446,8.215452,19.33073,7.4873724,5.3580937,22.826185,15.317461,15.891522,13.090954,29.917099,18.079044,17.03333,4.911755,20.099363,23.603092,12.130865,10.380647,22.211157
1639,25.548347,25.861712,25.744848,18.962042,28.986162,21.87201,19.496769,9.115824,24.772913,14.0199995,6.8252015,20.468885,6.5059547,15.6517,24.696812,31.799726,18.429615,20.033915,13.862308,20.307148,14.325586,12.98783,24.633326,16.608992,11.185574,8.633098,24.238409,9.978218,18.29057,2.8700914,23.59639,23.01057,10.87842,10.076216,20.416634
1640,22.699348,31.081474,23.42838,7.1055965,19.204798,6.8336143,19.488043,14.3071165,11.623228,8.120663,24.878525,12.127789,13.404451,25.055885,12.259839,22.348068,31.866245,18.317177,19.90133,17.7218,10.114408,6.8775063,29.317595,27.069096,29.895458,19.720612,7.25637,11.803059,10.785691,26.022861,27.659105,25.265394,15.65591,11.213407,20.43183
1641,23.519833,30.108292,25.942444,13.995995,32.559902,6.866534,23.87411,11.45582,8.117175,3.473567,10.775526,14.614611,9.875248,17.853682,14.7580595,25.509855,28.820625,21.786528,22.995556,23.342783,20.654589,16.529373,28.875431,24.716782,16.433044,11.943541,7.980197,9.178598,20.741053,11.114913,28.647205,26.008377,15.84396,12.117249,22.323889
1642,26.891304,27.20466,25.32651,15.224531,25.904638,25.47443,16.236115,10.1177025,31.740816,17.27051,14.187326,19.487883,8.454102,19.742569,25.447351,33.80096,20.217373,17.377224,9.955977,16.877804,7.2952776,6.741855,25.453653,17.158947,21.33672,12.816602,26.979311,11.851594,10.8552,9.740462,23.470642,22.608425,9.290384,9.253119,18.648212
1643,25.102425,25.250734,24.661495,15.942105,22.061836,28.508831,17.16636,10.093477,32.539986,21.532156,9.066179,24.289612,7.465898,18.023783,29.656984,34.448994,13.419562,19.086569,8.955354,19.16741,8.223226,7.076058,24.103144,15.577426,13.755582,11.033347,30.879808,14.257772,16.452133,3.684258,21.784311,23.55261,10.1229105,10.669174,21.312986
1644,18.041405,31.711658,22.52037,7.7610226,35.593174,4.3778477,26.006378,11.935003,6.222039,4.0838976,9.996696,15.042613,9.164385,16.858505,16.704664,28.065697,30.03209,19.193586,25.861883,25.436842,23.403124,18.413937,29.633574,21.18679,15.365213,9.955395,7.9900475,9.419661,28.47813,10.496734,29.502096,26.327663,18.190777,9.431244,22.257921
1645,23.931597,24.697594,23.586226,14.318209,21.425514,28.304592,16.718824,9.854974,32.318455,22.40883,9.093742,24.249208,7.3773212,17.755102,29.622635,33.921352,12.470328,18.205378,8.449965,18.758953,7.694433,6.45558,23.54914,14.851471,13.619587,11.013568,30.807217,14.479387,16.268496,3.630663,21.156685,23.08689,10.011978,10.244643,20.900013
1646,17.405468,32.03891,22.017965,6.1176877,35.49764,4.3087373,25.737894,12.081772,6.446024,4.8656993,11.365495,14.831233,9.635654,17.61032,16.526457,27.84109,30.687267,18.62656,25.653692,25.129032,22.336088,17.429214,29.864922,21.35778,16.849426,10.609718,7.9439874,9.850872,28.086994,11.789322,29.51758,26.418234,18.252602,9.064668,22.164057
1647,23.041939,27.826878,22.871756,10.161888,24.001898,21.653439,17.422112,11.122691,27.562132,17.907946,15.140691,19.17811,9.39502,20.103107,24.795893,32.68077,19.167614,16.521,11.687461,18.477686,8.722844,6.7898536,25.791124,17.319752,22.379787,13.876258,23.325243,13.502059,12.562174,11.703865,23.780071,23.31494,11.063597,9.195092,19.569351
1648,30.98286,26.973064,30.616154,25.900282,30.897886,13.294309,20.828783,9.589522,14.4257555,3.2594895,8.593874,14.819523,8.600997,16.6082,15.372443,25.468504,24.746786,24.95183,17.425331,20.412304,17.94168,15.630272,26.724722,25.39516,14.046276,10.6029825,12.065084,7.7232265,12.239005,6.8835535,26.764206,24.456554,10.886365,14.506497,21.394148
1649,21.785824,30.908564,22.758419,6.126549,14.287723,4.911543,19.534084,15.48249,9.248955,8.036744,26.52691,11.972775,13.878332,26.161661,10.8893,20.133253,32.36999,18.507866,21.212078,17.345438,9.84213,6.389989,29.140936,28.300581,30.168495,21.388529,5.4502754,12.3325405,11.247344,28.994736,27.39142,25.346539,17.310436,11.512795,20.86751
1650,21.539238,31.510098,23.6682,6.8867235,27.311419,5.5253086,21.741247,12.965065,8.856161,6.9205856,20.336384,12.620871,12.59034,22.545368,12.609158,23.08557,32.07203,19.020271,21.71166,20.457499,14.186149,10.395267,29.85833,26.392086,25.840248,16.8066,6.4788,11.019982,15.355214,20.855738,28.634474,26.015102,15.933162,10.955054,21.330727
1651,18.645685,32.826122,22.399134,3.559558,32.514557,3.6261744,23.604061,12.951319,6.5679274,5.130159,17.561169,12.581852,12.080093,21.676691,12.859995,24.661493,34.513824,18.269201,24.560043,22.142199,17.166927,12.753001,30.832207,25.660482,24.693857,15.168903,5.6327105,11.19209,21.864807,19.243744,29.789957,26.78778,18.147167,9.80655,21.73601
1652,22.47656,27.510479,22.492311,9.650174,18.993595,21.324474,16.855843,12.348742,26.864399,16.852907,15.409521,19.3259,10.010243,21.361301,24.155247,31.952267,18.93914,17.136852,11.607086,17.991682,7.4168415,5.1228504,25.552282,18.733694,23.487528,15.129856,22.41928,15.090174,13.259774,13.471166,23.258577,23.731709,12.197546,10.366634,20.313421
1653,17.916582,31.774446,22.11922,5.8904867,34.09234,4.651224,24.785051,12.139244,6.9867496,5.270158,12.849157,14.358876,10.195443,18.46458,15.695095,26.82385,30.885832,18.494637,24.688065,24.05668,20.56568,15.936432,29.712524,22.160212,18.457727,11.6625595,7.721024,10.107172,25.767859,13.246222,29.147446,26.2217,17.756695,9.258799,21.870848
1654,25.189175,28.466768,24.226198,11.95174,21.414143,19.24525,16.81169,11.952149,25.359125,14.070108,18.243124,16.726334,10.338423,21.83852,21.204325,30.460747,23.210606,17.423456,12.618594,16.848127,7.4965715,5.718676,26.667034,20.416233,25.627327,15.441236,20.042206,12.627603,10.1340475,16.02204,24.749079,23.48484,11.266674,10.3805485,19.138344
1655,22.91256,29.152025,24.58886,15.587863,34.009537,15.297541,23.464832,9.458033,19.852665,14.224271,10.8522415,18.870222,7.361163,14.348212,24.926792,32.72362,19.552141,18.792376,17.140873,24.655226,19.123259,16.384857,27.3114,14.409042,11.500761,7.265412,19.217718,7.863363,19.107561,3.7259824,26.970175,24.241823,10.280966,8.373494,20.747408
1656,19.205606,32.403996,22.94166,4.922428,32.869827,3.5767713,23.824966,12.693661,5.9546356,4.7024674,16.463665,12.797567,11.849936,21.037642,12.696553,24.214123,33.85752,18.954023,24.616615,22.48699,17.90538,13.478173,30.567144,25.844812,23.23047,14.751692,5.4207816,10.8584,21.826704,18.009935,29.675995,26.757948,17.933847,10.2241745,21.985636
1657,21.502161,30.66161,23.201323,6.6329813,21.24192,4.1170053,20.687859,13.876269,7.176514,6.7941995,22.727953,11.810648,13.171382,23.966278,10.419295,19.927992,32.322186,19.073233,22.011475,18.692505,12.584887,8.965138,29.160162,28.021255,27.053684,19.026579,4.605525,11.350378,13.136891,24.702042,27.817997,25.49207,16.829266,11.422759,21.0894
1658,22.48703,28.077427,22.907764,10.23597,17.366085,17.21361,18.327421,12.840012,21.81914,15.144781,17.029898,18.46787,10.602096,21.498264,21.82848,29.004797,20.73972,18.314222,14.086213,18.939243,9.085786,6.3138075,26.562666,20.549992,21.899326,15.193652,18.578148,14.049195,14.539265,14.960904,24.503496,24.5879,13.004207,11.364666,21.15806
1659,19.039093,32.623215,22.613224,4.4132915,32.628048,4.425018,23.552277,12.7875805,7.457434,5.304773,16.98017,12.957756,11.804838,21.265387,13.547663,25.317873,33.75914,18.342669,24.107105,22.265501,17.358032,13.020218,30.617638,25.03434,23.928925,14.658891,6.4413795,10.976735,21.86117,18.180159,29.60875,26.62482,17.749363,9.770245,21.65137
1660,22.262676,31.383532,23.499289,6.756692,17.562288,4.9823017,20.432398,15.002387,8.935783,8.029257,25.463085,12.312202,13.846278,25.547935,11.280591,20.68381,32.474007,19.180868,21.59357,18.429249,11.141864,7.545625,29.747532,28.454435,29.098656,20.508463,5.516633,12.100252,12.092351,27.179026,28.116154,25.952608,17.031557,11.772521,21.42573
1661,22.057106,31.096975,23.109922,6.183709,17.779747,5.404339,19.732958,14.767749,9.675171,7.984657,25.587008,11.928539,13.757542,25.649792,11.108238,20.751871,32.62925,18.51364,20.982056,17.618254,10.330309,6.9311886,29.378239,28.1217,29.978743,20.632685,5.8474336,12.09276,11.3002,27.543678,27.686571,25.452616,16.777212,11.352299,20.782888
1662,19.066595,32.13645,22.680109,5.023781,32.273186,3.9733214,23.557844,12.618629,6.569345,4.9770765,16.360088,12.868154,11.637341,20.82846,13.084442,24.513945,33.24472,18.650864,24.176296,22.295774,17.666882,13.312567,30.260096,25.188385,22.99849,14.477745,5.9008636,10.752436,21.68587,17.712263,29.353441,26.460796,17.650839,10.022886,21.710653
1663,19.381758,31.241192,22.502134,6.0611506,30.690184,5.460515,22.719555,12.329636,8.32681,5.8678274,15.960119,13.208287,11.181633,20.415579,13.95646,24.907518,31.421017,18.34115,22.821644,21.63039,16.864841,12.821715,29.388433,24.065327,22.36827,14.067305,7.3053274,10.638168,20.532469,16.894386,28.449863,25.755367,16.777405,9.920979,21.184277
1664,21.898159,30.248466,24.66962,12.182196,32.87484,6.688039,23.939318,11.425739,8.5222845,3.9150114,10.918734,14.606198,9.548456,17.39992,15.535216,26.458645,28.685478,20.527012,22.92655,23.453962,20.685024,16.494373,28.71717,22.87746,16.211237,11.091725,8.534331,8.979167,22.214098,10.69657,28.446081,25.630438,15.818991,10.944315,21.782959
1665,18.844381,31.871134,22.95084,7.386826,34.687416,4.270484,25.248962,12.146743,6.2687936,4.109996,12.054705,14.335529,10.068253,18.166534,15.339779,26.7814,31.211723,19.310564,25.281296,24.527916,21.599365,16.841682,29.902561,22.822855,17.76244,11.513887,7.1496615,9.718673,25.9451,12.702718,29.520548,26.442755,17.876896,9.799885,22.186565
1666,19.08687,32.794525,22.927746,4.8532004,33.583576,3.9295542,24.17754,12.7976265,6.5616927,4.75536,16.152464,13.135824,11.68792,20.956512,13.460668,25.290247,34.048714,18.835665,24.896141,22.90302,18.444435,13.967099,30.817278,25.33665,23.03548,14.392242,6.0536385,10.841816,22.936453,17.571838,29.931822,26.910236,18.182821,9.948524,22.051737
1667,22.519123,30.519136,22.601437,7.8026495,13.330864,8.994812,18.37749,15.246643,15.021096,9.3538475,25.550295,12.89407,12.812519,25.49363,14.499879,24.349075,29.69703,17.524298,18.520754,16.92374,8.387596,5.412206,28.41379,25.27272,30.68748,20.075293,9.761238,12.498141,10.405955,27.081072,26.5986,24.542233,15.49741,11.013354,19.915068
1668,19.819021,32.129154,22.909452,4.852252,29.314161,3.8065493,22.74991,13.13455,6.62657,5.6165214,18.995543,12.377115,12.470746,22.314922,12.011579,23.059155,33.698368,18.79044,23.679647,21.175215,15.802929,11.6029825,30.374407,26.648506,25.283396,16.332588,5.21453,11.254604,18.920948,20.660574,29.254244,26.505007,17.575153,10.576271,21.682724
1669,18.05717,32.032013,21.82927,3.585176,31.424746,3.4899697,23.240131,12.721346,6.215074,5.3587008,17.0268,12.485014,11.705396,21.163805,12.72161,23.985956,33.45736,17.984837,24.264145,21.766897,17.034431,12.71113,30.07662,25.050991,23.829771,14.851249,5.571186,11.038858,21.646704,18.880037,29.100657,26.231876,17.963917,9.641369,21.413204
1670,20.841646,30.49208,23.820663,11.337303,33.718307,8.436264,24.364117,11.123479,11.147598,6.899053,11.044815,16.013254,9.078735,16.414516,18.843014,29.06074,26.089586,19.530262,21.685799,24.557096,20.805573,16.579796,28.695929,19.692719,14.909302,9.509993,11.332973,9.068363,23.093075,8.480177,28.382776,25.57362,14.611717,9.924171,21.700047
1671,23.189634,30.488392,23.837944,8.891247,21.19708,7.844597,19.675854,13.413482,12.326176,8.311633,22.891626,12.606188,12.685217,23.47097,13.29972,23.1404,30.063696,18.617537,19.08974,18.46621,10.934568,7.828441,28.818422,25.733912,27.631302,18.038576,8.322448,11.068266,10.770505,22.890362,27.375208,24.951187,14.327644,11.209797,20.363726
1672,26.774487,28.49541,27.724909,19.712223,31.935247,11.410917,21.995852,10.38395,13.306146,3.6954994,9.414686,14.947651,8.724665,16.911598,16.277193,27.070364,26.558107,22.47349,19.593414,21.604471,18.90245,16.023964,27.452066,23.237627,15.002365,10.407258,11.834491,8.137441,17.469349,8.205125,27.27042,24.705608,13.031626,12.241167,21.205637
1673,25.817898,28.625725,26.916845,18.07438,31.802341,10.909654,21.887121,10.492771,13.08191,3.7680063,9.921893,14.7048025,8.844532,17.089397,16.129002,27.055763,26.92841,21.687132,19.718536,21.513298,18.607527,15.652688,27.423475,22.848572,15.6805935,10.604488,11.495832,8.207199,17.786171,8.84189,27.149607,24.536034,13.264152,11.7072315,20.91366
1674,21.841045,29.829964,22.93594,8.768994,26.941956,11.120707,20.07168,11.578411,16.017973,10.811022,18.516813,14.313988,10.913242,20.449104,17.37801,26.918127,26.590485,17.31638,17.461926,19.811295,12.427362,9.616264,27.975521,21.16277,23.582924,14.194656,12.60902,10.5278015,13.578017,16.288,26.675129,24.267677,12.630515,9.463658,19.753958
1675,26.363459,25.072165,25.830708,18.584007,25.709494,22.06447,17.3809,9.413976,25.212019,13.3426485,8.549445,19.198673,7.4614325,17.296001,22.588469,29.987661,18.727837,19.96319,12.065594,17.932837,11.267095,10.12323,24.069107,18.771072,14.708365,10.833834,22.909729,11.08186,14.203489,5.702688,22.703695,22.574093,10.548683,11.00783,19.831
1676,22.621803,28.770376,25.008018,15.141213,32.560688,8.902345,23.494822,10.514715,10.52365,4.874581,8.527174,15.564701,8.323468,15.665599,17.28703,27.268446,25.376282,20.89514,21.333138,23.349232,21.018684,17.228292,27.428204,20.894714,12.917992,9.227839,10.896147,8.407779,21.80692,7.2286553,27.359507,24.821257,14.359187,10.999815,21.471426
1677,21.684755,31.32037,23.554974,6.8895707,25.847353,5.666893,21.238806,13.169971,9.14501,6.787207,20.819815,12.383807,12.680399,23.001642,12.260034,22.781204,32.208706,18.878199,21.526457,19.772009,13.515531,9.834743,29.673342,26.685923,26.545414,17.333054,6.4193945,11.175883,14.728349,21.802868,28.377707,25.812185,16.079437,11.034958,21.094599
1678,18.96078,31.964195,22.413832,4.9495316,31.62612,4.721589,23.229269,12.582964,7.622331,5.638885,16.497133,13.083683,11.507204,20.806488,13.718011,25.019552,32.583847,18.288952,23.583889,22.043928,17.191204,12.944163,30.028954,24.48904,23.044184,14.314662,6.726241,10.830397,21.456083,17.540411,29.0554,26.227802,17.351965,9.801042,21.461843
1679,23.119453,30.035477,25.176928,12.006151,30.726025,7.1883783,22.355892,11.636187,9.307169,4.340362,13.765728,13.667955,10.712349,19.234371,13.807231,24.59529,29.701931,20.565458,21.457645,21.635283,17.497086,13.819837,28.707382,24.929203,19.552212,13.262091,7.9219203,9.519245,18.067778,13.738946,28.038805,25.503702,15.084486,11.48505,21.44798
1680,21.53897,31.41294,23.354118,6.6580977,25.693233,6.1357145,21.124552,13.201093,9.94486,7.2716565,21.112444,12.496053,12.625431,23.081417,12.806848,23.341578,32.03993,18.56294,21.259258,19.705454,13.198265,9.59999,29.675406,26.19369,26.86437,17.255217,7.0353823,11.248517,14.708219,21.902689,28.33541,25.739307,15.9209175,10.788752,20.946867
1681,17.632175,32.05075,22.101196,5.9236455,35.0932,4.326729,25.413826,12.140228,6.5561237,4.9577513,12.120164,14.587038,9.937592,18.037119,16.102833,27.413807,30.98974,18.590994,25.351917,24.750265,21.6288,16.810791,29.912004,21.805193,17.68286,11.117168,7.7278166,9.955108,27.139692,12.529158,29.471674,26.408321,18.08996,9.145944,22.081423
1682,17.922333,31.506952,22.124088,6.5356746,34.105957,4.986512,24.926764,11.967682,7.248792,5.470851,12.065894,14.7112465,9.834066,17.871101,16.308558,27.211199,29.96289,18.584955,24.540554,24.325415,21.06001,16.412998,29.468052,21.494942,17.318323,11.025632,8.2279415,9.936143,26.165924,12.165082,28.997114,26.101536,17.52457,9.255448,21.889685
1683,22.554346,29.319729,24.641144,15.736321,34.207657,13.100771,24.142939,9.702402,17.07652,11.920928,10.277876,18.191133,7.4438095,13.959445,23.638617,31.90235,20.474651,19.32004,18.382858,25.336973,20.419573,17.237057,27.502333,15.079811,10.911018,6.9242916,16.995129,7.4351926,20.287786,3.6849036,27.38814,24.475197,10.820215,8.838778,21.058958
1684,20.026733,31.661736,22.740725,5.0975733,27.327955,4.1078796,22.056002,13.227075,7.149186,6.0756564,19.869802,12.194299,12.525291,22.651237,11.804933,22.514906,33.178036,18.56982,23.03587,20.39747,14.819761,10.82361,29.914087,26.605938,25.843653,16.873045,5.345131,11.261701,17.426802,21.589117,28.722826,26.064476,17.266733,10.572653,21.31946
1685,18.03451,32.6804,22.32014,4.4746513,34.61516,3.88316,24.723307,12.587305,6.4185085,4.9319067,14.763234,13.636947,11.099142,19.957542,14.43643,26.132132,33.28422,18.472387,25.269514,23.652613,19.638634,15.037721,30.563417,23.899319,21.23568,13.185017,6.624367,10.591029,25.010454,15.849485,29.800783,26.753284,18.388893,9.340744,22.034964
1686,27.245415,26.970675,27.913063,22.202696,31.5519,12.519939,21.350536,9.586118,14.0788145,3.6600485,7.3719163,15.024635,7.6534195,15.563279,16.610546,26.752897,24.618586,22.722486,18.630764,20.893862,19.089375,16.69606,26.101742,22.164238,12.631126,9.146917,12.904471,7.432839,16.788689,6.102184,26.160053,23.714766,12.122869,12.194872,20.639254
1687,29.973589,24.992931,28.83059,25.117517,29.213331,18.705692,17.999134,8.651578,21.195301,6.533647,7.6547985,15.836731,7.1086864,16.16784,18.257904,27.630253,22.258894,22.286955,13.833783,17.674164,14.194007,13.393981,24.307291,21.289682,13.842587,9.635632,18.190552,7.712936,11.596412,5.420428,23.86658,22.138147,9.4538,12.075083,19.180525
1688,23.906012,25.030834,23.679176,14.011562,20.906433,28.619343,16.892353,10.230386,32.640438,22.77012,9.286543,24.682714,7.650444,18.23163,30.052097,34.34109,12.417602,18.455898,8.521502,19.023548,7.6061306,6.21007,23.859266,15.202439,14.054365,11.387888,31.065695,15.117222,16.72471,3.941423,21.362288,23.527023,10.398642,10.545794,21.359411
1689,22.670393,31.291664,23.584919,7.2244925,13.9418335,4.5722723,20.120655,15.783579,8.614584,8.131059,27.17731,12.239414,14.149004,26.405308,10.765954,19.724562,32.598057,19.372694,21.816687,17.861021,10.393972,6.862144,29.616598,29.056843,29.92139,21.779318,5.131582,12.203207,10.948194,29.45569,27.963305,25.829334,17.463024,12.049691,21.457104
1690,23.812895,30.325788,24.194757,9.964379,24.851475,11.370669,19.490755,12.314493,16.471104,9.836853,20.539524,13.815681,11.840072,22.041893,16.358343,26.482813,27.894596,18.21094,17.05912,19.003723,11.004298,8.183159,28.617828,23.340683,26.256763,15.860144,11.973334,11.008162,11.204402,18.738127,27.16045,24.758904,12.543884,10.684746,20.015858
1691,18.397352,31.77559,22.368725,5.270795,32.936993,3.8379323,24.03216,12.362478,6.0600915,4.990281,14.835346,13.329065,11.069681,19.794382,13.671859,24.758554,32.31082,18.652166,24.51683,22.906178,18.860014,14.411826,29.877405,24.181152,20.918793,13.407139,6.193261,10.438792,23.25292,15.97044,29.133856,26.285337,17.779737,9.745247,21.790525
1692,23.266056,29.277752,22.786192,8.452806,19.521965,15.172289,17.053783,12.864408,21.483463,12.800075,21.507193,14.767348,11.482659,23.152906,18.472183,28.05856,25.60382,16.436777,14.399285,16.552437,7.28242,4.998446,27.255672,21.705845,28.66584,17.200294,15.926619,12.661562,9.434282,20.511894,25.322775,23.58245,12.441733,10.004177,18.875065
1693,19.343817,29.395008,22.358463,10.583968,33.145058,9.674498,23.70759,10.464208,12.815756,8.8134165,9.820232,16.47932,7.9835877,15.348023,20.211838,29.655695,23.947504,18.098911,20.777185,23.948357,20.457958,16.63519,27.444218,17.103834,13.244951,8.394985,13.235987,8.777335,23.709745,6.998297,27.135271,24.437077,14.227827,8.607014,20.727406
1694,17.531004,32.329132,22.099693,4.8371058,35.05849,3.392778,25.113352,12.372835,5.508598,4.5401387,13.44091,13.772074,10.602892,19.10221,14.523303,26.014914,32.714024,18.570992,25.75753,24.130955,20.687206,15.993789,30.205574,23.349388,19.653675,12.418911,6.4095573,10.240919,26.123968,14.6837015,29.630701,26.567663,18.547035,9.240009,22.088514
1695,19.000643,32.51207,22.848175,4.8080883,33.30552,3.5842085,24.013353,12.682318,6.0126586,4.684792,16.206686,12.905242,11.729412,20.882961,12.968856,24.573387,33.900352,18.86461,24.791443,22.714163,18.231928,13.774926,30.612696,25.549196,22.972404,14.499987,5.5883884,10.792363,22.412489,17.702253,29.74499,26.777538,18.038664,10.044565,21.994581
1696,18.65831,32.60537,22.493263,4.4625196,33.25602,4.209572,23.960161,12.712958,7.035057,5.159859,16.149635,13.195331,11.535603,20.778076,13.837698,25.552088,33.550575,18.397982,24.527641,22.75559,18.169718,13.743987,30.563547,24.625305,22.91234,14.124269,6.4832964,10.828466,22.990414,17.338228,29.6463,26.651747,17.978725,9.624472,21.7876
1697,19.052988,32.2157,22.370667,3.3939283,27.537638,2.2583199,22.637266,13.737213,4.8129134,5.1318603,20.24948,11.714212,12.914112,23.3473,10.424611,21.316103,35.171417,18.628775,24.85259,20.457172,15.469675,11.26039,30.420908,27.913069,26.480808,17.711561,3.6106355,11.628063,18.9657,23.304506,29.25324,26.510498,18.898994,10.500092,21.689867
1698,19.415236,31.877724,22.742332,4.990624,30.4392,3.7116797,22.987587,12.804082,6.2548823,5.215785,17.623018,12.469366,12.052489,21.519674,12.196904,23.271837,33.30697,18.757013,23.832558,21.520555,16.557795,12.29999,30.131868,26.08221,24.074434,15.479521,5.276425,10.998548,19.936598,19.27832,29.134169,26.368238,17.537714,10.416857,21.641947
1699,18.548382,31.29546,22.871532,10.087022,36.266624,5.9784822,26.534525,11.379841,8.13444,5.239796,8.30682,16.267132,8.087018,15.092211,19.284904,30.137892,27.146124,19.421305,24.953053,26.491095,24.715302,19.732891,29.191814,18.66158,12.286925,7.8053346,10.223967,8.631953,29.091871,6.9770145,29.340996,26.053999,16.872562,9.29496,22.238478
1700,18.49163,33.064617,22.61079,4.069145,34.118507,3.4746804,24.461498,12.873123,6.1098514,4.7361703,16.176844,13.0731125,11.6963825,20.993124,13.459537,25.392963,34.4909,18.632452,25.387066,23.148748,18.732506,14.167473,31.001223,25.25835,23.188084,14.356393,5.8270154,10.933292,23.733225,17.802204,30.126314,27.036411,18.558874,9.709939,22.120792
1701,21.905632,30.447706,23.279158,8.126936,26.551645,8.867031,20.449059,12.271978,13.10601,8.381543,19.210447,13.323375,11.684303,21.494999,15.047541,25.308764,29.178883,18.035233,19.076529,19.668982,12.848349,9.629018,28.697903,23.585419,24.96597,15.338522,9.869416,10.802011,14.199857,18.416237,27.40838,24.918297,14.030489,10.2742815,20.25537
1702,19.586208,32.42284,23.259928,5.6392174,33.173332,3.9021106,24.005362,12.669918,6.2635345,4.5248713,15.940868,13.070389,11.697939,20.79454,13.060591,24.67143,33.655754,19.20204,24.640915,22.750906,18.370522,13.929026,30.593243,25.691437,22.615503,14.444994,5.7583637,10.702925,22.175104,17.307678,29.747988,26.812906,17.894588,10.310822,22.08696
1703,25.150028,27.969788,25.19337,15.14016,32.480164,21.225002,20.111479,8.9995,26.256968,18.328135,12.366825,20.018728,7.9962187,16.54733,25.9949,33.00206,18.232643,18.11381,12.908881,21.290749,13.697839,12.016574,26.318705,15.561941,15.483973,10.129826,23.980112,10.015841,13.562729,5.465142,25.13812,23.494125,9.103651,8.681829,19.963583
1704,19.343534,32.68021,23.182262,5.2114787,33.688957,3.6727931,24.22953,12.730975,6.0327897,4.505099,16.016012,13.06121,11.755769,20.887932,13.064591,24.783495,34.061653,19.153536,24.975811,22.951374,18.569435,14.075278,30.797407,25.761677,22.79985,14.48176,5.6399584,10.775602,22.642302,17.477274,29.952446,26.965168,18.138462,10.201309,22.188036
1705,27.86894,28.30029,28.17048,20.066446,30.80963,12.281698,20.918776,10.346913,14.600053,4.2976933,11.095563,14.593706,9.317368,17.751896,15.835527,26.58391,26.45096,22.435202,18.060165,20.573908,16.933199,14.327846,27.382334,23.945496,16.823586,11.3900585,12.018408,8.378024,14.454591,9.350533,26.974844,24.531786,12.025696,12.595348,20.865273
1706,19.865318,23.85072,21.54372,10.252956,15.742935,30.001251,16.84398,11.8014965,32.697098,25.776094,6.407624,27.619745,8.352859,19.022552,32.19146,34.72098,6.831921,19.13439,7.5680203,20.350348,7.3082933,4.7428746,22.318422,15.244008,13.55673,13.093369,31.788828,20.086748,19.53757,2.9906816,19.27219,24.380363,12.991819,11.423808,23.877312
1707,19.099133,31.448298,22.684566,6.880218,32.810905,5.790224,23.954023,12.094328,8.364557,5.789664,13.7657995,14.345955,10.49905,18.961113,15.633714,26.560781,30.383171,18.700535,23.41819,23.267145,19.153954,14.815683,29.525705,22.570364,19.294914,12.244815,8.314356,10.2027645,23.481653,13.698651,28.810085,26.051674,16.891933,9.656903,21.68057
1708,29.814056,27.508106,29.73617,24.483011,31.859806,13.915573,20.950207,9.742023,15.812002,3.2778454,8.550453,14.929474,8.213512,16.67491,16.385511,27.169128,25.820663,23.765335,17.920755,20.498896,18.050863,16.019825,26.739216,23.80008,14.454174,10.145258,13.493265,7.4379635,14.476563,7.0580707,26.667261,24.142704,11.474627,12.98285,20.858334
1709,17.909313,32.58529,22.571518,6.30694,36.10453,3.7958944,26.085989,12.357207,5.814763,4.165393,11.707861,14.613692,9.955479,18.154232,15.905741,27.63331,32.00071,19.108286,26.422138,25.334032,22.640045,17.684263,30.4053,22.49153,17.655144,11.22167,7.2490954,9.904786,28.157064,12.673694,30.07294,26.848278,18.77216,9.374611,22.505566
1710,17.327793,32.52556,22.157291,5.6552453,36.149826,3.739833,26.04821,12.31158,5.7820644,4.564811,11.780209,14.627973,9.908902,18.121239,16.024885,27.578382,31.896324,18.783909,26.409657,25.295391,22.496983,17.575579,30.286993,22.151392,17.668379,11.155891,7.3742123,9.992616,28.415297,12.755117,29.926268,26.743732,18.830616,9.081764,22.414597
1711,20.847002,23.599033,21.883133,11.721,15.489653,29.422567,16.668562,11.325593,32.150406,24.612982,6.6667724,26.979374,7.8550434,18.395796,31.539385,34.10975,7.7877603,18.998999,7.6721044,19.822342,7.15176,4.853904,22.393105,15.030456,12.412657,12.126988,31.565317,18.485765,19.405111,2.6778922,19.492168,23.97093,12.1504,11.544824,23.130266
1712,21.681767,30.986826,23.23991,7.6806197,26.879171,8.108458,20.900303,12.469988,12.590633,8.716939,20.340658,13.193375,11.939498,21.742872,15.0593,25.283333,29.71391,17.983122,19.517912,20.18574,12.974156,9.696305,29.120155,23.631311,25.568432,15.622545,9.412271,10.680967,14.026305,19.278234,27.85067,25.169024,14.026812,10.093745,20.441595
1713,22.565489,30.098003,24.940794,14.990885,34.528175,11.566222,24.634438,10.312192,15.086201,9.979396,10.575996,17.669228,8.124222,14.79898,22.322218,31.401697,22.490242,19.909193,19.664867,25.636307,20.98104,17.325077,28.30787,16.923773,12.197295,7.7192535,15.110917,7.9561453,21.321888,5.055274,28.175941,25.236496,11.9813595,9.5830345,21.659348
1714,21.335257,23.995932,22.519505,12.782383,18.768616,27.580002,17.136835,11.00041,30.48381,22.557833,6.826902,25.253887,7.904849,17.891994,29.893856,33.52659,9.124212,19.17911,8.620195,20.070694,8.821782,6.6299844,22.49949,15.369568,13.347557,12.082299,29.319128,17.246754,17.477938,3.1748347,20.059002,23.597176,11.817168,11.008844,22.614649
1715,21.857674,30.979473,23.152372,6.4029994,19.22748,4.9146214,20.166216,14.403772,8.754619,7.5554776,24.435194,11.917005,13.514733,24.97863,10.93982,20.571455,32.492573,18.734768,21.407328,18.185646,11.273267,7.7788415,29.33141,28.046574,28.789778,19.94323,5.370162,11.766726,12.109799,26.340448,27.76614,25.49813,16.745434,11.387384,20.934126
1716,22.149029,31.377522,22.97374,6.2895484,9.23262,3.8233469,19.736315,17.012857,8.201319,8.236146,29.202908,12.088452,14.538727,27.85095,10.186851,18.889269,33.280098,19.13521,22.430964,17.006746,9.417963,5.81652,29.560911,29.841991,31.457235,23.495094,4.485146,12.900126,10.902089,32.712555,27.733463,25.79967,18.818722,12.131363,21.49539
1717,21.839296,31.232517,23.180462,5.8684483,18.016552,4.3746815,20.196812,14.8606825,8.129915,7.765072,25.657673,11.833555,13.973915,25.757133,10.368474,19.765463,33.1677,18.891012,21.840775,17.921549,10.922107,7.3792024,29.609358,28.88459,29.589073,20.87926,4.8153067,12.110531,11.828546,27.890661,27.963692,25.755938,17.334192,11.560148,21.175241
1718,18.218565,30.847176,22.619284,10.181383,35.633728,5.655019,26.39739,11.397158,7.3991985,4.4297166,7.2117815,16.111088,7.793271,14.934705,18.74941,29.625618,27.219757,19.468817,25.442348,26.121264,25.09809,20.091167,28.808249,18.935684,11.704252,7.7637963,9.822812,8.705704,29.938108,6.941842,29.01614,25.84114,17.552519,9.402243,22.15451
1719,18.130913,32.21421,21.93494,3.617087,31.838392,3.6794372,23.397284,12.708784,6.4748425,5.6306605,17.103346,12.65695,11.736681,21.15325,13.049662,24.317928,33.40653,18.035069,24.224525,22.011644,17.115673,12.776137,30.23776,24.936012,23.830032,14.758299,5.8344913,11.067095,21.738327,18.689215,29.252346,26.370487,17.85785,9.62998,21.528074
1720,23.05088,30.93821,24.660622,8.862269,23.593512,4.9538736,21.286345,13.532748,7.6061926,6.5258927,21.401497,12.335305,13.051957,23.491426,10.987592,20.75765,32.02276,20.326788,21.954124,19.53322,13.641323,9.959619,29.628056,28.620083,26.171597,18.444727,5.137371,11.274592,13.1072235,22.924341,28.455149,26.084698,16.377275,12.265644,21.740538
1721,18.375465,31.963772,22.950191,9.510994,37.05362,5.6877623,27.081285,11.6773205,7.8090205,5.0317492,8.316008,16.428267,8.247298,15.48245,19.38464,30.614782,28.114326,19.562963,25.824602,26.929512,25.319304,20.149254,29.780481,19.117302,12.700003,8.0293455,10.0827,8.959384,30.387611,7.4102173,29.91228,26.559994,17.684525,9.331764,22.62456
1722,27.045197,25.078823,25.79737,18.765795,25.733564,24.084827,16.295353,9.088018,28.695244,15.238151,10.664789,19.075983,7.419476,17.20119,24.026064,31.346773,17.727556,18.755404,9.736081,17.082298,9.0695505,8.571683,23.841003,16.828667,16.295082,10.686955,25.245598,10.503391,10.881231,5.915237,22.383276,21.795097,8.377288,10.002722,18.670868
1723,19.597305,32.09814,22.87092,5.131818,30.983007,4.113865,23.059889,12.77607,6.897576,5.2300334,17.52395,12.595494,12.012903,21.462223,12.654399,23.99244,33.34008,18.70702,23.663801,21.71477,16.60524,12.342121,30.308344,25.815166,24.161572,15.23335,5.7183867,10.953447,20.134836,18.898323,29.289467,26.460499,17.347368,10.352744,21.62989
1724,21.723389,30.684645,22.519749,6.288829,13.022858,5.4315653,19.165398,15.611761,10.092001,8.226085,26.57479,12.0702095,13.712788,26.155756,11.356764,20.599411,31.770573,18.23944,20.711632,17.089449,9.350072,5.973047,28.842531,27.770878,30.338118,21.377602,6.0126047,12.430107,11.004116,29.065187,27.053734,25.087032,17.120773,11.4275,20.642105
1725,20.940866,31.518333,24.240343,8.264825,32.755264,4.4636593,23.849611,12.275488,6.1644025,4.177088,14.645263,13.342464,11.353058,20.075754,12.8815775,23.922575,32.333015,20.236292,24.161793,22.736794,18.773403,14.50952,29.97426,26.083223,20.90607,14.132822,5.8533006,10.277952,20.956396,15.904486,29.3173,26.564455,17.221218,11.086341,22.264528
1726,33.846767,26.013624,33.216698,29.580418,29.626268,11.99445,21.526426,9.317799,10.35839,4.197161,7.7801394,15.55815,9.405942,15.954911,13.906087,21.497807,21.331436,28.842344,16.537899,20.337381,18.926094,15.10707,27.602072,29.768291,12.140748,10.851712,9.024315,9.819731,7.5512643,5.260591,28.291616,26.291256,9.832783,19.51343,23.708872
1727,18.669842,32.612762,22.576527,4.342382,33.142624,3.479169,23.980661,12.789261,6.044278,4.636749,16.305868,12.803925,11.703685,21.026707,12.977217,24.725649,34.167778,18.615438,24.960678,22.60178,18.164635,13.698067,30.64596,25.452372,23.318106,14.570067,5.584591,10.888817,22.759523,18.08815,29.755838,26.750834,18.286892,9.876271,21.895397
1728,21.706371,26.766485,22.481413,11.20063,25.992723,24.846851,18.721884,10.208889,29.674986,21.33167,10.150047,22.982048,7.5852757,17.31402,29.218332,34.968872,14.961898,16.901451,11.2947235,20.484377,10.7782755,9.001094,24.88431,13.609201,14.861861,10.41868,28.31547,13.525328,18.386156,4.678779,22.930689,23.435732,11.081623,8.431189,20.60341
1729,17.740831,31.764147,21.89952,5.1543064,33.50955,4.644829,24.33795,12.254955,7.093633,5.4710007,13.65672,14.043791,10.491264,19.08585,15.178148,26.288208,31.421711,18.221525,24.497646,23.438564,19.648119,15.1643305,29.692513,22.608316,19.578321,12.316292,7.5369806,10.375123,25.100885,14.386647,28.988745,26.145336,17.873968,9.167059,21.69677
1730,25.072887,29.711172,24.967346,12.376935,27.241247,15.280654,19.370806,11.217661,20.79834,12.156609,18.06584,15.689868,10.701246,20.333729,19.783304,29.43016,24.62334,18.269123,14.910927,19.59434,11.411143,8.952786,28.048388,20.744593,23.522665,13.859346,16.210997,10.692604,11.071023,14.185503,26.65087,24.397888,10.710982,10.347073,19.835636
1731,26.135525,28.604252,27.763037,20.309057,33.486443,10.086182,23.54445,10.324335,11.141422,3.0736685,7.0544353,15.539635,8.038691,15.700772,16.719091,27.28728,26.100332,23.17975,21.591,23.155832,21.9023,18.540848,27.569689,22.969044,12.353518,9.395587,11.196324,7.83333,20.406366,6.5400434,27.800304,25.101885,14.205529,12.527486,21.960596
1732,20.819942,29.899164,24.30325,13.7197,34.341087,7.0129595,25.476942,11.062163,8.378798,4.1002746,7.087418,16.03864,7.859924,14.9979105,18.074974,28.524689,26.350212,20.809004,24.10805,25.138645,24.101297,19.589964,28.279478,20.187347,11.423707,8.23182,10.232939,8.389154,26.651905,6.633523,28.516878,25.576221,16.36825,10.558758,22.164911
1733,20.143974,31.074997,22.55434,5.1861386,24.189722,3.4986098,21.378443,13.596262,6.3794,5.938057,20.97841,11.743247,12.77553,23.278772,10.627733,20.828154,33.13304,18.605495,22.984232,19.399178,13.889895,10.024073,29.425783,27.389973,26.366482,17.952421,4.420408,11.340063,15.99038,23.379038,28.181688,25.681974,17.532316,10.84325,21.104761
1734,19.555695,31.564386,22.445463,4.2574286,25.635897,2.6415534,21.999063,13.698816,5.2370753,5.4247627,20.664228,11.647154,12.876856,23.347826,10.255475,20.702936,34.228306,18.669992,24.052357,19.846706,14.697986,10.664073,29.865482,27.835821,26.378284,17.965387,3.7459404,11.479822,17.394522,23.549038,28.677061,26.06769,18.328281,10.702558,21.410923
1735,18.687042,32.242683,22.341194,4.0161877,31.712248,3.529714,23.311909,12.764135,6.21837,5.173509,17.326742,12.483547,11.958057,21.37083,12.530707,23.915167,33.764465,18.358063,24.198305,21.867441,16.960823,12.607136,30.364576,25.611317,24.114494,15.087276,5.4053965,11.042693,21.159645,18.977144,29.364878,26.48471,17.812288,9.968785,21.614351
1736,32.35928,26.768452,31.496017,28.260511,32.570473,15.206612,20.296495,9.158941,16.931456,2.4134154,7.6013713,14.58172,7.8605833,16.513006,15.796391,26.784798,25.719316,25.02107,17.063187,19.652973,17.916908,16.4393,26.27645,24.941109,14.244964,10.126326,13.813382,6.864713,11.8698225,6.2957892,26.396208,23.778208,10.531401,13.839814,20.665434
1737,23.27475,30.063131,23.16872,9.085675,15.094349,10.525871,18.186373,14.515154,16.34769,9.548793,23.856787,13.394131,12.385031,24.463516,15.430551,25.282043,28.168644,17.841997,17.315434,17.134611,8.51005,5.597717,28.110281,24.487293,29.456173,18.86174,11.0791235,12.321574,9.9878235,24.48464,26.374197,24.403614,14.299062,11.271952,19.845303
1738,22.995085,24.734673,23.440933,13.998192,20.896856,28.364824,17.701445,10.307636,31.611607,23.558567,7.6749077,25.652046,7.5238953,17.601063,30.754921,34.307804,10.47486,19.096949,8.965358,20.324986,9.043759,7.205219,23.547152,14.989996,12.226475,11.1307125,30.872559,15.814457,18.059824,2.463465,21.136461,23.8876,10.981497,10.843298,22.330229
1739,19.184372,32.054943,22.562094,4.548527,30.79821,3.748525,22.992985,12.820251,6.4906745,5.150607,17.662874,12.404802,12.048088,21.560888,12.345386,23.6578,33.574814,18.497461,23.851124,21.534752,16.513538,12.240214,30.24215,25.876421,24.36867,15.386506,5.397914,11.030485,20.271051,19.317686,29.213438,26.382206,17.588715,10.207386,21.537382
1740,19.98964,31.347153,22.485493,5.309448,26.999268,5.1832457,21.651419,13.020592,8.577792,6.949685,19.803507,12.479441,12.233524,22.413065,12.717929,23.237612,32.171635,18.142792,22.201118,20.170946,14.332553,10.535369,29.508392,25.572018,25.748365,16.527884,6.539442,11.227114,16.922518,21.079855,28.283575,25.666992,16.687984,10.236338,20.958578
1741,19.194084,32.904484,23.051441,4.6890035,33.55758,3.576867,24.174908,12.868804,6.09871,4.6238294,16.547216,12.921545,11.919488,21.261175,12.966718,24.802303,34.490997,18.989918,25.065046,22.819462,18.25766,13.766028,30.97649,25.951412,23.554657,14.804714,5.5554047,10.961084,22.55937,18.19591,30.072023,27.055925,18.29413,10.137562,22.16923
1742,18.967224,33.185623,23.110199,4.4159985,34.56559,3.1293259,24.641605,12.89966,5.4074035,4.362861,16.199383,12.974569,11.934811,21.219265,12.848307,24.782103,35.019043,19.17153,25.74491,23.238682,18.91581,14.323465,31.231625,26.22325,23.343155,14.753992,5.221219,11.008299,23.431911,18.088636,30.387672,27.317017,18.746117,10.126092,22.44208
1743,23.055145,29.889626,23.283058,9.18931,23.067865,13.590958,18.457579,12.590197,19.355272,9.918172,19.172472,14.3393135,11.295381,22.192585,17.950665,28.6187,26.936897,17.270184,15.952134,18.226107,9.849707,7.1736407,27.924742,22.1149,27.01035,15.618024,14.142387,12.035135,12.395491,18.318958,26.236698,24.271599,12.804258,10.294615,19.491491
1744,19.21316,32.749653,22.958786,4.5149193,32.94791,3.578656,23.870691,12.857712,6.149368,4.851089,17.036062,12.758179,12.058158,21.439148,12.724184,24.401688,34.353798,18.88254,24.724228,22.475256,17.694313,13.251327,30.868505,26.074041,23.958359,15.062993,5.437683,11.0416975,21.80786,18.630043,29.911608,26.95112,18.08341,10.193058,22.048761
1745,18.576727,32.58838,22.623264,4.303055,33.582386,3.0891674,24.138432,12.748666,5.370414,4.256016,15.932301,12.705537,11.6928425,20.95677,12.598914,24.355017,34.461155,18.78335,25.351696,22.69814,18.499779,14.002364,30.65319,25.796776,23.101736,14.59388,5.1440907,10.88118,23.076551,18.038256,29.817362,26.811749,18.547295,9.95556,22.010708
1746,20.723827,30.836906,22.704603,5.4852777,22.05247,3.8019855,20.775728,13.830294,6.894716,6.8211236,22.643045,11.672302,13.167217,24.013657,10.358489,20.032537,32.795544,18.651232,22.32758,18.709589,12.674979,9.010849,29.237846,27.851902,27.37064,18.978292,4.4724064,11.514763,13.893688,24.875216,27.867231,25.501425,17.187134,11.049257,20.999607
1747,17.735046,32.736534,22.358875,4.869815,35.60224,3.3849003,25.42343,12.505289,5.545386,4.508656,13.583857,13.897772,10.727951,19.306925,14.677194,26.36663,33.160606,18.771572,26.079956,24.449764,20.963593,16.204699,30.58114,23.620756,19.909332,12.53928,6.43857,10.334161,26.460058,14.829053,30.002493,26.87888,18.752682,9.334433,22.333372
1748,23.402699,30.177176,23.421593,9.200328,20.879435,12.465658,18.237425,13.294527,18.437298,9.145609,20.892605,13.641555,11.7718315,23.381924,16.702951,27.625711,28.29461,17.45252,16.609459,17.704344,9.225092,6.5603523,28.143736,23.49851,28.882137,17.146713,12.794833,12.152919,11.253076,21.155283,26.411077,24.343817,13.467013,10.635023,19.511633
1749,21.137009,30.918482,23.170444,6.803677,26.054844,5.5699387,21.234083,12.933586,8.842272,6.7485604,19.947615,12.408955,12.3200445,22.433357,12.346028,22.677805,31.651333,18.681656,21.55085,19.802591,13.867785,10.202002,29.260748,26.106182,25.662193,16.805916,6.472685,11.027853,15.266736,21.033083,28.048822,25.519865,16.07773,10.802824,20.938223
1750,21.230194,31.748219,23.466473,6.218413,26.970701,5.0892515,21.798483,13.213093,8.446142,6.7086325,20.682865,12.444052,12.760189,22.936508,12.289781,22.92158,32.707436,18.916986,22.156668,20.346289,14.13212,10.267619,30.06787,26.77192,26.398018,17.165651,6.065531,11.253423,15.784234,21.658869,28.801893,26.169006,16.44604,10.95155,21.391
1751,19.607899,31.27893,23.066198,8.085671,33.09185,6.043703,24.126707,11.985531,8.47481,5.096465,12.6473465,14.513653,10.113635,18.47079,15.863302,27.002924,30.086868,19.060282,23.578873,23.503067,19.928953,15.566185,29.379648,22.42418,18.346825,11.754413,8.512203,9.896978,23.939703,12.721413,28.802465,25.975063,16.883543,9.8466015,21.709467
1752,19.152767,32.288166,22.52724,4.0352488,30.205538,3.4820955,22.948584,13.088961,6.3021812,5.3525114,18.579287,12.274572,12.365958,22.161526,12.01347,23.288015,34.119728,18.478968,24.069656,21.306501,16.161518,11.88771,30.459305,26.401272,25.213726,16.043705,5.086644,11.287735,19.94669,20.465038,29.3571,26.531975,17.917711,10.244174,21.618368
1753,21.712036,28.515617,24.37244,15.281945,32.9664,9.294007,23.679937,10.421791,11.071415,4.5010657,6.8926387,15.732023,7.413608,14.876303,18.159023,28.331104,25.202183,20.364489,21.899174,23.3614,21.952827,18.35968,26.947655,19.416365,11.593072,8.060771,11.901429,8.029785,23.983164,6.163608,27.044909,24.340229,14.8651705,10.156794,21.055235
1754,19.854431,31.451675,22.655424,5.118374,27.079779,3.6928546,22.096304,13.196013,6.478371,5.8615165,19.632635,12.105339,12.469688,22.484266,11.462043,21.989561,33.066284,18.657333,23.230928,20.405159,14.999827,10.975904,29.750729,26.713646,25.415821,16.840607,4.9197884,11.182275,17.520185,21.525934,28.612219,25.989021,17.370388,10.632949,21.349184
1755,26.73131,26.986177,25.910404,16.96241,26.7528,21.67742,17.587938,10.0362015,26.586191,13.46198,12.516899,18.290554,8.557176,18.51198,22.926022,31.502172,20.872051,18.91722,11.900579,18.224562,10.272693,9.153806,25.546787,18.47356,18.53259,11.668852,22.664164,10.7038765,12.331214,8.3181,24.020575,22.98684,9.6889925,10.145838,19.36078
1756,27.543169,28.03,27.36956,17.922598,27.938457,13.960533,19.403269,10.53891,17.065222,7.05612,13.7474785,14.862761,10.1401415,18.865429,16.563223,26.509974,25.024406,21.339537,15.606252,19.131472,13.628975,11.141124,27.202032,23.50317,19.173061,12.467139,13.48283,9.599148,11.813071,10.893546,26.293627,24.335625,10.961293,12.535143,20.409042
1757,20.372038,29.013798,23.642803,13.925512,33.60237,8.185698,24.67607,10.603569,9.912521,4.9037027,6.6185403,16.115505,7.3001714,14.344772,18.867294,28.90042,24.831268,20.027649,22.82205,24.573557,23.252823,19.157253,27.302307,18.563007,10.722916,7.469661,11.498877,8.061109,25.950682,5.6143765,27.51015,24.683517,15.373719,9.860838,21.406847
1758,22.920742,30.466225,23.36432,8.207234,21.36679,10.847904,18.905817,13.370459,16.186974,9.198492,21.543741,13.444656,12.266098,23.502676,15.625497,26.094255,28.967648,17.783854,17.593102,18.061419,9.899933,6.945439,28.612404,24.351559,28.395327,17.372808,11.236562,12.1468935,11.79986,21.575628,26.908468,24.826056,14.034517,10.822299,20.002256
1759,24.073704,27.501865,24.651114,15.252001,29.61026,14.070987,20.013258,9.708586,18.009348,9.617618,12.279831,15.689792,8.637564,16.562733,19.288685,28.319529,22.4724,18.78361,15.656608,20.300825,14.919763,12.582973,26.09679,18.535847,16.165558,10.056345,15.483389,8.533245,14.529803,8.117711,25.364183,23.097462,10.483286,9.776942,19.360983
1760,20.629005,31.704622,22.910873,5.577496,27.116892,5.572419,21.607267,13.145454,9.239721,6.939201,20.400555,12.50204,12.492944,22.802608,12.845393,23.650175,32.5724,18.2888,21.964882,20.16656,13.98784,10.205889,29.86862,25.902168,26.47839,16.7996,6.7619,11.287256,16.41098,21.401274,28.568243,25.894894,16.482227,10.4122925,21.030127
1761,19.470488,32.043736,22.879574,5.657133,31.98029,4.79058,23.43785,12.587334,7.5340333,5.3297305,16.191326,13.233881,11.520952,20.726387,13.717198,25.091171,32.656086,18.715857,23.71983,22.30472,17.567911,13.289935,30.163465,24.79235,22.673296,14.261286,6.6963,10.729555,21.538654,17.154335,29.230532,26.400463,17.352354,10.063296,21.684408
1762,19.558662,30.121767,22.847391,11.115288,34.001945,9.423188,24.63608,10.845138,12.4001465,7.995969,9.281935,16.805439,7.9565606,15.302018,20.666079,30.543041,24.691833,18.692957,21.853893,24.839415,21.72691,17.664566,28.107193,17.355759,12.828348,8.05294,13.232184,8.811333,25.451921,6.6865897,27.923584,25.062687,14.858234,8.846941,21.314777
1763,27.850477,27.924536,27.446648,18.663696,30.48017,18.841743,19.747934,9.574779,22.813496,13.4763155,12.988609,18.049753,9.041618,17.430794,22.112595,30.27479,20.445194,20.622503,13.305369,20.44558,13.499587,11.510974,26.868475,19.613115,16.86023,11.128862,19.86352,9.845892,11.297326,7.184794,25.906605,24.156193,9.070702,11.318369,20.547781
1764,20.16968,32.29858,23.634928,6.16135,32.528446,3.9001093,23.766954,12.708868,6.100251,4.451332,16.294287,12.891836,11.905144,21.142258,12.538613,24.024466,33.72788,19.574,24.50725,22.454037,17.911312,13.549928,30.590084,26.49002,23.12118,14.988632,5.4084206,10.829077,21.10988,17.950191,29.731152,26.874092,17.771547,10.777988,22.192867
1765,18.803795,32.675243,22.809053,4.6293564,33.792225,3.351769,24.254545,12.732122,5.6975374,4.4056487,15.901448,12.91183,11.673201,20.853304,12.943685,24.702877,34.26373,18.890707,25.229342,22.919138,18.634384,14.124901,30.732681,25.615679,22.869677,14.427061,5.4502954,10.80547,23.10792,17.658728,29.900372,26.883543,18.376347,9.978846,22.089848
1766,20.48531,30.206865,22.470966,7.696868,29.513348,10.002966,21.190393,11.5363865,14.238456,9.214357,16.13304,14.510511,10.482246,19.586609,17.338665,27.486115,27.552284,17.312017,19.108618,20.818167,14.679697,11.404203,28.265404,20.794739,21.700241,12.899088,11.951037,10.419845,17.70331,14.450844,27.128,24.63084,13.979453,9.119654,20.095663
1767,19.533285,30.240187,23.433002,12.875109,34.962677,7.9349184,26.081312,11.045274,9.896202,5.8127446,6.750078,16.996586,7.2614546,14.274661,20.411167,30.573547,25.071278,19.973753,23.97176,26.10288,24.70116,20.178436,28.282568,17.719913,10.263305,6.899712,12.1213455,8.295369,28.582884,5.1781173,28.549063,25.513554,16.104588,9.516346,22.094477
1768,18.818558,32.03657,22.431238,4.5620003,32.272717,3.8653734,23.342867,12.503241,6.560097,5.195616,16.776625,12.652147,11.712421,20.848278,12.9280615,24.260183,33.200607,18.362465,23.878685,22.124865,17.21337,12.913846,30.142914,25.048738,23.356987,14.552134,5.7871256,10.721971,21.14343,17.9551,29.20099,26.3,17.360308,9.835128,21.519236
1769,18.931282,32.016487,22.189365,4.06052,29.994864,4.288101,22.67917,12.861265,7.430557,6.3452473,18.640585,12.554282,12.112439,21.8319,12.913423,23.897884,33.045837,18.03596,23.288622,21.28728,15.766948,11.636338,30.093079,25.286095,24.980919,15.629069,6.0955114,11.199601,19.510675,19.888891,28.96375,26.178925,17.273544,9.862162,21.324944
1770,19.950542,31.617998,22.491476,4.3649416,24.863947,3.5297801,21.578226,13.734675,6.6640673,6.4129143,21.720726,11.813218,13.058548,23.701603,10.878939,21.232143,33.713455,18.431232,23.120823,19.578531,13.748742,9.837531,29.879143,27.47007,27.19383,18.215412,4.5868516,11.6043415,16.184528,23.921148,28.543997,25.986694,17.692331,10.651669,21.237612
1771,18.629864,31.443508,22.056961,5.519004,31.777224,5.9270573,23.159983,12.224384,9.006235,6.3814745,15.26228,13.803077,10.829908,19.794285,15.235111,26.199402,30.902672,17.892252,22.866528,22.298586,17.564178,13.453374,29.412882,22.646275,21.2865,13.074966,8.335877,10.534218,22.224234,15.499376,28.497082,25.749258,16.782875,9.264904,21.161268
1772,19.734913,31.63253,22.560846,5.367754,29.031048,5.2098484,22.27307,12.788507,8.504325,6.5944824,18.530447,12.767332,11.934568,21.744068,13.325774,24.159857,32.208458,18.226126,22.575254,20.990286,15.377559,11.431296,29.758148,25.060764,24.75586,15.579969,6.8322086,11.048065,18.500887,19.566275,28.630152,25.916573,16.724354,10.096031,21.166712
1773,19.866096,23.911291,21.553013,10.202555,15.810768,29.935265,16.816053,11.847212,32.68724,25.610613,6.5069776,27.490278,8.409806,19.101284,32.082565,34.7321,6.9926844,19.113688,7.593715,20.29309,7.2916784,4.737547,22.345886,15.308809,13.830214,13.170503,31.66164,20.10671,19.405972,3.1781678,19.305702,24.373535,13.0121565,11.391321,23.838728
1774,23.330997,24.388699,23.491425,14.797674,21.284925,27.358335,17.538113,9.793053,30.525705,22.244005,7.637063,24.737204,7.1616693,16.907553,29.6676,33.37679,11.3113985,18.88031,9.194033,19.885935,9.146325,7.5361514,23.376398,14.750623,11.341013,10.320864,30.041517,14.470657,17.865646,2.1715488,21.139324,23.372286,10.383667,10.654954,21.625315
1775,20.132885,30.90245,22.609089,6.1745195,27.120766,5.3529043,21.650414,12.781859,8.466039,6.5929766,18.65505,12.606327,11.869936,21.806274,12.800973,23.20474,31.516617,18.368078,22.112553,20.250992,14.795028,11.024849,29.143784,25.310165,24.60883,15.980442,6.668701,10.983524,17.188322,19.994799,28.023361,25.470284,16.52901,10.366143,20.932962
1776,19.086447,31.348757,22.122263,5.8462276,31.042662,6.8992825,22.615042,12.214587,10.434144,6.907031,15.854651,13.82822,10.858646,20.07203,15.684262,26.680765,30.53995,17.654581,22.036255,21.823286,16.639893,12.748767,29.279325,22.354975,22.057276,13.270011,9.163944,10.606628,21.08978,15.82993,28.270056,25.53387,16.231485,9.210532,20.859133
1777,31.048033,27.743088,30.323677,23.552303,28.677,15.684287,20.105965,10.040041,18.03772,8.606944,12.926306,16.20505,9.906176,17.655565,18.09298,26.756647,21.907017,24.159357,14.115303,19.86742,14.539385,11.855732,27.74804,24.24773,16.656963,11.335629,14.854379,9.642858,8.841727,7.8618665,27.33486,25.292244,8.890474,14.961005,21.675425
1778,31.310137,27.583584,30.731455,24.874126,31.155478,13.086024,20.464098,9.857448,14.7028265,2.9670238,10.253496,14.20899,9.266029,17.639057,14.606545,25.324545,26.313736,24.65333,17.196693,19.83061,16.887005,14.563026,27.297747,26.314419,16.4622,11.568644,11.432517,8.021896,10.913552,8.58442,27.186724,24.651749,10.850282,14.505859,21.195969
1779,22.548187,31.24099,23.143679,7.245246,12.936406,6.019596,19.509268,15.878799,11.008011,8.674909,27.1835,12.4723015,13.78905,26.42519,12.191484,21.55667,31.760374,18.637644,20.751768,17.55712,9.4597435,6.094588,29.330807,27.761284,30.743797,21.505732,6.7472677,12.434542,10.75624,29.31578,27.572176,25.458946,16.935558,11.697279,20.958788
1780,23.622375,28.906567,23.146423,9.632726,19.96435,18.525507,17.084915,12.680662,24.77003,14.018844,18.572369,16.87374,10.767934,22.392246,21.487228,30.861843,23.200611,16.898252,13.119592,17.404366,7.4562244,5.205095,26.903162,20.397163,26.599579,15.963325,19.364927,13.602207,11.533172,16.983938,24.799183,23.874435,12.129978,10.309566,19.528868
1781,23.898205,31.06593,24.622791,9.356192,16.666517,5.545294,20.362507,14.98073,9.24987,7.805445,25.36252,12.562621,13.686031,25.294714,11.331551,20.5019,31.6772,20.111403,21.226437,18.443394,11.302415,7.836011,29.55052,28.697292,28.4205,20.534353,5.8577037,11.596851,10.593547,26.781324,28.106894,25.844252,16.403229,12.469288,21.5505
1782,18.41423,32.60856,22.600576,4.8767366,34.430214,3.9784844,24.672213,12.559432,6.402097,5.0236316,14.911579,13.690282,11.219168,20.00095,14.312432,25.863005,33.104984,18.734312,25.068266,23.646456,19.499073,14.915664,30.570665,24.165453,21.170273,13.3141575,6.5625596,10.583086,24.474394,15.79199,29.794928,26.81419,18.17822,9.578858,22.147951
1783,19.777866,31.844109,22.405796,4.4506116,27.768654,5.0259037,21.79735,13.142437,8.617192,6.846094,20.240873,12.35886,12.480837,22.777023,12.671717,23.54944,33.033676,17.949379,22.445759,20.249193,14.250882,10.38296,29.940638,25.797684,26.528076,16.714699,6.4227967,11.423156,17.353296,21.539915,28.639338,25.934935,16.946434,10.072922,21.008612
1784,19.825073,31.934566,22.787256,4.872336,28.477106,3.7060664,22.464924,13.220236,6.5793915,5.306115,19.094725,12.155855,12.443899,22.443565,11.68877,22.782404,33.786728,18.6718,23.645971,20.77744,15.536,11.390073,30.185503,26.757046,25.486263,16.532564,5.0135536,11.223863,18.660162,21.10296,29.05551,26.305515,17.671402,10.57594,21.477552
1785,28.297827,27.351833,27.625244,19.698503,28.380577,15.788667,18.811422,9.834744,19.486671,8.544621,13.533955,15.228599,9.441654,17.833698,18.015589,27.512024,23.00349,20.995161,13.870168,18.872158,12.97902,11.027635,26.456236,21.598446,18.33799,11.530186,15.588718,8.854826,9.770464,9.271396,25.685526,23.523869,9.167064,11.988293,19.702942
1786,25.463211,27.806883,27.059378,20.313255,32.80749,10.740578,22.951126,9.957568,12.050497,3.649067,6.656443,15.502829,7.4972453,15.022185,17.202652,27.349146,24.932884,22.483107,20.668633,22.503637,21.356474,18.300018,26.73853,21.488081,11.439077,8.545412,12.121391,7.513828,20.239655,5.6684813,26.971703,24.336937,13.536121,11.8186,21.28781
1787,30.0083,26.400284,29.033672,23.606134,28.830845,18.10881,18.634817,9.469017,21.010374,7.412545,10.046505,16.065819,8.241658,17.25014,18.61567,28.14887,22.823095,22.41952,14.045348,18.447918,13.863626,12.52279,25.685278,22.043758,15.808427,10.616739,17.663416,8.5712805,11.298121,7.058733,25.067297,23.263205,9.632675,12.542007,19.930023
1788,19.6617,31.316473,22.355612,5.2286882,27.602293,4.913539,21.867138,12.94589,8.146388,6.464642,18.99738,12.449419,12.01342,22.084274,12.670589,23.331926,32.309418,18.130022,22.590504,20.33882,14.896175,11.03277,29.471285,25.43718,25.182095,16.131319,6.3778872,11.130276,17.858335,20.557486,28.320536,25.663631,16.965658,10.146959,20.967943
1789,19.047096,31.009678,23.239937,10.73564,35.643764,5.5959435,26.334696,11.492216,7.2402806,4.076967,7.6896973,15.958218,8.144802,15.350284,18.216866,29.238226,27.735518,19.944838,25.423458,26.005543,24.871603,19.86026,29.07562,19.901562,12.368627,8.34705,9.419056,8.778454,29.019236,7.5136952,29.255274,26.077272,17.5093,9.870966,22.349043
1790,18.636658,30.74882,22.433983,7.6673927,32.980747,5.5118856,24.276562,11.722633,7.5887246,5.5358133,11.894167,14.629579,9.758337,17.730766,15.958719,26.466923,29.042187,18.85756,23.677654,23.670555,20.418137,15.963256,28.904167,21.70326,16.981918,11.138086,8.3226385,9.820528,24.589235,11.896732,28.432838,25.722385,16.89655,9.651108,21.68322
1791,21.83332,31.052822,23.32964,6.864809,22.675676,5.45173,20.612864,13.660379,9.206821,7.1279254,22.460968,12.099564,12.970388,23.805353,11.720132,21.857004,32.17902,18.699379,21.285198,18.944277,12.369171,8.836705,29.39302,27.080894,27.531742,18.39516,6.060152,11.283668,13.295563,23.778458,27.982838,25.510641,16.160763,11.131252,20.853739
1792,18.905521,32.466743,22.639435,4.0092764,31.517677,2.8711612,23.521105,13.050989,5.2334733,4.631784,17.557983,12.298506,12.218506,21.883526,11.743118,23.192717,34.6914,18.798983,25.008661,21.81939,17.196083,12.799002,30.639475,26.748085,24.563448,15.787279,4.5730267,11.247627,21.25481,19.992071,29.668484,26.778332,18.519194,10.318948,21.929424
1793,31.14205,25.90254,30.21912,26.975342,30.890478,15.932169,19.255114,8.890326,18.028318,3.548534,8.010288,14.522226,7.590092,16.180883,16.24551,26.617224,24.296734,23.756752,15.622489,18.673346,16.356539,15.133339,25.334997,23.256521,14.060913,9.695997,14.837662,6.858706,11.306301,6.1002417,25.279165,22.892395,9.736561,12.975233,19.78505
1794,27.493753,27.735603,27.135138,18.325304,29.004763,16.505512,19.298449,9.969596,20.233227,9.9355,13.154431,16.214724,9.405249,17.939705,19.319962,28.535416,22.659372,20.645283,14.245009,19.54962,13.384604,11.302707,26.705778,21.062458,17.964985,11.512174,16.748522,9.4838915,11.5005665,8.85246,25.78631,23.875378,9.819738,11.587392,20.108427
1795,19.333029,31.904057,22.499298,4.01723,27.405298,2.5499594,22.467554,13.560187,5.0474195,5.0672774,19.81943,11.752638,12.744132,23.048656,10.5132475,21.325502,34.618668,18.726448,24.502274,20.370375,15.4487505,11.288066,30.171783,27.736925,26.052519,17.47112,3.7973616,11.487744,18.587713,22.763704,29.045305,26.337261,18.55758,10.629946,21.59238
1796,22.115324,30.15944,22.946012,7.940813,22.725662,8.748748,19.476149,12.815596,13.592781,9.296382,21.91876,12.815895,12.124098,22.703842,14.447592,24.183157,29.145214,17.615608,18.468876,18.481949,10.909883,8.010573,28.330444,24.022745,26.999384,16.976646,9.588509,10.981069,11.465745,21.465702,26.874779,24.441402,13.832937,10.231989,19.812994
1797,25.73671,29.761644,25.6177,13.13138,24.87755,13.272103,19.235506,11.934198,18.084553,10.241174,19.275475,14.596348,11.429436,21.407814,17.302565,27.167196,26.138493,19.39192,15.826515,18.961142,11.099544,8.442639,28.318579,23.322754,24.88927,15.26378,13.519003,10.997042,10.041011,16.749537,26.99743,24.769506,11.557738,11.594696,20.27611
1798,30.83587,27.173458,30.7258,26.819477,33.19941,13.982431,21.516806,9.359787,15.238672,2.6050744,6.6738048,15.187406,7.6558537,15.907712,16.425095,27.13149,25.434343,24.878748,18.626013,20.970245,19.739283,17.722261,26.5569,24.261333,12.74082,9.589062,13.474936,7.0232906,14.938675,5.631033,26.80713,24.214973,11.726192,13.6204815,21.256948
1799,27.19385,25.253075,25.960938,19.07227,25.350914,26.340347,16.952593,9.111101,30.805641,17.595415,9.814501,21.3459,7.012495,17.063375,26.719751,33.03361,16.521118,19.08285,9.578605,18.134935,9.121089,8.606801,24.158781,15.926066,14.099299,10.004406,28.367748,11.012502,13.575751,4.136777,22.433563,22.458508,8.554325,10.12085,19.583231
1800,18.444221,32.07284,22.39245,5.1269374,33.24048,4.24746,24.125633,12.444899,6.7431564,5.2334867,14.998116,13.540129,11.096685,19.908224,14.204934,25.486147,32.406597,18.528023,24.447508,23.077608,18.868305,14.413918,30.092007,23.90195,21.142601,13.327576,6.703784,10.515686,23.565199,15.879368,29.298717,26.40667,17.77892,9.591563,21.80845
1801,23.261703,27.913185,24.039064,13.639905,24.274178,12.907713,20.022818,11.107374,16.791414,10.3770075,14.789481,15.990875,9.825365,18.086853,19.196068,27.392464,21.820469,19.077787,15.617086,20.714918,13.430112,10.488685,26.610107,19.8258,17.910723,11.807924,14.198253,10.115001,14.154949,11.012595,25.52591,24.00632,10.97607,11.017628,20.433529
1802,25.134058,28.79837,26.601616,15.554697,29.092066,8.608019,22.018877,11.0572815,9.988249,6.2226653,13.474043,14.59545,10.59094,18.49408,14.468518,23.47737,26.224783,22.154058,19.578842,21.639116,17.114584,13.55362,28.060156,25.252983,17.408854,13.00477,8.768249,9.51637,14.797429,11.897536,27.51684,25.499348,13.260034,12.996155,22.016764
1803,20.353468,31.107328,22.469154,5.6884,25.311111,5.738331,21.11453,13.135501,9.508501,7.816958,20.998516,12.488415,12.350933,22.791756,12.95156,23.072874,31.597477,17.967619,21.47175,19.687685,13.302916,9.753029,29.231775,25.3787,26.434261,17.05681,7.043903,11.234232,15.29324,21.998068,27.926443,25.363272,16.152397,10.187321,20.716215
1804,19.524282,31.980589,22.690063,5.0044723,30.405146,4.44421,22.817078,12.784422,7.405971,5.722015,17.877003,12.650341,12.005323,21.548744,12.893388,24.07982,32.971855,18.48422,23.305674,21.472939,16.197346,12.008891,30.160439,25.503132,24.383074,15.305889,6.0821085,11.027918,19.71206,19.093157,29.097971,26.30453,17.17125,10.229055,21.472363
1805,25.008003,28.641308,23.79133,10.884341,19.57783,18.498476,16.176088,12.466171,25.017893,13.725909,20.11119,15.844385,10.755413,22.904312,20.141422,29.736177,24.35926,16.86172,12.753545,15.777158,6.3467245,4.588163,26.711279,21.10858,28.02188,16.713396,19.149061,12.859451,8.801354,18.793692,24.72498,23.233732,11.6894,10.293745,18.644732
1806,21.146072,30.1274,24.006138,10.929857,32.228737,6.7100267,23.617346,11.426564,8.712324,4.841593,11.688671,14.570629,9.719936,17.598972,15.617914,26.167414,28.303665,19.940823,22.45456,23.119205,19.890526,15.719859,28.571695,22.489956,16.694561,11.27557,8.651046,9.266798,21.820724,11.176852,28.170565,25.481636,15.645968,10.626025,21.583645
1807,19.763039,23.84604,21.52958,10.183583,15.616297,30.121634,16.730854,11.970756,32.858253,25.572031,6.3225756,27.562113,8.430036,19.188137,32.1631,34.860897,6.780549,19.185331,7.4854565,20.271126,7.236061,4.6755233,22.210371,15.343033,14.0571575,13.336767,31.742552,20.387371,19.326792,3.2274547,19.159061,24.356125,13.135864,11.418341,23.919453
1808,25.534348,25.202461,24.986902,16.934626,23.049591,27.243591,17.21019,9.836705,31.274197,19.652594,9.071384,23.0955,7.3576665,17.595901,28.341589,33.72713,14.43139,19.176996,9.408453,19.003656,8.853055,7.822612,24.039495,15.785999,13.770605,10.646044,29.384563,13.170149,15.6473055,3.8276486,21.970907,23.182995,9.724217,10.534113,20.811092
1809,21.733831,31.0143,23.19769,7.511172,26.803667,8.46649,20.662024,12.524036,13.014561,8.273223,20.049082,13.108181,11.930886,21.914724,15.00806,25.599003,30.050423,17.854143,19.434814,19.858759,12.737475,9.469676,29.144922,23.74206,25.933443,15.628043,9.602358,10.851892,14.369611,19.299921,27.81851,25.157175,14.2143755,10.119307,20.304256
1810,18.7082,30.124962,21.713078,7.034457,31.844746,8.570772,22.558418,11.096799,12.202263,9.536589,14.223375,15.017214,9.757379,18.050407,17.89094,27.450987,26.81482,17.208998,20.474846,22.399422,17.086649,13.550863,28.093323,19.449545,18.599625,11.396762,11.491245,9.8681345,20.695114,12.22905,27.238235,24.67963,14.556395,8.394594,20.481981
1811,18.98352,30.69723,21.528738,5.6189537,29.777636,8.526888,21.537188,11.832687,12.808727,8.942992,16.671204,13.949783,10.626716,20.042822,16.67945,27.074945,28.923222,16.697958,20.317907,20.90868,14.898493,11.477129,28.565275,21.02345,22.716885,13.308456,10.840621,10.681643,19.010288,15.992407,27.412031,24.77584,15.027393,8.609804,20.08457
1812,20.63973,28.177176,22.181131,9.920505,29.571575,14.028135,20.379833,10.189299,18.342213,12.352782,12.769188,16.63403,8.735771,17.129114,20.825562,29.381744,22.343197,16.801168,16.410381,20.735909,14.648502,11.957037,26.32869,17.068003,17.118294,10.509249,16.585804,9.984381,17.664644,9.191556,25.26216,23.314272,12.118121,8.339912,19.431124
1813,21.99249,30.884102,23.308174,6.8084865,19.974981,4.97386,20.293756,14.173724,8.651291,7.4470553,23.86465,11.972722,13.372053,24.61093,11.017266,20.638842,32.2467,18.888948,21.388418,18.404552,11.619987,8.123059,29.282568,27.926912,28.241177,19.565199,5.4127865,11.587976,12.21157,25.613997,27.784794,25.49143,16.537096,11.4574375,20.974966
1814,19.849346,31.465246,22.763489,5.6174746,28.795534,4.324438,22.398382,12.830728,7.137442,5.822564,18.289152,12.475433,12.0385275,21.702261,12.357411,23.11241,32.525257,18.657814,23.051086,20.948301,15.727981,11.66789,29.736723,25.863285,24.405313,15.794215,5.746707,10.961884,18.471685,19.752708,28.685072,26.002148,17.034771,10.477768,21.356165
1815,22.751875,31.36825,23.745277,7.3975945,17.564386,5.4184036,20.265783,14.949494,9.545479,7.9029584,25.433023,12.321379,13.747867,25.506842,11.506328,21.100645,32.35315,19.20225,21.309284,18.378157,10.962879,7.4572797,29.689806,28.293924,29.330349,20.4796,5.9059663,11.932018,11.562019,27.119576,28.090824,25.82723,16.69416,11.8354025,21.278147
1816,22.192558,27.716316,24.188385,15.85783,31.911474,12.683458,22.378275,9.880529,15.234479,7.304653,7.187259,16.695412,6.9901648,14.817429,20.172586,29.551485,23.148933,19.580824,19.469978,22.406513,19.71297,16.911013,26.107819,17.62924,11.536064,7.7553287,15.381002,8.17893,22.273531,5.2185693,25.911306,23.573452,13.328131,9.447375,20.359037
1817,19.620714,32.163704,22.886795,4.6133046,29.371103,3.2006116,22.932133,13.235695,5.723014,5.207864,18.866453,12.232937,12.52374,22.416935,11.475555,22.499529,34.191948,18.945265,24.280743,21.185226,16.122349,11.873511,30.42953,27.138111,25.22126,16.556543,4.598377,11.311628,19.3212,21.040623,29.358316,26.59872,18.069801,10.649948,21.821997
1818,27.878963,25.946075,26.206478,18.384012,25.515152,26.111666,15.985603,9.588369,31.488398,16.791649,11.967909,19.822996,7.651705,18.562706,25.407627,33.13021,18.375553,18.570288,9.275777,16.736883,7.8119726,7.460464,24.488052,17.130116,18.774443,11.849854,27.385107,11.399946,10.305093,7.4752674,22.781958,22.198662,8.650237,10.08681,18.781824
1819,24.240805,24.811604,23.677322,14.239961,21.481499,28.631876,16.000692,10.07629,33.118324,21.382223,9.644957,23.469347,7.558359,18.376122,28.992332,34.137745,13.553797,17.878702,8.119484,17.8618,6.8392916,5.9116864,23.410763,15.148154,15.659115,11.649069,30.700548,14.500454,14.959217,4.869124,20.992344,22.711082,9.984842,9.954527,20.32309
1820,18.201378,32.31111,21.970964,3.5548568,31.895601,3.7791488,23.392082,12.745068,6.6546173,5.5825515,17.173311,12.684217,11.784641,21.204617,13.128583,24.513086,33.490597,18.005985,24.165184,22.021746,17.074287,12.70902,30.327866,24.913025,23.935865,14.747552,5.918005,11.091089,21.80554,18.652004,29.317427,26.421146,17.849583,9.625803,21.52179
1821,23.068455,30.6189,24.391006,9.609337,27.016315,7.8570433,20.830374,12.385059,11.544748,6.6524043,18.88754,12.921114,11.904833,21.650738,13.674075,24.34461,30.366062,19.167885,19.830383,19.837236,13.627618,10.233945,29.086653,25.263437,24.685852,15.64167,8.3789625,10.429606,14.070004,18.53602,27.915089,25.327274,14.382909,11.133743,20.683832
1822,24.119944,30.196835,24.328857,10.592751,23.952402,11.663532,19.40968,12.375181,16.864447,10.352602,20.908571,14.021348,11.768016,21.994339,16.700594,26.521347,27.26957,18.305994,16.783209,18.99206,10.82797,8.088338,28.475904,23.050335,26.11052,15.956495,12.379575,10.916048,10.538437,18.852898,27.054445,24.644934,12.25277,10.743589,20.007204
1823,22.178413,27.974054,22.032833,8.469835,18.903503,20.500956,16.610695,12.6151905,26.61352,16.926523,17.250399,18.364162,10.249779,22.170639,23.349407,31.573162,20.430658,16.327011,12.227086,17.315123,6.924612,4.8029666,25.73138,19.003757,25.85173,16.248068,21.734022,14.92514,12.000468,16.121927,23.467093,23.410313,12.606516,9.7041645,19.708754
1824,24.337402,30.540678,24.559982,10.396879,23.919016,11.698025,19.405996,12.674701,16.87969,9.702472,20.91214,13.92323,12.040289,22.526093,16.458239,26.755407,28.046093,18.54629,17.001385,18.897247,10.703784,7.842938,28.842413,23.85645,26.955013,16.312723,12.126532,11.371346,10.934845,19.366951,27.342573,25.005535,12.698814,11.111513,20.228985
1825,21.190819,27.88235,22.538765,11.301829,30.250444,15.13653,20.493526,9.846016,19.44062,12.556531,11.519075,17.247824,8.099609,16.295956,21.875292,30.348007,21.4466,16.975105,16.095856,20.984108,15.211504,12.662063,26.044973,16.08102,15.530243,9.520555,17.980658,9.532829,18.22994,7.4167776,25.098768,23.095985,11.687989,8.221319,19.34269
1826,19.334091,32.1557,22.836628,4.713867,30.943914,3.2376611,23.264776,12.949936,5.594171,4.7068806,17.477932,12.353748,12.152407,21.74651,11.800591,23.093864,34.11887,18.936182,24.53201,21.645235,16.949755,12.628867,30.401148,26.673737,24.292236,15.726717,4.779488,11.127037,20.560717,19.689226,29.432976,26.612152,18.115433,10.502196,21.843872
1827,19.84445,30.565773,23.022093,8.917399,32.344437,7.1677513,23.642246,11.614543,9.671638,6.0744205,12.274628,14.922185,9.777425,17.919323,16.672918,27.200186,28.325466,18.971212,22.401308,23.1909,19.44513,15.267127,28.766819,21.463755,17.386251,11.199209,9.640015,9.81378,23.019154,11.580373,28.191214,25.550932,15.977029,9.84751,21.453367
1828,31.33766,28.545288,30.994707,23.535751,30.688438,12.044561,21.32888,10.3322315,13.366995,4.8907485,12.493786,14.896782,10.420697,18.159649,14.962168,24.827066,25.415833,25.253647,17.040995,20.909899,16.782768,13.569083,28.574478,27.198689,17.204947,12.322544,10.483696,9.100245,9.87531,9.251009,28.405348,25.963875,10.567017,15.727712,22.377733
1829,23.420979,26.65574,23.701397,13.487139,25.83665,24.226002,18.389963,10.144476,28.861467,18.934305,10.351702,21.857592,7.806733,17.601732,27.522036,33.93844,16.401447,17.83991,11.427545,19.907133,10.646332,9.097934,24.99213,15.197693,15.411839,10.6745825,26.911482,12.794794,16.896387,5.358214,23.148924,23.395536,10.690111,9.232168,20.459574
1830,19.760977,29.775774,23.112242,11.329559,33.429592,7.6401567,24.559866,10.934617,9.775068,5.9144006,8.952081,15.926261,8.281135,15.433093,18.556147,28.63872,25.551638,19.388472,22.489763,24.54674,22.050152,17.670984,28.009256,19.085138,12.930234,8.574287,10.825565,8.796594,25.098387,7.344107,27.916285,25.144053,15.350995,9.749124,21.5163
1831,18.920444,32.276623,22.379385,3.8616889,30.29955,3.3486068,23.007074,13.078047,6.1422696,5.2712107,18.41976,12.257114,12.29232,22.058388,12.018271,23.31128,34.14483,18.385103,24.190672,21.37114,16.295345,12.001073,30.417507,26.252117,25.064468,15.922605,5.0348616,11.246626,20.270033,20.36476,29.331758,26.49133,18.005291,10.134817,21.588148
1832,19.831108,31.193518,22.022564,5.5135045,27.98709,7.709799,21.22517,12.420554,12.237063,9.024812,19.59818,13.254,11.599478,21.542639,15.430191,25.787594,30.19696,17.032778,20.354755,20.38355,13.540249,10.18431,29.094664,22.737377,25.319479,15.167757,9.610765,10.931296,16.449986,19.131763,27.804209,25.084524,14.989817,9.130396,20.257113
1833,18.055874,32.799534,22.643044,5.483732,35.710197,3.4595652,25.641382,12.551296,5.545859,4.2318153,13.1634655,14.05514,10.60591,19.17915,14.83446,26.630468,33.137157,19.058157,26.316143,24.679987,21.447746,16.638584,30.656029,23.688002,19.508839,12.392594,6.512914,10.241985,26.81201,14.494279,30.141542,26.980152,18.877022,9.505414,22.47692
1834,18.394903,32.436615,22.155008,3.9248552,32.47683,4.095888,23.570461,12.718563,7.0360904,5.419742,16.74352,12.907173,11.655041,21.013802,13.537565,25.120108,33.480522,18.085257,24.214638,22.307281,17.454239,13.088395,30.403502,24.655338,23.560999,14.435508,6.297535,10.961433,22.286251,18.039507,29.420406,26.471157,17.832115,9.561323,21.565199
1835,26.408226,30.392128,26.64676,13.866066,27.274881,10.761311,20.29201,11.955769,14.710912,7.4126873,18.83821,13.658105,11.885595,21.409714,15.044705,25.691088,28.610052,20.600126,17.621408,19.713192,12.867103,9.839931,29.170897,25.444553,24.424738,15.26278,10.544027,10.288008,10.928281,16.75244,28.051607,25.49944,12.282039,12.340593,20.896189
1836,22.227821,30.837418,23.282543,6.749369,14.38884,3.9153416,19.946798,15.470032,7.5410814,7.713807,26.72455,11.825506,14.098113,26.12407,9.856798,18.63989,32.692783,19.239855,21.93413,17.491854,10.498273,6.9815702,29.264849,29.25445,29.46682,21.672411,4.325456,12.036638,10.868262,29.252613,27.657387,25.5495,17.551596,11.932956,21.240282
1837,26.421104,28.625248,24.767822,12.633352,21.182917,20.986332,16.09048,11.987805,27.71383,15.108353,19.360342,16.9299,10.253229,22.677763,21.731255,31.207426,23.83141,17.220175,11.959037,15.80822,6.188258,4.873123,26.720907,20.5246,27.20233,16.237505,21.842611,12.676616,8.680342,17.255587,24.6982,23.230242,11.106971,10.19694,18.67616
1838,20.597582,28.191063,22.783781,12.220212,31.13713,13.369783,22.112055,10.166899,16.544395,10.111196,8.762183,17.488533,7.504611,15.612126,21.441647,30.317078,22.537197,18.18835,18.79601,22.286674,18.297369,15.256658,26.445078,16.780678,12.997439,8.4558,16.56971,9.414781,22.737625,6.19934,25.848125,23.825535,13.615843,8.833898,20.339014
1839,18.759129,32.692646,22.355705,3.5239582,31.827667,3.7898152,23.289455,12.969906,6.839725,5.3741536,18.033215,12.477293,12.190651,21.891304,12.741406,24.425177,34.36911,18.175962,24.206491,21.80121,16.617136,12.280906,30.725126,25.746117,25.108318,15.436898,5.669305,11.270881,21.1398,19.669977,29.625162,26.676731,17.950897,9.847752,21.610823
1840,30.825539,28.03205,30.180529,22.580133,28.552588,13.684207,20.135504,10.329714,15.803196,6.7607193,13.722181,15.124963,10.478489,18.201809,16.138395,25.420229,23.691517,24.159473,14.95009,19.702368,14.61065,11.647516,28.047346,25.567394,17.904903,12.082645,12.395949,9.520275,8.530817,9.352717,27.644245,25.401096,9.427185,15.216362,21.630127
1841,21.673409,30.713806,22.795418,6.45667,20.515715,6.4964914,19.704721,13.855138,10.949221,8.129377,23.501144,12.120228,12.972085,24.30723,12.31994,22.251352,31.452713,17.992632,20.206297,18.05322,10.871531,7.610621,28.926113,26.446905,28.698807,18.913702,7.0632906,11.668955,12.008186,24.791895,27.344614,25.022339,15.791756,10.7871275,20.33214
1842,18.326561,32.820026,22.182024,3.3224773,32.840137,3.5868971,23.681854,12.891615,6.567246,5.1042347,17.296724,12.608117,11.942583,21.467777,13.046327,24.897137,34.452972,18.076666,24.633877,22.267351,17.365034,12.937625,30.766674,25.285706,24.450031,14.901154,5.7378235,11.117759,22.31779,18.938158,29.747843,26.706924,18.18187,9.582846,21.654436
1843,22.35694,29.162495,22.240433,8.495278,14.645635,14.931589,17.140024,14.246698,21.225824,11.931346,21.037333,15.343137,11.528593,23.855808,19.060759,28.654253,24.731426,16.99255,14.877832,16.989634,7.203684,4.507114,26.97695,22.060005,28.82137,17.848337,15.591133,14.030422,11.366155,21.541363,24.914906,23.974628,13.790382,10.799934,19.748102
1844,19.134087,32.321373,22.286509,3.777873,29.906015,4.5074816,22.584307,13.015966,7.9112167,6.576878,19.411776,12.530075,12.371075,22.319414,12.967167,24.099771,33.490883,17.95603,23.17418,21.15668,15.332878,11.236669,30.3546,25.527761,25.847527,16.040216,6.2515182,11.371944,19.129908,20.569483,29.12949,26.31691,17.27995,9.835388,21.32791
1845,20.459206,29.48499,23.850437,14.140561,34.249466,8.701447,25.271355,10.635155,10.664786,6.0352807,6.902632,16.807325,7.246006,14.130282,20.13005,29.925898,24.194332,20.150732,22.73997,25.435524,23.682392,19.50254,27.691656,17.805315,10.210588,7.0082107,12.417537,8.017202,26.358072,4.887599,27.925392,25.031803,15.018063,9.762036,21.752722
1846,28.326584,27.089031,28.707563,23.315582,31.922016,12.705946,21.215368,9.590061,14.276319,3.0003557,7.5373197,14.757237,7.812111,15.900448,16.097181,26.636335,25.348568,23.24016,18.604248,20.69219,18.96771,16.715961,26.268888,23.04208,13.25955,9.547611,12.684154,7.2729325,15.887866,6.469723,26.340637,23.802515,12.019002,12.555924,20.680317
1847,22.05878,26.239616,22.763031,11.257919,18.429625,19.339563,17.608868,11.955026,23.076618,15.551135,12.965366,19.567915,9.8202095,19.683811,22.90538,29.497847,16.828657,18.674118,12.01934,19.042133,9.294772,6.4880853,24.789385,19.147736,19.167374,13.867259,20.172693,14.692476,14.369961,10.547722,22.779715,23.863903,12.130693,11.479496,21.257812
1848,25.105944,28.483068,26.841812,18.656782,32.376514,9.593591,23.20101,10.421785,10.869921,3.5481858,7.9366055,15.326304,8.281701,15.807429,16.54355,26.863646,25.743406,22.395964,21.122814,22.92497,21.039295,17.557863,27.413408,22.46276,12.812681,9.520034,10.806075,7.997375,20.133791,7.065585,27.494017,24.901539,13.969637,12.160479,21.670736
1849,18.183455,33.455986,22.563467,3.817748,35.16181,3.408058,24.988293,12.938326,6.0740275,4.6566463,15.703848,13.348232,11.567787,20.829567,13.96211,26.124634,34.79875,18.622808,25.947796,23.72273,19.519356,14.84045,31.285542,24.963514,22.792358,13.990275,6.0533123,10.935693,25.086212,17.315512,30.454374,27.274734,18.961708,9.499874,22.321081
1850,19.78878,30.387854,23.48606,11.959887,34.710064,7.3626194,25.664026,11.093166,9.405458,5.7813516,8.180078,16.45367,8.001203,14.993992,19.383642,29.629185,25.68992,19.87308,23.55904,25.720083,23.681784,19.076042,28.527502,18.780617,11.871437,7.93311,11.0522785,8.575573,26.865652,6.4912977,28.628164,25.641903,15.834534,9.797879,22.058931
1851,17.369251,31.417646,21.74728,5.799993,33.973827,4.396208,24.79991,12.026205,6.500484,5.1306896,12.090089,14.345164,9.871385,18.08017,15.62716,26.569681,30.567722,18.358309,24.93256,24.022049,20.91646,16.299152,29.344433,21.828892,17.725554,11.342264,7.622893,10.018578,26.404375,12.876996,28.857851,25.977158,17.985617,9.10248,21.766756
1852,22.59446,31.33337,23.193596,7.1613374,10.108261,5.0537014,19.579523,16.702229,9.815924,8.340029,28.258827,12.396108,14.146326,27.34505,11.309394,20.41031,32.42362,19.067701,21.627132,17.235891,9.372538,5.848916,29.463606,28.97272,31.248951,22.720833,5.705573,12.810084,10.842049,31.328316,27.662603,25.693216,18.06772,12.162769,21.324991
1853,25.8485,27.564213,25.116243,14.80868,26.212324,21.609299,17.66575,10.371784,27.089031,15.1425085,14.069403,18.524332,8.9427595,19.049383,23.659689,32.057762,20.532894,18.071728,11.773892,18.41525,9.724328,8.344068,25.938803,17.972702,20.005066,12.359481,22.956856,11.348404,12.000361,9.571734,24.267405,23.190437,9.818892,9.776859,19.365747
1854,18.697401,31.493748,23.287748,11.463138,36.975986,6.2197733,27.510174,11.459458,8.134104,5.259056,6.8167663,17.05172,7.4615393,14.371694,20.420284,31.1769,26.574669,20.052137,25.864368,27.436502,26.487633,21.370909,29.355885,18.067135,10.436128,6.8572884,10.993155,8.391556,31.021582,5.560622,29.757158,26.359268,17.354755,9.45315,22.734144
1855,18.371468,33.422028,22.6709,3.7159853,34.667236,3.0316455,24.765856,13.027665,5.576308,4.3978353,16.218832,12.970266,11.820273,21.246025,13.1913805,25.348475,35.282722,18.754358,26.016937,23.330282,19.058735,14.413107,31.328619,25.748085,23.543869,14.580651,5.4182367,11.063807,24.319965,18.257215,30.470045,27.308662,19.057686,9.758201,22.325083
1856,17.680462,31.8012,22.190315,6.80671,35.295437,4.362338,25.686855,12.027263,6.377765,4.4266143,10.796443,14.808477,9.44351,17.391521,16.414362,27.773024,30.511215,18.8185,25.692608,25.06797,22.593803,17.720146,29.667038,21.404459,16.390911,10.466063,7.8904486,9.676567,28.085373,11.448565,29.387789,26.287128,18.25198,9.202095,22.118887
1857,23.47383,30.148544,23.433716,8.937452,21.08489,13.71023,18.191618,13.121222,19.716803,10.677703,20.925104,14.390904,11.834486,23.148365,17.836746,28.241966,27.083519,17.364683,15.756703,17.807524,8.844663,6.1804104,28.205511,22.780993,28.36206,16.731253,14.167959,12.510208,11.18674,20.092672,26.376842,24.496351,12.914949,10.608489,19.65749
1858,19.729237,31.009834,22.555025,6.8877497,30.90122,7.4154434,22.478281,12.056374,10.763045,6.7596574,15.294702,14.0501795,10.744204,19.790337,15.770836,26.636196,29.958996,18.029161,21.632402,21.749018,16.727833,12.89047,29.06368,22.387203,21.289343,13.039619,9.458996,10.462722,20.728971,14.985898,28.081465,25.448742,15.9106245,9.497213,20.892591
1859,18.281578,32.52764,22.750338,5.953308,35.428215,3.5498168,25.49541,12.444399,5.549466,4.1407995,12.969896,14.028282,10.520079,18.99453,14.737905,26.412474,32.776325,19.161394,26.08566,24.554672,21.399372,16.629337,30.445112,23.663315,19.197773,12.307609,6.4988236,10.110698,26.389925,14.236285,29.963678,26.830513,18.643131,9.61689,22.401941
1860,19.290318,29.492104,22.991783,12.202101,33.858055,7.129755,25.182863,10.860239,8.822727,4.961159,6.910573,16.092516,7.493756,14.463904,18.78326,28.899866,25.270914,19.650843,23.57877,25.032297,23.754686,19.266071,27.701017,18.531311,10.949975,7.551064,10.755168,8.3596115,27.229223,6.06665,27.8939,25.007711,16.059814,9.68236,21.60515
1861,22.647888,24.509996,23.28313,13.793855,18.579771,28.461906,17.212006,11.007727,31.591654,22.530836,7.457228,25.636309,7.87696,18.307533,30.373358,34.174755,10.398328,19.44772,8.669469,19.955027,8.236889,6.2838244,23.25029,15.700943,13.154324,11.781112,30.446684,16.788477,18.263994,3.214484,20.676012,24.012932,11.555107,11.363121,22.663897
1862,29.76931,29.772688,29.448448,18.59322,26.605316,9.72478,20.497082,11.922273,11.904447,5.5883946,17.946802,13.2735195,12.185252,21.444416,12.67964,22.819883,28.6141,23.832766,17.92385,19.101114,13.834768,10.353565,29.596903,29.5069,23.683792,15.940342,7.9707804,10.751609,7.7473106,16.682503,29.011786,26.355438,12.188073,15.591711,22.092817
1863,27.13132,25.596022,25.59903,17.725897,24.199099,24.395529,15.829575,9.681852,29.57119,15.580099,12.253376,18.916893,7.8342247,18.449778,24.011227,31.748302,18.63678,18.354174,9.634008,16.430923,7.822213,7.2932034,24.21993,17.398727,18.717743,11.868609,25.478941,11.171055,10.267676,8.132963,22.566439,21.949732,8.815742,10.112987,18.544292
1864,20.62286,31.574453,23.504103,7.1174264,30.737986,5.4423285,22.940733,12.43706,8.234226,5.918816,16.855047,13.304188,11.674301,20.70546,13.738385,24.610508,31.525558,19.15285,22.583805,21.976929,16.727566,12.602804,29.892199,24.968033,22.649355,14.480858,6.976008,10.560774,19.257044,17.05146,28.937609,26.234413,16.269285,10.609468,21.650982
1865,19.916458,32.04808,23.044918,5.6047688,30.745243,4.5036016,22.958963,12.795387,7.349911,5.1833706,17.376352,12.6947155,11.938131,21.485199,12.830196,24.239752,33.21747,18.80093,23.51982,21.62208,16.556425,12.35047,30.260357,25.79097,24.12897,15.214507,6.0332174,10.934458,20.024488,18.77846,29.238958,26.422436,17.285316,10.442794,21.600037
1866,19.942902,28.931341,22.77262,12.169106,32.934628,10.494658,23.531233,10.334451,13.453123,8.228507,8.624123,16.618603,7.5010996,14.915937,20.471916,29.932463,23.56908,18.472353,20.660507,23.669344,20.71497,17.142027,27.030615,16.900112,12.325144,7.874529,13.983393,8.523225,23.89115,6.1547027,26.837175,24.159605,14.105223,8.717598,20.60914
1867,31.466599,26.9408,31.220085,26.985703,31.53011,13.095205,21.475176,9.479864,13.590122,3.3358588,7.6036067,15.283702,8.464476,16.165619,15.576686,25.292862,24.099121,25.862759,17.940008,21.058617,19.112316,16.546555,26.907606,25.90547,12.8603945,10.327237,11.833049,7.8746247,12.576708,5.9430118,27.152472,24.884247,11.079097,15.287802,22.043016
1868,18.29412,32.875008,22.467623,4.1692348,34.094032,3.4631631,24.477676,12.794593,6.0174327,4.651203,15.700176,13.128597,11.495127,20.71094,13.557693,25.423975,34.205894,18.57553,25.426758,23.189354,18.963865,14.401834,30.803595,24.962715,22.667683,14.076702,5.8975067,10.83412,24.084063,17.387106,29.972513,26.899803,18.58683,9.6247635,22.05679
1869,18.673037,32.24818,22.216566,3.949934,31.44502,3.9910376,23.141521,12.773522,6.948112,5.502823,17.489975,12.580755,11.904234,21.412525,12.950668,24.376068,33.51774,18.122988,23.868984,21.753859,16.673376,12.377891,30.315424,25.210411,24.315762,15.0089,5.9143233,11.085244,21.044617,18.949339,29.269833,26.388302,17.635159,9.819727,21.46161
1870,21.294353,31.40356,22.990902,5.8255935,25.152578,6.2113094,20.68907,13.284769,10.318374,7.427799,21.832113,12.223159,12.799637,23.508629,12.588283,23.224283,32.359882,18.080326,20.985733,19.114496,12.469281,8.945405,29.61671,26.208977,27.81575,17.66504,7.0260024,11.44478,14.206992,22.758217,28.166945,25.56189,15.969035,10.540919,20.620619
1871,18.130404,32.108578,22.410294,5.645155,34.315014,4.0371056,24.875902,12.34421,6.2068233,4.855708,13.4754715,14.005673,10.591229,19.088043,14.818311,26.12449,32.04442,18.786358,25.207664,23.97252,20.39809,15.773911,30.070442,23.297188,19.438425,12.422327,6.8868456,10.246559,25.42764,14.40307,29.467785,26.51072,18.158813,9.504086,22.093794
1872,18.887291,32.545296,22.590076,3.9407845,31.83953,3.237773,23.500677,12.963741,5.8196273,4.948246,17.626143,12.423802,12.188587,21.766766,12.194134,23.69947,34.44276,18.625092,24.659199,21.93146,17.073433,12.678342,30.68106,26.305283,24.57912,15.529642,5.0239167,11.211721,21.238445,19.614305,29.673872,26.767845,18.204773,10.169498,21.85599
1873,19.080017,30.967152,23.065975,9.594766,34.87083,5.708317,25.5318,11.496488,7.59137,5.0000844,9.711534,15.48501,8.889846,16.305351,17.431599,28.153307,28.104986,19.562551,24.449219,25.21898,22.92752,18.168844,29.07412,20.587929,14.309081,9.4814415,9.069719,9.145948,26.723656,9.158471,28.973661,25.980331,16.888332,9.781549,22.132164
1874,19.857407,31.625744,22.818363,5.442932,28.840126,4.067006,22.503275,12.912681,6.844475,5.703667,18.536737,12.416399,12.182543,21.83585,12.179918,22.979967,32.82008,18.726603,23.21032,21.063318,15.720012,11.607464,29.902828,26.107998,24.583366,15.937051,5.4709105,10.988884,18.51739,19.987822,28.837576,26.138859,17.11058,10.544247,21.461256
1875,23.218006,29.6277,25.278023,13.945911,32.32565,8.296718,22.938345,11.083219,10.46948,3.6360402,10.744483,14.450304,9.306412,17.375408,15.6241045,26.762712,28.283194,20.619278,21.583912,22.474693,19.587933,15.908269,28.15751,22.673153,16.374609,10.951508,9.636329,8.615909,20.492893,10.199708,27.82857,25.047295,14.832871,10.984261,21.195076
1876,20.315355,31.260122,22.825108,5.3007255,24.948046,3.4480693,21.659037,13.553482,6.1825857,6.071277,20.973665,11.870361,12.874842,23.272308,10.662551,20.798552,33.254887,18.874157,23.156216,19.700195,14.168877,10.268313,29.640701,27.635712,26.283026,17.971758,4.370474,11.380138,16.011732,23.224787,28.425245,25.912735,17.538794,10.952998,21.353922
1877,27.83787,27.46114,28.066086,22.233738,31.460894,15.823427,21.646044,9.146709,18.806852,10.461449,10.239243,17.501406,8.032271,15.024619,21.335266,29.302826,19.766119,22.154856,15.387829,22.52464,17.42126,15.142741,26.62478,19.089092,11.961961,8.562574,17.148733,7.778915,13.598027,4.1470537,26.390234,24.199158,8.854021,11.783738,21.126028
1878,20.447178,31.038143,22.812904,5.20359,23.01401,2.8307083,21.325972,13.913193,5.3821526,5.884299,21.962168,11.522981,13.188961,23.937609,9.624826,19.4554,33.694984,19.013006,23.423965,19.023302,13.641371,9.813161,29.480888,28.559551,26.91402,18.98919,3.5084698,11.521946,15.089051,24.85713,28.226849,25.794764,17.998318,11.162135,21.328074
1879,29.565819,26.571114,29.49438,25.33351,32.105503,14.098848,20.686203,9.207361,15.702633,3.0308528,7.0001373,14.820153,7.4782357,15.7381525,16.336718,26.831675,24.908756,23.681746,17.769714,20.103346,18.579788,16.771204,25.844496,23.067833,12.950451,9.339609,13.742491,6.9959044,14.649945,5.801309,25.95857,23.45425,11.321737,12.724466,20.440111
1880,23.051682,30.421768,23.331509,8.598019,20.912222,11.050547,18.846334,13.31896,16.683704,9.87267,22.283297,13.50639,12.201082,23.33459,16.094036,26.255915,28.402428,17.59866,17.198074,18.119526,9.608363,6.791354,28.499186,23.65075,28.367638,17.24788,11.705971,11.809692,10.958121,21.674334,26.841845,24.613693,13.411571,10.606874,19.820322
1881,18.730015,32.136322,22.04956,3.5131986,29.81676,3.7081423,22.613462,13.045353,6.816624,5.522609,18.724192,12.152063,12.245924,22.138779,12.19689,23.528673,33.962418,17.932053,23.734787,20.98672,15.733491,11.547127,30.209482,25.812605,25.474329,15.932709,5.3976135,11.258288,19.894072,20.570097,29.057333,26.212591,17.783445,9.8482,21.23635
1882,26.543217,25.277206,25.476648,17.610964,25.297737,24.557236,16.331438,9.384392,29.174173,16.790712,11.006634,19.716051,7.6751175,17.757088,24.672981,31.707846,16.998714,18.672264,9.632787,17.281994,8.813589,8.087931,23.916239,16.983515,17.196205,11.544798,25.75869,11.580621,10.810254,6.5770636,22.329765,22.0886,8.933521,10.104797,19.106329
1883,18.623007,31.580288,22.851053,8.075107,34.98678,4.4621124,25.592299,11.960857,6.286348,4.0528355,10.671571,14.765029,9.481857,17.316978,16.069746,27.35845,30.276323,19.394709,25.485037,24.956549,22.639305,17.798012,29.60134,21.947296,16.136713,10.5980015,7.66844,9.479596,27.101133,11.265868,29.388088,26.295298,17.933231,9.715358,22.21861
1884,23.560448,27.140232,25.243395,18.070421,31.707132,11.736877,22.113064,9.660717,13.662362,5.4610286,6.8818192,15.76486,7.0950985,14.647538,18.366688,27.874615,23.42181,20.68099,19.43166,21.921974,19.977554,17.2048,25.829672,19.144676,11.277723,7.986828,13.634096,7.6471457,20.406725,5.291372,25.844463,23.426104,12.931561,10.417799,20.37523
1885,21.85628,29.08299,23.546328,11.563173,30.591711,12.074171,21.413618,10.732235,15.756553,8.782602,12.353623,15.793563,9.129168,17.551498,19.04871,28.879646,25.031536,18.344576,18.41529,21.40514,16.469746,13.3790455,27.346731,19.322104,17.358757,10.687786,14.108011,9.597092,18.94816,9.878207,26.520151,24.19658,13.183628,9.461704,20.180382
1886,19.542913,30.072014,23.081692,11.0041275,33.774803,7.2777176,24.887571,11.107345,9.301346,5.531076,8.72624,15.9324665,8.302566,15.557886,18.448471,28.760735,26.146038,19.469505,23.141142,24.764585,22.537882,18.035318,28.269176,19.36168,12.974324,8.62771,10.552063,8.926689,26.050434,7.542261,28.196508,25.379314,15.933197,9.760523,21.706415
1887,20.788055,31.881569,22.981283,5.2924943,26.510447,5.434286,21.471235,13.374771,9.202061,7.0259976,21.245464,12.348024,12.805035,23.376759,12.502976,23.31877,33.0701,18.317186,22.027485,19.868395,13.53869,9.771782,30.06166,26.472544,27.325277,17.424547,6.504327,11.509793,15.90011,22.437792,28.681948,26.021395,16.679348,10.532766,21.07353
1888,18.718014,32.471203,22.39301,3.7616682,31.720835,3.3107564,23.355574,12.933596,6.032229,4.9048295,17.60128,12.339257,12.112438,21.708744,12.257488,23.83957,34.393333,18.386526,24.512577,21.792723,16.928652,12.5608635,30.572992,26.037256,24.642857,15.420687,5.130581,11.161759,21.26794,19.583326,29.549664,26.622269,18.134508,10.001715,21.669527
1889,20.337418,29.634096,23.58385,12.24034,33.469776,7.472044,24.49816,10.974232,9.278986,4.7478004,8.253332,15.646654,8.194067,15.543512,17.799795,28.211393,26.291489,19.88036,22.992683,24.23338,22.383732,18.081516,27.94923,19.962248,12.893272,8.796583,10.36915,8.70737,25.244589,7.5542884,27.92837,25.136871,15.838048,10.091482,21.562983
1890,19.678425,31.580328,22.459686,4.6022696,26.773695,3.6928027,21.955992,13.32827,6.680844,5.9876614,20.12023,11.990114,12.592164,22.807222,11.412794,22.04042,33.372803,18.414795,23.222744,20.155546,14.676746,10.671029,29.829779,26.755249,26.039524,17.11173,4.9366016,11.341073,17.446146,22.135614,28.62485,25.98378,17.528992,10.4949,21.241564
1891,24.007864,29.444971,23.310312,9.207024,20.760042,18.463634,17.030043,12.65563,25.130487,14.180102,19.800552,16.472961,11.02594,22.880302,21.237614,30.950708,24.352066,16.583134,13.218017,17.090408,7.040715,4.9096093,27.40634,20.646439,27.860092,16.326164,19.355524,13.359775,10.81698,18.031794,25.262415,23.953445,11.982799,10.0805435,19.241545
1892,26.226887,28.024761,26.015377,15.919989,30.365387,20.035936,19.528458,9.618357,24.633398,15.777333,13.291876,18.902582,8.886349,17.632236,23.743933,31.48711,19.703642,19.121168,12.917607,20.47725,12.758092,10.864049,26.627485,18.008383,17.345383,11.3136015,21.722158,10.472031,12.262092,7.3440223,25.384794,23.877031,9.384249,10.093292,20.235962
1893,20.82667,28.52412,23.758783,14.50119,32.95101,9.036131,23.975355,10.397853,10.86015,5.1046205,6.7421155,16.012514,7.2568607,14.411335,18.806591,28.682861,24.422413,19.954014,21.934738,23.87031,22.302889,18.528336,26.875814,18.477352,10.922046,7.554446,12.064131,8.025643,24.749475,5.589033,27.006607,24.30592,14.788469,9.838387,21.06888
1894,17.737135,32.74911,21.725372,2.4420938,32.442078,3.2080503,23.544954,12.911691,6.1811776,5.4762244,17.787628,12.395195,12.053825,21.672619,12.748939,24.369347,34.529037,17.768755,24.677378,22.023386,16.992409,12.57594,30.680597,25.329273,24.888334,15.176042,5.4171076,11.31011,22.139395,19.623419,29.617336,26.626314,18.308693,9.408773,21.565239
1895,18.112976,32.706417,22.179531,3.6702762,33.525734,3.4473243,24.06965,12.743532,6.1592717,4.9302564,16.325888,12.864224,11.632868,20.872662,13.32467,25.077902,34.070595,18.238565,24.958244,22.77051,18.219654,13.723384,30.643393,24.88246,23.25909,14.302805,5.794828,10.896881,23.246471,17.881536,29.740734,26.696337,18.278263,9.513308,21.795877
1896,30.514824,25.774889,29.514574,25.515825,28.971004,16.995316,18.721922,9.080828,19.42016,5.991278,9.281603,15.33872,7.9128947,16.282326,17.567402,27.00739,22.339619,23.059439,14.092896,18.444849,14.695727,13.339131,25.25168,22.12743,14.400843,9.819964,16.328272,7.6165705,10.458739,6.113401,24.959425,22.912289,8.980349,12.945194,19.75833
1897,19.37411,31.750717,22.467142,4.301371,27.893757,3.1292007,22.383759,13.284765,5.779855,5.4189076,19.418396,11.950659,12.540597,22.612572,11.127354,21.916271,33.89376,18.579157,23.917587,20.517183,15.412701,11.278239,30.01323,27.035145,25.618973,16.912344,4.4419594,11.349043,18.494684,21.793293,28.887777,26.198008,17.99293,10.512976,21.46077
1898,17.635736,31.904057,22.24006,7.1353364,35.862495,4.6712646,26.082123,11.931595,6.7306027,4.774009,10.27599,15.254823,9.173559,16.936966,17.248356,28.530548,29.914131,18.895771,25.729385,25.59694,23.243618,18.268877,29.739325,20.734478,15.50631,9.830283,8.481857,9.576277,28.836103,10.449636,29.537426,26.393198,18.132462,9.138265,22.265646
1899,20.246506,32.186646,22.868055,4.759981,28.29386,4.976742,22.078875,13.209337,8.538962,6.8134294,20.505571,12.460451,12.706088,22.923805,12.681062,23.653532,33.323055,18.325666,22.551514,20.598059,14.407186,10.457327,30.332651,26.232992,26.683315,16.838896,6.302129,11.443981,17.227057,21.539455,29.023718,26.289894,16.871067,10.349182,21.316319
1900,24.594305,28.037569,26.410461,19.22415,33.19516,10.968506,23.060621,10.034432,12.614773,3.949264,6.633118,15.631535,7.2931743,15.009637,17.802067,28.111597,25.24253,21.801285,20.919193,22.566881,21.433111,18.444195,26.741468,20.58716,11.546717,8.239897,12.7648735,7.528233,21.427225,5.684582,26.925411,24.205885,13.86582,11.056974,21.056288
1901,26.103546,26.802925,25.179329,15.409541,25.584354,24.849863,17.01778,10.090331,30.207666,17.275423,12.615526,20.2974,8.362869,18.852161,25.804306,33.29628,18.675556,18.085226,10.315592,18.069065,8.579122,7.655272,25.247553,16.926697,18.599215,11.947277,26.484118,12.062015,12.72033,7.7083035,23.317732,22.999146,9.526669,9.6894245,19.51874
1902,18.422009,32.14083,22.1142,3.8086262,31.51238,3.4917037,23.252497,12.741943,6.2122083,5.334884,17.346628,12.463975,11.887108,21.300488,12.58888,23.871412,33.590805,18.183718,24.15971,21.808514,16.899202,12.569276,30.231474,25.366257,24.050945,15.026741,5.4522476,11.030321,21.19133,19.004782,29.235355,26.362032,17.79954,9.820961,21.517653
1903,21.105776,30.960644,24.182652,12.595072,34.7916,10.147939,25.357435,10.91153,13.419155,9.391765,10.635852,17.593214,8.459722,15.468916,21.842743,31.397429,24.122135,19.664007,21.3344,26.086216,21.75837,17.635921,29.040133,17.581104,12.840475,8.12885,14.0093155,8.716808,24.178064,6.203117,28.826677,25.917929,13.768597,9.48194,22.149271
1904,18.904615,32.522274,22.538631,3.6872902,30.739424,2.8798187,23.32593,13.196705,5.4272666,5.089244,18.478775,12.230794,12.443166,22.273548,11.672008,22.972424,34.723274,18.657452,24.80201,21.580002,16.647495,12.294335,30.672411,26.84774,25.206844,16.225435,4.558736,11.375986,20.584532,20.777729,29.621553,26.757172,18.445671,10.275032,21.873564
1905,19.153593,31.920788,22.425817,4.224162,28.975317,3.1355143,22.678759,13.179514,5.7841372,5.074181,18.691591,12.046035,12.342939,22.254704,11.440082,22.507055,34.04309,18.519112,24.146164,20.909727,15.946839,11.73719,30.133743,26.68067,25.163422,16.367493,4.611759,11.223398,19.488827,21.0155,29.056646,26.284554,18.06032,10.354409,21.49165
1906,18.60262,31.836754,22.065762,4.508463,31.233503,4.8167505,23.024374,12.557875,7.8252797,6.055894,16.725065,13.039874,11.473764,20.862236,13.815345,24.959402,32.357662,17.977934,23.385548,21.817076,16.834883,12.64497,29.866413,24.208683,23.281654,14.366704,6.901289,10.939354,21.275919,17.81148,28.855864,26.067513,17.294493,9.611198,21.297228
1907,21.724415,29.796356,24.752018,14.116549,33.69435,8.053288,24.86179,10.951878,9.663791,5.143277,8.330423,16.157578,8.312153,15.498575,18.229214,28.362785,25.771706,20.938417,22.794199,24.734022,22.685913,18.39449,28.289587,20.473766,12.334739,8.780378,10.816753,8.61911,24.453108,6.960486,28.334902,25.591183,15.3523035,10.848491,22.146757
1908,19.17382,32.369186,22.900782,4.860704,32.758263,3.5439522,23.76579,12.699121,5.9209766,4.6676035,16.493536,12.743077,11.85816,21.074831,12.609756,24.127848,33.894234,18.920265,24.607225,22.40014,17.831509,13.413704,30.53675,25.886457,23.304401,14.802242,5.3643503,10.873738,21.771587,18.113897,29.638533,26.72733,17.95647,10.219726,21.949564
1909,25.674007,27.886913,24.805408,13.77943,23.224482,18.96296,17.182056,11.229628,24.49254,13.781232,16.778578,16.717508,9.810297,20.565536,21.00426,29.906115,22.270313,18.042023,12.654329,17.327364,8.803014,7.126533,26.227663,20.049553,23.40292,14.420238,19.769732,11.7534485,9.843919,13.995143,24.614305,23.203316,10.6591625,10.42458,19.152384
1910,22.603989,30.90798,22.93409,7.5929184,14.572489,7.9624405,18.929579,15.202517,13.602116,9.080775,25.949429,12.684806,13.183869,25.617554,13.684438,23.478163,30.621061,17.916384,19.270664,17.371021,8.969286,5.8966794,28.88055,26.069468,30.58067,20.291838,8.6940775,12.277273,10.50089,27.344763,27.104826,24.93337,15.727987,11.114218,20.275887
1911,18.404951,32.235767,21.855886,2.8972197,29.28392,3.0003471,22.668226,13.281296,5.9942856,5.392665,19.238146,11.906538,12.443234,22.536858,11.594996,22.857374,34.551712,17.91111,24.268446,20.811583,15.711915,11.477688,30.302813,26.356155,25.944916,16.474302,4.700528,11.43403,19.973314,21.610685,29.137953,26.290735,18.330826,9.850711,21.312677
1912,20.07703,32.204285,23.30386,5.544031,30.863558,3.8323524,23.168112,12.938968,6.360511,4.7407985,17.538122,12.508622,12.183449,21.790264,12.115163,23.526361,33.899803,19.181864,24.123894,21.672117,16.785458,12.514337,30.492805,26.733282,24.374193,15.715113,5.204935,11.06071,19.99506,19.43259,29.503191,26.68082,17.729637,10.74931,21.880596
1913,21.57557,31.256044,23.506092,6.966007,26.333387,5.853179,21.301498,13.0424385,9.278177,6.65868,20.206678,12.485561,12.499824,22.698128,12.492492,23.096224,32.01951,18.838198,21.498997,19.899645,13.768567,10.074871,29.602968,26.377052,26.105413,16.936695,6.653035,11.119349,15.215189,21.13926,28.339157,25.774323,16.040224,10.961626,21.065283
1914,27.305561,27.323753,27.726938,21.882101,31.546831,14.658217,20.979876,9.675694,17.159449,5.0368395,8.03481,15.660173,7.5467687,15.944919,18.399548,28.65528,24.444756,21.976112,17.727844,20.71218,18.01514,16.041113,26.17254,20.8581,13.490623,9.000838,15.3739805,7.5948243,16.80393,6.12662,26.006313,23.564137,11.607765,11.378554,20.292366
1915,17.53991,32.208622,22.055904,5.0155606,34.76606,3.7417305,25.0509,12.3382435,5.909874,4.875946,13.32755,13.9768305,10.504578,18.984695,14.887765,26.229902,32.235626,18.531301,25.52069,24.136698,20.635105,15.972006,30.085646,23.020447,19.365946,12.256916,6.814698,10.257879,26.122663,14.384197,29.500896,26.498466,18.400578,9.214403,22.065418
1916,18.402504,31.78982,22.587107,6.7902184,34.431763,4.4404917,25.088457,12.125332,6.51091,4.697226,12.29627,14.411261,10.0943985,18.239237,15.537406,26.756025,30.948643,19.005713,25.051292,24.382576,21.214287,16.514069,29.788607,22.510386,17.90556,11.539057,7.43032,9.903458,25.937574,12.838687,29.3383,26.3559,17.834774,9.589907,22.100878
1917,22.711792,31.294537,23.756517,7.180591,13.039581,3.4800272,20.370596,16.126902,6.984896,7.9271727,27.87834,12.025282,14.440486,26.95161,9.592554,18.144506,33.415874,19.84181,22.841278,17.6363,10.76116,7.21269,29.681372,30.236439,30.020752,22.700098,3.9462757,12.242216,10.767069,30.884802,28.090218,25.959217,18.35431,12.272341,21.760159
1918,18.231213,31.53714,21.659264,3.6208134,29.083935,3.4667046,22.52646,12.881459,6.2691016,5.928528,18.312002,12.210997,11.948469,21.702213,12.1418085,22.863102,33.044144,17.858744,23.718695,20.897486,15.894813,11.766561,29.635052,25.387697,24.57238,15.738469,5.307625,11.151261,19.805786,20.29389,28.570398,25.84544,17.755222,9.738284,21.1456
1919,20.727394,25.374622,21.251183,8.9356985,16.936024,26.03515,15.860978,11.988498,30.798597,21.21781,11.390282,22.732107,9.025069,20.407127,27.929966,33.56268,13.103316,17.001486,8.93304,17.990374,6.2460785,4.0692735,23.400434,16.37923,20.236872,14.475401,27.3786,17.597376,15.124263,9.307365,20.695015,23.259386,12.366735,10.218479,21.083035
1920,25.088924,25.93752,24.715439,15.423191,24.09347,26.903019,17.839521,9.851319,31.103281,21.181868,10.022712,23.457506,7.708711,17.819824,28.928892,34.052425,14.401248,18.829588,9.8167095,19.646053,9.310116,7.959513,24.768707,15.708678,14.164182,10.909551,29.376844,13.500315,15.9478035,4.2117987,22.651896,23.704998,9.920828,10.395172,21.106962
1921,25.480854,30.746708,26.048517,11.885855,23.343573,7.3460894,20.42353,13.20775,10.658888,6.777863,21.644773,12.5602865,12.9222765,23.402824,12.040084,22.262789,30.871616,20.8529,19.843952,18.982859,12.515946,9.141572,29.551243,28.280443,26.689304,18.088354,6.9747934,10.972777,10.446414,21.870485,28.36834,25.87591,14.562777,12.917181,21.369635
1922,23.233006,30.880684,24.172997,8.519494,17.490795,5.0387907,20.36537,14.714119,8.545377,7.6322675,24.991127,12.295971,13.634377,25.032604,10.908817,20.003765,31.882692,19.77422,21.429058,18.387434,11.455869,7.984334,29.384922,28.586403,28.133652,20.31632,5.404519,11.491274,11.002446,26.5553,27.946295,25.683071,16.502113,12.153322,21.386164
1923,20.163643,31.108425,22.292196,5.2604446,26.541338,6.1734705,20.934313,12.900519,10.066051,7.08853,20.003416,12.355418,12.143458,22.516956,13.050812,23.79446,31.932783,17.59849,21.275415,19.44469,13.400115,9.820089,29.21718,25.01952,26.372042,16.455437,7.3665724,11.216796,16.159796,21.07214,27.889648,25.256062,16.190025,9.941342,20.385479
1924,22.640888,27.88095,22.454323,9.8773,24.61454,19.597382,17.43727,10.814104,25.715693,16.192575,16.027147,17.699587,9.178074,19.813274,23.004623,31.318266,21.48888,15.822907,12.695977,17.912096,8.813366,7.2101026,25.845026,17.094795,22.121836,13.237346,21.683554,11.777876,13.000531,12.5321045,23.982338,22.740208,10.986814,8.349064,18.615856
1925,24.55278,29.3923,24.404907,11.165487,21.570232,11.217233,18.237669,12.593675,16.164852,8.592086,20.908693,12.985887,11.856428,22.510466,14.907861,25.098383,27.783169,18.50308,16.360994,17.301388,9.751739,7.076127,27.85391,24.329853,27.139389,16.687365,11.17008,11.176096,9.22934,20.18799,26.43598,24.142622,12.552669,11.366962,19.491945
1926,23.494411,28.848951,23.568348,10.717386,26.625975,18.19259,18.75055,10.969392,23.909452,15.077466,16.176483,17.554012,9.820602,19.607452,22.615997,31.344711,21.85976,16.990461,13.564761,19.431528,10.734706,8.481611,26.954361,18.191128,21.830772,13.066708,19.889372,11.648644,12.997594,11.9378195,25.297579,23.76391,10.871089,9.239722,19.536423
1927,20.219955,31.134047,23.718813,9.197292,33.2512,5.095297,24.521273,11.938053,6.9205327,4.282343,12.236662,14.327306,10.16247,18.204351,14.97399,25.942749,30.19952,19.919775,24.131935,23.853962,20.696217,16.185745,29.434711,23.39257,17.599121,11.860096,7.3429613,9.592195,23.595034,12.548256,29.02313,26.175062,16.948654,10.489985,22.11096
1928,21.217327,28.655071,24.102297,14.984434,33.05065,9.23073,24.120127,10.439989,11.0179205,5.1938715,6.786068,16.18411,7.309227,14.464862,18.976212,28.830185,24.399055,20.258303,21.95385,24.040323,22.412785,18.631985,27.043516,18.658545,10.844695,7.578424,12.241055,8.045373,24.682043,5.4901643,27.183838,24.490528,14.73843,10.04744,21.268108
1929,30.245565,26.677324,30.078724,26.184973,32.523163,13.951565,20.860739,9.2058735,15.389706,2.550641,6.829464,14.752039,7.549284,15.775296,16.034542,26.706778,25.217999,24.207354,18.026825,20.280281,18.94653,17.122349,26.008919,23.684519,12.953363,9.492058,13.3960495,6.872458,14.376664,5.7735085,26.197975,23.630182,11.380727,13.11434,20.654156
1930,21.768982,24.786144,22.682163,12.045444,20.432608,27.811954,17.14225,10.901445,31.347677,22.960814,8.167128,24.886694,8.173365,18.410616,29.94763,34.113583,10.526817,18.614645,8.732328,19.81772,8.516549,6.509808,23.176258,15.415539,14.914654,12.425917,29.642986,16.991135,16.778028,4.1824355,20.691721,23.69019,11.621526,10.500466,22.206255
1931,20.732662,30.559492,22.30559,6.1265774,25.797495,8.019154,20.061117,12.601242,12.50964,7.785279,19.863714,12.609077,11.837643,22.178396,14.181994,24.86115,30.480621,17.173275,19.57867,18.871988,12.2609415,9.001447,28.646776,23.83831,26.437174,15.971356,9.069946,11.133035,14.76703,20.164911,27.246866,24.690613,14.935112,9.756604,19.797874
1932,19.972683,32.10993,23.130337,5.334151,30.308779,3.9103305,22.969114,12.954216,6.5654407,5.089425,17.984858,12.481003,12.245658,21.873413,12.155299,23.419947,33.65812,18.99182,23.816116,21.482391,16.392607,12.146766,30.389334,26.543049,24.579456,15.812216,5.3047967,11.085096,19.573854,19.669851,29.350626,26.563171,17.548197,10.659542,21.75685
1933,29.422565,27.764664,29.493366,23.71461,31.07732,13.846206,21.68186,9.679607,15.912621,6.749788,10.447304,16.199116,8.837509,15.902269,18.428997,27.48922,22.222672,23.770319,16.392473,22.188711,17.767769,15.12311,27.204016,22.310234,13.339884,9.635355,14.006865,7.798327,12.771094,5.706698,27.097878,24.800243,9.537091,13.463881,21.655188
1934,18.829454,32.374645,22.408018,3.6183028,30.179855,2.806521,23.152143,13.234009,5.36842,5.0647397,18.606684,12.123082,12.4373,22.34019,11.5015,22.739246,34.66485,18.562325,24.741837,21.342653,16.455858,12.1304865,30.530075,26.861937,25.30171,16.350948,4.4504013,11.383884,20.3795,21.047873,29.468279,26.62643,18.481531,10.256638,21.760218
1935,30.837595,27.261602,30.44226,25.661991,31.740704,13.953292,20.630547,9.623009,15.6684885,2.7426052,8.574592,14.599233,8.359465,16.863674,15.612949,26.492445,25.995235,24.344881,17.636868,20.117643,17.785946,15.872979,26.658426,24.773346,14.759128,10.541011,12.970064,7.329677,13.106475,7.2585926,26.60954,24.113163,11.196617,13.53703,20.876238
1936,18.69098,32.013912,22.15646,3.9737365,30.438164,3.7439725,22.933092,12.847429,6.602344,5.6984725,17.999535,12.451804,12.021464,21.604443,12.552907,23.654627,33.35383,18.168242,23.789349,21.46248,16.326225,12.08017,30.126917,25.476677,24.467283,15.409475,5.5797353,11.11648,20.332884,19.5682,29.066229,26.26059,17.625866,9.919298,21.432007
1937,22.286455,30.83047,23.326162,7.175791,18.268677,5.444334,19.98944,14.448223,9.454712,8.0078335,24.784912,12.13991,13.444551,24.880245,11.425424,20.828665,31.73565,18.802969,20.882874,18.154688,10.934745,7.5279827,29.168367,27.609812,28.696583,19.912504,5.9713893,11.64342,11.341204,26.256903,27.623709,25.353699,16.248499,11.484967,20.873522
1938,25.89175,27.070004,25.595444,15.903872,25.39142,20.709736,18.410677,10.35165,24.651964,14.1762,12.050843,19.23147,8.880721,18.509386,23.09122,30.77316,19.862654,19.57759,12.587613,19.227612,10.993331,9.109026,25.96828,19.170471,17.08783,11.692363,21.88123,11.675951,14.381174,7.833621,24.356613,23.92066,10.546063,11.190655,20.544847
1939,30.054144,27.333912,29.946625,24.99828,31.886515,13.903881,20.958305,9.647342,15.601131,3.164002,8.222625,14.940729,8.141047,16.541878,16.242517,26.931166,25.629864,24.039286,17.925093,20.468784,18.238205,16.206419,26.64649,24.007572,14.095579,10.087839,13.390003,7.4071803,14.357219,6.803517,26.6249,24.14041,11.459051,13.204408,20.93828
1940,20.35762,31.029709,22.57389,5.2391834,23.573559,3.820194,21.109709,13.627394,6.925345,6.513198,21.746931,11.758922,12.919468,23.528524,10.766631,20.781559,32.878944,18.499199,22.52615,19.182055,13.288938,9.531182,29.362806,27.322731,26.879513,18.261787,4.6933646,11.383656,15.023464,23.853987,28.053228,25.5801,17.187132,10.813771,20.9999
1941,18.925678,29.596022,22.215084,10.855618,33.61354,10.212308,24.33203,10.569506,13.390196,9.033868,8.698202,17.14353,7.4462767,14.69974,21.529474,30.965696,23.407415,18.062397,21.272257,24.575758,21.50262,17.61971,27.52368,15.983154,11.961942,7.4052396,14.370158,8.719801,25.66624,5.806576,27.356445,24.550743,14.513815,8.277642,20.890963
1942,22.627,29.973438,22.879917,8.386059,23.185888,14.142515,18.274622,12.5922365,20.206776,10.624503,19.344007,14.513595,11.209858,22.34639,18.47861,29.160564,26.91853,16.73991,15.759013,18.047373,9.436508,6.8571014,27.878025,21.624537,27.488045,15.702899,14.915462,12.25819,12.606208,18.549112,26.104662,24.148357,12.893724,9.852612,19.28493
1943,28.125454,28.252817,27.591288,18.273115,28.070547,15.761121,19.134,10.438641,19.698328,8.916807,14.733824,15.522508,10.1127615,18.815926,18.268387,27.975471,23.95988,20.947157,14.26011,19.11605,12.652486,10.430829,27.321386,22.25366,19.593159,12.254645,15.61932,9.578724,10.5548,10.432565,26.319523,24.261065,9.819092,12.138889,20.178877
1944,21.268326,29.602348,23.802687,11.440229,31.924913,8.439416,23.071611,11.0066595,10.895646,6.366442,11.571827,15.182112,9.358642,17.059572,17.145025,27.192072,26.373264,19.47608,20.898087,22.920961,19.14809,15.233254,28.016378,20.894535,16.06491,10.561906,10.54107,9.219385,20.87792,9.863561,27.556173,25.004396,14.443737,10.275217,21.178133
1945,19.639755,28.953455,22.291597,10.395755,32.01309,9.837353,22.729273,10.4870405,12.996833,8.085642,10.361288,15.807388,8.265392,15.864742,19.174944,28.817013,24.454958,17.877497,20.123629,22.726448,19.15744,15.527108,27.084742,17.768318,14.482052,9.031576,12.8545475,8.939616,22.30412,8.035118,26.646744,24.042603,14.060902,8.717493,20.237814
1946,25.08916,25.898115,24.965769,16.775923,25.984358,25.553556,18.319983,9.59619,29.537018,18.585884,8.843171,22.409113,7.2092295,16.8208,27.8583,33.80431,15.508399,19.03539,10.851811,19.972818,10.855227,9.663885,24.544962,15.282869,13.176266,9.778543,28.06574,12.119548,16.590235,3.3561568,22.827425,23.262619,9.837147,9.882245,20.68942
1947,22.664198,24.958595,22.984158,12.488138,19.879839,28.760216,17.159214,10.598835,32.439648,24.130377,8.8412895,25.606129,7.9285607,18.419128,30.835558,34.48167,10.885575,18.492039,8.46325,19.641869,7.7671213,5.914929,23.739515,15.1330185,13.814316,11.79723,31.216568,16.454212,17.716566,3.709878,21.091288,23.948736,11.109638,10.760335,22.12113
1948,21.838316,30.360859,22.615993,6.705913,19.196892,7.769553,19.01389,13.875727,12.661443,8.757337,23.688654,12.346609,12.811431,24.350117,13.103559,22.936665,30.502045,17.609941,19.125858,17.470255,9.875514,6.8223953,28.510084,25.681862,29.095322,18.906286,8.299739,11.8802395,11.173205,24.736475,26.843613,24.639565,15.264388,10.636026,19.949167
1949,18.788033,33.054405,22.718666,3.4052367,32.095013,2.4370556,23.895304,13.342894,4.825405,4.38522,17.934343,12.22407,12.460325,22.382195,11.532983,23.295149,35.80108,18.883492,25.782011,22.013325,17.491493,13.009368,31.157885,27.347126,25.278877,16.209377,4.2067466,11.4848995,21.925259,20.818987,30.169134,27.170902,19.189415,10.304365,22.181984
1950,18.476736,33.30059,22.825338,4.368303,35.26285,3.4062364,25.05761,12.841942,5.8659916,4.5491395,15.429234,13.448748,11.537449,20.59333,13.889808,25.905462,34.51473,18.905077,25.87535,23.849178,19.730047,15.043127,31.204409,25.039179,22.23333,13.852328,5.9788036,10.784174,24.904848,16.829111,30.418787,27.27411,18.787373,9.674837,22.421644
1951,19.756416,32.122902,22.687294,5.065172,30.807917,5.7874413,22.563602,12.704645,9.271614,6.249725,17.844328,13.021879,11.861558,21.58413,13.94952,25.42614,32.707268,18.097067,22.62207,21.36859,15.82595,11.783389,30.165344,24.686932,24.680738,14.994425,7.47023,11.07682,19.756353,18.54814,29.005388,26.181646,16.80601,9.875871,21.199963
1952,20.225773,31.937424,23.145924,5.996891,31.298334,5.424446,22.766699,12.582355,8.549433,5.3323913,17.016497,12.954123,11.75292,21.158907,13.517712,25.082674,32.72671,18.599823,22.873726,21.58124,16.500925,12.396107,30.099485,25.051796,23.772606,14.719612,6.9354973,10.739929,19.892134,17.777916,29.063078,26.205307,16.796947,10.187653,21.334457
1953,21.93989,30.828724,22.647804,6.514434,9.337767,4.392506,19.289694,16.624989,8.915915,8.082993,28.1953,12.044441,14.1176815,27.171026,10.581079,19.38122,32.292988,18.749596,21.627708,16.808517,9.176026,5.6586747,29.01085,28.92455,30.888887,22.751583,5.005285,12.723226,10.777504,31.503218,27.208193,25.330523,18.183777,11.947016,21.05747
1954,20.107992,32.002857,22.798546,4.7619405,27.793299,4.3742104,22.08151,13.279155,7.6879897,6.383897,20.391966,12.241231,12.699916,22.930035,12.0787,22.953085,33.50139,18.44282,22.910786,20.444979,14.576011,10.591317,30.200348,26.602798,26.488586,17.017153,5.6465073,11.39221,17.29397,21.869564,28.938257,26.223927,17.185112,10.4606495,21.333204
1955,21.817554,30.680944,22.557663,6.4883637,9.327625,4.2637234,19.258226,16.547482,8.692986,8.069706,28.079771,11.9864235,14.065318,27.040613,10.454387,19.142658,32.169464,18.714327,21.628038,16.76253,9.216678,5.7157416,28.88008,28.857342,30.671375,22.677965,4.8849535,12.648913,10.733874,31.40138,27.100714,25.230827,18.15124,11.897043,21.002958
1956,26.447372,26.551193,25.80302,17.135117,26.048094,24.530003,18.346024,9.63986,28.851063,18.318996,11.088152,21.55085,7.934414,17.57248,26.713789,32.89352,16.838882,19.341284,10.9162,19.577766,10.454631,9.128581,25.493475,16.735823,14.654083,10.543234,26.690928,11.704218,14.549342,5.032291,23.769072,23.700127,9.3380375,10.583993,20.617403
1957,20.099922,30.128082,23.489914,11.873913,33.836998,8.026082,24.934229,11.093346,10.162331,5.8705525,8.671828,16.264254,8.220297,15.4966755,19.06054,29.306253,25.80222,19.718586,22.87371,24.900158,22.527649,18.150517,28.325361,19.15285,12.755719,8.456391,11.331432,8.86175,25.824825,7.1474013,28.265104,25.446236,15.621147,9.843351,21.80375
1958,19.118448,31.418846,21.977182,3.957925,26.605303,3.6669626,21.778662,13.244651,6.765569,6.4736667,20.409662,11.926067,12.538975,22.764565,11.508474,21.917686,33.141647,17.97357,23.03566,20.004078,14.373778,10.446025,29.586061,26.28796,26.170034,17.111837,5.070689,11.350921,17.284977,22.33719,28.35135,25.727047,17.42789,10.099148,21.013863
1959,20.302635,29.53352,23.063389,11.867483,33.269085,10.945848,23.720062,10.520495,14.196815,9.006922,9.596199,16.9406,7.8936152,15.417088,21.011341,30.531412,23.807837,18.532766,20.498419,23.989134,20.399443,16.770027,27.594015,17.092743,13.169865,8.269111,14.46178,8.826193,23.578371,6.6000724,27.280058,24.591549,13.976733,8.787454,20.890108
1960,17.868954,31.834583,22.101421,5.485611,33.922726,4.2593994,24.61914,12.241462,6.529392,5.077394,13.369658,14.008455,10.454712,18.902443,15.0044,26.181654,31.560598,18.485666,24.84521,23.760931,20.13642,15.573281,29.782408,22.805237,19.247507,12.216892,7.1596456,10.214433,25.316923,14.165845,29.161585,26.251095,17.950232,9.310751,21.855818
1961,24.079311,29.346272,23.827755,10.2854805,23.168118,16.129799,17.977945,12.09567,21.943533,12.65459,19.01719,15.634318,10.992211,21.84833,19.591358,29.24725,24.841711,17.391197,14.377807,17.941803,9.020879,6.7070336,27.505415,21.24978,26.016613,15.507189,16.883692,12.219486,10.960948,16.91773,25.725157,24.048933,11.835509,10.261599,19.489351
1962,22.557934,30.613937,23.594545,7.7549562,20.23213,5.9204283,20.023367,13.86623,9.738076,7.8350415,23.608194,12.188822,13.166281,24.198149,11.624837,21.163322,31.326992,18.925875,20.521454,18.329576,11.359641,8.0088625,29.031525,27.287281,27.935429,19.142126,6.3222313,11.367642,11.323572,24.701664,27.571913,25.256203,15.711818,11.480114,20.781939
1963,23.789204,24.609028,23.674479,14.587805,20.781681,28.429539,16.858942,10.125578,32.190353,22.29085,8.512398,24.60805,7.4414244,17.838478,29.800554,34.003185,11.976125,18.672121,8.525796,19.08116,7.9051094,6.545139,23.437624,15.107548,13.343782,11.146726,30.78491,14.973167,16.766056,3.384369,21.02072,23.30925,10.380985,10.559294,21.374973
1964,22.84781,30.851475,23.14957,8.058155,15.940219,8.80307,18.969381,14.805107,14.452249,9.331814,25.113161,12.982027,12.961366,25.081991,14.416325,24.276564,29.970203,17.966051,18.736872,17.68321,9.1105175,6.0906973,28.854424,25.500885,30.024042,19.562714,9.525011,12.197891,10.576499,25.946693,27.109606,24.942728,15.102793,11.095799,20.27054
1965,30.473095,26.816364,30.189573,25.993921,32.021004,14.118504,20.667484,9.339819,15.662054,2.7978888,7.5522833,14.747759,7.864067,16.202059,15.944873,26.590828,25.329752,24.234034,17.679157,20.12345,18.307964,16.472975,26.197884,24.04722,13.614768,9.895687,13.393393,7.1072392,13.750495,6.3140187,26.267275,23.784653,11.19651,13.284864,20.719046
1966,22.79447,30.721968,23.579468,8.104825,14.613701,5.355712,19.847706,15.263603,9.396553,7.9997745,25.72429,12.371044,13.60552,25.481255,11.363347,20.38834,31.331247,19.3007,21.019535,17.922224,10.519234,7.084067,29.0763,28.122631,28.922829,20.811361,5.838964,11.926006,10.786932,27.664614,27.520617,25.428497,16.682505,12.029694,21.165157
1967,17.690426,31.60211,22.07955,6.4625487,34.713055,4.377547,25.251858,11.973717,6.437708,4.7689633,11.523674,14.571669,9.692037,17.655437,16.01518,27.151268,30.41669,18.65635,25.173853,24.60583,21.746014,16.974472,29.525997,21.606422,16.989868,10.849753,7.7124343,9.770178,26.977453,12.004318,29.153366,26.142876,17.91446,9.216442,21.951712
1968,21.736156,29.693913,22.283653,7.2420206,21.541891,11.1053505,18.455805,12.783644,16.566624,10.567304,21.239065,13.429581,11.712998,22.84352,15.959395,25.733795,27.86533,16.735968,17.118084,17.542688,9.601663,6.940703,27.738874,22.873644,27.625893,16.885824,11.932747,11.831209,11.559033,21.0753,26.065084,23.966148,13.715391,9.798737,19.268103
1969,19.40335,31.131176,23.117603,8.341575,33.318832,5.3264914,24.58919,11.889979,7.2949643,5.066871,12.115671,14.630467,9.991219,18.007662,15.682277,26.435644,29.664768,19.444876,24.036327,23.967747,20.727757,16.181108,29.343924,22.521488,17.260094,11.461832,7.9472637,9.784779,24.410349,12.170758,28.897799,26.110588,17.021255,10.088461,22.03553
1970,22.54736,26.470068,23.3072,12.292757,22.769741,25.315268,18.92409,10.673986,29.090185,22.184908,9.898634,24.25416,8.263138,17.982801,29.554634,34.12106,13.101464,18.66363,10.8117075,21.138418,10.419206,8.056509,25.168295,15.547149,13.867887,11.178837,28.104456,15.06902,18.525583,4.3790016,22.960188,24.607794,11.316474,10.623242,22.254904
1971,18.557777,31.671188,22.517849,6.4067473,33.555084,4.7434483,24.480978,12.183325,7.0034833,5.059802,13.245551,14.161501,10.424418,18.816174,15.157979,26.290174,31.097622,18.792116,24.444122,23.694094,20.057074,15.524454,29.706387,22.872402,18.9864,12.1650715,7.44539,10.133123,24.716341,13.776613,29.096895,26.229477,17.597048,9.615343,21.884314
1972,19.071644,29.732738,22.774937,11.870312,34.127605,8.177963,25.251616,10.823411,10.373584,6.396439,7.324385,16.673027,7.3722677,14.408256,20.111551,30.018024,24.594255,19.2204,23.048267,25.295366,23.464067,19.117008,27.790413,17.40771,10.910065,7.2061644,12.154423,8.433511,27.348394,5.620446,27.908796,25.007206,15.615936,9.159522,21.537573
1973,18.146975,33.487194,22.565796,3.784378,35.256798,3.337424,25.048452,12.946379,5.9681716,4.6275935,15.669936,13.35359,11.570006,20.823124,13.940263,26.105074,34.85826,18.647482,26.036509,23.77492,19.599895,14.906625,31.314463,24.997004,22.757427,13.985184,6.001816,10.939455,25.195965,17.31102,30.491327,27.30663,19.019478,9.501307,22.357695
1974,22.923141,28.561623,25.07771,16.051731,32.454327,10.082096,23.09632,10.451216,12.073454,4.5592933,7.924873,15.582265,7.8513203,15.556722,17.85643,28.171373,25.518501,20.660345,21.050789,22.860357,20.74449,17.380615,27.076933,20.209564,12.829006,8.79695,12.144621,8.110072,22.087513,6.898828,27.016666,24.386896,14.232885,10.542202,21.006409
1975,19.457352,31.548412,22.977695,6.4013114,32.05879,4.3575134,23.616827,12.356597,6.6044335,4.905132,15.165727,13.285379,11.234598,20.028027,13.440371,24.48346,32.027016,19.066216,23.8918,22.536821,18.272972,13.942329,29.790627,24.725132,21.216867,13.78145,6.264927,10.394999,21.807219,16.143206,29.003166,26.241322,17.287315,10.244928,21.780159
1976,20.852001,31.720308,23.195044,5.105047,23.751213,3.2529466,21.604548,14.079147,6.1179385,6.2912827,22.555853,11.782139,13.487524,24.370789,10.161907,20.287382,34.145508,19.172586,23.418278,19.381346,13.575653,9.678418,30.128893,28.778591,27.651588,19.155313,3.9566896,11.772832,15.191306,25.055355,28.782907,26.297106,17.973557,11.297352,21.626064
1977,24.61716,29.390884,24.115238,10.569252,19.432459,13.437513,17.458824,13.054775,19.044703,10.479064,21.57527,13.886198,11.862317,23.293049,16.513681,26.516047,26.761372,17.991648,15.23139,16.619516,8.19922,5.7027073,27.678549,23.721706,28.490004,17.425192,13.5053215,12.266441,8.72982,20.975409,25.993921,24.050869,12.616999,11.242344,19.380348
1978,22.4468,30.86669,23.658875,7.5044746,21.548618,5.7030354,20.34775,13.742533,9.444029,7.6380706,23.251827,12.169207,13.171555,24.093407,11.606969,21.350172,31.762459,18.973719,20.87058,18.673574,11.827721,8.40354,29.284357,27.41107,27.810474,18.914783,6.1350303,11.3237,11.93667,24.346296,27.84529,25.45802,15.841739,11.4278,20.908901
1979,24.460157,29.139105,23.286541,9.253909,18.046122,17.52156,16.10895,13.130562,24.31417,13.41808,21.773355,15.395549,11.363382,23.89305,19.454514,29.26275,25.45422,16.44569,13.222621,15.430726,5.774268,3.7628467,27.121254,21.760193,29.759983,17.727205,18.12638,13.266991,8.703381,20.93482,24.993933,23.44609,12.356378,10.303127,18.625856
1980,31.840319,26.08367,30.955976,28.20359,32.129383,15.38269,19.83706,8.82379,17.138403,2.5827975,7.1765013,14.43082,7.4771576,15.952089,15.842559,26.53875,24.874653,24.525011,16.49845,19.228468,17.603924,16.31294,25.560972,24.007494,13.535349,9.627459,14.133459,6.5384727,11.664561,5.699408,25.703165,23.14605,10.101816,13.383522,20.14892
1981,19.367949,32.325462,22.544846,4.1279593,29.983747,4.152676,22.726286,13.057203,7.3169737,5.969679,19.064896,12.435115,12.403524,22.267395,12.553083,23.796663,33.741768,18.2912,23.47193,21.227598,15.660157,11.478696,30.446041,25.995705,25.579922,16.045326,5.7626133,11.31263,19.340788,20.448568,29.268667,26.45419,17.46706,10.129706,21.485731
1982,18.43399,31.042315,22.71075,10.4988,35.70995,7.0118017,26.459005,11.307372,9.324923,6.197245,7.911223,16.841648,7.759454,14.699576,20.42217,30.866488,25.891989,19.280006,24.401215,26.539549,24.611053,19.78261,28.918772,17.592869,11.423824,7.206826,11.502295,8.683708,29.333965,6.06787,29.07171,25.900404,16.470242,9.0902,22.188358
1983,19.65142,31.058424,22.254606,4.3188095,23.271257,2.4647605,21.368584,13.902789,5.066428,5.6550055,21.676111,11.369774,13.059889,23.777534,9.589987,19.567408,33.94136,18.562662,23.680365,19.034399,13.777156,9.896003,29.413622,28.147572,26.81613,18.711203,3.3575876,11.504624,16.00416,24.772648,28.15499,25.680653,18.270613,10.776659,21.14866
1984,18.046352,32.284622,22.360062,5.485282,34.70201,4.016537,24.99772,12.378049,6.306064,4.668444,13.369309,14.005163,10.543023,19.049639,14.977336,26.521353,32.26367,18.678572,25.363312,24.113806,20.616964,15.945112,30.184645,23.14065,19.502209,12.297529,6.9454823,10.212963,25.837355,14.307898,29.594795,26.549122,18.272295,9.374651,22.062437
1985,20.155281,31.75848,22.763866,5.296051,28.359625,5.2201595,22.025583,12.935265,8.681387,6.9736824,19.780704,12.612169,12.336107,22.317873,13.019999,23.74749,32.444508,18.282087,22.265549,20.705114,14.644454,10.75728,29.90794,25.576832,25.768673,16.297493,6.650511,11.179515,17.205732,20.619534,28.685875,25.982445,16.505486,10.244232,21.176104
1986,18.395195,32.782986,22.539705,4.404034,34.134384,3.6674235,24.495989,12.687937,6.211819,5.007725,15.729612,13.312479,11.483463,20.50037,13.830066,25.483984,33.699837,18.62773,25.118343,23.347227,18.934937,14.381787,30.734854,24.67769,22.29123,13.87651,6.1400723,10.74448,23.821106,16.9223,29.906445,26.873898,18.234362,9.633274,22.091946
1987,19.663036,32.615448,23.22019,5.5158234,33.2337,4.403969,23.901384,12.714835,7.149701,4.835664,16.305792,13.171577,11.714171,20.932114,13.553429,25.341194,33.665344,18.94652,24.335033,22.705633,18.083105,13.694943,30.694866,25.309038,23.0494,14.404259,6.335684,10.720003,22.05802,17.368055,29.78912,26.790043,17.702017,10.103225,21.941486
1988,31.186724,26.276213,30.530167,27.460127,32.077972,15.9125,20.068909,8.926309,17.74015,3.4440842,7.118856,14.996615,7.371839,15.919963,16.80042,27.252573,24.506134,24.21528,16.566254,19.49904,17.68356,16.35227,25.660746,23.25943,13.169141,9.348565,15.11187,6.8603916,12.860798,5.4155283,25.726225,23.288153,10.337145,13.024196,20.28851
1989,21.345778,30.83041,22.959187,5.5069256,17.117405,2.6192918,20.36588,15.016806,5.583448,6.860265,25.70283,11.2654505,14.0815,25.85112,8.614564,17.551638,33.95855,19.15609,23.016897,17.583128,11.485156,7.892822,29.332975,29.945066,28.961338,21.416227,2.9324524,11.893789,12.085683,28.879257,27.806154,25.611843,18.25697,11.630811,21.25901
1990,18.791937,32.96637,22.639359,3.897032,33.18583,3.578858,23.934494,12.935465,6.389136,4.9162064,17.137484,12.751496,12.012026,21.494896,12.999183,24.883545,34.611176,18.523859,24.859043,22.525816,17.727898,13.258002,30.969717,25.70485,24.23439,14.961993,5.639551,11.095172,22.378378,18.766684,29.985773,26.945427,18.26727,9.869349,21.933962
1991,22.152906,30.576965,24.474934,10.936797,31.74041,8.032437,22.920406,11.655054,10.759,5.4516897,13.438133,14.520596,10.308193,18.727959,15.866137,26.78905,28.975334,19.7726,21.440115,22.463726,18.197075,14.33873,28.950544,22.928009,18.891094,12.198693,9.571738,9.590855,20.036085,12.479947,28.272413,25.591951,15.094669,10.638102,21.385502
1992,24.757324,27.166187,24.403412,13.932626,26.9426,21.912971,17.937258,9.996435,27.103636,16.35613,12.926386,19.303251,8.512622,18.207794,24.556038,32.253445,19.30322,17.643064,11.72064,18.90317,10.245638,8.831656,25.531979,16.75176,18.14582,11.521547,23.789682,11.359075,13.446782,7.9016123,23.854208,23.015465,9.878983,9.2224455,19.419561
1993,20.94406,31.355038,22.896355,4.966013,20.075686,3.0314012,20.883204,14.627668,6.164252,6.843041,24.553291,11.520197,13.858732,25.271666,9.547313,19.07485,34.07522,18.937738,23.05127,18.403109,12.2095585,8.474774,29.770231,29.185959,28.614218,20.35422,3.6040242,11.889368,13.585116,27.235653,28.263136,25.936209,18.050293,11.328829,21.358072
1994,19.526707,32.521946,23.093864,4.781847,31.845392,3.395633,23.556627,12.9734745,5.8168063,4.6582975,17.366707,12.511419,12.206734,21.786646,12.086981,23.618778,34.450905,19.08605,24.70998,21.995043,17.25074,12.879221,30.742563,26.759306,24.376583,15.624046,4.9770403,11.168324,20.98144,19.447634,29.773458,26.889912,18.17625,10.538623,22.036175
1995,18.737383,31.093706,22.226019,6.9586043,32.751163,6.9136896,23.703262,11.824985,9.850618,6.569393,13.144798,14.798815,10.001499,18.349976,16.915932,27.66678,29.10308,18.13367,22.645296,23.223936,19.051828,14.852376,29.064411,21.00938,18.481092,11.385742,9.748644,10.108768,23.813738,12.470279,28.352451,25.62493,16.356754,9.135525,21.288437
1996,19.796307,32.02737,22.848274,4.6681232,28.427103,3.4807277,22.592775,13.290891,6.203962,5.658668,19.532948,12.211467,12.640055,22.65716,11.513923,22.364756,33.882256,18.827856,23.807396,20.844183,15.519392,11.349734,30.30254,27.087524,25.632664,16.84632,4.790091,11.367723,18.455872,21.494587,29.157013,26.458115,17.804974,10.661515,21.680489
1997,22.938372,30.239803,23.244444,8.676093,22.269287,12.369566,18.58726,13.017981,18.107615,9.276582,20.233583,13.807253,11.69988,22.880241,16.929369,27.774801,28.133598,17.366877,16.724533,18.11962,9.761889,6.9797854,28.25376,23.091568,28.021183,16.445919,12.85051,12.092622,12.24393,20.018549,26.547009,24.48224,13.408822,10.455549,19.621828
1998,22.11679,31.040905,23.21278,6.46576,13.286926,3.6801138,20.005991,15.889882,7.372309,7.8219547,27.402487,11.856829,14.282618,26.665096,9.736024,18.445261,33.133156,19.278572,22.333033,17.401484,10.3504,6.8224616,29.407934,29.64827,30.001444,22.27205,4.1524186,12.296129,11.025317,30.339615,27.748775,25.688778,18.08252,11.9593115,21.396706
1999,19.429337,31.592022,22.433767,5.0626206,29.43637,4.8433924,22.424562,12.712904,7.9287353,6.449526,18.234879,12.722795,11.91475,21.55204,13.122105,23.899624,32.237766,18.231493,22.786594,21.117561,15.665673,11.639466,29.74515,25.07389,24.413563,15.427238,6.5094604,11.03998,18.895794,19.304468,28.650877,25.949152,16.85991,10.058281,21.230703
2000,18.57162,31.21447,22.81303,9.805977,35.75824,6.154957,26.241098,11.4519825,8.23762,5.210309,8.4146805,16.21021,8.240868,15.459973,19.00528,29.88243,27.346558,19.3914,24.848547,26.139818,24.269924,19.336939,29.151041,19.080412,12.743025,8.210535,10.17732,8.945833,28.93894,7.45297,29.19699,26.06071,17.064472,9.393439,22.232677
2001,23.024006,28.121212,25.207973,17.507784,33.135735,11.53277,23.390734,9.937239,13.589191,6.1591363,6.7909446,16.568148,7.02164,14.438531,19.689663,29.239906,23.591232,20.751234,20.50224,23.386826,21.38929,18.307373,26.611395,18.450956,10.615641,7.4830117,14.206873,7.6806026,22.559372,4.7257037,26.695189,24.104979,13.488505,10.119034,21.01315
2002,24.039795,30.16291,23.810844,9.296382,18.204283,11.347118,18.04536,13.795364,17.041508,9.700244,23.397364,13.294108,12.556788,24.161684,15.39559,25.541449,28.319668,17.977217,16.544193,16.945032,8.466121,5.6282616,28.382977,24.669634,29.620703,18.347641,11.505163,12.259627,9.1072235,23.1951,26.659348,24.534008,13.4713745,11.341263,19.703983
2003,18.374395,32.49576,22.120518,3.328971,32.057064,3.474254,23.350077,12.81056,6.374201,5.4123187,17.780804,12.421944,12.073086,21.560759,12.648956,24.136164,34.10003,18.070421,24.233917,21.913506,16.786947,12.431791,30.53172,25.481237,24.63503,15.183756,5.4650965,11.135466,21.274084,19.329184,29.47929,26.541101,17.854649,9.703472,21.560793
2004,27.825356,25.064312,26.682343,20.27718,25.226572,24.498594,16.800621,9.30877,28.4036,15.183255,9.607567,19.924707,7.4357433,17.303146,24.304668,31.3304,17.31327,20.085272,10.122614,17.668303,9.7739,9.089244,24.052202,17.823177,15.110388,10.703933,25.455812,11.024195,11.930153,5.1339555,22.600342,22.467974,8.922335,11.023199,19.66858
2005,21.3043,31.451586,23.148088,5.4272738,21.663519,3.9762185,20.8855,14.24445,7.3265653,7.1133685,23.862608,11.788389,13.654388,24.876364,10.394671,20.226568,33.585953,18.90886,22.465527,18.708113,12.299317,8.606739,29.843508,28.608948,28.507969,19.743681,4.545519,11.838413,13.521959,26.027378,28.344723,25.967148,17.428524,11.306831,21.30072
2006,20.998768,31.798122,23.16381,6.156978,28.34252,6.6048326,21.653341,12.845503,10.575042,7.2600245,19.891844,12.857826,12.275015,22.32605,13.875752,24.861368,31.998165,18.2164,21.302315,20.52423,14.040121,10.3391485,29.922663,25.068907,26.09424,16.051825,7.8774753,11.093325,16.424934,20.07978,28.632517,25.88784,15.735264,10.250105,20.945295
2007,20.445873,31.59211,22.68727,5.027495,25.77524,5.0406294,21.30698,13.406647,8.644697,6.978711,21.306461,12.175759,12.778756,23.40215,12.068263,22.655144,33.002937,18.202723,22.155638,19.59126,13.433473,9.69793,29.778933,26.5518,27.241716,17.630896,6.1064615,11.517527,15.7800045,22.840786,28.409605,25.810139,16.887165,10.461151,20.964727
2008,22.72762,27.919855,23.652552,12.6236725,27.560116,18.879787,20.566916,10.099798,23.03753,17.292381,12.164553,20.322695,8.539258,16.858532,25.365211,31.81045,17.746655,18.244879,13.922989,21.93722,13.626323,10.977143,26.529467,16.03444,14.332733,9.971122,21.868853,11.300403,17.524633,5.953408,25.13065,24.339674,10.645405,9.7409115,20.998535
2009,18.558361,32.817085,22.458578,4.1877947,33.37041,4.083377,24.054195,12.824335,6.9507203,5.129707,16.306816,13.146091,11.606595,20.998634,13.792746,25.634604,33.932602,18.37834,24.791113,22.796366,18.193134,13.747596,30.736158,24.81836,23.306164,14.308458,6.390707,10.95994,23.215723,17.74681,29.805235,26.77885,18.224667,9.616267,21.859308
2010,23.024866,30.113949,23.533123,8.874292,22.442196,10.016984,19.14126,12.864299,14.907501,9.129708,21.382185,13.156334,12.123188,22.822693,14.9761095,25.008886,28.699978,18.008814,17.758953,18.280983,10.501954,7.6077027,28.366232,24.254028,27.301342,16.968966,10.491114,11.376062,11.104512,20.939747,26.853355,24.583073,13.547039,10.772728,19.924776
2011,18.8915,31.793205,21.975058,4.038964,28.863714,4.595748,22.29045,12.969615,7.898351,6.571162,18.941858,12.508404,12.054131,22.081482,12.931366,23.81526,32.88643,17.805666,23.078644,20.783894,15.289682,11.292815,29.826033,25.167446,25.328552,15.90811,6.3663163,11.288473,19.112919,20.465195,28.651644,25.914268,17.347048,9.7544,21.080679
2012,18.849766,30.47166,22.294476,8.562283,33.342693,7.959545,24.04339,11.202943,10.9431925,7.828799,11.611246,15.724328,9.071705,16.822601,18.663246,28.688927,26.618753,18.215303,21.993301,23.985699,20.068718,15.964327,28.459892,19.06858,15.763357,9.835244,11.308367,9.470234,24.107056,9.725218,27.97227,25.238792,15.376108,8.877375,21.231194
2013,24.85401,29.454597,26.124622,13.484581,28.06581,7.3800125,21.270197,11.602911,9.354006,5.3898745,16.061039,13.120543,11.461173,20.114742,12.6408825,22.611322,28.713158,21.397598,19.801392,20.394022,15.394084,11.823808,28.585608,26.632404,21.212988,14.6574955,7.136112,9.948735,13.358089,15.498533,27.84812,25.503395,13.767374,12.860414,21.486902
2014,25.211628,28.454376,24.167767,11.890406,19.923025,17.828054,16.560242,12.328894,23.905783,13.049668,19.353842,15.746429,10.646666,22.343704,19.78163,29.268785,23.933887,17.50118,13.017802,16.253841,7.2279673,5.328878,26.656744,21.330982,26.896643,16.240881,18.349276,12.593671,8.945048,17.917042,24.838806,23.35205,11.552949,10.700161,18.939974
2015,21.356262,31.705223,24.48163,8.538073,32.551556,4.82003,23.797745,12.368433,6.745465,4.3655276,15.074946,13.444566,11.488604,20.28558,13.146445,24.291418,32.315342,20.314398,23.900965,22.773928,18.50953,14.258203,30.156025,26.128094,21.28556,14.266785,6.1456943,10.318527,20.5539,16.050468,29.445818,26.680696,17.002642,11.206388,22.30998
2016,27.97353,26.01826,27.938787,23.03655,30.565788,16.74917,19.96163,9.060727,18.808384,6.817395,6.9273906,16.538132,7.030183,15.581275,19.046791,28.26511,22.414238,22.18679,16.137463,19.752192,16.83051,15.240014,25.162287,20.621649,12.259883,8.935423,17.293646,7.981248,15.6401825,4.794283,24.891659,23.03467,10.986279,11.729996,20.139584
2017,24.117414,29.249237,25.198587,13.410847,29.00757,11.16712,20.910137,11.150103,14.514629,7.25676,14.468079,14.743815,10.294507,18.89249,16.730202,26.789669,26.46202,19.813498,18.059591,20.68852,15.147169,12.084814,27.895893,22.359365,19.493097,12.406407,11.983195,9.633883,15.478803,12.175492,26.992289,24.716438,12.654749,11.093532,20.619267
2018,20.89632,30.705666,22.763573,6.7915144,26.348543,6.90656,20.838806,12.660044,10.713034,7.310833,19.400648,12.681412,11.873981,22.001986,13.566476,24.033922,30.816502,17.99084,20.690483,19.612148,13.489007,10.045924,28.894432,24.650743,25.473026,16.038631,8.005072,10.936155,15.441148,20.026114,27.651049,25.084335,15.485881,10.208949,20.416483
2019,27.450472,25.018236,26.58194,21.25186,27.18272,23.802517,18.112076,8.657369,27.308088,15.03898,8.196762,20.368483,6.6630154,15.551551,25.25119,31.757435,16.48163,20.156786,11.04012,19.390396,11.949103,11.137986,24.047302,16.249321,11.7284355,8.732586,25.572344,9.618601,13.937842,2.5759003,22.884422,22.416924,8.308502,10.542483,19.843016
2020,23.1347,30.522255,24.45446,9.110453,25.146101,6.3459425,20.613705,12.802949,9.502134,6.4167542,20.224417,12.260742,12.578231,22.610168,11.859842,22.173368,31.060211,19.641794,20.41697,19.16964,13.125742,9.57308,29.207342,27.200016,25.89074,17.168364,6.4199853,10.984684,12.767547,20.87566,28.007475,25.558533,15.126604,11.881556,20.983664
2021,29.170723,27.562819,28.72244,21.317236,29.315159,14.529049,19.798433,9.797037,17.311218,7.7816806,12.913294,15.338379,9.632547,17.450317,17.310574,26.630117,22.948505,22.47871,14.734949,19.89905,14.569162,12.202071,26.978682,22.876442,16.949009,11.315561,14.099115,8.678607,10.05141,8.417439,26.44443,24.266165,9.322575,13.148234,20.643147
2022,21.486181,30.39402,23.094282,7.427772,23.880945,6.1312103,20.565336,12.992379,9.668939,7.557078,20.902216,12.414558,12.314932,22.631466,12.490802,22.275156,30.702524,18.527622,20.693005,19.17596,12.82732,9.429791,28.73721,25.779999,25.94004,17.215372,6.9498453,10.942499,13.535037,21.715525,27.470821,25.04712,15.471527,10.797955,20.611727
2023,19.45733,32.20857,22.748747,4.129181,28.492992,2.68418,22.837229,13.502441,5.141844,5.1673465,19.582651,11.985294,12.7570305,22.936897,10.861777,21.777376,34.73357,18.925043,24.66065,20.838049,15.86409,11.636669,30.465918,27.72261,25.868881,17.24214,4.0180163,11.5024805,19.038414,22.269703,29.362648,26.61438,18.540358,10.669895,21.839434
2024,20.365677,31.262638,22.639297,4.8173676,22.965271,3.362118,21.191534,13.935653,6.375566,6.5394807,22.519949,11.668394,13.27199,24.100513,10.273367,20.198404,33.503548,18.660112,22.926443,19.05118,13.145278,9.330769,29.626856,28.059193,27.447294,18.924788,4.1630626,11.641939,14.936044,24.905127,28.256227,25.826977,17.663416,10.968721,21.217283
2025,26.98497,30.263536,26.771152,14.264599,25.333483,11.055217,19.513792,12.26085,15.378886,7.30421,20.029985,13.210039,12.057346,22.079174,14.638818,25.456888,28.828156,20.487839,17.054134,18.70329,11.630706,8.772914,29.02424,25.824175,25.946934,16.041098,10.619272,10.447118,9.314317,18.359617,27.861496,25.219337,12.101152,12.531269,20.497458
2026,22.156105,24.076004,22.422985,12.368926,18.508358,29.104996,16.58894,10.398034,32.520912,24.325294,8.089338,25.818243,7.5584884,18.005733,30.88968,34.033924,9.870892,18.215704,7.8363757,19.169958,7.133013,5.3692565,22.956924,14.58979,12.853971,11.480396,31.635885,16.520046,17.9313,3.0358815,20.247364,23.45605,10.95067,10.728128,21.871473
2027,23.472984,30.50509,23.62868,9.015813,21.016325,11.9795885,18.761759,13.355894,17.716066,9.952674,21.817616,13.866418,12.155907,23.385021,16.710133,27.08172,28.127659,17.773163,16.835945,18.17233,9.484545,6.675396,28.591757,23.622097,28.45354,17.13127,12.495171,12.102341,11.136005,21.16528,26.879696,24.767578,13.310547,10.816621,19.943045
2028,17.992865,31.518913,22.324402,6.9816217,34.538155,4.533588,25.292858,11.972901,6.470357,4.8255844,11.352461,14.7115555,9.65989,17.61939,16.060644,27.06423,30.1927,18.931131,25.162727,24.61846,21.867943,17.108046,29.50694,21.762245,16.708374,10.855306,7.808952,9.783312,26.84789,11.848166,29.162022,26.200226,17.894741,9.430858,22.0786
2029,21.418755,27.84481,22.257236,9.591518,26.466413,16.355108,18.81584,10.661293,21.07221,13.602774,13.837536,17.042353,9.049561,18.792421,21.12682,29.608587,22.356476,16.64246,14.992438,19.052132,11.705784,9.438886,26.026918,18.047932,19.7607,12.273856,18.403828,11.372471,15.969393,11.289433,24.519909,23.197426,12.301622,8.826948,19.290716
2030,19.716553,31.851612,22.980146,5.4115353,30.86857,3.9249904,23.009321,12.698332,6.42621,4.982036,17.218618,12.524984,11.991598,21.358122,12.2692995,23.466852,33.238495,18.917124,23.726475,21.60647,16.711563,12.453795,30.147608,26.116962,23.832043,15.287946,5.3868513,10.9195,19.953531,18.786127,29.17071,26.40143,17.393883,10.538399,21.671667
2031,23.411654,24.392803,23.617374,14.628162,19.70624,29.03314,16.974981,10.479439,32.409115,22.690016,7.5797124,25.446074,7.4749646,17.947052,30.450665,34.306335,10.90921,19.183458,8.422556,19.505032,7.9873943,6.4567566,23.203045,15.248402,12.805972,11.32415,31.282751,15.902434,17.681131,2.8405604,20.690298,23.616165,10.912421,10.953047,22.07311
2032,19.657253,31.85421,22.832396,5.8860173,31.13719,5.346349,23.074648,12.566201,8.322768,5.970159,16.62633,13.304264,11.517646,20.853966,14.039976,25.197298,32.074783,18.579285,23.130161,22.00688,16.93223,12.784505,29.976698,24.542507,23.01348,14.396799,7.203235,10.812991,20.658575,17.399643,28.988943,26.228146,16.944271,10.086036,21.52736
2033,22.797886,26.795715,23.854465,15.375934,30.113747,15.710652,20.45115,9.405816,19.141535,10.6507845,8.867389,17.28615,7.158937,15.257465,21.423664,29.81111,20.962814,18.46132,16.28908,20.808361,16.270075,14.12669,25.230585,16.504889,12.893185,8.509385,18.219437,8.627001,18.453672,5.4591465,24.609772,22.702095,11.468899,8.986351,19.45434
2034,19.851175,31.599304,23.574635,8.288593,33.9646,4.4088335,24.767813,12.12159,6.260203,3.8698182,12.601854,14.015555,10.375723,18.5882,14.509335,25.844805,31.365961,19.777262,24.830284,23.975954,20.851305,16.267752,29.798208,23.864227,18.426445,12.228178,6.706053,9.690809,24.121819,13.387538,29.375153,26.384203,17.505234,10.329839,22.177507
2035,26.078173,28.413319,27.0207,18.90416,31.50038,12.611351,21.712597,10.336042,15.044156,5.1134763,9.670958,15.480521,8.5161,16.780825,17.698719,28.155489,25.56287,21.642733,18.806965,21.510202,18.217735,15.5164,27.197414,21.726433,14.975408,9.982744,13.474293,8.321067,17.707472,7.8158607,26.888716,24.42094,12.591912,11.553341,20.881788
2036,22.409098,31.223185,23.515982,6.9015617,16.046215,4.3621316,20.26914,15.282478,8.176608,7.7779593,26.231976,12.041529,14.001151,25.900206,10.532229,19.688898,32.769264,19.278227,21.90481,18.03377,10.899215,7.339228,29.605524,28.95996,29.406761,21.172712,4.853346,11.993448,11.400611,28.411226,28.010279,25.798418,17.31171,11.8910885,21.35954
2037,22.318872,31.177132,24.088839,8.5058365,28.39638,7.4122505,21.521938,12.430411,11.072973,7.0057125,18.785112,13.196262,11.999264,21.498383,14.150924,24.874084,30.607435,19.009092,20.432854,20.70727,14.289085,10.676805,29.5422,24.940557,24.549072,15.369333,8.333183,10.601227,15.383587,18.201704,28.37268,25.739502,14.699116,10.88418,21.041483
2038,21.574297,27.309147,22.476143,11.198584,28.169847,19.013674,19.358942,9.9883,23.609894,15.5277605,11.058872,19.177544,7.838027,16.964752,24.300716,31.953474,19.570332,16.748615,14.176315,20.15732,12.953973,10.865966,25.481226,15.433161,15.813423,10.130657,22.001062,11.036294,18.115694,6.9228263,24.089449,23.014519,11.597551,8.30818,19.506525
2039,18.275175,31.531,22.599358,8.24513,35.532063,5.21002,25.8913,11.729163,7.243253,4.8593645,9.911064,15.423796,9.004617,16.568739,17.50668,28.601603,29.022394,19.16621,25.147957,25.523306,23.216644,18.30979,29.474915,20.510609,14.84981,9.53696,8.859728,9.371326,28.073097,9.663071,29.32565,26.2282,17.551325,9.395618,22.205786
2040,18.801954,32.49342,22.398586,4.2653856,32.32936,4.4262853,23.46573,12.7688465,7.4699388,5.42642,16.911104,12.948061,11.717138,21.196033,13.602344,25.279606,33.550213,18.194569,24.053143,22.178556,17.278503,12.958818,30.472677,24.821217,23.83969,14.590003,6.5051017,10.992064,21.930647,18.182108,29.463507,26.508472,17.7519,9.681177,21.562788
2041,26.819748,24.521893,25.651539,18.884184,24.75002,26.2556,16.064795,9.084028,30.586327,17.171762,9.339663,20.711958,7.061126,17.182623,25.724415,32.204147,16.015451,18.958536,8.993093,17.197296,8.501198,8.155292,23.315855,16.266712,15.070594,10.635941,27.647654,11.493189,12.066224,4.605181,21.630009,21.878414,8.690098,10.088383,19.205095
2042,22.927078,31.118814,23.396328,7.93697,15.938597,7.626442,19.384771,15.014029,12.900873,8.85814,25.609594,12.747757,13.307865,25.386889,13.458178,23.25494,30.82819,18.398054,19.581467,17.90497,9.57734,6.3971677,29.202433,26.478558,30.045269,20.05605,8.288882,12.111723,10.703498,26.699308,27.489748,25.273209,15.629012,11.382433,20.626907
2043,18.18086,31.456406,22.563316,8.819429,35.83748,5.6488867,26.204817,11.630571,7.7121654,4.9434257,8.864258,15.896943,8.516399,15.960177,18.423122,29.516794,28.28924,19.192404,25.251137,25.958178,24.03203,19.06252,29.348585,19.647272,13.645387,8.737663,9.600206,9.207829,29.178345,8.438071,29.309332,26.177267,17.572163,9.286299,22.24148
2044,25.214718,27.643208,25.110546,15.029306,32.08658,22.568695,19.619116,8.914015,27.610903,19.367235,12.06999,20.559998,7.8421144,16.651724,26.68954,33.387844,17.50861,17.935991,12.1941395,20.848372,12.943029,11.443633,25.987762,15.276974,15.562187,10.315483,25.369688,10.491766,13.32413,5.2421517,24.687109,23.319782,9.042777,8.602217,19.8846
2045,21.937813,30.538303,22.909082,7.1059313,20.360521,6.809656,19.657373,13.681644,11.342239,8.617309,23.760101,12.262297,12.852974,23.93056,12.737116,22.340883,30.71994,17.98031,19.720581,18.175344,10.718884,7.5613575,28.750761,25.811626,28.25435,18.591759,7.551692,11.305717,11.293986,24.34992,27.230467,24.826523,15.08701,10.707639,20.216944
2046,18.325304,31.581474,22.901798,10.208809,36.8088,6.0383263,27.118196,11.5252495,8.068494,5.263016,7.500531,16.712334,7.8276815,14.934306,19.870699,30.813232,27.196476,19.62505,25.70277,27.01279,25.706623,20.612282,29.40943,18.463734,11.60293,7.463998,10.580189,8.758347,30.670746,6.502591,29.645658,26.332396,17.512896,9.285577,22.568518
2047,18.189383,31.558533,22.642399,9.184406,36.24546,5.857459,26.544302,11.59823,7.955622,5.118221,8.392455,16.24683,8.281595,15.598958,19.06112,30.1453,27.864609,19.293005,25.36536,26.384705,24.6184,19.574808,29.415022,19.12956,12.935836,8.241254,10.041798,9.099843,29.833437,7.6706033,29.458288,26.265732,17.541325,9.262829,22.365946
2048,18.13459,32.07056,21.824255,3.450044,31.079256,3.574937,23.103743,12.785709,6.4119806,5.58915,17.515745,12.447677,11.8448515,21.399277,12.689187,23.905706,33.498497,17.923939,24.101974,21.617083,16.690777,12.404418,30.109798,25.149046,24.243237,15.108704,5.6037703,11.126326,21.210436,19.292183,29.083164,26.230993,17.890915,9.639219,21.380232
2049,21.826754,27.821835,24.023388,15.796171,32.436554,12.400824,22.860636,9.757053,15.003558,7.965981,7.116736,16.951548,6.791303,14.309937,20.704239,29.79342,22.52835,19.484083,19.645283,23.03748,20.34386,17.434921,26.165129,16.9115,10.680058,7.2749,15.49115,7.8940616,22.66349,4.558846,26.065248,23.611534,13.15493,9.192232,20.454494
2050,31.873436,26.511438,31.109367,27.734156,31.744923,14.867517,20.199072,9.139242,16.439337,2.8718495,7.8585577,14.617771,7.937058,16.326378,15.721809,26.252317,24.97554,24.86497,16.755985,19.615767,17.644287,16.03589,26.107033,24.67731,13.868344,10.047879,13.564938,6.9821296,11.6672,6.194867,26.199312,23.717949,10.315991,13.88036,20.667952
2051,27.254318,29.00037,27.020157,16.136251,25.746664,11.551976,19.272917,11.51429,15.158719,6.691772,17.465586,13.411687,11.240332,20.650064,14.629582,25.01161,27.189629,21.003328,16.489866,18.556515,12.382783,9.66874,28.022379,25.23922,23.15441,14.698146,10.929681,9.95705,9.649705,15.63034,27.061016,24.664276,11.573853,12.783583,20.346094
2052,18.559324,32.545494,22.18985,3.510455,31.881762,3.7947123,23.25242,12.892196,6.82034,5.2199006,17.619984,12.45669,12.011192,21.67438,12.791355,24.506763,34.227787,18.05109,24.220676,21.767626,16.75238,12.4232435,30.558998,25.482944,24.810448,15.198992,5.7280073,11.190838,21.442766,19.368742,29.490387,26.53423,17.97855,9.737275,21.493055
2053,21.893764,30.901321,24.683147,10.2638035,31.68824,6.234664,23.564646,11.921415,8.264891,5.6931477,14.463682,14.292797,10.9869,19.194946,14.615685,24.909433,29.606213,20.460566,22.395563,22.964764,18.471985,14.335114,29.470339,24.495407,19.208292,13.115751,7.729222,9.887331,19.670439,13.774159,28.813019,26.250185,15.607793,11.252053,22.179468
2054,25.980648,27.034893,27.05365,21.214945,32.243114,12.978709,21.786985,9.485783,14.74488,4.7117257,6.65225,15.663509,7.103548,14.949337,18.020086,27.897352,23.907827,22.01399,18.911602,21.409594,19.778496,17.389715,25.93347,20.46339,11.556793,8.227587,14.15052,7.426501,18.700514,5.089996,26.027712,23.555828,12.382929,11.299671,20.541697
2055,25.30884,28.505579,26.542292,17.067938,31.289394,9.602741,21.778454,10.583075,11.452911,3.079516,10.1720085,14.134638,9.160116,17.305462,14.863045,25.824192,27.444242,21.58407,20.11102,21.30908,18.50447,15.3373,27.383318,23.641912,16.128548,11.150311,9.948225,8.333054,17.637411,9.671285,27.084692,24.531773,13.681382,11.898432,20.910093
2056,18.041454,32.702564,21.955544,3.0061817,32.443493,3.3489816,23.589354,12.909239,6.2670045,5.1555195,17.376772,12.477413,11.947927,21.529598,12.815899,24.541517,34.445404,17.970903,24.699362,22.09219,17.224798,12.797242,30.665983,25.356018,24.538492,15.012863,5.506794,11.201626,22.299788,19.249998,29.639051,26.641075,18.301008,9.563047,21.606623
2057,19.841805,30.190369,22.297981,7.074798,28.968157,7.304385,21.534487,11.899511,10.64334,7.0811057,16.035038,13.441742,10.799458,19.995388,14.896403,25.254698,29.285814,17.83082,20.812496,20.66127,15.436029,11.833079,28.378492,22.685986,22.015575,13.656612,8.973276,10.458874,18.437168,16.05975,27.367798,24.86066,15.341314,9.697157,20.418201
2058,23.216206,26.172722,23.59459,14.124718,26.469694,22.04668,18.42748,9.872026,26.125109,15.864662,9.167728,20.379519,7.3296223,17.0453,25.19731,32.320953,18.20147,17.922907,12.845797,19.363836,11.838345,10.328342,24.568722,15.851488,14.617216,10.174375,24.540737,11.588576,17.714499,5.517904,23.027878,22.80674,11.35537,9.133896,19.85404
2059,27.857899,27.39834,27.666801,19.592226,28.384155,12.810025,19.583979,10.03797,15.518816,6.349231,13.151906,14.353474,9.768927,17.70401,15.876445,25.49067,24.109745,21.769901,15.533584,19.459227,14.431832,11.956302,26.707693,23.199556,17.66716,11.7206545,12.330183,8.587388,10.638489,9.789708,26.143993,23.923569,10.074759,12.755663,20.245108
2060,19.234095,31.515614,22.1487,3.9318814,25.951479,2.8298118,21.904715,13.552312,5.6197186,5.5348063,20.462523,11.636014,12.737345,23.101631,10.578376,21.13217,33.975384,18.316431,23.764816,19.862453,14.610376,10.571645,29.76613,27.250868,26.287457,17.579958,4.0461583,11.40919,17.621517,23.094986,28.558603,25.924074,18.09205,10.445519,21.203226
2061,19.014519,31.745659,23.299683,9.021932,35.69619,4.56104,26.148842,11.961509,6.215101,3.8351417,9.83925,15.170452,9.223588,16.914837,16.593262,27.948484,30.049301,19.88194,25.958248,25.543665,23.702316,18.729923,29.780355,21.839249,15.224483,10.158394,7.9534597,9.344463,27.907629,10.41741,29.72484,26.533588,18.134138,9.962805,22.538858
2062,25.347544,26.276016,24.903753,15.498613,25.241348,25.822128,18.250948,9.622692,30.071796,20.876352,10.654514,22.895887,7.7685194,17.537632,28.38273,33.614174,15.009963,18.773314,10.332244,19.858343,9.974919,8.527199,25.190115,15.81457,14.098302,10.692207,28.437675,12.7919,15.484408,4.4144707,23.239689,23.764256,9.630051,10.352876,20.925234
2063,18.464157,30.630291,22.722933,11.535848,35.57705,7.6905537,26.611094,11.050514,9.998449,7.015776,7.0480123,17.381384,7.121062,13.94481,21.335224,31.291346,24.620258,19.319105,24.207972,26.7717,25.132067,20.437296,28.501387,16.528782,9.853142,6.429489,12.532239,8.255243,29.643087,4.7939696,28.776937,25.60273,16.166628,8.851708,22.099045
2064,22.362656,30.903603,22.646538,7.136655,10.507776,6.4405937,18.788702,16.25904,11.959696,8.460727,27.513613,12.311317,13.590351,26.794226,12.333204,21.905184,31.555359,18.109732,20.305937,16.699186,8.60744,5.324889,28.870419,27.410282,31.504896,21.885479,7.1340528,12.638797,10.487365,30.239443,27.024666,24.986345,17.152412,11.553085,20.459276
2065,21.260332,28.65775,22.255272,9.195287,27.894749,14.605053,19.637049,10.539194,19.81093,14.212858,16.008303,16.275686,9.555468,18.67858,20.809673,29.156887,22.64616,16.409542,15.4591675,20.030964,12.375993,9.974892,26.719294,17.78984,20.500996,12.341398,16.881907,10.571148,14.311973,12.268232,25.384703,23.410242,11.4225,8.392615,19.282484
2066,18.957512,30.998388,22.671482,7.8929844,33.383034,5.261997,24.343752,11.8432,7.4194217,4.5227942,11.772565,14.327974,9.77083,17.879738,15.563337,26.66683,29.962032,18.928743,24.07793,23.682829,20.668232,16.194416,29.0847,22.094103,17.430578,11.276341,7.927853,9.614147,24.79449,12.192726,28.648405,25.751831,17.1504,9.658209,21.603624
2067,22.411098,31.24754,24.595982,9.204382,29.87961,6.392459,22.364735,12.386015,9.154739,5.425562,16.869469,13.255925,11.791285,21.001356,13.413539,24.421183,31.315306,19.90116,21.82501,21.476404,16.095797,12.208742,29.744997,25.889866,23.028008,14.992409,7.2058067,10.442236,17.312214,17.133062,28.768044,26.156342,15.645756,11.380569,21.646059
2068,23.959713,24.90173,23.834627,14.391647,20.058212,29.218544,16.73627,10.556728,33.10303,22.459524,8.7268505,25.019358,7.694405,18.5071,30.255804,34.627308,12.192994,18.854254,8.356805,19.00711,7.3450403,5.986107,23.67349,15.493167,14.178873,11.629372,31.438507,15.66719,17.061617,3.8738322,21.096684,23.646076,10.724405,10.804151,21.687346
2069,22.050419,29.000097,23.376032,9.90105,26.712885,11.734914,20.124834,11.470061,15.4102545,9.4641,15.297998,15.115028,10.505532,19.59684,17.41532,26.86864,25.369364,18.3706,17.383772,19.959536,13.483511,10.303004,27.484735,21.613419,21.0294,13.289774,12.785421,11.116701,15.709126,13.593223,26.234753,24.477879,13.234091,10.499846,20.362284
2070,21.905582,30.939182,22.670685,6.34695,9.805277,4.2915173,19.3902,16.572758,8.765565,8.2113085,28.366747,12.022646,14.189798,27.218285,10.506793,19.262075,32.53547,18.742376,21.75676,16.870361,9.237523,5.7366476,29.116512,28.996632,30.952444,22.785448,4.953884,12.674347,10.783842,31.590784,27.311716,25.387793,18.202719,11.870777,21.087767
2071,20.45126,31.875666,23.118528,5.929632,29.14403,5.39476,22.328678,12.919925,8.655802,6.125286,18.565744,12.786213,12.123109,22.016945,13.151438,24.28894,32.67014,18.641575,22.635056,21.001617,15.404641,11.4194975,30.071844,25.693632,25.046907,15.799013,6.75489,11.1055565,18.370707,19.650661,28.921324,26.194275,16.794552,10.478338,21.36227
2072,17.350101,31.641956,21.821186,6.0914383,34.68058,4.6809235,25.25516,12.011869,6.8583865,5.1693525,11.416245,14.772333,9.600048,17.695366,16.443378,27.533794,30.278303,18.432878,25.17978,24.589281,21.739944,16.994568,29.506618,21.259695,16.963596,10.751344,8.176422,9.956017,27.496042,11.960484,29.09651,26.136593,18.093445,9.013083,21.927324
2073,27.28679,27.348553,28.174221,22.84772,33.04429,13.047862,22.049067,9.550182,14.682893,3.842393,6.5308647,15.5460825,7.192564,15.19715,17.634003,27.956427,24.801966,22.923903,19.305786,21.523188,20.283566,17.954754,26.321424,21.51373,11.776097,8.453154,13.9140835,7.222165,18.356413,5.20224,26.511297,23.889832,12.505135,11.859564,20.855793
2074,19.134056,32.19471,22.585163,4.0104938,29.33793,2.6488614,23.000834,13.339113,5.057409,4.882355,18.813921,12.013924,12.518852,22.528034,11.06515,22.149256,34.69204,18.79548,24.797098,21.087322,16.289757,12.01757,30.415926,27.325132,25.3657,16.722027,4.11717,11.379491,19.833055,21.526766,29.36661,26.57098,18.564632,10.495434,21.787346
2075,30.157936,27.587713,30.35439,25.331867,32.72262,12.826348,21.944519,9.702692,13.802471,2.819346,7.2767844,15.26222,8.168244,16.250416,16.050941,26.571129,25.520533,24.889126,19.184729,21.527323,19.900383,17.420986,27.029833,24.855068,13.098589,10.118797,12.335327,7.5322433,15.391059,6.316048,27.20872,24.742352,12.229709,13.982412,21.745329
2076,20.761051,31.332253,23.11789,5.9536095,25.33686,3.9842043,21.684069,13.466713,6.875521,5.9578795,20.558043,12.045134,12.741602,23.0826,11.138744,21.523272,33.018433,18.996035,22.888752,19.893923,14.286996,10.383353,29.717436,27.406845,26.101126,17.629383,4.862899,11.270655,16.077682,22.566233,28.512102,25.965406,17.236582,11.084173,21.360685
2077,21.584251,30.608435,23.003899,7.859218,26.946192,9.1935005,20.593443,12.157642,13.874462,9.427177,19.655067,13.565872,11.549648,21.280014,15.919642,25.969343,28.69557,17.60972,18.82297,20.020363,12.765577,9.666085,28.72066,22.625328,24.883354,15.049977,10.598953,10.628543,14.100415,18.197977,27.429234,24.82628,13.597238,9.751192,20.133926
2078,18.757984,31.468884,22.701075,7.8862615,34.316856,5.677991,25.030317,11.875997,7.976412,5.2403355,11.434195,15.041611,9.600436,17.534754,16.87229,27.927546,29.466469,18.99269,24.30412,24.588234,21.479654,16.841919,29.465631,21.289293,16.655136,10.619425,8.827333,9.710608,26.097174,11.207104,29.07318,26.130592,17.183023,9.515876,21.970856
2079,18.45778,31.15469,22.953396,10.861618,36.349358,5.8193226,26.963598,11.399988,7.672526,4.771787,7.0846734,16.506752,7.6194077,14.565284,19.544388,30.346478,26.885765,19.738256,25.625195,26.779919,25.797054,20.724438,29.07303,18.439081,11.030792,7.240825,10.332268,8.44542,30.36373,6.220022,29.40205,26.066029,17.352446,9.411629,22.396315
2080,24.810556,28.583103,23.52382,10.529297,20.111343,19.069168,15.998607,12.287616,25.837957,14.259422,20.021233,15.953936,10.556869,22.795385,20.609535,30.208738,24.18461,16.384703,12.506699,15.647503,6.156316,4.5564523,26.531507,20.493,28.173872,16.627398,19.883118,12.787674,8.668652,18.64688,24.52298,22.964483,11.5335045,9.822036,18.339596
2081,25.727177,27.824999,27.1991,20.389948,32.68777,10.93042,22.73604,9.985725,12.313254,3.5683274,6.917499,15.381191,7.617309,15.297349,17.000832,27.265291,25.206318,22.511362,20.495087,22.249117,20.984125,18.014463,26.767166,21.786629,11.929079,8.807447,12.11671,7.5835643,19.788855,6.016023,26.947721,24.328257,13.479847,11.874252,21.225332
2082,18.42837,31.693129,22.449987,6.28977,33.674744,4.6403866,24.55754,12.17462,6.882437,5.0829244,13.196842,14.175907,10.403079,18.75137,15.19188,26.306192,31.080887,18.760075,24.52265,23.783123,20.164818,15.604171,29.717482,22.793692,18.8902,12.09703,7.406,10.124497,24.88311,13.710201,29.120184,26.242153,17.632776,9.569959,21.903051
2083,30.53006,25.721745,29.692572,25.672762,29.07375,15.95148,19.070189,9.041368,17.864763,5.8075643,9.114401,15.220185,8.085295,16.101997,16.912203,26.142448,22.082283,23.564806,14.499455,18.796312,15.361784,13.715964,25.371754,22.79993,13.933739,9.92953,15.117857,7.7251496,10.33438,6.009102,25.193224,23.176699,9.1565485,13.49296,20.135712
2084,18.535517,32.161236,22.339207,4.6502166,32.559875,4.100321,23.752234,12.593146,6.7367063,5.2614336,15.931243,13.13889,11.420476,20.548409,13.6316395,25.004957,32.95041,18.404686,24.311436,22.544258,18.037619,13.64252,30.200668,24.52867,22.450224,14.046795,6.3239055,10.773648,22.636963,17.171047,29.310432,26.425354,17.816494,9.714433,21.698374
2085,22.491898,30.719337,22.986193,7.780718,13.550545,7.119418,19.128387,15.402993,12.271115,8.658065,25.728153,12.674692,13.266315,25.58584,13.047202,22.563938,30.479107,18.378529,19.74333,17.55628,9.32974,6.084914,28.806635,26.665382,29.950218,20.508669,7.7642026,12.353791,10.796172,27.476946,27.071405,25.074833,16.13993,11.535571,20.625788
2086,25.072613,28.8249,26.252035,19.041945,35.27011,16.364277,23.404715,8.931703,20.854017,13.813135,10.194558,18.848173,7.0065775,13.998402,24.875025,32.704647,19.49614,19.999546,16.691841,24.601543,19.367357,17.166887,27.162157,14.964521,10.685592,6.9231267,19.850399,7.0074153,17.400404,2.668348,26.979338,24.125467,9.3119135,8.824981,20.805933
2087,23.267385,29.407454,25.989704,16.82743,33.80937,8.590941,24.95007,10.777263,9.69663,4.3546124,7.0734954,16.343197,7.9996724,15.194125,18.06833,28.132662,25.51157,22.143682,22.952724,24.740942,23.373203,19.248247,28.126698,21.317272,11.268421,8.660263,11.017616,8.313954,24.000689,6.1750636,28.35435,25.660133,15.297418,11.680373,22.468622
