ID,C1,C2,C3,C4,C5,C6,C7,C8,C9,C10,C11,C12,C13,C14,C15,C16,C17,C18,C19,C20,C21,C22,C23,C24,C25,C26,C27,C28,C29,C30,C31,C32,C33,C34,C35
0,21.789131,30.688057,22.546347,5.0805473,12.980814,6.9073777,19.31879,14.931781,12.1662445,7.611025,25.840872,13.044828,12.943837,25.78979,12.956471,22.27304,31.666122,18.19035,20.103819,17.391144,9.110209,5.485017,28.708874,26.491043,29.23127,20.35382,6.9842863,12.322321,10.605327,27.602,26.980211,25.084692,15.537919,11.754963,20.533272
1,21.083366,30.475338,22.156515,4.3030953,10.463705,4.6896095,19.390566,15.56243,9.054627,7.208711,27.062765,12.464719,13.509414,26.581533,10.811213,19.369316,32.46215,18.450203,21.477383,17.091305,9.018872,5.409119,28.519249,27.867939,29.537678,21.938396,4.5274477,12.593238,10.660331,29.89483,26.799147,25.025568,16.947529,11.940553,20.712465
2,33.34869,26.003185,32.233746,28.545551,30.919525,15.985367,19.312872,8.155958,17.832666,3.6017144,6.4317102,14.610824,7.7261357,16.939812,16.680372,27.622105,23.92353,25.714062,15.95871,21.44473,15.765832,14.961586,26.066185,26.23433,14.667257,11.805812,12.820597,7.111624,9.677041,5.001704,25.450644,23.613302,10.781175,15.972131,20.582563
3,30.715305,26.469471,30.665905,25.368002,30.7826,11.09798,20.204208,8.740005,11.967777,1.7739129,7.4652886,13.403005,8.405458,17.122284,13.487707,24.351482,25.985016,25.032112,18.905651,21.797985,17.118492,16.176147,26.389008,26.728508,14.960911,12.458984,8.502574,6.6080465,11.741352,6.5138645,25.9015,23.8249,12.480529,15.443078,20.679813
4,18.671326,31.44699,21.95975,5.6135716,31.616226,5.5514607,23.099396,11.546935,9.646164,3.8416185,14.426346,13.893268,10.22528,19.380411,15.207295,26.81322,30.962826,17.251926,24.517618,22.88947,18.350113,16.213202,29.217297,21.06966,21.72625,12.429729,8.322129,8.417328,20.726572,13.184377,28.348753,25.286072,16.244608,9.365728,20.370783
5,30.285866,26.275183,29.639273,23.85084,29.317303,15.036409,19.352228,8.639163,17.76103,6.1291428,9.638176,15.015232,8.265253,16.52716,17.603825,27.468624,22.50781,23.249992,14.920162,20.721815,14.974559,13.215405,25.923653,23.395357,14.708265,10.96814,13.44883,7.6302223,10.331586,6.108154,25.266882,23.327398,9.846282,14.228544,20.090672
6,21.797419,29.565893,23.656908,8.22075,20.264872,3.8523443,20.480255,13.04366,6.260075,3.6466236,19.502325,12.250425,11.980175,22.629045,9.982119,19.572815,31.53319,19.7184,23.126799,19.180729,13.459416,11.137504,28.01886,26.719835,24.603392,18.26528,3.9960663,10.019653,13.531223,21.163534,26.912159,24.784126,16.767532,12.117426,20.633738
7,21.044773,30.803677,22.416441,4.230106,13.222021,4.4436727,19.889544,15.150545,8.592811,6.70024,26.302944,12.541641,13.525119,26.01887,10.779119,19.693604,32.68502,18.541298,22.065435,17.52386,10.054263,6.5176587,28.833199,27.712246,29.111,21.263948,4.5596747,12.1722355,11.4812565,28.466448,27.203001,25.272343,17.002949,11.759165,20.830702
8,31.090265,25.898125,30.220633,25.304405,29.51141,15.29228,18.893774,8.385782,17.658688,4.321741,7.642019,14.371966,7.839753,16.867783,16.718061,27.356195,23.608948,23.894444,15.676033,20.730722,15.005597,13.900017,25.657902,24.652645,15.389095,11.470763,12.827863,7.3650274,10.122341,6.0101476,24.976648,23.074945,10.6133585,14.818243,19.890083
9,23.407827,29.452003,23.954092,9.076438,23.581192,10.392497,18.984022,11.788559,15.584349,6.340559,19.105701,13.459431,11.177356,21.302462,15.1886015,25.789135,28.626019,18.142672,17.928421,17.92418,11.53239,8.741039,27.682186,23.158047,25.43877,15.093779,10.886627,10.167543,10.987256,18.070475,26.446737,24.035643,12.592186,11.098415,19.368883
10,21.955627,30.814766,22.62558,5.0437574,16.166399,8.146753,19.141558,14.2069,13.899646,7.2624245,24.643145,13.123336,12.626391,25.018137,13.856685,23.965395,31.535816,17.695454,19.547642,17.306072,9.414327,5.9157424,28.743988,25.502449,29.470318,19.049461,8.4639015,11.900021,10.656869,25.709906,27.051733,24.921024,14.706138,11.282051,20.093578
11,20.002527,24.668827,21.07115,10.007458,17.655483,27.784142,18.011549,11.1135435,30.497053,23.492239,6.5343733,26.357798,7.4141407,18.255888,31.190716,34.422832,10.23611,17.82761,10.473533,21.396963,8.67941,6.2928214,23.037983,14.7586775,12.538774,11.433901,29.687553,17.083284,21.00291,2.5898745,20.236567,23.804144,13.281278,11.441294,22.602512
12,20.718616,30.547916,22.103691,4.020529,13.003993,4.400948,19.721441,15.0413265,8.562331,6.637858,26.054728,12.434084,13.358787,25.825256,10.745982,19.59095,32.435272,18.296135,21.913982,17.394503,9.93707,6.440129,28.575024,27.39627,28.895638,21.101162,4.543095,12.080902,11.480201,28.272429,26.946337,25.049582,16.902021,11.598669,20.642015
13,25.836485,28.989649,27.205389,15.452786,26.389557,5.7334476,20.994867,11.348039,7.028538,1.5837963,14.051151,12.545361,10.854346,20.6972,10.430032,21.04771,30.851944,22.588568,23.089596,20.825336,16.01399,14.565291,28.063457,27.909157,21.40633,16.356318,4.788722,8.5625515,13.493996,15.27265,27.32323,25.03707,16.041668,13.925831,21.137493
14,23.81829,28.245636,23.73698,10.1103945,22.140114,13.53703,17.901457,11.198123,19.221865,8.630741,18.320318,14.391216,10.473281,20.345955,17.502327,27.227228,25.453068,17.703768,14.990609,17.22889,10.134551,7.2258286,26.594822,21.371841,23.903343,13.945967,13.905079,10.4995775,9.845515,16.185894,25.247406,23.256716,10.802878,10.934307,18.889664
15,21.27273,28.769905,23.542604,12.384212,32.53771,9.539576,22.416689,9.659997,13.396054,6.8321233,11.2341,15.493445,8.398802,15.503351,18.62978,28.517279,24.189003,18.210375,19.34246,23.33874,18.465265,16.155842,27.152218,17.59572,14.234282,8.647127,12.179501,7.126955,18.948277,5.9681835,26.559555,23.851147,12.049218,9.695255,19.872978
16,22.88897,30.107489,22.881227,6.3679233,14.922504,10.100123,18.174017,13.992746,16.304174,8.216331,24.496683,13.331333,12.318372,24.771399,14.850461,24.744062,30.21939,17.601803,17.592854,16.57344,8.189333,4.697227,28.089909,24.84771,29.441385,18.714638,10.107964,12.157423,8.968758,25.512754,26.378168,24.318422,13.469169,11.412987,19.612938
17,20.920055,30.293598,22.017221,4.260804,8.500875,3.9429574,19.344603,15.9755125,7.983647,7.3305707,27.740734,12.28796,13.671994,27.074865,10.086846,18.167175,32.654095,18.634655,21.86648,16.97163,8.721659,5.1179166,28.354176,28.49411,29.587996,22.806574,3.5944734,12.827337,10.497615,31.228363,26.61957,24.950502,17.535698,12.1279545,20.815058
18,20.480808,30.893333,22.121622,3.2564728,8.747765,2.1363795,20.088118,16.419992,5.444398,6.764125,28.589437,12.191441,14.33063,27.80461,8.648932,16.498192,34.09999,19.103073,23.814598,17.25869,9.455255,5.9378552,28.911114,29.872269,30.23212,24.000895,1.9426564,13.031886,11.358225,32.57419,27.19016,25.530113,19.035694,12.219336,21.412968
19,20.919754,30.26389,22.073557,4.471977,10.523998,4.9054766,19.45475,15.404396,9.159235,7.3833566,26.383793,12.67673,13.2666,26.2144,11.181773,19.578346,31.853127,18.48391,21.337446,17.315025,9.209753,5.655087,28.37014,27.496254,28.748163,21.576885,4.811336,12.552279,11.113659,29.030975,26.654928,25.011885,16.874006,11.978243,20.786081
20,25.175774,27.745605,26.02132,14.170089,21.252035,6.0891943,19.486776,11.716183,7.508801,3.1002958,16.071913,12.281668,11.177983,21.136501,9.983024,19.310797,29.057224,21.764748,20.942345,18.717443,13.460528,11.454143,26.925476,27.745312,22.04389,17.091583,4.749903,9.519993,11.050961,17.528465,26.066057,24.190462,15.148856,13.970137,20.539722
21,20.768238,30.918407,22.173841,4.6227283,19.495823,7.482117,20.1523,13.557718,12.828435,6.8924756,22.465014,13.411559,12.148562,23.644098,14.333228,24.547562,30.943892,17.427885,20.653166,18.580528,11.524669,8.162284,28.829632,24.366867,27.305546,17.374004,8.423597,11.159666,13.392933,22.629099,27.29017,25.04903,15.153478,10.754101,20.214567
22,20.672405,31.563923,22.50014,3.1364925,10.7987585,2.2544253,20.633556,16.341421,5.6342216,6.5453296,28.377235,12.424329,14.459485,27.788305,9.00399,17.322567,34.691647,19.274822,24.388388,17.782879,10.203528,6.656162,29.521778,29.968157,30.47195,23.7345,2.2517684,12.931971,12.103201,31.95351,27.815218,26.018415,19.203018,12.192825,21.71285
23,22.078274,29.8476,22.389921,6.063931,19.235825,12.245026,18.336058,12.70036,18.72519,8.368524,20.88149,14.175863,11.206143,22.87968,17.201227,27.602478,28.530905,16.856838,17.074368,17.334742,9.385327,6.254082,27.802776,22.497631,27.655619,16.06695,12.892397,11.688135,11.0403185,20.758274,26.128378,24.13459,12.769328,10.668562,19.32351
24,31.174112,26.216137,30.369715,25.1936,29.635426,15.111807,19.154957,8.541339,17.476828,4.430909,8.030655,14.476902,8.028337,17.059351,16.749352,27.420582,23.84578,24.04728,15.914735,20.92382,15.188489,13.968552,25.969807,24.88638,15.529356,11.609613,12.693184,7.464222,10.351891,6.221806,25.28151,23.361574,10.756747,14.932491,20.12584
25,31.207645,25.20635,30.27854,26.039288,29.011787,14.630557,18.55327,8.12438,16.538012,3.5465915,7.025136,13.834876,7.660815,16.522537,15.697382,26.183065,23.359756,24.143745,15.600425,20.419815,14.944747,13.995216,25.131107,24.981678,14.756584,11.504179,11.812772,7.0042124,9.565894,5.716863,24.520891,22.684149,10.541879,15.04377,19.662458
26,20.703579,31.114258,22.344387,3.4275706,10.408694,2.629098,20.215017,16.131184,6.1017933,6.63152,28.047094,12.316456,14.25208,27.4473,9.130336,17.38116,34.039883,19.076017,23.668354,17.459787,9.839572,6.2963843,29.122505,29.533478,30.15077,23.355925,2.5309253,12.839576,11.607188,31.526876,27.426403,25.660732,18.688225,12.157127,21.402033
27,20.454634,29.964558,23.397802,11.982228,34.934414,9.8926935,24.301687,9.881068,14.072954,8.551857,10.97032,17.049326,8.114771,14.844652,21.139475,30.722504,23.591372,18.057728,20.230957,25.58531,20.585342,18.011822,28.108707,15.908755,12.12812,7.411308,13.795839,7.0662203,22.04208,4.1237574,27.601686,24.69102,12.373115,8.998426,20.70703
28,32.268837,25.976318,31.488167,27.385014,30.31795,14.020274,19.502695,8.377456,15.489562,3.051334,6.9944973,14.015819,7.9339375,16.90201,15.370687,26.156147,24.44854,25.339083,16.8225,21.444784,16.105124,15.180474,25.989128,26.28077,14.562011,11.99641,11.014915,6.864419,10.243533,5.6711826,25.437403,23.4992,11.248851,15.732139,20.472925
29,29.854565,25.868359,29.827868,24.068754,28.036171,9.433105,19.663906,9.060275,9.792025,1.5919116,8.767767,12.747897,8.875544,17.481352,11.72042,21.76898,25.88593,24.716343,18.907242,20.598572,16.242886,15.010269,25.889263,27.431812,15.556913,13.273637,6.6927185,7.0758924,10.629464,8.428356,25.46694,23.511755,12.680308,15.623671,20.481955
30,23.779993,28.57492,23.283598,8.901439,21.87582,19.586134,17.263666,11.3783,26.27083,12.6667795,17.030369,17.284002,9.964978,21.134176,22.326567,31.58961,23.701279,16.84566,13.4368,17.366943,8.43926,5.9174085,26.536968,19.743431,25.285603,14.105331,20.424692,12.491873,10.699838,15.409998,24.70955,23.480646,10.923713,10.384684,19.202845
31,20.26846,30.438171,21.805658,3.3479273,8.396069,2.4009063,19.759169,16.203222,5.8345,6.8737583,28.22002,12.102219,14.024949,27.385744,8.864008,16.604694,33.426495,18.784275,23.183266,17.042763,9.176542,5.6885977,28.477448,29.231956,29.72049,23.577963,2.2289782,12.863144,11.067504,32.077065,26.773108,25.141958,18.55805,12.036518,21.086515
32,20.781046,30.448553,22.055206,3.9165375,9.809096,3.6380239,19.521585,15.77981,7.52241,6.9311733,27.47422,12.248963,13.78556,26.88282,9.810873,18.06208,32.90086,18.632889,22.244747,17.012035,9.146527,5.5802073,28.508896,28.544853,29.656744,22.58826,3.427361,12.688684,10.806365,30.714294,26.804682,25.082384,17.637081,12.02314,20.8629
33,31.986414,26.43037,31.3598,26.998695,31.250977,14.642285,19.929552,8.431322,16.439817,3.5065718,6.6932235,14.521049,7.7456646,16.871468,16.450518,27.430244,24.509756,25.10844,17.052702,22.060001,16.540419,15.66004,26.3045,25.671913,14.453992,11.648737,12.010876,6.9114075,11.21209,5.1732216,25.718454,23.727434,11.37949,15.411565,20.626741
34,20.82161,24.182678,21.37823,10.482067,16.023262,29.69167,17.00173,11.259473,32.464794,24.287977,6.5885763,26.96725,7.4800467,18.81104,31.755718,34.706387,9.572615,18.020515,8.970823,20.422268,6.921848,4.6493335,22.579811,14.903022,13.588478,12.064913,31.306059,18.075642,19.430145,3.15882,19.610456,23.64392,12.702729,11.833063,22.620655
35,21.74488,28.552769,22.470425,7.293608,12.212173,5.8888144,18.687162,13.927068,9.744904,7.2670727,23.779596,12.494386,12.323389,23.68965,11.568948,19.624731,28.756308,18.623772,18.968952,16.94144,9.490604,5.960237,27.029163,25.800764,25.396965,19.04097,5.58328,11.493069,10.040085,24.724457,25.604273,23.959612,14.66294,12.119845,20.019438
36,20.593895,30.963888,22.188517,3.332784,9.149957,2.5412736,20.069738,16.336,5.994577,6.810222,28.35329,12.297714,14.270191,27.731852,9.004588,17.013195,34.009052,19.074177,23.63116,17.309494,9.467938,5.937633,28.982327,29.709633,30.284903,23.76873,2.3482215,13.041085,11.427605,32.20915,27.242851,25.583418,18.865732,12.233065,21.411139
37,21.213226,30.42929,22.277918,4.6260166,11.681645,5.3135796,19.43823,15.199222,9.788181,7.2505903,26.233446,12.684263,13.256413,26.04866,11.459358,20.20626,31.938564,18.423351,21.09598,17.292213,9.302185,5.728765,28.512962,27.319427,28.972893,21.187311,5.2563114,12.39716,10.927228,28.541628,26.812017,25.043756,16.504074,11.896797,20.68761
38,21.173096,31.264948,22.536198,3.8955815,13.425571,4.6204367,20.006535,15.3689375,8.991235,6.6726813,26.703163,12.613764,13.722078,26.514616,10.925177,20.121614,33.382187,18.558796,22.38736,17.585794,10.004605,6.4363813,29.218082,28.058289,30.027082,21.602997,4.7206297,12.387252,11.5936575,29.105307,27.52657,25.545794,17.274824,11.792088,20.970257
39,29.327936,26.885017,29.244429,22.072273,29.197311,11.967916,19.599684,9.196645,13.824147,3.2076643,9.386754,13.659062,8.868947,17.888288,14.442577,25.187721,25.928207,23.477982,18.214052,20.760294,15.633534,14.342959,26.473522,25.796154,17.221786,12.7126665,9.898247,7.6552534,11.570784,8.432947,25.777193,23.743242,12.365218,14.617809,20.278646
40,29.755327,26.146381,29.105118,22.59726,27.989906,13.850706,18.581331,8.85547,16.296654,3.9408183,9.200659,13.776373,8.4440775,17.583195,15.517649,26.156933,24.577847,23.071629,16.227076,19.895662,14.252411,12.913802,25.776917,24.913374,17.236921,12.229725,11.575615,7.841461,10.014009,8.091422,25.015547,23.120829,11.079755,14.526445,19.711178
41,22.94191,29.782568,24.96583,12.081167,28.516092,7.9965267,22.017706,11.166371,10.871847,4.99967,13.45712,14.5329685,10.090459,19.227451,15.240075,25.62331,28.237772,20.190474,22.01891,22.332245,17.037806,14.999371,28.378483,23.236757,19.325762,13.225285,8.938812,8.821072,17.481327,11.903154,27.484789,25.187601,15.115445,11.93478,21.039648
42,21.141645,30.61187,22.365625,4.519325,13.52017,5.294742,19.67375,14.896636,9.722365,6.903485,25.652771,12.699446,13.203065,25.65906,11.530415,20.579556,32.081177,18.360693,21.387215,17.513985,9.895331,6.383504,28.6642,27.09272,28.790253,20.667175,5.414568,12.101279,11.426339,27.578487,27.014378,25.12597,16.470877,11.70953,20.664295
43,24.790644,27.673931,24.433844,11.647329,19.647947,11.695004,17.588928,11.469036,16.637644,7.7612023,19.383017,13.473208,11.018037,20.621454,15.339484,24.636911,25.415592,18.759453,14.761757,16.572521,9.73305,6.4806137,26.381783,22.968388,23.619797,14.727054,11.280762,10.525504,8.26401,17.463835,25.155134,23.237835,10.692129,12.076841,19.063267
44,27.406881,27.761635,27.619207,19.432339,30.641644,15.201438,20.825247,9.238132,19.126368,9.72742,12.216862,16.78069,8.614695,16.010416,20.632456,29.565155,21.367052,21.044327,14.855463,21.826128,15.734764,13.2477045,26.767025,19.809628,13.97773,9.715492,15.955219,8.033984,13.070168,5.892892,26.069677,23.873007,9.490769,12.011425,20.36415
45,29.861893,26.2095,29.547253,23.408863,29.096098,12.243717,19.235914,8.805852,13.924832,2.8846173,8.578534,13.451367,8.484221,17.362696,14.285521,24.944012,25.262714,23.743338,17.545311,20.579868,15.487489,14.333927,25.943146,25.687717,16.312162,12.378569,9.884233,7.2639084,10.815668,7.5957403,25.312277,23.31994,11.800776,14.798679,20.021944
46,21.57619,30.365398,22.69914,6.358175,23.417044,10.292679,19.731388,12.287399,15.971967,6.9454384,19.265718,14.018132,11.1537695,21.922953,16.313456,27.103989,29.331074,17.260178,19.192165,18.78981,12.039618,9.153297,28.30872,22.536072,26.035778,15.126658,11.390769,10.640042,13.482645,18.555994,26.878098,24.550608,13.734452,10.425943,19.69071
47,22.711372,28.117405,22.440983,7.989976,21.02187,18.26725,17.127245,11.306382,24.704966,12.208303,17.031332,16.668318,9.884828,20.8779,21.340517,30.333672,23.612885,16.348164,13.8645525,17.111841,8.529245,6.0233016,26.095043,19.582512,24.854343,14.104578,19.131264,12.153512,10.95216,15.680705,24.306555,23.059727,11.238443,10.073558,18.840677
48,29.198038,26.373926,29.100798,22.753197,29.701855,12.0818405,19.494001,8.78661,13.899111,2.7714586,8.14814,13.5343,8.255987,17.169144,14.615617,25.43549,25.43497,23.357769,17.931664,20.969385,15.890494,14.828491,26.000618,25.080418,16.12963,12.031045,10.066301,7.1167965,11.650986,7.2011456,25.380604,23.315924,11.96141,14.414622,19.969286
49,32.113758,25.307343,31.08539,27.289534,29.77062,15.220773,18.741764,8.022866,16.999529,3.469963,6.4795756,14.078539,7.6034904,16.56754,15.961795,26.57452,23.399446,24.815374,15.671185,20.748898,15.256842,14.447966,25.325829,25.507975,14.494227,11.5874405,12.162381,6.9557085,9.495263,5.2122064,24.719553,22.918922,10.636619,15.431873,19.948774
50,31.64917,25.543726,30.664404,26.325901,30.044619,17.533438,18.720028,8.197155,19.74274,5.3332744,6.1945777,15.563107,7.482374,16.73617,18.166197,28.465902,22.46899,24.231388,14.894279,20.896067,14.684549,13.902984,25.302921,24.243639,14.700627,11.284836,15.125498,7.9171534,10.330114,4.6640916,24.532898,23.041506,10.570008,14.87776,20.132555
51,22.395596,29.826378,22.377275,5.888047,17.71133,12.429126,17.77922,13.014446,19.217363,8.270218,21.88224,13.875588,11.389713,23.586447,16.867413,27.389683,29.079664,16.756088,16.662018,16.641527,8.333624,5.1639,27.73862,22.942677,29.010324,16.831596,12.817966,12.018429,9.777323,22.39416,25.985655,23.989708,12.606096,10.77256,19.126268
52,32.10239,26.04073,31.209406,26.90749,30.310295,15.060246,19.30807,8.330008,17.05107,3.6794918,7.0729694,14.344465,7.7826595,16.87673,16.394754,27.245476,24.045399,24.869678,16.16254,21.306362,15.672692,14.704718,25.94997,25.534441,14.856972,11.667407,12.280911,7.0689316,10.152489,5.544441,25.337275,23.408964,10.822621,15.412633,20.302216
53,22.281631,29.452133,22.300882,6.1174836,16.654795,10.918227,17.72758,13.116092,17.226786,7.7827997,22.536802,13.285223,11.575175,23.579905,15.455079,25.59848,29.19216,16.922705,16.915714,16.380959,8.315563,5.094684,27.443111,23.449146,28.555037,17.28303,11.151577,11.7007675,9.246594,23.146482,25.778315,23.741789,12.748768,10.869907,19.016283
54,20.293797,29.819935,21.861841,4.3147883,12.598858,3.39748,19.574541,14.798646,6.747344,6.029398,25.08654,12.067038,13.156522,25.312456,9.624499,18.063076,32.038467,18.432468,22.354906,17.329445,10.227292,7.0008473,27.974827,27.520828,27.817253,21.112957,3.4190507,11.759996,11.715277,27.703947,26.432627,24.657976,17.2981,11.679217,20.48911
55,23.193233,29.215631,25.034033,10.889371,21.605396,3.4918945,20.720863,12.626008,4.836644,2.407242,17.481823,12.122198,11.778514,22.228132,8.982432,18.662685,31.724506,21.186817,23.978512,19.796085,14.492927,12.725804,27.964752,27.983706,23.46077,18.396072,3.076621,9.564624,13.602205,19.696337,27.018415,24.94901,17.321041,13.097996,21.039064
56,20.66417,31.079697,22.305182,3.4102168,9.707611,2.4593537,20.222692,16.281395,5.882609,6.729355,28.314135,12.321894,14.283776,27.634058,9.017036,17.099335,34.08856,19.14096,23.73922,17.445107,9.702199,6.159871,29.092113,29.694931,30.170742,23.652336,2.3387387,12.942938,11.531416,31.980017,27.383596,25.668276,18.836231,12.2127285,21.469704
57,20.360294,31.339287,22.3342,3.9879165,18.264906,4.385799,20.829727,14.3800535,8.441673,5.6163588,23.603327,12.787945,12.93422,24.727812,11.517272,21.344206,33.045204,18.26107,23.28495,18.859749,12.213731,9.033912,29.253078,26.51525,28.04121,19.472284,5.1719456,11.33293,14.002405,25.152803,27.777483,25.547281,17.217438,11.189636,20.868567
58,20.40908,31.030592,22.175907,3.0446105,8.704625,1.5645983,20.251978,16.555996,4.6494946,6.569319,28.920732,12.101818,14.548789,28.046011,8.122845,15.902006,34.53911,19.248177,24.342415,17.280697,9.616647,6.1109138,29.037334,30.342115,30.452675,24.390741,1.3664674,13.067694,11.487761,33.075115,27.32324,25.648932,19.447548,12.261619,21.543028
59,25.20373,28.903753,25.734528,13.434045,28.125462,12.5719795,19.555508,10.491998,16.852951,5.9235954,13.945914,14.4792595,9.935014,19.501755,16.726831,27.648705,27.20351,19.649107,18.237532,19.751896,13.773274,11.873014,27.447266,22.844196,22.068256,13.178784,12.695314,9.320194,12.881676,12.529564,26.368376,24.077663,12.68123,11.82932,19.743362
60,31.724068,26.282589,31.193213,26.823637,31.011524,13.779096,19.949177,8.427667,15.349123,3.1710227,6.8665733,14.212224,7.8247027,16.73594,15.773967,26.641064,24.55773,25.092714,17.229858,21.963413,16.658268,15.709362,26.2016,25.775124,14.206088,11.666257,11.146602,6.7397146,11.186228,5.270942,25.666302,23.652876,11.400714,15.429136,20.580824
61,20.55446,31.374163,22.460432,3.2012908,10.65147,1.8162923,20.59601,16.311525,4.8707924,6.217692,28.07157,12.270847,14.441028,27.7441,8.4724865,16.697302,34.805897,19.373281,24.733791,17.76194,10.302396,6.8986835,29.36869,30.198555,30.324495,23.914701,1.7472514,12.8501625,12.196942,31.97259,27.680931,25.922974,19.50137,12.253918,21.68952
62,21.089699,30.32251,22.193611,4.5265584,13.006829,5.1484685,19.355835,14.846545,9.6031275,6.7678194,25.827517,12.437035,13.174663,25.615513,11.190132,20.166534,31.99444,18.18403,21.097143,17.137753,9.548219,6.0454884,28.376545,27.026592,28.891745,20.709934,5.194961,12.022892,10.85371,27.879581,26.745144,24.823158,16.266144,11.611464,20.389967
63,19.121445,31.026432,22.47953,7.3506184,32.637558,5.7067914,23.425503,11.119426,9.257127,3.7748928,12.745427,14.18327,9.711479,18.498323,15.47873,26.861008,30.08342,17.856375,24.606407,23.665356,19.290543,17.405603,28.960213,20.793602,19.687857,11.714574,8.418606,7.959059,21.427982,11.13236,28.20357,25.20916,16.194115,9.633931,20.54186
64,20.817814,30.66081,22.148113,3.7985013,10.394042,4.024364,19.634962,15.744124,7.968154,6.9478693,27.096807,12.45428,13.792203,26.93906,10.170768,18.609625,32.98027,18.692265,22.401821,17.19604,9.315972,5.7866454,28.72395,28.584127,29.842451,22.483124,3.8094046,12.802083,11.275437,30.331493,26.97019,25.304464,17.793133,12.107084,21.01326
65,20.496246,29.382118,21.71992,4.9765964,11.893799,5.0962634,19.23243,14.544118,9.131263,7.2134585,24.664816,12.621848,12.595961,24.672586,11.464232,19.691307,30.269148,18.129011,20.505455,17.31702,9.647094,6.220785,27.602985,26.085686,26.722748,20.043455,5.2269053,11.839771,11.315979,26.398438,26.026531,24.407608,15.94461,11.614265,20.320368
66,20.296017,30.451956,22.490778,4.80337,15.882265,2.2696695,20.708754,14.639061,4.835467,4.7375536,23.442741,12.221571,13.083634,24.913351,9.054457,17.936054,33.23564,19.141186,24.412495,18.66315,12.22532,9.463482,28.59975,27.950703,27.141785,20.912998,2.6264868,11.254332,13.676973,26.243584,27.207903,25.269882,18.402044,11.783573,21.076014
67,20.911604,30.685001,22.199703,4.007085,12.036583,4.4968076,19.659765,15.3351345,8.730331,6.8146725,26.560774,12.482658,13.529551,26.336054,10.725364,19.520746,32.70802,18.444767,21.955843,17.310226,9.596108,6.0566645,28.713387,27.83469,29.466457,21.623562,4.483143,12.398605,11.265414,29.140425,27.020845,25.190641,17.121029,11.812907,20.784746
68,28.178959,28.50861,28.504827,19.017536,30.047028,12.116352,20.328209,9.917828,14.887555,4.069819,11.102363,14.256678,9.496207,18.913553,15.584644,26.821775,27.343294,22.543526,19.19756,21.193605,15.771884,14.241426,27.660866,25.31882,19.436346,13.078858,10.921886,8.384505,13.036245,10.003817,26.817183,24.574778,13.111328,13.856895,20.633736
69,20.760044,31.558144,22.55359,3.2585084,10.721555,2.4706857,20.614353,16.342411,5.879425,6.6493015,28.268183,12.511954,14.432307,27.79357,9.182223,17.500805,34.574234,19.323408,24.28693,17.817686,10.166011,6.619614,29.532986,29.949568,30.436403,23.696186,2.4328158,12.992376,12.139458,31.840887,27.810022,26.051056,19.170195,12.268071,21.751686
70,30.070559,25.898262,29.58726,23.846882,28.685425,12.66754,18.970764,8.687161,14.413005,3.1369665,8.504931,13.484788,8.36214,17.154411,14.504885,25.015656,24.692226,23.73468,16.909065,20.363203,15.177333,13.975051,25.6819,25.44184,15.99221,12.17507,10.219755,7.2604866,10.34272,7.335856,25.056246,23.110138,11.36572,14.84107,19.880249
71,21.713522,30.457726,22.396002,5.1781616,13.107567,7.408809,19.128857,14.727021,12.824233,7.7562814,25.345324,13.126597,12.693975,25.451822,13.410722,22.750038,31.15052,17.984068,19.610577,17.330574,8.986741,5.3804226,28.49384,25.950863,28.896797,19.888433,7.5228915,12.249596,10.574796,26.938457,26.760454,24.903063,15.145791,11.651751,20.36173
72,20.757149,30.55878,22.142424,4.000424,11.881293,4.029335,19.733719,15.330573,8.01421,6.723656,26.565521,12.39631,13.549453,26.237835,10.352194,18.956188,32.638817,18.514301,22.158907,17.333973,9.744386,6.2236567,28.612762,27.922308,29.118128,21.699802,4.0367165,12.319925,11.346121,29.141745,26.956442,25.143642,17.267796,11.811285,20.812963
73,32.019527,25.097164,30.893597,26.991875,30.093864,18.9125,18.381987,8.02271,21.002779,5.816376,5.313217,16.200438,7.209153,16.615335,18.863415,28.907274,21.694197,24.382355,14.159037,20.72778,14.178245,13.644839,24.867542,23.922487,14.308924,11.260887,16.537601,8.183504,9.996489,3.939221,24.04042,22.840769,10.331668,14.876892,20.156248
74,30.591608,26.06839,30.043976,24.723974,29.58825,13.589818,19.228598,8.565872,15.493126,3.463695,7.8788695,13.925309,8.123045,16.979525,15.443737,26.1136,24.432636,24.010677,16.748484,20.890099,15.557002,14.421076,25.851551,25.219288,15.48322,11.804024,11.159669,7.189273,10.706686,6.444372,25.22654,23.263494,11.229991,14.915204,20.052874
75,20.620857,30.881432,22.186441,3.5238314,11.10004,3.1717348,20.006823,15.784064,6.8519006,6.623049,27.376274,12.322872,13.957625,26.931211,9.600878,18.01978,33.490917,18.777927,23.103928,17.391123,9.821296,6.2982874,28.89835,28.83433,29.763594,22.6493,3.130814,12.61486,11.579912,30.51336,27.215054,25.428795,18.144995,11.967474,21.128973
76,20.83825,30.887081,22.31178,3.809936,11.010779,3.6952696,19.969606,15.763356,7.5068994,6.847286,27.166477,12.520873,13.86953,26.91879,10.0731,18.528316,33.22855,18.862064,22.80111,17.474356,9.724489,6.1889906,28.936737,28.72285,29.67797,22.512693,3.6017523,12.714133,11.596114,30.22251,27.220121,25.501707,17.973713,12.100583,21.20083
77,20.906862,30.372753,22.045454,4.197501,9.350913,4.1317987,19.41524,15.804601,8.247687,7.2483435,27.44013,12.366626,13.615381,26.855328,10.320424,18.562906,32.589123,18.568506,21.804958,17.05423,8.914909,5.3126187,28.429283,28.25001,29.503433,22.462101,3.8889098,12.725222,10.667145,30.647144,26.703527,25.005177,17.358799,12.038263,20.80658
78,27.311401,25.21503,26.523893,18.923176,27.676632,22.815643,17.120699,8.699019,26.527952,11.617693,7.2711754,18.766304,7.4312806,17.128298,23.074469,31.482607,19.07391,20.009056,12.18938,19.213959,11.1140785,10.236275,23.99292,19.308708,16.828873,11.002803,22.524626,10.69149,11.662067,5.172949,22.578224,22.113333,10.262184,11.835831,19.310347
79,31.422768,26.415573,30.873575,25.957182,30.338627,13.887782,19.792046,8.611491,15.659234,3.6241632,7.6159024,14.312167,8.089458,17.010063,15.910209,26.64336,24.487278,24.773172,17.006207,21.6179,16.201033,15.06497,26.27742,25.659058,14.848838,11.816541,11.371055,7.12418,11.054209,5.912663,25.684042,23.71628,11.355956,15.333504,20.563492
80,21.92334,29.639515,22.569504,6.2173815,13.573909,7.135079,18.832762,14.178907,11.896888,7.4530735,24.302277,12.86347,12.545014,24.565115,12.70064,21.691471,30.083984,18.249168,19.219818,17.070286,9.2671585,5.775435,27.870716,25.866093,27.533363,19.31116,7.015163,11.83755,10.296982,25.515291,26.264032,24.471043,14.827507,11.843079,20.120079
81,31.72249,26.310316,31.247217,26.840826,31.074726,13.3268795,19.99152,8.46224,14.731903,2.7282243,6.784901,14.034869,7.889045,16.817884,15.302992,26.251127,24.934845,25.219418,17.583471,21.980026,16.779116,15.886105,26.252583,26.077686,14.370239,11.841782,10.628693,6.68021,11.217571,5.43856,25.732553,23.703789,11.611885,15.529876,20.623516
82,22.218899,29.07363,22.848707,7.3563337,14.102321,7.149874,18.809816,13.718434,11.510445,7.423728,23.336607,12.889451,12.275891,23.665735,12.681296,21.364311,28.932423,18.583199,18.70587,17.170551,9.663196,6.1628156,27.490593,25.51994,25.976734,18.538944,6.9515543,11.51404,10.273598,23.887487,26.006123,24.28229,14.318992,12.075759,20.10267
83,18.496895,31.88652,22.658684,7.981598,37.074757,5.9837155,25.450724,10.702019,9.502685,4.6721735,10.62961,15.621675,8.9985,16.803053,17.936087,29.279547,28.978907,17.995642,25.527431,26.312475,22.30841,20.376635,29.734035,18.667557,16.30495,9.370487,9.924775,7.358902,25.14466,7.0135903,29.187916,25.965425,16.19892,9.081065,21.318628
84,30.703257,25.520102,30.085747,25.21141,28.995699,12.9649515,18.88769,8.4045315,14.482657,2.857256,7.6436048,13.44103,8.105799,16.811203,14.446922,24.946463,24.294523,24.201532,16.667263,20.483475,15.367035,14.314694,25.43591,25.613188,15.202346,11.969261,10.211703,6.9670935,10.071881,6.4973063,24.859509,22.95294,11.183982,15.123002,19.85912
85,20.533836,31.504265,22.372128,2.78956,8.3998165,1.1761813,20.560896,16.941872,4.2917886,6.6483374,29.860964,12.159631,14.879778,28.644682,7.913447,15.698237,35.310944,19.442913,24.893526,17.43707,9.658665,6.082509,29.43966,30.91991,31.112873,25.065155,1.0220798,13.267669,11.53347,34.20855,27.699574,25.962513,19.882648,12.319464,21.814987
86,21.936811,29.937119,24.65251,13.742363,34.16245,8.806449,24.240923,10.06286,12.257537,7.22167,11.097628,16.371706,8.471505,15.28023,19.488934,29.376839,24.48184,19.471947,20.64832,25.488186,20.610954,18.023918,28.38337,17.804626,12.452218,8.282231,11.910525,7.087865,21.04601,4.7903786,27.955465,25.088942,12.561301,10.313181,21.167
87,31.818611,26.043308,31.362165,26.88071,30.327106,12.019329,19.749584,8.544646,12.830956,1.8905706,7.199394,13.413819,8.340346,17.109804,13.567903,24.323505,25.446362,25.560741,18.08899,21.414968,16.615509,15.723112,26.11644,27.20303,14.854723,12.552294,8.9159775,6.6851034,10.585751,6.3470445,25.631334,23.643976,12.049717,15.917595,20.61246
88,22.576662,29.916637,23.404425,7.275552,20.212349,7.889806,19.199121,12.940445,12.643554,6.0483966,21.718681,12.819034,12.150109,23.025198,13.067134,23.241161,30.411932,18.232979,19.57101,17.573692,11.032195,7.9800334,28.079517,25.0353,27.062328,17.37424,8.130543,10.705432,11.02685,21.94615,26.709467,24.402227,14.239562,11.34035,19.746307
89,32.627995,26.116386,31.671097,27.652409,30.860626,15.74466,19.433092,8.257536,17.722937,3.874165,6.6417894,14.648953,7.6959043,16.89226,16.859154,27.755695,23.930223,25.215736,16.147272,21.56558,15.866476,15.0088005,26.056194,25.707901,14.638898,11.654201,12.861141,7.0957804,10.237862,5.1157594,25.427094,23.53628,10.902886,15.568897,20.471643
90,28.827404,26.644968,29.218622,21.788836,26.930521,7.642789,19.9923,9.874854,7.7927203,0.95289654,10.263171,12.3475895,9.583145,18.807905,10.295196,20.421783,27.967613,24.478685,20.807838,20.479767,16.187702,15.022459,26.46651,28.628056,17.655659,14.915796,5.1062727,7.6079464,11.122113,11.278863,25.99071,23.965487,14.291771,15.496864,20.76861
91,28.303242,27.298351,28.395094,19.813938,28.041481,10.754972,19.455137,9.695216,12.892639,2.684144,10.899503,13.129429,9.314395,18.72468,13.507524,24.44778,27.266727,22.765583,18.857426,20.192902,14.9637,13.63731,26.687859,26.017965,19.112766,13.658106,8.983266,7.913864,11.235387,10.72243,25.940714,23.803167,12.846612,14.197407,20.117134
92,20.664467,31.703133,22.573854,2.928285,9.304016,1.3565717,20.76425,16.844723,4.4192557,6.514595,29.394335,12.297397,14.844079,28.549969,8.131327,16.119564,35.42469,19.59351,25.121796,17.715979,10.021942,6.490901,29.649323,30.957144,31.03717,24.865448,1.2307054,13.2240925,11.961651,33.641926,27.91321,26.17,19.979736,12.408407,21.967108
93,29.6832,26.194054,29.775604,24.40025,30.848465,11.203998,20.081457,8.532191,12.354042,2.0486197,7.0671573,13.425991,8.047486,16.579357,14.008101,24.791092,25.325207,24.196896,18.542564,21.771492,17.092823,16.154953,26.006325,25.47691,14.40439,11.733635,8.995323,6.4103613,12.253774,5.8239427,25.522594,23.431456,12.155898,14.794413,20.280825
94,21.011084,30.273542,22.150042,4.786728,13.684376,6.114475,19.52008,14.5854645,10.802139,7.3001876,24.840601,12.962267,12.728344,25.029144,12.490428,21.492836,31.079182,18.091522,20.55681,17.620766,9.816821,6.3142653,28.361275,26.076826,27.908056,19.83603,6.383806,11.968609,11.527946,26.326435,26.716997,24.909155,15.783004,11.555074,20.496744
95,21.038185,30.655956,22.289972,4.134439,11.082646,4.1761923,19.655115,15.562591,8.261548,6.9365654,27.083025,12.44224,13.6976185,26.619816,10.3811,18.940224,32.795197,18.6499,22.037302,17.225245,9.415088,5.8336806,28.714073,28.2383,29.556791,22.08036,4.0666385,12.560156,10.979082,29.86001,27.019003,25.230825,17.300297,11.992711,20.902891
96,31.409237,26.4245,30.925005,26.240261,31.097042,14.014354,19.934278,8.476688,15.782306,3.322051,6.894766,14.325747,7.8168235,16.820057,16.090315,27.042171,24.641506,24.79509,17.261179,21.958294,16.574505,15.6325655,26.26207,25.490673,14.557,11.601158,11.534486,6.8726234,11.447369,5.360439,25.689074,23.668215,11.462112,15.224283,20.52637
97,22.164463,29.592249,22.507797,6.628041,21.909285,13.653043,18.318945,11.940002,20.174265,8.700756,19.090803,14.648092,10.707106,21.801315,18.314058,28.80182,27.52846,16.621998,16.61934,17.601137,9.998046,7.150244,27.520882,21.409113,26.63892,14.77512,14.5310335,11.2919655,11.625587,18.272749,25.914091,23.864702,12.290938,10.241873,19.054914
98,27.141748,27.674261,27.71213,19.412209,28.441118,12.725286,20.85581,9.776074,15.251547,6.965232,10.688298,15.723851,8.931993,17.343193,17.714945,27.205627,23.538635,22.271805,17.643244,22.104548,16.238012,14.116058,26.990196,22.854704,15.106571,11.43214,12.266205,8.5064945,14.529821,7.250178,26.16463,24.4028,12.12261,13.570475,20.99969
99,20.340809,31.019203,22.108131,2.9389317,8.042054,1.114641,20.278675,16.73027,4.2149963,6.654093,29.651136,11.989227,14.654733,28.219866,7.8123446,15.405059,34.71456,19.204659,24.391254,17.19399,9.457547,5.9044123,28.984966,30.434534,30.517078,24.742043,0.9824728,13.036189,11.158187,33.84064,27.288836,25.555475,19.46505,12.139023,21.499998
100,20.375881,31.075806,22.022238,4.009984,19.943913,6.1412616,20.306055,13.686576,11.136054,6.064191,22.819096,12.935083,12.449552,23.818316,13.06824,23.350243,31.906693,17.387531,21.613438,18.46971,11.895888,8.60092,28.917385,24.853567,27.837122,17.80156,7.147805,11.018982,13.536408,23.35595,27.451052,25.050901,15.710621,10.602174,20.17045
101,20.494202,30.768131,22.107357,3.4920402,11.286109,3.0218313,19.988941,15.691171,6.5996294,6.5266495,27.193104,12.252041,13.919855,26.760174,9.451682,17.834072,33.388653,18.722221,23.147778,17.367096,9.924252,6.426953,28.790997,28.744427,29.552074,22.52338,3.0027246,12.511381,11.656813,30.286402,27.131674,25.334463,18.14615,11.902178,21.054771
102,32.76974,26.162317,31.893717,28.01966,30.9694,14.971148,19.626406,8.31619,16.644194,3.23515,6.505084,14.37512,7.7273808,16.951784,16.173586,27.180023,24.457031,25.556747,16.711452,21.783554,16.211021,15.423959,26.155647,26.224394,14.536568,11.893286,11.944246,6.8841686,10.35238,5.237401,25.569975,23.639177,11.201837,15.78966,20.604692
103,21.302662,30.283192,22.419706,4.886427,13.747146,5.394017,19.414665,14.662179,9.734414,6.857897,25.444231,12.555828,13.162545,25.341623,11.329573,20.305426,31.697165,18.324821,20.997377,17.225615,9.794987,6.320762,28.376778,26.951773,28.536125,20.434221,5.4370327,11.93008,10.973728,27.206636,26.771275,24.854616,16.143345,11.677928,20.430565
104,21.521315,29.616356,21.958834,5.1715255,11.861483,7.218963,18.224726,14.553386,12.477162,7.450158,25.266771,12.487734,12.683009,25.338268,12.442298,21.569727,30.78128,17.600887,19.072838,16.333076,8.200239,4.6866326,27.695038,26.002945,29.163773,20.00541,6.9588447,12.177158,9.541405,27.434202,25.969755,24.129976,14.974483,11.566128,19.67703
105,21.61141,30.13432,22.471703,5.3953123,17.002642,7.163541,19.109116,13.716432,12.296263,6.8899393,24.047384,12.742612,12.518272,24.051615,12.902105,22.61522,30.774002,17.643848,19.534945,17.159742,9.958075,6.5427866,28.156078,25.137962,28.006433,18.500431,7.5690103,11.241168,10.644289,24.560183,26.628225,24.442945,14.478779,11.057348,19.786255
106,21.837152,30.485579,22.686197,5.2787476,15.801609,6.8443637,19.260582,14.219093,11.913248,7.0351377,24.978811,12.792116,12.893939,24.850815,12.588959,22.191925,31.425734,17.990543,19.999187,17.195242,9.743164,6.244406,28.503311,26.005447,28.767586,19.406952,7.0855536,11.664717,10.550375,25.971048,26.909826,24.783766,15.043363,11.381329,20.133602
107,23.939402,29.88318,25.234415,10.824456,24.107533,6.547135,20.441336,12.221524,9.598051,3.6516097,17.730013,12.772108,11.581895,21.877691,11.861988,22.527695,31.027134,20.32677,21.870747,19.599356,13.970996,11.75839,28.428963,26.32443,24.434795,16.736906,6.42964,9.620117,13.033136,18.398148,27.383116,25.008764,15.437161,12.548052,20.61129
108,23.807701,28.36386,24.614965,11.928157,22.241474,11.469558,19.639818,11.484445,14.9713745,8.147437,15.724666,15.15497,10.46897,20.324865,16.4799,25.486057,25.453259,19.78188,18.195185,19.612785,12.864733,10.238231,27.137337,23.402489,20.80077,14.499586,11.468412,10.650509,13.694757,14.308168,25.817522,24.409792,13.694695,12.468048,20.564821
109,21.41977,26.552273,22.57786,11.54995,24.768421,21.483793,19.558058,10.239308,25.286741,17.09717,9.183704,21.79019,7.8657227,17.12884,26.614183,32.72612,16.123001,17.796394,13.576364,21.728664,12.453812,10.164672,24.868168,15.877813,13.942766,10.245183,23.609865,12.643216,18.875986,4.3819757,23.003647,23.610083,12.186759,10.363604,21.052656
110,26.68342,24.88518,26.398756,19.108776,24.417768,22.377462,17.792402,9.384529,24.752424,12.727339,5.8626933,19.985638,7.393423,17.62139,23.421696,30.93949,17.492527,21.290516,12.90673,20.564491,11.470785,10.245923,23.99844,20.34648,14.664125,11.668367,21.591667,12.02056,14.395452,4.103693,22.305025,23.068083,11.875748,13.401175,20.895372
111,25.798214,27.155838,25.331728,14.008269,23.365936,13.439006,17.342821,10.33262,18.00039,5.8848877,14.819102,13.493648,9.703034,19.641006,15.893651,26.352554,25.762775,19.305716,15.381963,17.378937,10.699228,8.665579,25.938736,22.825062,22.828192,13.769692,12.639829,9.637848,8.950584,14.164786,24.776499,22.830025,10.972468,12.214012,18.725185
112,21.743475,29.252151,24.305092,12.313437,32.21193,6.880575,22.412779,10.192899,9.375735,2.993653,10.217164,13.893113,8.9289055,17.54246,14.718975,25.785126,28.507847,19.568352,23.198868,23.325472,18.900278,17.633596,27.727726,21.761711,17.36423,11.580324,8.266334,7.1871595,19.294758,8.886711,27.072206,24.408428,15.267131,10.936607,20.31706
113,26.932022,27.854683,27.27928,16.956394,26.813858,9.750836,19.384129,10.302589,12.271349,2.76015,12.693823,12.835678,9.885814,19.590918,12.949305,23.945292,28.334324,21.79493,19.473904,19.667763,14.313768,12.828642,26.976868,25.93272,21.023159,14.501358,8.416659,8.384491,11.359095,13.008265,26.137053,23.920862,13.432906,13.59452,19.988792
114,24.264595,28.332184,23.804945,10.377727,24.701221,17.072462,17.57879,10.576407,23.78079,10.569233,17.486624,15.659077,9.882268,19.566048,20.47588,30.232668,24.148798,16.860004,13.301581,17.243542,9.738494,7.0887322,26.409355,19.25825,23.872784,12.686202,18.076817,10.489412,9.437747,14.334406,25.025534,22.884142,9.426421,9.92963,18.410599
115,27.38159,27.328556,27.99028,18.611294,25.814667,7.1776924,19.872253,10.4602165,8.101567,1.4941969,12.34634,12.283754,10.161941,19.618109,10.4072485,20.628746,28.745573,23.229565,20.942966,19.916752,15.308536,13.8901005,26.82212,27.990173,19.684513,15.4670315,5.281631,8.162764,11.306009,13.396938,26.199224,24.103018,14.514358,14.675317,20.57609
116,23.241589,29.120598,25.073261,12.589303,28.948883,6.7608514,21.169237,10.775844,9.264291,2.336123,12.563959,12.991892,9.896955,19.326647,12.820091,23.9816,29.832165,20.222483,22.614923,21.433302,16.64069,15.269143,27.741589,24.2591,20.556047,13.919525,7.098453,7.9690876,15.893072,12.750168,26.961035,24.427284,15.321816,11.941168,20.241957
117,21.611952,30.562714,22.319458,4.777703,14.1537,7.1835675,19.03058,14.567407,12.667777,7.2146754,25.351706,12.819839,12.792745,25.428425,12.994276,22.671158,31.675003,17.74358,19.838943,17.085953,9.068267,5.5218344,28.531605,26.012177,29.501509,19.79957,7.3262033,12.047113,10.438532,26.970995,26.818901,24.797403,15.164039,11.414015,20.113516
118,20.603693,31.665384,22.4699,2.8880255,10.242203,2.1104414,20.646753,16.551945,5.417255,6.5820317,28.634682,12.431763,14.617447,28.153477,8.804786,17.056488,34.99574,19.344097,24.704453,17.74633,10.095644,6.560188,29.610512,30.352211,30.882038,24.159748,2.0243847,13.150709,12.221146,32.572845,27.85748,26.119242,19.597641,12.293276,21.823748
119,20.095802,29.983759,21.680943,3.7228231,9.789327,2.7062948,19.67273,15.581672,6.041885,6.6960807,26.92138,12.126862,13.592187,26.351164,9.204332,16.987484,32.460033,18.5873,22.663267,17.123655,9.589471,6.172732,28.09544,28.309006,28.473751,22.43912,2.6889532,12.391228,11.3367605,30.099516,26.477255,24.84427,17.922487,11.830899,20.823309
120,21.127098,30.58865,22.120306,3.9141614,11.251692,4.763837,19.159388,15.450188,9.333875,6.8534136,27.257006,12.227093,13.664608,26.669134,10.559972,19.464138,32.943466,18.180428,21.43904,16.686718,8.840348,5.251515,28.565128,27.924828,30.426197,21.88797,4.6036596,12.526876,10.225409,30.13516,26.83851,24.913626,16.80559,11.736824,20.440826
121,20.367817,30.53661,22.011509,3.5329273,10.855825,2.7211738,19.89289,15.680677,6.069574,6.383217,27.03206,12.131418,13.893299,26.72685,9.070699,17.2905,33.319225,18.76288,23.276024,17.273872,9.887998,6.4706836,28.595692,28.878422,29.370958,22.662727,2.6294603,12.489206,11.643417,30.363523,26.94658,25.206747,18.322453,11.950394,21.008192
122,20.531399,30.9548,22.474596,3.772959,11.733146,1.9486028,20.501123,15.818694,4.753457,5.8016186,26.70061,12.212656,14.036922,26.958113,8.502443,16.83521,34.243862,19.366814,24.575277,17.915257,10.688314,7.5024123,29.032856,29.686144,29.352951,23.186089,1.903227,12.410049,12.466974,30.411623,27.414598,25.666979,19.215765,12.221172,21.487526
123,31.174225,26.042461,30.38333,25.444456,29.782581,14.94595,19.121582,8.424375,17.19567,4.127328,7.6467943,14.339791,7.8989706,16.89496,16.533255,27.231735,23.83312,24.097103,15.985879,20.953213,15.308501,14.189475,25.825356,24.889317,15.261452,11.528611,12.470445,7.2753515,10.34921,5.956659,25.166231,23.2382,10.767752,14.933093,20.046972
124,20.83924,29.871912,23.637617,12.909786,35.124725,10.921499,24.511332,9.782231,15.239752,9.840698,10.9537945,17.687439,7.821844,14.421997,22.346712,31.461159,22.4944,18.112453,19.537899,26.004156,20.707264,18.1034,27.99155,15.183362,10.889954,6.9945254,15.025917,6.9633894,21.978628,3.3441403,27.515398,24.596033,11.89863,8.811106,20.776808
125,31.344067,26.007877,30.41271,25.496101,29.551542,15.551874,18.918173,8.405544,18.008886,4.3474216,7.669403,14.457099,7.842027,16.964468,16.927786,27.662933,23.668854,24.031916,15.579126,20.781935,14.950453,13.826336,25.783272,24.758543,15.525938,11.504275,13.045846,7.434807,10.013588,6.024023,25.089401,23.197226,10.534999,14.940435,19.984238
126,28.541378,27.399807,28.315237,20.571144,31.147648,15.717716,19.750814,8.942701,19.445444,7.2012033,10.462059,15.691435,8.434758,16.823805,19.096815,29.282928,23.368885,21.560787,15.552116,20.989426,15.096868,13.384106,26.47755,21.719576,16.413439,10.663481,15.301132,7.9335384,11.898714,6.6479783,25.69809,23.473854,10.238265,12.666632,19.841375
127,28.83462,26.764881,29.278494,22.152777,28.358313,8.493881,20.255213,9.54244,9.061071,1.4860253,9.645382,12.792322,9.20119,18.083902,11.62161,21.965755,27.206964,24.262772,20.251438,21.135181,16.631046,15.473614,26.52502,27.314852,16.520548,13.837444,6.30905,7.1862745,11.978878,9.508406,26.012682,23.95867,13.651662,15.081834,20.71881
128,21.054111,30.765358,22.337374,4.0970163,11.291864,4.1984563,19.740492,15.582416,8.295279,6.935239,27.076242,12.490259,13.723085,26.658371,10.444037,19.057793,32.9012,18.67905,22.150814,17.313389,9.510114,5.9277253,28.810837,28.275726,29.620445,22.088108,4.111829,12.574165,11.119919,29.83853,27.11167,25.312023,17.370728,11.998286,20.961058
129,21.210207,29.228825,23.958199,12.748485,33.461433,7.9233494,23.220139,9.85871,10.884686,5.113034,9.827778,15.151772,8.339876,15.8816185,17.335371,27.725529,25.93797,19.082226,21.810638,24.477982,19.904146,18.105082,27.662106,18.986658,14.184885,9.349928,10.332338,6.8975554,20.690313,5.9054627,27.127546,24.397348,13.820906,10.249918,20.458292
130,32.081623,25.999792,31.16029,26.965221,30.594637,15.769522,19.255459,8.234967,17.91765,3.942889,6.623437,14.59387,7.5864077,16.803867,16.982086,27.865742,23.80685,24.737679,16.001389,21.393158,15.6423855,14.796118,25.867184,25.205791,14.769464,11.483628,13.046518,7.10927,10.326417,5.171839,25.217154,23.325132,10.808878,15.249999,20.233814
131,21.75837,30.243113,22.335981,5.2588806,14.60382,8.556317,18.798178,14.184844,14.200068,7.6868567,24.124537,13.267499,12.350471,24.860823,14.142292,23.827381,30.595402,17.666225,19.020176,17.167639,8.986007,5.5336986,28.275082,25.226116,28.808086,18.9807,8.722161,12.123575,10.618137,25.448784,26.538937,24.66974,14.622907,11.44186,20.037245
132,20.484718,30.680988,22.14232,3.6761317,12.16377,3.1859922,20.008787,15.420096,6.691651,6.273941,26.436989,12.2785635,13.736487,26.39731,9.583503,18.118681,33.20082,18.725748,23.137493,17.503471,10.201188,6.7997246,28.738548,28.505505,29.183535,22.106108,3.1931581,12.315128,11.940827,29.375536,27.100294,25.31133,18.03686,11.882774,21.01259
133,21.394413,29.983643,22.409456,5.302614,14.254227,6.0775623,19.20373,14.310665,10.483798,6.888194,24.493168,12.6502285,12.845269,24.856842,11.832845,20.90664,31.01086,18.249763,20.458897,17.221142,9.810684,6.393407,28.143818,26.463264,27.987408,19.773182,6.050731,11.79614,11.05607,26.02222,26.538054,24.689325,15.731576,11.703764,20.275534
134,21.395027,30.018398,22.013134,4.8377047,11.060566,6.3935637,18.656767,15.028784,11.488738,7.4715443,26.159662,12.508583,12.9691,25.919683,12.027732,20.9902,31.488142,17.86149,19.864384,16.64429,8.374242,4.779418,28.054726,26.629581,29.447031,20.774014,6.1859975,12.376265,9.861626,28.6083,26.317432,24.474768,15.631761,11.681263,20.055056
135,24.00393,29.691679,25.721487,14.086615,30.823208,9.680767,22.460247,10.509613,13.2611685,6.975712,13.813255,15.536152,9.719577,17.349476,17.726059,27.701065,25.509806,20.194193,19.301998,22.853058,17.553585,14.773523,28.347889,20.760235,16.494207,10.752006,11.301548,8.215958,16.889843,8.749247,27.64881,25.097084,12.266322,11.54245,21.013206
136,21.724373,28.844765,22.004093,6.3656397,18.009953,11.83059,17.82578,12.463808,17.75435,8.555555,20.477499,13.9114275,11.065288,22.353745,16.420134,26.063269,27.421528,16.741354,16.652401,16.812298,9.079671,6.074405,26.9235,22.316185,26.568615,16.067019,12.289362,11.484414,10.586674,20.452427,25.300924,23.484829,12.687007,10.6216755,18.963531
137,29.883583,26.88797,29.70462,23.68962,29.517221,13.955514,20.343287,9.046245,16.126488,5.7174344,8.96494,15.278139,8.346327,16.872602,17.366144,27.29903,23.311258,23.820465,16.676414,21.913061,16.25627,14.512909,26.568317,24.144081,14.305392,11.250404,12.4070835,7.8331137,12.323661,5.995435,25.930822,24.055067,11.197196,14.684141,20.860685
138,20.494146,29.774946,21.891195,4.4441247,12.993099,4.071788,19.345531,14.618671,7.731345,6.137382,24.903944,12.123953,13.0660515,25.158484,10.095012,18.733154,31.76098,18.266125,21.766684,17.144552,10.004151,6.730161,27.930351,27.181213,27.972279,20.704967,4.0665703,11.745243,11.405142,27.270073,26.368544,24.566576,16.81097,11.624721,20.317568
139,32.244137,25.410751,31.1779,27.307203,30.099794,16.466532,18.767172,8.032342,18.428411,4.3185325,6.2463675,14.810296,7.531814,16.596972,17.067894,27.556845,22.877058,24.777798,15.200544,20.867252,15.064336,14.266392,25.364597,25.071486,14.425774,11.409944,13.624277,7.356798,9.72878,4.743839,24.69491,23.043093,10.49951,15.332434,20.112925
140,21.15911,30.781836,22.273617,4.175654,9.316108,4.6328216,19.58029,16.025663,8.937762,7.486172,27.555603,12.659626,13.724514,27.285582,10.825584,19.247602,32.918503,18.749111,21.971573,17.292465,8.897214,5.263084,28.815659,28.532373,30.04956,22.706165,4.330802,13.0389805,10.988407,30.932825,27.009401,25.366516,17.603436,12.249147,21.090208
141,24.93481,28.74223,25.6411,12.800794,24.418158,8.290598,19.449884,11.372172,11.45065,3.6505132,16.101982,12.704329,10.827671,20.82844,12.521506,23.217518,29.410889,20.38811,19.993685,19.000477,13.274808,11.29648,27.473312,25.505043,23.346844,15.698464,7.770229,9.2099695,11.523811,16.45547,26.48705,24.198105,13.986796,12.6919775,19.970823
142,21.974718,29.914522,22.204615,5.547194,14.718975,10.437323,18.19539,13.857249,16.661676,8.264149,23.336641,13.61309,11.850421,24.47764,15.528985,25.37732,29.714884,17.230167,17.73285,16.864264,8.30268,4.9420404,27.899529,24.152903,28.882734,18.258213,10.63966,12.293127,10.074297,24.562654,26.117456,24.294506,13.713299,11.218609,19.643442
143,20.46725,30.845242,22.146162,5.048586,21.378822,7.249433,20.631775,13.142269,12.3668585,6.607996,21.094105,13.56195,11.737586,22.686024,14.651852,24.934906,30.468037,17.425085,20.949562,19.314411,12.659266,9.430845,28.771011,23.557758,25.85347,16.322193,8.530735,10.644813,14.498614,20.700367,27.374586,25.021444,15.039924,10.537414,20.236727
144,21.896223,30.435106,22.372122,5.1335735,14.885153,8.564708,18.754488,14.228124,14.512589,7.614437,24.708273,13.151547,12.425113,24.975159,14.164682,24.055185,30.969658,17.493103,18.837456,17.015083,8.797371,5.2857914,28.38858,25.11824,29.332567,19.01183,8.83843,12.03462,10.104971,25.896145,26.66794,24.63531,14.311177,11.254053,19.899414
145,30.540367,26.741972,30.685043,24.573671,29.252506,8.950726,20.384485,9.378512,9.069314,0.83159953,8.751716,12.782505,9.173852,18.204084,11.291804,21.87088,27.539616,25.530643,20.416777,21.372025,17.077675,16.064169,26.733002,28.738113,16.37092,14.0876465,6.0763583,7.088049,11.258497,9.06576,26.314972,24.227238,13.734834,16.041096,21.086588
146,20.90839,31.126408,22.440424,3.8237236,11.964437,3.771556,20.1985,15.681175,7.68399,6.8135557,27.106627,12.609539,13.849701,26.77041,10.329908,18.977991,33.348347,18.856468,22.879818,17.71086,10.043467,6.4775424,29.139305,28.539993,29.593899,22.252737,3.828503,12.570736,11.807198,29.833212,27.452633,25.633371,17.849655,11.99673,21.257479
147,32.210873,25.974503,31.2861,27.091623,30.29515,15.248425,19.263626,8.291519,17.210907,3.7251618,6.914858,14.3930235,7.7495747,16.85958,16.464964,27.286724,23.926552,24.943455,16.098776,21.295689,15.650683,14.715725,25.90644,25.57845,14.781857,11.665379,12.40691,7.098778,10.11004,5.4301476,25.287848,23.392963,10.83488,15.467889,20.311653
148,21.215673,30.265053,22.145596,4.7580843,12.227412,6.3419204,19.220541,14.893763,11.202766,7.5114217,25.467138,12.909201,12.870692,25.602892,12.439241,21.38034,31.284554,18.117323,20.337673,17.29639,9.149295,5.601976,28.35019,26.474283,28.66913,20.428951,6.37838,12.323036,10.950494,27.468224,26.6257,24.891428,15.868788,11.746262,20.485846
149,27.591755,27.183655,27.471502,17.652412,24.701393,10.2687,18.645248,10.341889,12.676901,3.4157782,13.483725,12.771229,10.098709,19.668114,12.718299,23.0686,27.207767,22.042536,18.052742,18.611607,13.180474,11.319265,26.510891,26.34624,21.087334,14.733917,8.457182,8.89867,9.550614,13.659994,25.692251,23.66067,12.618241,14.167051,19.88884
150,31.706839,26.180607,31.303022,26.530388,30.236603,11.730048,19.77466,8.648993,12.510993,1.6819208,7.3991423,13.308344,8.463759,17.332674,13.28991,24.11893,25.845871,25.545025,18.396141,21.366262,16.582756,15.710426,26.231972,27.44908,15.289446,12.805312,8.623293,6.7629766,10.622789,6.783321,25.733198,23.735628,12.285964,15.932236,20.654747
151,20.575085,30.975723,22.246267,3.475855,10.754354,2.918767,20.19501,15.945128,6.4178567,6.685908,27.493193,12.427809,14.053794,27.138182,9.465062,17.724487,33.64717,18.980753,23.480028,17.55271,9.943394,6.4430466,29.005962,29.153881,29.727661,22.97147,2.8753028,12.75073,11.877119,30.799156,27.307396,25.595694,18.527145,12.094112,21.352781
152,21.58154,29.16787,22.02755,6.2696447,20.05177,13.879564,18.261307,12.151841,19.991392,9.824909,18.874754,15.188173,10.663012,21.916498,18.598444,28.224762,26.487354,16.604427,16.615925,17.686646,9.727061,6.8748946,27.147682,21.34354,25.861198,15.189765,14.736528,11.777172,12.217803,18.343481,25.445215,23.817144,12.856391,10.359507,19.300001
153,31.30066,25.722256,30.45138,25.828962,29.505384,14.637885,18.9161,8.315052,16.676699,3.7217133,7.4213977,14.045151,7.848781,16.780764,15.985049,26.634468,23.788307,24.233883,15.934202,20.74478,15.215796,14.168412,25.583412,25.122133,15.102324,11.600472,11.956213,7.1255684,9.973402,5.9361863,24.956957,23.048998,10.724395,15.070925,19.922945
154,24.032644,30.702555,25.550583,11.320064,27.585941,8.331191,21.577112,11.8451605,12.075542,5.1659813,16.720583,14.1418915,11.128385,20.80106,14.850485,25.76323,29.832367,20.184515,21.36916,21.14606,15.495,13.0004015,29.135056,24.47163,22.687004,14.678183,9.017891,9.432823,15.104232,15.297443,28.12882,25.587378,14.6323805,12.107911,21.042765
155,29.738464,26.568026,29.681059,23.043789,29.150644,10.729428,19.592443,9.105337,11.961967,1.8423271,8.934633,12.980832,8.839007,17.951303,12.893454,23.733837,26.691862,24.099186,18.972088,20.737165,15.9282875,14.919504,26.299633,26.88087,17.028805,13.309126,8.25539,7.1770573,11.080936,8.768578,25.69995,23.627335,12.822392,15.011127,20.280802
156,28.960056,25.418678,28.03755,21.49349,27.86145,20.475412,17.730526,8.6546755,23.698826,9.51279,7.8042088,17.433681,7.6447287,17.052275,21.089079,30.040777,20.274755,21.561188,12.9756975,19.65802,12.251334,11.154149,24.59399,21.201508,16.080658,11.213154,19.420103,9.701977,10.731665,5.5627103,23.447008,22.534033,10.102445,13.026072,19.646212
157,21.03682,29.993797,22.168444,4.8981466,14.332077,5.5921006,19.284681,14.319727,9.974207,6.6704564,24.641607,12.512711,12.826429,24.804983,11.5711355,20.630665,31.219559,18.06457,20.695255,17.228178,9.906895,6.4959702,28.105999,26.335997,27.957043,19.781212,5.720445,11.666149,11.1530905,26.174217,26.528746,24.619078,15.8023615,11.485062,20.200727
158,20.829403,30.586147,22.180244,4.016403,11.575712,4.0141506,19.704596,15.41537,8.000905,6.7441125,26.736235,12.387358,13.611871,26.394066,10.285025,18.866573,32.73589,18.572039,22.176472,17.284725,9.635715,6.1021333,28.644073,28.087149,29.295671,21.874348,3.9657402,12.408165,11.234993,29.43041,26.973436,25.176832,17.334457,11.882436,20.849915
159,21.316883,30.46957,22.244436,4.900972,15.337059,7.517915,19.353374,14.214056,12.87894,7.428882,24.181334,13.218048,12.4538355,24.693396,13.719359,23.328766,30.880592,17.727695,19.797297,17.619867,9.744941,6.249321,28.489902,25.27604,28.260803,18.917677,7.9272647,11.8525715,11.440431,25.21396,26.81542,24.881361,15.009856,11.319387,20.249985
160,31.36476,25.699232,30.44158,25.911217,29.694513,15.752698,18.856802,8.235448,18.031672,4.392778,7.07131,14.547693,7.6581073,16.689539,16.98318,27.55897,23.229622,24.106298,15.4558735,20.82307,15.052653,14.048638,25.517406,24.616175,14.915552,11.32176,13.206561,7.3397694,10.096945,5.4323907,24.842012,23.025267,10.530681,14.92531,19.930674
161,23.594225,28.148727,22.868029,8.458131,21.275494,20.092525,16.545486,11.253964,27.011309,12.758345,17.13468,17.051828,9.881729,21.103579,22.245642,31.454292,23.463642,16.3002,12.734303,16.573618,7.586119,5.172109,26.046299,19.350376,25.944778,14.153381,20.889515,12.555565,9.732076,15.848711,24.201853,22.962852,10.499918,10.074333,18.67203
162,20.59788,30.656412,22.031136,3.5306976,9.237293,3.0338993,19.74996,16.08545,6.715915,6.875689,27.975586,12.235186,14.010133,27.343836,9.359841,17.446762,33.45471,18.796389,22.929811,17.108547,9.218399,5.6827435,28.689583,29.110506,30.002533,23.249289,2.8300314,12.876755,11.069016,31.604895,26.96114,25.283463,18.276426,12.094267,21.101173
163,29.96717,25.801985,29.83866,24.08963,28.120434,9.759528,19.402447,8.976938,10.265559,1.3505352,8.605058,12.588153,8.801317,17.58771,11.691701,21.967293,26.11691,24.60816,18.835302,20.406824,15.978345,14.908695,25.78405,27.465971,16.017052,13.393379,6.909105,7.018491,10.320006,8.613592,25.330175,23.346474,12.691486,15.523345,20.27174
164,23.702747,28.492828,23.978586,10.08068,21.659391,10.461549,18.274002,11.621004,15.188949,5.9348946,18.259748,13.117862,10.787557,21.196537,14.553175,24.861101,28.014793,18.457457,17.47823,17.495182,10.818198,8.279566,26.925938,23.51878,24.806702,15.444712,10.386214,10.096844,10.160273,17.98644,25.661446,23.53831,12.545388,11.547331,19.145582
165,30.987183,26.459927,30.406406,25.00944,30.536762,14.332083,19.42022,8.564207,16.457485,3.4621882,7.525378,14.189485,8.060478,17.194017,16.05169,27.102911,24.850922,24.169086,16.95881,21.231865,15.768521,14.766857,26.181313,25.348816,15.904065,11.8148155,11.886487,7.2370462,10.990084,6.265812,25.517084,23.499989,11.399373,14.943182,20.196093
166,21.780334,30.245535,22.449507,5.406009,14.461676,7.9424367,18.97457,14.260336,13.313077,7.556424,24.31357,13.16758,12.494767,24.888155,13.659749,23.198164,30.685543,17.89885,19.327944,17.26707,9.216813,5.726252,28.327389,25.564323,28.534908,19.174511,8.057143,12.042136,10.727041,25.590872,26.620464,24.762333,14.838725,11.585721,20.179827
167,33.549732,26.000721,32.404972,28.774206,31.267653,17.591448,19.301834,8.178286,19.470854,4.5904026,5.836003,15.585717,7.5905857,17.026842,17.911398,28.621813,23.284893,25.779839,15.500016,21.6152,15.504514,14.849552,25.984032,25.82969,14.487509,11.759417,14.625559,7.6371174,10.020125,4.383316,25.275259,23.70171,10.82299,15.874539,20.811663
168,21.86082,29.467812,22.354212,6.1693373,15.044308,9.037863,18.492472,13.622817,14.402457,7.889969,22.948847,13.340127,11.9681635,23.861704,14.356866,23.71063,29.166164,17.683517,18.180485,17.047379,9.1009245,5.745693,27.640781,24.483788,27.33158,18.103247,9.163381,11.808426,10.456388,23.71322,25.992811,24.22558,13.958825,11.442595,19.776932
169,30.872068,25.592775,30.134563,25.218897,29.029533,13.565198,18.753565,8.382382,15.348018,2.9345722,7.5884886,13.536692,8.007317,16.91789,14.88519,25.568222,24.345486,24.120022,16.39517,20.417963,15.094918,14.085789,25.470982,25.480885,15.579086,11.944284,10.812793,7.057967,9.835895,6.5571055,24.86147,22.948967,10.998876,15.08654,19.800604
170,29.5382,26.781147,29.490383,22.817322,30.103502,11.8975525,19.757162,8.946017,13.633988,2.6372516,8.490822,13.565113,8.541449,17.547436,14.406318,25.381958,26.026503,23.696386,18.413776,21.130848,16.104834,15.023204,26.40829,25.732136,16.613848,12.420481,9.791786,7.2164135,11.765373,7.6186976,25.773672,23.677687,12.320758,14.641228,20.255663
171,20.546629,23.932014,21.307476,10.796014,15.779227,27.825314,17.300077,11.168017,30.111155,23.3824,6.5234995,26.153435,7.5112906,18.483274,30.408682,33.3616,9.666495,18.279125,9.670636,20.644844,7.696971,5.29583,22.49699,15.456903,12.516285,11.960113,29.15759,17.410421,19.8038,2.9862869,19.62417,23.559227,13.056976,12.073894,22.594997
172,20.629543,31.384846,22.401434,3.1471274,10.065115,2.2445152,20.458778,16.406519,5.57927,6.6136246,28.432806,12.369429,14.455762,27.885443,8.873944,17.050846,34.572067,19.262497,24.285358,17.61769,9.950972,6.421704,29.365604,30.054966,30.513779,23.905697,2.139596,13.035717,11.930669,32.24003,27.638502,25.909595,19.258709,12.259933,21.6598
173,30.686913,26.456152,30.187971,24.62141,30.299004,13.935528,19.481947,8.6185875,16.025534,3.595644,7.868134,14.153568,8.152952,17.118649,15.915229,26.813522,24.711927,24.031206,16.951239,21.188562,15.793563,14.663483,26.17377,25.199327,15.741754,11.754582,11.613768,7.244066,11.091635,6.3518105,25.52615,23.506788,11.349585,14.865903,20.203627
174,30.353336,25.97546,29.893559,24.429295,29.18126,12.691007,19.263836,8.636373,14.375016,3.41371,8.503676,13.685669,8.366761,16.909216,14.761332,25.170952,24.354237,23.986134,16.797632,20.685555,15.575525,14.257002,25.800667,25.347218,15.288757,11.896756,10.29666,7.1183195,10.5453205,6.755663,25.220797,23.24378,11.1767235,14.939679,20.057447
175,31.693447,26.38464,31.627226,27.155464,30.27244,10.007887,22.083172,9.140702,9.28208,4.32191,8.56636,15.15464,9.035315,15.613705,14.321184,22.296707,22.326683,26.935398,17.424057,21.664593,19.062805,15.852074,27.165718,27.488487,11.289771,10.60924,8.049079,8.642313,10.254051,5.085809,27.647312,25.42254,10.252643,17.841118,22.792728
176,20.162014,30.518965,21.828663,3.1103585,9.155548,2.1161036,19.808554,16.113739,5.301416,6.469087,27.885664,11.978589,14.165109,27.380928,8.418334,16.307241,33.766247,18.82539,23.686388,17.024609,9.4815445,6.05619,28.55706,29.541372,29.960058,23.5777,1.8861834,12.825148,11.429052,31.893206,26.858023,25.204348,18.914272,12.060371,21.095793
177,29.048136,26.017658,29.10449,22.381313,26.875336,8.952008,19.41741,9.412496,9.47976,1.6229379,9.768959,12.511613,9.201097,18.087666,11.259581,21.241875,26.454172,24.127998,19.18614,20.026379,15.63047,14.31855,25.908157,27.593945,16.878546,13.913173,6.3462305,7.5003033,10.427467,10.03052,25.429373,23.473066,13.084953,15.359204,20.327215
178,26.93401,27.707926,26.956522,16.256435,21.001331,9.391239,19.479883,11.45457,11.955279,6.7279377,17.575987,13.927239,11.11864,19.920515,13.733248,22.213743,25.17844,21.99254,16.668842,18.626385,12.664429,9.315637,27.093071,25.574009,19.882359,14.833182,8.352755,10.088766,9.470089,15.13816,26.28739,24.49678,11.606472,14.385263,20.903713
179,22.643795,28.705584,22.31506,6.849931,17.05515,13.00845,16.961832,12.558405,19.461958,8.842565,21.352148,13.759751,11.197038,22.821455,16.601385,26.428432,27.537094,16.624493,15.44093,15.858232,7.7495956,4.7079654,26.739037,22.446455,28.010483,16.495321,13.151352,11.796866,8.632365,21.643194,25.058218,23.168852,11.875426,10.714686,18.562103
180,25.237652,27.636278,26.871082,18.33815,32.17541,8.142259,21.55313,9.265998,9.517472,1.7011378,7.594956,13.463051,8.269283,16.807362,13.747252,24.758467,27.323565,21.982908,21.840046,23.024796,18.743488,17.924799,26.804539,23.693275,15.310616,11.571355,7.7717566,6.4468937,16.709614,6.771132,26.282337,23.910957,14.310063,12.819639,20.3609
181,29.353142,26.89624,29.31424,22.00821,28.364653,10.893825,19.825098,9.444781,12.423564,3.4381049,10.541757,13.600533,9.301845,17.88097,13.761548,23.964241,25.625168,23.755531,18.032646,20.520277,15.660477,13.902452,26.605618,26.161839,16.914608,12.864738,8.883991,7.8472843,11.034849,8.98349,26.028383,23.987173,12.042474,14.985035,20.587645
182,21.413338,30.622267,22.375605,4.6986117,10.520157,5.261721,19.462206,15.59411,9.855779,7.511296,27.030237,12.698099,13.416244,26.603872,11.438521,20.099995,32.317326,18.55325,21.17854,17.299881,8.987701,5.325108,28.66463,27.716375,29.466282,21.796997,5.094625,12.652847,10.657853,29.700235,26.927301,25.15188,16.714706,12.042557,20.814405
183,29.021648,26.881668,28.912474,22.245764,30.160534,14.646028,19.744751,8.902412,17.165033,4.9203143,7.861821,14.988009,8.109678,17.270128,17.342335,27.993517,24.321949,22.930323,17.323586,21.55122,15.846504,14.678978,26.311596,23.892023,16.0165,11.470963,13.054916,7.8843946,12.8941,6.313735,25.511606,23.629368,11.981872,14.030366,20.24703
184,24.016994,28.711895,22.864906,7.7318473,19.827572,17.787926,15.940627,11.783917,25.565119,10.521236,20.23929,14.868973,10.617282,22.257511,19.769625,30.113358,26.428734,15.90121,13.016833,15.212673,6.6079626,3.903139,26.502151,20.68021,29.23276,15.251329,18.128187,12.0739355,7.100176,19.917978,24.744215,22.682726,10.038928,10.032474,17.83615
185,22.398088,29.639591,22.329435,6.0113435,17.35997,12.453141,17.654465,12.983296,19.219414,8.336436,21.87562,13.843756,11.323823,23.492659,16.839605,27.246334,28.837673,16.733778,16.432465,16.532383,8.179746,5.013737,27.575005,22.830914,28.817303,16.809128,12.818789,11.99798,9.552972,22.369972,25.83047,23.865715,12.451406,10.772585,19.05532
186,21.857382,30.584478,22.435457,5.1753383,18.099495,9.950713,18.888935,13.514866,16.148718,7.5633335,22.896832,13.566587,11.972743,24.097237,15.437551,25.906021,30.519958,17.17986,18.673866,17.421011,9.555154,6.2316585,28.465633,24.088547,28.913746,17.616644,10.50931,11.750898,11.089956,23.44946,26.774857,24.633734,13.929568,10.866615,19.726517
187,21.067877,28.379412,22.028555,6.796851,11.641354,5.2942715,18.83541,13.995973,8.903235,7.2647057,23.603125,12.509439,12.20008,23.570803,11.351952,19.114632,28.592724,18.486702,19.34388,17.135603,9.672759,6.2039638,26.852707,25.58147,24.80345,19.090595,5.1428647,11.445365,10.642396,24.651932,25.421946,23.884863,14.992509,11.954103,20.067532
188,21.169788,30.846313,22.400843,4.360425,14.199614,5.478547,19.752573,14.864682,10.083436,6.7847676,25.61487,12.727299,13.199909,25.709785,11.738492,21.045929,32.38891,18.272015,21.487114,17.595135,9.996651,6.48534,28.842777,27.02862,29.125092,20.568047,5.663731,12.065092,11.557369,27.496767,27.182528,25.220179,16.453684,11.607128,20.656965
189,22.125875,29.668983,22.303923,6.004883,17.377995,12.087205,18.043814,13.0337,18.485426,8.565935,21.523798,14.063566,11.375218,23.408907,16.790411,26.891026,28.610493,16.94909,17.004684,16.977474,8.748479,5.598394,27.655354,23.014643,28.113865,16.822287,12.482502,12.01773,10.498906,21.983229,25.916265,24.059042,13.022878,10.8911495,19.345064
190,32.426403,25.61964,31.292881,27.189772,30.084448,17.05302,18.730553,8.150842,19.208576,4.536265,6.397277,15.114613,7.5869713,16.857094,17.52859,28.10537,23.012112,24.791958,15.00377,20.838808,14.7672825,13.9632435,25.520397,25.027782,14.962147,11.538084,14.30813,7.6705265,9.6241455,4.969767,24.803543,23.204494,10.411622,15.360636,20.231588
191,29.017458,27.021046,28.818758,20.745594,27.644268,11.52632,19.172947,9.569242,13.689809,3.2192621,11.033913,13.288839,9.327762,18.57436,13.859489,24.578136,26.466415,23.055332,17.936138,19.896774,14.576867,13.074806,26.529255,26.078049,18.779219,13.487825,9.493408,8.051919,10.46237,10.399599,25.780478,23.728296,12.242644,14.518633,20.116896
192,29.584326,26.26342,29.182898,22.960838,29.52869,13.519771,19.074007,8.653138,15.798864,3.4804606,8.189124,13.815407,8.14887,17.167059,15.585992,26.456917,24.799639,23.157665,16.918865,20.622261,15.245488,14.123844,25.862705,24.675194,16.418396,11.780759,11.416858,7.3475513,11.044031,7.013695,25.17365,23.158216,11.3815975,14.352374,19.769827
193,33.950737,26.130241,32.741695,29.119364,31.48124,18.222578,19.342117,8.231364,20.118528,4.862878,5.751035,15.948936,7.6374273,17.197,18.322943,29.035538,23.24588,26.025288,15.354572,21.694689,15.408013,14.781542,26.111523,25.969566,14.639063,11.872451,15.24864,7.8837852,9.982416,4.298961,25.36991,23.879734,10.829711,16.023539,21.011168
194,30.049076,25.652327,29.72167,24.114782,28.517544,11.204866,18.985077,8.6861105,12.252141,1.8135829,8.103192,12.809309,8.460696,17.326445,12.80094,23.337532,25.547127,24.175735,17.971443,20.281643,15.500755,14.571564,25.549702,26.548073,16.070494,12.857501,8.403837,6.966304,10.223991,7.8663726,24.992506,23.051056,12.14281,15.147923,19.911938
195,22.417362,30.636425,22.865536,5.563298,13.696844,7.5368853,18.907183,14.727368,13.036216,7.518595,25.921915,12.872367,13.056551,25.748327,12.9499,22.574535,31.72102,18.131336,19.50845,16.903633,8.774158,5.143113,28.64611,26.531813,29.888668,20.160183,7.428921,12.242237,9.703252,27.566463,26.929964,24.880732,15.01794,11.76145,20.209558
196,27.015602,28.611761,27.94674,18.531122,31.402773,10.571762,21.245338,9.788026,13.002429,3.7524896,10.368126,14.290095,9.200407,18.029226,15.440637,26.532175,27.169024,22.29591,20.145535,22.261375,17.263702,15.738828,27.717346,24.34481,17.590536,12.189538,10.002773,7.6864786,14.92392,8.530288,27.01115,24.639957,13.364619,13.36437,20.775537
197,20.857994,31.893036,22.713415,3.0013826,9.092334,1.5916634,20.835842,16.990238,4.7657456,6.735442,29.645105,12.435411,14.924965,28.776577,8.382116,16.394737,35.51608,19.705013,25.092747,17.795612,9.950346,6.3535404,29.830345,31.099234,31.266035,25.00774,1.4298376,13.39882,11.95487,33.907936,28.066057,26.33692,20.020733,12.527704,22.110075
198,32.50348,25.700333,31.44717,27.503231,30.442303,16.68775,18.998037,8.131981,18.704947,4.4376626,6.3160896,15.035485,7.577049,16.752678,17.372349,27.961027,23.09638,24.977962,15.348676,21.14123,15.230588,14.424543,25.63192,25.199139,14.533085,11.492873,13.895996,7.443121,9.920149,4.7578,24.951895,23.283825,10.583555,15.425415,20.32828
199,32.338753,25.891644,31.415045,27.368397,30.35567,15.021804,19.29357,8.245087,16.85104,3.6176307,6.914419,14.306217,7.774764,16.775486,16.220547,26.984371,23.874,25.089258,16.11462,21.292858,15.752997,14.808523,25.86819,25.72618,14.539085,11.6749525,12.115475,6.98417,9.999942,5.338074,25.278006,23.37643,10.806301,15.553526,20.330961
200,31.114779,25.975775,30.208199,25.158804,29.378708,15.491432,18.847492,8.431333,17.96562,4.4423776,7.7955923,14.427148,7.8892117,16.990007,16.870798,27.544712,23.628239,23.853176,15.580465,20.664087,14.856541,13.709904,25.72361,24.671314,15.641082,11.520948,13.017479,7.4882183,10.053053,6.1744847,25.01527,23.129278,10.586822,14.832844,19.905945
201,26.595633,26.436466,25.87055,16.2243,28.960583,26.231813,18.001335,9.08199,31.340994,18.471111,11.686049,22.023552,8.181026,16.469769,27.957891,34.0966,15.696083,18.327518,9.355207,19.294731,10.288777,8.411526,24.65694,15.4554405,15.848074,10.106287,28.37829,11.765815,11.371283,4.911119,23.178204,22.677137,8.044881,9.748603,19.815807
202,31.762484,25.577183,30.763384,26.518429,29.745514,15.498412,18.776419,8.145863,17.619184,3.850438,6.874756,14.256084,7.6501474,16.69489,16.480446,27.172588,23.46943,24.422478,15.564788,20.750233,15.100139,14.181018,25.481441,25.083822,14.940423,11.476771,12.690691,7.152334,9.725912,5.4675975,24.836031,22.99246,10.546885,15.175436,19.912886
203,25.04527,29.210567,25.150717,11.903776,26.625664,13.954025,19.29827,10.796014,19.693708,9.232477,18.031351,15.271525,10.589332,19.365309,18.779081,28.712208,25.187496,18.472797,15.125594,18.661522,12.108226,8.948439,27.564365,20.879654,22.31436,12.578813,14.887469,9.831542,10.83743,13.70413,26.43188,24.027624,10.115941,10.941781,19.525133
204,21.230234,28.974253,22.146307,6.3392496,12.231906,5.832102,18.963448,14.175172,9.893527,7.3732595,24.033972,12.684431,12.346402,24.059492,11.884076,20.097687,29.315002,18.364239,19.498142,17.241213,9.577275,6.097935,27.32446,25.692795,25.872017,19.305737,5.7720876,11.622026,10.708682,25.198359,25.816332,24.183004,15.08457,11.854302,20.162926
205,29.890686,25.32655,28.961363,23.250027,27.18297,14.3927145,17.932262,8.504369,16.874964,4.083224,8.780467,13.613018,8.101213,17.065866,15.59491,25.955444,23.503012,22.902138,15.089902,19.331303,13.612882,12.298882,25.056892,24.38232,16.559952,11.826078,11.925449,7.672368,9.039218,7.539363,24.318651,22.520891,10.296147,14.482853,19.261717
206,32.51295,25.60475,31.39442,27.402077,30.239695,16.996073,18.803747,8.120386,19.068253,4.536997,6.314065,15.115936,7.581379,16.799612,17.479845,28.02858,22.966007,24.898338,15.0755625,20.92508,14.917614,14.1232815,25.527088,25.111958,14.748346,11.519235,14.21104,7.5985994,9.6894045,4.823215,24.823496,23.21882,10.460886,15.405939,20.270178
207,30.032005,25.857742,29.598448,23.901875,28.855482,12.435811,19.012125,8.643727,14.067644,2.9298296,8.340824,13.393068,8.350962,17.102282,14.278419,24.803608,24.777225,23.78287,17.094639,20.405586,15.326955,14.175711,25.655293,25.538383,15.88324,12.182881,9.961014,7.1589136,10.43628,7.2449603,25.047863,23.09081,11.480965,14.850031,19.874239
208,20.52845,31.023369,22.557468,4.7088547,18.54456,4.057628,20.838842,14.208512,7.6586027,5.1667128,22.794275,12.686917,12.778337,24.398237,11.040849,20.781616,32.915665,18.585764,23.532005,19.011696,12.543442,9.590868,29.033009,26.66519,27.37257,19.418037,4.7398186,11.090487,14.105417,24.544493,27.621523,25.43137,17.375813,11.363636,20.882814
209,21.589472,30.724405,22.507936,4.8546405,12.32924,6.1060824,19.493832,15.165622,11.016639,7.4925156,26.247982,12.929006,13.16333,26.06343,12.280377,21.342142,31.981205,18.383875,20.705475,17.443203,9.243939,5.616154,28.75906,27.017244,29.2424,20.899351,6.138928,12.418294,10.804957,28.284964,27.037878,25.188063,16.091568,11.862065,20.715147
210,21.825737,30.04887,22.304379,5.4846616,15.124159,9.413457,18.61175,13.899329,15.245697,7.9362407,23.461817,13.493116,12.065565,24.441557,14.85283,24.592876,29.976519,17.499647,18.418772,17.140148,8.897616,5.5002756,28.08839,24.580215,28.475086,18.391098,9.660209,12.098436,10.570967,24.506695,26.35359,24.516783,14.13131,11.325128,19.887957
211,26.15636,28.2064,27.312761,16.712788,25.861305,6.443684,20.783606,10.968701,7.598177,2.5398757,13.561393,12.889524,10.459349,19.696974,11.182862,21.121864,28.813034,22.732407,21.61674,20.750109,15.904159,14.178854,27.481102,27.01322,19.413965,15.3448,5.4465847,8.45763,13.072805,13.621321,26.81317,24.69652,14.885849,14.109034,21.062424
212,21.957321,30.409061,22.343935,5.1068287,15.226545,9.256387,18.56367,14.095761,15.396222,7.7038064,24.33008,13.266008,12.285754,24.897676,14.620064,24.66967,30.833088,17.34003,18.553257,16.918392,8.627225,5.180447,28.33303,24.842987,29.565659,18.777042,9.526758,12.122227,10.0540905,25.557777,26.58412,24.560022,14.123248,11.175491,19.775707
213,24.248997,29.655998,24.59176,9.821865,23.23446,11.040807,19.145006,11.867953,16.383293,7.407861,20.050695,13.915199,11.555921,21.3631,15.86721,26.153927,27.785816,18.646801,17.029924,17.910582,11.384238,8.097697,28.019405,23.368887,25.078508,14.941886,11.3864355,10.486217,10.548374,17.89231,26.760096,24.446444,11.957771,11.581184,19.77894
214,22.589329,29.445038,24.854744,12.688146,31.776434,7.3636804,22.133379,10.357417,10.022477,3.0523627,11.00972,13.820516,9.303664,18.173971,14.566331,25.793892,28.923342,19.90192,22.887917,22.851553,18.28632,16.933626,27.954433,22.617874,18.507603,12.20442,8.389928,7.491585,18.272156,9.906414,27.23836,24.582602,15.192004,11.322512,20.397835
215,20.777782,31.095692,22.364151,3.5946167,11.007404,3.1937194,20.183702,15.932147,6.8736243,6.7341313,27.583658,12.466797,14.052636,27.15685,9.708569,18.122238,33.689198,18.972084,23.283768,17.562233,9.888273,6.343633,29.112007,29.075287,29.9024,22.869263,3.152062,12.746958,11.709443,30.756088,27.409048,25.645527,18.315948,12.098322,21.341192
216,22.22142,30.17841,23.448046,8.199123,26.462158,9.705161,20.373247,11.58768,15.079095,6.832978,18.567041,14.057386,10.972714,20.305632,16.328375,26.951618,28.298069,17.656914,18.746334,19.415356,13.514458,10.482728,28.241905,21.648865,23.68432,13.553793,11.197361,9.592567,13.542181,16.00825,27.145258,24.445908,12.613879,10.311002,19.666674
217,20.621443,31.654993,22.466475,2.7523496,8.093722,0.97713184,20.6592,17.113476,4.0950723,6.692309,30.326931,12.160085,15.02312,28.909292,7.7714467,15.514552,35.59759,19.54742,25.069756,17.46325,9.617576,6.0076747,29.571499,31.19617,31.355629,25.394611,0.81669986,13.347599,11.441947,34.764877,27.822113,26.06476,20.037354,12.362787,21.917032
218,21.060253,29.694057,22.103811,5.0373425,13.94337,5.475057,19.0323,14.256234,9.790046,6.6964417,24.800993,12.330472,12.844887,24.688347,11.250701,20.139595,30.977665,17.986256,20.404444,16.904274,9.66399,6.260233,27.826756,26.290207,27.869646,19.81511,5.5368342,11.594362,10.643165,26.337637,26.278654,24.353472,15.606223,11.436475,19.993334
219,21.634155,29.63141,22.138517,5.518688,15.120976,8.50546,18.37818,13.713362,13.974182,7.3228884,23.434732,12.925006,12.111968,24.196108,13.741586,23.371408,30.002785,17.419075,18.558205,16.755695,8.930566,5.59028,27.71106,24.777304,28.235554,18.427525,8.612226,11.734419,10.18895,24.565203,26.051283,24.142826,14.164739,11.235867,19.566748
220,21.701275,30.750885,22.576862,5.0919323,16.404049,7.8527446,19.424501,14.130359,13.308146,7.299001,24.115932,13.246393,12.56282,24.763748,13.841214,23.773731,31.221199,17.835922,19.900324,17.666267,9.926423,6.4483485,28.739658,25.481007,28.69727,18.837738,8.212694,11.821569,11.425375,25.050726,27.067759,25.021303,15.010641,11.3554,20.27094
221,20.450542,30.94932,22.11265,3.1858306,9.0752735,2.2002096,20.122458,16.37264,5.551738,6.7260475,28.49375,12.20943,14.310237,27.749136,8.738875,16.670898,34.130493,19.05523,23.83239,17.300463,9.532895,6.016563,28.953632,29.785198,30.252218,23.890327,2.046965,12.994379,11.454649,32.406948,27.233824,25.552624,19.002426,12.168986,21.403402
222,21.274092,30.80253,22.493662,4.5552044,14.299864,5.5601354,19.773775,14.813307,10.128322,6.876134,25.52593,12.79038,13.182645,25.588943,11.823056,21.087814,32.19043,18.346504,21.364859,17.632137,10.051368,6.53264,28.828228,26.970852,28.896204,20.445904,5.7541175,12.039629,11.529845,27.253757,27.18195,25.227867,16.34185,11.658459,20.685575
223,31.932625,25.60491,30.900187,26.623478,30.02243,17.29203,18.755007,8.203292,19.477713,5.0456796,6.3245106,15.399517,7.5462904,16.78361,17.922762,28.313324,22.679628,24.458065,14.958566,20.893265,14.745744,13.926452,25.423336,24.545841,14.802046,11.371712,14.773112,7.854333,10.096101,4.800061,24.67922,23.142654,10.513211,15.087426,20.2022
224,31.289463,25.854633,30.385675,25.581543,29.414648,15.150906,18.897974,8.369886,17.447798,4.2024055,7.702991,14.299383,7.864874,16.844551,16.557098,27.181206,23.582788,24.074724,15.6027,20.711246,15.005804,13.864571,25.669579,24.823948,15.271486,11.505188,12.6068325,7.3193464,9.9263115,5.9939585,25.007814,23.115068,10.513335,14.972887,19.945974
225,22.439945,29.812134,22.61704,6.2637186,18.117603,11.45074,18.163157,12.994277,17.759789,8.078816,21.98676,13.747238,11.573459,23.374086,16.164375,26.457142,29.062407,17.12283,17.142138,16.908138,8.956301,5.738484,27.80252,23.302843,28.230686,16.890228,11.840513,11.717388,10.078615,22.159475,26.135649,24.107796,12.848395,10.915952,19.328867
226,20.679073,31.322931,22.505308,3.323128,9.690678,1.683866,20.531809,16.505165,4.7255015,6.4037867,28.59126,12.246765,14.541492,28.003431,8.318119,16.343227,34.809277,19.484978,24.635765,17.641129,10.026315,6.5717816,29.332535,30.45239,30.42902,24.276623,1.5339967,12.994276,11.8441925,32.635098,27.634325,25.911196,19.540037,12.374722,21.741058
227,20.62548,31.5334,22.408335,2.9153838,9.561968,1.9073458,20.488916,16.642221,5.209332,6.5909634,29.018244,12.277032,14.66773,28.264616,8.525514,16.656155,35.016712,19.310837,24.570719,17.52529,9.824131,6.262765,29.478981,30.450186,31.006878,24.374748,1.7651378,13.176385,11.778212,33.09391,27.736464,25.980886,19.535505,12.293004,21.723694
228,30.275473,25.65038,29.612406,24.146019,28.326324,13.2152815,18.66847,8.56093,15.104142,3.276171,8.364594,13.491494,8.210643,17.051073,14.783649,25.280193,24.290243,23.688606,16.322828,20.126577,14.7864485,13.584217,25.467216,25.253689,15.93189,12.03853,10.65649,7.281703,9.846806,7.1778817,24.827358,22.930231,10.983686,14.873847,19.726118
229,21.22105,30.525578,22.288622,4.541442,14.431487,6.194802,19.372068,14.567832,10.986291,6.872372,24.977724,12.743725,12.977063,25.341597,12.155326,21.570358,31.79372,18.03371,20.80474,17.332037,9.739298,6.2671742,28.559895,26.533657,28.975674,20.0051,6.3179426,12.006142,11.311154,26.726768,26.885529,24.955862,15.959357,11.5550785,20.369843
230,28.037062,27.057045,28.591274,20.01297,26.014942,7.1121626,20.015562,10.3035,7.5368466,1.2688323,11.629648,12.325165,10.009047,19.365545,10.143809,20.182283,28.458136,23.937668,21.04126,20.174334,15.736603,14.377844,26.726448,28.533442,18.76427,15.426606,4.911608,8.022041,11.208422,12.699214,26.182825,24.149374,14.552915,15.177963,20.803118
231,22.064281,28.883234,23.800707,8.785686,17.708546,3.099143,19.99732,13.285628,4.7826915,3.434633,19.860044,11.860798,12.184764,23.12394,8.562573,17.506996,31.489862,20.269176,23.29815,18.590647,12.753449,10.599848,27.516285,27.92717,24.612366,19.500366,2.679966,10.251352,12.586365,22.494162,26.378716,24.535784,17.35025,12.676671,20.68281
232,22.221004,29.636957,22.32676,6.0994306,17.827244,12.563398,17.939976,12.884079,19.114176,8.630697,21.255743,14.148042,11.246619,23.231527,17.153742,27.370659,28.428974,16.844032,16.702143,16.937355,8.688146,5.5659356,27.608406,22.705502,28.111176,16.531853,13.003357,11.986153,10.391149,21.565943,25.871449,23.9905,12.736575,10.802539,19.243296
233,21.820095,29.436155,22.36303,6.0301046,15.062253,8.029802,18.452059,13.667394,13.110736,7.2888417,23.424414,12.818382,12.238097,24.035456,13.2112,22.58783,29.754404,17.734716,18.664434,16.771538,9.173242,5.8231874,27.608425,25.093433,27.67053,18.514236,8.004779,11.592876,10.145356,24.406073,26.002808,24.121109,14.266987,11.442139,19.647087
234,30.21717,25.396141,29.89658,24.890083,28.600801,11.103472,19.172348,8.557876,11.901179,2.143295,7.8473644,13.0133,8.361581,16.802555,12.942166,23.105251,24.713078,24.43722,17.607906,20.491734,15.871353,14.762936,25.410404,26.288822,14.844548,12.352135,8.329188,6.8363724,10.326125,6.9387164,24.937685,23.031729,11.747067,15.328174,20.04496
235,21.451424,30.606045,22.371008,4.750745,10.635602,5.3852067,19.419424,15.547412,10.071431,7.529338,27.021776,12.694517,13.367379,26.537104,11.553542,20.263199,32.263878,18.487663,21.02346,17.270576,8.941151,5.269816,28.637375,27.575693,29.458437,21.684418,5.243018,12.602272,10.542479,29.610985,26.906572,25.10077,16.554602,11.986088,20.748055
236,27.232224,28.022467,26.857409,15.734427,26.001202,14.190756,18.650635,10.287692,18.677156,8.1361685,16.062088,14.928496,10.399833,18.929773,17.472357,27.183388,24.270042,20.331713,14.630729,18.36259,12.054902,9.234674,26.940067,22.55686,20.916714,12.758156,13.865971,9.716078,9.537512,12.245282,25.897795,23.860437,10.019353,12.6065445,19.76188
237,28.466553,27.358063,28.920603,20.649107,28.01652,8.659371,20.239786,9.925353,9.729023,1.9850287,10.973677,12.911127,9.66903,18.75265,11.913337,22.383398,27.747028,23.765835,20.24348,20.77702,16.129814,14.736786,26.94804,27.331114,18.054989,14.222713,6.717225,7.7046604,11.860642,10.854261,26.356245,24.230024,13.749063,14.848299,20.751871
238,21.301971,30.456432,22.222439,4.6682854,11.10105,6.0066137,19.286621,15.298093,10.78788,7.6036143,26.178417,12.861495,13.127486,26.21839,12.090065,20.907171,31.786283,18.324234,20.732195,17.29501,8.955853,5.3528285,28.522476,27.129696,29.208454,21.177114,5.8775268,12.611233,10.887739,28.666773,26.754004,25.054913,16.365618,11.956354,20.67779
239,23.624264,28.462795,25.001928,11.464445,20.871414,4.2333217,19.803991,12.286419,5.791985,2.4179277,17.453009,11.798814,11.618757,21.941473,8.896958,18.500526,30.936852,20.946423,22.585968,18.795225,13.47577,11.657446,27.303368,27.73165,23.591488,18.130375,3.4905376,9.4900055,11.95245,19.629307,26.368208,24.324808,16.336018,13.11984,20.455208
240,20.425419,30.81585,22.542574,6.309533,26.956768,7.3639474,21.249874,12.047767,12.0217,4.8257055,17.113901,13.600017,10.809993,20.960337,14.910146,26.171188,30.71021,17.513758,22.09078,20.615845,14.950108,12.542723,28.716637,22.452564,24.286407,14.371618,9.055595,9.439253,16.512371,16.623112,27.566488,24.867289,15.17265,10.118259,20.011412
241,22.720264,28.490025,25.160604,15.217918,33.837315,7.7701125,22.58076,9.426734,9.837668,2.7795322,7.658136,14.200106,8.067454,16.180916,15.433431,26.436302,27.059004,20.360094,22.597391,24.131252,19.918104,18.899685,27.229641,21.20263,14.657003,10.238003,8.874599,6.4213753,19.700947,5.7357516,26.711992,24.119497,14.61867,11.31749,20.338167
242,28.589909,26.604263,28.695997,21.234777,28.310617,10.291312,19.516464,9.343343,11.753692,2.6486595,10.057586,13.089785,9.129039,17.876429,13.009211,23.394886,26.18654,23.240015,18.60464,20.29426,15.563242,14.185458,26.212482,26.001732,17.289614,13.076829,8.325167,7.5454235,11.235254,9.3215885,25.610128,23.530878,12.546245,14.504971,20.124971
243,20.65343,29.611319,23.597746,12.317992,34.587708,8.562011,23.836592,9.801965,12.07048,6.2545614,9.901075,15.883019,8.114679,15.293549,18.992071,29.25641,25.07906,18.556805,21.40543,25.196163,20.538704,18.437305,27.901402,17.50343,13.130186,8.250986,11.677763,6.817418,21.763546,4.7649326,27.398136,24.535545,13.319695,9.637872,20.538998
244,20.590649,30.773283,22.058222,3.442523,10.143257,3.1662798,19.813742,15.932637,6.9360337,6.7286577,27.73763,12.24414,13.97559,27.167334,9.512808,17.817902,33.517643,18.704617,22.936777,17.177279,9.420824,5.881889,28.783344,28.918617,30.033304,22.942959,3.0431538,12.749583,11.218481,31.143366,27.068605,25.321924,18.13989,11.982941,21.056015
245,20.545776,30.609863,22.284986,3.9322863,11.419523,2.50398,20.140001,15.620985,5.5924826,6.1230845,26.62708,12.196062,13.846946,26.61688,8.935031,17.196617,33.469475,19.078133,23.651218,17.59983,10.292727,6.9940696,28.712383,29.073233,29.031239,22.675608,2.4329364,12.357372,11.949949,29.963518,27.098852,25.362528,18.519516,12.0998,21.196321
246,22.727093,28.93098,23.029985,8.340342,22.880474,15.749241,18.40658,11.434461,21.687952,10.571522,17.221388,16.053879,10.25829,20.927282,19.90732,29.400404,25.232819,17.10839,15.935183,18.163727,10.4250555,7.8408246,26.992111,20.753609,24.304346,14.140455,16.647581,11.434351,12.374548,15.645988,25.345255,23.75004,12.277955,10.353468,19.375341
247,23.0072,29.570242,24.560472,9.612061,20.923985,4.657484,20.314322,12.865485,7.032715,3.4937983,19.09192,12.319717,12.02665,22.674671,10.108092,19.95536,31.536852,20.343992,22.765541,19.109692,13.385488,11.14674,28.142078,27.304543,24.814636,18.283491,4.415266,10.026705,12.841042,20.758652,27.04432,24.914808,16.507023,12.6429825,20.746264
248,31.487011,25.40285,30.619585,26.512562,29.44735,14.559647,18.89176,8.178324,16.324684,3.5951767,6.9182744,13.996844,7.6926413,16.53914,15.777606,26.264297,23.468811,24.490751,15.919884,20.81726,15.383073,14.436282,25.355057,25.232292,14.422726,11.541912,11.727144,6.957904,9.911252,5.495012,24.765442,22.913042,10.749958,15.21069,19.922361
249,21.13769,30.415695,22.233006,4.518639,13.521006,5.3735204,19.377108,14.768318,9.932488,6.719119,25.64742,12.481575,13.131137,25.55728,11.397506,20.536718,32.05004,18.133566,21.06964,17.19083,9.625433,6.1342864,28.449818,26.915325,28.984081,20.536491,5.4520984,11.980747,10.950926,27.618029,26.814447,24.858675,16.188576,11.5649185,20.368643
250,24.308212,28.086006,24.836588,14.445253,30.123486,17.944382,20.476212,9.4894,23.357836,13.374619,13.259035,18.494835,8.411128,16.070076,24.045893,32.080814,19.853825,18.081017,13.808585,21.391909,14.407988,11.834207,26.389053,16.308365,15.061414,9.137526,20.320448,9.093969,14.500853,6.3006263,25.362219,23.37591,9.320322,9.567707,19.72566
251,21.707537,24.430393,22.05205,11.599055,19.194546,28.816778,17.101442,10.599681,32.084564,22.614128,7.066803,25.619755,7.393842,18.082237,30.739975,34.552723,10.938609,17.807537,9.260334,20.173534,7.8352757,5.7996845,22.740234,14.80582,13.877363,11.417644,30.495337,16.398508,17.969854,3.2062247,20.106264,23.101053,11.87486,11.101887,21.703241
252,26.995144,28.675625,28.164606,20.136513,31.861525,10.838838,22.918247,9.712099,13.460551,7.262208,11.417736,16.1102,8.758138,15.748244,18.52474,27.931599,23.227562,22.493124,18.052473,24.08685,18.85345,16.17566,27.902283,21.138832,12.099175,9.610935,11.767143,7.338628,16.008268,5.213019,27.53231,25.046558,11.02633,13.007834,21.58399
253,18.993713,30.284136,22.6135,9.541001,35.394867,6.641878,24.203573,10.09956,9.881524,4.674372,9.748329,15.182511,8.438786,16.012163,17.498816,28.337048,27.283371,17.9697,23.796978,25.275284,21.170443,19.401438,28.365894,18.259167,15.032009,9.01756,10.000301,6.955675,23.315403,6.1286874,27.840115,24.854574,15.086025,9.241674,20.564182
254,22.165741,29.881966,22.35951,5.872103,17.129416,11.644174,18.170485,13.219305,18.118994,8.349889,22.081034,13.938708,11.498505,23.649712,16.55779,26.76828,29.056366,17.016872,17.157555,17.010216,8.709434,5.467901,27.852325,23.215672,28.405193,17.067741,12.077782,12.018755,10.33663,22.55533,26.115818,24.203592,13.026509,10.938531,19.444235
255,21.22308,30.031363,22.215729,5.1760654,11.448605,5.636691,19.32886,14.993624,10.090852,7.508792,25.673548,12.794454,12.921553,25.537123,11.863086,20.405537,31.084063,18.401978,20.52725,17.381756,9.294033,5.726742,28.181446,26.74036,27.991724,20.687698,5.6007605,12.244413,10.900044,27.68688,26.522064,24.821718,16.059267,11.900909,20.58609
256,22.47568,27.584257,22.532516,8.573316,23.303759,21.701998,17.22926,10.819623,27.349817,14.191765,13.334633,19.088037,9.211429,20.25173,23.90495,32.166588,21.389376,16.567827,13.665508,18.002117,8.92502,7.0046883,25.492455,18.583899,23.016579,13.304342,22.886847,13.170975,13.495007,11.91781,23.479528,23.15305,12.173543,9.939995,19.44721
257,32.896023,25.665863,31.772203,28.006079,30.57959,17.149715,18.972643,8.105851,19.07959,4.531312,6.0445995,15.255293,7.565974,16.81702,17.553457,28.110016,22.986809,25.260162,15.234354,21.170742,15.173161,14.439604,25.636036,25.40499,14.491228,11.583288,14.258495,7.5761642,9.809036,4.562008,24.938984,23.360123,10.61206,15.606517,20.459368
258,20.148262,29.68301,22.771921,9.876427,31.831865,10.049275,22.829187,10.31771,14.242114,8.073677,12.23197,16.288998,8.853836,16.612839,19.567259,29.203985,24.801062,17.646175,20.277666,23.529598,18.257788,15.845541,27.831875,17.739113,15.767409,9.472687,13.09185,8.149439,20.301785,7.4683495,27.002558,24.499804,13.252154,9.327205,20.351007
259,21.730434,30.797039,22.423475,4.7784986,16.152462,8.414494,19.09239,14.173938,14.280534,7.346304,24.373997,13.211159,12.508283,24.977491,14.158921,24.310728,31.431898,17.512335,19.506649,17.334671,9.367656,5.900574,28.700863,25.256655,29.504307,18.895493,8.785328,11.970896,10.897162,25.526833,26.980246,24.883894,14.726064,11.182506,20.040104
260,19.629444,31.419262,22.328306,4.633091,23.066793,3.6979036,21.958471,13.5088,7.194308,4.4600086,20.266813,13.02346,12.121876,22.879538,11.899334,22.194939,32.785206,18.26726,24.624828,20.555456,14.904047,12.236768,29.320847,25.116026,25.546986,17.402441,5.207366,10.200676,16.795946,21.12993,28.124887,25.602757,17.49678,10.695926,20.93225
261,21.827398,29.574665,22.425386,5.907358,15.041793,8.081663,18.527365,13.764501,13.0731,7.3004217,23.336,12.904396,12.362411,24.263327,13.182885,22.590408,29.951889,17.858894,18.987019,16.844944,9.265239,5.9307523,27.754688,25.431164,27.938503,18.715227,7.965671,11.77734,10.474546,24.552769,26.109007,24.287283,14.648142,11.584417,19.797853
262,24.170254,29.75188,24.805534,10.415377,25.280428,11.168695,19.504179,11.580275,16.033827,6.183336,17.43475,13.9909725,10.969557,21.132133,15.853384,26.764507,28.657465,18.950808,18.588768,18.889208,12.565965,10.030544,28.085594,23.595722,24.774826,14.7381315,11.461587,10.161969,12.225431,16.479002,26.85028,24.515623,13.139804,11.625609,19.873941
263,21.473145,30.020924,22.40502,5.5208373,11.689352,5.685667,19.322336,14.933357,10.099626,7.4507165,25.627775,12.776059,12.942486,25.466574,11.816935,20.399176,31.049091,18.528969,20.436821,17.377602,9.351874,5.7748137,28.1946,26.815731,27.913628,20.605082,5.5962005,12.18164,10.741947,27.526579,26.561144,24.822186,15.947707,11.984018,20.58515
264,29.843687,25.729448,29.082735,23.00203,27.878899,14.011002,18.24195,8.623918,16.382301,3.538604,8.567908,13.532467,8.184858,17.399729,15.29264,25.987804,24.438644,23.050808,16.029963,19.670456,14.054455,12.914118,25.403378,24.902025,17.102379,12.161207,11.540107,7.652693,9.620957,7.844547,24.6571,22.785658,10.968433,14.525349,19.439528
265,28.685677,27.419945,29.00862,21.69218,31.230385,11.940334,20.426092,9.09274,13.992864,3.2057874,8.484521,14.066121,8.515599,17.439808,15.363471,26.453846,26.142014,23.202776,18.980118,21.89709,16.858894,15.70439,26.845406,24.867224,16.417593,11.928749,10.442619,7.2503805,13.371191,7.1172295,26.192316,23.986313,12.642819,14.098093,20.43783
266,21.613625,30.388811,22.255392,4.871951,10.070391,5.7968426,18.943102,15.532158,10.794691,7.5945764,27.267355,12.4894905,13.311486,26.598604,11.609577,20.41732,32.19334,18.201918,20.404118,16.801466,8.339634,4.6435223,28.383636,27.38439,29.932007,21.645725,5.522567,12.60876,9.7395935,30.037481,26.639275,24.754229,16.133532,11.884272,20.368067
267,28.328678,27.352339,28.622997,19.930809,27.231718,8.945115,19.81843,10.0258875,10.398242,2.156293,11.71726,12.763588,9.802187,19.045916,11.977946,22.5277,27.820477,23.356073,19.72984,20.205465,15.335719,13.8567705,26.874294,27.17531,18.965364,14.444466,7.01989,7.911214,11.145872,11.709347,26.21735,24.092224,13.456872,14.671748,20.507524
268,30.623695,25.474316,30.241415,25.386707,28.98936,11.383475,19.201761,8.521613,12.145977,1.963268,7.541314,13.037851,8.341293,16.907663,12.976024,23.30886,24.93378,24.705254,17.743834,20.602665,15.979438,14.978403,25.510479,26.617199,14.992864,12.45932,8.443736,6.8243046,10.27669,6.849594,25.033434,23.11659,11.881915,15.496332,20.122475
269,18.954119,30.84055,22.068888,6.2473636,30.67699,5.2134595,22.569723,11.429637,8.893323,3.2274451,14.067207,13.426758,10.118056,19.384096,14.225947,25.718958,30.970104,17.493618,24.417953,22.418991,17.872076,15.979864,28.725346,21.554256,21.686789,12.89573,7.575413,8.254607,19.846514,13.4529705,27.87133,24.918924,16.250843,9.645184,20.151716
270,32.00267,25.989532,31.167639,26.906628,30.21412,14.708377,19.38373,8.345303,16.561575,3.6653523,7.1497126,14.275126,7.8265743,16.814615,16.156574,26.89497,23.990686,24.905666,16.287436,21.344688,15.80646,14.801788,25.919579,25.601181,14.603085,11.6799755,11.9221525,6.9999285,10.249542,5.5384426,25.327234,23.39831,10.906167,15.425674,20.32735
271,21.902029,29.832657,22.274298,5.67326,15.63569,10.247172,18.345524,13.620484,16.187082,8.089933,22.743162,13.614286,11.856306,24.140467,15.33876,25.164234,29.50061,17.341488,18.00113,17.012259,8.806424,5.510735,27.872768,24.190557,28.383438,17.948208,10.451956,12.117409,10.550296,23.754452,26.130518,24.315796,13.886571,11.24301,19.68075
272,20.956642,29.122353,21.49357,5.0826235,11.915415,8.221395,18.075361,14.171554,13.461896,7.846884,23.599709,12.93042,12.048032,24.638586,13.514907,22.464773,29.527319,17.331615,18.623993,16.586643,8.287003,4.9385643,27.263138,24.980959,28.013273,19.15574,8.072492,12.251799,10.429092,25.679556,25.49732,23.936764,14.802545,11.447069,19.61813
273,19.97593,29.521866,21.505985,3.8752675,10.99527,3.0070977,19.220613,15.021406,6.2129617,6.032502,25.513578,11.825426,13.3011675,25.694183,8.990916,17.121456,32.114285,18.306065,22.420603,16.852104,9.678128,6.4737086,27.687862,27.891773,28.264011,21.698284,2.8399162,12.01853,11.359312,28.752356,26.092806,24.437426,17.635647,11.722044,20.36034
274,20.262894,30.043762,22.018618,4.1733465,12.269914,2.632667,19.866514,15.085956,5.58226,5.769119,25.382391,12.02826,13.418803,25.759207,8.936156,17.250288,32.745506,18.791563,23.271278,17.513237,10.47469,7.3423276,28.202557,28.317816,28.117126,21.838951,2.6090274,11.905138,12.053149,28.491072,26.65405,24.918512,18.08191,11.881424,20.800638
275,21.933826,28.63365,22.294668,6.838013,15.239509,8.643731,17.968035,13.111136,13.631444,7.3681674,22.346716,12.766733,11.786618,23.124126,13.475414,22.637623,28.435673,17.61537,17.647003,16.465769,9.012848,5.7396235,26.927647,24.321693,26.533363,17.639406,8.535775,11.326019,9.663006,22.927916,25.4024,23.587841,13.470319,11.409432,19.254541
276,26.636011,26.795809,25.973974,16.21532,27.533817,20.30562,18.173445,9.264567,25.610682,13.5107975,13.836439,18.250387,8.832515,16.72482,23.304575,31.058687,18.935516,18.77409,10.964461,18.707535,11.224451,8.730471,25.403145,17.650818,17.1974,10.273747,21.489145,10.138731,10.014454,7.632774,24.251387,22.758196,7.8658276,10.67568,19.25647
277,33.70173,26.341755,32.655453,29.00975,31.432613,15.74664,19.71462,8.279074,17.463335,3.409254,6.4149675,14.680432,7.7901807,17.10562,16.614405,27.717125,24.414097,26.127182,16.484219,21.91409,16.239418,15.459318,26.414364,26.67632,14.598007,11.997867,12.5349,7.0242777,10.028181,5.012611,25.81564,23.922464,11.081634,16.185698,20.885042
278,22.581997,31.021107,24.260077,8.17808,24.088432,6.5447927,21.248455,12.847104,10.53402,5.3589473,20.032045,13.458036,12.027963,22.252066,13.379537,23.866215,31.0357,19.290783,21.804256,19.97744,14.088508,11.149202,29.236153,25.126509,25.020205,16.442972,7.387077,10.155312,14.223764,19.407042,28.097668,25.571062,15.272808,11.658157,20.89287
279,30.577406,26.418385,30.626017,24.86522,29.014542,9.188006,20.191069,9.216649,9.313106,1.0317347,8.557324,12.803989,9.03222,17.879538,11.4568815,21.866062,26.910446,25.469374,19.870337,21.214985,16.913452,15.842909,26.464947,28.395386,15.873844,13.748679,6.284342,7.026532,10.9915,8.596738,26.064974,24.024115,13.316047,16.039011,20.951712
280,20.62511,30.7603,22.25593,3.8526738,12.418554,3.4804063,20.108255,15.381487,7.111858,6.5225244,26.446077,12.45072,13.694099,26.280571,9.993163,18.538656,32.96288,18.76045,22.898668,17.637182,10.275689,6.8038993,28.821781,28.295698,28.952934,21.876266,3.5583463,12.306866,11.977562,29.054243,27.190268,25.391066,17.801752,11.886719,21.080854
281,22.914604,28.2008,25.019861,14.446702,31.31661,7.128214,21.617628,9.764682,9.111561,2.1892061,9.244791,13.348293,8.643664,17.28401,13.76504,24.708973,27.958406,20.32235,22.425781,22.657606,18.318012,17.279589,26.984737,22.6222,16.796455,11.774448,7.6554046,6.881918,17.659151,8.494976,26.374426,23.884716,14.806736,11.659718,20.043028
282,20.659767,31.03217,22.26379,3.4038084,10.458897,2.8800223,20.097029,16.051851,6.431152,6.6526747,27.809204,12.328204,14.168769,27.361513,9.297212,17.60315,33.879852,18.969498,23.494766,17.401085,9.755437,6.2288027,29.043968,29.362556,30.147423,23.194515,2.7535682,12.8378105,11.625505,31.292269,27.329527,25.588053,18.580921,12.128362,21.315062
283,30.742897,26.042616,30.28485,25.159147,29.923302,13.086327,19.38381,8.542213,14.648477,2.9415088,7.4911475,13.757944,8.139063,16.985546,14.874887,25.594925,24.786331,24.34957,17.301247,21.081524,15.9496565,14.941919,25.883701,25.714947,15.297617,11.987011,10.493685,7.016305,10.921853,6.3378835,25.291565,23.321346,11.614522,15.106215,20.162249
284,30.82075,26.073225,30.603437,25.317255,29.419058,10.685593,19.708902,8.811202,11.308124,1.520498,7.935014,13.013056,8.619893,17.393496,12.566831,23.141123,26.001362,25.112003,18.706867,21.041565,16.438368,15.466701,26.086582,27.37001,15.524446,13.000762,7.777905,6.861824,10.688682,7.504539,25.613382,23.616364,12.488769,15.717707,20.533716
285,20.403393,30.651518,22.120245,3.5395348,10.709472,2.3302805,20.058855,15.808724,5.5193357,6.256129,27.26319,12.1145935,14.003997,26.923214,8.7660055,16.915794,33.642033,18.957771,23.642754,17.374487,10.000013,6.609667,28.715828,29.230448,29.451895,22.99629,2.2400079,12.521899,11.701243,30.734177,27.073524,25.340143,18.604046,12.035788,21.169085
286,19.360878,31.672943,22.200855,4.8364897,27.224691,4.9754896,22.366842,12.651004,9.103948,4.269344,17.991585,13.443491,11.369613,21.490307,13.715354,24.868,32.182465,17.644934,24.287975,21.419003,16.20442,13.673332,29.460815,23.23175,24.518024,15.099441,7.06942,9.508317,18.262413,17.78108,28.374598,25.535883,16.665737,10.032633,20.612516
287,21.890793,30.088606,22.60481,5.664749,12.981043,6.682812,18.999868,14.615516,11.448333,7.348177,25.164474,12.797174,12.915355,25.337725,12.281905,21.347511,31.045946,18.356771,19.915174,17.070656,9.163991,5.6334977,28.245235,26.622332,28.568604,20.133366,6.503281,12.145144,10.369257,26.907156,26.577394,24.759428,15.4787445,11.937397,20.338942
288,21.024055,31.110443,22.446768,3.8621135,13.173441,4.4376717,19.98266,15.348711,8.618062,6.640618,26.510618,12.590268,13.711014,26.446692,10.728759,19.777336,33.215546,18.598269,22.48334,17.568619,10.04742,6.509041,29.101875,28.11447,29.786572,21.630512,4.4970164,12.405299,11.739109,28.995298,27.411463,25.505037,17.41772,11.845769,20.991234
289,21.10876,30.694845,22.363682,4.325239,11.455973,4.6243505,19.741138,15.46402,8.800799,7.1094313,26.653898,12.663759,13.54753,26.440386,10.912566,19.54335,32.499905,18.68432,21.87315,17.457634,9.557724,5.979835,28.771847,27.968859,29.238,21.767294,4.551957,12.552406,11.296404,29.228086,27.063347,25.321423,17.162495,12.035268,20.983274
290,21.14531,30.215168,22.176172,4.4790506,11.4487705,5.137837,19.13328,15.147373,9.422118,6.9312053,26.080904,12.431377,13.379277,26.155523,10.869784,19.614227,32.06264,18.383968,21.218052,16.905117,9.108985,5.6105447,28.326973,27.67477,29.36649,21.367617,4.8666415,12.458488,10.745139,28.774086,26.606924,24.877142,16.735275,11.970245,20.522453
291,22.03762,28.741287,22.164454,6.9628057,20.501392,16.64572,17.789778,11.768115,22.948545,11.477737,17.598572,16.310947,10.18342,21.501564,20.579048,29.829409,24.833502,16.46895,15.353712,17.649185,9.186743,6.527417,26.700989,20.401669,25.299282,14.6471,17.52723,12.220975,12.132669,16.755575,24.890244,23.583761,12.332585,10.253772,19.239159
292,28.657671,26.440285,28.41849,20.574461,26.735134,10.9294195,18.669756,9.4462805,12.896041,2.3945653,10.642481,12.682763,9.122262,18.524504,12.920003,23.635641,26.632893,22.843641,17.999245,19.414066,14.15368,12.901259,25.982761,26.18332,18.905315,13.767321,8.708262,7.8235598,9.879713,10.829771,25.257105,23.238188,12.349139,14.428125,19.708265
293,21.247623,30.07691,21.987047,4.693143,10.125682,5.945874,18.807112,15.3114195,10.762242,7.51097,26.36995,12.528199,13.11365,26.297571,11.672544,20.398315,31.70322,18.100784,20.397926,16.791203,8.420847,4.8332696,28.138538,27.160126,29.486418,21.341679,5.6119256,12.607334,10.24037,29.229452,26.363165,24.650244,16.246983,11.903426,20.315245
294,22.029667,29.207058,24.588675,12.888511,32.4386,6.8203254,22.527157,10.137355,9.140598,2.887649,9.972057,13.9276285,8.881246,17.415867,14.644236,25.67395,28.437828,19.865616,23.255997,23.500196,19.12859,17.887716,27.742393,21.908152,16.973299,11.532708,8.134262,7.090642,19.31559,8.557072,27.119936,24.462961,15.248944,11.108227,20.431013
295,29.76919,26.475954,29.845701,24.561768,31.488785,12.347014,20.339455,8.526984,13.875976,2.830083,6.7224717,14.032298,7.78547,16.463581,15.386474,26.253239,24.975346,24.0891,18.312157,22.288015,17.322409,16.401085,26.192348,24.833042,14.09945,11.297065,10.387845,6.5415583,12.872835,5.173626,25.675694,23.562222,12.030036,14.599478,20.391912
296,31.291622,26.11599,30.542372,25.698929,30.092022,14.86802,19.276627,8.422138,17.033062,4.003722,7.460197,14.369963,7.8685017,16.878132,16.511301,27.262486,23.97023,24.262953,16.203426,21.1604,15.553648,14.481503,25.91042,25.012363,15.113226,11.535151,12.37941,7.201701,10.54036,5.800308,25.266914,23.32113,10.889316,15.0012,20.144278
297,20.190384,29.590744,21.928268,4.4352674,11.093327,2.2258172,19.634937,15.135724,4.8286824,5.6318216,25.252726,11.862366,13.367922,25.796553,8.340439,16.298563,32.555996,18.933592,23.315645,17.300472,10.2257,7.2425923,27.830212,28.596954,27.82932,22.205929,2.0384376,11.929007,11.783747,28.827497,26.286352,24.683395,18.307655,12.035671,20.741474
298,18.707253,30.504215,22.298567,8.305768,33.532806,6.2064037,23.910927,10.630628,9.482817,4.7431226,11.124241,14.965481,9.010473,17.047543,16.790075,27.509146,28.035246,17.847069,24.094177,24.616497,20.324306,18.413261,28.545437,19.159733,16.67174,10.173052,9.375074,7.603301,22.800922,8.263661,27.895834,25.033552,15.65887,9.407396,20.656599
299,28.112858,26.229885,27.215118,18.806004,26.035902,15.443467,17.404245,9.163503,19.42515,5.56863,11.313491,13.994136,8.63194,18.07068,17.000109,27.58273,24.05663,20.85936,14.38155,18.278465,11.874779,10.208546,25.43758,22.850822,19.762043,12.146386,13.921358,8.8026,8.833114,9.989432,24.441114,22.585592,9.979846,13.152176,18.844954
300,24.16416,25.809544,24.189924,13.887328,21.571568,20.498896,17.806803,10.320382,24.069395,14.58919,11.05051,19.66185,8.699513,18.305716,23.281553,29.97979,17.585438,19.15977,12.406044,19.272446,10.22942,7.853399,24.606045,18.969452,16.69226,12.002611,20.864859,12.701707,13.972521,7.6300464,22.804834,23.278559,11.255931,12.063089,20.579466
301,22.9855,29.590775,22.69451,6.911968,20.517391,15.785539,17.545115,12.106887,23.104383,9.738276,19.742691,15.09263,10.584801,22.277239,19.697836,30.25414,27.145073,16.434097,15.061165,16.965958,8.498439,5.589388,27.45676,21.021324,27.89598,15.012732,16.541876,11.975818,10.06742,19.087002,25.729406,23.755716,11.317833,10.347939,18.879452
302,31.01117,25.876278,30.424288,25.507137,29.722557,13.21474,19.19813,8.452931,14.800359,2.8383846,7.493595,13.643844,8.097572,16.940475,14.790923,25.524525,24.64489,24.439857,16.96587,20.888535,15.713254,14.707532,25.765442,25.782946,15.282839,11.991505,10.490122,6.9507685,10.411453,6.336412,25.183702,23.22492,11.347692,15.2086115,20.082277
303,22.191051,29.377262,22.565283,6.4955444,15.197852,8.853074,18.318554,13.554183,14.127354,7.648967,23.171278,13.084173,12.120384,23.869667,13.863769,23.264889,29.293827,17.790688,18.055367,16.75005,8.990222,5.6185193,27.579983,24.77922,27.55195,18.19891,8.821339,11.696058,9.885556,23.909792,25.965998,24.122309,13.81011,11.534132,19.649595
304,23.700365,28.806183,24.531229,10.329031,19.877415,6.6843047,19.199121,12.466535,9.836202,4.688569,19.512186,12.386464,11.797069,22.221216,11.310231,20.998348,29.70728,19.84903,20.129688,17.982235,11.876153,9.293945,27.460026,26.315126,24.69785,17.480202,6.1496587,10.121834,10.897001,20.2703,26.293308,24.246248,14.695385,12.582289,20.072847
305,24.390604,25.461365,24.102938,14.14298,24.395933,25.36974,17.331999,9.664649,29.710474,17.888453,9.850372,21.915731,7.9088573,17.347395,27.128078,33.102966,15.199083,18.071054,10.12531,19.191692,9.399599,7.506554,23.81403,16.109514,15.89598,10.872404,26.773767,13.036923,13.651928,5.253321,21.930317,22.56727,9.935302,10.491985,20.10108
306,21.398884,30.298023,22.377554,5.379952,17.305828,8.135961,19.40036,13.644966,13.4023695,7.348504,22.84595,13.363499,12.178887,23.906599,14.184082,23.982904,30.249392,17.684732,19.63124,17.83773,10.369293,6.9971147,28.350536,24.735474,27.45742,17.932339,8.6053095,11.516235,11.984413,23.362593,26.742083,24.750296,14.755447,11.191521,20.093563
307,22.583126,29.212383,24.184216,9.342574,20.029587,4.370895,20.10015,12.890005,6.5477457,3.4360633,18.898184,12.170505,11.943407,22.681019,9.730279,19.340012,31.377453,20.185112,22.886026,18.936512,13.193701,11.068246,27.796917,27.302355,24.648262,18.488548,4.0539365,10.041822,12.904096,20.992552,26.67753,24.65346,16.78358,12.569683,20.59609
308,20.316765,24.202778,21.177675,10.222545,15.142327,29.0418,17.41381,11.513455,31.350346,24.425232,6.111152,27.168552,7.536876,19.006945,31.616858,34.39185,9.300866,18.36673,9.663632,21.018099,7.3895082,4.9502206,22.70805,15.413187,12.8483,12.231649,30.45804,18.370632,20.838774,2.8393838,19.640589,24.023264,13.58412,12.312177,23.145468
309,24.75227,27.213505,25.348001,16.644459,30.4394,17.954607,20.521719,9.117777,22.278952,12.471279,10.314452,18.579006,7.6049633,15.426454,23.645823,31.649702,19.26093,18.998577,14.360301,22.225937,15.204429,13.23282,25.717297,16.637024,13.012289,8.919614,19.876425,8.736043,15.451692,4.2588034,24.77515,23.095291,9.992757,10.195888,19.906054
310,27.492971,27.72374,28.43855,19.248997,26.76022,6.6971407,20.72608,10.542603,7.182852,1.472825,11.769247,12.670515,10.077994,19.470789,10.569938,20.73273,28.974195,23.855764,21.974125,21.042133,16.460773,15.153521,27.251427,28.192368,18.597544,15.430739,4.9537168,8.005958,12.7160015,12.549328,26.659563,24.593325,15.166633,14.874849,21.165487
311,25.844643,28.694788,27.073915,17.421558,31.622341,10.308778,21.63513,9.815142,13.024476,4.5341063,10.578945,14.656719,8.983064,17.427452,16.263458,27.04617,26.477325,21.500261,19.998867,22.703533,17.64844,15.936008,27.642033,22.781034,16.586735,11.389664,10.503279,7.5321302,15.918864,7.8765397,26.973436,24.518373,13.05211,12.591784,20.66786
312,32.77662,26.019188,31.885317,28.019646,30.614433,14.501088,19.498808,8.326633,16.007542,2.991015,6.726819,14.119944,7.857884,16.98155,15.594619,26.518799,24.535173,25.616386,16.74581,21.540333,16.096058,15.272034,26.058605,26.501589,14.625495,12.064316,11.353732,6.851138,10.0455475,5.530441,25.49331,23.564821,11.218068,15.893536,20.547869
313,20.821747,30.654123,22.101145,3.8759756,8.75844,3.520964,19.682167,16.162807,7.4489393,7.2315044,28.086021,12.362135,13.888914,27.385984,9.869025,17.964243,33.22186,18.787651,22.513685,17.178816,8.993047,5.400351,28.678593,28.899817,29.922115,23.192394,3.2762816,12.934144,10.875231,31.673523,26.932146,25.254574,18.012762,12.146601,21.0838
314,20.29327,31.17326,22.465616,3.8055851,14.811598,2.0889995,20.901814,15.264668,5.006478,5.2423463,25.325315,12.281563,13.658863,25.988632,9.048179,17.957314,34.17662,19.097237,24.759607,18.51628,11.779836,8.695467,29.187168,28.670965,28.610014,21.885798,2.453217,11.798176,13.434921,28.306757,27.691439,25.70064,18.80955,11.806446,21.356937
315,21.27001,23.796888,21.526037,11.048036,16.652697,28.719418,16.288233,10.847703,31.72983,21.94865,6.464693,25.34681,7.3712435,18.687174,30.008066,33.845543,10.86993,17.827568,9.026036,19.466822,6.7144217,4.7423916,22.217415,15.373587,14.684359,12.018895,29.861406,17.132576,17.77799,3.8935974,19.403692,22.923326,12.306609,11.64324,21.682823
316,20.850773,29.97612,21.997671,4.58163,13.159407,5.237937,19.215492,14.595217,9.535092,6.6798177,25.068346,12.417236,12.959456,25.211119,11.212076,20.101198,31.46877,18.084988,20.9454,17.105288,9.638877,6.2139087,28.087322,26.712051,28.312088,20.318121,5.2590346,11.90211,11.1035595,27.063627,26.466398,24.636978,16.182867,11.583025,20.265911
317,21.37196,30.54303,22.38323,4.760988,11.238537,5.357782,19.488369,15.370021,9.897048,7.408075,26.561651,12.738877,13.313634,26.273266,11.542807,20.259861,32.069477,18.527063,21.101524,17.356853,9.20249,5.581212,28.613216,27.47559,29.122364,21.417946,5.2601075,12.507301,10.829939,28.968752,26.900103,25.126917,16.559484,11.988903,20.78001
318,22.504135,29.154455,23.194456,7.3774786,16.190966,6.634842,18.703445,13.404994,10.757273,6.412631,23.187796,12.353828,12.562783,23.572636,11.566194,20.669357,29.840069,18.600126,19.298332,16.764484,10.008676,6.724447,27.52472,26.094635,26.805302,18.635118,6.3606777,11.121659,9.841574,23.916176,26.131525,24.137167,14.538084,11.911566,19.80353
319,23.216393,29.29256,23.584356,8.2380705,19.390663,9.494313,18.567997,12.578066,14.589862,6.9602175,21.471872,13.128098,11.799657,22.514833,14.192666,24.08403,28.744682,18.23194,17.710445,17.089912,10.162847,6.945595,27.597744,24.302637,26.33546,16.699482,9.5498,10.863748,9.872223,20.978079,26.209253,24.087177,12.954289,11.535646,19.53869
320,31.871258,25.60237,30.774862,26.358528,29.649351,16.732656,18.582077,8.202345,19.06457,4.485006,6.7189455,14.896146,7.6017056,16.863972,17.398817,28.004255,23.103167,24.325375,14.977553,20.616875,14.55132,13.675126,25.43761,24.697693,15.303499,11.47296,14.116114,7.676099,9.62569,5.34983,24.711626,23.057121,10.34146,15.105192,20.00915
321,21.69888,30.39306,24.043259,10.327476,30.1816,8.106027,22.553347,11.149414,11.796068,5.650457,13.978142,14.855226,9.953837,18.770445,16.498083,27.13315,28.175945,19.015055,21.91151,22.780312,17.567032,15.254156,28.669323,21.471172,19.23861,12.153464,9.973574,8.573638,18.593266,11.385784,27.792118,25.179115,14.619659,10.775872,20.79036
322,31.423523,26.521687,30.845297,25.827013,30.83451,14.3293,19.723745,8.550128,16.303782,3.5364437,7.3533382,14.345821,7.997587,17.07672,16.194494,27.185026,24.717825,24.6123,17.030437,21.626503,16.159084,15.143782,26.31406,25.5345,15.250468,11.754551,11.831834,7.11024,11.12367,5.852363,25.690853,23.674932,11.387009,15.178411,20.4484
323,20.495125,30.000013,21.818163,4.1123724,9.007702,3.4826946,19.448824,15.713338,7.1479926,7.0912485,27.076239,12.278408,13.535895,26.585192,9.7884,17.644651,32.265324,18.622845,22.093174,17.04775,9.117515,5.629356,28.12228,28.263254,28.777187,22.49416,3.2955034,12.6262245,10.946817,30.370607,26.44343,24.85714,17.639965,12.02532,20.818327
324,21.613869,29.198217,22.051638,6.1404333,22.409433,12.611104,18.073328,11.700815,18.951416,8.154604,19.238323,14.040064,10.807996,21.405653,17.196333,27.582417,27.61042,16.138416,16.715057,17.07695,10.062953,7.275062,27.087265,21.194271,26.571468,14.615555,13.60046,10.7863655,11.213884,18.35584,25.574085,23.345995,12.177347,9.775611,18.530937
325,20.540554,31.32057,22.197357,2.7841606,8.360965,2.0710783,20.162575,16.779432,5.4609785,6.7613187,29.213072,12.204071,14.661389,28.51215,8.480451,16.476099,34.90259,19.183851,24.31695,17.220625,9.296889,5.7469115,29.274395,30.521334,31.322906,24.65786,1.7699589,13.382996,11.445611,33.68324,27.471289,25.81149,19.56567,12.346472,21.600336
326,24.912779,26.514158,24.657839,14.674322,27.590042,24.462805,18.470144,9.376038,29.566965,17.94036,11.638174,21.504524,7.9397984,16.49588,27.520493,33.757668,16.083717,17.75735,10.508043,19.96037,10.935979,8.887344,24.683208,15.127371,15.234001,9.996375,26.743551,11.502203,13.131142,5.2737937,23.168802,22.661116,8.858085,9.474144,19.786388
327,21.197348,30.597378,22.39168,4.6711917,14.492631,5.842042,19.65559,14.6235285,10.443011,6.9100776,25.036367,12.821914,12.989831,25.284643,12.065663,21.336197,31.781126,18.23021,21.079643,17.616896,10.051971,6.5679755,28.647655,26.614613,28.52933,20.075632,6.043875,11.940929,11.59989,26.637438,27.007362,25.087156,16.1158,11.603864,20.563215
328,30.549915,25.20478,29.683315,24.872555,28.207752,14.077239,18.346115,8.284441,16.08335,3.5438755,7.7470064,13.605869,7.866166,16.676237,15.314795,25.714588,23.495916,23.659988,15.556245,19.997461,14.523465,13.409359,25.069916,24.796677,15.348372,11.638828,11.40481,7.1789207,9.437937,6.456391,24.433973,22.59921,10.496926,14.840501,19.497236
329,32.30021,26.021582,32.078377,28.185268,30.218748,9.976591,22.027428,9.025489,8.74778,3.9550629,7.912278,15.092786,8.990861,15.495075,13.867894,21.59745,22.09869,27.55347,17.392584,21.385117,19.234886,15.974636,27.036964,28.29163,10.968016,10.644184,7.6547766,8.832722,9.560089,4.874723,27.661871,25.465647,10.178863,18.49629,22.977846
330,22.248074,29.993221,23.934204,8.735286,20.703125,5.58669,21.000303,13.012428,8.7921295,5.879751,20.254347,13.3558445,11.885028,21.993383,12.60504,21.903065,29.606838,19.662697,21.366219,19.793957,13.620725,10.543257,28.461678,25.240108,23.19433,16.858637,6.156357,10.272833,13.895595,19.638773,27.342619,25.221003,15.274515,12.098125,21.016758
331,21.55489,30.243324,22.196245,4.9506016,14.740406,8.228232,18.769783,14.177884,13.812496,7.4305434,24.183428,13.077654,12.397976,24.899256,13.790982,23.530392,30.854809,17.548725,19.26336,17.067938,9.019778,5.5963755,28.245361,25.313377,29.012459,19.072914,8.390653,12.051298,10.657368,25.638634,26.513968,24.60404,14.777473,11.332787,19.942436
332,20.668812,30.603662,22.224049,4.029991,11.830841,3.5269263,20.010422,15.417849,7.1884003,6.707813,26.595367,12.456774,13.63865,26.25462,10.049571,18.438698,32.710213,18.756748,22.62355,17.56022,10.076836,6.580272,28.683678,28.193562,28.760021,21.903288,3.5893521,12.327396,11.714156,29.184286,27.057749,25.285788,17.637085,11.907003,21.037622
333,24.337978,29.423622,24.924582,10.426505,22.979706,8.897302,19.155382,12.03843,13.031423,5.082015,18.927563,12.927456,11.626174,21.889267,13.186387,23.749529,29.716656,19.429369,19.2736,18.04493,11.978884,9.396093,27.893196,25.298756,25.62651,16.326973,8.680344,10.146698,10.820884,18.942335,26.714869,24.385166,13.747431,12.15658,19.853418
334,23.127918,29.064976,25.08307,15.145942,33.033413,11.468179,23.169664,9.692058,15.362312,9.053847,11.500586,16.94106,8.262587,15.144068,20.800663,29.994513,22.572453,19.37428,18.254889,24.41756,18.955551,16.390545,27.582443,17.352505,12.151829,8.280764,14.202058,7.2641954,18.787237,4.625961,27.03033,24.411795,11.2634535,10.233867,20.698214
335,30.321144,26.54784,30.112331,24.56822,30.807924,12.872136,19.928713,8.6500025,14.613014,3.052649,7.5416794,13.998204,8.116258,16.93841,15.352519,26.260159,25.088135,24.171028,17.76921,21.67259,16.53715,15.4746275,26.28117,25.302376,15.167774,11.720007,10.675083,6.929858,11.868083,6.0585594,25.700247,23.625204,11.770689,14.848154,20.365088
336,28.523638,27.085667,28.253017,19.746685,27.71228,12.597819,18.838003,9.519572,15.335718,3.6452594,10.868198,13.486618,9.121469,18.635672,14.794602,25.758644,26.355858,22.316298,17.523294,19.678402,14.067964,12.658593,26.422878,25.259785,19.496792,13.219046,10.779416,8.269852,10.574687,10.415779,25.575521,23.521852,12.071066,14.003496,19.785313
337,27.348951,27.096453,27.622118,18.248312,25.860424,8.702025,19.155567,10.140048,10.470725,1.9691505,12.290934,12.291185,9.832391,19.356855,11.532924,22.136383,28.09434,22.440353,19.559704,19.401836,14.354688,12.961937,26.472034,26.783287,20.100216,14.836224,6.877026,8.051308,10.62585,12.97043,25.733433,23.62396,13.519267,14.132099,19.951057
338,21.015661,30.354137,22.036058,4.4336424,16.861778,7.2883544,19.110937,13.859389,12.479608,6.7048655,23.565477,12.770203,12.547696,24.477072,12.994422,22.941463,31.286655,17.384819,20.258707,17.247078,10.027807,6.6940484,28.31062,25.398148,28.782742,18.673069,7.5961957,11.578011,11.635801,24.831255,26.666523,24.57416,15.31907,11.022348,19.816252
339,23.179056,29.211046,22.782557,7.3861504,21.130234,17.470701,17.312073,11.773659,24.665222,10.865864,18.570213,15.882501,10.302304,21.845314,20.83738,31.011074,25.872555,16.41454,14.430507,17.031427,8.3954115,5.66309,27.082737,20.452528,27.20988,14.604672,18.235334,12.215584,10.350756,17.676903,25.301607,23.593803,11.179809,10.291195,18.89258
340,20.457436,31.134409,22.11645,2.9043825,8.845249,2.2694619,20.09649,16.53906,5.6688294,6.723985,28.699072,12.224023,14.472317,28.11494,8.683043,16.706621,34.50282,19.065794,24.058636,17.234745,9.404729,5.8800335,29.110485,30.108383,30.871326,24.199211,2.0280383,13.214832,11.535425,32.92328,27.333563,25.677822,19.28711,12.24888,21.475355
341,32.405262,25.62215,31.33146,27.299109,30.42664,17.757994,18.853518,8.160538,19.840137,5.1463265,5.997642,15.668077,7.4929433,16.809238,18.173124,28.560587,22.599438,24.815748,14.914483,21.083092,14.845599,14.127163,25.470802,24.741798,14.567477,11.447316,15.168171,7.873375,10.082189,4.4678807,24.717958,23.249508,10.544303,15.248629,20.382029
342,18.937138,30.922192,22.37975,7.3016605,33.002983,5.2882004,23.39163,11.006856,8.679572,3.1446342,12.220728,13.886471,9.586394,18.379385,15.011236,26.574951,30.407728,17.816738,24.984848,23.70548,19.482418,17.786608,28.84798,20.843586,19.705627,11.707482,7.955262,7.7209682,21.59384,10.972755,28.128876,25.089151,16.387247,9.585303,20.417185
343,20.588142,30.757496,22.140448,3.6945214,12.667306,3.9688983,19.926043,15.285407,7.84438,6.547463,26.206312,12.468991,13.6058855,26.233,10.339207,19.088636,32.885777,18.532967,22.629936,17.524338,10.11019,6.6383967,28.792637,28.028913,29.223736,21.634144,4.0246267,12.330996,11.964802,28.820343,27.123486,25.31859,17.607742,11.797847,20.929512
344,27.355204,27.017916,28.211496,21.331318,32.05288,10.559587,20.893152,8.825084,12.1348915,2.4588118,6.9842854,13.846543,7.9522886,16.51425,14.871497,25.82639,25.94219,22.8297,19.924488,22.65902,18.036434,17.169924,26.420277,23.93842,14.632463,11.200771,9.459111,6.47803,14.976361,5.6827073,25.883791,23.633436,13.090016,13.543581,20.261244
345,19.504787,30.447237,22.683908,8.498525,32.933414,6.163325,23.140871,10.704289,9.592166,3.5881982,11.681416,14.110235,9.230513,17.874352,15.628121,27.004488,29.396484,17.979282,24.043009,23.67953,19.280258,17.605516,28.477081,20.394587,18.700989,11.209781,8.7128935,7.5419283,21.073442,9.971153,27.772139,24.811132,15.688029,9.689283,20.285511
346,20.925594,30.417728,22.133194,4.2050147,11.252274,4.2888594,19.492746,15.363891,8.435203,6.8516707,26.759813,12.349536,13.50273,26.315142,10.457215,19.031574,32.49141,18.459038,21.738499,17.12053,9.355351,5.809119,28.479973,27.861267,29.259562,21.754723,4.20559,12.377588,10.847895,29.421705,26.809027,25.003399,17.013353,11.845066,20.688112
347,20.263803,30.721863,22.752085,5.1869464,18.692974,2.019903,21.20709,14.250328,4.3488936,3.7529802,21.79804,12.232252,12.817384,24.323904,9.009711,18.456284,33.791206,19.288368,25.350046,19.42523,13.487967,11.080264,28.841183,27.71637,26.703125,20.204641,2.5886798,10.733589,14.839959,24.614017,27.560255,25.429077,18.71356,11.656601,21.14068
348,21.564823,30.572865,22.487194,5.010993,11.136254,5.783806,19.464903,15.384088,10.456439,7.626319,26.463343,12.884867,13.239553,26.278688,11.945949,20.703754,31.904001,18.576717,20.859306,17.434166,9.117883,5.4719005,28.652702,27.368176,29.082975,21.318502,5.6514907,12.585188,10.807255,28.830862,26.922264,25.172594,16.412025,12.076511,20.820627
349,25.906977,28.33898,26.534472,15.427337,27.52433,10.028195,19.69008,10.419109,12.977045,3.1361806,12.556417,13.174284,9.759378,19.621626,13.835265,25.066822,28.597328,21.037394,19.924458,20.09373,14.603575,13.173375,27.22192,25.013607,21.385374,14.157614,9.23097,8.5092945,12.626353,12.858965,26.320261,24.02759,13.7577915,12.932834,19.942892
350,20.473557,30.910046,22.357073,3.7393353,12.53159,2.5044484,20.413425,15.556224,5.6059513,5.945615,26.35161,12.284191,13.850183,26.546476,9.089385,17.602596,33.791485,19.07093,24.050129,17.898401,10.725875,7.460545,28.964901,29.020851,29.100803,22.505846,2.5640135,12.256578,12.494639,29.5688,27.358923,25.55238,18.684917,12.00645,21.294884
351,23.44138,30.057167,23.575796,7.2628393,16.203709,8.755501,18.524748,13.747707,14.218377,7.483863,24.515123,12.924192,12.724439,24.38662,13.4867325,23.265947,30.290134,18.332153,18.10858,16.612434,9.040607,5.455066,28.238209,25.749897,28.722252,18.660107,8.580254,11.716211,8.836615,24.93841,26.692118,24.525358,13.607131,11.866293,19.84342
352,22.93782,29.110195,24.673254,10.414503,21.812592,3.9540238,20.391657,12.495585,5.680862,2.4988391,17.50814,12.040881,11.684571,22.10537,9.292334,19.137566,31.58315,20.647419,23.484743,19.439938,14.131389,12.340813,27.773674,27.418722,23.840115,18.065966,3.6229076,9.513542,13.335161,19.649286,26.797228,24.660706,16.931194,12.72349,20.657919
353,31.304333,25.764578,30.366802,25.711836,29.648254,16.030922,18.80957,8.282518,18.42276,4.479554,7.0463223,14.674806,7.628836,16.78454,17.22793,27.857334,23.288136,24.005678,15.388774,20.808823,14.901479,13.9216385,25.540203,24.481712,15.168144,11.341275,13.560149,7.4755526,10.129671,5.515774,24.837103,23.045786,10.517211,14.860989,19.931353
354,20.778896,30.359814,22.38178,4.8264136,15.977614,4.3956876,19.940577,14.325891,8.092797,5.5714808,23.722767,12.391425,12.879318,24.762644,10.654458,19.979975,32.344986,18.466534,22.427137,17.96016,11.108187,8.0331545,28.45557,26.939346,27.82508,20.032406,4.6494093,11.377476,12.463072,25.78463,26.954838,24.960447,16.908302,11.54557,20.533894
355,23.234236,29.42355,22.60347,6.8960485,18.98529,16.915346,16.989538,12.330916,24.555552,10.450184,20.081133,15.349152,10.518832,22.728224,20.309153,30.726212,26.885017,16.278309,14.313597,16.525568,7.4652047,4.5496426,27.243744,20.949947,28.64698,15.44567,17.50538,12.513054,9.287045,19.898579,25.406837,23.592915,11.091271,10.42503,18.771475
356,31.523254,25.69996,30.77434,26.394226,29.69208,13.842831,19.154142,8.334755,15.447993,3.171519,7.2224703,13.834496,7.9153585,16.764673,15.24354,25.873058,24.137177,24.702356,16.509525,20.98103,15.677772,14.691608,25.65318,25.724293,14.733807,11.828946,10.995817,6.9143085,10.122958,5.884191,25.083685,23.16472,11.061885,15.360111,20.115923
357,24.755552,28.747955,26.234018,13.751774,24.404095,4.9127283,20.57873,11.70947,6.158181,1.7956576,15.160459,12.216909,11.1445265,21.141687,9.618027,19.798077,31.000614,21.899963,23.229475,20.108257,15.212135,13.72487,27.710152,27.85233,22.189362,17.099493,4.08698,8.879557,13.20342,16.922972,26.89905,24.707243,16.434782,13.52567,20.847172
358,23.047277,29.494549,23.343119,7.6509385,20.622417,10.771767,18.411562,12.36176,16.46988,7.438246,21.194052,13.46771,11.638309,22.349075,15.319504,25.541676,28.60287,17.628645,17.220839,17.002754,10.002223,6.847519,27.635342,23.416592,26.893322,16.12741,11.124596,10.933722,9.968997,20.437862,26.19566,23.971674,12.520471,11.015936,19.258772
359,20.878128,31.641655,22.546999,3.090771,9.4009075,2.3822215,20.440134,16.707973,5.867651,6.7936172,29.059866,12.421739,14.670558,28.414156,8.909507,17.135696,34.98126,19.373915,24.341726,17.550331,9.654609,6.0580125,29.592564,30.467205,31.238934,24.388168,2.1670895,13.32681,11.687296,33.14959,27.807716,26.08129,19.424984,12.419859,21.788458
360,25.671875,28.278812,26.957207,15.457624,23.69334,5.0844784,20.562908,11.6039715,5.781494,1.9614418,14.740638,12.367249,11.027247,20.929125,9.4625025,19.171974,30.201117,22.788387,22.802528,20.141853,15.252233,13.681643,27.510147,28.513943,21.076687,17.1589,3.8198347,8.942057,12.599649,16.357643,26.762344,24.763374,16.181843,14.290192,21.168892
361,32.058064,25.748636,31.020191,26.74855,29.996323,15.941371,18.886305,8.183309,18.146803,4.093606,6.9070635,14.551584,7.670938,16.769234,16.909733,27.625095,23.425055,24.59188,15.421203,20.881802,15.098859,14.152788,25.64991,25.080475,14.982965,11.466425,13.203147,7.303774,9.72585,5.3429065,24.993017,23.178392,10.441144,15.271417,20.091406
362,25.362972,27.386196,25.243975,15.207934,28.870167,18.17005,19.289036,9.229086,23.765528,13.069382,14.425741,17.704594,8.699874,16.044958,23.080294,31.030159,19.498966,18.12812,12.13218,19.750904,12.858378,10.130887,25.859528,16.725084,16.02271,9.39318,20.035334,9.043396,11.503424,7.3089194,24.884369,22.818762,7.9488077,9.87874,19.110342
363,29.424732,26.235023,29.044128,22.216534,28.045914,12.177526,18.820847,9.002884,14.120597,2.8645382,9.357177,13.205555,8.6865425,17.824678,14.02455,24.729237,25.620634,23.264053,17.401112,19.940655,14.688843,13.487801,25.885006,25.738113,17.529545,12.832467,9.843145,7.598303,10.2411,8.842056,25.186804,23.213846,11.832979,14.616933,19.801073
364,20.48867,30.154852,21.842684,3.8883476,11.207173,3.826854,19.433714,15.254935,7.6999345,6.6413345,26.445831,12.189604,13.462894,26.099405,10.009117,18.415522,32.33272,18.335442,21.959414,17.01945,9.477859,5.998315,28.240215,27.798178,28.934143,21.692331,3.7608542,12.2781105,11.084429,29.197233,26.590244,24.836292,17.201916,11.739992,20.585958
365,30.592255,26.239098,30.51623,24.85064,29.088753,9.817044,19.878347,9.057076,10.162429,1.1788998,8.343383,12.806688,8.899325,17.76731,11.791476,22.287376,26.617737,25.218357,19.411526,20.974804,16.598122,15.583226,26.255646,28.058949,15.99399,13.538069,6.8637595,7.0074825,10.756966,8.367448,25.817648,23.789724,13.050932,15.869915,20.694218
366,20.107841,30.773802,22.204397,5.7971916,27.538694,8.117939,21.096178,11.848535,13.146331,5.3692665,16.981714,13.795401,10.7719555,20.690071,15.618932,26.870304,30.151861,17.00806,21.587683,20.410772,14.883153,12.386705,28.596657,21.763191,24.367744,13.763107,9.986628,9.5519705,16.662731,16.113934,27.43471,24.69087,14.849629,9.750012,19.758398
367,22.014788,30.445816,22.723051,5.6575756,15.043009,7.9316335,19.203554,14.256315,13.24338,7.5639515,24.311193,13.266719,12.576839,24.879017,13.720817,23.32759,30.797585,18.112549,19.50084,17.48946,9.518304,6.006149,28.536934,25.719658,28.441858,19.143406,8.063488,11.997598,10.910654,25.39444,26.850609,24.95178,14.900852,11.6825485,20.343885
368,30.788675,26.177921,30.39417,25.457937,30.614092,13.344492,19.665846,8.464131,14.995723,2.9249182,6.9660616,13.951396,7.875247,16.790436,15.391068,26.280714,24.771156,24.420652,17.411076,21.565065,16.353365,15.436222,25.998158,25.416008,14.837571,11.688662,10.883945,6.8338146,11.379579,5.7118764,25.426226,23.41633,11.580883,15.035694,20.263317
369,21.084114,30.779053,22.248278,4.554408,17.69196,7.359003,19.670729,13.890645,12.673418,6.9196887,23.517075,13.129557,12.472252,24.357279,13.645736,23.698303,31.316353,17.549496,20.459942,17.89901,10.5840845,7.1771607,28.715748,25.16061,28.31187,18.37197,7.938088,11.495401,12.278925,24.284754,27.095251,24.951239,15.278624,11.012833,20.15032
370,23.899876,28.247635,24.87131,15.162062,31.573107,16.322834,21.53409,9.374299,21.351042,12.785952,12.626265,18.335915,8.046747,15.234481,23.743683,31.776983,19.92278,18.295563,14.804902,22.680576,16.106194,13.583692,26.555637,15.79678,12.975392,8.381766,19.100527,8.145074,15.923261,5.0142136,25.7367,23.457893,9.529361,9.343772,19.912098
371,30.34312,26.176975,29.673487,23.788685,29.030495,14.189486,18.86973,8.663797,16.52032,3.805695,8.425662,13.964411,8.211219,17.31416,15.838273,26.619389,24.494753,23.525625,16.331518,20.423647,14.828219,13.624001,25.858768,24.9808,16.494886,11.950581,11.829803,7.5357914,10.294985,7.154136,25.145124,23.205885,11.048409,14.6992,19.862736
372,27.38818,27.128994,28.200806,21.167603,32.038696,10.84237,20.856764,8.869569,12.573076,2.666571,7.1865554,13.932085,8.003804,16.62564,15.115613,26.11404,25.951078,22.741772,19.798286,22.6006,17.898207,16.989553,26.495365,23.883327,14.909923,11.217405,9.769273,6.5981236,14.923744,5.8393397,25.934072,23.673178,13.036395,13.503429,20.253561
373,28.125898,27.249367,28.554182,20.022709,27.139618,8.478064,19.980228,10.036471,9.652329,1.9861252,11.393785,12.736963,9.739578,18.940857,11.689071,22.090252,27.816673,23.473017,20.125744,20.42407,15.660327,14.24609,26.807377,27.272034,18.4978,14.468683,6.556605,7.829754,11.556889,11.524944,26.178102,24.089157,13.763124,14.7196245,20.592108
374,21.702503,30.236448,22.694513,5.7567577,17.209747,7.401829,19.40013,13.719112,12.246821,6.892197,23.12084,13.041256,12.446392,24.095741,13.179387,22.902245,30.655611,18.063799,20.055466,17.685987,10.473152,7.1457243,28.34901,25.514673,27.579273,18.449154,7.6261473,11.410982,11.674531,23.867899,26.776129,24.764555,15.096601,11.43566,20.159052
375,28.61401,26.973593,28.645994,21.27758,30.232052,12.61187,19.614166,8.971561,14.941935,3.2279186,8.592328,13.806942,8.414304,17.573677,15.348666,26.465372,25.91595,22.74291,18.20113,21.01992,15.795001,14.716035,26.377144,24.711115,17.239353,12.064596,10.931141,7.4469156,12.285038,7.705675,25.659014,23.520666,12.259991,13.946089,19.9459
376,21.529034,30.753618,22.470228,4.5039883,12.264474,5.624462,19.361988,15.244669,10.381543,7.1272073,26.5927,12.637558,13.447058,26.34036,11.529023,20.642202,32.500027,18.364395,21.07537,17.112564,9.146017,5.5425067,28.772068,27.53038,29.916054,21.281202,5.535382,12.474619,10.581882,28.95734,27.044315,25.142828,16.423767,11.868422,20.623411
377,21.25396,30.463516,22.293837,4.7264943,11.453497,5.502127,19.487688,15.257922,10.067134,7.4564586,26.261591,12.809498,13.185809,26.064886,11.757785,20.467594,31.820568,18.442955,20.976452,17.412804,9.2649,5.662925,28.543392,27.194029,28.849115,21.168324,5.4765167,12.451728,10.976752,28.533064,26.834005,25.089539,16.430061,11.921527,20.751566
378,30.750935,26.10553,30.095491,24.841944,29.91885,14.379012,19.109571,8.46109,16.557346,3.5459244,7.507787,14.068,7.9272585,16.985617,16.032072,26.928677,24.392172,23.907888,16.486773,20.914814,15.401081,14.374391,25.843601,24.975815,15.704975,11.648677,11.944312,7.211646,10.625715,6.206318,25.18596,23.214266,11.071618,14.822157,19.958033
379,20.664436,30.907438,22.229912,3.6040633,10.897295,3.2199614,20.065248,15.84007,6.908088,6.737956,27.430517,12.411519,13.94543,26.984415,9.717561,18.075636,33.448463,18.850878,23.091675,17.472189,9.810417,6.2812796,28.932549,28.855053,29.68462,22.715029,3.189305,12.6670265,11.619915,30.564579,27.24088,25.48752,18.166298,12.01902,21.212473
380,19.724764,26.24219,21.24193,8.789108,20.190983,19.344433,18.828691,11.144376,22.32094,15.542914,9.232838,20.864069,8.426822,19.01608,24.06276,30.265095,17.668537,17.759375,15.348936,20.867271,11.213587,9.021662,24.663204,18.16386,16.397255,12.442625,20.59736,13.973087,19.68908,7.3783154,22.456572,23.837118,14.588258,11.302174,21.348597
381,30.995274,26.171196,30.488794,25.45911,30.179295,13.377449,19.54596,8.523928,15.09186,3.287352,7.675376,13.950594,8.110706,16.881641,15.341742,26.057022,24.534327,24.442448,17.004753,21.25938,16.040253,14.924489,26.016727,25.531418,14.989899,11.778523,10.870092,6.974375,10.8754425,6.0737243,25.441326,23.437204,11.311412,15.128719,20.26703
382,31.612385,26.091812,30.985235,26.412176,30.2975,13.612496,19.54717,8.449896,15.193008,3.0384216,7.2713327,13.94206,8.00329,16.901878,15.293278,26.097267,24.597385,24.903435,16.997437,21.388197,16.11202,15.112621,26.020939,25.93699,14.803653,11.901902,10.8532295,6.882449,10.595306,5.8763566,25.46065,23.481394,11.314422,15.436827,20.37609
383,23.536386,29.365047,24.885326,11.680068,28.032059,8.820588,20.44343,10.942506,12.356491,3.6762908,13.890268,13.382114,10.115642,19.885746,14.266246,25.58733,29.40046,19.556948,21.043413,20.537308,15.09604,13.428074,27.824432,23.684784,22.258862,13.987017,9.183931,8.708752,14.641308,13.764786,26.865726,24.367968,14.432,11.681074,19.961529
384,31.511719,26.496351,30.960339,26.062317,30.946175,14.077994,19.79878,8.533,15.922798,3.3445659,7.263661,14.263523,7.9971704,17.031553,15.965554,26.958126,24.80095,24.760216,17.177294,21.707687,16.319412,15.326522,26.320087,25.693546,15.076792,11.786742,11.527554,7.0016193,11.151919,5.777434,25.720879,23.692457,11.449683,15.261177,20.491373
385,29.950169,26.44677,29.982367,24.686543,31.363688,12.187161,20.242777,8.540617,13.622022,2.5682142,6.80319,13.879223,7.886484,16.604029,15.019306,25.935247,25.188637,24.229702,18.382467,22.130882,17.21008,16.30862,26.197392,25.189209,14.365459,11.521698,10.076489,6.5461245,12.593568,5.433595,25.676569,23.575026,12.096782,14.744244,20.398355
386,20.418613,30.972921,22.171747,3.1999023,9.308717,1.9103241,20.25266,16.358446,5.0784554,6.608188,28.443012,12.196164,14.365542,27.706184,8.50983,16.386927,34.21062,19.167027,24.089539,17.385468,9.754676,6.2543454,28.989487,29.927916,30.096493,23.925163,1.7856451,12.946915,11.628706,32.323536,27.294928,25.610043,19.162125,12.195469,21.483713
387,22.184052,29.84675,22.245588,5.6459846,15.735687,10.783017,17.921156,13.560672,17.286081,8.044,23.333628,13.421673,11.772355,24.18898,15.593567,25.726202,29.730011,16.944103,17.225521,16.522816,8.123678,4.8002434,27.774868,23.74799,29.192701,17.851871,11.064655,12.027754,9.384612,24.247538,26.04022,24.028198,13.090577,10.932711,19.263418
388,20.669302,29.766369,21.878145,4.572501,13.467268,4.9692616,19.153921,14.4212885,9.092474,6.404018,24.704329,12.267979,12.869559,24.937311,10.9092865,19.77215,31.361164,18.010565,21.016182,17.045565,9.772883,6.423211,27.896858,26.589214,28.011076,20.140287,5.0103636,11.708597,11.151902,26.686865,26.31314,24.472713,16.167671,11.48815,20.132864
389,22.62217,28.779442,22.525934,7.4052367,21.275043,15.35905,17.482937,11.611663,21.95442,9.880503,18.695028,15.054712,10.45509,21.388288,19.048094,28.935991,26.011227,16.403845,15.10707,16.897804,9.031895,6.352318,26.738491,20.711739,26.24826,14.599888,16.112085,11.427487,10.383081,17.71148,25.102499,23.239029,11.472326,10.1011505,18.637163
390,29.188963,26.92194,29.509575,22.44319,28.820492,9.233581,20.257946,9.489829,10.048254,1.7833443,9.551386,13.008984,9.172325,18.115091,12.233232,22.7467,27.092808,24.296902,19.951439,21.202223,16.599754,15.39781,26.668232,27.243387,16.673136,13.632803,7.0023713,7.2569895,11.958804,9.241978,26.125252,24.05116,13.453652,15.132457,20.745855
391,23.088657,27.51597,22.957066,9.748728,22.619526,20.461931,17.511065,10.792917,26.187208,14.062564,14.600071,18.533974,9.255769,19.727436,23.401247,31.458199,21.081467,16.916842,13.070767,18.11096,9.208728,6.8960037,25.60328,18.413723,21.818098,12.960447,21.666122,12.425154,12.430035,12.075647,23.787228,23.119026,11.047124,10.147084,19.411613
392,21.156185,30.767395,22.429838,4.779413,16.356157,6.4068537,19.909441,14.255156,11.232474,6.912379,24.179396,13.065342,12.709004,24.713923,12.879051,22.484081,31.514145,18.05313,20.968056,18.03407,10.634301,7.178243,28.777756,25.897505,28.018879,19.15888,6.867985,11.644432,12.23813,25.191189,27.178846,25.144411,15.781823,11.355151,20.514528
393,20.507702,30.924816,22.080997,3.2864788,11.179859,3.0279098,19.966745,15.800202,6.76532,6.4836645,27.528662,12.190382,13.990104,26.994356,9.445439,17.949148,33.718197,18.642319,23.196573,17.300114,9.779706,6.252974,28.900387,28.842342,30.022743,22.71024,3.0032594,12.5725765,11.503973,30.75369,27.220564,25.374374,18.179298,11.852694,21.032404
394,20.504047,30.712841,22.00592,3.3621676,8.573648,2.6501472,19.835482,16.3106,6.178863,6.91591,28.346209,12.213966,14.154121,27.649027,9.036334,16.945679,33.71934,18.911585,23.292158,17.12038,9.179711,5.656808,28.738285,29.486685,30.175003,23.71395,2.4158876,13.025359,11.14207,32.273342,26.99558,25.359438,18.670044,12.17308,21.231565
395,22.557856,29.790144,23.007936,7.024967,21.55215,11.588532,18.608635,12.278752,17.592224,7.5228786,20.218634,13.860884,11.305926,22.322645,16.341967,26.932144,28.74102,17.275564,17.56621,17.49515,10.32943,7.3487387,27.808704,22.858051,27.019876,15.683908,12.158211,11.032963,11.142985,19.684671,26.284868,24.090933,12.850244,10.693064,19.281626
396,26.959618,27.20102,27.440283,17.552555,24.091187,7.238029,19.440538,10.720178,8.433964,2.1246781,13.532258,12.243176,10.410478,19.924776,10.42655,20.319328,28.36932,22.750084,20.229095,19.201584,14.3394575,12.64274,26.660458,27.748005,20.357239,15.760448,5.4078674,8.607288,10.556405,14.509741,25.973299,23.974691,14.15527,14.557213,20.421148
397,20.607447,31.429865,22.404135,3.013884,8.813011,1.6301723,20.51369,16.771683,4.7956047,6.70433,29.28533,12.2757015,14.706411,28.386946,8.313868,16.19402,34.962994,19.431917,24.642397,17.522526,9.73577,6.180426,29.397514,30.63642,30.829203,24.668015,1.4617032,13.2340555,11.692886,33.48553,27.656683,25.95729,19.68129,12.367709,21.79681
398,21.087751,30.182873,21.997475,4.3779087,9.492063,4.588764,19.024508,15.6292515,8.978787,7.2000637,27.373238,12.202938,13.515761,26.689135,10.460853,18.895159,32.411335,18.307796,21.184845,16.688444,8.552856,4.9284806,28.222408,27.925877,29.750378,22.135088,4.2697873,12.615673,10.039991,30.504019,26.50418,24.711683,16.82727,11.917622,20.449741
399,28.34599,28.037323,29.231977,20.094133,26.727327,6.2916446,20.955528,10.820001,6.334726,0.8392605,11.88394,12.531639,10.369567,20.19067,9.73339,20.05769,30.097921,24.715603,22.886894,21.179562,16.70175,15.516225,27.643082,29.783985,19.351551,16.42547,4.1200547,8.174542,12.365253,13.55656,27.083666,24.979586,15.912922,15.549945,21.581274
400,20.958393,30.84628,22.292936,3.8613408,11.617625,3.9561036,19.766212,15.580026,8.031439,6.741516,27.202677,12.369272,13.806827,26.701525,10.191193,18.888231,33.19466,18.601665,22.368816,17.248795,9.586864,6.013702,28.854412,28.365128,29.86456,22.146679,3.9070458,12.513781,11.121822,30.009212,27.16872,25.298456,17.47387,11.893268,20.90419
401,20.649841,30.227747,21.90924,4.0210056,9.562137,3.812507,19.437864,15.690554,7.7218604,7.0622897,27.170015,12.304396,13.588664,26.668528,10.040681,18.179316,32.493908,18.536167,21.989416,17.03124,9.080683,5.5429416,28.307106,28.212105,29.231026,22.381351,3.6288116,12.634169,10.863619,30.35705,26.604239,24.941744,17.477268,11.971128,20.783987
402,31.609762,25.77639,30.8285,26.45586,29.859585,14.216941,19.183802,8.325744,15.947429,3.3960733,7.18905,13.991086,7.874597,16.771301,15.609327,26.271194,24.039755,24.679142,16.38547,21.055485,15.669152,14.683343,25.705444,25.594112,14.737431,11.745726,11.408461,6.9598217,10.1725235,5.76808,25.12033,23.198189,10.997151,15.317852,20.13436
403,21.730783,30.459469,22.462107,5.4094925,19.167711,9.611721,19.109802,13.234115,15.576268,7.4235406,22.402706,13.532221,11.877203,23.544445,15.302896,25.711636,30.189672,17.200623,18.80394,17.649374,10.144238,6.8480887,28.370056,23.809456,28.051983,17.123549,10.305765,11.373409,11.480787,22.491476,26.76754,24.558096,13.849603,10.741235,19.6885
404,22.64577,28.451893,23.012781,9.0807905,22.302357,16.037628,18.58312,11.31576,21.568193,11.536561,16.555794,16.657907,9.982406,20.33904,20.506628,29.275848,23.760765,17.356375,15.52545,18.60865,10.6983385,8.019567,26.647396,20.230513,22.431614,13.699458,17.007483,11.473896,12.977172,14.344734,25.004004,23.697224,12.129113,10.520455,19.627779
405,23.182648,29.42792,25.156717,12.759307,30.522572,7.403788,21.636847,10.592385,10.102483,2.7367134,11.836304,13.482031,9.6512785,18.919634,13.886053,25.221272,29.531704,20.154282,22.697296,22.131653,17.377039,16.020807,27.987907,23.606606,19.87441,13.143003,8.018698,7.823704,16.959057,11.439461,27.212795,24.614058,15.249095,11.7218895,20.377703
406,30.137035,26.138746,29.836798,23.913887,29.251856,11.886203,19.289587,8.766577,13.283678,2.447052,8.328075,13.277479,8.520382,17.390017,13.765134,24.4478,25.50301,24.090822,17.870628,20.635284,15.696849,14.637735,25.944553,26.193764,16.202368,12.577271,9.325631,7.1363955,10.74696,7.5811915,25.344063,23.355295,12.033079,15.029394,20.103434
407,21.808784,30.94867,22.735624,4.9718304,15.374388,6.9228635,19.565813,14.555764,12.112905,7.1304517,25.172493,13.035871,12.967492,25.37293,12.948606,22.690905,31.931467,18.15499,20.472246,17.581139,9.814545,6.2663527,28.937283,26.352003,29.213095,19.767216,7.164033,11.990172,11.127153,26.478182,27.264147,25.21117,15.520321,11.574469,20.503271
408,20.91456,30.198215,22.013723,4.4900174,10.827986,5.179177,19.353123,15.268741,9.576175,7.4038253,26.189262,12.6750145,13.153064,26.02216,11.419123,19.917885,31.659359,18.331345,21.049461,17.26118,9.156468,5.594721,28.29729,27.18298,28.674465,21.279518,5.1180205,12.462344,11.01549,28.67726,26.58606,24.914461,16.589033,11.876672,20.654816
409,20.941265,30.494448,22.150137,4.2260814,9.942351,4.1344137,19.588148,15.73495,8.22399,7.19487,27.289011,12.465315,13.609788,26.751234,10.43493,18.742731,32.6154,18.645638,21.920294,17.22699,9.163886,5.568389,28.554974,28.207745,29.360945,22.322987,3.9818306,12.665459,10.890634,30.297163,26.844559,25.132862,17.356846,12.033257,20.909903
410,21.372324,30.938251,22.624035,4.5730505,15.075933,5.659435,19.859457,14.72558,10.229888,6.796107,25.39125,12.822848,13.230252,25.522451,11.871261,21.281414,32.32332,18.370201,21.47582,17.692566,10.254127,6.7513947,28.945545,26.986027,28.995762,20.320023,5.8886356,11.975441,11.660179,26.992287,27.310757,25.300928,16.346804,11.626495,20.700392
411,22.371504,28.209225,21.970642,6.9702168,18.510283,17.22313,16.726868,11.838992,23.885756,11.515532,18.304047,15.854607,10.180174,21.799303,20.316458,29.582651,24.651484,16.151976,14.098686,16.514019,7.6782656,4.9687734,26.179668,20.382637,26.4061,15.041023,17.74011,12.493969,10.262627,17.965322,24.319199,23.050714,11.532411,10.345985,18.704187
412,20.569546,30.145721,21.94318,4.0581617,11.308596,3.7341893,19.499115,15.232747,7.4902167,6.594158,26.360203,12.202078,13.478349,26.055792,9.91977,18.287481,32.302307,18.46423,22.041513,17.086756,9.6007805,6.1317787,28.256393,27.901827,28.768005,21.693102,3.6499403,12.252119,11.141875,29.073542,26.62396,24.878382,17.259186,11.81662,20.651384
413,23.40824,29.404528,23.385675,7.967466,22.079033,13.428661,18.022497,11.887685,19.80599,8.6545105,20.216536,14.309586,11.124034,21.800337,17.424448,27.732347,27.556786,17.115536,15.919349,16.94867,9.595334,6.6586456,27.41373,22.022846,26.87093,15.198608,14.059889,11.018785,9.708981,18.941442,25.919657,23.69131,11.56594,10.499838,18.927652
414,27.415024,27.416637,28.067091,19.58384,29.414574,9.344426,20.302107,9.598859,10.999467,2.2766578,10.077855,13.159038,9.129822,18.08005,13.147454,23.952812,27.346542,22.74084,20.04597,21.17097,16.436386,15.204781,26.785347,25.569056,17.61166,13.0907545,8.006018,7.360962,13.028567,9.510889,26.154884,23.918781,13.423249,13.894047,20.315645
415,31.311836,25.860176,30.4336,25.68341,29.580585,15.07729,18.9379,8.353074,17.302137,4.06139,7.520799,14.256624,7.854431,16.853985,16.44421,27.114614,23.697739,24.136444,15.788436,20.784239,15.13624,14.053179,25.677803,24.944492,15.257238,11.535833,12.47943,7.2685366,10.049724,5.9391904,25.021185,23.117155,10.667206,14.997511,19.953556
416,29.681852,26.245087,29.273195,23.361177,28.719799,15.315222,19.33624,8.840865,17.552435,5.5463624,7.7735286,15.248077,8.003078,17.166674,17.505375,27.61003,23.196104,23.401894,16.321115,21.210194,15.168266,13.906555,25.86345,24.09289,15.24623,11.616175,13.392907,8.153853,11.960903,6.0906343,25.041418,23.473238,11.515542,14.518919,20.358727
417,22.881165,28.698963,22.408915,7.2252584,18.84027,14.232581,16.811094,12.0338545,21.239183,8.368057,20.091772,13.882502,10.587065,22.240004,17.724466,28.271698,27.320412,16.369364,14.772786,16.008793,7.8210626,4.938217,26.689796,21.480436,27.889114,15.384511,14.53944,11.542448,8.598881,20.061388,25.024485,23.031609,11.069582,10.442253,18.292618
418,23.534569,27.771374,24.039377,11.382177,18.027718,8.793876,19.039759,12.050372,12.49623,7.879555,19.501408,13.713783,11.062501,20.460058,14.36203,22.642954,25.244839,19.44249,16.697012,18.168297,11.347202,7.8929477,26.640179,23.362844,20.888905,15.162548,8.69553,10.289936,10.851379,17.259645,25.465267,23.82945,12.111211,12.402064,20.059793
419,30.775366,26.984125,30.87304,24.613056,29.419724,9.030942,20.445295,9.456764,9.301932,0.7455786,9.037046,12.765523,9.264839,18.431646,11.349796,22.12788,27.9155,25.608631,20.48616,21.413252,17.032715,16.01006,26.945019,28.936113,16.794756,14.260312,6.1420856,7.1036615,11.119817,9.403475,26.514357,24.364836,13.751306,16.086351,21.144293
420,31.859352,26.255672,31.048159,24.887142,26.995527,11.473943,20.328989,9.448947,12.025287,6.3586717,12.803079,15.098627,10.31808,16.52886,14.602218,22.043169,21.056297,25.769558,14.127141,18.880709,15.641168,11.427549,26.924519,27.078182,14.345843,11.191406,9.43413,9.902039,6.7540126,7.9033923,27.154512,25.140165,8.24713,17.638,22.152514
421,30.105629,26.031376,29.266554,23.0677,28.179214,14.739453,18.369852,8.690739,17.430513,4.0982604,8.838854,13.917173,8.210505,17.484682,16.106718,26.876696,24.306839,23.051159,15.701442,19.829937,13.993375,12.739885,25.655415,24.649725,17.239481,12.021329,12.401747,7.8221016,9.6432,7.741591,24.875273,22.9877,10.710508,14.497284,19.578789
422,22.84227,28.615324,22.202635,7.050705,17.944273,15.7609625,16.57149,12.149333,23.011957,9.87981,20.088448,14.615748,10.43064,22.304497,19.039682,29.115124,26.451063,16.103714,14.08994,15.977331,7.2534575,4.363542,26.534668,20.890867,27.891834,15.434662,16.167639,12.055107,8.627846,20.03396,24.78229,22.966314,10.892512,10.331188,18.313818
423,33.13047,26.201351,32.279064,28.452557,30.899012,14.097823,19.719732,8.401562,15.383837,2.615811,6.7249928,14.036318,8.01104,17.14857,15.177702,26.19874,24.986702,26.042278,17.204287,21.739594,16.406826,15.605962,26.296753,27.108147,14.710608,12.320393,10.8022175,6.80925,10.129182,5.6598606,25.75488,23.800877,11.510497,16.18801,20.776644
424,20.55872,31.261341,22.336485,3.1626942,9.765675,2.0404174,20.422197,16.416216,5.2955384,6.6119785,28.52898,12.305523,14.450456,27.847548,8.692449,16.737978,34.49074,19.25431,24.261261,17.548489,9.899489,6.3718348,29.252373,30.051744,30.364363,23.96391,1.9433001,13.003845,11.806509,32.353447,27.54222,25.821573,19.2481,12.23627,21.622
425,29.69084,26.74511,29.4326,22.772999,29.612665,12.7419195,19.518108,8.962977,14.866723,3.4635744,9.035963,13.837307,8.558865,17.505377,15.180204,26.013239,25.376266,23.463266,17.487436,20.856134,15.569825,14.265165,26.344467,25.224495,16.689095,12.176523,10.718105,7.458165,11.278301,7.6433525,25.67204,23.599806,11.693191,14.555103,20.154135
426,20.382557,31.122845,22.072603,2.8448565,9.350143,2.3021235,20.104145,16.413095,5.7270813,6.625954,28.48781,12.201231,14.413655,27.929787,8.736474,16.849781,34.44714,18.96996,24.029232,17.251863,9.526326,6.011246,29.089737,29.915789,30.767181,23.962662,2.1192474,13.098642,11.627106,32.56431,27.329344,25.63667,19.177944,12.148384,21.40293
427,20.571667,29.442543,21.927181,4.899453,12.511066,4.0326476,19.269444,14.526736,7.530562,6.3091755,24.742838,12.1336,12.954144,24.875189,10.069288,18.418663,31.149834,18.392605,21.426739,17.114235,9.966107,6.6688724,27.684448,27.04655,27.265566,20.54892,3.9746118,11.688007,11.22031,26.920277,26.162207,24.434004,16.587706,11.744236,20.308294
428,22.09004,30.1997,22.51249,5.6550913,17.71419,10.36083,18.567907,13.362269,16.470806,7.726042,22.582836,13.5749,11.863752,23.894567,15.487136,25.787964,29.9398,17.251408,18.15398,17.167625,9.273871,5.9965158,28.15551,23.991667,28.612656,17.503069,10.758626,11.782112,10.657171,23.125616,26.468618,24.41892,13.644662,10.991177,19.603289
429,32.9941,25.767052,31.874887,28.057407,30.923067,18.201899,19.042973,8.16623,20.192453,5.2326126,5.74481,15.959788,7.4874983,16.905813,18.452778,28.889519,22.659199,25.270737,14.975909,21.360909,15.037097,14.390814,25.650776,25.061348,14.424796,11.56056,15.531194,7.925105,10.119474,4.1994,24.893055,23.466633,10.627606,15.49228,20.646559
430,31.366558,26.653671,31.137701,26.382496,31.860933,12.941344,20.35865,8.542544,14.28869,2.3862758,6.497509,14.074944,7.8965316,16.90591,15.234542,26.412207,25.53264,25.170628,18.361845,22.40001,17.307076,16.52365,26.523598,26.111624,14.519855,11.870663,10.413409,6.5968666,12.064897,5.34328,25.998034,23.914343,12.107959,15.39393,20.767008
431,22.77306,28.62145,24.932896,13.775159,31.383228,7.1254263,21.754084,9.987316,9.32453,2.357968,9.852688,13.433315,8.872785,17.669912,13.906664,24.986488,28.44205,20.163925,22.683372,22.67704,18.260124,17.152212,27.305065,22.728529,17.534653,12.036592,7.7935514,7.09122,17.822802,9.15551,26.654306,24.10445,15.030395,11.549313,20.137
432,24.288387,28.7006,24.720963,10.96625,21.70104,9.191199,18.858305,11.841522,13.281018,5.909583,19.011663,13.044093,11.373455,21.282545,13.558693,23.469727,28.100704,19.347769,18.052385,17.797256,11.551012,8.756279,27.30006,24.574469,24.18445,15.839615,8.930956,10.042213,10.308514,18.234089,26.138968,23.994047,12.911481,12.162307,19.693727
433,30.975487,25.685902,29.950356,24.83905,28.701443,15.479997,18.433495,8.360477,18.069447,4.3494167,8.055711,14.213091,7.873103,16.92399,16.680782,27.293346,23.40366,23.60274,15.03177,20.13401,14.270877,13.058068,25.458927,24.46271,15.895092,11.499002,12.993872,7.5323772,9.361252,6.424234,24.745218,22.902,10.147251,14.778419,19.6672
434,29.288044,27.403498,28.763783,19.599566,25.29824,11.671182,19.590797,10.220416,14.407489,7.577997,16.348808,14.781298,10.895458,17.822027,15.577613,23.970818,22.520555,22.895235,13.869664,18.488409,13.489232,9.450717,27.167355,24.522373,17.71916,12.010828,10.692411,9.808201,7.903243,10.860867,26.736977,24.69652,8.568672,15.090216,21.062458
435,30.420078,25.905804,29.675388,24.20784,29.128042,14.514802,18.697548,8.474644,16.861826,3.558368,7.710797,13.915438,7.896188,17.088884,15.977393,26.848858,24.325226,23.514751,16.153994,20.441265,14.789938,13.765999,25.607277,24.756208,16.225685,11.743305,12.088067,7.376891,10.187517,6.6889033,24.908625,22.983383,10.910756,14.66261,19.697979
436,24.552872,27.601116,26.315996,18.017761,32.86592,8.830928,21.832745,9.075774,10.655654,2.7645407,7.2739134,14.022301,7.8713417,16.007063,15.220833,26.036535,26.122547,21.318834,21.175838,23.53394,19.155674,18.155806,26.65025,22.002682,13.96511,10.380491,9.039733,6.2332687,17.683992,5.326884,26.149635,23.712803,13.705012,12.163767,20.190428
437,31.891117,25.233423,30.840254,26.911495,29.499557,15.290453,18.590815,8.011149,17.202137,3.597851,6.659916,14.068403,7.5941157,16.515593,16.064873,26.625624,23.233995,24.56559,15.402405,20.544445,15.00978,14.140798,25.227703,25.216564,14.617443,11.482725,12.335841,7.0280914,9.34494,5.2998796,24.614672,22.819887,10.424512,15.300432,19.825762
438,21.975521,29.90313,22.348507,5.6181836,15.959467,9.144364,18.36497,13.648492,14.986484,7.4291234,23.580683,13.058512,12.094922,24.209017,14.28008,24.218054,30.1959,17.323147,18.250778,16.748312,8.841058,5.487943,27.905453,24.527771,28.712036,18.225271,9.366396,11.730486,9.884619,24.473112,26.247705,24.204042,13.77665,11.104024,19.50154
439,20.945667,30.702328,22.432325,5.025707,18.780584,6.2298875,20.095842,13.744424,10.81381,6.0024867,22.50348,12.928022,12.372075,23.95896,12.730004,22.781311,31.667038,17.95916,21.526344,18.436459,11.607262,8.463268,28.700245,25.464603,27.462894,18.302788,6.843077,11.091736,13.125313,23.49648,27.2054,25.011837,15.889735,11.124956,20.32189
440,24.646633,29.239532,25.835752,12.512735,24.388947,6.3057675,20.271976,11.813506,8.736224,2.9083383,16.484055,12.5274,11.304385,21.32327,11.154632,21.6941,30.606373,21.01307,21.815504,19.635662,14.26358,12.335145,28.006939,26.713917,23.349203,16.572313,5.827732,9.218155,12.593767,17.321846,27.081812,24.77596,15.316422,13.034016,20.591028
441,31.042877,27.206478,30.550623,23.30338,26.72166,10.809278,20.11521,9.970584,12.042807,4.6564846,12.933717,14.139362,10.294098,18.279943,13.668455,22.906841,24.635305,25.050877,16.59095,19.840004,15.19224,12.247837,27.283035,27.563225,17.086147,13.157629,8.503783,8.98137,8.790796,10.100796,26.935976,24.92991,10.721915,16.538374,21.595995
442,32.192966,25.716358,31.1372,26.88645,30.21318,17.253897,18.855886,8.213938,19.435156,5.009609,6.46776,15.385024,7.6182995,16.838806,17.883505,28.332737,22.79399,24.640789,15.004088,20.96865,14.851347,13.997358,25.557667,24.764313,14.809526,11.4319,14.673517,7.8020563,10.01398,4.836887,24.823622,23.25088,10.498968,15.204361,20.290462
443,21.464813,29.57081,22.266037,5.775058,13.580843,7.1720223,18.86958,14.126212,11.827504,7.391122,23.658022,12.948898,12.421378,24.506376,12.819053,21.805872,29.955753,18.129986,19.533909,17.212849,9.447588,6.0381045,27.816639,25.786337,27.363323,19.188545,7.056304,11.921488,11.027293,25.104998,26.16374,24.49777,15.211434,11.819273,20.164602
444,22.620985,29.638876,22.668621,6.8324833,21.695063,15.354039,18.00664,11.944954,22.261759,9.686286,19.0098,15.247219,10.578706,21.937181,19.562635,29.992836,27.018873,16.54326,15.803531,17.46912,9.381451,6.561061,27.518444,21.042152,27.090519,14.740418,16.2331,11.752007,11.219793,18.151001,25.829126,23.886652,11.879897,10.266814,19.06668
445,30.898994,26.067123,30.136684,25.101274,29.867838,15.6002655,19.121752,8.422477,18.02778,4.6858573,7.4522195,14.71263,7.7756686,16.836409,17.247877,27.857615,23.466064,23.81829,15.788115,21.043,15.237273,14.139061,25.773727,24.371302,15.161471,11.31048,13.323196,7.4607763,10.7042465,5.6737075,25.071123,23.201874,10.753665,14.686766,20.022417
446,22.133024,30.528008,23.622162,8.243583,26.665257,8.588431,20.939539,11.814416,13.619137,6.292426,18.601728,13.930888,11.130922,20.475965,15.730939,26.460333,28.96214,18.052639,19.731634,19.981644,14.239865,11.182389,28.626984,22.20768,23.463161,13.802482,10.093882,9.488647,14.328732,16.185532,27.571058,24.826284,13.237323,10.566085,20.042727
447,31.100674,25.902363,30.52485,25.595066,29.647377,12.899605,19.219164,8.506223,14.359986,2.536486,7.53191,13.517824,8.160674,17.05805,14.429473,25.202297,24.95187,24.589067,17.202621,20.877733,15.741287,14.7742405,25.814274,26.08699,15.449507,12.20516,10.10594,6.9368467,10.310446,6.585349,25.243422,23.276817,11.491077,15.325108,20.138012
448,21.384094,29.691544,23.844248,13.032195,34.240818,12.272381,24.004004,9.7997265,16.813341,11.048069,11.7805805,18.113224,8.01996,14.748242,22.956758,31.607021,21.79936,18.09116,18.489193,25.318604,19.650541,16.973839,27.822533,15.280698,11.389601,7.434641,16.200876,7.377141,20.806896,3.8959973,27.227047,24.504803,11.437675,8.83668,20.737366
449,22.214182,30.77777,22.862373,5.1059647,13.207741,6.533114,19.072716,15.007651,11.599414,7.20922,26.47811,12.65184,13.460126,26.216677,11.924616,21.365826,32.389626,18.358116,20.404158,16.833832,8.924705,5.3143935,28.790989,27.405725,30.34264,20.93874,6.319162,12.399922,9.899326,28.57358,27.068396,25.046858,15.827991,11.89887,20.406805
450,24.073578,29.745998,24.38049,9.063902,22.116999,10.845118,18.716658,12.256603,16.061554,6.6591644,20.132643,13.513087,11.729662,22.409143,14.952758,25.540354,29.208046,18.568527,17.995407,17.47452,10.770221,7.8657327,28.011166,24.44654,26.93821,16.239464,10.836116,10.883981,10.353836,19.758781,26.622908,24.372234,13.101543,11.662488,19.64931
451,29.449554,26.331982,29.317442,23.404404,30.441376,12.731899,19.609282,8.58139,14.652222,2.9893634,7.5145617,13.784236,8.005087,16.834204,15.269242,26.173027,24.995972,23.449532,17.663883,21.299942,16.18849,15.175503,25.968197,24.710835,15.4798355,11.560817,10.72156,6.9269857,11.929447,6.245697,25.360966,23.284666,11.732471,14.379226,19.972612
452,22.073338,29.961676,22.429195,5.77735,17.138908,10.605016,18.386486,13.342467,16.705359,7.9540415,22.451548,13.636625,11.777763,23.817614,15.62098,25.74941,29.533312,17.223946,17.841478,17.047794,9.044164,5.779905,27.953804,23.843487,28.408766,17.470394,10.94557,11.872965,10.507863,23.044828,26.252245,24.292162,13.522024,11.03639,19.548841
453,26.671463,25.55886,27.20898,20.68246,25.38084,17.170328,20.639585,9.76262,17.8062,12.260026,6.819957,19.701096,8.050288,16.382515,21.426897,27.603558,17.047169,23.151451,15.0873785,22.388168,15.514289,12.922163,25.319965,21.930252,10.604649,10.62672,16.690361,11.476036,15.937301,3.0911129,24.377157,24.546944,12.083533,15.010723,22.573256
454,28.76632,26.014297,28.711426,21.543898,26.224922,9.311615,19.044828,9.496047,10.234578,1.955765,10.432082,12.47945,9.2995205,18.25177,11.506982,21.502281,26.356077,23.62835,18.63136,19.52892,14.915251,13.507288,25.816868,27.170473,17.62016,13.964075,6.8353014,7.7305145,9.926691,10.644279,25.275309,23.32612,12.741338,15.083974,20.085676
455,23.917837,29.30611,24.48256,10.783755,25.773552,13.528915,19.626701,11.1442375,18.810076,9.220646,17.241327,15.565118,10.483402,19.901312,18.635094,28.309948,25.665552,18.36245,16.675537,19.208574,12.517716,9.720865,27.590916,21.259903,22.310566,13.27999,14.533588,10.230446,12.617495,14.135954,26.322586,24.19882,11.808421,10.84325,19.824923
456,21.642218,29.34296,22.114185,5.5546255,16.28365,8.44362,18.089024,13.336911,13.83136,7.1037307,23.224958,12.624722,12.210528,23.732317,13.270974,22.966234,29.79273,17.166227,18.294598,16.293295,8.999476,5.7085557,27.418804,24.559996,28.236073,18.035847,8.546442,11.393278,9.764872,24.05005,25.826784,23.77811,13.826461,10.989333,19.152117
457,27.414022,27.548296,28.556784,21.92636,31.086273,10.219516,23.007774,9.47964,11.179545,6.5465503,9.130005,16.211096,8.516432,15.241548,17.311594,25.606895,22.10077,23.78864,18.473038,23.708395,19.683262,16.865873,27.36065,22.843002,10.513716,9.475498,10.406437,8.010192,15.483834,4.196189,27.348372,25.12934,11.413822,14.545561,22.17404
458,19.161491,30.668888,22.679739,7.6066394,31.748951,3.6977036,23.251436,11.277907,6.2320795,2.1153498,12.602632,13.322051,9.9863615,18.872822,12.98696,24.242908,31.30466,18.481895,25.906776,23.346539,19.338932,17.893929,28.721611,22.216578,20.14852,12.989946,6.0341144,7.780054,20.904514,12.331017,28.060957,25.112011,17.154728,10.0914955,20.600025
459,21.11584,29.303276,22.628664,6.3121786,16.09569,4.145529,19.490795,13.749744,7.1379933,4.911806,22.163103,12.041753,12.493676,23.81327,9.846598,18.852066,31.327744,18.836988,22.027517,17.704662,11.260295,8.482095,27.644413,26.880096,26.376854,19.516075,4.0782957,10.911597,11.984986,24.309772,26.281683,24.395197,16.607063,11.8499975,20.232698
460,32.122192,25.79173,31.157427,27.022987,30.47224,17.060932,19.089045,8.221026,19.171713,4.9119334,6.2298956,15.408821,7.499441,16.758984,17.924402,28.410982,22.911922,24.712164,15.329396,21.306469,15.210049,14.417345,25.624363,24.724419,14.464806,11.381828,14.535059,7.6415825,10.405215,4.623758,24.907864,23.3001,10.666141,15.17151,20.369802
461,23.703249,30.831959,25.305754,10.600155,27.639402,8.284717,21.415068,11.9137945,11.994905,4.5142403,16.229818,13.919554,11.14964,21.256424,14.461712,25.749662,30.704086,20.021732,22.122211,21.037125,15.414807,13.209676,29.188923,24.926714,23.764084,15.129427,8.836737,9.591862,15.43173,15.874807,28.119543,25.591722,15.38103,12.062695,20.94936
462,30.494095,25.989815,29.739662,24.226645,29.135525,14.6102,18.759932,8.513827,16.998405,3.7858977,7.9183135,14.021457,7.972969,17.111383,16.12797,26.949955,24.21959,23.547459,16.058973,20.470617,14.796805,13.687612,25.691792,24.741781,16.1924,11.719902,12.207861,7.438939,10.200178,6.689147,24.987188,23.064589,10.8475065,14.691263,19.76853
463,32.22924,25.431301,31.097462,27.02552,30.138586,18.073801,18.55565,8.116083,20.241556,5.167056,5.8436136,15.679136,7.4174337,16.822428,18.251852,28.621227,22.474922,24.57111,14.646752,20.795963,14.454996,13.8072605,25.247944,24.514172,14.832174,11.442976,15.502702,7.984828,9.869078,4.540329,24.460682,23.057426,10.446949,15.112272,20.200388
464,21.927067,29.978111,22.704412,6.179206,19.13882,8.714649,19.014742,13.067437,14.032472,6.764139,21.991514,13.121502,11.910565,23.254044,14.131946,24.30566,30.078793,17.60262,19.070154,17.504265,10.396974,7.236134,28.029964,24.316895,27.362343,17.275457,9.141385,11.030987,11.226017,22.225027,26.518057,24.34331,14.040589,10.989208,19.635195
465,22.020403,30.701899,22.670097,5.1555905,13.555943,7.0490212,19.141836,14.81272,12.400861,7.4307704,25.920244,12.898879,13.047236,25.762062,12.800938,22.315529,31.82785,18.12144,19.935093,17.1207,9.011171,5.3900833,28.70671,26.546577,29.649466,20.25589,7.0732675,12.242798,10.186585,27.607233,26.992567,24.98908,15.331564,11.7030945,20.353315
466,29.012444,27.300064,28.923777,20.832447,28.41668,12.104002,19.472515,9.586322,14.263829,3.4419851,10.327042,13.686897,9.220227,18.67586,14.476687,25.328352,26.635006,23.149107,18.485165,20.417175,15.084483,13.727116,26.75756,26.154152,18.743929,13.391038,10.096167,8.206555,11.447422,9.932059,25.963842,23.930048,12.812067,14.517948,20.306332
467,21.60091,29.148258,21.570482,5.314762,13.836099,11.7342825,17.271297,13.546446,18.206758,8.54532,22.312555,13.578632,11.373533,24.18413,16.091022,25.87346,28.804836,16.58334,16.80783,16.195145,7.4406114,4.280078,27.11473,23.377869,29.02026,17.846756,11.747463,12.510477,9.675999,24.104279,25.258253,23.590113,13.367477,10.960151,19.010733
468,24.122555,29.738407,24.801722,10.383426,24.726625,10.451651,19.513441,11.714378,15.092301,5.599038,17.489801,13.672116,11.012411,21.390654,15.13524,26.117981,29.205366,19.117826,19.085321,18.89944,12.556214,10.118227,28.09769,24.10133,24.98781,15.215151,10.602266,10.080188,12.1467285,17.066439,26.87108,24.542414,13.510694,11.790362,19.923738
469,21.526585,30.57631,22.4605,4.9690747,12.237311,6.258153,19.466463,15.087795,11.102291,7.5936847,25.876505,13.014144,13.045288,25.888765,12.445109,21.419876,31.631931,18.4026,20.59082,17.507915,9.283826,5.679614,28.652359,26.858093,28.871382,20.724445,6.2722826,12.425219,10.990915,27.87047,26.927488,25.15625,16.054056,11.915306,20.730669
470,30.254616,26.504345,29.963589,24.183338,30.54222,13.080354,19.633055,8.657865,14.940354,3.001287,7.6909537,13.879851,8.185543,17.138079,15.256014,26.243298,25.24261,23.966896,17.656418,21.303602,16.13456,15.111882,26.202072,25.385292,15.82535,11.895794,10.810951,7.082384,11.531492,6.5021467,25.58138,23.515213,11.7898655,14.780867,20.195612
471,20.74641,31.85472,22.590086,2.770706,7.468507,0.6229899,20.81642,17.406668,3.7577362,6.829583,31.136055,12.145035,15.215358,29.287144,7.5618634,15.192305,35.99553,19.68237,25.29875,17.529142,9.545733,5.8646398,29.727322,31.543697,31.612934,25.901417,0.47265163,13.432256,11.25931,35.69873,27.979582,26.163576,20.231907,12.390575,22.038977
472,20.679071,31.536802,22.455236,3.0094883,8.89462,1.9501297,20.524897,16.797955,5.1972055,6.7889,29.129316,12.398223,14.696105,28.472513,8.5893545,16.564789,34.986134,19.462551,24.632278,17.59438,9.720673,6.167198,29.504864,30.650995,30.996384,24.643587,1.7446444,13.353407,11.852093,33.39284,27.72929,26.068428,19.728199,12.4473295,21.872766
473,28.240252,27.326626,28.679483,20.321556,28.138601,8.996138,20.094831,9.843768,10.297639,2.0795553,10.831858,12.91215,9.550679,18.691313,12.2226,22.825006,27.67337,23.440535,20.085642,20.726196,15.979072,14.656626,26.850807,26.935112,18.1762,14.048322,7.1296425,7.646102,11.980055,10.720261,26.213058,24.079805,13.677187,14.5833435,20.552412
474,21.734747,30.190968,22.366083,5.3395004,13.019316,7.2101026,18.91748,14.610932,12.469872,7.55715,25.24286,12.907393,12.711066,25.30826,12.98311,22.255735,31.014036,17.966488,19.504166,17.072548,8.904083,5.3303223,28.262466,26.020884,28.798553,19.844753,7.2145753,12.141098,10.272795,26.882874,26.561583,24.685286,15.0791445,11.662907,20.18008
475,30.681974,26.684095,30.111578,23.098972,26.747318,11.536956,20.086323,9.591215,13.021655,6.4886518,13.51055,14.84276,10.154291,16.925543,15.06793,23.30533,21.952335,24.526772,14.472377,19.41251,15.040044,11.353396,26.876774,25.704687,15.147938,11.5134535,9.908239,9.184693,8.125604,8.441433,26.70566,24.726816,8.804351,16.235456,21.512835
476,20.884174,32.2169,22.775488,2.610216,8.144636,1.0458732,20.9643,17.441198,4.2131743,6.7737722,30.765903,12.357838,15.30552,29.514673,7.886355,15.80059,36.31809,19.83839,25.620136,17.722126,9.735907,6.085165,30.092072,31.823963,32.116314,25.912817,0.83439267,13.666344,11.765866,35.470234,28.282286,26.526857,20.542686,12.592743,22.289534
477,31.054066,27.315847,31.237814,24.896545,29.901562,8.963276,20.7986,9.580731,9.096061,0.7237955,8.998459,12.955299,9.384298,18.602663,11.390568,22.235909,28.26801,25.97662,20.962309,21.800491,17.435635,16.437725,27.283833,29.308163,16.823593,14.434543,6.069447,7.1806173,11.527317,9.374298,26.855295,24.697195,14.085995,16.2846,21.46894
478,21.208574,30.33834,23.05214,6.782437,23.097305,5.13249,20.73001,12.744063,8.967014,4.684043,20.263464,12.64498,11.913027,21.9496,12.072598,22.279451,31.073202,18.362143,21.927135,19.215416,13.6921625,10.839417,28.46278,24.58066,25.040855,16.476492,6.170534,9.832436,13.852173,20.082493,27.395655,24.785662,15.296157,10.971466,20.165121
479,21.667908,29.90715,22.755493,6.023894,16.199518,6.293548,19.369818,13.8385935,10.522048,6.4416213,23.282133,12.699719,12.574765,24.156862,12.0049515,21.350937,30.776617,18.427547,20.506077,17.553574,10.488755,7.228706,28.12548,26.155022,27.236654,19.021769,6.3349404,11.362661,11.432808,24.412815,26.609686,24.679674,15.498101,11.709659,20.246733
480,20.588207,31.124146,22.26325,3.2329013,9.3034935,2.2638228,20.235182,16.419975,5.6255536,6.7238426,28.541899,12.288559,14.385139,27.861555,8.812028,16.82511,34.30267,19.173538,23.961676,17.40665,9.631971,6.0981703,29.125618,29.942657,30.403534,23.95298,2.101238,13.053629,11.567165,32.43966,27.395155,25.707022,19.090485,12.249056,21.52329
481,20.767906,29.617817,23.443361,11.598172,32.072765,10.181016,23.454885,10.282396,13.976299,8.755611,11.690498,16.896208,8.641405,16.036865,20.208769,29.387667,23.816826,18.411253,20.185413,24.486275,19.137417,16.614962,27.916607,17.524902,13.71814,8.989004,13.283327,7.9912605,21.000576,6.083801,27.174566,24.737309,13.10525,9.722183,20.839735
482,23.405777,30.118753,24.031235,8.387646,22.70857,10.167413,19.394747,12.320795,15.524834,7.0090637,20.558882,13.716666,11.738536,22.109509,15.348549,25.82518,29.054167,18.31803,18.264492,18.075428,11.4772215,8.306115,28.31319,23.811338,26.13609,15.738796,10.659484,10.666949,11.3022,19.327675,26.982,24.62085,13.01505,11.3237505,19.854622
483,22.783373,29.045498,22.547728,7.057926,19.463242,14.075589,17.364567,12.149136,20.850178,9.103838,20.412514,14.322785,10.826396,22.210573,17.944489,28.120335,27.205137,16.53087,15.255351,16.479156,8.403847,5.45832,27.007584,21.553204,27.44199,15.520471,14.624218,11.547395,9.330766,19.893541,25.36204,23.37017,11.427325,10.395642,18.659607
484,20.728577,31.781857,22.665102,3.0849438,10.672771,1.7640657,20.845602,16.554943,4.9013047,6.339044,28.622095,12.38723,14.656867,28.138865,8.543711,16.84657,35.287735,19.537178,25.04675,17.931553,10.381998,6.899527,29.73059,30.55902,30.78825,24.259071,1.717602,13.022616,12.306033,32.559727,28.019684,26.219652,19.744759,12.338813,21.926455
485,20.931486,30.076513,22.037766,4.5075693,11.225863,4.808352,19.241558,15.13057,9.013499,7.0036197,26.124895,12.409761,13.251901,25.925566,10.831361,19.375267,31.801317,18.34098,21.182278,17.036537,9.228247,5.708728,28.19542,27.39629,28.764359,21.268162,4.663667,12.306421,10.803099,28.627047,26.52094,24.78778,16.6309,11.854876,20.513947
486,21.233295,30.727392,22.286837,4.3419757,9.109726,4.3945456,19.56222,16.0562,8.736844,7.49746,27.947409,12.513478,13.723604,27.243006,10.656014,19.02039,32.929173,18.713093,21.835255,17.231071,8.826271,5.1448627,28.74015,28.471,29.934427,22.751205,4.120958,12.895118,10.598198,31.219002,26.980968,25.238197,17.41593,12.15933,20.983534
487,31.738634,26.301277,31.12023,26.509197,30.68577,13.899711,19.726202,8.476465,15.606034,3.2239735,7.2648463,14.134806,7.975097,16.930712,15.698733,26.596138,24.642262,24.95361,17.01793,21.623154,16.268059,15.257725,26.19905,25.854492,14.777825,11.817572,11.219859,6.895301,10.807404,5.7245584,25.630579,23.621561,11.299315,15.418284,20.485155
488,21.17741,24.428453,21.622385,10.617004,16.593143,28.560522,16.847475,11.203259,31.578804,22.361605,6.9055767,25.731266,7.629308,19.127142,30.387377,34.257507,11.238684,18.063324,9.635608,20.045088,7.088872,4.9136114,22.833374,15.762548,14.895406,12.278612,29.787535,17.493555,18.721327,4.182435,19.946112,23.539614,12.828759,11.899591,22.219473
489,23.023125,29.239819,22.514696,6.534224,16.632359,13.150927,16.889309,12.961775,20.013113,8.844385,22.542662,13.664297,11.563096,23.661963,16.538439,26.685215,28.59388,16.600311,15.566301,15.610171,7.2474937,4.116875,27.146103,23.009663,29.6035,17.203102,13.211254,12.119989,8.005402,23.263418,25.3996,23.36201,11.997924,10.742612,18.579832
490,19.286213,30.18438,22.558367,9.896225,34.3084,8.071755,24.188309,10.151157,12.120681,7.1203995,11.466609,16.138836,8.491386,15.432044,19.528648,29.546371,25.055912,17.603737,21.385967,25.09945,20.466984,17.876116,28.266865,16.570171,13.723862,8.005044,11.952244,7.234337,22.353905,5.6114683,27.738289,24.77513,13.171824,8.916417,20.573526
491,27.19849,25.340452,26.554102,18.777706,26.621082,22.022575,17.418047,8.99065,25.43935,11.723907,7.73967,18.759548,7.676699,17.38106,22.717365,30.936052,18.989994,20.396452,12.524496,19.467396,11.281957,10.120569,24.241348,19.887493,16.490475,11.327335,21.555887,10.931964,12.1269245,5.4720654,22.784037,22.506865,10.624094,12.322434,19.760838
492,21.447035,30.639503,22.34283,4.607382,13.412742,6.340958,19.281456,14.850939,11.409164,7.147986,25.768198,12.755975,13.045932,25.752865,12.311853,21.688753,31.994865,18.039534,20.54015,17.222136,9.268516,5.713279,28.63628,26.650547,29.449953,20.421696,6.419722,12.190758,10.751375,27.683489,26.92718,24.977942,15.826373,11.600351,20.390093
493,24.359072,30.534966,25.835136,11.32374,25.255722,6.738792,21.239128,12.342225,9.717945,4.0864754,17.630896,13.351156,11.733813,21.87843,12.574319,23.27737,31.067356,20.89087,22.34647,20.476532,14.880294,12.525683,29.107811,26.52398,23.975275,16.511509,6.7760353,9.776447,14.056908,17.724989,28.090082,25.690714,15.697483,12.864609,21.250353
494,21.54632,29.367441,21.659237,5.3136144,13.777613,11.25426,17.651876,13.705453,17.624031,8.580395,22.581564,13.67563,11.4557085,24.256836,16.037842,25.726383,28.956223,16.783863,17.149837,16.552113,7.7612762,4.521474,27.347775,23.512905,28.71748,17.973515,11.375469,12.485386,10.050227,24.20597,25.507685,23.848255,13.549784,11.047647,19.29091
495,22.363655,29.677658,22.508701,6.500739,20.714855,14.314368,18.09578,12.211034,21.06235,9.310867,19.636068,14.895466,10.790463,22.262243,18.767992,29.122149,27.478943,16.612297,16.248293,17.401306,9.357707,6.4446893,27.582401,21.521734,27.274498,15.213089,15.114127,11.759815,11.200442,19.077486,25.893469,23.94576,12.232544,10.386366,19.137873
496,30.121723,26.663479,29.941107,23.993118,30.680525,12.718545,19.861486,8.733844,14.52806,3.0674918,7.9483175,13.915229,8.303496,17.13462,15.178901,26.11286,25.298243,23.989365,17.852373,21.463482,16.365719,15.24789,26.354675,25.395107,15.678989,11.884582,10.552288,7.0523996,11.813509,6.5106397,25.747393,23.65962,11.870767,14.768388,20.324465
497,23.58909,28.55412,24.113699,9.868416,15.622887,7.0789466,18.885685,13.181681,10.417458,6.592559,21.577635,12.852671,12.207114,22.89072,11.894908,20.433046,28.309303,19.866867,18.740583,17.294973,10.535929,7.1597333,27.336273,26.479382,24.712942,18.046879,6.3419585,11.287201,9.931192,22.005495,26.07018,24.393536,14.196783,13.102077,20.422827
498,21.395763,31.03498,22.582506,4.5223465,14.553507,5.9616933,19.852346,14.862058,10.746673,7.0130844,25.53006,12.955444,13.168089,25.712341,12.267921,21.708977,32.317696,18.340425,21.319416,17.768839,10.046777,6.504191,29.02953,26.910324,29.158377,20.39922,6.1875463,12.134134,11.661248,27.223873,27.348368,25.385103,16.299643,11.674461,20.771273
499,26.594566,28.449379,27.911156,18.31039,30.180555,7.608619,21.435316,10.1683855,8.889688,1.6644201,10.448093,13.207564,9.514092,18.731289,12.448411,23.447151,29.071712,22.934948,22.340433,22.220623,17.684017,16.561655,27.664383,26.303833,18.09893,13.865801,6.6702824,7.4312553,14.926291,10.431149,27.051077,24.694605,15.032153,13.811329,20.980587
500,30.220016,26.718494,29.859999,23.952427,30.19773,14.177377,19.77991,8.793635,16.475756,4.487693,8.304761,14.634321,8.195587,17.09242,16.696201,27.337318,24.302704,23.7268,16.871962,21.474033,15.903701,14.608994,26.342094,24.5718,15.449154,11.550968,12.246555,7.466902,11.713135,6.2822967,25.660501,23.669695,11.341158,14.577686,20.36046
501,32.870663,26.245392,32.01894,28.197609,31.204975,15.030259,19.781567,8.321018,16.684994,3.3913283,6.5143995,14.495802,7.733414,16.913294,16.328436,27.301191,24.387188,25.659697,16.753677,21.955055,16.396122,15.585245,26.240814,26.223658,14.3103695,11.842719,12.038876,6.858452,10.502304,5.0747056,25.665361,23.722443,11.21569,15.811455,20.702726
502,25.598438,28.927631,26.018278,13.133127,24.572155,9.82611,19.238966,11.349228,13.435609,4.4643135,16.304865,13.158256,10.899892,21.004461,13.619529,24.423561,28.98565,20.440876,19.160217,18.820164,12.799161,10.696413,27.645103,25.387968,23.860775,15.545301,9.196295,9.60241,11.092823,16.328407,26.574266,24.338419,13.535593,12.814196,20.024406
503,22.430176,30.200941,23.212942,6.3659525,18.328465,7.488771,19.136955,13.49137,12.380483,6.5471478,23.466492,12.749001,12.676328,23.941637,12.707702,22.62663,30.86058,18.186466,19.639767,17.167692,10.332415,6.983294,28.321598,25.726707,28.09003,18.370905,7.612646,11.2010765,10.550351,23.898613,26.83782,24.618786,14.544949,11.450493,19.922651
504,17.946783,31.505335,21.524107,4.755047,31.390608,4.421598,23.303831,11.696945,8.242281,3.5153255,14.730595,13.653461,10.3573475,19.422098,14.472655,25.914597,31.36175,17.077522,25.21706,22.937485,18.610195,16.466425,29.229618,21.12992,21.745136,12.695311,7.382335,8.382715,21.161352,13.656731,28.401625,25.31034,16.684305,9.184555,20.406004
505,22.08926,29.87999,22.30754,5.7182837,15.5092945,10.753204,18.179735,13.642534,16.986311,8.246139,22.93034,13.683834,11.780688,24.218067,15.72956,25.675768,29.506626,17.225904,17.587034,16.880896,8.45687,5.1411424,27.878613,23.967896,28.72004,17.923439,10.985483,12.197069,10.125015,23.925016,26.115156,24.270967,13.537773,11.180719,19.593164
506,21.412931,30.965084,22.600695,4.806555,17.571762,6.9283395,19.835436,14.071015,11.986453,6.732021,23.919926,13.062719,12.724582,24.672396,13.139093,23.156693,31.76281,17.952606,20.86646,17.955639,10.6986065,7.2722282,28.930267,25.834732,28.53685,18.872604,7.373972,11.569052,12.171862,24.823275,27.321354,25.175169,15.597068,11.275014,20.391771
507,21.999512,29.914022,22.41335,5.948699,18.15731,11.22139,18.494478,13.041323,17.384115,8.136898,21.546606,13.931384,11.51019,23.330212,16.331518,26.536324,28.9983,17.139845,17.662163,17.341646,9.41328,6.207543,27.914879,23.272339,27.797972,16.768463,11.704628,11.776033,11.076734,21.787676,26.230856,24.28813,13.33223,10.928237,19.539097
508,20.958755,28.927614,21.98712,6.042245,11.580842,5.1772995,19.016233,14.3423,9.007663,7.247422,24.364023,12.527435,12.472537,24.256662,11.317853,19.32878,29.548353,18.392925,19.911167,17.196297,9.582906,6.1161814,27.272854,26.009638,25.910133,19.722927,5.0976377,11.664915,10.781065,25.809713,25.76956,24.164003,15.478978,11.852347,20.207699
509,21.63488,28.854568,24.175545,14.377217,33.37185,9.830191,23.654243,9.591395,13.223889,7.9203634,9.8976345,16.553747,7.784256,14.562883,20.106108,29.425413,22.82144,19.056847,19.671968,25.248573,20.176006,17.872135,27.351894,16.827507,10.915764,7.751031,12.829159,6.7888374,20.811554,3.6151974,26.89334,24.247328,12.179596,9.939949,20.629522
510,22.02513,29.186762,24.029501,10.892001,28.73309,6.7631283,21.135744,10.827534,9.734075,2.9313037,12.997463,13.106271,9.806148,19.11023,13.44053,24.511381,29.447021,19.207466,22.32139,21.330597,16.428576,14.902939,27.62265,23.00608,20.609703,13.425695,7.648026,8.030107,16.41184,12.764868,26.805534,24.227657,15.06388,11.186733,19.945679
511,21.617685,29.58064,24.263916,14.247655,34.416954,10.77616,24.43543,9.796201,14.634128,9.514706,10.548576,17.528122,7.7596197,14.458995,21.852255,30.910007,22.37143,18.877028,19.53648,26.09811,20.71154,18.196718,27.890427,15.929615,10.356678,7.3316703,14.399351,6.9163227,21.617056,3.2256267,27.431742,24.647223,12.000857,9.478146,20.993067
512,25.10624,29.691067,26.602488,13.673106,27.50475,6.145662,21.161585,11.473615,8.230414,2.2168236,14.9597645,12.788746,11.089017,20.766787,11.357175,22.325089,31.078592,21.642008,22.883215,20.783548,15.954617,14.277219,28.484993,26.853878,22.406975,15.874952,5.8212295,8.710061,13.966964,15.498638,27.697935,25.18975,15.716733,13.163059,20.971222
513,20.658909,31.091803,22.328394,3.413614,10.849682,2.7373724,20.211744,16.010756,6.196146,6.560312,27.730358,12.329589,14.199889,27.291727,9.206069,17.535767,33.946827,19.031553,23.665485,17.491978,9.962476,6.4431367,29.105991,29.414425,30.044386,23.142263,2.6478415,12.773293,11.779911,31.12435,27.412647,25.64584,18.653263,12.125235,21.364922
514,21.287394,30.876574,22.532785,4.514313,14.081656,5.3661823,19.847288,14.921483,9.880867,6.88573,25.772833,12.783102,13.274088,25.73273,11.678777,20.887512,32.34631,18.426594,21.52008,17.658607,10.061003,6.521665,28.898315,27.156673,28.988123,20.65235,5.556231,12.095362,11.521064,27.569326,27.251888,25.297256,16.479368,11.701605,20.766663
515,23.292812,30.881649,24.282976,8.108634,23.34518,8.332524,20.336294,12.697152,13.435184,6.463948,21.554802,13.525771,12.176257,22.356354,14.51912,25.08348,30.148716,18.72013,19.466444,18.74405,12.454415,9.027081,29.062435,24.446388,26.079767,16.068916,9.088823,10.46185,11.987894,19.974884,27.841095,25.262062,13.507834,11.481768,20.385935
516,29.347773,26.165733,29.102594,22.445202,28.147535,11.49913,19.050884,9.009049,13.094979,2.6648717,9.232498,13.122055,8.738596,17.684475,13.543791,24.072886,25.611074,23.482359,17.78627,20.129839,15.12322,13.900602,25.877129,25.974806,16.990349,12.843363,9.140103,7.456565,10.541637,8.646816,25.236864,23.261694,12.063694,14.741655,19.929125
517,24.21057,30.130562,24.968172,9.984334,24.24617,9.526255,19.707888,12.143692,14.026965,5.4541206,18.754963,13.459518,11.581841,22.02902,14.2753935,25.185066,30.076633,19.329212,19.68705,18.73968,12.52496,9.942369,28.46101,24.962626,25.874172,16.050035,9.637751,10.285341,11.900287,18.550074,27.234097,24.827044,13.987956,11.947211,20.145851
518,26.901922,28.417372,27.213995,15.759471,21.839844,8.303411,19.981674,11.75738,10.614325,5.6339517,17.755047,13.600714,11.437535,20.661125,12.749785,21.746521,27.03165,22.314896,18.35899,19.03217,13.26281,10.174231,27.704437,26.729252,21.040558,15.761947,7.2416387,10.023832,10.07522,16.245495,26.903852,24.957243,12.803102,14.489098,21.211082
519,21.031937,29.511566,23.674833,12.87493,34.247112,10.42519,23.874477,9.757382,14.567773,8.755508,10.926508,17.008472,7.9708695,14.744219,21.163462,30.572456,23.067774,18.236057,19.488726,25.2304,20.042803,17.524923,27.74176,15.960688,11.848133,7.4976277,14.067537,7.008403,21.096455,4.086402,27.225641,24.4001,11.921195,9.173582,20.541618
520,28.736193,26.503977,28.025219,19.99199,27.298235,15.405873,18.646872,9.094631,19.211588,8.628004,13.4118395,15.443255,9.20888,16.72351,18.457674,27.356009,21.259125,21.393417,12.884297,18.98568,12.938702,10.2698555,25.876247,21.549978,16.38122,10.897734,14.851255,8.664406,8.921162,8.072248,25.096394,23.205278,8.387198,13.086902,19.680656
521,25.906656,28.20085,26.62052,16.212114,29.26015,10.945071,19.990387,9.9346075,13.952058,3.5011833,11.027792,13.665531,9.199101,18.73924,15.013359,26.29749,27.679237,20.997765,19.675797,20.793972,15.425337,14.11371,27.094154,24.04813,19.90724,12.95274,10.337786,8.155255,13.670151,10.646492,26.232243,23.926754,13.428418,12.7139435,19.907831
522,21.905624,29.41755,22.475485,6.6725903,20.776535,12.002717,18.550524,12.20463,17.85129,8.231083,19.485758,14.22623,11.035796,22.050524,16.885712,26.990005,27.812454,17.023323,17.481236,17.654335,10.33244,7.4387836,27.460876,22.346199,26.200418,15.447035,12.64205,11.197452,11.9219475,19.043798,25.884733,23.925026,13.098181,10.572292,19.271467
523,22.579786,29.07349,22.275763,6.5912924,18.87157,15.583295,17.16602,12.233203,22.551338,10.039082,19.72553,15.0133,10.638745,22.48471,19.181997,29.247936,26.713795,16.337996,15.067507,16.581083,8.01826,5.149182,26.986412,21.317385,27.817104,15.534299,16.093338,12.23321,9.984353,19.636347,25.18837,23.475498,11.76476,10.445905,18.791061
524,19.842197,27.351213,21.772257,9.960568,25.755457,17.075727,20.740347,10.351867,20.809809,14.3365,9.699085,19.988625,8.041647,16.859327,24.300318,31.253376,18.408669,17.457554,16.241394,22.59415,14.594108,12.114002,25.685406,16.27978,13.874734,9.840223,19.49719,11.38238,20.601173,5.0978036,24.084991,23.937101,13.122617,10.105127,20.94376
525,30.109558,25.076677,29.278696,24.45887,28.715008,18.292845,18.32133,8.281484,20.551126,6.726985,5.952867,16.226217,7.224414,16.5516,19.089815,28.715122,21.219414,23.154041,14.344136,20.615099,13.950844,13.141935,24.657578,22.835993,14.372371,11.073347,16.401903,8.5029545,11.020909,4.4368234,23.765745,22.635311,10.605385,14.181494,19.906555
526,18.336256,31.032639,21.947824,6.2531404,32.31639,4.3400316,23.429283,11.258763,7.646833,2.9845204,13.083,13.623686,9.869571,18.65441,14.315705,25.730873,30.848238,17.571066,25.366432,23.46357,19.335892,17.532534,28.897907,20.986351,20.213789,12.163084,7.165218,7.834279,21.525509,11.996862,28.18839,25.118652,16.639812,9.415395,20.413828
527,20.293438,28.513035,21.65108,5.3533316,12.438366,3.6273265,18.719185,14.072345,6.596625,5.463972,23.331827,11.660336,12.575734,24.222095,9.15482,17.358318,30.680704,18.296808,21.37199,16.72268,9.910584,6.983724,26.878284,26.875702,26.541328,20.261795,3.3573718,11.284914,10.993421,26.03869,25.420399,23.787937,16.593344,11.713272,19.837292
528,20.424572,30.558805,21.910486,3.3419724,9.248553,2.9591398,19.681425,16.034636,6.533628,6.7794185,27.756378,12.198412,14.01751,27.303268,9.204915,17.258133,33.41733,18.74019,23.035175,17.024845,9.232099,5.7384806,28.603897,29.13708,30.011902,23.232105,2.733331,12.900178,11.215277,31.498087,26.864407,25.233461,18.405434,12.081415,21.063696
529,24.714043,29.351654,25.819044,13.048088,27.28881,8.585683,20.489668,11.105225,11.832044,3.8925252,14.866499,13.362925,10.51706,20.1076,13.780137,24.776089,29.214214,20.444534,20.631374,20.360544,14.91385,12.955362,28.008308,24.656727,22.042591,14.477995,8.578,8.832092,13.582207,14.282888,27.09593,24.648046,14.113709,12.419668,20.337929
530,31.04093,25.981558,30.423128,25.425823,29.749352,13.583392,19.224342,8.485575,15.325788,3.1947193,7.631901,13.825203,8.106033,16.972887,15.203378,25.924788,24.497393,24.36768,16.792158,20.926287,15.655263,14.590097,25.840244,25.622637,15.334238,11.906003,10.925476,7.068943,10.476614,6.3098764,25.237312,23.279339,11.262495,15.159939,20.110704
531,27.697351,26.289223,27.964281,19.83332,25.300032,8.192036,19.212645,9.910204,9.029794,1.8717971,11.23398,12.295165,9.629439,18.79923,10.84314,20.697643,27.082245,23.19556,19.573269,19.454632,14.8907385,13.448328,25.976418,27.440414,18.362568,14.626669,5.9417048,7.9888077,10.551545,11.97941,25.38562,23.453848,13.6165285,14.822852,20.146109
532,20.681345,29.854084,21.854404,4.47603,9.663806,3.9922168,19.275137,15.424737,7.892884,7.103351,26.716656,12.261165,13.32253,26.157011,10.205303,18.253277,31.833197,18.449081,21.46075,16.982891,9.073424,5.545235,27.983086,27.710173,28.473362,21.876877,3.8263938,12.38607,10.646068,29.589863,26.335957,24.667604,16.99485,11.90193,20.57907
533,24.876354,29.270233,26.609959,17.1437,32.45976,10.417062,23.345198,9.939709,13.646838,7.867022,11.899187,16.426353,8.756951,15.6524,19.352213,28.832478,23.4665,21.010956,18.679432,24.488937,19.169697,16.446716,28.113228,19.412117,12.453654,9.097577,12.392201,7.396529,17.851082,5.306968,27.660976,25.050592,11.417529,11.703281,21.368263
534,22.845816,28.723263,22.849178,7.7695208,14.371966,9.045321,17.79445,13.342256,14.252202,7.7270975,23.223545,12.777513,11.990449,23.47273,13.594428,22.709946,28.485943,17.956875,17.043343,16.24305,8.509485,5.0524335,27.042255,24.70419,26.990261,17.973248,8.708729,11.545906,8.600509,23.793388,25.5385,23.63894,13.049838,11.765639,19.302206
535,21.62117,29.628586,21.897734,5.281462,14.318847,10.0030985,18.02141,13.799949,16.079035,8.033629,23.249964,13.354837,11.81256,24.380186,15.054175,24.780483,29.627874,17.055288,17.79706,16.644094,8.211411,4.8909283,27.62991,24.133167,28.754053,18.289186,10.157801,12.191587,10.020751,24.652075,25.856512,24.060835,13.806052,11.11953,19.4574
536,26.09915,30.016426,27.284334,14.680331,27.170904,7.8780828,21.386324,11.591978,10.408392,3.994426,15.589737,13.742733,11.150203,20.758,13.247867,23.95624,29.830448,22.07115,21.608097,21.134476,15.732335,13.560318,28.897293,26.52946,21.761421,15.418598,7.5147376,9.198996,13.875357,14.8341675,28.023594,25.667276,14.891679,13.595778,21.461447
537,31.714811,26.375088,30.9838,24.76157,27.019356,11.249026,20.390585,9.508956,11.822547,6.074017,12.687038,14.965697,10.246403,16.680393,14.459079,22.141846,21.53128,25.719707,14.559037,19.156544,15.731288,11.710054,26.974861,27.108315,14.479012,11.394021,9.194815,9.700173,7.1899233,8.030297,27.138865,25.121965,8.608815,17.49839,22.11278
538,20.387623,30.204784,21.941587,3.9518554,12.373286,3.513989,19.687159,15.057607,7.0734224,6.2513437,25.774029,12.18602,13.416076,25.795832,9.780698,18.292805,32.448826,18.467552,22.476765,17.312046,10.083054,6.7237406,28.308964,27.836384,28.531895,21.457375,3.5273592,12.049923,11.691467,28.432173,26.708258,24.927065,17.460032,11.731049,20.672026
539,28.300743,27.58105,28.525347,19.31241,26.498146,8.957096,19.755243,10.304755,10.598231,2.5747828,12.759974,12.836174,10.131743,19.41723,12.028229,22.450113,27.878008,23.238415,19.450016,19.862635,14.883742,13.141274,27.070335,27.295473,19.690739,14.743515,7.1016936,8.312353,10.676742,12.624142,26.39488,24.269102,13.287465,14.733449,20.6085
540,28.201233,27.890427,28.231133,18.811123,28.103607,11.685443,19.597868,9.95559,14.516729,4.305003,12.5141735,13.779644,9.7216425,18.875154,14.837682,25.581532,26.703175,22.281195,17.97875,20.052753,14.559886,12.727611,27.12331,25.214575,19.622623,13.368679,10.3807745,8.43842,11.1754,11.066558,26.30531,24.115942,12.191363,13.850233,20.251589
541,20.63807,31.344078,22.355349,3.0930731,9.051394,2.0053046,20.375082,16.634815,5.3207936,6.7304707,28.990866,12.289148,14.571503,28.199587,8.6069765,16.599792,34.721832,19.302486,24.308723,17.46222,9.647223,6.091906,29.318726,30.32604,30.769194,24.356178,1.8279396,13.185087,11.599354,33.07424,27.573942,25.86958,19.396658,12.319891,21.674524
542,31.767399,25.419697,30.745485,26.567541,29.467583,15.174018,18.646069,8.11989,17.180685,3.5728035,6.9159565,14.036883,7.6715083,16.6763,16.059387,26.726875,23.522507,24.460472,15.549993,20.571285,14.984178,14.073692,25.362946,25.236584,14.965683,11.576492,12.272484,7.0818577,9.451793,5.6132793,24.735155,22.899076,10.505258,15.246575,19.841589
543,21.550299,29.739925,23.090322,6.7013516,17.184557,4.343714,19.882046,13.746028,7.427896,4.9256077,22.146315,12.267621,12.55239,23.797924,10.243872,19.49053,31.56584,19.130749,22.181414,18.120724,11.712491,8.8736515,28.074356,26.967884,26.36158,19.332754,4.3746934,10.877225,12.241705,23.925573,26.74594,24.758902,16.535482,11.985621,20.50874
544,27.158764,27.22828,26.667297,16.451468,25.370518,13.867881,17.91066,9.955678,17.910116,5.4432197,13.282181,13.771591,9.445216,19.232956,16.098934,26.807884,25.736359,20.51475,15.8454275,18.303797,11.900408,10.049924,26.22026,23.62966,21.54836,13.390747,12.671948,9.211147,9.501556,12.410986,25.144327,23.181925,11.152794,12.929872,19.192495
545,22.442562,29.741308,22.48768,6.395276,20.22501,14.384963,17.966703,12.330012,21.3127,9.263905,19.98821,14.82119,10.820326,22.485971,18.789904,29.243246,27.684816,16.561169,16.08888,17.246239,9.040673,6.0799966,27.628227,21.577633,27.713554,15.379009,15.147592,11.880604,10.856084,19.57329,25.91483,23.949978,12.109748,10.419829,19.10003
546,26.24444,27.981483,27.189985,16.239027,24.45541,6.131099,20.125069,11.205918,7.1552916,1.9178188,14.14966,12.314344,10.809181,20.547289,9.948724,19.924828,29.671066,22.690655,21.820885,19.749058,14.986105,13.378548,27.263783,28.200153,21.119152,16.480247,4.6579094,8.798711,11.811527,15.562235,26.552485,24.465216,15.3605,14.334521,20.80816
547,22.986633,29.600607,25.257076,15.493273,33.943302,10.60831,24.14971,9.872799,14.36441,8.93973,11.298747,17.113468,8.132944,14.816904,21.075941,30.395412,22.794968,19.695435,19.060045,25.607838,20.230762,17.54411,28.093323,17.053978,11.042797,7.8179746,13.716177,7.016302,20.090132,3.9533918,27.671877,24.85699,11.519021,10.284556,21.157808
548,20.666124,31.49759,22.46628,3.0810285,9.371054,1.840841,20.563887,16.667282,5.064231,6.669223,29.019417,12.340086,14.645487,28.24726,8.537518,16.550611,34.909164,19.426403,24.586254,17.617268,9.873912,6.317693,29.467152,30.487236,30.757984,24.423351,1.7054559,13.179947,11.821699,33.061478,27.73277,26.013336,19.568413,12.355137,21.808207
549,21.006758,30.810497,22.356897,4.1382723,11.62594,4.240692,19.886318,15.524298,8.324524,6.9741817,26.866264,12.59503,13.641854,26.51668,10.642186,19.26361,32.789875,18.707031,22.198795,17.513332,9.716733,6.1393523,28.859795,28.124468,29.320862,21.922672,4.233297,12.508809,11.3947315,29.465475,27.171598,25.381506,17.35409,11.974779,21.03546
550,21.568027,30.562368,22.36094,4.8222528,13.976421,7.0537915,19.16638,14.617234,12.36164,7.3019934,25.24875,12.923824,12.814982,25.432867,12.963975,22.499094,31.565783,17.905575,20.019575,17.243803,9.220988,5.6774116,28.569458,26.13683,29.226582,19.878197,7.188456,12.116424,10.724796,26.876423,26.852785,24.910803,15.360768,11.535201,20.282661
551,20.963406,31.145172,22.491941,3.8612266,12.56859,3.8737705,20.184887,15.547657,7.8043365,6.6973686,26.897806,12.582903,13.840603,26.618498,10.35937,19.145542,33.33089,18.819065,22.835094,17.697609,10.160361,6.597404,29.158253,28.452456,29.589798,22.02319,3.9383001,12.472956,11.830082,29.476027,27.485794,25.618982,17.735817,11.957224,21.194433
552,20.795576,28.309074,21.824806,6.5254107,11.105695,5.038622,18.836893,14.111178,8.561264,7.323022,23.737572,12.492701,12.204576,23.683558,11.176747,18.774975,28.651024,18.411268,19.528494,17.120451,9.605353,6.184131,26.760197,25.603334,24.782942,19.324848,4.926765,11.493267,10.761812,24.99631,25.311518,23.822144,15.215865,11.873888,20.064886
553,20.540993,23.878265,21.102385,10.07279,14.413676,30.356703,16.617247,11.521323,32.896305,24.628597,6.0072737,27.455196,7.4638824,19.27445,32.01648,34.72772,9.123287,18.130308,8.715561,20.211319,6.162218,3.9219952,22.31731,15.082705,13.916,12.501013,31.780663,18.95084,19.757698,3.274477,19.17233,23.743248,13.098935,12.221844,22.907162
554,21.582134,30.164484,22.23214,5.0236425,11.280564,6.6262674,18.793968,15.044366,11.623778,7.503042,25.834263,12.693754,13.001542,26.017757,12.215838,21.239502,31.50393,18.121365,20.055515,16.862179,8.559695,4.9876146,28.244667,26.889095,29.435486,20.801853,6.321262,12.512043,10.250948,28.33145,26.47446,24.71937,15.859651,11.925541,20.289076
555,21.054665,29.678236,22.831102,6.316088,16.838907,3.5125303,20.047087,13.860398,6.237854,4.578511,21.985378,12.131605,12.560646,23.861576,9.628934,18.710342,31.874052,19.150892,22.904827,18.28301,11.988294,9.282023,28.0065,27.17527,26.178398,19.645378,3.6024368,10.83976,12.752802,24.184057,26.695827,24.755041,17.118847,11.942474,20.588503
556,22.431505,29.261276,23.296637,7.732258,17.798927,6.9215846,19.145231,13.075421,11.052583,6.357826,22.118174,12.6765175,12.14804,22.88828,12.340082,21.6488,29.450588,18.642452,19.347958,17.477438,10.785083,7.561552,27.64346,25.37405,25.700298,17.762032,6.9353433,10.750351,10.733347,22.226189,26.307667,24.279573,14.279877,11.78223,19.942429
557,24.751442,28.412252,26.006392,13.5253105,22.616646,5.373388,20.17431,11.86438,6.708878,2.7019954,15.96219,12.380093,11.29239,21.288115,9.869605,19.506235,30.06828,21.774609,22.23943,19.470661,14.358203,12.535536,27.453,27.809645,22.23055,17.227036,4.4042897,9.36941,12.365927,17.49751,26.598314,24.591879,15.955045,13.709845,20.824768
558,21.832901,30.148186,22.18971,5.2783766,13.432146,9.113072,18.491285,14.365003,15.108964,8.111259,24.546228,13.329903,12.23658,25.092916,14.58204,24.19104,30.463902,17.458714,18.458815,16.943848,8.331529,4.83459,28.123505,24.95803,29.168577,19.16388,9.245527,12.349562,10.049995,26.116838,26.343874,24.491652,14.317013,11.374869,19.883924
559,22.799046,29.809628,23.421812,7.5222006,20.482147,9.292739,18.968403,12.686397,14.466742,6.6635184,21.240582,13.215309,11.834329,22.72401,14.295132,24.549847,29.597393,18.047958,18.633255,17.53899,10.715079,7.6320047,27.972664,24.312553,26.845295,16.7434,9.584925,10.837705,10.855644,21.04542,26.561262,24.31971,13.573533,11.2659645,19.638088
560,28.455372,26.618008,28.806662,22.710064,31.59274,12.172856,20.30438,8.593856,13.987239,2.9384906,6.708187,14.039959,7.752112,16.465208,15.6050005,26.554226,25.152008,23.138313,18.6652,22.228195,17.287825,16.416231,26.12873,24.003815,14.626673,11.076551,10.6455,6.6490564,13.77762,5.3348327,25.552114,23.406088,12.348964,13.904284,20.106356
561,21.536467,30.69673,22.498388,4.806007,13.064389,6.246629,19.485895,14.969407,11.132579,7.347316,25.789774,12.942022,13.0985,25.83235,12.359555,21.547148,31.874481,18.325357,20.704586,17.457037,9.419726,5.8414903,28.74443,26.864555,29.132545,20.586771,6.310289,12.319448,11.006097,27.685797,27.029985,25.176807,16.028135,11.811979,20.663454
562,21.075977,30.811134,22.457026,4.421015,14.164614,5.019623,19.96581,14.890784,9.306535,6.787344,25.581364,12.762593,13.269841,25.614079,11.447574,20.535122,32.283894,18.47581,21.794575,17.768051,10.30216,6.7899566,28.85365,27.194275,28.649689,20.644394,5.2434187,12.035879,11.847567,27.369244,27.227613,25.3097,16.68625,11.697752,20.829048
563,21.196396,30.271423,22.271965,4.855207,14.3899555,5.9058294,19.369055,14.440385,10.538475,6.791429,24.859928,12.648037,12.849137,25.027971,11.9573555,21.196983,31.468271,18.072353,20.662344,17.345245,9.834788,6.376411,28.343426,26.348122,28.338509,19.83933,6.0670657,11.784689,11.159802,26.39985,26.732151,24.790808,15.761629,11.509064,20.296604
564,21.168089,30.121468,22.16549,4.938491,11.981895,6.042244,19.288588,14.890335,10.651273,7.5066524,25.35233,12.896633,12.869451,25.491156,12.201888,20.94032,31.082253,18.270765,20.458805,17.376549,9.297027,5.760452,28.257774,26.569437,28.219671,20.46672,6.044991,12.290796,11.087011,27.332811,26.560987,24.879448,15.997167,11.844676,20.561874
565,32.424595,26.070297,31.48286,27.391945,30.707691,15.743917,19.372967,8.260454,17.767607,3.9584966,6.6858134,14.648433,7.6766996,16.858683,16.90522,27.75513,23.842537,25.049082,16.082241,21.494188,15.778833,14.905948,25.98767,25.528706,14.659407,11.599825,12.924252,7.1278276,10.271039,5.1502585,25.351707,23.467836,10.869132,15.463699,20.399961
566,20.857891,30.811047,22.26877,3.9279459,11.460477,4.1645803,19.88549,15.57525,8.172612,6.944956,26.79334,12.603013,13.677982,26.62177,10.542256,19.124756,32.877876,18.700146,22.399797,17.502834,9.716411,6.1742315,28.859623,28.249176,29.43965,22.055859,4.1284766,12.6011305,11.601173,29.583958,27.145433,25.410364,17.59055,11.997751,21.074724
567,28.764008,27.353844,28.7488,20.676697,29.31587,12.22043,19.605028,9.381297,14.6195345,3.3701892,9.9596615,13.739274,8.951254,18.238218,14.942507,26.005299,26.462118,22.858192,18.278265,20.675798,15.3184595,14.003914,26.746357,25.341171,18.326582,12.783339,10.504245,7.873167,11.741493,9.13098,25.983095,23.858786,12.380684,14.170669,20.180862
568,21.120396,30.13513,22.150194,4.8620987,10.485296,5.186195,19.333406,15.31599,9.522481,7.478863,26.258778,12.672927,13.1602335,26.047525,11.376866,19.792824,31.558561,18.484432,20.9561,17.279394,9.113295,5.5275016,28.262817,27.30104,28.523645,21.353725,5.031142,12.478023,10.866493,28.765741,26.565828,24.900385,16.56118,12.010706,20.687561
569,31.424006,26.278635,31.173111,26.251736,30.33757,11.10237,20.001617,8.720697,11.737889,1.4903529,7.4769726,13.229834,8.51693,17.309418,12.981662,23.780323,26.062304,25.538383,18.79631,21.535805,16.886372,15.98082,26.324799,27.501574,15.136482,12.829578,8.110006,6.6795483,10.9600935,6.8414855,25.858742,23.825926,12.481498,15.901447,20.746033
570,20.59544,31.06549,22.26108,3.44854,11.437048,3.1549711,20.224089,15.820064,6.802324,6.6438627,27.304358,12.46081,13.982052,26.977177,9.731423,18.184269,33.62803,18.871937,23.366497,17.618418,10.054885,6.542055,29.072063,28.899933,29.72906,22.671642,3.1836786,12.644369,11.953046,30.394302,27.380909,25.608791,18.325516,11.98962,21.294117
571,21.22804,30.479652,22.228981,4.8618107,16.87926,7.852879,19.372656,13.863926,13.202207,7.1965895,23.334906,13.208576,12.340358,24.327986,13.890259,23.783752,30.821878,17.566605,19.960018,17.706238,10.185422,6.801013,28.469418,25.05228,28.169552,18.358915,8.289178,11.650508,11.932163,24.23335,26.82031,24.793716,15.070216,11.138388,20.075542
572,32.13769,25.57268,31.129013,27.126715,29.950132,15.34228,18.910347,8.1176815,17.27217,3.6713493,6.748715,14.237462,7.663637,16.664053,16.280394,26.966555,23.52199,24.799627,15.690648,20.904217,15.325019,14.429529,25.549328,25.425997,14.644873,11.561004,12.412805,7.043318,9.659101,5.2965636,24.934948,23.095991,10.591933,15.409793,20.06682
573,24.313892,27.948019,24.663963,12.788722,25.388851,16.517296,19.186802,10.452567,21.125078,11.418049,14.167917,17.22238,9.536791,18.68226,20.868658,29.372623,22.174824,18.784788,15.160119,19.653162,12.393766,9.854449,26.500267,20.061832,19.196386,12.166512,17.30927,10.685495,13.486975,10.478767,25.106749,23.804571,11.452754,11.228888,20.050795
574,21.575489,30.075598,22.449203,5.485406,16.130749,7.148592,19.121588,13.854331,12.118703,6.8860445,23.778477,12.812227,12.47441,24.27334,12.892453,22.5009,30.710625,17.859753,19.739237,17.299412,9.919991,6.5189033,28.166473,25.473434,27.88977,18.7295,7.356918,11.459763,10.992041,24.665264,26.584673,24.567673,14.860803,11.350482,19.980331
575,29.031124,26.611029,28.941233,21.437881,27.536808,10.588087,19.253645,9.454151,12.101954,2.4499335,10.276871,12.956212,9.215512,18.383535,12.833533,23.35108,26.558525,23.476803,18.542149,19.987854,15.052784,13.712246,26.26358,26.716145,18.069721,13.646804,8.29336,7.786271,10.54546,10.154645,25.614897,23.596478,12.683116,14.829651,20.162544
576,22.400303,29.443064,22.358791,6.4228287,18.945017,14.421295,17.71088,12.461403,21.197422,9.536378,20.098513,14.833418,10.844258,22.677698,18.615728,28.76759,27.369461,16.610838,15.904954,17.01593,8.613736,5.6447525,27.378532,21.783571,27.681026,15.749981,14.997992,12.108725,10.602935,20.002731,25.615427,23.830706,12.243968,10.589436,19.108118
577,21.800556,26.120626,22.832155,12.218831,23.858372,21.011923,19.053158,10.217353,24.3451,15.68181,8.2064705,21.163958,7.7949457,17.49195,25.384134,31.905775,16.751251,18.324041,13.962208,21.42145,12.112665,10.123693,24.594677,16.98844,14.497263,10.820026,22.439135,12.694733,18.527044,4.6536684,22.6854,23.490503,12.694099,11.064085,21.015116
578,21.129126,30.216913,22.109543,5.2132454,20.304668,9.180555,19.224249,12.884091,14.907064,6.883185,21.283533,13.378638,11.59159,22.919695,15.081899,25.550259,29.991684,16.96075,19.193584,17.869265,10.796857,7.657042,28.124748,23.334824,27.287174,16.465967,10.020637,10.988457,12.293428,21.30565,26.595371,24.343565,14.005225,10.451969,19.50126
579,20.33572,28.293797,22.678537,11.969441,30.1469,14.919021,22.787567,9.921594,18.78995,13.572323,9.9240055,19.566544,7.637344,15.17701,24.40685,31.69086,18.992287,17.82526,17.431566,24.699697,17.818806,15.247511,26.570904,15.128505,10.844948,8.124557,18.287514,9.18524,21.692608,3.201894,25.518229,24.183449,12.394903,9.374092,21.02179
580,22.026596,30.19191,22.803265,5.952113,18.572277,7.998627,19.126749,13.353726,13.297875,6.885707,23.261202,12.93956,12.343704,23.627718,13.552754,23.574419,30.467823,17.69516,19.187511,17.30428,10.254072,6.881248,28.229774,24.78986,27.788042,17.804241,8.426019,11.082195,10.753319,23.34305,26.731424,24.476639,14.077558,11.05622,19.736797
581,20.240261,29.724085,21.623144,4.161662,10.484654,3.8669646,19.401964,15.168145,7.6338506,6.980479,26.05739,12.337332,13.142676,25.696655,10.291829,18.295229,31.524376,18.289024,21.603226,17.133648,9.448779,6.015513,27.864704,27.270144,27.884224,21.436022,3.9183245,12.197313,11.208779,28.668854,26.24525,24.619291,16.994598,11.694721,20.551607
582,28.481684,26.939339,28.938808,22.012962,30.60305,10.403881,20.423483,9.03526,11.820949,2.3829248,8.365033,13.517225,8.532021,17.16579,13.958224,24.74242,26.160309,23.4805,19.36042,21.783487,17.082764,15.963071,26.518265,25.271114,15.649696,12.120995,8.756521,6.8750668,13.152472,7.1563706,25.964636,23.799377,12.780387,14.304125,20.417408
583,24.969585,29.485325,25.823637,12.222608,25.38429,8.395824,19.898312,11.643481,11.766076,4.084783,16.837584,13.017532,11.308635,21.240452,12.845666,23.671114,29.964817,20.388351,20.475166,19.223457,13.663693,11.522779,28.098854,25.756132,24.162346,15.83673,8.07537,9.525449,12.12466,16.926306,27.082241,24.671251,14.376984,12.616932,20.260792
584,28.804039,26.856388,28.724379,20.623058,26.620705,10.137912,19.32436,9.801622,11.791602,3.0049968,11.7111635,13.033471,9.636682,18.613955,12.763782,22.971996,26.433971,23.310558,18.190578,19.685843,14.679716,12.931043,26.48481,26.608826,18.474056,13.840745,8.07725,8.142257,10.140106,11.051661,25.846981,23.819935,12.340102,14.839418,20.329763
585,25.380823,28.547947,26.50083,15.976685,30.508142,10.162472,20.754091,9.930707,12.98684,3.4007814,10.635586,13.856894,9.139134,18.388763,15.105552,26.38448,27.82996,21.009638,20.5224,21.634716,16.545218,15.23089,27.398823,23.719982,19.01592,12.510904,9.942593,7.8572617,15.083721,9.814873,26.60525,24.202538,13.8217325,12.507179,20.177011
586,22.42606,29.431198,22.054464,5.9886675,15.91437,13.790029,17.145365,13.135341,21.039244,9.165577,21.922565,14.17038,11.028347,23.691156,17.86909,28.111912,28.36308,16.372238,15.586633,16.267307,7.2725196,4.140776,27.287605,22.25917,29.219082,16.878431,14.119682,12.426434,9.062973,22.810278,25.459236,23.589006,12.092593,10.647618,18.828009
587,25.156075,28.992407,26.09547,13.38951,25.016207,7.3179054,20.047625,11.460231,9.994579,3.131259,15.858595,12.657259,10.982099,20.854479,11.899353,22.58899,29.890444,21.0238,20.93238,19.597576,14.164565,12.212012,27.815475,26.223145,22.837215,15.877949,6.730021,9.027397,12.2109,16.253569,26.903868,24.58362,14.567002,13.069269,20.402994
588,29.552769,25.153637,29.118422,23.70271,27.739342,11.727762,18.542694,8.513644,13.016987,2.5040617,8.104702,12.911701,8.240503,16.855513,13.350098,23.539824,24.420172,23.576939,16.962513,19.865597,14.960353,13.895489,25.036266,25.51081,15.563627,12.263936,9.097626,7.039912,9.974707,7.402211,24.461628,22.605404,11.4655695,14.804973,19.5306
589,21.135475,30.920483,22.466394,4.3004704,13.236076,4.956284,19.941132,15.169469,9.297019,6.9437227,26.123013,12.774527,13.415647,26.050894,11.364434,20.364235,32.541172,18.556183,21.881237,17.702038,10.016498,6.462112,28.951164,27.533884,29.096725,21.135855,5.088854,12.283511,11.672677,28.22024,27.277845,25.407087,16.898355,11.821005,20.939562
590,21.807638,30.361382,22.346699,5.176533,14.452425,8.566876,18.817965,14.281833,14.35843,7.762497,24.489716,13.28331,12.387104,24.990316,14.23145,23.945696,30.75203,17.62372,18.937708,17.149145,8.852782,5.355897,28.360226,25.18997,29.032701,19.087685,8.796242,12.15846,10.418799,25.781252,26.6175,24.711912,14.508973,11.39465,20.05095
591,24.627554,28.431618,26.22891,15.869925,30.996248,8.132591,21.323114,9.903653,10.240171,2.327921,10.003855,13.402389,9.043242,18.031286,13.785567,24.950428,28.355064,21.168869,21.89081,22.230576,17.65882,16.521372,27.33271,23.965977,17.932575,12.535975,8.043371,7.249405,16.176752,9.443672,26.66445,24.194769,14.59192,12.443741,20.289034
592,20.986397,30.77752,22.286428,4.020892,11.144732,4.285323,19.75151,15.613026,8.408226,6.9980583,27.005707,12.548988,13.688974,26.701298,10.567029,19.16899,32.867992,18.667484,22.168583,17.365305,9.486954,5.9112525,28.824165,28.248735,29.619543,22.112623,4.1925745,12.635537,11.2578335,29.830797,27.103054,25.348095,17.431042,12.015445,21.001297
593,27.627947,28.375534,28.73368,18.988537,27.651495,6.1595674,21.147093,10.7662115,6.6184864,0.85777456,12.033243,12.554491,10.337968,19.982647,10.154956,20.76746,30.275211,24.08965,23.014126,21.403538,16.921135,15.735368,27.810448,28.873253,19.473835,15.963676,4.4641714,7.970045,13.097483,13.241511,27.226479,24.998575,15.8252325,14.922541,21.420382
594,32.496643,25.434284,31.362665,27.480991,30.163715,17.30105,18.699255,8.068185,19.31165,4.7372775,6.09107,15.278574,7.5195427,16.722235,17.633755,28.042028,22.64536,24.881199,14.867458,20.850594,14.788591,14.039122,25.362865,24.97606,14.552628,11.468622,14.531538,7.6875744,9.664647,4.596261,24.645424,23.13053,10.420083,15.373562,20.250772
595,21.250772,30.885197,22.456913,4.3718977,13.716393,5.385343,19.751894,15.006592,9.967927,6.879893,25.934713,12.728868,13.306494,25.911352,11.627356,20.851763,32.484394,18.365421,21.525677,17.552044,9.87386,6.333767,28.88953,27.248734,29.289476,20.827572,5.5190954,12.184673,11.415678,27.930952,27.21574,25.273066,16.551334,11.702214,20.729021
596,28.131798,28.196236,28.516352,19.58863,29.793516,11.924848,20.493647,9.800819,14.430618,4.3996553,10.774761,14.434754,9.33138,18.408297,15.719626,26.546148,26.469421,22.729506,18.935144,21.460604,16.07693,14.430433,27.461674,24.971384,18.09768,12.649045,10.770081,8.240887,13.324502,9.117864,26.666681,24.525507,12.86766,13.970624,20.753794
597,23.804466,24.224958,23.92644,15.165858,20.794228,25.61151,17.118828,10.026301,27.973185,17.225027,5.138705,22.822994,7.2296433,18.102484,26.704397,32.434807,14.101775,19.694424,11.465768,20.370438,9.402096,8.0168915,23.005398,17.993887,14.293931,11.877199,25.69491,14.571829,16.889233,3.347287,20.709269,23.01784,12.6685295,12.6520405,21.408651
598,22.349667,30.049456,22.52885,5.7603445,16.650139,10.571496,18.18722,13.506866,16.88333,7.93728,23.271315,13.476112,11.955684,24.141985,15.409302,25.604164,29.899254,17.183329,17.576351,16.700785,8.564387,5.2351956,28.00282,24.030579,29.116688,17.83727,10.870892,11.945013,9.682255,23.953531,26.291658,24.249,13.273923,11.031701,19.449652
599,19.997211,30.78407,23.270048,9.40055,33.364285,6.2454906,23.902231,10.817539,9.545552,4.7021914,12.2377205,14.865115,9.389762,17.449492,16.46943,27.336964,28.48593,18.552181,23.69152,24.432487,20.00132,17.899988,28.898083,20.008331,17.22265,10.6846695,9.117954,7.6336813,21.564259,9.033812,28.271774,25.31159,15.1828165,9.926431,20.899862
600,30.101706,26.11942,29.30638,22.974741,28.080364,14.288835,18.469872,8.781604,16.900698,3.9866176,9.1939335,13.820561,8.344796,17.544615,15.80341,26.54226,24.490993,23.132847,15.834063,19.826767,14.04588,12.713632,25.757484,24.814781,17.28937,12.149442,11.978832,7.8036375,9.584125,7.99118,24.997625,23.086388,10.7225275,14.564145,19.667109
601,26.899797,28.263142,27.083244,16.339994,27.387781,11.859202,19.351187,10.273367,15.274838,4.4272833,13.027603,13.740664,9.785936,19.50157,15.182952,26.23865,27.426872,21.19091,18.337524,19.742727,13.910421,12.169188,27.2127,24.667168,21.272673,13.737926,10.916369,8.864162,11.649445,12.356363,26.249428,24.05269,12.692077,13.145954,19.964392
602,22.783537,30.087229,22.919504,6.2189302,16.464525,10.355828,18.222471,13.615476,16.375751,7.9212723,23.494688,13.418772,12.249051,24.379023,14.929353,25.02285,30.043188,17.605663,17.795261,16.643843,8.639642,5.2864995,28.114208,24.739819,29.251907,18.228107,10.402649,12.049618,9.531137,24.30435,26.405672,24.394417,13.565978,11.389105,19.627321
603,19.939137,26.235943,21.70632,11.169492,24.359808,22.2918,20.497482,10.358557,25.444822,19.61811,7.4554386,23.647789,7.210882,16.28485,28.76198,33.59434,13.503158,17.679375,13.632148,23.431343,13.426147,11.034363,24.489643,14.212412,10.630691,9.402851,25.121313,13.208969,21.97352,1.7529285,22.546015,23.841396,12.844104,10.153303,21.872953
604,24.029213,28.056425,23.223497,8.969958,17.920517,14.01064,16.361979,11.957719,20.366962,8.637495,20.510592,13.601474,11.010782,22.097475,16.613997,26.468042,26.60241,17.122631,14.18489,15.339718,7.5011253,4.531062,26.27301,22.425335,27.462162,15.802553,13.729298,11.56713,7.175922,20.40022,24.73181,22.766716,10.83075,11.119837,18.232603
605,21.205053,30.032898,22.208403,4.818767,12.742676,5.241066,19.128214,14.741776,9.624784,6.8435984,25.750986,12.35878,13.146351,25.449686,11.062937,19.898354,31.62769,18.184067,20.750465,16.90599,9.363965,5.877004,28.131557,26.955643,28.68225,20.633505,5.1976657,11.977755,10.473804,27.75852,26.519175,24.619917,16.046925,11.646553,20.245987
606,20.958918,30.467113,22.220455,4.2584405,12.071998,4.3235307,19.58305,15.214609,8.432818,6.7659106,26.5048,12.379557,13.495881,26.087872,10.506253,19.186678,32.446957,18.459738,21.778269,17.20243,9.619009,6.0840893,28.529137,27.738247,29.094908,21.468359,4.315179,12.244464,11.012127,28.916342,26.888117,25.026482,16.92731,11.790133,20.675062
607,27.905865,26.562462,28.246115,19.896969,25.73094,7.536493,19.42145,10.0151205,8.23945,1.2768402,11.523701,12.073864,9.827741,19.0268,10.221976,20.272972,27.854013,23.45592,20.109177,19.542622,15.121665,13.736826,26.235706,27.94847,18.78806,15.000367,5.2822375,7.869529,10.416177,12.465014,25.695635,23.649197,13.847454,14.929336,20.285583
608,20.709476,31.095863,22.368134,3.5108771,10.780508,2.8255465,20.243668,16.01345,6.308054,6.6191454,27.698534,12.401413,14.161896,27.291466,9.336646,17.642254,33.87279,19.084345,23.600763,17.551628,9.955165,6.4346104,29.123463,29.388308,29.949697,23.132023,2.7427459,12.791364,11.794354,31.04911,27.423788,25.686556,18.61289,12.163174,21.419325
609,19.564035,30.546137,22.45576,7.9024134,31.148182,8.2001,22.940964,11.02615,12.353347,6.4450574,13.486883,15.353575,9.584856,18.154665,17.718695,28.13502,27.563404,17.57287,22.191715,23.200165,18.105324,15.7707,28.54509,19.504822,18.655315,11.094785,11.042832,8.530659,20.471313,10.442623,27.640276,24.984102,14.784709,9.498655,20.502356
610,23.752396,28.488293,23.424082,9.3892565,22.355167,19.415346,17.623827,11.266641,25.78504,12.851484,16.522852,17.557735,9.848592,20.759256,22.47058,31.482561,23.228033,17.103928,13.632199,17.83321,9.0201235,6.4951506,26.52037,19.612867,24.149715,13.793347,20.351313,12.33977,11.357817,14.489367,24.72703,23.576498,11.048936,10.449566,19.425333
611,20.453909,30.71512,22.162395,3.4914281,9.770168,2.0292244,20.093376,16.087152,5.138136,6.379344,27.854109,12.09922,14.18132,27.317692,8.487298,16.441801,33.894947,19.112879,23.840008,17.319452,9.810887,6.389698,28.777977,29.655727,29.72543,23.536503,1.8736671,12.726052,11.525965,31.6116,27.116693,25.42222,18.887726,12.166061,21.305326
612,20.61231,31.030918,22.222918,3.3730757,11.220804,3.1814098,20.082659,15.85241,6.8525186,6.6136646,27.408659,12.375584,14.046106,27.07857,9.60337,18.082998,33.698883,18.817833,23.316074,17.449371,9.8879385,6.365724,29.03284,28.995008,30.00277,22.761745,3.1309786,12.705959,11.776509,30.637638,27.325745,25.54864,18.33693,12.005489,21.21678
613,18.824978,31.109575,21.838942,5.6417017,30.731857,6.195455,22.557709,11.487975,10.5487585,4.180008,14.732826,13.842979,10.186767,19.425283,15.422343,26.934597,30.481222,17.025036,23.6342,22.297722,17.549248,15.335665,28.90044,20.884691,21.998295,12.431966,8.808843,8.546203,19.839947,13.462949,27.973963,24.990223,15.734731,9.332155,20.090881
614,20.457972,31.094618,22.268427,3.2752655,10.485018,2.2552242,20.39813,16.132881,5.5009317,6.5504413,27.891996,12.3460655,14.246642,27.392422,8.928577,17.033438,34.070858,19.142479,24.048506,17.617687,10.102784,6.6156473,29.111027,29.612448,29.844639,23.429947,2.2305448,12.799762,12.01672,31.411793,27.428312,25.710844,18.986155,12.131481,21.511435
615,32.52207,26.421497,31.801193,27.506529,30.928883,14.019311,19.871935,8.506991,15.555262,3.036628,7.1679564,14.183834,8.041765,17.105505,15.580175,26.568838,24.90488,25.569912,17.171526,21.823006,16.44092,15.482275,26.40274,26.514019,14.755098,12.093645,11.084867,6.8781586,10.565474,5.739345,25.848677,23.842829,11.407115,15.831867,20.7443
616,21.410666,29.904018,22.100466,5.142973,13.739903,7.0292625,18.753143,14.271022,12.21053,7.1395683,24.671873,12.669981,12.531151,24.865866,12.727071,22.079422,30.813171,17.693367,19.442585,16.899963,9.025094,5.550177,27.982319,25.668179,28.500875,19.413593,7.0874457,11.830442,10.310072,26.181515,26.319773,24.408897,14.908224,11.418802,19.889532
617,30.458385,26.423878,30.044409,24.229603,29.784079,12.98364,19.46433,8.7434635,14.844266,3.1867788,8.330335,13.811623,8.370002,17.261847,15.061511,25.870373,25.067244,24.050367,17.275417,20.979164,15.732893,14.542601,26.172768,25.57011,15.976473,12.090398,10.626081,7.2256546,10.921194,6.966786,25.54806,23.525286,11.528845,14.948944,20.218338
618,23.531334,29.931694,25.772585,14.9797735,33.16443,9.234553,23.733147,10.240361,12.508149,7.0664945,12.031826,16.156752,9.029889,16.121162,18.73077,28.659163,24.92655,20.39257,20.202553,24.724472,19.687883,17.041399,28.554028,19.486015,13.73687,9.381002,11.551685,7.4906693,19.2997,6.087961,28.054756,25.31425,12.472138,11.229409,21.388063
619,21.286133,31.153301,22.634188,4.04355,13.155907,4.183463,19.95709,15.405996,8.333169,6.579583,27.03716,12.440052,13.889299,26.554743,10.3668995,19.396603,33.43576,18.697372,22.455585,17.398039,9.97113,6.3863277,29.138874,28.370497,30.01678,21.838673,4.2108974,12.357882,11.225577,29.464346,27.486115,25.478245,17.330801,11.8647375,20.953672
620,29.35697,27.415838,29.612314,22.152933,29.909464,10.397035,20.367098,9.449792,11.806541,2.4296465,9.699654,13.452523,9.185505,18.149443,13.456276,24.323254,27.026836,24.025774,19.55741,21.398045,16.581852,15.306964,27.02618,26.656855,17.130974,13.20747,8.396691,7.3869715,12.266725,8.840742,26.410982,24.253822,13.123223,14.861839,20.759073
621,23.497955,24.781528,23.767063,14.595708,21.99842,24.457129,17.669083,10.003663,27.287256,17.068796,6.550871,22.339443,7.382355,17.708889,26.516176,32.38317,14.709439,19.20712,11.755582,20.565409,10.104699,8.5056,23.441017,17.37023,14.173809,11.413034,25.082941,13.798598,16.770634,3.7666986,21.318918,23.023657,12.154949,11.956465,21.143475
622,22.244854,30.505798,22.871977,5.5943666,17.502224,8.215114,18.966331,13.769231,13.723929,7.0770617,24.141003,12.952127,12.66174,24.44821,13.494798,23.611176,31.124533,17.739468,19.280575,17.04754,9.672528,6.2472386,28.48737,25.390966,29.055466,18.59185,8.461858,11.5424,10.350712,24.77894,26.879955,24.659466,14.366761,11.227551,19.83921
623,31.296534,26.376053,31.042204,26.176052,30.98387,12.030257,20.03761,8.601932,13.045337,1.8518558,6.9480095,13.575348,8.189019,17.088562,14.025513,25.039482,25.784485,25.24126,18.494793,21.831303,16.94597,16.128458,26.32589,26.710928,14.937811,12.352751,9.257266,6.6223335,11.4234915,6.1176405,25.815172,23.77539,12.244984,15.586151,20.654871
624,23.22821,29.526714,23.903627,9.261219,23.98758,10.435081,19.516943,11.68504,15.745249,7.392967,19.416975,13.947182,11.157639,20.659605,16.074274,26.2334,27.45834,18.101444,17.380142,18.446402,12.116879,8.903424,27.788418,22.28384,23.89211,14.205009,11.277652,9.9972,11.639761,16.91777,26.609896,24.18325,11.97141,10.939037,19.582872
625,22.980417,29.326273,24.153978,9.268279,20.68223,5.9807987,19.629381,12.653773,9.137637,4.0244517,19.290014,12.312433,11.777365,22.52175,11.071935,21.166088,30.916504,19.589153,21.382092,18.465405,12.43382,10.04889,27.815193,26.370499,25.297573,17.723003,5.7399144,10.036628,11.964953,20.640099,26.63244,24.46671,15.498616,12.242165,20.16869
626,25.45705,27.654285,25.332895,15.166825,29.726494,19.535563,19.46969,9.225814,25.31886,14.187652,14.194169,18.542109,8.612222,16.079758,24.338633,32.122395,19.137283,17.994896,11.989086,20.087786,12.898064,10.2931795,25.98676,16.248528,15.999866,9.31014,21.685644,9.303288,11.945269,6.854179,24.948252,22.940363,8.027142,9.577342,19.25585
627,23.275484,29.05447,22.634588,7.2759476,19.664877,18.055552,16.902994,11.971465,25.447062,11.3638935,18.962873,15.974288,10.27737,22.185862,21.14663,31.192162,25.642057,16.300379,13.8677435,16.679739,7.603966,4.792511,26.918663,20.458696,27.683178,14.956224,18.672298,12.60861,9.753246,18.385992,25.061415,23.486351,10.995851,10.418051,18.827711
628,22.300503,29.637117,22.696907,6.8320856,21.087345,12.759031,18.470636,12.208495,18.970907,8.40202,19.61843,14.406638,10.983513,22.161556,17.501945,27.868156,27.913952,17.011246,17.073551,17.627907,10.075023,7.156125,27.635529,22.172073,26.672842,15.361638,13.437695,11.325255,11.550102,19.065533,26.034311,24.023779,12.714355,10.573346,19.278109
629,29.791914,25.198984,29.028193,23.862305,28.200813,18.25532,18.374887,8.463441,20.514847,7.197884,6.3217707,16.395653,7.37809,16.731964,19.235144,28.699144,21.073284,23.022621,14.400077,20.630878,13.843194,12.882983,24.755276,22.826862,14.509938,11.205563,16.411776,8.786493,11.331879,4.699569,23.80667,22.77778,10.790455,14.193382,20.040941
630,23.175144,28.893063,23.181162,8.054146,19.714584,11.663494,17.757402,12.147089,17.485918,7.5414534,20.548407,13.448482,11.254626,22.118414,15.686206,25.832607,27.84385,17.468489,16.303326,16.560163,9.292105,6.2471204,27.095718,22.987738,26.72703,15.875375,11.803857,11.047043,9.292764,20.043512,25.622414,23.54914,12.00426,11.06168,18.935297
631,24.388618,28.816956,23.725952,8.936313,22.052444,15.864061,16.934093,11.475976,22.652609,9.363607,19.543098,14.60519,10.866429,21.60382,18.423681,28.723122,26.56836,16.96388,14.234765,16.030989,8.397491,5.679053,26.85154,21.571833,27.512207,14.896482,16.161858,11.333578,8.113118,18.406654,25.29439,23.164896,10.576873,10.529285,18.418682
632,20.854439,29.940313,21.88881,4.5663285,9.8535185,4.8227234,19.145472,15.372942,9.083793,7.358585,26.47698,12.443866,13.196637,26.138474,10.930807,19.216312,31.636044,18.317362,21.013855,17.007921,8.883204,5.3203735,28.052784,27.379787,28.682835,21.57962,4.622322,12.47913,10.64478,29.258852,26.352966,24.694593,16.679249,11.9125595,20.52152
633,20.920216,30.293036,22.04651,4.487888,12.869981,5.845406,19.418982,14.803785,10.50212,7.2663317,25.311998,12.832727,12.88821,25.410006,12.127408,21.04889,31.3992,18.07906,20.741333,17.424925,9.54032,6.029029,28.363205,26.436981,28.402102,20.328737,6.0178895,12.145098,11.330267,27.181784,26.681612,24.906223,16.056164,11.602264,20.50434
634,21.32631,28.57434,22.902323,7.299283,14.304649,3.0240273,19.34057,13.850808,4.958551,4.383173,21.712933,11.719871,12.521325,23.974142,8.292204,16.604689,31.27256,19.62862,22.712622,17.579365,11.236783,8.810364,27.135517,28.078335,25.654274,20.51968,2.493993,10.914709,11.664838,24.871464,25.824005,24.200373,17.462727,12.467879,20.42005
635,20.618187,30.843273,22.211737,3.5825145,10.269232,2.8640969,20.069319,15.97563,6.3783636,6.7268295,27.684042,12.346969,14.041545,27.159552,9.359831,17.524536,33.55071,18.962448,23.286507,17.410484,9.7384,6.221091,28.884804,29.149385,29.707527,23.052822,2.7803087,12.752842,11.545349,31.036219,27.194368,25.483694,18.40681,12.102533,21.277294
636,27.27059,26.825426,26.561262,16.964417,26.74503,17.787836,18.242615,9.343022,22.740839,11.616986,14.804581,16.804087,9.348176,16.850079,21.027674,29.186693,19.90976,19.577166,11.4763565,18.367254,11.597929,8.750769,25.759354,19.1938,17.447155,10.577355,18.322859,9.657282,9.091377,8.584277,24.761038,23.015741,7.7752314,11.624237,19.348852
637,20.329218,30.842419,21.992094,3.0225344,7.481269,1.3388329,20.06693,16.748074,4.517887,6.7934923,29.594671,11.956093,14.565433,28.20983,7.923111,15.458973,34.48538,19.10508,24.101938,17.054247,9.18989,5.633927,28.817009,30.292458,30.510254,24.715382,1.1216613,13.097319,10.959675,33.91835,27.105139,25.40595,19.341228,12.156713,21.380135
638,21.946806,29.863972,22.347788,5.8018436,16.727682,10.48723,18.426533,13.378136,16.480467,8.036349,22.326391,13.680883,11.746309,23.797148,15.602792,25.580938,29.348415,17.273762,17.908627,17.133081,9.09526,5.828593,27.890495,23.866516,28.120262,17.486729,10.803629,11.917015,10.724245,22.989515,26.183832,24.29504,13.662395,11.107931,19.612047
639,22.624702,30.348116,24.201025,9.22004,24.532887,8.194177,20.98144,12.250204,12.085748,5.757004,17.473822,14.0034485,11.2180395,21.460814,14.696832,25.141045,29.61833,19.317238,21.318377,20.404552,14.359527,11.758295,28.706573,24.396877,23.541924,15.378078,8.838356,10.126438,15.190607,16.970407,27.512468,25.269327,15.220518,11.816809,20.76299
640,21.450924,29.152828,22.70104,6.5842743,14.696718,4.6421638,19.353163,13.846563,7.9385047,6.193719,23.487394,12.25931,12.661782,23.778044,10.472881,18.936884,30.17835,18.83796,20.765976,17.369213,10.640346,7.3810472,27.551582,26.595509,25.886192,19.404953,4.5455194,11.153683,11.091099,24.652882,26.187464,24.36107,15.741127,11.973771,20.26771
641,21.024036,30.720558,22.366367,4.2294765,12.578546,4.520926,19.799791,15.235467,8.628505,6.7991657,26.27405,12.573701,13.523396,26.161682,10.783061,19.595242,32.5818,18.598108,22.032455,17.47822,9.880166,6.3502455,28.782784,27.844395,29.151354,21.432972,4.5241385,12.328516,11.496693,28.646444,27.113237,25.285448,17.125149,11.892063,20.885036
642,20.384655,30.694715,22.035156,3.3117025,9.511081,2.377913,19.963484,16.10252,5.6625314,6.590076,27.877218,12.163666,14.16098,27.3786,8.771231,16.737436,33.728703,18.965233,23.59547,17.208767,9.595775,6.127097,28.745514,29.514168,29.89045,23.46816,2.187728,12.849539,11.50662,31.639675,27.040146,25.389997,18.792427,12.137526,21.250254
643,20.592405,29.736156,21.75408,4.353959,12.283971,4.58825,19.055819,14.694884,8.716428,6.5154123,25.495829,12.125181,13.044559,25.316578,10.52913,19.173216,31.567484,17.990479,21.053476,16.814852,9.410108,5.988525,27.845268,26.888176,28.368338,20.672989,4.5644712,11.878796,10.742807,27.754217,26.246405,24.415743,16.321032,11.500233,20.123718
644,23.87873,28.471817,23.473185,9.492159,22.942795,19.017393,17.48313,11.084786,25.569113,12.194782,16.710106,17.02304,9.860608,20.580772,21.987465,31.308683,23.613579,16.953693,13.563293,17.568094,9.065658,6.5681577,26.493465,19.578243,24.461407,13.585657,19.902618,11.922411,10.805311,14.60392,24.770262,23.366762,10.700252,10.290461,19.088333
645,20.358988,30.686138,22.058079,3.4419904,10.850516,2.588215,20.05061,15.779582,5.9346957,6.458007,27.28342,12.192768,13.970548,26.84274,9.078207,17.26163,33.468327,18.826313,23.442556,17.380512,9.978232,6.5254216,28.726276,28.981453,29.41569,22.794262,2.5558884,12.534866,11.749726,30.571405,27.078798,25.326918,18.437353,11.950196,21.125563
646,20.53447,30.69967,22.170881,3.6236494,10.707927,2.809856,20.017824,15.795972,6.1858206,6.5210495,27.229155,12.275269,13.971248,26.918514,9.21725,17.413445,33.407078,18.938206,23.326298,17.387894,9.891122,6.438025,28.77005,29.068615,29.474308,22.827549,2.7043076,12.624746,11.684517,30.538183,27.09899,25.396648,18.402534,12.082169,21.197182
647,20.842663,29.68671,22.44644,5.29939,13.025679,3.0607247,19.704222,14.680772,5.881224,5.5785475,24.506437,12.036121,13.195946,25.149803,9.07343,17.428013,32.065872,19.082874,22.691116,17.49652,10.619061,7.548776,27.98861,28.115644,27.358507,21.221306,2.9002552,11.6560135,11.696387,27.231386,26.516497,24.7897,17.524883,12.124739,20.722034
648,31.569164,25.414852,30.643347,26.418844,29.244257,14.399385,18.75165,8.2142,16.197275,3.326513,7.1543837,13.8157425,7.777317,16.678257,15.4915,26.080568,23.745632,24.49159,15.878997,20.601944,15.14967,14.188921,25.369999,25.413319,14.86816,11.709706,11.503171,6.9847336,9.55287,5.8736224,24.779306,22.905054,10.664699,15.277017,19.868929
649,20.853191,30.084578,21.887892,4.2702937,9.927954,4.6652756,19.100058,15.456967,8.945294,7.1797857,26.77747,12.320943,13.382385,26.398886,10.632489,19.034729,32.082653,18.276863,21.23767,16.839874,8.79636,5.2302265,28.160984,27.679876,29.293137,21.828281,4.4167113,12.554211,10.5192175,29.755499,26.439436,24.734026,16.85981,11.889355,20.494236
650,21.332352,29.889671,23.735886,9.905974,29.99278,6.401083,21.869211,11.000894,9.510299,3.0024917,12.973579,13.3942995,9.861249,19.165277,13.891324,25.19061,30.042343,18.952509,23.267159,22.08471,17.306297,15.748509,28.162342,22.674673,20.679806,13.1891,7.7484694,8.027781,17.902214,12.565092,27.34485,24.630518,15.613284,10.815872,20.207693
651,28.164223,26.94059,28.572374,21.033482,29.477196,9.988231,20.032938,9.274894,11.462467,2.04635,9.108164,13.11919,8.779777,17.790571,13.23294,24.067787,26.876886,23.192123,19.603483,21.153732,16.376778,15.310953,26.45655,25.791706,16.959696,12.90509,8.241215,7.1526785,12.52551,8.708656,25.846497,23.693884,13.141774,14.244486,20.232313
652,31.386768,25.97919,30.492006,25.77256,30.026245,15.95084,19.01694,8.331585,18.356688,4.5226684,7.1653194,14.70327,7.6991115,16.854506,17.27018,27.98019,23.49252,24.080486,15.633529,21.014235,15.157243,14.159063,25.731247,24.608871,15.185407,11.36834,13.486088,7.4108343,10.3530445,5.544575,25.031408,23.173502,10.660123,14.861856,20.02113
653,30.693523,26.434345,30.201498,24.76669,29.655443,14.07598,19.66939,8.738778,16.142178,4.4279532,8.285495,14.538164,8.190823,17.002821,16.39808,26.846268,23.973328,24.13155,16.586369,21.358618,15.791866,14.452565,26.19608,24.923767,14.998177,11.643977,11.896388,7.4235153,11.185584,6.2047696,25.548082,23.631702,11.15148,14.933489,20.434038
654,21.116962,30.125772,22.228834,5.089347,16.388845,6.656646,19.365242,13.861247,11.415793,6.684991,23.482647,12.792545,12.443922,24.199032,12.677928,22.245832,30.86896,17.806784,20.33484,17.560432,10.334683,6.992724,28.197105,25.483723,27.626291,18.714832,6.976342,11.387861,11.701767,24.4896,26.629705,24.621923,15.307896,11.246664,20.05601
655,31.233177,25.936646,30.474564,25.630146,29.606865,14.269664,19.127151,8.434471,16.26558,3.6906316,7.725599,14.057106,7.9853673,16.879114,15.85596,26.517622,24.038162,24.291428,16.199709,20.883917,15.396054,14.269563,25.784145,25.245167,15.174024,11.694556,11.675908,7.1418333,10.186084,6.1195664,25.166529,23.22716,10.843191,15.100939,20.0692
656,20.548111,30.560139,22.147373,5.623115,24.736885,9.046563,20.393456,12.181436,14.591295,6.477892,18.776129,13.883572,10.986909,21.367668,16.08643,26.94801,29.5587,16.886543,20.118309,19.48006,13.194019,10.315002,28.412823,21.904339,25.154846,14.472515,10.642721,10.1415825,14.89514,17.750475,27.10274,24.569927,14.077625,9.939135,19.674227
657,23.918612,25.340195,23.389647,12.600317,25.09827,27.996328,16.23566,9.52827,33.038044,18.464224,9.215214,22.542576,7.7466965,17.76999,28.318262,34.494167,15.409433,16.88257,9.398162,18.124273,7.9600754,6.639605,23.32557,15.088155,18.266127,11.045685,29.737177,13.782664,13.040866,5.6800823,21.258024,21.993032,9.846293,9.503223,19.404768
658,27.691626,27.468512,28.058916,18.545715,25.569527,8.209955,19.697145,10.488805,9.64699,2.386928,12.987018,12.624359,10.244687,19.63675,11.399417,21.612226,28.114573,23.048994,19.896729,19.678701,14.766761,13.0434265,26.947685,27.516056,19.92531,15.140441,6.3721952,8.448709,10.81782,13.344934,26.265312,24.198103,13.756359,14.6773405,20.575838
659,30.835003,25.464233,30.036596,25.310926,28.831581,14.135308,18.753183,8.329969,16.069315,3.874632,7.808741,13.886872,7.9476824,16.637657,15.604045,25.937664,23.431015,23.954994,15.755666,20.421331,15.014391,13.839967,25.336994,24.903603,14.9073715,11.560564,11.533442,7.1461267,9.833153,6.1351075,24.726004,22.852858,10.612041,14.934113,19.770632
660,22.450657,29.386482,22.447763,6.548215,21.247097,14.352764,17.682322,11.959624,21.180624,9.08375,19.73248,14.558197,10.80829,22.021898,18.354116,28.77018,27.445675,16.308918,15.832725,16.836214,9.063609,6.233604,27.254166,21.31879,27.55133,15.078702,15.133675,11.465028,10.352613,19.092373,25.610064,23.521082,11.804632,10.093611,18.676874
661,28.162474,27.66092,29.00416,20.33575,27.45284,6.7716436,20.74447,10.376174,7.053284,0.84425455,11.092253,12.500713,9.942457,19.458185,10.261617,20.705477,29.352547,24.33802,22.2378,21.211649,16.74681,15.6461,27.259872,28.76094,18.497013,15.530791,4.7193184,7.730727,12.499191,12.237274,26.706938,24.585285,15.298339,15.160762,21.193104
662,20.736237,30.71571,22.215448,3.8289835,10.528406,3.3988347,19.91662,15.794883,7.09897,6.8487678,27.319782,12.425437,13.861651,26.888002,9.810855,18.075916,33.12939,18.85266,22.78213,17.37917,9.639884,6.111311,28.777748,28.733585,29.485418,22.62626,3.3123803,12.680407,11.4196205,30.43355,27.084831,25.378416,17.982262,12.07482,21.150517
663,24.062937,27.276709,24.96129,16.067455,31.970005,17.291733,20.468637,8.878886,21.406034,10.341932,8.235838,17.845205,7.266473,15.60763,22.64083,31.682884,20.982346,18.766575,16.153692,22.513351,15.980465,14.675289,25.684238,17.196302,14.0331,9.002769,18.949589,8.323529,16.787865,3.9703197,24.722448,22.901087,11.327708,10.042896,19.548836
664,20.563522,28.411844,21.708448,6.144618,11.191028,4.873603,18.946138,14.171613,8.348737,7.2980394,23.766459,12.538792,12.253743,23.78262,11.111924,18.701424,28.845896,18.358404,19.832273,17.192375,9.706208,6.3334746,26.834095,25.65195,24.901752,19.460442,4.852537,11.535806,11.052351,25.123976,25.365255,23.89866,15.4674015,11.792879,20.132204
665,26.998417,28.79589,27.962433,18.355698,29.65499,9.862043,21.856562,10.242458,12.314585,6.0011053,13.11988,15.046711,9.857625,17.457682,16.15532,25.892233,25.121738,22.461082,18.554243,22.268646,17.151087,14.413694,28.045944,23.366028,15.89728,11.563384,9.960545,8.218042,14.350418,8.5723,27.493095,25.16543,11.814492,13.600686,21.433634
666,26.795055,27.21688,27.762318,20.20124,31.53523,10.092547,20.912949,9.035377,11.801318,2.6714406,7.8336525,13.794894,8.215495,16.72735,14.723425,25.56995,26.090801,22.454641,20.003235,22.450161,17.811895,16.770285,26.544586,23.792202,15.128862,11.361383,9.218128,6.6875277,15.051565,6.387227,25.983477,23.720858,13.150097,13.338806,20.25809
667,23.163357,28.90556,23.452435,9.054212,22.48346,14.2135725,18.539843,11.5288925,19.88084,9.61036,17.978884,15.335396,10.548091,20.917786,18.574434,28.126684,25.737396,17.605074,16.129286,18.039043,10.659715,7.891089,27.110268,21.475523,24.131592,14.324524,14.885213,11.071218,11.728062,16.232206,25.592844,23.80889,12.102992,10.754059,19.422487
668,23.36329,29.145157,25.117632,10.871458,20.179115,3.129661,20.513449,12.972299,4.2054005,2.3108277,18.100801,11.909805,12.024493,22.907175,8.210746,17.719273,32.259525,21.428345,24.331694,19.4762,14.0175905,12.323427,27.911377,28.91546,24.164732,19.433327,2.3957849,9.815243,13.043722,21.131939,26.913446,24.92982,17.853565,13.373487,21.109755
669,21.85558,28.856163,23.142344,7.5093355,15.695396,4.203104,19.192474,13.546566,6.9114575,4.682953,21.896742,11.874603,12.470099,23.633795,9.414029,18.245043,30.91349,19.336216,21.580502,17.421463,11.0301695,8.312239,27.375267,27.321798,25.976997,19.575808,3.7937617,10.821719,11.105649,24.05215,26.069075,24.250711,16.310905,12.301956,20.206167
670,20.577602,31.175991,22.300491,3.2059183,9.94476,2.2468953,20.298777,16.303518,5.5803237,6.579928,28.334352,12.2770405,14.37913,27.716297,8.801977,16.925247,34.334827,19.161062,24.039322,17.460773,9.830793,6.306672,29.175613,29.878342,30.344336,23.759203,2.1266122,12.95236,11.706382,32.082737,27.46345,25.736334,19.05651,12.201166,21.512842
671,27.718979,28.147532,28.562248,19.661007,30.18221,8.987088,20.946259,9.889791,10.513618,2.0040371,10.227649,13.317024,9.396939,18.620108,13.049248,24.153933,28.385483,23.251278,21.142324,21.82468,17.106386,15.9213915,27.483597,26.41201,18.078783,13.604572,7.628144,7.4575415,13.794031,9.9338455,26.840174,24.540224,14.224795,14.174578,20.84118
672,31.099087,26.282452,30.70698,25.829325,30.809685,13.150834,19.802492,8.509334,14.655732,2.7963958,7.0708127,13.926572,7.999741,16.901993,15.142608,26.048462,25.000614,24.71906,17.635067,21.66261,16.526882,15.607298,26.13797,25.829899,14.844609,11.881082,10.582693,6.795495,11.336008,5.8209558,25.579027,23.551022,11.7256775,15.218857,20.408527
673,20.37294,23.983839,21.09944,10.2862425,15.377848,29.622728,17.120634,11.339462,32.099415,24.670626,6.1066046,27.268333,7.3865776,18.757414,31.915207,34.5488,8.99302,18.078949,9.098657,20.698467,7.030444,4.7166185,22.425766,14.832652,12.890711,12.049288,31.223604,18.308601,20.212162,2.7096741,19.39608,23.709536,13.079341,11.966502,22.853086
674,20.574291,29.742596,21.897455,4.5390816,12.616648,4.264547,19.30176,14.658936,8.04179,6.3885217,25.105873,12.199226,13.051123,25.178316,10.320733,18.871208,31.534756,18.261192,21.472622,17.104362,9.839177,6.4914274,27.90739,27.078045,27.892916,20.67841,4.253874,11.817626,11.221437,27.345663,26.33727,24.559256,16.624666,11.649144,20.328812
675,20.815199,31.875687,22.611177,2.820449,7.3254795,0.8716717,20.76945,17.437922,4.064089,6.922428,31.043446,12.211752,15.193201,29.356943,7.745156,15.410892,35.955074,19.700493,25.22382,17.537994,9.459622,5.779622,29.754128,31.554768,31.716604,25.908445,0.6659528,13.531629,11.286062,35.696766,27.981493,26.201532,20.243427,12.466808,22.067465
676,21.772812,28.921822,22.725817,6.9609246,14.975052,5.44627,18.837831,13.594818,9.09566,5.832225,22.870142,12.131969,12.387508,23.65666,10.779191,19.639467,30.14125,18.627487,20.121803,17.021408,10.167997,7.059554,27.32748,26.294098,26.334599,19.058092,5.2103634,11.053835,10.437245,24.283575,25.935873,24.074,15.23186,11.930777,19.899082
677,28.205055,27.65496,28.826826,21.030916,31.102522,10.432496,20.828714,9.328001,12.152095,2.8001108,9.105576,13.812761,8.838307,17.554409,14.43106,25.384615,26.678776,23.270264,19.77389,22.061138,17.278713,16.010277,27.086765,25.201103,16.37675,12.238332,9.105883,7.1574717,13.795071,7.661652,26.485706,24.233507,13.065367,14.114363,20.667994
678,23.260777,30.485996,24.179037,7.751845,20.06587,6.83635,19.847746,13.291566,11.277827,6.1132593,23.11749,12.826918,12.759988,23.379845,12.471093,22.424713,30.823277,19.074535,19.988892,17.8475,11.467574,8.005332,28.762924,26.081371,27.01588,17.902239,7.0439973,10.884276,10.783199,22.727613,27.49098,25.105207,14.359529,11.952362,20.418823
679,21.944706,30.300583,22.449568,5.469755,15.862302,9.491096,18.7772,13.875382,15.424029,7.873127,23.512587,13.548994,12.104023,24.449682,15.007263,24.940441,30.231987,17.518784,18.540033,17.284489,9.096159,5.6860323,28.300232,24.569775,28.641327,18.298876,9.8264885,12.033897,10.679447,24.390192,26.576748,24.65219,14.098538,11.268279,19.943844
680,19.638374,31.292898,22.81016,7.0852904,30.549824,5.1111546,23.225296,11.745193,8.577685,3.847586,14.734526,13.938958,10.392867,19.593554,14.542835,25.730577,30.901226,18.274616,24.636936,23.050999,18.356544,16.245237,29.25772,22.063957,21.10744,13.176178,7.526673,8.487905,20.143002,13.549875,28.429457,25.514524,16.394608,10.118164,20.83171
681,26.403614,28.354095,26.83732,15.179742,24.546656,8.551942,19.411879,11.12218,11.1411,3.2418842,15.255318,12.670266,10.785073,20.64716,12.106225,22.69452,29.002354,21.591091,19.737534,19.06788,13.541182,11.591639,27.398811,26.618813,22.531578,15.730679,7.3517494,9.1093235,10.823184,15.673786,26.496742,24.318232,13.824041,13.680179,20.277521
682,21.657093,29.733448,22.207449,5.619152,13.904972,8.255222,18.599884,14.074027,13.641307,7.7555685,23.960318,13.129494,12.245734,24.506994,13.798221,23.109745,29.947392,17.681902,18.687248,16.99174,8.881543,5.429897,27.850975,25.03524,28.033588,18.860725,8.348249,11.980419,10.357517,25.18275,26.163826,24.370302,14.410775,11.481678,19.894772
683,23.085804,29.33073,22.773685,7.281337,21.50391,17.015577,17.449223,11.761503,24.22051,10.47394,18.649866,15.681021,10.332174,21.79948,20.569407,30.900614,26.20869,16.394262,14.688351,17.108685,8.633712,5.8906302,27.190662,20.49027,27.249544,14.51947,17.83585,12.0437355,10.473759,17.70972,25.445314,23.626623,11.21378,10.227201,18.864008
684,33.15212,25.368656,31.909388,28.392355,30.414682,17.71435,18.67967,7.993925,19.562494,4.6001244,5.666208,15.394332,7.491396,16.803919,17.640064,28.085785,22.654995,25.371086,14.845086,20.912777,14.820964,14.198553,25.38213,25.456827,14.469679,11.635899,14.695099,7.7137537,9.424746,4.3601527,24.657473,23.218138,10.501321,15.697315,20.405348
685,27.268414,28.141655,28.183268,18.907825,29.819244,8.64261,20.822927,9.981151,10.198343,1.8678718,10.498442,13.132494,9.489057,18.790266,12.717865,23.821445,28.656384,22.94241,21.345259,21.590878,16.909422,15.753832,27.415623,26.407806,18.544342,13.828353,7.3537164,7.520111,13.780317,10.498558,26.753746,24.4419,14.43558,13.97953,20.702547
686,28.624434,28.251759,29.109934,20.511587,30.74625,10.839605,20.769114,9.71567,12.85875,3.0160332,10.20871,13.91559,9.325889,18.464247,14.512086,25.70287,27.536837,23.368729,19.92088,21.770325,16.751068,15.389738,27.598934,25.94991,18.061638,13.030985,9.418488,7.715043,13.319179,9.13077,26.902205,24.628267,13.351708,14.301741,20.877577
687,25.424494,29.511608,26.558321,14.692637,29.99947,10.36272,20.989902,10.585513,13.616659,4.223744,12.562555,14.216463,9.9114065,19.44789,15.459653,26.798254,28.65718,20.913765,20.785086,21.485035,16.122438,14.468941,28.201012,24.24601,20.800438,13.341167,10.333802,8.648596,15.068292,11.641239,27.289497,24.847551,14.216739,12.533179,20.57833
688,21.083103,30.6066,22.472204,4.910719,16.811531,5.795846,19.9051,14.141025,10.192848,6.2854977,23.679249,12.797558,12.723637,24.579357,12.095283,21.73016,31.801752,18.191576,21.50491,18.025692,10.955199,7.6816087,28.650276,26.21426,27.906034,19.268227,6.1710525,11.444437,12.404211,25.015478,27.10121,25.04465,16.141134,11.404694,20.459131
689,31.47541,25.918264,30.600883,26.025251,29.916191,15.463177,19.091013,8.314009,17.709572,4.2861032,7.2255983,14.501159,7.7372117,16.773232,16.87799,27.541235,23.523018,24.264479,15.777009,21.052162,15.340513,14.299891,25.739101,24.843134,14.920695,11.40177,12.900259,7.2624006,10.292549,5.5404444,25.080057,23.193705,10.685262,15.015983,20.064713
690,21.970966,29.20261,23.020525,7.096225,16.26981,5.4760485,19.065563,13.515071,9.043238,5.5073757,22.508947,12.17247,12.440318,23.647638,10.736377,19.8937,30.624882,18.784,20.605293,17.268335,10.615509,7.6239605,27.576439,26.502584,26.544056,19.022114,5.268252,10.927795,10.806097,23.958788,26.201094,24.249413,15.484708,11.931141,19.996008
691,28.87397,28.153399,29.73307,21.00697,27.923796,6.513115,21.163572,10.6112995,6.552087,0.46989185,11.232021,12.558331,10.192311,19.9653,9.920495,20.573273,30.278065,25.049202,23.030302,21.606337,17.18214,16.14477,27.783928,29.820557,18.977203,16.137768,4.276686,7.8359213,12.56713,12.767578,27.258726,25.06532,15.849491,15.638603,21.64596
692,21.67971,29.646038,23.073568,7.189008,17.181347,5.504587,20.035265,13.514852,9.049804,6.254779,22.079763,12.878382,12.231421,23.102293,11.941158,20.920198,29.897621,19.002335,20.832514,18.458755,11.755584,8.513033,28.041225,25.774395,24.934378,18.181257,5.7523217,10.892277,12.424673,22.46293,26.726976,24.804165,15.432948,11.960745,20.592577
693,33.039272,25.739052,31.894646,28.101742,30.74877,17.837542,18.986876,8.151391,19.805292,4.8903747,5.837183,15.671134,7.532016,16.93431,18.073204,28.591751,22.858461,25.323223,15.0890255,21.262197,15.0477705,14.383041,25.66631,25.301468,14.571503,11.629606,15.02838,7.826124,9.9344635,4.407333,24.92582,23.449179,10.649391,15.595789,20.589811
694,23.017757,29.599102,25.279942,14.364578,32.287952,8.761763,23.422327,10.250517,11.951623,6.9700603,12.296816,15.879778,9.049586,16.059761,18.231901,27.938179,24.767792,20.063063,20.048586,24.281548,19.299923,16.607178,28.22419,19.321392,13.820887,9.46517,11.098393,7.524905,19.000689,6.471764,27.72344,25.033756,12.384753,11.07692,21.151424
695,19.891468,29.10359,21.59676,4.3923974,11.240713,2.331038,19.234015,14.8319,4.870722,5.322241,24.469763,11.633601,13.115596,25.374685,8.153844,16.134714,32.182106,18.613918,23.048222,16.995865,10.07893,7.2482247,27.365673,28.178139,27.584887,21.823639,2.079592,11.719831,11.664864,28.216759,25.83362,24.259043,18.11945,11.847087,20.352
696,21.741608,30.42735,22.446587,5.143608,14.259081,7.50678,19.05731,14.440596,12.87666,7.424148,24.858387,13.036097,12.689366,25.174675,13.302426,22.868038,31.153816,17.910057,19.618706,17.217855,9.188849,5.6536565,28.474747,25.872274,28.951767,19.517473,7.6315055,12.075427,10.624807,26.271587,26.764563,24.848051,15.036445,11.576479,20.226263
697,21.233896,30.20462,22.21364,4.974909,11.321865,5.698602,19.352919,15.121013,10.280164,7.5625763,25.955175,12.81786,13.0002575,25.777208,11.93636,20.558079,31.357908,18.364773,20.613476,17.373508,9.191581,5.6010394,28.314716,26.851822,28.39509,20.878544,5.6700697,12.352952,10.874863,28.096731,26.625233,24.906813,16.151062,11.886207,20.62415
698,20.512386,31.308237,22.27739,2.9651425,9.01254,1.7549253,20.387075,16.64296,5.002795,6.65287,29.082764,12.209631,14.598672,28.189518,8.394699,16.332472,34.79143,19.260674,24.426006,17.423437,9.677356,6.131067,29.272697,30.350025,30.74807,24.419607,1.6056942,13.138485,11.597265,33.193924,27.54111,25.819986,19.466888,12.251449,21.640388
699,28.470758,27.383198,28.722734,21.795515,29.897346,13.43258,20.908318,9.249526,16.027227,6.5842695,9.783371,15.628696,8.414874,16.59998,18.139093,27.901983,23.075428,22.887962,16.9037,22.40664,16.689352,14.693968,26.831955,22.738264,13.890567,10.689662,12.756875,7.793954,13.683943,5.862032,26.175089,24.186003,11.198421,13.803097,20.863024
700,23.416033,29.421478,24.066153,8.818152,20.527481,8.232553,18.957638,12.581813,12.548289,5.670619,20.628021,12.765512,11.943042,22.571674,12.830712,22.952744,29.831184,18.86346,19.216183,17.52601,11.11628,8.245409,27.795643,25.35112,26.312397,17.13897,8.100706,10.545591,10.569746,20.87544,26.493036,24.290329,13.995061,11.875701,19.772762
701,30.782787,26.104063,30.45262,25.56273,30.52584,12.569661,19.745344,8.467318,13.977536,2.5623293,7.1643744,13.691114,7.9972653,16.738035,14.722304,25.534243,24.90284,24.581963,17.61008,21.52362,16.501005,15.531643,25.98579,25.703827,14.625688,11.806155,10.04771,6.64849,11.242921,5.8333173,25.460775,23.430845,11.614759,15.151578,20.306532
702,21.227684,29.093094,21.717014,5.5390253,14.644639,9.582868,18.081142,13.44389,15.102227,7.954817,22.175964,13.342106,11.650077,23.671785,14.719868,24.06561,28.7283,17.142956,17.929087,16.789162,8.771056,5.5456543,27.233421,23.910526,27.384293,17.758152,9.719357,11.941462,10.710171,23.326956,25.526548,23.868761,13.972177,11.169888,19.433722
703,21.68417,30.621647,22.44887,4.99772,11.314837,6.2660623,19.290674,15.333028,11.316265,7.709068,26.59154,12.874619,13.147738,26.283857,12.33867,21.3135,31.941343,18.331718,20.436012,17.285866,8.839237,5.164544,28.641666,27.053925,29.438635,21.135727,6.1728816,12.542606,10.426031,28.88888,26.895803,25.057207,16.020144,11.911588,20.620993
704,22.219822,30.755024,23.455538,7.1049495,24.199081,8.471492,20.321537,12.464895,13.717089,6.2951336,20.4498,13.548359,11.776576,21.96884,14.889126,25.640993,30.10426,17.956617,19.842691,18.946537,12.805259,9.65038,28.789581,23.530209,25.902817,15.468148,9.551289,10.256721,13.052389,19.185625,27.54931,24.926111,13.797015,10.814557,20.017199
705,21.54092,24.00357,21.712805,11.04324,16.89526,29.381163,16.25116,10.920472,32.546875,22.27136,6.6156874,25.649803,7.4545,18.906841,30.43992,34.319805,10.982857,17.855515,8.873665,19.420286,6.499157,4.5638685,22.36972,15.380033,15.197557,12.164213,30.58261,17.381693,17.60883,4.068986,19.51852,23.052774,12.252763,11.632605,21.769669
706,21.326893,30.64537,22.325663,4.547834,9.953637,4.8815503,19.489416,15.768942,9.366061,7.478139,27.398722,12.6048155,13.538701,26.844622,11.088378,19.625507,32.55908,18.60582,21.432497,17.250603,8.917997,5.244543,28.676403,28.009216,29.645714,22.169813,4.675412,12.73847,10.608784,30.306091,26.934017,25.169224,16.979565,12.079002,20.866743
707,30.030891,26.242842,29.609776,23.52499,29.235077,12.96102,19.116352,8.754984,14.851899,3.0441787,8.3160095,13.605827,8.355705,17.416086,14.7968025,25.603172,25.206799,23.687649,17.325577,20.577927,15.324567,14.238763,25.94513,25.554972,16.544474,12.293151,10.568236,7.3710737,10.757086,7.4681783,25.279043,23.29619,11.71614,14.771891,19.967077
708,19.11616,30.41808,22.607557,9.6629095,35.12223,7.4711986,24.390657,10.173137,11.230735,6.1485877,10.756433,15.8441925,8.498939,15.6836405,18.857485,29.28839,26.084139,17.762459,22.55844,25.37524,20.988379,18.702383,28.474342,17.225744,14.254463,8.339691,11.221775,7.1314955,23.08773,5.725398,27.947828,24.940641,14.067752,9.015821,20.664778
709,31.959824,26.100677,31.12214,26.90616,30.787355,15.705263,19.458443,8.267934,17.83182,4.155308,6.6325626,14.720634,7.5836906,16.725443,17.154512,27.970486,23.707195,24.726223,16.132248,21.620136,15.897647,15.010476,25.949013,25.070366,14.478861,11.369622,13.089543,7.0942116,10.690053,4.9907327,25.312157,23.40118,10.891345,15.191692,20.3204
710,31.358795,26.02509,30.421373,25.490656,29.825836,16.84333,18.901125,8.434493,19.382898,5.1417103,7.160499,15.238208,7.700613,17.024197,17.980236,28.5607,23.190556,23.963804,15.237933,20.931654,14.735437,13.739405,25.709656,24.30048,15.447878,11.413242,14.554618,7.8701706,10.385848,5.542335,24.938108,23.241934,10.5811405,14.778226,20.12361
711,21.819717,30.249027,22.838606,6.1121616,18.731981,7.870963,19.45307,13.3892975,12.754035,6.539023,22.048683,13.129793,12.158608,23.670868,13.552335,23.621105,30.6497,18.034975,20.116001,17.94405,10.891308,7.766171,28.345833,25.14037,27.35437,17.865025,8.183052,11.167931,12.046516,22.738693,26.812056,24.71793,14.981626,11.320175,20.057161
712,28.775463,27.93625,29.172415,21.1181,31.070389,11.330043,20.645216,9.446395,13.351011,3.1363268,9.555733,14.002813,9.030141,18.02638,14.875497,26.022993,26.934177,23.367096,19.477722,21.820509,16.812855,15.50876,27.328255,25.544989,17.367168,12.548838,9.860842,7.523183,13.28068,8.240283,26.651947,24.400831,12.988494,14.264652,20.72832
713,21.301266,29.42631,22.360983,5.8622603,12.43708,4.8750663,19.218857,14.441698,8.72184,6.849569,24.931269,12.399574,12.851293,24.670248,10.90874,19.235456,30.454165,18.605919,20.4271,17.145426,9.756808,6.2457814,27.735416,26.730234,26.850994,20.098875,4.771747,11.727104,10.604904,26.438805,26.243277,24.492796,15.764384,11.9602165,20.371294
714,20.718586,29.681183,21.818094,4.6979957,9.435816,4.3463173,19.142424,15.354233,8.301293,7.26474,26.402435,12.337057,13.175513,26.011059,10.491653,18.498163,31.450222,18.416397,21.145325,16.972292,8.958572,5.4417152,27.840385,27.480114,28.21735,21.67641,4.1272817,12.404631,10.64216,29.252636,26.182009,24.572042,16.819426,11.95113,20.5189
715,21.748775,28.368597,24.123613,14.0027895,32.85126,8.671049,22.58287,9.442213,11.639758,5.372921,9.35182,15.064308,8.005728,15.269149,17.515146,27.622967,24.654478,19.131588,20.448658,23.967247,19.327196,17.517393,26.953167,18.533504,13.216681,8.851282,10.795361,6.6354313,19.55407,5.0414834,26.45178,23.81927,12.853754,10.360367,20.059252
716,20.816677,31.34661,22.470161,3.4715383,11.2623005,3.1575227,20.365988,16.029856,6.8374095,6.721633,27.695826,12.552232,14.15758,27.340815,9.746993,18.247486,34.001053,19.068605,23.587343,17.719393,10.043944,6.4912486,29.338387,29.28165,30.140066,23.018572,3.1411066,12.825115,11.963629,30.915478,27.618902,25.843534,18.543089,12.141807,21.49617
717,32.558796,25.619436,31.477543,27.584248,30.43466,17.28728,18.917002,8.127165,19.291143,4.747776,6.033124,15.374968,7.5058193,16.777227,17.767883,28.248201,22.823109,24.992609,15.122598,21.130554,15.04168,14.312204,25.530567,25.041641,14.481718,11.496111,14.5528145,7.658271,9.962046,4.540303,24.814,23.270912,10.576694,15.398418,20.38457
718,32.48131,25.948647,31.538082,27.560501,30.549622,15.438012,19.336874,8.23485,17.307817,3.7705503,6.6755958,14.498686,7.709469,16.808582,16.555763,27.346268,23.820927,25.168324,16.117874,21.423393,15.803361,14.921718,25.9179,25.712204,14.519337,11.656789,12.522791,7.0618315,10.13723,5.16038,25.306171,23.433813,10.881146,15.577025,20.3996
719,30.161524,26.344818,29.664217,24.074238,30.060608,16.333681,19.37279,8.63567,18.764505,5.467871,6.950871,15.516041,7.726697,17.046495,18.189558,28.642517,23.301645,23.497997,16.194407,21.465607,15.36191,14.366743,25.89368,23.865479,15.257625,11.323149,14.443216,8.027232,12.03307,5.3883076,25.081442,23.42937,11.402034,14.387794,20.293383
720,27.059443,27.197409,26.888695,18.22926,29.903736,18.815546,19.231787,9.139806,23.080019,10.208882,10.129122,17.553787,8.127249,17.01904,21.921366,31.157904,21.506283,20.182594,14.390766,20.744198,13.707758,12.144927,25.920124,19.658909,16.644001,10.591401,19.198168,9.259228,12.862438,6.314612,24.827051,23.21957,10.343034,11.58716,19.777435
721,23.16247,30.229786,22.888895,6.3661394,19.707634,14.597786,17.74045,12.719302,21.99362,9.113272,21.37997,14.620932,11.215657,23.360723,18.616123,29.496035,28.756668,16.658957,15.884301,16.796774,8.297586,5.2123156,28.032032,22.242395,29.462826,16.159792,15.191436,12.175898,9.642358,21.30264,26.25621,24.140936,11.915154,10.581734,19.103321
722,20.738823,30.05636,23.497316,10.418962,32.488842,7.27533,23.130491,10.490857,10.83735,5.3840313,12.613041,14.855157,9.282467,16.96124,16.878866,27.418705,27.062464,18.505106,21.766087,23.582834,18.983448,16.619776,28.31009,19.478857,16.718544,10.1825285,9.907742,7.5977144,19.832626,8.591566,27.691843,24.811705,13.746225,10.035044,20.502478
723,22.329432,30.613232,23.03475,5.8210173,14.498139,6.898274,19.335781,14.566131,11.925797,7.3094873,25.501709,12.941521,13.034971,25.346523,12.63873,22.07307,31.509216,18.460205,19.970707,17.319265,9.497674,5.9131336,28.698994,26.595402,28.898064,19.960476,6.9254804,11.992071,10.289475,26.73531,27.067509,25.044266,15.221604,11.835598,20.46578
724,32.23808,26.12514,31.585657,27.389027,30.579502,13.370152,19.743484,8.450369,14.635331,2.6698556,7.0341377,13.888898,8.046506,16.963121,14.905667,25.748331,24.86004,25.525375,17.326893,21.637526,16.449242,15.529693,26.15675,26.599695,14.538374,12.14698,10.366993,6.752239,10.49875,5.7714763,25.63526,23.65761,11.517059,15.832094,20.622028
725,23.047548,28.460066,25.223204,15.547589,33.04995,8.681179,22.583933,9.49363,11.236635,4.570979,9.031636,14.851211,8.166806,15.784231,16.766954,27.166943,25.507807,20.178635,20.953712,24.021955,19.43431,17.831022,27.200691,20.101181,13.740171,9.624282,10.153324,6.6428432,18.983038,5.4557176,26.699728,24.09829,13.30531,11.170332,20.380066
726,24.837196,29.00828,26.442644,15.460121,30.905153,8.175686,21.607489,10.238248,10.512465,2.9452865,11.233743,13.694932,9.510203,18.426767,14.104566,25.21698,28.536465,21.263716,21.813019,22.270773,17.577555,16.120798,27.85896,24.121964,18.513884,12.773091,8.257879,7.6176825,16.126612,10.126976,27.164057,24.651804,14.51505,12.536115,20.62676
727,22.236465,27.97303,24.284483,15.74355,31.994284,12.288037,23.245844,9.360877,15.674672,10.972544,10.034458,17.770624,7.390148,13.907459,22.079565,29.939196,19.770853,19.013096,17.515268,25.046663,19.279276,16.80669,26.53685,15.715778,8.870591,7.3676705,15.277736,7.115655,19.744518,2.5564246,26.039259,23.75186,11.146826,9.800306,20.594273
728,23.087593,27.568424,22.588701,8.686153,20.85196,20.378101,16.641254,11.125227,26.679218,13.34271,15.824371,17.70934,9.52248,20.643793,22.659946,31.237198,22.22227,16.444113,12.710406,16.975351,7.8141685,5.4876003,25.557,18.929962,24.290901,13.840229,21.26736,12.786311,10.8211565,14.436504,23.671568,22.878044,10.852313,10.155619,18.93646
729,22.67231,30.225967,24.909227,10.855668,29.565647,5.7948003,21.849556,11.347514,8.392871,2.2794254,13.887253,13.099849,10.600886,20.120039,12.481797,23.867247,31.274597,20.083721,23.901766,21.732983,17.07043,15.557249,28.640327,24.718622,22.036732,14.597866,6.5719657,8.367206,16.778486,14.159798,27.83195,25.138437,16.189913,11.740452,20.694412
730,20.496168,30.335268,21.994904,4.153929,14.343192,4.479259,19.794615,14.611327,8.569196,6.484021,25.172937,12.446426,13.057669,25.069862,10.97273,19.891972,31.914392,18.108734,21.762262,17.567917,10.408154,6.982546,28.37172,26.705145,27.999249,20.285648,4.8213525,11.665652,11.862858,26.875444,26.822493,24.862722,16.557367,11.345043,20.461155
731,33.516346,26.304226,32.495117,28.802528,31.385155,15.735094,19.697435,8.272227,17.48089,3.554625,6.4827566,14.695895,7.7839046,17.04485,16.667555,27.70054,24.285418,25.97416,16.43173,21.878117,16.221682,15.418659,26.351284,26.49504,14.521467,11.922943,12.592429,7.0189047,10.095511,4.996746,25.75187,23.852383,11.054654,16.062706,20.819563
732,22.650995,26.727306,24.018,14.804275,26.238346,17.165392,21.056753,9.945996,20.111307,14.4905405,9.382075,20.019508,7.7854156,15.886711,24.023855,30.52264,17.083439,19.380253,15.109641,23.189198,15.250038,12.75514,25.479496,16.967913,10.911863,9.51357,19.006407,10.457947,18.824776,3.5011947,24.174791,23.898226,11.886828,11.220339,21.341131
733,31.368246,26.208569,30.520136,25.610392,30.240505,16.346428,19.183767,8.442551,18.830238,4.912233,7.196048,15.068736,7.7322884,16.97856,17.76203,28.457214,23.481602,24.075104,15.67802,21.221155,15.212035,14.197241,25.902485,24.480785,15.26539,11.372559,14.035336,7.6304855,10.704172,5.48896,25.169985,23.352663,10.76867,14.811605,20.192392
734,21.095673,30.36983,22.160753,4.516133,10.578386,4.8909316,19.400202,15.452492,9.26451,7.307961,26.743761,12.556867,13.360553,26.35589,11.07335,19.598717,32.120094,18.457195,21.277678,17.199709,9.090192,5.4866943,28.441338,27.615711,29.117548,21.67966,4.7517915,12.521308,10.766769,29.403381,26.731901,24.991678,16.775888,11.946722,20.709692
735,22.068428,29.535112,22.44597,6.453335,19.326729,12.079354,18.333355,12.546407,18.175516,8.399482,20.381742,14.170362,11.185609,22.60259,16.896557,27.01609,28.091469,17.02697,17.183521,17.36588,9.643913,6.603,27.568634,22.61113,26.983902,15.984231,12.611377,11.561088,11.25918,20.233812,25.927124,24.012306,12.96674,10.759847,19.324694
736,18.585552,31.164286,22.513988,8.063089,35.460743,5.4482303,24.577433,10.662175,8.616093,3.7825713,10.625056,14.830347,9.021693,17.131708,16.46593,27.7626,29.340376,18.014563,25.445095,25.339153,21.35773,19.690676,29.101421,19.484856,17.05053,10.213034,8.842009,7.308997,23.843052,8.105335,28.527216,25.431465,16.361313,9.313395,20.89222
737,20.400167,29.83698,23.41706,12.796815,35.624294,10.440986,24.751423,9.699939,14.589419,9.447706,10.259433,17.605154,7.6315165,14.128216,22.207178,31.392103,22.55231,18.040527,20.056767,26.38445,21.278585,18.783175,27.947666,14.95471,10.361597,6.6946454,14.665985,6.7498302,22.777992,2.773702,27.522072,24.561028,12.216174,8.693838,20.767916
738,30.395344,26.086094,30.175705,25.27329,30.677948,12.455882,19.866468,8.443752,13.885583,2.707244,7.0209193,13.768055,7.881842,16.519768,14.914224,25.650396,24.716578,24.363724,17.669416,21.689611,16.712463,15.730082,25.93103,25.284725,14.25726,11.534694,10.136034,6.580781,11.655259,5.5294213,25.425303,23.371767,11.608629,14.943105,20.263023
739,20.809193,30.456467,22.118011,3.9942987,9.899931,3.7623181,19.569632,15.7585945,7.563791,6.9547524,27.193392,12.357338,13.77436,26.87448,9.905141,18.145176,32.815727,18.742718,22.333855,17.11409,9.247962,5.717175,28.54625,28.619932,29.555828,22.562256,3.510631,12.752392,11.068956,30.464403,26.824282,25.169874,17.767578,12.133993,20.964624
740,32.180557,26.34844,31.538477,27.262703,31.147606,14.112811,19.872751,8.42892,15.692404,2.9934564,6.7311263,14.216978,7.845523,16.939625,15.772555,26.807125,24.82907,25.341286,17.25521,21.934965,16.55316,15.698562,26.287525,26.149078,14.579596,11.881785,11.293039,6.797694,10.922235,5.4096875,25.729576,23.724274,11.469869,15.619484,20.634272
741,21.160015,28.554167,22.428839,6.6126857,14.1547,4.260177,18.840601,13.712314,7.1062293,5.2201986,22.353115,11.830736,12.463944,23.78969,9.473222,17.970537,30.47287,18.80619,21.228136,17.009342,10.4197035,7.60388,27.023735,26.977303,26.101833,19.743044,3.8554704,11.0605,11.031263,24.705904,25.630129,23.946281,16.333029,12.036596,19.96588
742,22.79215,29.27463,22.962635,7.1890163,20.038342,11.755496,17.951166,12.356862,17.622026,7.963179,20.880512,13.680716,11.511874,22.52149,15.796248,25.89689,28.339092,17.221539,16.93118,16.66605,9.424732,6.4596176,27.335358,23.139126,27.415096,16.27304,12.046993,11.23213,9.903816,20.63248,25.788021,23.690126,12.640098,10.780827,19.00318
743,21.928883,29.602732,23.003494,6.80704,17.738205,6.3154073,19.375088,13.33838,10.431199,6.245823,22.627163,12.603622,12.375524,23.268465,12.00221,21.35066,30.144854,18.455914,20.063766,17.55973,10.944898,7.7081923,27.877071,25.597713,26.286896,18.165405,6.485355,10.873654,11.194016,23.030453,26.518814,24.432486,14.830266,11.590285,20.026468
744,30.422228,27.31226,30.724771,23.902641,29.127186,8.402305,20.69759,9.768719,8.511661,0.670044,9.472359,12.769464,9.521415,18.847393,10.963029,21.688934,28.553719,25.628445,21.268131,21.558628,17.190811,16.190344,27.21339,29.325796,17.290306,14.79376,5.6291313,7.3306923,11.591637,10.188931,26.760298,24.62019,14.415893,16.083862,21.370358
745,24.758175,25.673382,25.215593,16.479591,23.570007,20.951504,18.827116,10.067507,23.278778,13.987185,7.079643,20.597458,7.8558292,17.882977,23.82938,30.774296,17.355398,20.694319,14.049341,21.460117,12.226222,10.507943,24.642471,19.759975,14.201971,11.72447,20.918707,12.525381,16.873474,4.5220785,22.828466,23.770454,12.846921,13.027451,21.548754
746,30.970028,25.849882,30.330061,25.427736,29.623878,13.609758,19.129137,8.431161,15.365979,3.1726153,7.536034,13.783105,8.022233,16.876677,15.20477,25.89514,24.365421,24.286797,16.655743,20.852217,15.566281,14.523113,25.712944,25.477467,15.225098,11.829271,10.960932,7.021408,10.371202,6.227841,25.115246,23.16641,11.153314,15.1035385,20.020033
747,20.131155,29.869896,21.687181,3.9298062,12.28532,3.3152947,19.564154,14.896935,6.8747396,6.3756943,25.83465,12.043841,13.282377,25.379124,9.69479,17.991592,31.942974,18.20282,22.103298,17.135452,10.040067,6.635343,27.96537,27.338234,27.93629,21.126003,3.4556212,11.812671,11.4307375,28.165426,26.432125,24.593153,17.085503,11.4662285,20.407522
748,20.638884,30.90519,22.24199,3.5864894,11.526977,3.2846267,20.071243,15.695184,6.929199,6.606985,27.094648,12.398151,13.924182,26.803421,9.722584,18.193201,33.397987,18.81512,23.132408,17.494478,9.989625,6.4830546,28.936008,28.766186,29.607378,22.470692,3.2622356,12.576502,11.79558,30.112299,27.255768,25.47968,18.137154,11.985582,21.168354
749,26.259712,28.671604,27.538393,17.019932,29.05654,7.196461,21.186438,10.52081,8.742116,1.9142811,12.046873,13.017266,10.026653,19.27303,12.0468025,22.929401,29.420567,22.540802,22.119759,21.534607,16.910969,15.531536,27.797615,26.430637,19.363104,14.431872,6.404537,7.8357553,14.1830845,12.020979,27.145384,24.758156,14.935622,13.666108,20.907904
750,21.201618,30.633362,22.382544,4.613853,13.780112,5.605183,19.678576,14.822991,10.190618,7.0158415,25.52635,12.798799,13.090904,25.530136,11.897132,21.02385,31.924057,18.294035,21.147594,17.580925,9.89072,6.3660817,28.676216,26.814783,28.676773,20.431242,5.7939053,12.054367,11.409664,27.269886,27.027697,25.122152,16.227657,11.651491,20.637922
751,20.536972,30.601227,22.012157,3.5378528,8.590532,2.6777706,19.798437,16.235756,6.186529,6.927248,28.228361,12.198011,14.081701,27.498856,9.062006,16.933283,33.524162,18.9114,23.143627,17.114122,9.189347,5.6662693,28.644955,29.364212,29.924278,23.577389,2.4421637,12.946268,11.064162,32.056393,26.92265,25.282888,18.531883,12.166311,21.180964
752,29.795576,26.033985,29.399786,23.471882,28.928032,12.917225,19.070757,8.7165985,14.758904,3.3202176,8.295075,13.664542,8.296915,17.18699,14.871164,25.438963,24.724918,23.553253,17.101511,20.544506,15.309367,14.156703,25.75187,25.222843,16.054132,12.090593,10.591056,7.346283,10.849757,7.2011323,25.09271,23.156282,11.581675,14.676001,19.898672
753,28.938377,26.39397,29.02721,22.029423,28.25624,9.789411,19.528734,9.275631,10.874472,1.9904215,9.637352,12.806289,9.056325,17.881863,12.30028,22.704216,26.480831,23.684696,18.977085,20.36185,15.769816,14.546616,26.106503,26.635408,17.012829,13.354059,7.5442467,7.3132086,11.02158,9.33169,25.553617,23.481981,12.798314,14.810481,20.173502
754,26.524977,26.788342,27.058176,19.152552,26.908842,15.133232,20.186186,9.704129,17.320383,8.471709,8.481116,16.981413,8.300342,17.43738,19.277859,28.166693,21.76788,22.082222,17.003056,22.136726,15.326738,13.551405,26.099472,22.329714,14.479189,11.550867,14.454218,9.55311,15.571906,5.968143,24.97309,24.106836,12.768979,13.699911,21.154211
755,23.02452,29.838821,22.926008,6.6463327,14.232906,9.701905,17.945532,14.030432,15.655403,8.058172,24.6986,13.02532,12.450265,24.85842,14.159571,23.881111,30.211092,17.726982,17.599146,16.267782,8.005157,4.516259,27.874542,25.26666,29.471241,19.0182,9.459152,12.140649,8.524441,25.982424,26.187056,24.130621,13.592843,11.570274,19.491512
756,20.54573,30.580032,22.003119,3.4872797,9.287724,2.8264349,19.714556,16.04444,6.3921685,6.752566,27.960691,12.145541,14.052682,27.290163,9.099971,17.144142,33.46438,18.796623,22.99761,17.018023,9.250188,5.726291,28.625103,29.178888,29.972736,23.25542,2.615172,12.83637,11.011081,31.6007,26.914478,25.229462,18.310947,12.082513,21.061726
757,20.687748,30.413237,21.799543,3.454169,8.97806,3.6164994,19.116568,15.962608,7.742809,6.852845,28.110956,11.937103,13.936125,27.298916,9.473312,17.82819,33.332256,18.305172,22.11129,16.4859,8.532616,4.9343266,28.39735,28.71872,30.664646,22.978304,3.2667456,12.836343,10.165924,31.834944,26.645267,24.850834,17.647984,11.896484,20.560652
758,23.548409,29.073105,23.194374,8.268624,23.255655,16.579569,17.465696,11.298972,23.652594,9.962534,18.519722,15.277739,10.313992,21.08772,19.93767,30.301727,26.094885,16.465906,14.459348,16.946203,9.102422,6.4950337,26.961472,20.28622,26.542595,14.018246,17.451258,11.193516,9.759335,16.93855,25.382593,23.25941,10.640236,9.939417,18.50057
759,30.92746,26.185072,30.6384,25.875156,30.877804,12.543466,19.924467,8.458752,13.870694,2.4559343,6.920873,13.747599,7.943663,16.712843,14.757424,25.63285,25.017841,24.772142,17.830053,21.779863,16.778788,15.866978,26.081547,25.819561,14.417486,11.799357,10.002418,6.560338,11.466861,5.615789,25.569515,23.527145,11.743994,15.225327,20.422022
760,20.409506,30.286167,21.999613,3.831848,10.685292,2.8576584,19.776003,15.556447,6.152024,6.443616,26.728392,12.147581,13.752362,26.492601,9.1523905,17.262745,32.89208,18.782345,22.977606,17.234549,9.826666,6.4387965,28.398136,28.684502,28.941046,22.460098,2.730688,12.420504,11.530397,29.959276,26.762981,25.076376,18.115501,11.993966,20.942541
761,20.785336,30.738712,22.243277,3.9190629,11.375067,3.7823546,19.917458,15.579469,7.64063,6.8284955,26.917734,12.493595,13.71927,26.585917,10.204139,18.675816,32.92563,18.73486,22.535694,17.463333,9.7823305,6.248555,28.794193,28.344646,29.305462,22.148785,3.7670345,12.5270815,11.525077,29.712967,27.113134,25.357635,17.662476,11.970563,21.062456
762,17.61892,32.7038,22.249022,6.535766,37.93675,4.8712864,26.239101,11.0261135,8.4742,4.49626,11.182906,15.690038,9.262178,16.956022,17.884333,29.40002,29.880013,17.72622,26.648092,26.924225,23.157257,21.087492,30.393864,18.471563,16.70254,9.339013,9.429775,7.453719,26.41978,7.4397244,29.914331,26.481634,16.745888,8.780162,21.637001
763,31.754322,25.947067,30.913229,26.560312,30.130802,15.096486,19.277565,8.319194,17.114777,3.9619174,7.068254,14.41661,7.742949,16.760103,16.54881,27.244858,23.739372,24.626938,16.079725,21.274548,15.650945,14.653006,25.827755,25.212776,14.6518755,11.517715,12.42436,7.1109447,10.357184,5.434913,25.207,23.303835,10.829249,15.23398,20.219992
764,21.353477,30.87931,22.467112,4.551122,15.414424,6.2465844,19.669374,14.555587,11.229072,6.8744726,25.18538,12.853258,12.977748,25.282923,12.466947,22.102398,32.087204,18.025696,20.89899,17.606081,10.034568,6.519651,28.841415,26.346111,29.021025,19.836271,6.5877547,11.8505,11.412934,26.569628,27.20291,25.122766,15.793613,11.395149,20.44928
765,20.614574,30.878946,22.188805,3.4766457,9.799586,2.7884097,20.030159,16.112244,6.3088946,6.7573204,27.942156,12.318413,14.124426,27.391298,9.241197,17.36221,33.72279,18.98201,23.37183,17.33627,9.583949,6.05932,28.910366,29.349846,29.985027,23.32326,2.6492624,12.876028,11.4549265,31.507048,27.19582,25.50633,18.554462,12.151064,21.306166
766,22.239574,30.183805,22.417437,5.544298,16.36406,11.122039,18.230295,13.60166,17.64542,8.231017,23.066408,13.768154,11.82332,24.278475,16.072529,26.322243,29.821049,17.108084,17.52194,16.888432,8.467827,5.1428075,28.111347,23.83382,29.238623,17.78743,11.482847,12.196554,10.030587,23.892916,26.338747,24.381536,13.349452,11.040559,19.567965
767,23.731213,28.610779,24.627962,10.68678,19.433105,6.183426,19.261507,12.486289,8.933763,4.3513165,19.170282,12.29825,11.755485,22.214584,10.791819,20.293144,29.747612,20.174305,20.49082,18.08245,12.039885,9.558492,27.354961,26.71953,24.32699,17.716007,5.5187497,10.104601,10.957491,20.26969,26.22812,24.260191,15.004612,12.8415985,20.21032
768,27.945532,27.509382,28.070639,18.959627,27.14835,10.566617,19.607178,9.98871,12.960643,3.9824696,12.613936,13.443691,9.73854,18.67949,13.952197,24.331116,26.463182,22.438766,18.122746,19.994411,14.6541,12.753718,26.857922,25.394829,18.877052,13.499607,9.176413,8.250724,11.091046,11.169198,26.10601,23.981459,12.255262,14.019682,20.2667
769,26.002113,27.712135,27.11403,17.955582,30.16021,8.781167,20.68363,9.639302,10.546243,1.926027,9.405148,13.148346,8.861902,18.006609,13.310885,24.38901,27.947044,21.993706,21.132124,21.723389,17.057209,16.072405,26.869125,24.86197,17.678436,12.85763,7.93196,7.1915607,14.62105,9.312073,26.220379,23.9012,14.175071,13.198185,20.198265
770,31.278452,25.795872,30.44398,25.791761,29.625677,14.682132,18.973127,8.325144,16.775637,3.6635249,7.339343,14.080092,7.7893286,16.790728,16.10423,26.841002,23.894169,24.21775,15.989312,20.847363,15.263413,14.239969,25.63823,25.049774,15.134249,11.571109,12.052837,7.1054993,10.071082,5.8900027,25.009792,23.088675,10.7205515,15.042906,19.947412
771,33.189144,26.418118,32.332306,28.539047,31.454462,14.916217,19.94475,8.368596,16.512068,3.2168822,6.5521727,14.498108,7.8063602,17.007086,16.243374,27.324812,24.647816,25.949596,16.927217,22.118206,16.57724,15.748397,26.447582,26.541275,14.370176,11.940562,11.862104,6.84597,10.505994,5.101065,25.889444,23.918169,11.273344,16.019018,20.876207
772,29.490051,26.524166,29.509256,22.761099,28.514389,10.09515,19.701395,9.256917,11.155547,2.0273576,9.480972,12.9695015,9.02613,17.925226,12.563415,23.054853,26.466475,24.105434,18.94331,20.638367,15.938258,14.705734,26.29852,26.915657,16.784624,13.362667,7.7132845,7.293255,11.0209255,9.047007,25.744509,23.69726,12.752027,15.098434,20.403755
773,21.257664,30.39524,22.326939,4.8411007,13.956132,5.9380355,19.45717,14.612655,10.630431,7.0143948,25.186323,12.75598,12.912367,25.232635,12.091376,21.264492,31.540493,18.149876,20.687065,17.432188,9.754985,6.253222,28.457733,26.450928,28.443527,20.056408,6.1097746,11.919475,11.155522,26.773039,26.8243,24.906515,15.834696,11.576181,20.425102
774,23.53596,28.865295,22.847063,7.7345085,20.621223,18.69982,16.807028,11.683405,25.985106,11.651192,18.395548,16.207533,10.221359,21.864414,21.39453,31.3152,25.150978,16.340937,13.61751,16.620499,7.712083,5.054971,26.74112,20.2698,27.350906,14.699612,19.309374,12.490597,9.666599,17.594969,24.895544,23.350416,10.869245,10.318293,18.744322
775,22.041254,28.782179,23.164022,8.065429,18.771114,6.2217984,19.028276,12.758018,9.582445,4.874015,19.873968,12.260582,11.803214,22.565699,11.188501,20.748978,30.031303,18.77784,20.649387,17.714794,11.531353,8.987167,27.22057,25.761395,25.412415,17.760363,6.0010486,10.358783,11.722868,21.31386,25.927755,23.945028,15.360359,11.824719,19.72803
776,20.959503,30.484295,22.19242,4.27596,10.8884,4.379825,19.60496,15.485309,8.501066,7.0882874,26.800663,12.519356,13.5137615,26.419107,10.655667,19.127193,32.402706,18.588533,21.7855,17.287268,9.379319,5.8086667,28.563396,27.926266,29.136517,21.867672,4.2926273,12.5156,11.051949,29.490953,26.87006,25.13571,17.131363,11.968751,20.858889
777,21.292412,29.070595,22.0803,6.3991933,16.297552,8.410958,18.82794,13.134713,13.432342,7.687967,21.86379,13.314913,11.575606,22.752945,14.331918,23.479998,28.287521,17.548906,18.236023,17.51154,10.022944,6.690904,27.31155,23.6097,25.44175,17.040956,8.841342,11.149635,11.322813,21.8255,25.800995,23.994894,13.696585,11.150148,19.666355
778,23.78725,28.716835,24.24442,10.071351,20.212112,9.182879,18.617445,12.148194,13.28196,5.789548,19.02817,12.961185,11.382468,21.96433,13.380895,23.338312,28.635368,19.146582,18.551443,17.639883,11.055417,8.394562,27.272865,25.015919,25.069336,16.549494,8.747578,10.456176,10.57506,19.32287,25.97451,23.998503,13.671094,12.209118,19.685629
779,21.534575,30.534233,22.454584,4.7235336,13.4878025,5.7613554,19.254313,14.840509,10.552716,6.948264,26.116163,12.520289,13.265097,25.735374,11.577746,20.806286,32.147907,18.151329,20.725914,17.006058,9.341661,5.7914824,28.54329,26.980389,29.46466,20.646412,5.7986894,12.07542,10.399372,28.017515,26.89554,24.867674,15.921853,11.596924,20.320744
780,32.84264,25.51154,31.707077,28.078308,30.427069,16.742708,18.862246,8.027768,18.596537,4.0872297,5.894569,14.896992,7.5162745,16.75522,17.087816,27.719143,23.14037,25.253784,15.395644,21.06308,15.214618,14.540663,25.52655,25.577074,14.499409,11.612954,13.690859,7.373987,9.660907,4.64094,24.848948,23.224855,10.682427,15.645643,20.31637
781,23.305542,28.855137,22.63303,7.4398594,20.135618,18.744558,16.78671,11.7682085,26.085073,11.819006,18.44774,16.285683,10.156696,21.915918,21.580961,31.440248,25.061157,16.218714,13.579414,16.65531,7.587856,4.88139,26.71085,20.112774,27.351269,14.718207,19.414717,12.633594,9.817127,17.711285,24.843943,23.35134,10.888775,10.291809,18.762882
782,21.999783,29.361568,22.877678,6.878885,17.060297,6.819275,18.937683,13.310397,11.085938,6.0933537,22.28357,12.516878,12.199052,23.434195,12.100835,21.593021,30.134995,18.327412,19.743773,17.2722,10.400186,7.292583,27.653778,25.605007,26.679335,18.268972,6.7720447,10.954956,10.835017,23.183393,26.213678,24.226068,14.768297,11.641051,19.820387
783,24.069471,29.95578,26.127634,15.700415,33.31151,9.882837,23.82566,10.169642,13.406686,7.7524643,12.331646,16.487173,8.934253,15.823414,19.53992,29.335356,24.25394,20.536678,19.3992,24.84771,19.635042,16.794937,28.612698,19.042278,13.126311,8.966738,12.34016,7.470483,18.836655,5.6365037,28.159262,25.373308,11.744914,11.273315,21.474262
784,20.887857,32.089268,22.762178,2.776354,7.76812,0.69038606,20.978224,17.470444,3.831353,6.827837,31.184708,12.255726,15.303269,29.437172,7.665096,15.395052,36.22627,19.827621,25.500484,17.681402,9.683693,5.9942517,29.956173,31.745068,31.80808,25.995314,0.54743516,13.514254,11.437891,35.742096,28.194357,26.376478,20.377087,12.486385,22.208532
785,21.543121,30.261288,22.18572,4.8605995,10.162787,5.8181996,18.853418,15.432634,10.774406,7.5262823,27.04627,12.445424,13.262616,26.465605,11.5582285,20.357988,32.047626,18.142796,20.330341,16.722717,8.333159,4.6640606,28.273357,27.292816,29.822662,21.514038,5.5265427,12.561548,9.740444,29.802284,26.533285,24.66522,16.079397,11.857968,20.28766
786,21.622112,30.255718,22.33224,5.1636934,12.261085,6.8433876,19.00899,14.850434,11.926735,7.578016,25.519001,12.888113,12.851941,25.641262,12.673778,21.787104,31.25415,18.114439,19.90505,17.128529,8.886909,5.3065176,28.336418,26.447798,28.951437,20.317654,6.756104,12.329173,10.469899,27.502945,26.60593,24.806417,15.538776,11.808732,20.349709
787,21.854258,30.149466,23.15117,6.5634584,18.409084,6.0570664,19.772316,13.581872,10.002299,5.498769,21.955904,12.688121,12.399779,23.810514,11.813682,21.647667,31.4233,18.722801,21.393227,18.162779,11.490905,8.552385,28.366444,26.262758,27.025213,18.644451,6.186593,10.979183,12.283855,23.283453,26.93429,24.85899,15.8965845,11.738327,20.363012
788,21.903458,29.40262,22.854847,6.7094607,16.27493,6.2749076,19.09615,13.524718,10.385225,6.4158354,23.077715,12.504995,12.443192,23.59249,11.789709,20.92123,30.05334,18.447424,19.850464,17.244953,10.388394,7.104956,27.709038,25.854416,26.529522,18.602234,6.257913,11.0941515,10.750971,23.80917,26.294397,24.324404,14.894081,11.721204,19.983852
789,33.301006,25.945099,32.70878,29.062908,30.016483,10.631703,21.402561,8.929311,9.623557,3.3708677,8.00848,14.685633,9.086565,16.0781,13.447455,21.730446,22.813696,27.838663,17.145035,20.963062,18.435192,15.504471,26.949142,29.089855,12.12146,11.356247,7.702622,8.621344,8.560501,5.5596538,27.419952,25.268564,10.23394,18.693245,22.698717
790,22.492958,29.995995,22.484976,5.835803,17.008121,11.991492,17.903143,13.303838,18.736853,8.341478,22.617147,13.837858,11.623784,23.955988,16.557758,26.962753,29.415485,16.93187,16.8606,16.646555,8.226896,4.9699426,27.91092,23.352102,29.27573,17.331497,12.349623,12.136913,9.593542,23.237122,26.145132,24.153898,12.788399,10.911539,19.304657
791,29.338638,27.778088,29.182573,21.02939,29.73783,13.430727,19.837458,9.479032,16.210815,4.631864,10.571174,14.455764,9.140389,18.28588,16.242746,27.187319,25.839857,23.004408,17.596813,20.890846,15.296281,13.669376,27.144508,25.03741,18.23468,12.485447,11.844158,8.240155,11.790625,8.784325,26.334457,24.221632,11.932477,14.257399,20.484583
792,20.977316,31.05809,22.496313,4.0677614,13.471787,4.2995853,20.183054,15.251765,8.341909,6.694221,26.262865,12.686483,13.600799,26.159412,10.825024,19.758362,32.922726,18.70438,22.51384,17.821987,10.3573675,6.820478,29.083382,27.926186,29.116837,21.405655,4.4612594,12.260862,12.005784,28.454805,27.43582,25.546036,17.354366,11.8425865,21.090788
793,21.82802,29.838022,22.279383,5.633716,14.95219,9.464435,18.474684,13.82379,15.173255,7.9591465,23.233507,13.445644,12.040263,24.339823,14.731564,24.365751,29.72499,17.518364,18.332413,17.027933,8.854854,5.4974594,27.91433,24.605614,28.301727,18.357952,9.611091,12.101092,10.522062,24.355927,26.185144,24.391827,14.159478,11.37756,19.813059
794,31.12408,26.00156,30.23651,25.192146,29.479408,16.137905,18.933058,8.466343,18.623842,5.0597243,7.6420784,14.94053,7.8360386,16.95529,17.529406,28.015232,23.181282,23.866177,15.320836,20.817497,14.806253,13.650496,25.718868,24.360662,15.336663,11.405845,13.836515,7.7383404,10.313456,5.7982183,24.979395,23.218538,10.537871,14.778309,20.068096
795,20.592453,30.97718,22.245718,3.4087002,9.634054,2.5126853,20.170717,16.235147,5.887081,6.7399344,28.108423,12.33737,14.236693,27.56509,9.030939,17.067085,33.939198,19.123287,23.708363,17.425537,9.692998,6.1787343,29.008339,29.64555,30.04522,23.591597,2.3670566,12.95106,11.623904,31.809847,27.291204,25.622725,18.858273,12.226178,21.448687
796,24.435266,28.980919,25.243406,11.327303,21.448967,6.7859564,19.42193,12.301097,9.662951,4.1067348,18.713879,12.419956,11.829867,22.11387,11.09192,21.065025,30.116915,20.408865,20.541529,18.227722,12.510165,10.076126,27.700447,26.878345,24.769054,17.357428,6.0938,10.018337,10.92907,19.63559,26.635622,24.468035,14.828097,12.959534,20.269897
797,28.942348,27.58121,29.593252,21.618568,28.571842,7.6244917,20.74005,10.037915,8.036307,0.7956322,10.306185,12.636942,9.660108,19.07462,10.8521,21.57867,29.003239,24.650848,21.760792,21.467762,16.977716,15.962579,27.246979,28.588768,17.932707,14.984016,5.402139,7.4106007,12.362828,11.085602,26.709745,24.545774,14.817187,15.301668,21.156763
798,19.924236,30.13532,23.007013,10.683373,34.628326,8.832996,24.036459,10.060992,12.9124365,7.2266874,11.177182,16.291418,8.424615,15.5282,19.791073,29.890385,25.033966,17.847763,21.168716,25.063232,20.29995,17.866974,28.23476,16.817308,13.851976,8.139025,12.498593,7.205284,22.000723,5.453919,27.669876,24.737608,13.13173,9.049968,20.562948
799,21.804193,29.511618,23.001165,6.707826,16.104412,5.278693,19.358786,13.735827,8.795899,5.6365023,22.756544,12.337427,12.577356,23.941471,10.798693,19.929035,30.924189,18.887249,21.061459,17.534466,10.796023,7.757936,27.862247,26.74412,26.704521,19.300762,5.137303,11.117924,11.307865,24.294432,26.447052,24.546856,15.886718,11.995136,20.276443
800,20.685226,31.116682,22.37028,3.5223475,10.809949,2.7308009,20.318966,16.028534,6.2068067,6.659429,27.78255,12.414849,14.148792,27.253021,9.348628,17.616728,33.86899,19.086962,23.62952,17.618658,10.0205765,6.491074,29.133991,29.331661,29.825253,23.124554,2.710477,12.747343,11.813967,31.059275,27.451721,25.69169,18.59466,12.121995,21.43768
801,29.793148,26.11346,28.898653,22.095417,27.531998,14.728083,18.11165,8.844919,17.706701,4.4008274,9.792092,13.831274,8.445559,17.701876,16.09816,26.819946,24.331337,22.625616,15.305856,19.325289,13.375829,11.940058,25.664253,24.426966,18.001242,12.179097,12.525323,8.066217,9.144144,8.533135,24.842049,22.947535,10.429931,14.287317,19.43847
802,21.427443,31.001902,22.616901,4.5785785,14.834424,5.8504257,19.842579,14.788924,10.58409,6.894012,25.507093,12.882961,13.187894,25.614544,12.115525,21.57978,32.3345,18.339268,21.324972,17.717453,10.115592,6.578661,28.99881,26.911995,29.10988,20.325146,6.088984,12.038788,11.569283,27.117872,27.344055,25.33669,16.242605,11.638089,20.716635
803,29.648355,27.273237,29.185123,20.593002,25.664742,11.225759,19.912153,10.119929,13.433846,7.146411,15.634931,14.764505,10.735801,17.59539,15.185954,23.478256,22.494274,23.496166,14.300306,18.885468,14.124885,10.145807,27.176666,25.048096,16.879812,11.970101,10.0694275,9.618122,8.09355,10.267504,26.850658,24.813562,8.759367,15.517193,21.321589
804,32.32027,25.64562,31.235313,27.099163,30.191645,17.3038,18.813448,8.179449,19.440634,4.905274,6.3291464,15.376119,7.577557,16.819105,17.83977,28.291733,22.774948,24.74223,14.959417,20.950819,14.8217745,14.008669,25.514954,24.832287,14.756776,11.457529,14.673088,7.786419,9.898802,4.7663784,24.78478,23.23623,10.466128,15.276556,20.301466
805,25.936844,25.700205,25.24972,15.549085,26.599957,27.975594,17.36004,9.36284,32.576366,19.890776,10.307587,23.287987,7.992927,16.922049,28.971577,34.37459,14.102857,18.346786,8.660339,19.089464,9.077816,7.3082576,23.951664,15.284933,15.656549,10.606746,29.937622,13.239782,12.227565,4.3466463,22.156174,22.680916,8.696034,10.173599,20.276476
806,20.537926,31.00771,22.162977,3.2462614,10.699423,2.8374398,20.061155,15.98557,6.421793,6.568364,27.75354,12.260433,14.145016,27.266304,9.258384,17.62093,33.89446,18.835938,23.48543,17.345863,9.779492,6.254913,28.999462,29.228607,30.168644,23.077309,2.755309,12.761082,11.631673,31.192642,27.294626,25.515789,18.519943,12.012701,21.21721
807,32.748093,25.887333,31.679125,27.77221,30.609688,16.006342,19.14269,8.145702,18.025644,3.7864254,6.515204,14.578392,7.6440363,16.84548,16.826288,27.705946,23.731369,25.193651,15.785764,21.256573,15.531438,14.709023,25.868504,25.689774,14.759637,11.633006,13.024807,7.137994,9.785053,5.0848756,25.230112,23.393045,10.681989,15.616028,20.34079
808,19.658766,31.444847,21.999418,4.7517295,26.395206,6.8805532,21.658724,12.4924965,11.916171,5.398254,18.477953,13.730942,11.208489,21.503633,15.169675,26.350632,31.12573,17.090824,22.490728,20.722591,14.992534,12.196296,29.202797,22.433716,24.970423,14.611078,8.88379,9.81782,17.154,17.738462,27.991426,25.233963,15.519677,9.856186,20.221313
809,32.20044,25.558739,31.155985,27.090652,30.403875,18.048496,18.81743,8.159359,20.150316,5.426591,5.845205,15.881188,7.4183774,16.751682,18.466362,28.749231,22.358835,24.653542,14.785091,21.08995,14.754735,14.067542,25.36274,24.426159,14.451401,11.357874,15.593073,7.9781218,10.249355,4.297526,24.590904,23.18461,10.53017,15.098735,20.359528
810,24.529243,28.427464,26.271786,17.61251,33.293583,10.254849,22.651222,9.337987,13.096035,5.6353374,9.125666,15.466537,8.018423,15.531532,18.09392,28.354916,24.424274,20.831074,19.660892,24.272133,19.323471,17.505692,27.293205,19.97289,12.775016,9.204116,11.536203,6.6168184,18.164503,4.597642,26.80518,24.224691,12.34078,11.582487,20.60697
811,32.0367,25.15535,31.002949,27.3,29.656532,15.247392,18.684013,7.9557014,17.003368,3.6351151,6.4745398,14.1083765,7.5711493,16.40278,16.009079,26.470707,23.062468,24.75397,15.460531,20.665718,15.218994,14.3715925,25.195316,25.326618,14.201009,11.447513,12.230052,6.9417706,9.424771,5.0240602,24.602655,22.82649,10.488616,15.386862,19.895428
812,20.610136,31.20977,22.328978,3.308982,10.781174,2.613278,20.345171,16.102669,6.0952787,6.6051197,27.937405,12.380775,14.224212,27.395294,9.237699,17.53717,34.101307,19.056156,23.807573,17.59776,10.011601,6.480858,29.200779,29.452343,30.08165,23.274338,2.598419,12.798447,11.863429,31.33446,27.506159,25.732584,18.741755,12.093791,21.4544
813,21.372047,29.610584,22.24307,5.7390485,12.979589,6.5320354,19.05079,14.322706,11.103782,7.440515,24.330141,12.88749,12.492942,24.583416,12.51498,21.267857,30.08893,18.199396,19.65787,17.299414,9.445813,5.967875,27.83786,25.820322,27.142757,19.475039,6.5542336,11.865265,10.839286,25.673088,26.229986,24.521742,15.201346,11.766794,20.25809
814,22.402596,29.645775,22.260685,6.0322657,16.628263,13.198876,17.594086,13.122672,20.130604,8.943328,21.758009,14.224824,11.184611,23.628363,17.576128,27.815226,28.520466,16.699701,16.1872,16.652525,7.9201093,4.7666197,27.562485,22.610817,28.820343,16.857626,13.574787,12.323406,9.720356,22.41932,25.761398,23.91132,12.468402,10.818424,19.150618
815,20.633663,31.296776,22.241762,3.0373871,10.65643,2.8682313,20.13233,16.164478,6.5958953,6.5857916,28.17854,12.2802515,14.301247,27.615187,9.289697,17.791348,34.34421,18.853762,23.659973,17.35669,9.699309,6.1300416,29.239822,29.47558,30.75913,23.35888,2.7761915,12.9021225,11.588791,31.756645,27.5008,25.679941,18.66546,12.033704,21.30538
816,28.326714,26.978806,28.27081,19.694984,26.58355,10.783526,19.079746,9.823512,12.781222,3.0488758,11.422129,13.069376,9.52881,18.944876,13.193554,23.715334,26.827572,22.79732,18.439617,19.596624,14.364648,12.843183,26.460594,26.417725,19.35054,13.993838,8.764739,8.3302765,10.560896,11.410795,25.696077,23.699505,12.806411,14.4717045,20.090416
817,21.207914,29.827995,22.396193,5.349352,15.353232,5.5039105,19.26978,14.044964,9.562177,6.2339153,23.856573,12.397556,12.766842,24.465513,11.212201,20.376873,31.206537,18.242102,20.932556,17.26935,10.281207,7.0467362,27.995392,26.460876,27.66072,19.574589,5.5413857,11.4195,11.306414,25.432203,26.469278,24.534697,15.909758,11.560504,20.13569
818,26.380213,27.036789,25.991735,16.402483,28.046345,19.259579,18.907888,9.273173,24.418234,13.504358,14.008417,18.177185,8.789084,16.357452,23.215832,30.870968,18.886414,18.922771,11.563404,19.470285,12.229782,9.575367,25.680649,17.515072,15.9774275,9.927696,20.64649,9.641298,10.883524,7.147425,24.619572,22.96229,8.017243,10.62342,19.47405
819,22.900908,29.643635,22.599127,6.5466065,18.92675,14.687543,17.44594,12.545168,21.879896,9.259335,20.804918,14.59363,10.9531145,22.991951,18.58256,29.109758,27.946075,16.556725,15.507091,16.62824,8.104819,5.096989,27.524303,21.906557,28.695541,15.9473,15.197191,12.133736,9.588385,20.801765,25.756754,23.796804,11.78495,10.574049,18.92666
820,25.499634,29.586761,26.527418,13.400158,25.747417,7.450436,20.473215,11.678118,10.127462,3.4140372,16.23976,12.977871,11.340329,21.225235,12.124107,22.907795,30.35159,21.34505,21.422745,19.922832,14.565427,12.525161,28.377785,26.725754,23.31164,16.109749,6.899161,9.301477,12.683356,16.49634,27.445581,25.078054,14.97475,13.264475,20.797607
821,21.079447,30.749008,22.382246,4.298991,12.381221,4.6602244,19.817654,15.28426,8.874675,6.9619,26.403793,12.652365,13.486455,26.184694,11.000174,19.789062,32.50665,18.591932,21.88197,17.527006,9.800519,6.2390285,28.803875,27.734854,29.109838,21.43107,4.700704,12.360385,11.419296,28.715311,27.129278,25.303637,17.008137,11.8875675,20.910334
822,26.682173,28.507288,26.617132,15.114497,27.597097,14.994008,19.142487,10.2864275,19.57173,8.501467,15.021307,15.598365,10.122603,19.027952,18.47421,28.345684,24.733139,20.023964,15.6652565,19.17532,12.773784,10.388678,27.200706,22.131165,21.020012,12.701826,15.062708,9.757954,11.140198,11.658697,26.084953,24.025793,10.934014,12.060845,19.89067
823,20.57492,30.726227,22.105856,3.5041735,9.9391365,2.7367394,19.896292,15.991757,6.2739177,6.666707,27.892239,12.179085,14.069182,27.189241,9.12798,17.265574,33.575832,18.847565,23.167454,17.185692,9.532262,6.0013766,28.75756,29.15219,29.869944,23.127756,2.6129308,12.736155,11.211685,31.343214,27.075857,25.330473,18.324444,12.044783,21.126736
824,21.217766,30.239927,22.388811,4.94475,14.646594,5.7100096,19.455688,14.399629,10.057428,6.73173,24.661724,12.649193,12.955098,24.983885,11.668806,20.813385,31.43887,18.257607,20.947289,17.394604,10.080195,6.660444,28.352242,26.618826,28.164997,19.916409,5.7987423,11.783861,11.408408,26.218058,26.752102,24.85437,16.029633,11.624556,20.397543
825,32.19319,26.142519,31.455954,27.378906,30.774948,14.3266325,19.716951,8.35961,15.988031,3.2805324,6.8253903,14.245547,7.764164,16.763111,15.971761,26.846579,24.354156,25.24049,16.773003,21.776657,16.328993,15.399772,26.103031,25.858093,14.29372,11.695232,11.525896,6.801236,10.611371,5.281484,25.556866,23.57186,11.121211,15.578022,20.522581
826,22.257229,29.77415,22.559961,5.7825823,16.085747,8.248001,18.174814,13.6592455,13.840396,7.1225033,24.48781,12.527541,12.609201,24.30934,12.997043,22.833637,30.56044,17.39988,18.323454,16.164795,8.75826,5.3281446,27.798618,25.154495,29.15292,18.636007,8.288572,11.485147,8.993786,25.308378,26.205713,23.991777,13.760352,11.11517,19.268255
827,22.66353,29.576283,24.44448,8.998923,17.50978,2.822209,20.42843,13.801796,4.312855,3.3015652,20.540812,11.986116,12.618465,24.107763,8.192733,17.31282,32.768665,20.936436,24.352283,18.96686,12.947214,10.873309,28.179424,29.261724,25.63976,20.639967,2.208371,10.579755,12.760439,23.859802,26.987314,25.125025,18.28756,13.137535,21.230057
828,26.303415,28.28379,26.383793,14.864479,25.836065,12.563714,18.91788,10.578419,16.479666,5.6844463,14.351533,14.066786,10.069333,19.869284,15.861638,26.513758,26.869347,20.456944,17.507233,19.058168,12.837051,10.812691,27.108025,24.045216,22.116865,13.94548,11.869815,9.544025,11.2449875,13.394112,26.006105,23.950735,12.400329,12.76093,19.805338
829,20.610779,30.339457,21.918953,3.8349998,9.253527,3.5990734,19.498838,15.849083,7.4249573,7.034035,27.410738,12.291502,13.728894,26.943174,9.819716,17.914394,32.790806,18.620605,22.298542,17.028118,9.06213,5.5326576,28.408478,28.547117,29.530975,22.722006,3.3727682,12.771725,10.952441,30.838827,26.682226,25.046202,17.796373,12.0440235,20.891445
830,22.04578,30.227978,22.585121,5.72624,12.977601,7.4816823,18.917337,14.634824,12.781522,7.718397,25.279533,12.996899,12.723464,25.350206,13.16807,22.447414,30.93248,18.11901,19.339245,17.120552,8.865447,5.266041,28.316498,26.093996,28.77866,19.856367,7.408603,12.186128,10.1423645,26.864143,26.614004,24.73763,14.9791155,11.794143,20.239088
831,20.626606,31.088427,22.338144,3.4664485,10.611807,2.6285038,20.318714,16.066893,6.03364,6.6506376,27.796267,12.40792,14.174951,27.310427,9.239808,17.441269,33.89471,19.114456,23.726679,17.603487,10.007613,6.493449,29.112953,29.428185,29.834263,23.231583,2.5874684,12.791927,11.865327,31.174088,27.42367,25.695522,18.716362,12.150023,21.46549
832,22.30378,30.022917,24.91904,14.162618,34.177113,9.330042,24.328587,10.090951,12.911811,7.765793,11.348349,16.67253,8.476052,15.282401,20.027784,29.802723,24.156075,19.611889,20.288122,25.596848,20.553543,17.878885,28.47691,17.70787,12.221989,8.225813,12.467262,7.1661825,20.874538,4.6881595,28.035444,25.183905,12.3201275,10.364867,21.287996
833,27.667292,27.149792,28.152576,19.078144,25.558239,7.422323,19.750574,10.381753,8.348761,1.6280103,12.317579,12.318247,10.092517,19.484636,10.537341,20.664476,28.362267,23.3649,20.506243,19.822735,15.136416,13.6602,26.711342,27.941814,19.389343,15.347866,5.4290214,8.151016,10.941578,13.168901,26.094883,24.04732,14.181376,14.816633,20.570356
834,31.186132,25.55623,30.196995,25.494442,28.986515,15.299068,18.558819,8.259913,17.631548,4.039122,7.4839406,14.161981,7.7416935,16.763689,16.464355,27.071667,23.396622,23.918062,15.292745,20.385532,14.637845,13.556631,25.396069,24.680847,15.375883,11.463051,12.688225,7.3371897,9.551996,5.991656,24.724127,22.887993,10.327702,14.938684,19.740711
835,20.972925,29.981499,22.071142,5.052865,13.762291,6.40023,19.37477,14.369674,11.048987,7.3614225,24.238623,13.000358,12.531718,24.671259,12.695749,21.635868,30.52302,18.034203,20.233982,17.600895,9.836028,6.37339,28.123825,25.753286,27.393663,19.421604,6.6285014,11.882681,11.607293,25.5989,26.492462,24.74021,15.572061,11.565969,20.37601
836,19.85383,31.1166,22.297491,5.577939,25.873768,6.145384,21.793665,12.511432,10.487985,5.1419463,18.053303,13.648262,11.210303,21.334621,14.411425,25.22426,30.909565,17.666445,22.89811,20.953526,15.347452,12.6846285,29.0266,22.925985,24.058788,14.900544,7.9612665,9.695101,17.32738,17.516787,27.876963,25.242668,15.896844,10.259405,20.44343
837,20.289284,23.869448,20.926258,9.778066,13.708366,30.246569,16.638756,11.688567,32.664883,24.75686,5.923543,27.565086,7.5141006,19.489231,32.006775,34.639996,9.037985,18.185064,8.863952,20.29727,6.076665,3.7613187,22.336807,15.279222,13.925398,12.671572,31.573841,19.23506,20.188269,3.3834374,19.119059,23.878576,13.422324,12.424722,23.089779
838,21.781286,29.843136,22.208845,5.490504,14.161168,8.495868,18.4395,14.054721,14.138301,7.6242547,24.192907,13.009863,12.25046,24.642647,13.859759,23.416224,30.270737,17.503267,18.53727,16.787401,8.640863,5.202554,27.891659,25.001635,28.637707,18.879333,8.588893,11.966181,9.944668,25.495306,26.194803,24.288961,14.230702,11.339355,19.71416
839,20.742844,29.926264,21.933397,4.3321257,14.18594,5.1781764,19.079529,14.366893,9.410098,6.3478827,24.79243,12.221177,13.038766,25.020407,10.87519,19.945564,31.63285,17.889544,21.066994,16.856537,9.77206,6.412521,28.004936,26.681286,28.590403,20.113276,5.2035546,11.736303,11.091572,26.760471,26.406792,24.484844,16.185404,11.396282,20.033218
840,22.72145,30.612026,24.505066,9.780172,27.800076,7.9611135,21.479387,11.750695,11.874894,4.777465,16.169449,13.898161,10.872635,20.637877,14.787498,25.891603,30.06512,19.297901,21.81316,21.10064,15.587077,13.262067,28.885513,23.733822,22.932426,14.369141,8.95373,9.289709,15.904658,15.221298,27.858603,25.26357,14.961203,11.434866,20.635904
841,23.058672,28.810596,23.305101,8.828883,22.9697,14.439706,18.31254,11.355313,20.238598,9.462971,17.804018,15.196928,10.485429,20.788294,18.559546,28.236446,25.772018,17.318853,15.98871,17.772291,10.527555,7.8629155,26.965046,21.249382,24.435051,14.168409,15.149821,10.966268,11.485847,16.13424,25.462286,23.596087,11.963222,10.516396,19.143702
842,24.593615,29.350872,25.511427,11.628936,22.713955,7.176348,19.854544,12.162723,10.213385,4.2032175,18.15087,12.73947,11.666953,21.872946,11.861981,22.14603,30.105904,20.54921,20.735573,18.932873,13.12148,10.745583,28.047714,26.525036,24.286663,16.870115,6.6608825,9.828747,11.791969,18.613924,26.971783,24.764135,14.8315,12.920734,20.48691
843,22.064386,29.807116,24.74117,14.801975,34.34384,9.605497,24.721704,9.959035,13.210373,8.600543,10.849367,17.07212,7.9773016,14.521743,20.984453,30.355785,22.993332,19.484722,19.922869,26.307526,21.116096,18.414469,28.241241,16.582895,10.344647,7.433845,13.0765915,6.837469,21.474197,3.4926355,27.886757,24.987925,11.986717,10.039037,21.287716
844,32.774834,25.701883,31.690538,27.918625,30.53213,16.232782,19.055174,8.081599,18.143457,4.013664,6.340807,14.728147,7.623125,16.725044,16.918005,27.608498,23.329824,25.231392,15.552899,21.168749,15.444166,14.628383,25.712688,25.597572,14.472271,11.556508,13.250498,7.229416,9.730454,4.8097777,25.075077,23.327337,10.612321,15.639539,20.347921
845,22.280993,24.613617,22.408983,11.769143,19.17153,29.486494,16.914526,10.700688,32.952103,22.971014,7.6760607,25.864967,7.596142,18.352877,31.024984,34.8212,11.070194,17.914059,8.772201,19.85499,7.3122587,5.275878,22.902184,14.887276,14.616251,11.694389,31.217934,16.684864,17.13261,3.7149556,20.248892,23.227213,11.476621,11.174526,21.764616
846,20.496538,30.604403,22.126625,3.899102,13.493461,3.7247984,19.996191,15.026464,7.447636,6.2297187,25.699661,12.360865,13.422209,25.775389,10.18934,18.988588,32.753345,18.494602,22.692173,17.647238,10.453256,7.0718446,28.650654,27.733624,28.653858,21.259586,3.8948455,11.979261,12.084597,28.097616,27.05688,25.178404,17.458025,11.652229,20.81003
847,23.93917,29.88599,24.895227,10.241402,23.321056,8.5086775,19.929537,12.238272,12.405808,5.057617,18.266123,13.293272,11.514555,22.026539,13.525886,24.155579,30.076696,19.710735,20.42397,19.104086,12.932948,10.445984,28.343338,25.476467,25.045805,16.36156,8.434481,10.181852,12.547352,18.496178,27.137026,24.882658,14.659961,12.29103,20.378923
848,28.64718,26.649857,28.690239,20.91384,27.145357,9.931561,19.345772,9.598996,11.312456,2.340939,10.603844,12.834427,9.357043,18.502512,12.401212,22.788769,26.762798,23.386375,18.882488,19.947758,15.105884,13.715177,26.290733,26.848194,18.162848,13.864704,7.7174826,7.8315268,10.704474,10.595947,25.654055,23.638994,12.943219,14.789377,20.209314
849,23.448696,30.140448,24.92778,11.143357,27.406471,8.400237,21.515478,11.466601,12.53015,6.449518,17.461586,14.356966,10.925503,19.394285,15.784495,25.96484,27.537151,19.479647,19.379333,20.87069,15.361078,12.17811,28.616451,22.363644,20.693579,13.003757,9.683304,9.136526,14.618384,13.800861,27.753256,25.138079,12.691121,11.521151,20.684597
850,32.162502,25.312683,31.072353,27.13546,30.234913,18.114635,18.59558,8.060599,20.151949,5.358129,5.6523094,15.780066,7.375448,16.671053,18.300259,28.517982,22.171303,24.586706,14.624224,20.859768,14.577843,13.945069,25.141659,24.416119,14.416418,11.339153,15.561834,7.9577312,10.031829,4.2259326,24.365736,23.002274,10.490933,15.078635,20.212866
851,20.5438,28.993933,21.938066,5.288843,12.789138,3.5120304,19.017435,14.284993,6.5595436,5.4351997,23.85989,11.746047,12.806184,24.603172,9.164626,17.54365,31.32259,18.4986,21.769407,16.928638,10.079747,7.0900946,27.308807,27.284704,27.079693,20.588139,3.2864685,11.395796,11.081085,26.578295,25.842648,24.12314,16.827898,11.796457,20.08167
852,20.418453,29.721626,22.074156,4.7412744,13.32667,3.241427,19.65658,14.621453,6.2746797,5.5852222,24.312515,12.035358,13.050464,25.071682,9.354351,17.876284,32.11433,18.67496,22.696207,17.521877,10.603154,7.5723205,27.935486,27.661112,27.475563,21.006113,3.214738,11.570277,12.000046,27.065971,26.429646,24.671976,17.494152,11.798576,20.54093
853,31.668491,25.72898,30.740105,26.435574,29.928318,15.57186,18.983519,8.203276,17.723692,4.104188,6.8793077,14.449762,7.635343,16.677647,16.782078,27.4381,23.413567,24.40981,15.685722,21.00002,15.313918,14.362754,25.602985,24.937487,14.746647,11.388408,12.888763,7.1901493,10.106399,5.3201327,24.955156,23.104483,10.636636,15.117188,20.02696
854,20.709124,29.575176,21.759056,5.2675548,16.238434,7.801256,19.157282,13.463442,12.887723,7.4757786,22.325523,13.269617,11.807427,23.310556,14.094664,23.407574,29.239273,17.36261,19.196072,17.71275,10.223651,6.8799057,27.70288,23.991482,26.261559,17.517426,8.371383,11.33776,12.056596,22.750727,26.13172,24.2894,14.4796,10.999951,19.83854
855,20.76002,29.189487,21.887255,4.98564,13.172196,4.601464,18.76754,14.224951,8.3609085,6.2999353,24.68793,11.904026,12.944814,24.62769,10.084582,18.61773,30.935596,18.02131,20.755814,16.523273,9.593782,6.313234,27.386791,26.710127,27.68116,20.193907,4.462231,11.520075,10.467119,26.715643,25.879879,24.021307,16.022945,11.49543,19.806696
856,22.91786,29.160164,23.591797,8.370198,17.974054,7.412349,18.860462,12.975976,11.558283,5.835168,21.388603,12.600861,11.982224,22.992311,12.320504,21.96005,29.749565,18.836727,19.308458,17.397137,10.593737,7.6081133,27.58627,25.645397,26.124672,17.819096,7.1723337,10.750833,10.436966,22.06655,26.220646,24.21383,14.319259,12.006798,19.853806
857,21.055477,29.548214,22.052301,5.469859,12.51588,6.1042547,19.138395,14.419627,10.5116415,7.4300733,24.40926,12.850197,12.50157,24.619707,12.268786,20.831108,30.095366,18.185272,19.930225,17.363737,9.515843,6.045154,27.779037,25.872986,26.944946,19.654182,6.169048,11.892959,11.081384,25.880756,26.172516,24.519384,15.458254,11.738106,20.320547
858,21.437328,30.97009,22.538603,4.494154,14.2607975,5.871238,19.69801,14.897978,10.731679,6.9675217,25.86454,12.808628,13.220569,25.79368,12.072175,21.508034,32.419727,18.247173,21.173817,17.541443,9.810741,6.2497168,28.944519,26.941563,29.408932,20.520245,6.0723386,12.116945,11.232002,27.62953,27.27173,25.253077,16.179787,11.608593,20.631992
859,23.73137,29.198963,24.173067,9.347547,16.48723,7.684446,19.030409,13.248987,11.8441,7.053072,22.638983,13.015366,12.33665,23.110285,12.795253,21.783222,28.723955,19.47137,18.36123,17.402983,10.324998,6.821276,27.785656,25.909575,25.455269,17.905588,7.287929,11.186409,9.785174,22.354658,26.442846,24.565657,13.71481,12.615186,20.33698
860,22.048405,29.151749,22.641703,6.9071383,14.4117985,7.464748,18.674269,13.669429,12.109658,7.420069,23.358683,12.876715,12.224555,23.71058,12.931735,21.82978,29.093662,18.246618,18.568657,17.025917,9.469936,6.010792,27.491096,25.242378,26.436436,18.443665,7.368607,11.499317,10.179428,23.967562,25.972666,24.198164,14.181604,11.829351,19.923199
861,22.140339,30.892878,22.740747,5.267079,17.98433,9.522534,19.113756,13.7584505,15.629837,7.517852,23.558939,13.5306835,12.285669,24.473219,15.076261,25.552885,31.025879,17.48167,19.02829,17.503975,9.651858,6.245851,28.779316,24.676273,29.270607,18.083794,10.019401,11.824227,10.997016,24.14278,27.08784,24.904852,14.181543,11.068695,19.96593
862,21.279099,29.720291,21.907364,4.74691,12.749237,6.7867484,18.37596,14.4409685,11.860446,7.093735,25.128761,12.402063,12.80354,25.250807,12.051229,21.257957,31.058144,17.572197,19.535221,16.349602,8.5398445,5.0924315,27.788887,26.126907,29.257332,19.977608,6.6330276,12.062938,9.867049,27.206993,26.081118,24.212248,15.221721,11.452267,19.709747
863,21.657806,30.640223,23.284842,6.284748,18.905453,5.2144423,20.43506,13.825738,8.871244,5.3199325,22.150715,12.8103695,12.609584,24.000504,11.521806,21.32965,32.055088,19.022808,22.420776,18.757511,12.234891,9.286104,28.82737,26.665321,26.939354,18.927425,5.547505,11.020545,13.166957,23.502382,27.43704,25.310152,16.560488,11.81541,20.804022
864,29.137527,27.030582,29.078518,21.18547,27.9915,10.670949,19.44411,9.578963,12.395935,2.5201406,10.698414,13.053672,9.379561,18.622232,13.048711,23.791485,26.987629,23.471123,18.709116,20.14192,15.116618,13.740164,26.60847,26.760094,18.552494,13.76635,8.493301,7.8313684,10.689585,10.43634,25.92906,23.838228,12.744945,14.76264,20.285604
865,22.327696,29.93193,23.256422,7.244485,20.252018,7.9073205,19.37591,12.901408,12.639817,5.9134765,21.12227,12.946025,11.836125,22.866522,13.409757,23.672916,30.34869,18.21883,19.756271,17.985826,11.259608,8.292009,28.10033,24.742609,26.585596,17.158129,8.2580805,10.621124,11.599475,21.412954,26.723063,24.47138,14.327298,11.323057,19.842554
866,21.120123,31.219498,22.507994,3.9992032,14.513884,5.083815,20.05505,15.057202,9.59067,6.7192245,26.021858,12.765446,13.464501,26.000183,11.496415,20.857922,32.949383,18.398697,22.074764,17.758518,10.264878,6.717858,29.174904,27.424278,29.51389,20.896973,5.34599,12.1675625,11.868099,27.960798,27.508883,25.499416,16.867447,11.628691,20.881517
867,20.872652,31.088638,22.414766,3.848671,13.464621,4.1670575,20.146368,15.285256,8.197883,6.562091,26.334208,12.597946,13.657858,26.267153,10.63872,19.613903,33.14245,18.636078,22.678493,17.73841,10.323915,6.806489,29.088821,28.035702,29.384047,21.52911,4.313531,12.2834,12.019138,28.6895,27.43271,25.526897,17.498207,11.795854,21.048243
868,24.303478,27.681503,25.052013,12.440359,20.305225,6.167342,18.907862,11.836484,8.259887,3.4975998,17.300879,12.014853,11.312881,21.285566,10.101132,19.45842,28.987034,20.634521,20.178782,17.900005,12.410975,10.250783,26.651123,26.78377,23.081856,17.079788,5.1487727,9.611171,10.386632,18.590265,25.708752,23.752138,14.613394,13.200674,19.941017
869,20.535149,30.79195,22.176695,3.6488054,12.162151,3.3401291,20.086641,15.470326,6.987835,6.512905,26.685465,12.392819,13.759835,26.42549,9.856956,18.377272,33.12739,18.706429,22.99036,17.558544,10.179759,6.6967177,28.830658,28.391115,29.177097,22.052368,3.4165738,12.363368,11.913277,29.419752,27.188036,25.38235,17.900404,11.849717,21.067024
870,21.4094,30.559097,22.429537,5.017043,15.387292,7.088089,19.51354,14.298288,12.137139,7.234051,24.2163,13.130906,12.646275,24.867853,13.226556,22.79227,31.164677,18.012775,20.32565,17.72343,10.0221815,6.5474167,28.610249,25.852638,28.292717,19.2216,7.351376,11.880842,11.6952915,25.43027,26.946108,25.01713,15.4919615,11.512371,20.407625
871,22.339573,24.75529,22.34057,11.345836,18.37005,28.149797,16.568682,10.855935,31.794273,21.335054,8.42444,24.619867,7.9026914,18.941086,29.474901,33.957905,12.552382,17.879026,9.27881,19.21899,6.995735,4.917299,23.100727,15.909203,16.191702,12.221867,29.389896,16.461424,16.318521,5.3115344,20.453962,23.180243,11.66236,11.433611,21.441721
872,31.575466,26.347412,30.982792,26.374708,30.964228,14.408542,19.776758,8.433469,16.280104,3.5307586,6.956692,14.38111,7.80944,16.835669,16.2877,27.209307,24.433289,24.767845,16.938618,21.796457,16.338411,15.385545,26.187649,25.441534,14.639646,11.584385,11.868116,6.9368153,11.153496,5.378201,25.595703,23.595346,11.293662,15.226002,20.454992
873,28.997334,26.976038,29.44237,21.993343,27.839737,7.9597077,20.252533,9.831338,8.327984,0.9330668,10.02574,12.514534,9.473444,18.781584,10.808694,21.279018,28.244637,24.529943,21.016869,20.978592,16.51283,15.466194,26.731148,28.390806,17.558945,14.746627,5.5417466,7.4011364,11.683003,10.824741,26.208668,24.129963,14.365711,15.353468,20.85435
874,29.149536,27.35132,29.711004,22.032871,28.311491,7.627625,20.595964,9.980588,7.8726535,0.68327755,10.121241,12.545721,9.629508,19.045887,10.602516,21.22675,28.876373,24.81314,21.663126,21.306091,16.89603,15.902508,27.084259,28.850712,17.825314,15.0540285,5.2208347,7.416171,12.023399,11.088692,26.572905,24.436375,14.793209,15.480427,21.117563
875,20.107817,23.707176,20.80213,9.72381,13.373703,30.489899,16.618778,11.704459,32.779232,25.030806,5.5663743,27.84387,7.4109545,19.426851,32.260227,34.688282,8.624162,18.20229,8.7565565,20.380133,6.0049787,3.711317,22.186684,15.090698,13.576072,12.641207,31.867645,19.432629,20.479294,3.0653865,18.938398,23.87522,13.4992075,12.456774,23.198837
876,20.546656,31.046892,22.248247,3.307989,10.558496,2.4995897,20.212599,16.067057,5.8905783,6.5200186,27.865938,12.262269,14.221299,27.356306,9.006777,17.245138,34.022446,19.019093,23.783585,17.452465,9.928906,6.422208,29.055279,29.49886,30.047375,23.297903,2.4142795,12.777668,11.7559185,31.376863,27.366585,25.607813,18.770744,12.099636,21.357851
877,20.379475,30.895727,21.996977,2.92616,7.8426857,1.9005275,19.93686,16.656487,5.160886,6.75279,29.035467,12.055311,14.519862,28.229343,8.24948,16.01037,34.435436,19.078487,24.023602,17.013288,9.138944,5.623625,28.894993,30.28949,30.828554,24.520046,1.5727125,13.259288,11.174931,33.496117,27.127926,25.507208,19.375004,12.288031,21.401094
878,31.44154,26.585272,31.244904,26.77256,31.999535,12.849271,20.532995,8.484939,14.094819,2.5074391,6.3481855,14.146202,7.796189,16.675133,15.334512,26.39431,25.242126,25.315973,18.325344,22.63313,17.583307,16.770922,26.496399,26.008568,13.854839,11.682801,10.350374,6.448865,12.2159195,4.927383,26.010698,23.924372,12.022888,15.434698,20.847412
879,20.564262,31.40392,22.378088,3.0558894,10.232147,2.1449857,20.491104,16.386047,5.441581,6.5338087,28.398306,12.344229,14.472814,27.870817,8.788821,16.983025,34.640476,19.248018,24.391953,17.626427,10.024219,6.505639,29.378979,30.078154,30.526392,23.900032,2.0568767,13.005563,12.012731,32.201904,27.655106,25.917955,19.318424,12.227795,21.65987
880,20.622269,30.887676,22.14826,3.4227517,10.312907,3.2025912,19.930552,15.968184,6.898836,6.7640624,27.638538,12.355843,14.037856,27.233038,9.56499,17.882362,33.58907,18.819798,23.132307,17.301025,9.565622,6.0361705,28.90715,29.063751,30.061874,22.988785,3.0762458,12.831638,11.491229,31.06552,27.177622,25.465124,18.32343,12.072828,21.193266
881,29.825686,26.32771,29.191473,22.354992,27.94586,13.491109,18.605206,8.979035,15.9057,3.7255273,9.656829,13.624214,8.676936,17.843485,15.121127,25.841911,25.028324,23.147675,16.44824,19.761703,14.177804,12.798491,25.951912,25.2983,17.774963,12.54116,11.177019,7.913307,9.821035,8.654926,25.188492,23.25844,11.209215,14.61344,19.783148
882,28.644348,27.31528,28.53343,20.145294,28.427948,12.085578,19.330767,9.526519,14.63303,3.4735353,10.757761,13.556392,9.133267,18.499044,14.699155,25.686764,26.537226,22.63945,17.979036,20.205181,14.732031,13.297716,26.681389,25.401117,18.919533,13.110899,10.357847,8.035062,11.0908985,10.003899,25.89254,23.775393,12.214315,14.114531,20.056324
883,19.290329,31.10456,21.880598,5.1445007,27.558575,6.155721,21.845469,12.136447,10.71572,4.582389,17.063448,13.51759,10.82533,20.753664,14.666927,25.898594,31.030403,17.117863,23.050056,21.13818,15.817998,13.323242,28.90942,22.068802,23.86266,14.055073,8.280807,9.253022,17.899857,16.422655,27.818785,25.00471,15.709216,9.719486,20.092669
884,23.984661,29.514378,25.375826,11.439917,24.067614,5.9365673,20.494902,12.081391,8.479426,3.3228703,17.218632,12.627894,11.506234,21.535555,11.227618,21.6017,30.751102,20.6487,22.106403,19.693474,14.308096,12.232083,28.165668,26.498518,23.604391,16.72214,5.7349753,9.405069,13.098758,17.933626,27.20645,24.880232,15.586455,12.720083,20.650463
885,21.074404,30.78276,22.364649,4.2693663,13.728562,4.9948955,19.766516,14.970632,9.376182,6.675997,25.850697,12.605864,13.331752,25.844088,11.246348,20.381691,32.521442,18.371431,21.751247,17.517855,9.99475,6.485488,28.79935,27.34635,29.143661,20.87936,5.1233783,12.111605,11.517486,27.912106,27.14866,25.214417,16.717987,11.674696,20.70717
886,27.19592,27.514957,27.821915,17.81868,24.69985,6.649816,19.842173,10.828352,7.545946,1.6593451,13.501747,12.213299,10.578326,20.121193,9.947261,19.933834,29.042784,23.19386,21.01353,19.531187,14.884063,13.246097,26.994766,28.416655,20.475891,16.079918,4.795436,8.5830765,10.83829,14.693808,26.36851,24.29629,14.633964,14.80102,20.73276
887,20.426273,31.168217,22.192236,2.9520514,7.6272,0.8628218,20.396202,16.936947,3.9875455,6.751192,30.23306,11.972988,14.783965,28.480677,7.6744943,15.19735,35.00291,19.289495,24.549408,17.248894,9.413115,5.8073654,29.098644,30.660889,30.695185,25.089546,0.7428025,13.081746,11.026309,34.496483,27.405478,25.621967,19.590086,12.1454735,21.579699
888,23.974106,27.478539,23.397312,10.531332,23.854982,21.113966,17.012157,10.416186,27.489092,13.67791,15.089559,18.06036,9.182124,19.324968,23.497963,32.028507,21.276653,16.655888,11.980496,17.485575,8.781878,6.5218043,25.491398,17.851444,22.529432,12.449299,22.32599,11.87928,10.66748,12.087821,23.796503,22.668516,9.681496,9.793241,18.760042
889,32.59117,25.984583,31.625118,27.702557,30.774384,15.750038,19.365282,8.196624,17.693804,3.87606,6.5336723,14.627937,7.6459403,16.786026,16.832762,27.663391,23.748503,25.194407,16.035643,21.502447,15.830146,14.981011,25.946339,25.62733,14.465566,11.580259,12.857955,7.0656385,10.169488,4.97735,25.32555,23.458008,10.830027,15.559825,20.422731
890,20.869347,31.10271,22.343126,3.524608,10.129666,3.2943382,20.007908,16.133165,7.0638556,6.8631907,27.978619,12.432262,14.164994,27.516705,9.641859,18.012753,33.84124,18.97602,23.197508,17.361153,9.501137,5.926615,29.112492,29.331402,30.400558,23.236588,3.1186304,12.977896,11.399228,31.479486,27.361063,25.637484,18.408396,12.208087,21.335184
891,22.958437,28.389732,22.476246,7.4740376,19.33399,15.147054,16.685614,11.816636,21.846685,9.622343,19.730015,14.437979,10.682083,21.871542,18.141565,27.963894,26.291386,16.318344,14.479407,15.879405,7.871644,5.145184,26.383747,21.236065,27.333395,15.32453,15.49881,11.605308,8.708612,19.355314,24.719917,22.839647,11.132258,10.279798,18.242535
892,22.128675,28.99473,23.893373,8.814634,17.561962,3.051682,20.117575,13.386231,4.6827674,3.5215116,19.976168,11.943156,12.246322,23.260088,8.584931,17.493305,31.574356,20.40503,23.447006,18.711212,12.8184185,10.647526,27.636154,28.110748,24.628218,19.653229,2.622725,10.336552,12.718611,22.64154,26.486917,24.670912,17.500515,12.784618,20.829857
893,21.17884,30.531452,22.249311,4.5023174,10.476917,4.855998,19.502752,15.575217,9.261284,7.362839,26.99146,12.605524,13.440412,26.540487,11.099635,19.64355,32.327106,18.540749,21.405508,17.281498,9.102014,5.4679265,28.585972,27.77691,29.299133,21.86021,4.7203526,12.599585,10.792107,29.700352,26.865973,25.11409,16.88255,11.997286,20.81648
894,21.226894,29.05423,23.082596,7.261429,16.6506,2.6857529,19.882988,13.651086,4.565406,3.6131692,20.82286,11.730837,12.411805,23.669739,8.311341,17.179878,32.017246,19.68656,23.607685,18.260717,12.28198,10.045375,27.537209,27.913216,25.574604,20.056223,2.4242275,10.536073,12.677254,23.886095,26.304644,24.47375,17.748487,12.287436,20.548605
895,30.754726,25.44709,30.176268,25.369446,29.023975,12.625098,18.872158,8.395584,13.905001,2.3713179,7.3307695,13.246027,8.100515,16.904436,13.935938,24.502687,24.646152,24.38528,17.081806,20.489777,15.479602,14.580833,25.399223,26.028385,15.306597,12.224808,9.71658,6.8958044,10.076395,6.624492,24.831034,22.940722,11.520314,15.245129,19.879694
896,20.65539,31.114126,22.340961,3.3879535,9.495582,2.326701,20.285143,16.366932,5.638475,6.738965,28.367613,12.350902,14.354962,27.762754,8.88976,16.895767,34.185345,19.250778,23.943882,17.489712,9.742145,6.2148805,29.136974,29.91154,30.209072,23.842855,2.1710043,13.028549,11.663788,32.166214,27.416893,25.742285,19.060173,12.298914,21.570627
897,21.278017,30.588812,22.408957,4.5381203,14.757128,5.7974267,19.446806,14.577838,10.384569,6.6334486,25.13194,12.609335,13.147025,25.417204,11.66669,21.07639,32.105278,18.157112,21.151634,17.28814,9.9085,6.4604297,28.61728,26.876747,29.126219,20.217083,5.8837004,11.945999,11.29453,26.936174,26.969992,24.991177,16.186499,11.574364,20.401346
898,25.283428,28.458118,26.585043,16.274103,30.579155,9.03835,21.024748,9.936041,11.411523,2.7608817,10.43542,13.564802,9.152615,18.268795,14.239118,25.434294,28.134216,21.315601,21.166597,21.88527,17.05772,15.805459,27.386776,24.123394,18.45964,12.6665325,8.766459,7.545332,15.35177,9.757635,26.670023,24.244818,14.163721,12.66581,20.303207
899,23.78724,29.637632,24.859982,10.32931,22.477482,7.192921,19.939585,12.373458,10.56508,4.407045,18.462847,12.839607,11.647376,22.159437,12.240381,22.643396,30.476841,19.963205,21.034246,19.006943,13.012323,10.612749,28.171986,26.127377,24.855085,16.949203,6.9581275,9.9977255,12.389257,19.15542,27.011919,24.789663,15.124505,12.474568,20.411224
900,25.45242,30.109476,26.563686,13.611211,28.08844,9.576787,21.142393,11.343596,13.004918,5.053548,15.319349,14.274826,10.807706,20.372423,15.070008,25.999146,29.046093,20.983467,20.635574,21.049995,15.392041,13.161313,28.766937,24.862457,21.931007,14.38041,9.683503,9.297973,14.311446,13.912442,27.792528,25.383787,14.194249,12.749674,21.011477
901,27.716316,28.417843,28.376028,18.07593,26.698967,7.7327905,20.454252,10.831581,9.204534,2.212474,13.469592,12.844836,10.581641,20.15056,11.439952,22.008379,29.327559,23.304008,21.076519,20.395035,15.488572,13.797436,27.766773,27.978632,20.589712,15.565253,6.166844,8.536523,11.791369,13.8527975,27.070173,24.861446,14.50752,14.662808,21.070814
902,24.146446,28.92249,25.044874,12.427639,25.919619,12.295964,20.092554,10.995531,16.244865,7.583192,14.516891,15.346069,10.07928,19.717756,17.411818,27.247845,26.06894,19.616135,18.514008,20.301186,13.8971815,11.631093,27.518166,22.601803,20.80643,13.471554,12.704243,10.003424,14.340652,12.716421,26.30689,24.47156,13.387071,11.906634,20.387056
903,21.502064,30.743498,22.425528,4.655038,14.696302,6.683677,19.359697,14.597713,11.859183,7.024088,25.257006,12.841085,12.932566,25.437983,12.657912,22.305,31.939089,17.95181,20.470842,17.351292,9.56092,6.0369196,28.72129,26.329182,29.335331,19.91338,6.8736606,12.009178,10.99485,26.846567,27.033014,25.010305,15.603715,11.478754,20.333836
904,23.281502,29.228596,24.428541,9.603556,19.434631,5.623249,19.6671,12.895594,8.463243,4.476387,20.108961,12.366491,12.117211,22.769527,10.658711,20.225168,30.588947,20.029911,21.274498,18.303576,12.2272215,9.658448,27.827663,26.969887,25.08997,18.24615,5.2000146,10.318796,11.574419,21.307852,26.644762,24.614723,15.6113405,12.631158,20.44975
905,30.641989,26.434317,30.226877,24.658772,30.56307,13.407524,19.503687,8.594948,15.273225,2.8695338,7.4963956,13.852327,8.131688,17.209126,15.27177,26.35582,25.293121,24.15496,17.521633,21.228596,15.995239,15.053516,26.166271,25.615526,15.958495,11.994612,10.958792,7.072895,11.19408,6.499347,25.535553,23.486832,11.728843,14.9285555,20.180004
906,20.618488,31.695591,22.461538,2.706269,8.203405,1.0529146,20.655243,17.11288,4.200975,6.6852837,30.269663,12.170812,15.020306,28.918026,7.830446,15.629326,35.631306,19.527538,25.078966,17.471094,9.625796,6.0177884,29.606102,31.177017,31.442553,25.360205,0.88959014,13.369722,11.4884405,34.718147,27.850912,26.089722,20.043568,12.366649,21.920198
907,22.297882,29.446625,22.186977,6.088005,16.78873,13.731828,17.548685,12.980513,20.491539,9.436594,21.14889,14.538172,11.085282,23.427711,17.93759,27.923252,27.926254,16.680077,16.120903,16.72819,8.0062895,4.9411798,27.38184,22.450094,28.391773,16.703024,14.092705,12.424347,10.115765,21.778067,25.555622,23.846518,12.63046,10.804806,19.177443
908,29.532864,27.48015,30.059992,22.382242,27.984964,7.3924284,20.735086,10.163745,7.396403,0.6300532,10.405207,12.575954,9.840333,19.341496,10.273343,20.774866,29.129948,25.250624,21.902946,21.300575,16.958828,15.878404,27.284187,29.564014,18.058647,15.458034,4.830622,7.6532297,11.753969,11.593603,26.814415,24.686392,14.997018,15.896106,21.402485
909,21.529604,29.45293,22.800676,6.4610605,16.42718,5.2399793,19.312151,13.667013,8.719152,5.402265,22.313889,12.27078,12.482573,23.867128,10.710439,19.947258,31.05191,18.716415,21.29159,17.552637,10.916862,8.005721,27.769886,26.618235,26.763763,19.214334,5.1224694,11.042196,11.61624,24.096859,26.345655,24.441008,16.074778,11.846876,20.161663
910,31.421997,26.199537,30.8029,26.079433,30.4353,14.117536,19.579432,8.458121,15.94403,3.5219321,7.3276377,14.209104,7.939812,16.866789,15.925058,26.706747,24.354961,24.639359,16.788227,21.456654,16.05673,15.020533,26.054035,25.487091,14.811405,11.690695,11.547103,6.99734,10.824284,5.730118,25.463068,23.481462,11.204466,15.21339,20.343702
911,21.113815,31.013165,23.217752,7.1896076,26.387857,6.9241214,21.700981,12.311877,11.297748,5.469689,18.148361,13.824817,11.233628,21.066238,14.771687,25.551155,30.338585,18.24641,22.000683,20.875788,15.237616,12.474521,29.045895,23.050394,23.62368,14.663658,8.533841,9.591491,16.32359,16.943981,27.960222,25.283785,15.101945,10.64884,20.535112
912,20.646393,25.524145,21.86249,11.180676,21.07166,23.8103,19.065214,10.661246,26.855349,19.977957,7.7320304,23.829285,7.544115,17.433691,28.533665,33.175476,13.081788,18.025501,12.27873,21.907755,11.060974,8.639025,23.9511,15.393953,12.3838825,10.649253,25.776049,14.547441,20.26118,3.175778,21.684761,23.72688,12.7841425,11.055631,21.915121
913,20.683884,31.207294,22.390133,3.4789279,11.7279625,3.009367,20.358917,15.851554,6.600145,6.5769153,27.417463,12.466076,14.071707,27.029911,9.630691,18.12651,33.82123,18.978834,23.560587,17.708904,10.215645,6.688609,29.207214,29.059647,29.78998,22.737267,3.0575404,12.62855,12.021914,30.453588,27.530886,25.718142,18.42137,12.021954,21.382097
914,29.038586,26.857723,29.47576,23.602081,32.096493,11.496124,20.768171,8.687488,12.905247,2.478095,6.67643,13.996018,7.9117336,16.571842,15.055043,26.054646,25.65641,23.877743,19.312508,22.684093,17.910194,17.048563,26.47173,24.8076,14.294954,11.377253,9.809643,6.478079,13.943851,5.296861,25.955698,23.774817,12.684463,14.349977,20.524391
915,28.072075,26.878075,28.259886,19.513742,25.537022,8.303941,19.32064,10.15366,9.512775,1.8713138,12.210972,12.321019,9.968814,19.29045,10.98015,21.176258,27.784237,23.250204,19.544676,19.39536,14.639054,13.076124,26.481335,27.672585,19.456182,14.976643,6.1457253,8.157913,10.142964,12.832163,25.858335,23.812748,13.473547,14.857577,20.310734
916,20.703543,30.811409,22.142899,3.5426395,9.864952,3.2666187,19.827698,16.016893,7.030155,6.860254,27.82141,12.329704,14.020232,27.285583,9.590526,17.849098,33.502872,18.809563,22.921375,17.206005,9.361112,5.8085747,28.83635,29.041382,30.087149,23.059937,3.10394,12.86439,11.209801,31.284964,27.104464,25.396158,18.196867,12.096854,21.147062
917,30.590714,26.232513,30.017105,24.850307,30.209648,15.081368,19.417845,8.477518,17.406637,4.4592185,7.322948,14.672925,7.7639923,16.796648,17.084087,27.742722,23.758701,23.80252,16.339859,21.368143,15.687957,14.627929,25.914211,24.356974,14.995594,11.288105,12.930361,7.332365,11.301117,5.583564,25.233145,23.311968,11.063596,14.6093445,20.119799
918,30.175413,25.953613,29.952288,24.393776,29.253012,11.243724,19.46097,8.717139,12.30313,2.2194948,8.167072,13.176037,8.494223,17.11965,13.310579,23.794144,25.320164,24.354559,18.00457,20.789684,16.049515,14.948891,25.85162,26.307323,15.445354,12.485795,8.650859,6.910534,10.807179,7.226067,25.325884,23.341516,12.003718,15.185584,20.2018
919,23.077282,30.149866,23.198462,6.6692843,16.501364,9.808212,18.398645,13.669555,15.710211,7.8063307,23.967886,13.284546,12.401516,24.361998,14.535888,24.55832,30.158003,17.859297,17.832441,16.715979,8.810195,5.352596,28.21447,24.991196,29.00409,18.322458,9.835326,11.860718,9.249948,24.492994,26.568855,24.466936,13.447251,11.513144,19.716265
920,22.000153,29.863083,22.417006,5.7044897,16.390116,9.292356,18.405666,13.545254,15.057069,7.5575213,23.341185,13.155045,12.101701,24.037542,14.376872,24.275896,29.971703,17.357655,18.224346,16.791817,9.004758,5.669675,27.884163,24.448505,28.48344,18.070803,9.533208,11.693106,10.04339,24.071053,26.233877,24.210955,13.760072,11.103226,19.524504
921,26.453846,27.739212,27.215015,16.668444,24.970383,6.68094,19.814684,10.838564,8.04805,1.6793754,13.646312,12.147438,10.471258,20.121256,10.340355,20.66622,29.341639,22.483103,21.132038,19.657555,14.768481,13.244322,27.025654,27.579327,20.83372,15.90209,5.1811185,8.39048,11.433381,14.768,26.308376,24.168304,14.697526,14.14064,20.454134
922,20.784119,31.149204,22.279444,3.3546298,10.86516,3.3650498,19.993334,15.984839,7.2284846,6.7100964,27.80192,12.363612,14.128272,27.338383,9.699208,18.265194,33.891068,18.7995,23.168896,17.336494,9.619962,6.041985,29.12709,29.112083,30.466597,22.953365,3.2545927,12.8322935,11.456596,31.13922,27.390133,25.58609,18.262537,12.0461235,21.206467
923,23.4268,28.70044,22.829412,7.9206944,20.96415,18.49475,16.913694,11.536783,25.595028,11.675146,18.112133,16.237497,10.156405,21.53995,21.298635,31.04031,24.80071,16.3696,13.638134,16.734398,7.989042,5.367357,26.610542,20.082983,26.6946,14.475527,19.1745,12.279728,9.856174,17.05425,24.80522,23.273344,10.837314,10.245552,18.738081
924,21.589025,27.475647,22.494038,8.964179,13.817024,6.246118,18.909624,12.93566,9.525977,7.545517,21.185932,12.978106,11.359478,21.48358,12.454249,19.952436,26.139303,18.813398,17.95641,17.70094,10.613643,7.165644,26.219986,23.9437,21.551811,16.864143,6.2408857,10.652079,11.039052,20.472137,24.976274,23.513811,13.494687,12.038265,19.950792
925,20.045376,30.909676,22.426004,6.227196,28.409147,7.1918902,21.60055,11.824897,11.709793,4.4749603,16.035416,13.684027,10.599649,20.51917,15.052741,26.498075,30.76691,17.433613,22.692719,21.135292,15.80042,13.559332,28.779549,22.099983,23.761166,13.792088,9.090335,9.200247,17.606197,15.522883,27.690834,24.91205,15.484069,9.934924,20.031115
926,22.184877,30.230618,24.260527,9.866637,28.804907,6.637699,21.49756,11.429457,9.910592,3.0347319,14.490202,13.22224,10.49797,20.250605,13.385022,24.81814,30.891735,19.310608,23.09307,21.35396,16.333452,14.607047,28.513824,23.94198,22.55883,14.369178,7.567845,8.598293,16.528736,14.590077,27.599207,24.910173,15.718283,11.291719,20.362562
927,20.702576,30.307407,22.019007,4.084818,11.972333,4.2429924,19.510744,15.140103,8.270663,6.6662045,26.19826,12.326405,13.400367,25.97837,10.4227495,19.04542,32.305435,18.358831,21.825668,17.1665,9.62506,6.1389275,28.383606,27.629978,28.928064,21.396217,4.221363,12.217571,11.192802,28.710665,26.735138,24.934654,17.00616,11.739595,20.612682
928,25.494717,29.462997,26.454561,14.188649,28.547081,9.971682,20.592436,10.845959,13.328561,4.172028,13.818911,13.8564415,10.260828,19.937792,14.812682,26.06203,28.930916,20.82805,20.424173,20.776642,15.247701,13.422291,28.15926,24.661331,21.74172,14.022116,9.801167,8.872091,13.918261,13.100627,27.217022,24.79696,14.018817,12.641039,20.48306
929,26.896454,27.556202,27.188875,16.839682,24.993244,9.042423,19.17092,10.591267,11.170459,2.9343672,13.52075,12.656603,10.25861,19.918116,12.073483,22.47852,28.107767,22.014397,19.395386,19.121193,13.869076,12.149824,26.805294,26.652395,21.168116,15.129655,7.457395,8.788807,10.704027,14.083826,25.984373,23.9112,13.603398,14.001238,20.110945
930,21.378847,30.31925,22.222265,4.81254,14.497058,6.632674,19.062683,14.38741,11.760253,6.8823185,24.965948,12.63287,12.754465,25.103605,12.459895,22.005703,31.521235,17.768644,20.09371,17.084515,9.384338,5.9030414,28.32866,26.021412,28.959484,19.648937,6.776487,11.813919,10.653362,26.515457,26.676128,24.654215,15.30087,11.36512,20.03952
931,20.341473,30.057072,21.572603,3.469014,8.908333,3.475715,19.103373,15.770687,7.3623075,6.8501177,27.48468,11.970424,13.720125,26.885523,9.446485,17.554958,32.75669,18.257624,22.068146,16.558237,8.697133,5.1773915,28.102673,28.393347,29.842869,22.686218,3.1820621,12.71307,10.512474,31.107185,26.373653,24.698992,17.641954,11.848464,20.525997
932,22.176586,29.783962,22.892351,7.3764925,24.529213,13.42919,19.146921,11.579762,19.569927,8.637457,17.892292,15.053484,10.53228,20.99201,18.626564,29.067701,27.208809,16.946592,17.296291,18.581554,11.516649,8.8148775,27.726704,21.004288,25.08181,13.9309845,14.648102,10.760208,12.997278,16.308636,26.252197,24.09432,12.518604,10.081684,19.350248
933,23.942528,29.455153,24.281471,9.622371,23.315996,11.713151,18.755829,11.755792,17.003836,6.5369515,18.3077,13.810213,10.971637,21.58785,15.954319,26.770523,28.505651,18.424862,17.722763,18.020533,11.209622,8.588202,27.734455,23.426613,25.752407,15.210442,11.872863,10.509632,11.067055,17.761404,26.375814,24.165297,12.751557,11.449127,19.50641
934,20.51976,31.335175,22.329535,2.981047,8.988137,1.6942911,20.429953,16.67691,4.8034487,6.568302,28.907133,12.228603,14.630958,28.28482,8.279,16.219343,34.907887,19.37767,24.673687,17.49241,9.76585,6.2762647,29.316021,30.583548,30.7973,24.553019,1.4824098,13.196917,11.813743,33.213577,27.570086,25.894564,19.725845,12.367729,21.728998
935,21.801346,30.396305,22.454964,5.3006563,14.887967,8.261516,19.016422,14.227236,13.83636,7.62102,24.27951,13.281408,12.428788,24.86503,14.03575,23.730164,30.756771,17.79118,19.229477,17.339933,9.22117,5.7286315,28.43161,25.333029,28.692608,19.013798,8.4901905,12.0462055,10.763669,25.443087,26.717241,24.813494,14.684532,11.473238,20.169428
936,20.842836,29.828651,22.042337,4.8348894,13.992364,5.2211003,19.264223,14.32595,9.401268,6.5404615,24.552834,12.407509,12.809209,24.751656,11.231499,20.144749,31.169807,18.07631,20.859793,17.201591,9.941754,6.572839,27.966812,26.40379,27.736172,19.877337,5.3304925,11.628801,11.22403,26.226845,26.404297,24.534855,15.9622555,11.493554,20.182621
937,32.312004,25.519478,31.252361,27.28825,30.304142,17.582487,18.815931,8.12596,19.606983,5.030307,5.9130697,15.557452,7.4533067,16.74234,18.01001,28.371563,22.559172,24.7896,14.952237,21.051878,14.866502,14.164513,25.386024,24.741158,14.445972,11.429505,14.956564,7.7982693,10.075808,4.4354606,24.642872,23.176294,10.566948,15.240222,20.328344
938,27.23855,26.187195,26.299292,17.142826,27.891613,22.244314,17.084768,9.019469,27.114506,11.886055,10.589539,18.231,8.254382,17.535757,22.980314,31.62329,20.13161,19.142206,11.641059,18.294743,10.452551,9.068451,24.757515,18.870867,19.021183,11.111066,22.508081,10.65269,10.098052,7.4024053,23.398281,22.309996,9.211102,11.114106,18.945435
939,20.520393,30.964931,22.325369,3.5058434,10.786392,2.138146,20.32391,16.003857,5.2321,6.2157564,27.482157,12.214249,14.165004,27.240288,8.671791,16.866312,34.125126,19.1981,24.1432,17.610113,10.19667,6.825205,29.011356,29.657259,29.739525,23.363962,2.0533788,12.645834,11.982195,31.135782,27.353281,25.618258,19.005934,12.17079,21.427492
940,26.284065,28.64386,27.409956,16.063007,25.841795,6.2379913,20.698914,11.2435255,7.507543,2.04251,14.210094,12.630515,10.860958,20.524199,10.601568,20.919426,30.050255,22.737427,22.223097,20.418858,15.6147995,13.96776,27.832218,27.928543,21.096382,16.182856,5.0925093,8.712489,12.688292,15.078449,27.11518,24.907816,15.451478,14.189979,21.093817
941,19.212961,30.0909,22.608137,8.823867,33.16802,5.372254,23.266647,10.522473,8.241302,3.0299053,10.785093,13.933936,9.026851,17.457354,14.950541,26.121052,29.299246,18.16158,24.618069,23.933647,19.82161,18.390055,28.19482,20.425571,17.794422,11.1255245,7.924997,7.2431746,21.56849,9.305313,27.574991,24.658686,16.05134,9.725914,20.287842
942,20.397377,30.84112,23.113394,7.666862,29.744205,5.7386346,22.317102,11.625299,9.268475,3.375904,14.729734,13.480183,10.486087,20.016586,13.92204,25.332222,31.118896,18.387123,24.02644,22.081987,17.2885,15.375394,28.876068,22.802446,22.24863,13.75268,7.5300064,8.556666,18.569565,14.338564,27.97447,25.133121,16.202812,10.406487,20.439465
943,33.025646,26.261623,32.159782,28.362896,31.176132,14.749248,19.795954,8.335639,16.324032,3.1287618,6.6011095,14.357443,7.796442,16.951912,16.03414,27.06154,24.569942,25.818651,16.825783,21.9282,16.421402,15.586905,26.296658,26.468685,14.382824,11.936211,11.68296,6.812516,10.340416,5.190792,25.74257,23.78157,11.197953,15.959938,20.751133
944,31.866983,26.244045,31.113375,25.16187,27.117939,11.332568,20.434044,9.431319,11.753755,6.0408864,12.314587,15.0329895,10.149978,16.549223,14.490268,22.072567,21.331913,25.906588,14.550026,19.194908,15.88737,11.870727,26.916962,27.225515,14.129283,11.292449,9.21204,9.715738,7.14869,7.725368,27.124548,25.128773,8.590249,17.662899,22.18323
945,20.639795,31.388222,22.274544,2.8671567,8.295996,2.1455815,20.203814,16.830147,5.5726247,6.8404636,29.306955,12.261282,14.6803875,28.576635,8.578236,16.579004,34.9304,19.244678,24.299204,17.273222,9.285544,5.717116,29.341301,30.562052,31.360537,24.706934,1.8432645,13.428175,11.425332,33.764786,27.534262,25.873486,19.559076,12.393728,21.658823
946,19.761995,29.023693,22.810053,12.231751,34.05591,8.688264,23.996061,9.571797,12.369761,7.649934,9.889163,16.356117,7.6203146,14.025703,20.14057,29.530508,22.953693,17.89191,20.203964,25.48321,20.762741,18.322561,27.30497,15.428883,10.709347,6.905987,12.497635,6.5540686,22.140799,3.308705,26.921253,24.057083,12.244021,8.980206,20.292612
947,26.047558,28.72868,27.02058,15.298449,25.969822,6.907148,20.325539,11.189524,8.830985,2.3174415,14.628964,12.567998,10.839522,20.537012,11.176559,21.815918,29.991362,22.0473,21.544327,20.04435,15.025287,13.330435,27.770123,27.15598,21.823616,15.894864,5.9324174,8.686466,12.345569,15.271013,26.976757,24.679329,14.9311,13.703258,20.687418
948,20.209785,30.853489,22.268997,5.5634313,24.800741,6.6104646,21.102411,12.54339,11.29852,5.2026234,18.885723,13.36096,11.27928,21.657726,14.254974,25.115612,30.932432,17.439877,22.009777,20.094835,14.222581,11.4905205,28.748932,23.024109,24.93996,15.285192,8.194872,9.787012,15.806347,18.512709,27.538094,24.911182,15.311673,10.21648,20.07754
949,30.161945,26.049545,30.02198,24.866247,30.352268,11.784846,19.770506,8.524873,13.008763,2.1735926,7.1139646,13.464687,8.036228,16.718172,14.15178,24.920486,25.179474,24.354397,18.090336,21.485142,16.632145,15.705261,25.907581,25.666813,14.701513,11.887593,9.375907,6.601446,11.600768,6.036754,25.397009,23.364014,11.932108,15.002653,20.23808
950,20.865217,29.79334,22.11672,4.9142513,13.840769,4.9651,19.275955,14.370918,8.892854,6.3158474,24.36476,12.345453,12.873432,24.858719,10.85965,19.73996,31.356531,18.2613,21.203873,17.23022,10.026611,6.747253,27.970493,26.763535,27.789982,20.124834,4.9623256,11.673549,11.362745,26.34549,26.40097,24.586,16.300425,11.655837,20.268446
951,20.56818,31.361042,22.303125,2.939914,8.940034,1.9093776,20.353182,16.681816,5.198258,6.692454,29.07441,12.246364,14.627727,28.29281,8.477738,16.466385,34.84415,19.274054,24.41899,17.40527,9.611053,6.060237,29.32389,30.427183,30.938175,24.468191,1.7160457,13.229787,11.611468,33.275974,27.569708,25.867361,19.511892,12.312071,21.666908
952,20.577513,31.176945,22.250778,3.1012666,8.505862,1.8695178,20.245686,16.669704,5.168793,6.769926,29.171753,12.189795,14.560752,28.211466,8.435667,16.294577,34.61597,19.244152,24.176554,17.309898,9.451981,5.895944,29.159084,30.308672,30.718845,24.461758,1.6591071,13.178264,11.338966,33.334476,27.418955,25.724855,19.341217,12.291184,21.579004
953,30.364784,26.31133,30.096357,24.960781,31.077038,13.4563265,19.79722,8.448584,15.255777,3.0085359,6.7263026,14.070849,7.752561,16.69795,15.749866,26.746038,24.827543,24.111374,17.59234,21.773693,16.560005,15.694774,26.041676,24.985558,14.822474,11.450438,11.217321,6.797179,11.942578,5.458586,25.457773,23.406103,11.685298,14.74438,20.20519
954,20.293392,29.829,21.934599,4.1967297,10.365618,2.4268136,19.643076,15.408479,5.2891064,6.097251,26.089983,11.9689865,13.577191,26.205494,8.598794,16.496063,32.65201,18.906048,23.132046,17.200039,9.911342,6.7287464,28.026058,28.747974,28.32727,22.48721,2.2121265,12.230476,11.549107,29.620192,26.434896,24.828802,18.27584,12.084726,20.84346
955,30.689009,26.772892,30.04369,23.869822,29.39277,14.708316,19.392906,8.9271,17.265385,4.9738503,9.361517,14.644556,8.531262,17.47448,16.79389,27.363077,24.182575,23.728287,16.141209,20.84288,15.081915,13.544994,26.411121,24.851936,16.3129,11.879494,12.60623,7.855854,10.649132,7.148168,25.67246,23.716223,10.913598,14.759026,20.325434
956,25.288555,27.984592,25.044987,13.199542,27.190731,16.99062,18.471659,9.906925,22.774038,10.869297,15.763246,16.328413,9.644455,18.064713,20.823542,29.99741,22.457497,18.094936,13.253567,18.388546,11.558195,8.812519,26.409573,19.094261,20.435541,11.284715,17.99473,9.835346,10.527432,10.85865,25.22547,23.17125,9.090626,10.510797,19.005648
957,24.109945,29.782658,23.824911,7.9964523,20.554016,12.453296,17.877491,12.432187,18.957087,8.25194,22.25223,13.770679,11.838578,22.741552,16.320316,26.789614,28.610962,17.51134,15.850316,16.350252,8.89057,5.583315,27.852215,23.239847,28.358398,16.242252,12.781948,11.330309,8.25524,21.19918,26.347801,24.0077,11.436615,11.052408,19.09433
958,29.66565,27.486025,29.624765,22.407948,28.578217,11.760686,21.006907,9.661857,13.754825,6.624264,12.4656725,15.264228,9.559807,16.87202,16.43099,25.402212,22.877594,23.914732,16.011374,21.24208,16.276213,13.186824,27.291492,24.440832,14.457,11.179262,10.767588,8.439275,11.076601,7.507582,26.936813,24.819046,10.000227,15.114142,21.496992
959,20.80081,30.69881,22.259813,4.033024,12.364973,3.9668765,19.918287,15.313966,7.898128,6.7140923,26.518244,12.473036,13.589044,26.182318,10.396671,19.045704,32.71316,18.604464,22.332598,17.50711,9.999928,6.4697127,28.748707,27.951458,29.006687,21.628931,4.0428014,12.275084,11.571781,28.93986,27.110079,25.266787,17.32964,11.819571,20.917799
960,20.612553,30.730497,22.045174,3.557142,10.959946,3.629773,19.769293,15.682717,7.573227,6.7515407,27.241306,12.32476,13.785257,26.788458,9.97712,18.471186,33.18157,18.544905,22.586052,17.243855,9.533946,5.994321,28.739338,28.41504,29.758785,22.37669,3.585443,12.584205,11.315567,30.295464,27.037804,25.252602,17.74575,11.863225,20.930222
961,30.388676,26.095673,30.038157,24.447693,29.501259,12.324717,19.31915,8.693168,13.722439,2.4576602,7.8140054,13.428113,8.336158,17.30742,14.089433,24.842133,25.405296,24.254978,17.83553,20.847376,15.821713,14.867172,25.917976,26.151363,15.949887,12.466978,9.695602,7.094778,10.869024,7.163644,25.313099,23.346031,12.038326,15.099794,20.142519
962,30.097736,26.051888,29.37647,23.349037,28.24841,14.223611,18.663721,8.733212,16.670866,4.0966244,8.83965,13.955781,8.252226,17.337173,15.9053335,26.512215,24.202656,23.282757,15.952116,20.131983,14.412572,13.082994,25.728828,24.737915,16.607948,11.961482,11.921259,7.7014513,10.010727,7.4652276,24.990421,23.107939,10.822467,14.619613,19.769033
963,24.552387,28.46187,24.173967,10.254619,22.645441,15.356747,17.459356,11.190887,21.306982,9.197645,18.143364,14.850909,10.670557,20.938753,18.204348,28.067308,25.684013,17.75964,14.767047,16.778086,9.520932,6.8670764,26.741898,21.863846,25.42648,14.409689,15.49171,11.099145,9.293674,16.618353,25.270493,23.348713,11.067985,11.032763,18.863466
964,32.19041,25.432781,31.136572,27.177284,30.210917,17.591066,18.750051,8.101395,19.606146,5.08256,5.8731923,15.551811,7.432724,16.687752,18.00192,28.306292,22.435366,24.694931,14.881728,20.979729,14.805886,14.1062355,25.294373,24.632763,14.389605,11.381428,14.984631,7.806821,10.072674,4.3931074,24.549725,23.100916,10.543832,15.179476,20.267504
965,22.831858,29.438328,23.333828,7.907811,21.361897,10.907836,18.757486,12.163388,16.379156,7.582824,20.173044,13.792959,11.403641,21.89308,15.763057,25.861633,28.069513,17.756304,17.481997,17.568018,10.691796,7.6091504,27.629734,23.101048,25.850208,15.578045,11.363052,10.823246,11.033618,19.153688,26.214825,24.076855,12.739551,11.034694,19.445816
966,28.887161,26.76901,28.472736,20.531395,27.724304,12.888789,18.693539,9.299514,15.586679,3.6533813,10.512348,13.4776325,8.908425,18.293089,14.929439,25.823402,25.836853,22.484081,16.996021,19.632683,13.991759,12.58437,26.192242,25.088135,18.881733,12.918786,10.951133,8.080491,10.1600275,9.809274,25.379633,23.355621,11.596665,14.123916,19.704132
967,24.164162,28.758995,24.748182,13.143474,30.543377,16.491417,20.3343,9.757633,22.234613,11.493819,14.355638,17.39579,9.022302,16.881334,22.480194,31.541695,22.111973,17.87862,14.656755,20.769474,14.214517,11.554898,26.968384,17.296791,17.63467,9.718328,18.712908,9.063673,13.966995,8.14298,25.951885,23.614504,9.576146,9.609971,19.521627
968,25.63235,28.030506,24.269182,10.693522,24.256594,19.775612,15.933731,10.443879,27.206669,11.036789,17.923422,15.6086445,10.135337,20.286417,20.884691,30.940228,24.318197,16.544416,11.609322,15.409987,7.574564,5.2261834,26.017292,19.624603,26.856958,13.363471,20.229094,11.218416,6.5369143,15.764694,24.500692,22.349165,8.584007,9.970961,17.682894
969,23.851181,29.186253,26.021175,16.174574,32.260986,8.697062,23.50109,10.051933,11.28517,6.6722283,11.267976,15.896351,8.7999525,15.685118,17.92533,27.427658,24.318085,20.935547,20.110506,24.647404,19.734226,17.23026,28.031368,19.810406,12.554532,9.429838,10.684727,7.3033543,18.917059,5.5270615,27.620508,25.039309,12.438552,11.700183,21.390818
970,32.305447,25.734528,31.244339,27.062174,30.33611,17.412512,18.890623,8.211837,19.56515,5.027136,6.3090496,15.472455,7.5902286,16.86617,17.976837,28.44197,22.805794,24.735027,15.047104,21.051437,14.899312,14.09391,25.579285,24.825645,14.772554,11.461387,14.806145,7.8220997,10.076323,4.7435517,24.836931,23.28629,10.568915,15.245177,20.344782
971,30.68161,27.079031,30.404394,24.248257,30.53672,13.002924,20.104654,8.98392,14.945731,3.8106527,8.968812,14.278092,8.676058,17.405018,15.603713,26.386555,25.172995,24.308561,17.553438,21.541653,16.301262,14.863984,26.787052,25.637226,15.847174,12.038576,10.878798,7.3796396,11.589935,6.887008,26.16616,24.071821,11.64807,15.0401,20.688047
972,29.231361,26.816738,29.07572,21.893778,29.170282,12.485657,19.435331,9.128568,14.572056,3.5461192,9.385884,13.781841,8.781588,17.787603,14.897127,25.636345,25.594791,23.213009,17.793121,20.629581,15.397408,14.077841,26.36288,25.366516,17.251818,12.482308,10.495357,7.7127,11.47362,8.2641945,25.640087,23.61342,12.092703,14.436076,20.128704
973,22.175299,29.761204,22.658115,6.435747,18.144964,10.553824,18.615587,13.0216875,16.2788,7.9388876,21.561262,13.767218,11.672849,23.231297,15.631354,25.61607,28.924988,17.500835,17.93234,17.38004,9.718609,6.512083,27.856064,23.727428,27.29562,16.930904,10.888023,11.607164,11.079365,21.720194,26.227446,24.303381,13.544193,11.153794,19.649633
974,20.57111,31.000912,22.220556,3.3469107,9.681334,2.5294683,20.162191,16.236698,5.9484687,6.7311015,28.14514,12.324377,14.236421,27.575031,9.052975,17.1236,33.9816,19.07742,23.697144,17.410969,9.674413,6.1538024,29.019188,29.61043,30.116877,23.58112,2.3976483,12.944172,11.604357,31.84314,27.299992,25.615519,18.834425,12.189692,21.42504
975,23.284489,28.596457,22.600555,7.7250814,19.41035,15.679576,16.586586,11.793771,22.958834,9.036088,19.538513,14.340952,10.323211,21.931694,18.815626,29.351847,26.640564,16.286575,13.993155,15.98868,7.595196,4.794453,26.566647,20.871323,27.735094,14.913033,16.036741,11.644289,8.365622,19.215517,24.888496,22.921968,10.516038,10.355122,18.18786
976,26.657532,29.074886,27.88861,18.515503,30.75741,9.730042,22.64369,10.1727915,12.293324,6.60577,12.863081,15.563062,9.543771,16.687422,17.181631,26.764112,24.488943,22.379879,18.582884,23.274368,18.157446,15.268221,28.269554,22.187298,14.276175,10.607149,10.492184,7.90701,15.473389,7.231369,27.834383,25.363495,11.4692,13.25294,21.67597
977,29.172005,27.438797,28.59785,19.26567,25.657822,12.418181,19.446102,10.1067295,15.595399,8.158152,16.550673,15.037469,10.839034,17.63607,16.35775,24.766266,22.09203,22.48044,13.271438,18.384129,13.208573,9.15863,27.111057,23.718971,17.737518,11.666587,11.712914,9.808538,7.8604984,10.557808,26.62583,24.58133,8.140098,14.67791,20.873388
978,30.469603,26.091238,29.923262,24.874716,29.89071,15.123465,19.408743,8.470048,17.349293,4.6106815,7.128472,14.772892,7.69418,16.712578,17.16244,27.648598,23.453638,23.817692,16.29408,21.407402,15.689711,14.634317,25.802216,24.261581,14.663428,11.241034,12.977567,7.4013844,11.437754,5.4048448,25.118193,23.279438,11.116015,14.63645,20.159033
979,32.04455,26.076212,31.543427,27.14927,30.394514,12.078598,19.75923,8.531692,12.89324,1.7779257,7.1509676,13.395899,8.340901,17.154367,13.5561285,24.387781,25.533506,25.708862,18.079266,21.450493,16.61619,15.743458,26.173462,27.3543,14.903371,12.596949,8.899181,6.6618176,10.468741,6.340806,25.690186,23.699162,12.027569,16.029179,20.658583
980,29.705944,26.104366,29.102262,22.575403,27.835842,13.36595,18.62732,8.894448,15.661865,3.8694081,9.468101,13.651949,8.57605,17.546556,15.127151,25.64037,24.571688,23.135498,16.302538,19.833473,14.321443,12.903004,25.767044,25.04723,17.102812,12.292625,11.080594,7.79103,9.957739,8.214661,25.033278,23.129541,11.0907,14.581854,19.741888
981,20.181412,29.51445,21.709671,4.2228985,10.569624,2.6805773,19.340693,15.132396,5.7169924,6.029775,25.790382,11.82811,13.365435,25.797262,8.745379,16.699541,32.179726,18.589529,22.532728,16.934742,9.713423,6.51116,27.721176,28.185583,28.068295,21.978214,2.4911523,12.028852,11.180044,29.059446,26.156076,24.514559,17.724825,11.88101,20.513266
982,21.99519,30.241314,22.74306,5.7209306,16.607208,7.509559,19.09518,13.846048,12.683919,7.1160827,24.206131,12.895887,12.619211,24.31048,13.100703,22.80608,30.773724,17.894169,19.410107,17.180193,9.797551,6.3457217,28.3013,25.437729,28.232468,18.714035,7.7677684,11.463253,10.499936,24.802443,26.731794,24.612104,14.505635,11.326197,19.956404
983,30.359173,26.45103,29.929132,24.266361,30.387897,13.986078,19.513615,8.597066,16.160294,3.771374,7.802361,14.226698,8.082936,17.003363,16.132574,26.99294,24.547432,23.787746,16.929794,21.24231,15.848329,14.714782,26.124344,24.845818,15.600053,11.569922,11.809701,7.2280464,11.36627,6.1786323,25.47004,23.446423,11.340894,14.660489,20.135326
984,20.655449,28.862467,22.81503,11.148765,33.137127,11.773986,22.268648,9.500745,16.620703,9.428379,12.179376,16.66465,8.343458,15.094055,21.007706,30.160368,22.580345,16.977299,17.787567,23.01757,17.831238,15.294047,26.952381,15.555929,14.117113,7.8528814,15.264475,7.4483013,18.735138,5.532102,26.289373,23.535385,11.012819,8.465533,19.505976
985,20.741634,31.736326,22.53577,2.9318671,9.924484,2.0570726,20.620575,16.668135,5.4432187,6.6274285,29.048174,12.385028,14.700557,28.328402,8.736631,16.987646,35.16064,19.372215,24.63985,17.668728,9.93649,6.3515787,29.665207,30.476227,31.131691,24.34991,1.9520167,13.205338,11.911537,33.032345,27.913342,26.133455,19.542953,12.316943,21.826414
986,22.81717,30.084148,23.038176,6.6200914,14.5895405,8.664758,18.584528,14.13635,14.26053,7.846537,24.79676,13.077702,12.56708,24.796253,13.780927,23.36353,30.40935,18.06821,18.341255,16.842827,8.753062,5.196196,28.17492,25.55088,28.736774,19.09114,8.577627,11.935534,9.321892,25.749977,26.532139,24.496302,14.004192,11.692645,19.907442
987,30.725685,26.63409,30.339437,24.672028,30.401306,13.320397,19.77549,8.740783,15.215093,3.5315201,8.206863,14.123862,8.350691,17.175465,15.565322,26.38089,24.912968,24.258553,17.308834,21.380829,16.121332,14.888959,26.381691,25.506268,15.570105,11.892143,11.023344,7.2006063,11.313981,6.486979,25.765043,23.718103,11.533595,15.004618,20.421026
988,20.515972,30.56398,22.004892,3.5590475,9.329108,2.8951917,19.783495,16.02104,6.4481616,6.828418,27.80187,12.236322,13.978818,27.206469,9.260659,17.263458,33.32626,18.825808,22.98766,17.138565,9.335666,5.8261166,28.619057,29.072674,29.734478,23.171665,2.7237976,12.822097,11.180645,31.37522,26.910666,25.25607,18.30659,12.090731,21.112354
989,31.12183,26.17971,30.58284,25.54132,30.2756,13.493625,19.405666,8.536859,15.137988,2.848628,7.2992187,13.845861,8.093555,17.118933,15.092764,26.014149,25.03676,24.531015,17.337374,21.190454,15.961476,15.0440855,26.012817,25.894361,15.556563,12.068617,10.820238,7.0382624,10.829291,6.32418,25.406143,23.412897,11.640455,15.207071,20.22616
990,21.948956,29.793121,22.494905,5.7566605,16.297499,7.8877497,18.526781,13.627531,13.171329,6.9620395,23.876848,12.649341,12.445416,24.135677,13.000241,22.73732,30.468288,17.576982,18.864365,16.649,9.291987,5.9293127,27.854607,25.162622,28.430418,18.522442,7.998219,11.418621,9.892328,24.704119,26.279985,24.162428,14.170655,11.191374,19.515398
991,23.67435,29.16199,24.075283,9.809115,24.341934,12.4658165,18.969147,11.3498,17.906393,8.154972,18.37646,14.505153,10.805276,20.489832,17.182482,27.22625,26.655764,18.014938,16.621502,18.176308,11.573814,8.676003,27.418262,21.917793,23.95118,14.008958,13.162804,10.262569,11.319512,16.051258,26.145967,23.908722,11.743463,10.8731785,19.38351
992,20.796833,30.678001,22.109314,3.7176268,9.862252,3.5219944,19.645067,15.9130745,7.4511786,6.910382,27.790827,12.265003,13.911922,27.118929,9.760857,18.08194,33.264145,18.669945,22.490131,17.070572,9.180169,5.595568,28.70184,28.749739,30.013924,22.81871,3.3446891,12.767102,10.863343,31.111128,26.983475,25.228155,17.815332,12.023683,20.963087
993,20.540651,31.551682,22.420227,2.9616344,10.507095,2.1862793,20.627108,16.414352,5.4813523,6.554844,28.333061,12.444511,14.500812,27.918196,8.9066925,17.155975,34.75886,19.288074,24.578594,17.773401,10.177259,6.663182,29.51233,30.118692,30.576246,23.905735,2.1409247,13.04415,12.296379,32.12528,27.776579,26.045475,19.454685,12.237616,21.763327
994,30.675617,25.214943,29.86717,25.322245,28.513697,14.058773,18.634283,8.258101,15.942182,3.9045238,7.691596,13.832999,7.8322477,16.44461,15.548625,25.73523,23.113571,23.85251,15.553397,20.319815,14.918804,13.749632,25.110714,24.674213,14.566553,11.434984,11.480767,7.0785055,9.72027,5.9740653,24.515823,22.676302,10.460868,14.867551,19.659092
995,26.43634,28.858711,27.51382,16.449558,28.150671,7.518653,20.803526,10.7920265,9.359843,2.0284846,12.944239,12.896109,10.374705,19.996763,11.907994,22.936323,29.950056,22.397057,21.962318,20.95132,16.108282,14.675198,27.92788,26.947025,20.826832,15.110126,6.551527,8.247137,13.431671,13.427904,27.178343,24.807188,15.061912,13.741566,20.827377
996,19.891596,23.646019,20.665045,9.523168,12.672474,30.60005,16.623144,11.862185,32.73023,25.264023,5.294831,28.093689,7.423332,19.621992,32.397533,34.688137,8.387226,18.30929,8.829267,20.496029,5.891113,3.5570817,22.156609,15.225094,13.497237,12.805178,31.887592,19.802568,20.975252,3.0115237,18.824823,24.01719,13.829137,12.682957,23.432066
997,20.463318,30.433414,22.00755,3.6708748,10.192541,2.9693744,19.775442,15.7405205,6.405711,6.6433516,27.167511,12.221801,13.868391,26.803114,9.2743845,17.35924,33.04263,18.79554,22.941051,17.180742,9.613733,6.153267,28.524551,28.841412,29.327728,22.71576,2.8156338,12.628594,11.414564,30.488749,26.847364,25.18703,18.175238,12.046004,21.032412
998,24.376549,28.155016,25.081804,11.990499,20.10212,6.711989,19.06933,12.073186,9.221439,4.1825953,18.083567,12.330978,11.497823,21.6429,10.875245,20.333523,29.017653,20.546087,19.945469,18.013004,12.214094,9.800833,27.060719,26.705992,23.55216,17.144629,5.7892747,9.924717,10.536188,19.011044,26.029272,24.085485,14.509383,13.194134,20.144156
999,21.954056,29.275002,22.30562,6.46531,20.721039,12.782018,18.116234,12.096247,18.97678,8.602336,19.666218,14.2734,10.948342,21.993313,17.300817,27.418402,27.569788,16.620779,16.785677,17.199776,9.735873,6.870285,27.244991,21.873653,26.683031,15.338001,13.48761,11.266488,11.203938,19.171673,25.646355,23.642069,12.575082,10.301513,18.938345
1000,24.46782,29.61484,25.96014,13.754901,30.514603,9.304592,21.333979,10.589261,12.471845,3.7626824,12.3440075,14.01054,9.816865,19.204592,15.079902,26.485176,28.997717,20.503975,21.50785,21.827785,16.699005,15.125797,28.212154,23.7902,20.474651,13.111021,9.641257,8.315431,15.97688,11.450288,27.352907,24.805553,14.552931,12.101915,20.502409
1001,30.204367,25.481556,29.483973,24.57344,29.089958,17.171144,18.76482,8.383635,19.480001,6.0904055,6.5127716,15.762831,7.385522,16.583921,18.532354,28.438305,21.949097,23.3528,14.953024,20.95014,14.567668,13.633213,25.095673,23.206617,14.387292,11.069365,15.259834,8.113963,11.191299,4.786468,24.280012,22.884727,10.695818,14.291439,20.01269
1002,24.35446,29.895695,25.465105,11.902688,27.77273,9.785719,20.526344,11.248649,13.729439,4.6605487,15.183643,13.873562,10.541368,20.427364,15.090852,26.368933,29.36086,19.85096,20.428272,20.412594,14.649049,12.620459,28.345394,24.022371,23.025938,14.291784,10.108269,9.261807,14.051924,14.493111,27.307573,24.830557,14.0767355,11.962971,20.316906
1003,25.32789,25.959694,24.699944,14.582753,26.417318,24.309414,17.076115,9.332334,29.364937,15.535404,10.8749,20.251173,8.102614,17.377298,25.632952,32.821598,17.56363,17.85894,10.540559,18.43877,9.589282,7.928469,24.233185,16.625938,17.92327,10.854271,25.59122,11.865623,11.650429,6.6792736,22.608088,22.239296,9.2404375,10.0799465,19.216763
1004,22.491724,29.466557,22.415945,6.356352,18.190908,12.73507,17.630415,12.692462,19.4407,8.388676,21.350851,13.909544,11.184577,23.038078,17.030886,27.429316,28.385937,16.71803,16.177376,16.566504,8.397079,5.2789617,27.427769,22.487406,28.290833,16.340714,13.148987,11.789915,9.592407,21.48422,25.729548,23.740343,12.165808,10.692482,18.951498
1005,22.342472,30.587906,23.270643,6.4776354,21.71495,8.320599,19.634123,12.885722,13.711996,6.540881,22.182302,13.169304,12.246778,22.892508,14.128043,24.634186,30.44807,17.821636,19.35374,17.878073,11.400387,8.053458,28.620724,24.312557,27.320496,16.644741,9.036335,10.717742,11.520097,21.45407,27.252337,24.751863,13.756993,10.9626875,19.836449
1006,20.748482,31.645126,22.657068,3.2193925,10.211293,1.7586284,20.7708,16.581482,4.819133,6.400919,28.578379,12.389598,14.629647,28.16008,8.483844,16.66377,35.137936,19.59903,24.980583,17.888014,10.274308,6.819056,29.625633,30.625454,30.66131,24.349636,1.6466724,13.068894,12.23974,32.627705,27.907042,26.166872,19.77991,12.426821,21.932228
1007,20.887356,29.179665,22.520208,6.041087,13.940519,3.1635761,19.57054,14.21252,5.6840816,5.1510477,23.12946,11.962562,12.810201,24.38033,8.993726,17.345936,31.454792,19.156292,22.517895,17.584034,10.9726,8.139286,27.582237,27.693054,26.353405,20.561888,2.9667914,11.255413,11.872517,25.74381,26.188128,24.496927,17.2867,12.133532,20.530195
1008,31.124352,26.333012,30.604712,25.60458,30.389309,13.883901,19.703331,8.548102,15.740026,3.6622267,7.5888224,14.259329,8.034098,16.89388,15.951269,26.680363,24.373676,24.495056,16.91157,21.51268,16.138876,15.008987,26.155716,25.361109,14.839544,11.659649,11.459438,7.0653143,11.103165,5.834824,25.560503,23.57184,11.276623,15.121576,20.400574
1009,21.18841,29.919123,22.199411,5.1036677,14.37808,6.0461097,19.139362,14.223865,10.595603,6.7663326,24.436327,12.575113,12.708854,24.702112,11.915845,21.061981,30.979576,18.008999,20.306496,17.166977,9.747174,6.3310866,28.046253,26.114325,27.933998,19.548304,6.1390467,11.6668415,10.976452,25.87845,26.454756,24.557116,15.50784,11.502251,20.11878
1010,20.581444,31.171925,22.297724,3.2911093,10.755004,2.7490468,20.297148,16.077553,6.229274,6.618178,27.753138,12.414623,14.195008,27.388739,9.312834,17.623272,34.025032,19.043766,23.785524,17.589031,9.985972,6.477683,29.174274,29.437317,30.087322,23.236408,2.695159,12.839869,11.964331,31.209723,27.459982,25.728704,18.777452,12.125336,21.45157
1011,21.89119,31.003523,22.992556,5.0156183,15.510033,5.6122265,19.794842,14.6863165,10.219355,6.728142,25.914473,12.673344,13.434363,25.542145,11.585496,21.065617,32.50574,18.513435,21.258572,17.462568,10.185346,6.6223283,29.008827,27.214289,29.284908,20.40329,5.7922664,11.8652315,10.916534,27.28,27.432749,25.265247,16.048834,11.659088,20.618399
1012,25.033216,28.119217,24.856028,11.93937,22.486385,12.365362,17.802776,11.133389,17.185675,6.1299086,16.942429,13.454563,10.441005,20.801527,15.467158,25.96985,27.171347,18.96289,16.411238,17.36874,10.552281,8.221432,26.69246,23.453163,24.50981,14.884462,11.876858,10.1418,9.398634,16.562937,25.426292,23.39416,11.843759,11.98273,19.063042
1013,31.463045,26.222721,30.933073,26.56599,31.2148,14.4929,19.838148,8.334957,16.277052,3.417503,6.352653,14.438273,7.5755053,16.650204,16.407093,27.335464,24.333607,24.774971,17.086502,22.016424,16.561724,15.760225,26.065346,25.263515,14.21812,11.440866,11.977613,6.7990932,11.472374,4.920463,25.481232,23.5066,11.409709,15.148135,20.432919
1014,32.25432,25.866219,31.44789,27.401022,30.175425,14.009171,19.394238,8.345921,15.455375,2.9798186,6.9401717,13.948767,7.9122896,16.880434,15.264443,26.02613,24.404964,25.31156,16.75532,21.331951,16.001308,15.102756,25.89101,26.284863,14.582125,12.012384,10.962624,6.8549957,10.107083,5.697642,25.33838,23.415476,11.219309,15.729989,20.40423
1015,22.67434,29.715578,22.598621,6.220949,16.176083,11.241112,17.73726,13.400374,17.642633,8.197694,23.13269,13.474284,11.890077,24.059412,15.584772,25.696892,29.429195,17.14041,16.892586,16.310637,8.079611,4.7692847,27.701164,23.89468,29.202143,17.74601,11.351923,12.051298,9.03475,23.898361,25.977955,23.976065,12.888964,11.111792,19.220413
1016,27.030035,27.144482,28.049791,20.712929,31.814571,9.586057,20.981365,8.990888,10.922448,1.9142566,7.30998,13.528404,8.179913,16.811468,14.003747,24.98877,26.635107,22.842585,20.621357,22.573868,18.106775,17.28694,26.538689,24.445068,15.119583,11.681379,8.47528,6.486109,15.070287,6.4238663,26.006647,23.744455,13.580844,13.573326,20.334326
1017,21.060884,29.807652,22.390955,5.6195908,16.774591,5.4437523,19.451017,13.751897,9.3968935,5.5314813,22.567945,12.38306,12.366049,23.97236,11.316062,20.841068,31.39143,18.21447,21.325993,17.731369,10.898601,7.9307637,27.96545,26.042656,27.15466,19.020247,5.636309,11.016092,11.980412,24.242653,26.49674,24.488615,15.962247,11.414268,20.070871
1018,20.488935,30.469135,22.091614,3.8994367,12.092333,3.436068,19.927279,15.287297,7.0015054,6.5162277,26.25995,12.355851,13.586415,26.092463,9.878465,18.292332,32.642223,18.653435,22.689629,17.48174,10.147542,6.7076974,28.557693,28.114315,28.669617,21.75945,3.485683,12.237494,11.83362,28.893528,26.939772,25.175695,17.678661,11.838686,20.927309
1019,21.29527,30.645662,22.358084,4.576489,11.012443,5.4116993,19.55315,15.479038,9.92895,7.4918537,26.536951,12.83923,13.358157,26.452269,11.627839,20.3308,32.16286,18.580055,21.291561,17.444708,9.208589,5.591615,28.718594,27.623356,29.274275,21.580814,5.284093,12.674741,11.105094,29.115267,26.964352,25.265068,16.803741,12.077025,20.91469
1020,20.499744,31.110865,22.2464,3.156833,9.445112,2.0315192,20.285362,16.40001,5.2495456,6.5942907,28.461946,12.23834,14.424741,27.839483,8.583304,16.564415,34.377594,19.210754,24.175678,17.420513,9.76419,6.258862,29.119358,30.057497,30.34937,23.992846,1.8678147,13.020529,11.703962,32.400436,27.40064,25.716587,19.249638,12.2504425,21.546122
1021,20.522026,31.305803,22.340528,3.1162674,10.448453,2.2038991,20.456884,16.277534,5.483228,6.5165524,28.16663,12.341862,14.393633,27.676771,8.843214,17.039246,34.454014,19.194405,24.286106,17.626884,10.081014,6.5791287,29.291779,29.893288,30.30568,23.693913,2.1434264,12.920255,12.046556,31.862139,27.583593,25.84286,19.19844,12.181863,21.594011
1022,20.247635,30.51698,21.82929,3.1695812,7.9752264,2.10884,19.780844,16.375568,5.3834434,6.800174,28.481146,12.047672,14.218306,27.708975,8.48464,16.15104,33.762363,18.908155,23.54569,16.97518,9.130931,5.654499,28.557026,29.702312,30.086187,23.996193,1.8391389,13.030542,11.115345,32.660763,26.82614,25.234005,18.949516,12.154852,21.193571
1023,21.667486,29.395514,23.047598,6.9633217,16.680185,4.565599,19.521482,13.624995,7.664354,4.878606,21.98926,12.135941,12.447686,23.716415,10.149798,19.337847,31.275534,19.078072,21.760654,17.800404,11.323351,8.531845,27.77795,26.923721,26.323143,19.304363,4.434791,10.842659,11.730406,23.893559,26.43827,24.503841,16.297274,12.027635,20.298903
1024,28.16419,26.433672,28.235178,21.087406,29.976353,12.0967455,19.242346,8.752452,14.186064,2.5468972,7.9570794,13.331605,8.184336,17.297625,14.596785,25.692842,25.887178,22.485653,18.293705,20.678015,15.662604,14.813644,25.86681,24.601131,17.074268,12.027639,10.317375,7.1670647,12.07452,7.5921826,25.183167,23.0652,12.32313,13.780739,19.561996
1025,20.624678,29.983362,21.97979,4.26345,11.894389,3.8323143,19.410284,15.02518,7.537978,6.568246,26.08314,12.135701,13.4179735,25.734907,9.884704,18.266861,32.058384,18.390617,21.868404,16.996674,9.706501,6.274256,28.09726,27.68793,28.501635,21.393305,3.7646494,12.062548,11.050346,28.59928,26.508211,24.703482,17.050297,11.719635,20.480242
1026,21.707127,29.349148,22.65297,6.3824577,16.521038,6.278742,18.965853,13.440729,10.513385,6.36359,23.16,12.391584,12.429997,23.50734,11.744233,20.938442,30.08145,18.163967,19.730888,17.043884,10.279978,7.0030465,27.603046,25.615,26.713947,18.48201,6.3453865,11.002356,10.591766,23.839403,26.19409,24.15994,14.741978,11.483227,19.775812
1027,20.658237,30.479317,22.061811,3.9508178,12.625159,4.2453427,19.66295,15.102195,8.268276,6.5802126,26.050514,12.381201,13.4261465,25.944723,10.494149,19.249462,32.481472,18.356113,22.062326,17.314255,9.87568,6.4039793,28.528854,27.625137,28.987988,21.298582,4.2946615,12.177238,11.514176,28.487968,26.884123,25.045847,17.119806,11.691241,20.671114
1028,31.119116,25.513674,30.203016,25.674675,29.675955,16.837519,18.671858,8.217305,19.133211,5.064586,6.4821706,15.158001,7.4783955,16.66872,17.773127,28.13082,22.658644,23.865135,15.08518,20.78441,14.709142,13.857002,25.244156,24.069122,14.813191,11.215523,14.477687,7.7274294,10.394415,4.996739,24.493505,22.892649,10.583649,14.679945,19.914196
1029,21.000235,30.674149,22.220324,3.9485002,11.171119,4.310524,19.53884,15.54658,8.4882965,6.8742876,27.066542,12.396384,13.724243,26.685091,10.387204,19.056171,32.90535,18.53035,21.99973,17.088455,9.295925,5.7230268,28.711922,28.23388,29.884953,22.071213,4.171745,12.600452,10.914888,29.939634,26.993086,25.193207,17.290283,11.9457245,20.815817
1030,22.388718,29.065292,24.667578,13.972349,32.891888,9.149697,22.799486,9.820611,12.319164,5.753816,10.27856,15.368899,8.464205,16.09618,17.811314,28.109642,25.377594,19.486975,20.71001,24.038933,19.162289,17.238161,27.595371,19.340109,14.401934,9.53191,11.156043,7.1058235,19.426485,6.0824246,27.001925,24.363348,13.19514,10.657003,20.465565
1031,24.6105,29.45221,25.251635,11.201702,23.317844,9.395744,19.44039,11.943845,13.325736,5.150764,17.802435,13.286413,11.345893,21.769932,13.733167,24.350042,29.463947,19.870403,19.589848,18.718704,12.495335,10.102475,27.998123,25.409534,24.895967,16.14686,9.047251,10.149858,11.671186,17.970873,26.801796,24.598913,14.106046,12.476923,20.159088
1032,22.301422,28.702326,21.905945,6.151396,15.657442,12.500755,16.693007,12.896936,19.147728,8.729044,22.33166,13.40553,11.359353,23.364584,16.067932,25.851261,28.137064,16.27731,15.540411,15.4286995,7.1279707,4.0411806,26.636322,22.66091,28.928682,17.128014,12.600908,11.94564,8.092763,23.209423,24.913116,22.96395,12.048702,10.531838,18.329514
1033,31.170582,25.887909,30.31784,25.667057,29.94783,15.7139635,19.003687,8.291457,18.117403,4.2892885,6.9808445,14.563497,7.567057,16.735327,17.156439,27.903996,23.537506,23.968708,15.721688,21.05627,15.221602,14.273737,25.635052,24.443161,15.047881,11.283051,13.28942,7.271096,10.446402,5.4714513,24.952211,23.069246,10.650184,14.772935,19.927288
1034,24.507193,29.363997,25.188793,11.095138,22.575386,8.56082,19.479877,12.085162,12.314668,5.1011286,18.529392,13.052824,11.546205,21.824434,13.104431,23.460901,29.464441,19.942772,19.606358,18.548714,12.406735,9.839592,27.958202,25.64351,24.721329,16.410025,8.198978,10.0906515,11.349589,18.528494,26.795979,24.595346,14.0630245,12.556149,20.203955
1035,20.936197,30.385098,22.113693,4.3348837,9.499069,4.3705306,19.51327,15.763261,8.453274,7.366232,27.079857,12.5645275,13.530538,26.761194,10.628551,18.846794,32.37557,18.676071,21.801813,17.246088,9.056554,5.4839225,28.474205,28.164383,29.226261,22.324123,4.155001,12.77912,10.99487,30.211842,26.73754,25.11593,17.393291,12.136859,20.939043
1036,29.493168,27.02288,29.758139,22.843237,29.783098,9.879207,20.275333,9.312685,10.866153,1.7411387,9.039967,13.1300745,9.0145235,18.0005,12.699725,23.522192,27.140076,24.332764,19.87474,21.405663,16.75698,15.694956,26.734703,27.064556,16.66765,13.372756,7.62089,7.094632,12.123005,8.649405,26.165655,24.045977,13.355367,15.046824,20.690908
1037,26.376482,28.592514,27.403547,18.052593,31.813627,11.47331,21.351912,9.667125,14.26588,4.5840464,9.811249,14.837166,8.819859,17.614847,16.72948,27.706364,26.396755,21.701405,19.815908,22.620653,17.420387,15.92907,27.566475,23.085451,16.924215,11.4757395,11.334165,7.7076464,15.749778,7.604818,26.82651,24.471708,13.187079,12.80056,20.629591
1038,24.30212,28.457455,26.054968,16.561977,32.52568,9.32502,22.127995,9.553082,11.888524,4.304075,9.406356,14.6463175,8.426948,16.463705,16.393497,27.038855,26.003202,20.796993,20.628494,23.463009,18.716106,17.151503,27.310349,21.381115,14.883887,10.391436,10.139459,6.888934,17.649414,6.386329,26.739439,24.202421,13.264913,11.822212,20.441954
1039,31.592117,26.144688,30.765184,26.166592,30.546349,15.663762,19.278772,8.330173,17.952427,4.140981,6.9106975,14.616635,7.6698503,16.875412,17.084604,27.969213,23.892872,24.35941,16.114801,21.352211,15.603987,14.691666,25.920406,24.92546,15.070072,11.437044,13.122925,7.2137127,10.640108,5.4156795,25.246859,23.319569,10.912245,14.99473,20.156841
1040,20.99359,30.450848,22.163048,4.313234,13.013988,5.050799,19.43958,14.925046,9.474387,6.690926,25.848316,12.452002,13.232857,25.780325,11.128627,20.14494,32.23693,18.206871,21.374336,17.210243,9.615723,6.1207924,28.4874,27.194214,29.100182,20.870049,5.0856752,12.101401,11.094725,28.053488,26.831554,24.933636,16.513638,11.631124,20.479101
1041,23.22324,25.114418,23.638544,13.7546835,19.300535,21.86926,18.009119,10.67145,24.410845,16.905083,9.070422,21.613628,8.364661,18.362555,24.858852,30.288631,15.066843,19.622522,12.21985,20.241096,10.058395,7.6338944,24.028904,18.67434,14.4475155,12.142496,22.211124,14.1409645,16.529268,5.7563357,21.904873,23.637926,12.429597,12.744261,21.642372
1042,27.866854,28.169357,28.7461,20.986809,31.687397,10.439292,21.827114,9.496625,12.469676,4.4426885,9.93307,14.736779,8.848723,16.816034,16.013689,26.449106,25.414463,23.142971,19.248041,23.108826,18.17741,16.316393,27.539688,23.694214,14.488985,11.129776,9.951483,7.112049,14.992666,6.427395,27.029848,24.670916,12.323924,13.788211,21.140606
1043,26.750063,28.021725,27.227375,16.666246,26.631388,9.167808,19.5544,10.48729,11.532387,2.4629483,12.859297,12.728782,10.017234,19.86173,12.502176,23.517702,28.877361,21.875837,20.08633,19.797829,14.47964,13.053683,27.119125,26.295784,21.291685,14.895493,7.846276,8.4174,11.635443,13.532259,26.278528,24.04934,13.913971,13.627634,20.113018
1044,22.103554,30.028511,22.463007,5.5031233,16.112429,9.157999,18.332182,13.708779,14.997186,7.4404316,23.805668,13.037888,12.327921,24.401308,14.110011,24.116196,30.419138,17.3717,18.339203,16.599586,8.795125,5.4107366,28.03247,24.823673,29.17463,18.403576,9.304646,11.832315,9.791116,24.759382,26.348137,24.297012,13.890071,11.185571,19.536034
1045,21.0783,29.516884,21.72696,4.9375153,11.274685,6.7709727,18.43772,14.642824,11.756438,7.4974875,25.022554,12.579636,12.589146,25.283205,12.34583,21.191954,30.573812,17.677147,19.446686,16.618298,8.4319,4.9428043,27.637524,25.99519,28.55448,20.097668,6.571408,12.228227,10.182809,27.295334,25.90632,24.21469,15.351389,11.621833,19.878084
1046,19.32026,31.504152,22.386484,5.9555097,30.542404,5.5568776,22.838682,11.815454,9.559845,3.7339792,15.178349,13.73683,10.537267,20.065498,14.666653,26.275742,31.484768,17.664183,24.500319,22.497662,17.730528,15.5947275,29.325962,22.036638,22.618711,13.343246,7.946179,8.685036,19.805,14.419773,28.393024,25.410019,16.406721,9.788795,20.50348
1047,27.531857,26.905148,28.18641,20.79787,30.682606,10.121051,20.325869,9.015052,11.629419,2.087499,8.03248,13.339569,8.381301,17.167494,13.825486,24.740335,26.496342,22.840914,19.812042,21.710392,17.069921,16.144018,26.351093,24.84917,16.037598,12.083592,8.696554,6.8287945,13.683926,7.334898,25.768042,23.575357,13.153888,13.806032,20.132347
1048,25.008091,29.778164,26.446417,14.13875,29.970093,8.661428,21.393965,10.83819,11.559606,3.3633132,13.01888,13.770654,10.190077,19.70637,14.234569,25.632805,29.649235,21.050112,21.884014,21.691113,16.602816,14.97735,28.456833,24.841705,21.014154,13.8755455,8.726698,8.425869,15.4272375,12.447151,27.61061,25.067072,14.858472,12.56739,20.76568
1049,20.88129,30.923573,22.315924,3.966184,13.694856,4.622384,19.955244,15.093632,8.872793,6.631439,26.018572,12.609595,13.442582,25.9895,11.030146,20.105116,32.78449,18.420897,22.182827,17.642986,10.173049,6.6641693,28.920818,27.552916,29.212984,21.112785,4.801429,12.164901,11.833322,28.187223,27.266382,25.342995,17.060818,11.665764,20.841753
1050,28.976587,26.575611,29.19249,22.118683,28.36322,9.360413,19.738314,9.403106,10.205538,1.4388764,9.349159,12.670139,9.076899,18.234674,11.83258,22.427898,27.269142,23.973145,19.879963,20.671658,16.094816,15.092422,26.283524,27.310024,17.268957,13.879489,6.966466,7.258114,11.447426,9.725064,25.709234,23.644114,13.562211,14.9514675,20.343397
1051,20.874866,31.293276,23.180357,6.8482323,27.61317,6.7185946,21.895708,12.24465,10.992448,4.7020264,17.289728,13.734806,11.16701,21.169043,14.546981,25.798817,31.186832,18.217892,22.922579,21.19543,15.756664,13.281046,29.262592,23.274384,24.09488,14.6733675,8.353525,9.463739,17.135212,16.65926,28.16294,25.425348,15.734055,10.566037,20.564734
1052,21.745955,29.541208,22.62288,6.1147776,15.805292,6.379741,18.889874,13.710614,10.745349,6.3906336,23.547424,12.40577,12.568742,24.040766,11.726819,21.006462,30.544245,18.170212,19.892914,16.96027,9.962476,6.68985,27.756756,25.974237,27.464012,18.95882,6.334034,11.276039,10.51289,24.682276,26.267454,24.275127,15.028893,11.570829,19.84839
1053,30.302269,26.074863,29.768469,24.191885,29.712023,13.873986,19.0272,8.553623,15.88688,3.298215,7.58728,13.874439,8.060867,17.15919,15.4693365,26.308298,24.771797,23.703213,16.971687,20.723194,15.373452,14.42775,25.770061,25.173338,16.139458,11.934712,11.452076,7.2987995,10.806782,6.7161937,25.095716,23.126913,11.521195,14.691792,19.859245
1054,30.86967,25.446407,30.082369,25.413582,29.101866,14.113285,18.691088,8.270742,15.993236,3.3206887,7.2782793,13.7267065,7.828415,16.710907,15.386841,25.977913,23.854881,24.016401,16.075943,20.471066,15.084035,14.102352,25.31702,25.112898,15.184177,11.664131,11.38974,7.054228,9.923795,6.1006937,24.69878,22.815243,10.847764,14.973789,19.714182
1055,28.804714,26.297543,28.560492,22.633694,30.762688,15.197918,19.588037,8.419304,18.127352,5.8389506,7.9741488,15.143218,7.5714974,16.087446,18.265715,28.473015,22.832064,22.240856,15.858872,21.419258,15.722851,14.4895735,25.656971,22.079449,14.381059,10.316179,14.152758,7.191681,12.161657,5.099839,24.983686,22.912884,10.521142,13.174473,19.653143
1056,30.835457,25.817896,30.269308,25.18642,29.359913,12.892403,19.075953,8.52144,14.387937,2.65513,7.6589103,13.475035,8.19325,17.072803,14.3853035,25.07243,24.85336,24.361399,17.12675,20.678776,15.556071,14.57415,25.702526,25.95505,15.611249,12.217936,10.1344185,7.0292025,10.282086,6.768159,25.114748,23.167366,11.507837,15.201361,20.020021
1057,32.73171,25.772772,31.65531,27.795204,30.587685,16.423426,19.078459,8.120536,18.404888,4.1591415,6.377586,14.855728,7.615374,16.78072,17.125643,27.828075,23.34058,25.165398,15.519019,21.207703,15.394905,14.5828085,25.744888,25.488663,14.558467,11.5612755,13.516254,7.2978086,9.814032,4.8351374,25.088491,23.352203,10.61195,15.566628,20.367134
1058,20.555355,31.591265,22.40648,2.8113484,9.10751,1.5432196,20.607424,16.81171,4.73707,6.6294684,29.38423,12.270632,14.773598,28.471523,8.279421,16.253279,35.217648,19.407831,24.843006,17.573921,9.833907,6.272679,29.527164,30.69971,31.052547,24.721867,1.4192306,13.242422,11.821089,33.593502,27.782072,26.043825,19.790228,12.318519,21.835493
1059,24.458488,28.845325,25.29064,11.682869,21.223148,6.8493233,19.483328,12.210431,9.636733,4.096713,18.227102,12.506523,11.605694,21.93561,11.29564,21.237453,29.834415,20.566036,20.535395,18.526318,12.613866,10.266512,27.62564,26.740673,24.121876,17.230099,6.1251693,9.898793,11.229022,19.101254,26.54201,24.480278,14.850957,13.054958,20.356968
1060,21.939548,30.457378,22.83019,5.9085712,19.326715,8.793727,19.380312,13.303434,14.178325,6.995112,22.225998,13.389471,12.10286,23.636276,14.432271,24.698498,30.482471,17.749767,19.553623,17.86472,10.6709175,7.4540105,28.465786,24.625164,27.720078,17.503502,9.269846,11.270802,11.842199,22.523544,26.901602,24.737167,14.48671,11.08386,19.95949
1061,20.08879,30.409504,21.596527,3.0004256,6.0646095,1.5214398,19.652063,16.810055,4.8540297,7.0697107,29.68809,11.815487,14.367455,28.207369,7.9909587,15.302258,34.059902,18.787533,23.597523,16.743187,8.607514,5.0558743,28.37333,29.9603,30.39713,24.786366,1.1895267,13.1368,10.551441,34.333088,26.631845,24.993738,19.151041,12.037605,21.0649
1062,30.39328,25.457577,29.830523,24.789413,28.701271,12.608455,18.82415,8.444846,14.082553,2.7584438,7.8045936,13.308147,8.145399,16.82282,14.173133,24.604414,24.36111,24.030737,16.754488,20.343323,15.276891,14.212095,25.358505,25.560284,15.31057,12.035912,9.9183445,6.9816265,10.058049,6.7466702,24.786503,22.881376,11.237993,15.029551,19.78418
1063,22.046146,28.752905,23.088404,7.6632757,16.15442,5.3811207,18.873072,13.301598,8.590786,5.121011,21.61077,12.043293,12.245402,23.353172,10.3633375,19.416306,30.300257,18.991129,20.629215,17.227985,10.693772,7.897977,27.2443,26.614765,25.991707,18.918697,4.968531,10.789791,10.80711,23.348013,25.895056,24.054152,15.585191,12.126764,19.924967
1064,19.511429,30.799295,22.270882,6.3086996,29.259775,5.711019,22.064024,11.66627,9.641456,3.5462136,15.170868,13.348327,10.404201,20.01378,14.137725,25.582996,31.08436,17.568352,23.732103,21.715279,16.813705,14.77331,28.707355,22.08374,22.716976,13.577625,7.7661905,8.621088,18.541199,14.758417,27.753,24.886919,15.953361,9.875978,20.09212
1065,25.00711,28.406837,25.36139,12.247498,22.219933,8.772532,18.683334,11.618636,12.249111,4.5901527,17.74593,12.599215,11.259029,21.286392,12.437177,22.641739,28.774101,20.04015,18.774597,17.825668,11.861702,9.520769,27.150192,25.605305,24.253008,16.199518,8.026967,9.774053,10.038551,17.958174,26.063456,23.905605,13.454297,12.700771,19.683577
1066,20.791067,30.70925,22.229597,4.013316,13.049042,4.278853,19.860415,15.136357,8.3361225,6.575982,26.109423,12.481134,13.470202,26.008131,10.636655,19.496399,32.680283,18.47253,22.224466,17.513565,10.069428,6.5762863,28.74253,27.708517,29.0475,21.307837,4.379273,12.176619,11.682773,28.440985,27.102053,25.227346,17.176598,11.724131,20.810827
1067,29.241085,27.112738,29.273542,21.59749,28.540112,10.538783,19.701078,9.5231695,12.152583,2.2926478,10.24917,13.100521,9.243312,18.510069,13.083868,23.943678,27.15519,23.680763,19.075062,20.57682,15.5524,14.304655,26.699497,26.786325,18.119282,13.688962,8.378508,7.603038,11.1628895,9.982799,26.029081,23.923834,12.943833,14.7862835,20.402369
1068,28.168934,26.775618,28.09352,19.94469,27.998951,11.605526,18.94516,9.349264,13.919688,2.7618976,10.055496,13.095871,8.884697,18.313429,13.958545,24.932991,26.591658,22.383137,18.168707,19.887915,14.584351,13.41857,26.161545,25.356068,18.840528,13.161167,9.765583,7.8098392,10.946325,10.0116205,25.39836,23.309687,12.41735,13.959282,19.673258
1069,22.533003,29.396753,24.614775,13.845536,33.324314,11.171267,23.061266,9.82962,15.313999,8.411398,11.648896,16.655924,8.430759,15.615888,20.442305,30.109394,23.643152,18.89944,18.856058,24.183332,18.795666,16.322342,27.769543,17.508987,13.580015,8.571306,13.9684725,7.373357,19.083893,5.4228415,27.143633,24.448301,11.717257,9.945797,20.525768
1070,21.909706,30.545338,22.572947,5.3446617,12.596708,7.1908317,19.176497,14.921803,12.46692,7.7576213,25.672915,13.085711,12.874625,25.759686,13.111901,22.377258,31.400908,18.226746,19.852459,17.337349,8.9537325,5.324301,28.599579,26.44653,29.11594,20.295147,7.1561313,12.390154,10.507793,27.50249,26.857439,25.014288,15.441077,11.865716,20.49817
1071,22.133142,29.862885,22.52312,6.006116,17.471916,10.4462805,18.423101,13.230935,16.364813,7.8610563,22.247305,13.582062,11.791589,23.636667,15.414731,25.48965,29.396976,17.32904,17.906212,17.072987,9.2503605,6.0068555,27.891705,23.90599,28.0962,17.367971,10.748886,11.74711,10.573704,22.72196,26.225092,24.257347,13.545475,11.080685,19.54456
1072,22.101583,29.73333,22.279863,5.950889,17.762321,12.283144,18.063047,12.957438,18.819658,8.494318,21.336847,14.108997,11.269958,23.298172,17.057985,27.316935,28.609518,16.862701,16.909784,17.048805,8.7981,5.645177,27.701275,22.7707,28.117523,16.57697,12.758183,11.985346,10.585472,21.680693,25.965216,24.076859,12.858372,10.817727,19.315887
1073,31.727034,25.45773,30.731161,26.526783,29.94354,17.154186,18.715271,8.145837,19.285677,5.052316,6.223946,15.325764,7.4839234,16.65521,17.822699,28.135195,22.513311,24.33863,14.949536,20.862751,14.774501,13.972448,25.275986,24.41283,14.548898,11.288689,14.642578,7.7493544,10.167692,4.676365,24.538057,23.008896,10.524452,14.98232,20.103262
1074,32.16562,25.793497,31.139612,26.936049,30.137815,16.196815,18.967737,8.20226,18.364388,4.197023,6.6863832,14.740957,7.6235347,16.805994,17.126535,27.834204,23.400272,24.710281,15.482175,21.041601,15.1763735,14.287804,25.690899,25.105646,14.885419,11.493519,13.465237,7.373578,9.903393,5.1846895,25.019554,23.251211,10.551003,15.312543,20.199095
1075,20.81601,30.59949,22.070187,3.9339733,8.927379,3.6766672,19.643137,16.077528,7.6776614,7.263152,27.94202,12.381629,13.80092,27.23838,10.036653,18.166569,33.055614,18.712982,22.332592,17.182028,8.988887,5.393021,28.624428,28.679985,29.780704,22.994186,3.465245,12.868018,10.849187,31.402412,26.885303,25.19678,17.832848,12.090399,21.01892
1076,25.70906,29.04314,26.52017,14.245748,25.983555,8.43923,20.214512,11.223675,11.339829,4.055068,15.653151,13.215809,10.86365,20.36018,13.091397,23.667381,28.896307,21.174309,20.108704,19.869179,14.409506,12.253006,27.907642,25.643375,21.984215,15.073308,7.938482,9.032357,12.327825,14.972141,27.010263,24.687899,13.871778,13.115504,20.518944
1077,25.64822,27.516153,27.177357,19.253643,32.578075,8.785622,21.648493,9.09529,10.251267,2.1462784,7.2346582,13.758547,8.064365,16.418802,14.431412,25.363602,26.618984,22.161354,21.300098,23.2961,18.95324,18.059587,26.734268,23.31068,14.429022,11.066193,8.404724,6.2876186,16.764206,5.8384404,26.236197,23.86688,13.872507,12.879985,20.394945
1078,20.741096,31.446846,22.462467,3.3599646,12.365666,3.307866,20.456339,15.827082,7.0604157,6.579052,27.308338,12.575988,14.081228,27.061756,9.952527,18.682678,33.992252,18.937439,23.61507,17.840057,10.338903,6.795635,29.41175,28.986134,30.038477,22.596676,3.401792,12.646783,12.251023,30.247232,27.712755,25.862495,18.403126,11.988264,21.431887
1079,27.165722,27.15633,27.578,18.808216,28.25636,9.9898,19.578447,9.6133175,12.045579,2.2617335,10.279697,12.936561,9.025212,18.385,13.265623,24.217962,27.377682,22.18869,19.439592,20.42292,15.352516,14.209155,26.447926,25.335842,18.699093,13.353258,8.561361,7.6239166,12.133977,10.37362,25.734968,23.555376,13.1772175,13.675883,19.886683
1080,25.77412,28.713825,27.049795,18.021338,31.180614,10.989524,22.558912,9.823754,14.162856,7.8834734,12.324693,16.141602,8.902561,15.906951,18.887218,28.19678,23.064468,21.346945,17.673864,23.519676,18.079292,15.294928,27.72828,20.164406,12.942301,9.56243,12.345941,7.5777493,16.099245,5.9250026,27.225616,24.779802,10.901452,12.187848,21.174297
1081,24.995716,29.304926,25.080362,10.922669,22.68671,11.403371,18.867205,11.760006,16.589201,7.516099,19.963057,13.915083,11.532276,21.221006,15.809942,25.91043,27.216194,19.092606,16.367521,17.669579,11.058866,7.7223444,27.823528,23.615799,24.688463,14.939203,11.443081,10.523403,9.746877,17.642168,26.58695,24.374079,11.520287,12.012757,19.81678
1082,22.143627,30.42002,23.051968,6.6090894,21.835152,9.644215,19.49478,12.714797,15.171176,6.655326,20.582308,13.610901,11.57381,22.733461,15.270468,25.991142,30.12349,17.654085,19.326275,18.307592,11.363879,8.398352,28.403725,23.687359,27.007847,16.308542,10.368984,10.826918,12.323732,20.43878,26.939188,24.616507,13.965512,10.827648,19.776545
1083,30.707138,26.611485,30.486328,25.14281,31.187346,12.8433695,20.080034,8.620343,14.453319,2.923357,7.4010396,14.008667,8.142582,16.945862,15.254107,26.212494,25.192764,24.509197,17.923048,21.85167,16.789766,15.760608,26.392925,25.63755,14.980028,11.78288,10.521902,6.828964,11.87271,5.887305,25.833902,23.742052,11.858201,15.042187,20.504341
1084,29.546665,26.267231,29.386385,22.683075,28.062447,10.482666,19.213322,9.161876,11.702675,1.7960911,9.375489,12.721983,8.924588,18.049917,12.448091,23.077705,26.541931,23.903824,18.625072,20.165478,15.361818,14.268186,26.024837,26.954113,17.367783,13.5334425,7.9280734,7.3293867,10.34999,9.447126,25.4405,23.40198,12.638316,15.028363,20.083189
1085,20.888966,30.357521,22.977491,6.5821266,21.662556,4.252502,20.903152,13.177951,7.429853,4.006774,19.791136,12.554765,11.911469,22.72032,11.128793,21.254581,32.11107,18.819447,23.431673,19.623161,13.810227,11.366925,28.51199,25.703093,25.325441,17.733646,5.0074854,10.032459,14.670915,21.127657,27.339464,24.98355,16.787708,11.316662,20.5403
1086,25.59351,28.507313,26.017916,14.08616,25.841326,11.571232,19.253149,10.786496,15.171038,5.079717,13.999361,13.881347,10.123965,20.170654,15.202901,25.964262,27.734821,20.399393,18.833954,19.44829,13.392659,11.571782,27.27042,24.475775,22.362831,14.361151,10.939722,9.534867,12.34034,13.842556,26.160208,24.092556,13.483092,12.694496,19.93099
1087,22.64625,29.513033,22.72847,7.088603,22.09763,15.391084,18.050615,11.802138,22.182554,9.699728,18.670446,15.300363,10.503903,21.69302,19.58113,29.935623,26.74959,16.59418,15.770472,17.549314,9.572215,6.804647,27.417141,20.913467,26.647987,14.544114,16.288916,11.6094055,11.323751,17.656572,25.75355,23.824955,11.839169,10.2321205,19.054396
1088,28.0519,28.036877,28.809809,20.6005,31.241493,10.042869,21.16212,9.533987,11.795648,2.9163272,9.631016,13.913006,9.0416155,17.73202,14.44044,25.399944,27.002316,23.27861,20.120949,22.291094,17.507229,16.117367,27.42059,25.261242,16.5523,12.358887,8.906061,7.246462,14.156855,7.9889836,26.821617,24.518572,13.24113,14.085221,20.887474
1089,32.4523,25.54921,31.36232,27.409641,30.402699,17.768143,18.811892,8.126327,19.810785,5.109647,5.9228425,15.644413,7.4751635,16.77814,18.115728,28.48123,22.541128,24.852266,14.87397,21.045143,14.826095,14.126403,25.416042,24.777515,14.4985695,11.448528,15.137192,7.849001,10.007188,4.4131045,24.666082,23.21172,10.52835,15.275051,20.363777
1090,22.001036,31.035145,23.626951,7.1597214,23.44277,7.315665,20.947508,12.921027,11.766528,5.787733,19.989363,13.603525,11.920085,22.55748,14.061353,24.675934,30.972553,18.669197,21.584131,19.76588,13.566222,10.645044,29.142277,24.733242,25.686394,16.429321,8.1851635,10.435526,14.505307,19.743372,27.855318,25.428371,15.394004,11.341668,20.664547
1091,20.80748,30.813465,22.2926,3.8773682,13.255025,3.993814,19.907019,15.185027,7.9412594,6.4087076,26.303469,12.383515,13.644021,26.137764,10.279615,19.178745,33.004246,18.525043,22.512142,17.444828,10.157117,6.666396,28.83181,28.00391,29.335602,21.485413,4.0764227,12.186226,11.667922,28.723185,27.200619,25.276215,17.380745,11.735166,20.831423
1092,20.850235,26.031168,20.998327,7.851117,17.044205,17.49985,16.665602,11.249061,22.33321,13.441261,15.112724,17.28254,9.282604,20.001114,20.799284,27.804249,20.414022,16.293783,13.46443,17.1025,8.159975,5.674073,24.305061,18.888103,21.192125,14.013777,18.22106,12.668915,12.433587,14.009003,22.40136,22.269688,12.013326,10.335994,18.986383
1093,31.762108,25.005346,30.620205,26.621517,29.434351,17.427038,18.20384,7.9859242,19.527346,4.809387,5.887954,15.167943,7.373898,16.583614,17.590136,27.836315,22.260857,24.240509,14.498528,20.342373,14.223491,13.543734,24.874107,24.367785,14.746045,11.321347,14.763891,7.8095207,9.513964,4.6843057,24.119068,22.695543,10.2987585,14.999222,19.844263
1094,22.227362,29.726032,24.397654,11.206588,30.3336,7.258056,21.715796,10.819531,10.265425,3.0597746,12.319415,13.574842,9.729046,19.11617,14.17748,25.539557,29.802406,19.448391,22.987038,22.137192,17.278969,15.878603,28.09599,23.029003,20.462887,13.170812,8.277612,8.028582,17.571806,12.002966,27.267118,24.618292,15.518559,11.188545,20.268679
1095,21.221043,29.897678,21.912506,5.043417,15.133747,8.895448,18.725975,13.835413,14.550511,7.8185253,23.140497,13.414228,11.974176,24.204615,14.631425,24.219952,29.825176,17.299686,18.750256,17.263252,9.191178,5.8265505,27.935638,24.353931,27.992287,18.213234,9.266615,11.966377,11.152315,24.201551,26.221493,24.413858,14.383365,11.145447,19.834116
1096,20.56924,30.620607,22.031096,3.5334535,9.538954,2.9433837,19.762968,16.002548,6.564884,6.7876825,27.8686,12.202711,14.005526,27.206583,9.273604,17.368969,33.405598,18.78371,22.940338,17.098463,9.323658,5.792588,28.660751,29.048557,29.879896,23.12077,2.7787762,12.797691,11.08416,31.387064,26.955986,25.255667,18.221802,12.057198,21.071318
1097,22.141254,29.881577,23.304152,8.359791,27.800894,12.057155,19.942556,11.128234,17.523138,7.2073383,16.148819,14.781367,10.266028,20.025904,17.775599,28.593327,27.82512,17.319077,18.707485,19.581223,13.445634,11.1209545,27.84489,20.938522,23.76479,13.100229,13.546207,9.804037,14.360497,14.4207,26.61487,24.122992,13.006715,9.956352,19.395908
1098,18.81792,31.827234,22.004837,4.769011,29.620918,4.937342,22.904104,12.233489,9.03518,3.8896809,16.41145,13.642454,10.937108,20.639854,14.2884245,25.76472,32.03838,17.419334,24.834818,22.246897,17.426249,15.083902,29.560432,22.316437,23.52533,13.954006,7.4519715,9.044924,19.780836,15.811531,28.574966,25.590792,16.740238,9.663307,20.603422
1099,20.58844,30.86072,22.170416,3.472376,10.136885,2.8835187,20.02034,16.015781,6.4309406,6.716119,27.74957,12.323027,14.071862,27.255854,9.32979,17.516613,33.638386,18.924604,23.309237,17.34972,9.652186,6.135707,28.892353,29.205673,29.898943,23.136906,2.7696328,12.807823,11.518436,31.207773,27.184048,25.480597,18.459864,12.101335,21.259684
1100,32.82667,25.602013,31.699694,27.908829,30.65715,18.020357,18.896334,8.117405,19.990524,5.110965,5.7316227,15.785219,7.4668956,16.836397,18.22926,28.62632,22.576958,25.14513,14.910318,21.185719,14.925353,14.280052,25.500912,25.013142,14.41445,11.53174,15.30428,7.8710604,9.991674,4.2551622,24.7478,23.325016,10.589738,15.444548,20.510136
1101,32.5692,25.579414,31.464449,27.555784,30.383373,17.375006,18.849546,8.115319,19.392351,4.81929,6.079259,15.396384,7.530603,16.774363,17.788805,28.23447,22.734695,24.962925,14.999808,21.034948,14.941514,14.194157,25.491978,25.01508,14.526234,11.483969,14.640159,7.7072372,9.86413,4.549053,24.771091,23.244507,10.513541,15.393595,20.358328
1102,31.693188,26.584398,31.350344,26.725231,31.728836,13.158706,20.220266,8.515309,14.497147,2.354987,6.515546,14.041874,7.923911,16.99099,15.179816,26.374279,25.519524,25.324903,18.191385,22.256248,17.118736,16.357649,26.488964,26.338905,14.66447,11.999708,10.470687,6.631913,11.695573,5.447311,25.95343,23.89417,12.032874,15.5356865,20.758492
1103,22.596159,29.849527,23.39255,7.6017613,20.684847,9.439729,19.2839,12.6481695,14.452963,6.907173,20.540579,13.546133,11.694208,22.54135,14.741112,24.885284,29.226313,18.191113,18.917702,18.050442,11.203416,8.157352,28.057186,24.178564,26.146523,16.466595,9.788035,10.898201,11.8248625,20.266325,26.63183,24.509237,13.889677,11.371724,19.888998
1104,31.120602,26.27633,30.35329,25.147038,29.81464,15.201676,19.235815,8.546802,17.579315,4.5432224,7.9565077,14.577844,8.01885,17.047369,16.89774,27.560308,23.820862,24.02338,15.994798,21.02847,15.301514,14.094068,26.01101,24.815533,15.463739,11.559624,12.837327,7.4811325,10.555845,6.1147304,25.317747,23.39506,10.837474,14.881221,20.158798
1105,20.419611,30.836674,21.98202,3.1122215,7.0998964,1.8372381,19.945448,16.802279,5.166169,7.0032415,29.424501,12.070641,14.482232,28.316692,8.315384,15.901125,34.347157,19.088924,23.88456,17.053444,8.9756,5.4207215,28.819565,30.231236,30.655647,24.704727,1.5172273,13.265808,10.975948,33.917942,27.05876,25.428848,19.310535,12.265832,21.392385
1106,25.040289,29.404083,25.0201,10.849155,23.684555,12.870463,18.771944,11.5621195,18.486765,8.269794,19.510427,14.441815,11.27078,21.019972,17.069307,27.265,26.833202,18.7086,15.881454,17.76957,10.952082,7.7578416,27.786057,22.812065,24.793682,14.490595,13.138279,10.568525,9.898352,16.941565,26.498959,24.250608,11.182942,11.585146,19.643135
1107,30.046692,27.184355,29.705492,23.010674,30.35829,14.568858,19.724907,9.00772,17.134863,4.557286,8.650894,14.731313,8.455659,17.693718,16.886093,27.827627,25.025208,23.471558,17.257975,21.33041,15.666633,14.39915,26.676949,24.840801,16.823475,11.936351,12.662606,7.8773365,11.936876,7.0880246,25.895018,23.881767,11.799714,14.470699,20.386105
1108,20.273823,28.980124,21.859716,5.122124,12.355419,2.857561,19.21224,14.44724,5.543802,5.2665777,23.842825,11.708738,12.84949,24.761045,8.668526,16.840225,31.615864,18.656012,22.431747,17.115969,10.289645,7.4300094,27.299042,27.626049,26.92202,21.03227,2.657837,11.415018,11.485746,26.954046,25.837416,24.18595,17.410053,11.845468,20.24402
1109,22.987003,29.377552,22.525324,6.747006,19.344088,16.232317,17.155996,12.25707,23.612593,10.184496,20.014517,15.176948,10.622001,22.581915,19.776165,30.104332,26.93937,16.305365,14.712344,16.585056,7.838358,4.942961,27.228863,21.10671,28.333195,15.423309,16.852356,12.300061,9.589762,19.734905,25.42905,23.591192,11.343475,10.383364,18.783926
1110,21.337341,30.57658,22.317766,4.626244,10.380586,5.0746694,19.44354,15.612725,9.614081,7.4514675,27.120756,12.62437,13.440845,26.621164,11.254928,19.86404,32.362854,18.531042,21.242569,17.243267,8.96795,5.3097177,28.615791,27.764635,29.472578,21.875399,4.907081,12.634268,10.606053,29.84489,26.88619,25.105316,16.767204,12.0143795,20.784637
1111,21.607864,29.528597,22.064016,5.4773474,15.9528885,9.340207,18.209211,13.445876,15.02294,7.638008,22.901337,13.1366625,11.970663,23.84013,14.372521,24.092274,29.532734,17.145735,18.112492,16.657848,8.910895,5.628206,27.577133,24.190416,28.184484,17.89312,9.563776,11.730967,10.238174,23.78473,25.913298,23.989374,13.819147,11.024306,19.372623
1112,20.671307,30.698614,22.212126,3.9387438,12.648425,3.9561229,19.979942,15.249003,7.80199,6.6227016,26.182608,12.51032,13.543029,26.10142,10.415189,19.086653,32.688408,18.610418,22.506367,17.608349,10.170644,6.684614,28.757751,27.930328,28.88245,21.53874,4.04248,12.261265,11.909353,28.630404,27.114752,25.310228,17.472086,11.822127,20.96016
1113,20.688164,24.60302,21.364595,10.184548,17.010546,27.825756,17.276236,11.167635,30.806143,22.503744,7.156086,25.669722,7.653975,18.822174,30.338991,34.07605,11.176161,17.882004,10.048873,20.412731,7.7030582,5.394036,23.000229,15.489512,14.270052,11.978146,29.308563,17.191324,19.36335,3.9191568,20.172945,23.626257,12.910064,11.686104,22.251337
1114,29.638317,26.551655,29.274069,23.207302,30.419943,14.670841,19.503956,8.637315,17.320501,4.7707877,8.163339,14.684688,7.981743,16.845304,17.181086,27.843138,23.992647,23.018269,16.46404,21.219538,15.613011,14.391911,26.045662,23.684656,15.577547,11.149308,13.014136,7.417343,11.707848,6.065871,25.338655,23.302223,11.041379,13.998054,19.94998
1115,33.09491,26.099083,32.06244,28.282085,31.188942,16.505457,19.450869,8.197143,18.444258,4.130936,6.2327576,15.033765,7.6173882,16.906038,17.335302,28.189814,23.680288,25.520655,15.93517,21.686766,15.844447,15.082773,26.070396,25.784962,14.457556,11.654494,13.574173,7.2457867,10.193521,4.699079,25.418058,23.634483,10.8719225,15.723658,20.64065
1116,20.725334,31.673687,22.529318,2.8849847,8.002671,1.1021955,20.659174,17.13904,4.2582,6.7773643,30.347984,12.20672,15.011737,28.931437,7.889518,15.635239,35.550426,19.592995,24.98472,17.494787,9.581831,5.9564786,29.595467,31.191463,31.342913,25.393055,0.92146933,13.380316,11.395298,34.770767,27.843012,26.089888,19.988028,12.414072,21.945084
1117,29.638348,26.473587,29.63511,22.966396,28.398846,9.755882,19.60941,9.270585,10.67504,1.3787293,9.302063,12.647569,9.003364,18.148626,11.97634,22.656963,27.063265,24.275227,19.36,20.576424,15.910442,14.866651,26.26476,27.44701,17.149742,13.77725,7.1809373,7.1782913,10.771093,9.510935,25.72065,23.642075,13.087767,15.21674,20.349602
1118,20.40138,23.748089,20.91181,9.765386,13.615672,30.868792,16.280424,11.659751,33.435677,24.564331,5.661052,27.601307,7.41063,19.627672,32.151405,34.903248,9.179032,18.063671,8.586,19.967869,5.6072793,3.4680033,22.160679,15.142124,14.533995,12.772657,32.17201,19.414753,19.759598,3.576409,18.919378,23.709057,13.301446,12.318226,22.919714
1119,28.905418,27.197483,29.368818,22.352768,30.757904,10.203792,20.622099,9.189473,11.45222,2.2727652,8.637247,13.54582,8.775096,17.474072,13.675029,24.495922,26.601746,23.89587,19.747414,21.90947,17.258524,16.127024,26.809807,25.927784,15.932803,12.509184,8.421728,6.976961,13.148306,7.5218806,26.253006,24.080084,13.087714,14.594568,20.685133
1120,31.707493,25.703491,30.956896,26.733112,29.904116,13.950208,19.212233,8.30509,15.475275,3.0264783,6.8901863,13.871937,7.842916,16.77961,15.256977,25.9547,24.231386,24.887127,16.662281,21.127522,15.815581,14.928695,25.679691,25.887888,14.643326,11.878058,11.020544,6.870906,10.212948,5.7153716,25.108397,23.207624,11.198288,15.456499,20.18694
1121,19.543503,30.792376,22.160637,5.9769845,28.307932,5.9312234,21.810211,11.83908,10.073142,3.8921165,15.944096,13.33455,10.582848,20.357399,14.187657,25.526342,31.037992,17.430176,23.330439,21.305305,16.21237,14.01774,28.686256,22.206034,23.2731,13.885441,7.9031143,8.883917,17.987465,15.556583,27.665367,24.852531,15.807469,9.880846,20.031925
1122,20.57594,31.363625,22.363651,3.1714547,10.907053,2.5750463,20.467731,16.174225,6.0250163,6.5911207,27.94346,12.443606,14.290373,27.532711,9.244174,17.584976,34.310307,19.115395,24.077042,17.713308,10.129457,6.6115756,29.339226,29.6136,30.235832,23.399529,2.5649548,12.869802,12.133593,31.434116,27.625132,25.865423,18.976807,12.128484,21.56648
1123,20.938568,30.229816,22.318302,4.932906,16.032394,5.3602214,19.64479,14.130765,9.481479,6.0082636,23.608276,12.536045,12.704782,24.564175,11.451411,20.885468,31.730745,18.203888,21.534187,17.73733,10.713926,7.527805,28.32816,26.401018,27.796705,19.524155,5.590369,11.403366,12.095805,25.281797,26.785383,24.809282,16.253944,11.459789,20.32588
1124,20.473545,30.406109,22.413301,4.598457,15.088308,2.8911166,20.301176,14.702295,5.809899,5.1278195,24.030622,12.195676,13.205934,25.19822,9.325826,18.249964,33.05385,18.940882,23.741064,18.170532,11.506267,8.569721,28.548183,27.977379,27.787502,21.02938,3.063235,11.501684,12.967024,26.804993,27.073307,25.176125,18.052628,11.809669,20.911673
1125,20.406973,30.070963,21.649181,3.6008644,9.71865,3.8562062,19.143927,15.5578,7.8041043,6.8391905,26.959824,12.105171,13.599507,26.599825,9.821442,18.08173,32.50022,18.2466,21.907362,16.688656,8.895478,5.3973203,28.13961,28.115124,29.587254,22.255146,3.6103046,12.618195,10.750315,30.293207,26.413101,24.746737,17.439499,11.837756,20.529657
1126,19.985659,23.709251,20.678549,9.4223995,12.681426,30.891024,16.47399,11.888814,33.164608,25.21256,5.4037094,28.088465,7.444305,19.773684,32.476463,34.87456,8.607724,18.219973,8.724199,20.316341,5.6409245,3.3576016,22.175407,15.215038,14.004236,12.907253,32.178993,19.900208,20.69865,3.3019395,18.829683,23.986134,13.754403,12.618992,23.348412
1127,20.528168,30.99789,22.254335,3.4723299,11.550589,2.8888001,20.27102,15.777837,6.379058,6.538229,27.238071,12.399235,13.994279,26.87753,9.494854,17.872047,33.608746,18.913671,23.505503,17.632313,10.192939,6.7013593,29.017384,28.946402,29.525501,22.660952,2.9336183,12.564822,12.01745,30.299194,27.35522,25.574896,18.401438,11.976902,21.293242
1128,30.274452,25.978777,29.696444,23.986185,28.830124,13.275632,18.921724,8.650751,15.231956,3.316861,8.3910265,13.645124,8.269198,17.196814,15.0050125,25.6518,24.618902,23.725607,16.658941,20.402592,15.046616,13.855836,25.741592,25.31604,16.134384,12.081915,10.816185,7.331314,10.26461,7.200546,25.087475,23.147528,11.207186,14.84354,19.881367
1129,20.465408,30.760977,22.085451,5.307432,25.002096,9.347936,20.404655,12.219979,15.032937,6.395293,18.578388,13.96669,10.957718,21.551317,16.337687,27.416449,29.877594,16.791878,20.324661,19.544012,13.188742,10.37353,28.559528,21.928856,25.642313,14.4962435,10.964738,10.291055,15.159941,17.81393,27.207932,24.671335,14.279071,9.893677,19.697195
1130,20.611282,31.550518,22.42923,2.8668625,7.5821934,0.69034004,20.646845,17.189716,3.7999103,6.776513,30.73638,12.066648,15.029845,28.9144,7.5833883,15.159305,35.558163,19.524727,24.986397,17.414757,9.516353,5.870134,29.450886,31.164356,31.173695,25.538801,0.5637692,13.262693,11.160654,35.1473,27.733921,25.928177,19.950394,12.28333,21.842909
1131,22.883408,30.363516,23.382975,6.912815,21.618294,10.49307,19.001139,12.646174,16.466576,7.2498255,21.655544,13.606898,11.857121,22.830406,15.562588,26.25588,29.735687,17.583384,18.086761,17.526142,10.504938,7.2840457,28.358551,23.643133,27.72116,16.300259,11.106174,11.007463,10.762424,20.942507,26.884718,24.490866,13.001208,10.876575,19.556297
1132,22.307014,29.824947,22.529463,5.7912726,17.065235,9.689269,18.073465,13.360623,15.683417,7.459959,23.478638,12.999138,12.201217,23.95302,14.340154,24.474373,30.036242,17.169605,17.747875,16.341763,8.716533,5.373186,27.816631,24.328697,29.064837,17.875221,9.888739,11.607428,9.327604,24.049686,26.177214,24.02519,13.289073,10.981882,19.22278
1133,20.486063,30.966206,22.204748,3.4929655,11.592882,2.9982467,20.283903,15.736807,6.574104,6.6354218,27.19111,12.453319,13.89853,26.757277,9.705444,18.071049,33.448185,18.841944,23.34444,17.680397,10.189292,6.6881666,28.980053,28.706593,29.336857,22.51363,3.1222281,12.512463,12.009304,30.11752,27.32614,25.5405,18.238157,11.90444,21.265562
1134,20.654099,29.926605,21.903755,4.3219757,11.525027,4.1408563,19.296354,15.017223,8.056609,6.6574183,26.046791,12.201023,13.28206,25.722345,10.230927,18.65342,31.859468,18.31041,21.493141,16.969769,9.465756,5.997597,28.055431,27.448242,28.481522,21.25591,4.071787,12.108304,10.865589,28.5108,26.440603,24.674673,16.773731,11.72794,20.445578
1135,21.841053,29.203716,22.809023,6.763267,15.919588,5.9734674,18.921162,13.545178,9.826776,5.9551277,22.722418,12.300759,12.426639,23.721796,11.213904,20.34793,30.341263,18.525425,20.196995,17.11937,10.310481,7.2221847,27.539944,26.209297,26.721516,18.91737,5.7870517,11.083685,10.733462,24.052643,26.107405,24.19785,15.275097,11.811144,19.912619
1136,20.650982,31.107218,22.32565,3.4217997,10.255788,2.7478018,20.25864,16.15358,6.199878,6.7347746,27.884998,12.4374695,14.20737,27.473425,9.292654,17.485073,33.942036,19.120152,23.708073,17.557133,9.858534,6.3408637,29.12978,29.527245,30.040976,23.37596,2.6448781,12.914757,11.836338,31.419739,27.407701,25.717497,18.791128,12.20981,21.487064
1137,20.962635,30.8715,22.31328,3.8791387,11.478865,3.965102,19.815699,15.624402,8.016585,6.810343,27.209423,12.428228,13.812318,26.7464,10.24351,18.898308,33.17027,18.660255,22.409859,17.31699,9.604788,6.0263667,28.889,28.409756,29.81327,22.203297,3.909935,12.564722,11.21158,30.034895,27.193846,25.356426,17.53828,11.945222,20.978258
1138,32.04627,26.430193,31.689854,27.146908,30.953661,11.892476,20.168695,8.647941,12.670466,1.7503233,7.123032,13.561209,8.374328,17.238401,13.699857,24.651466,25.895403,25.868633,18.578207,21.921041,17.087643,16.223879,26.493538,27.443207,14.808015,12.633079,8.844679,6.6234846,11.073278,6.239465,26.012995,23.978413,12.314733,16.044163,20.910622
1139,31.951199,25.574753,30.975952,26.923336,29.895378,15.408003,18.914537,8.135509,17.374338,3.762838,6.6684794,14.29758,7.614737,16.652134,16.41339,27.078907,23.478144,24.674362,15.727089,20.944546,15.326339,14.44983,25.522755,25.262264,14.633958,11.511856,12.544929,7.0843306,9.838747,5.2653556,24.895987,23.069078,10.653035,15.313393,20.042337
1140,33.257236,25.729004,32.035717,28.262383,30.751873,18.160614,18.8882,8.144441,20.177889,4.950754,5.8444905,15.767712,7.552437,17.010635,18.200573,28.73579,22.83284,25.393894,14.887336,21.155241,14.857692,14.206341,25.66175,25.356215,14.7512455,11.688446,15.321286,7.926152,9.700404,4.4421315,24.903723,23.462883,10.542572,15.65745,20.60391
1141,22.163433,29.825108,22.428782,6.0752153,17.661716,11.683197,18.287214,13.073882,18.015295,8.390664,21.66469,14.029793,11.443512,23.384983,16.639616,26.798145,28.790575,17.097805,17.21967,17.17857,9.026451,5.814326,27.826786,23.1132,27.942726,16.806183,12.143508,11.91666,10.661042,21.93847,26.119284,24.218714,13.052795,10.953633,19.487946
1142,27.179636,28.400604,27.386469,16.453304,26.628555,10.766467,19.514118,10.582329,13.883291,4.3341165,14.24625,13.4907,10.298239,19.840311,14.214002,24.989208,27.760227,21.601976,18.566254,19.557674,13.876935,11.894493,27.427826,25.45585,21.457886,14.374834,9.717325,8.940372,11.132843,13.397899,26.510977,24.2929,12.813378,13.493124,20.227917
1143,20.643215,31.021051,22.209568,3.2956576,8.602275,2.3571315,20.070951,16.511433,5.8103056,6.869648,28.790215,12.244233,14.375907,27.98406,8.826198,16.758377,34.21704,19.130203,23.726254,17.255573,9.320442,5.769719,29.025146,29.94792,30.524916,24.104816,2.1228087,13.134635,11.2342,32.821716,27.277563,25.608278,18.998552,12.278929,21.452463
1144,20.731812,31.388275,22.427328,3.2979388,11.043927,2.8016195,20.399866,16.132998,6.4030166,6.6240664,27.999758,12.4414625,14.262888,27.495037,9.419596,17.865726,34.26312,19.074633,23.822708,17.663237,10.032805,6.4777694,29.358768,29.491386,30.322855,23.27301,2.7871342,12.84034,11.900103,31.366106,27.647436,25.844397,18.729073,12.114206,21.505089
1145,22.412132,29.135199,23.758688,8.475287,18.061035,4.853871,19.596203,13.197361,7.512181,4.3724823,20.466688,12.17723,12.211188,23.172287,10.050108,19.372862,30.961237,19.718662,21.884302,18.146141,11.987019,9.475494,27.676846,27.172249,25.450382,18.871124,4.468031,10.521736,11.925461,22.365881,26.42832,24.513556,16.306091,12.449346,20.408682
1146,19.976597,31.01097,22.30535,4.1441627,18.352177,2.781143,21.026445,14.367114,5.9010615,4.616857,22.9219,12.379877,12.966591,24.519173,9.950207,19.5066,33.489307,18.613203,24.483356,19.042892,12.8884535,10.042685,29.001072,27.085123,27.423021,19.888548,3.5240202,11.03186,14.51901,25.112621,27.636053,25.43168,18.07458,11.294322,20.944868
1147,21.689865,30.601341,22.472956,5.031646,15.519925,7.6488724,19.193548,14.248017,13.098468,7.1823263,24.464968,13.05031,12.594242,24.968256,13.495982,23.348326,31.340359,17.79861,19.789389,17.386131,9.528634,6.04489,28.594551,25.649797,28.969948,19.169058,7.894482,11.885223,10.960327,25.682178,26.906393,24.889696,14.993751,11.39307,20.173122
1148,27.42123,28.554829,28.301235,19.160458,30.468481,10.036241,21.45074,9.9494915,12.234694,4.2423162,11.25082,14.399864,9.467666,17.895844,15.260302,25.854742,26.529295,22.778248,19.690731,22.29415,17.264908,15.334098,27.82343,24.538076,16.770353,12.201374,9.437427,7.779954,14.515235,8.589889,27.176855,24.87802,12.931216,13.803202,21.123798
1149,20.908283,30.937374,22.291422,3.6850293,10.654185,3.9551916,19.804777,15.859429,7.891806,6.9043903,27.288246,12.509377,13.944919,27.167824,10.133948,18.680134,33.363552,18.811256,22.72284,17.315603,9.454297,5.9047503,28.975327,28.87067,30.183693,22.67744,3.7412724,12.894916,11.456678,30.588034,27.20696,25.514269,18.029549,12.173349,21.168385
1150,29.999401,25.999523,29.677668,23.63311,28.520962,11.397297,19.070522,8.852654,12.706185,2.0067286,8.568508,12.938171,8.574828,17.618818,13.125483,23.806187,25.875097,24.042873,18.024197,20.317696,15.362543,14.375684,25.814049,26.512041,16.657627,13.007061,8.740402,7.15355,10.292671,8.3307085,25.215513,23.23848,12.182791,15.062325,19.99276
1151,21.973047,29.884604,22.375168,5.8836718,18.617935,11.210607,18.423525,12.923975,17.41966,7.9729576,21.48705,13.815501,11.483313,23.206823,16.245808,26.561619,29.058645,17.010757,17.60925,17.234869,9.431001,6.2488785,27.85973,23.148886,27.877071,16.626226,11.728373,11.639757,10.947091,21.648785,26.196522,24.18141,13.200209,10.793541,19.392372
1152,32.632397,25.818642,31.680244,27.783611,30.169144,14.486802,19.239338,8.283157,16.039524,3.0138686,6.8802843,13.989823,7.8738832,16.933485,15.458611,26.29372,24.327663,25.427172,16.441809,21.207136,15.768548,14.9025545,25.86718,26.371113,14.746321,12.038757,11.318001,6.8963337,9.703485,5.682796,25.298346,23.393843,11.025176,15.83511,20.376396
1153,22.102013,30.419893,22.399225,5.2178903,16.97191,10.319546,18.403284,13.648015,16.7584,7.6414104,23.41582,13.423208,11.991086,24.417936,15.396068,25.867533,30.583927,17.064621,18.114649,16.902542,8.738411,5.4055133,28.285118,24.162085,29.618572,17.980198,10.709875,11.959694,10.111574,24.310102,26.549711,24.429518,13.617835,10.911551,19.52021
1154,23.708714,26.956873,22.9959,10.192252,20.69267,15.599885,16.157562,10.629104,21.850842,8.270957,16.648996,14.023958,9.619279,19.997564,18.11696,28.129078,24.41338,16.8349,13.170981,15.877879,8.365641,5.870584,25.321182,20.320423,24.596676,13.329502,15.525486,10.737565,8.3019495,15.67094,23.863832,22.089205,9.842189,10.665617,17.781292
1155,18.58469,31.202892,22.033775,6.2554436,32.443825,5.211226,23.327414,11.267338,8.921721,3.4102128,13.236357,13.847867,9.873912,18.805023,15.047636,26.64032,30.728981,17.447128,24.918507,23.38639,19.067692,17.16295,29.030354,20.846985,20.618967,12.001271,8.006475,8.007681,21.391895,12.00145,28.254158,25.178076,16.398237,9.388506,20.379984
1156,20.640965,30.728352,22.157324,3.7267249,11.768304,3.6785755,19.896498,15.495292,7.469707,6.626971,26.697706,12.40234,13.728271,26.512804,10.038406,18.596125,33.019505,18.65067,22.706448,17.424667,9.899995,6.402836,28.773106,28.349783,29.377048,22.065048,3.6593356,12.464626,11.691369,29.544012,27.09716,25.321793,17.771046,11.905735,20.994669
1157,32.501747,25.906033,31.517382,27.54362,30.682743,16.396769,19.258917,8.194573,18.402899,4.3778434,6.402703,15.002425,7.6007447,16.770533,17.349806,28.015095,23.323326,25.06478,15.683915,21.426142,15.578159,14.738603,25.830872,25.296774,14.415247,11.488416,13.632054,7.3321123,10.232649,4.766539,25.170166,23.423723,10.738816,15.451579,20.438051
1158,25.527561,28.542295,26.348112,14.655347,26.987778,8.6513605,19.857054,10.718368,11.376888,2.6785865,13.496706,12.794325,10.177105,19.994257,12.743235,23.888771,29.333185,21.03834,20.591858,19.942356,14.642327,13.125768,27.405483,25.550932,21.904987,14.782789,7.9297214,8.508391,12.563326,14.00319,26.533472,24.183231,14.188737,12.942658,20.053553
1159,23.315472,29.583786,23.769423,8.203833,15.144054,7.3746433,19.012644,13.767451,11.823068,7.275602,23.893345,12.917187,12.6446705,23.9619,12.640201,21.643307,29.519115,19.16135,18.724096,17.198088,9.824741,6.1946826,28.03061,26.282276,26.672642,18.727234,7.0194473,11.587335,9.680607,24.174969,26.596125,24.695625,14.177246,12.479057,20.369223
1160,31.275974,26.279984,30.866884,26.1488,30.854763,13.101136,19.853754,8.497926,14.550266,2.5942347,6.887763,13.905533,7.9321713,16.886896,15.0929575,26.0601,25.091368,24.897491,17.69043,21.775524,16.603664,15.728531,26.169422,25.936295,14.740743,11.903662,10.485046,6.733532,11.287133,5.725668,25.626207,23.60128,11.712937,15.339611,20.47835
1161,31.359348,27.215769,31.45802,25.39743,30.167215,9.19287,20.74109,9.454773,9.300631,0.6481233,8.712481,12.943014,9.315586,18.481005,11.436655,22.333782,28.120888,26.130245,20.786522,21.793634,17.472858,16.503963,27.230644,29.373089,16.654942,14.303598,6.171227,7.090254,11.34093,9.044266,26.819807,24.656544,13.937021,16.398657,21.445425
1162,21.00256,30.873367,22.385078,4.1937575,15.236983,5.3269296,19.865,14.661997,9.749073,6.483087,25.079338,12.696951,13.197438,25.460852,11.577617,21.009212,32.44459,18.2548,21.811584,17.685856,10.406287,6.957415,28.876068,27.00653,28.96877,20.286758,5.566037,11.920486,12.01718,26.846937,27.240086,25.257015,16.608782,11.542064,20.653198
1163,22.808617,29.356367,23.098639,7.686451,21.236145,12.758447,18.3121,12.046262,18.700819,8.144327,19.28305,14.268354,11.010822,21.992664,17.102915,27.405624,27.680212,17.380587,16.903072,17.465462,10.106857,7.2471313,27.466694,22.516045,26.381226,15.336676,13.172974,11.224384,11.144514,18.725056,25.910154,23.929907,12.622553,10.857626,19.261852
1164,24.462158,29.726818,25.842379,13.665403,29.312796,9.677672,21.846651,10.807564,13.506696,6.9786997,15.4311285,15.109993,10.259689,18.129797,17.068335,27.078655,25.975048,20.186977,18.708862,21.802654,16.348557,13.326006,28.398209,21.584684,18.15964,11.632404,10.948286,8.644693,15.252817,10.657194,27.63182,25.092035,11.985707,11.811046,20.884214
1165,28.28082,28.294441,29.079319,21.3932,30.597721,10.27764,22.403624,9.79036,12.150979,6.250349,11.677896,15.520533,9.229454,16.334044,16.790497,26.0643,23.681341,23.611324,17.947117,23.10987,18.254385,15.4119,27.857487,23.326523,13.09147,10.562378,10.235943,7.7808933,14.146405,6.3160405,27.57533,25.220196,11.005182,14.332725,21.847155
1166,21.378368,25.796759,22.474487,11.917642,21.518936,22.954172,19.256388,10.658461,26.052368,19.264093,8.598452,23.241478,7.7906466,17.476065,27.761164,32.675083,13.839317,18.407967,12.465448,21.841915,11.349692,8.839371,24.301926,15.983234,12.587175,10.793169,24.783247,14.050952,19.428043,3.77933,22.153395,23.849539,12.483915,11.237301,21.89038
1167,27.092737,27.212729,27.501001,19.38052,27.58886,14.319408,20.29216,9.699475,16.745867,7.6426907,9.540134,16.263527,8.627631,17.595575,18.4826,27.796473,22.850481,22.19999,17.308346,21.892845,15.53918,13.671587,26.53093,22.882702,15.309689,11.713821,13.558111,9.102184,14.693574,6.908877,25.524736,24.201342,12.524377,13.709583,20.98019
1168,29.196482,26.658085,29.112196,21.84357,28.382639,10.900701,19.3373,9.288485,12.516035,2.3105195,9.7505665,13.021144,8.999518,18.167742,13.16014,23.91949,26.61989,23.499432,18.58366,20.301289,15.306626,14.144536,26.274624,26.406353,17.79519,13.374506,8.670321,7.5126543,10.839386,9.522551,25.617079,23.548212,12.616542,14.680348,20.101343
1169,20.205856,29.122883,21.409945,5.3140464,18.084612,8.591976,19.079924,12.745181,13.582717,7.5057964,20.33227,13.4812355,11.286166,22.218388,14.814704,24.190023,28.13606,16.972115,18.968767,17.926048,10.873941,7.7363944,27.274345,22.91827,25.08151,16.163288,9.328995,11.025726,13.076747,20.342916,25.756363,23.941566,14.277916,10.654798,19.51452
1170,20.775764,30.379871,22.150991,4.5289173,16.550346,5.4660416,19.663351,14.089984,9.896028,6.166061,23.982481,12.519711,12.736747,24.476847,11.705562,21.24794,31.762962,17.868282,21.324272,17.640987,10.700162,7.4027934,28.384605,26.003254,28.015863,19.265602,5.893297,11.333621,11.989392,25.31603,26.864365,24.74996,15.949252,11.151211,20.170525
1171,20.820652,30.65168,22.19934,3.9188516,10.161906,3.5670443,19.781698,15.823925,7.3775115,6.938514,27.4397,12.403122,13.834945,26.941118,9.900235,18.161293,33.0484,18.807222,22.539177,17.267742,9.414836,5.862913,28.714695,28.68318,29.585323,22.653254,3.42822,12.722055,11.1558,30.601788,27.009706,25.306475,17.835506,12.091047,21.080793
1172,29.550835,26.425808,28.965342,21.850817,28.014595,13.523227,18.59717,9.014666,16.063519,3.7721555,9.745456,13.637949,8.680772,17.906637,15.234567,26.022556,25.155733,22.90726,16.520193,19.7293,14.119454,12.752407,25.986313,25.11931,18.049435,12.533674,11.329845,7.966666,9.963245,8.802855,25.202913,23.252296,11.265704,14.43456,19.72389
1173,23.54973,29.831898,25.35532,13.189574,30.618586,9.297313,22.386969,10.650862,12.965197,6.6912217,14.145334,15.296383,9.846608,17.672068,17.357353,27.478806,26.094105,19.880398,19.686558,22.650194,17.397335,14.656235,28.400726,20.910559,17.270588,11.075708,10.966427,8.29411,16.956377,9.513611,27.6694,25.073494,12.599963,11.348154,20.896854
1174,26.369318,29.626442,27.510414,16.166676,28.902931,9.353317,21.58793,10.931943,11.949138,4.5821204,13.492075,14.397842,10.353075,19.592724,14.868967,25.584274,28.33416,22.147532,20.938126,21.929565,16.567684,14.502336,28.598965,25.373642,19.648392,13.836752,9.051407,8.7747965,14.912304,11.880246,27.757364,25.457434,14.29699,13.514307,21.39159
1175,20.699839,31.327127,22.577845,3.4287484,9.986668,1.6438308,20.580368,16.459055,4.5429673,6.2181134,28.21394,12.246992,14.501761,27.962309,8.224435,16.326733,34.91894,19.580444,24.880987,17.765196,10.200168,6.850781,29.353241,30.562145,30.375002,24.28366,1.4614393,12.942874,12.088673,32.41202,27.655247,25.947058,19.726833,12.447464,21.780622
1176,21.73474,30.6339,22.53877,5.089526,14.563224,7.210842,19.302582,14.513028,12.514878,7.3287826,25.027172,13.042496,12.760863,25.255768,13.190978,22.791977,31.445269,18.014912,19.966766,17.425291,9.447278,5.8993297,28.65678,26.029663,28.948187,19.635239,7.400757,12.024769,10.854034,26.386713,26.963703,24.998632,15.226673,11.567088,20.359486
1177,20.337105,23.929,20.931042,9.782676,14.03021,30.00635,16.621836,11.607299,32.568398,24.441214,6.128668,27.262348,7.5184355,19.42444,31.793066,34.601765,9.32759,18.067778,8.915576,20.207195,6.1592064,3.8530726,22.375744,15.267897,14.11775,12.579027,31.335045,18.976336,19.928143,3.5576725,19.204638,23.777855,13.285836,12.291407,22.897577
1178,20.745773,31.070978,22.375914,3.6770995,12.00721,3.2944736,20.242857,15.678724,6.9859347,6.600025,27.138737,12.46517,13.927346,26.75857,9.862857,18.42383,33.496494,18.879452,23.194057,17.665407,10.181453,6.649082,29.086147,28.725954,29.540485,22.381182,3.354285,12.504534,11.883222,29.959349,27.426857,25.593752,18.076895,11.964343,21.247816
1179,21.133923,30.584724,22.38698,4.538885,11.881668,4.5298586,19.765615,15.3037615,8.677788,7.031751,26.523575,12.609077,13.445026,26.131502,10.89407,19.513393,32.2975,18.654934,21.716925,17.483225,9.699653,6.124293,28.67043,27.720175,28.826,21.485464,4.545963,12.328698,11.175949,28.811165,27.019987,25.212252,16.903486,11.934412,20.89236
1180,19.81819,30.214788,23.345053,10.934321,35.743732,6.838777,24.321947,10.023384,9.768993,4.3945646,9.041552,15.288054,8.322517,15.930205,17.431744,28.328688,27.298223,18.676918,23.929514,25.632397,21.491478,19.90227,28.417683,18.723507,14.512857,9.104245,9.934201,6.8196707,23.300335,5.5425844,27.92281,24.990913,15.1758375,9.714237,20.811895
1181,21.795902,29.764824,23.2756,9.381064,29.639002,13.303151,20.95543,10.652026,18.704012,9.329056,14.7651415,16.329334,9.56318,18.45755,20.246595,30.129494,25.363556,17.27272,18.123585,21.11138,14.904386,12.463118,27.739044,18.811127,20.154911,11.275475,15.608913,9.418879,16.350964,10.973384,26.592981,24.201094,12.378051,9.420919,19.77265
1182,20.405064,30.888874,22.208965,5.313465,24.804983,7.391911,20.830069,12.46437,12.685694,6.041539,19.92909,13.487888,11.448896,21.592823,14.936003,25.719765,30.36912,17.036545,20.859571,19.56002,13.6290655,10.574122,28.719757,22.46457,25.296726,14.939996,9.123145,9.90046,14.849866,18.73386,27.500368,24.77057,14.37061,9.931696,19.830488
1183,30.676767,26.122478,30.352947,25.525032,30.67409,12.934817,19.827595,8.436675,14.489461,3.0346055,7.1395984,13.92819,7.8886256,16.55289,15.280021,25.996338,24.515385,24.430693,17.3702,21.66595,16.581493,15.556955,25.969109,25.25893,14.274881,11.500175,10.581131,6.67599,11.469148,5.4856534,25.447838,23.404993,11.439288,14.996127,20.292746
1184,22.790714,29.470947,22.451435,6.5233183,17.98942,15.043907,17.337084,12.671213,22.179287,9.829994,20.765612,14.851445,10.887993,23.085844,18.883162,29.077843,27.52313,16.536993,15.338433,16.62771,7.838538,4.834604,27.357738,21.826897,28.505829,16.141748,15.516101,12.385618,9.669058,20.939535,25.544798,23.745684,11.906378,10.630325,18.992558
1185,20.75706,31.557129,22.612707,3.2676609,10.068693,1.87223,20.695837,16.546822,5.0058603,6.541618,28.655043,12.401251,14.601431,28.065199,8.599885,16.71386,34.89629,19.53474,24.707375,17.801022,10.169115,6.655168,29.54504,30.451883,30.531849,24.217503,1.7731551,13.069124,12.0682,32.546764,27.834482,26.095045,19.568592,12.391338,21.872864
1186,20.547287,30.308891,22.032854,4.078517,12.611233,3.9330087,19.740103,15.022979,7.7355328,6.55466,25.888834,12.3583145,13.370738,25.70717,10.3014555,18.86777,32.212654,18.430653,22.11089,17.389286,10.060941,6.6031437,28.40104,27.555014,28.423588,21.19711,4.024849,12.056086,11.616895,28.179914,26.799082,24.988878,17.1213,11.6924515,20.696268
1187,29.423752,26.683506,29.34854,22.525394,29.502483,11.562285,19.58962,9.025035,13.253388,2.5932567,8.939989,13.382536,8.689279,17.673754,14.00289,24.857298,26.077011,23.6114,18.345505,20.812391,15.815035,14.667301,26.320515,25.882542,16.884008,12.648256,9.419494,7.295699,11.400806,8.1491785,25.68365,23.602072,12.304967,14.652602,20.180685
1188,23.01623,29.64505,24.276638,9.39099,19.501114,6.266622,20.362783,13.008027,9.586679,6.134521,20.797194,13.2322445,12.01463,22.258875,12.516055,21.702988,29.24407,19.861015,20.404003,19.052746,12.637665,9.45895,28.217297,25.666729,23.680609,17.224802,6.407736,10.493797,12.461929,20.259235,27.042927,25.03375,14.763875,12.449102,20.866589
1189,31.702656,26.135122,30.95285,26.369144,30.214191,14.527106,19.47599,8.430974,16.453678,3.870687,7.519007,14.327888,7.953668,16.850052,16.20676,26.888214,24.003094,24.703247,16.347332,21.334959,15.833188,14.719282,26.01735,25.43752,14.7220745,11.639713,11.905638,7.078952,10.458902,5.7007375,25.418436,23.465086,10.929261,15.286989,20.344704
1190,25.032784,27.897238,25.310127,15.44303,30.279663,17.865717,20.373676,9.299256,23.313486,13.584446,13.971239,18.293312,8.487363,15.667713,23.863653,31.676048,19.377735,18.282845,13.003564,21.095787,14.251574,11.528766,26.283619,16.22308,14.568417,8.895128,20.208046,8.741964,13.245376,6.2219186,25.381403,23.203144,8.427792,9.633351,19.571173
1191,31.969759,25.828127,31.143055,26.978716,30.03654,14.3028555,19.278849,8.315053,15.98454,3.2499225,7.0184565,14.023127,7.816594,16.794312,15.647066,26.400442,24.159456,24.963938,16.435663,21.22705,15.786414,14.845228,25.795319,25.804173,14.625078,11.799806,11.406628,6.895937,10.098884,5.6470532,25.223227,23.297194,10.984975,15.495484,20.254766
1192,28.892986,27.518549,29.507118,21.478271,28.398708,7.6902657,20.605867,10.049869,8.114234,0.8079011,10.365999,12.581947,9.692872,19.167078,10.760467,21.475712,29.03994,24.556799,21.731987,21.287891,16.820135,15.815974,27.17088,28.672068,18.163572,15.088132,5.4101963,7.468606,12.216872,11.3106785,26.6197,24.46042,14.868689,15.273454,21.067701
1193,29.549206,26.47752,29.57149,23.921326,30.692675,12.338676,20.185394,8.651692,14.071572,3.4509478,7.701773,14.096884,8.02729,16.515432,15.52926,26.119724,24.533112,23.792349,17.741875,21.904774,16.842255,15.635832,26.174831,24.536545,14.278709,11.2801895,10.526713,6.786352,12.492091,5.6347027,25.63582,23.554293,11.644618,14.495398,20.343735
1194,20.914295,30.994293,22.448675,4.017508,12.702723,4.182737,20.149271,15.402114,8.101257,6.79309,26.363697,12.703544,13.66323,26.367653,10.671653,19.432098,32.914463,18.802979,22.644487,17.792816,10.228033,6.7031846,29.04596,28.179638,29.16597,21.715315,4.2436657,12.43801,12.07053,28.834467,27.367002,25.576338,17.621098,11.983742,21.183514
1195,20.280727,30.713966,21.986605,3.4932437,14.15717,3.3001854,20.054842,14.990203,7.096444,6.0384874,26.061655,12.151088,13.542627,25.678888,9.879349,18.776073,33.045387,18.240839,22.832851,17.51643,10.621726,7.1845646,28.678082,27.59518,28.870882,21.131218,3.6413987,11.803681,11.982765,28.264513,27.143862,25.078392,17.377987,11.350725,20.63466
1196,21.046438,30.815071,22.414202,4.3916445,15.636955,5.470635,19.874195,14.52759,9.928744,6.459512,24.801645,12.722666,13.066223,25.229383,11.753874,21.244267,32.272194,18.221672,21.669043,17.766235,10.511905,7.0922637,28.821457,26.760414,28.691074,20.016378,5.761978,11.777181,12.042257,26.402142,27.210423,25.194988,16.418133,11.483768,20.590744
1197,22.093697,29.682894,22.69589,6.4015274,16.74548,8.39362,18.777948,13.412087,13.572204,7.316935,23.008043,13.057189,12.13174,23.614494,13.767913,23.379923,29.62106,17.839262,18.59148,17.153069,9.718888,6.3444943,27.84597,24.73273,27.235826,17.91095,8.570843,11.3529,10.463269,23.332891,26.299807,24.306187,13.933678,11.370743,19.758097
1198,22.492207,29.035995,24.056494,12.387328,31.560978,13.272529,21.667063,9.871881,18.08961,9.742231,12.873513,16.880045,8.797336,16.365644,21.058931,30.363594,23.052998,18.026274,17.2569,22.363926,16.528584,13.998767,27.29868,17.39325,15.87099,9.263256,15.847106,8.334043,17.136513,7.0315433,26.42708,24.000185,11.156886,9.607425,19.961552
1199,31.636862,25.642702,30.667479,26.348557,29.89193,15.947005,18.832731,8.16844,18.174652,4.202321,6.738615,14.570984,7.5670967,16.678675,16.997545,27.649353,23.283607,24.297516,15.445253,20.875418,15.074523,14.175066,25.491146,24.747246,14.866218,11.353918,13.311523,7.2878923,9.990881,5.2535625,24.818087,23.023706,10.521557,15.033305,19.95936
1200,22.263115,29.807007,22.427324,6.059922,18.30064,12.117038,18.09083,12.895283,18.649607,8.280524,21.479258,13.969446,11.354602,23.264133,16.831194,27.228004,28.81741,16.899635,16.948608,16.990921,8.897639,5.73189,27.763462,22.871311,28.242502,16.555658,12.589656,11.836079,10.38835,21.692108,26.057623,24.07432,12.76533,10.790501,19.265919
1201,20.826399,30.900488,22.283836,3.7637408,13.123039,4.211832,19.874617,15.25287,8.26976,6.5074735,26.356668,12.45224,13.672538,26.281986,10.454796,19.416798,33.073452,18.49511,22.479424,17.431744,10.045002,6.539666,28.906528,28.03224,29.598785,21.55059,4.2664657,12.308748,11.701945,28.866785,27.237196,25.337837,17.413849,11.766469,20.860296
1202,26.050205,27.822472,26.624979,17.653336,31.111883,14.173915,20.457535,9.245811,17.934336,7.2162504,10.35773,15.79567,8.397582,16.668459,19.151583,29.239086,23.627956,20.428295,16.915459,21.725143,15.957686,14.18963,26.660088,20.490173,16.042128,10.249672,14.629,7.948945,14.469896,6.5363355,25.850908,23.622149,11.208381,11.765827,19.891973
1203,20.70039,31.066208,22.24343,3.3938406,10.537556,3.221278,20.041079,16.025665,6.9637027,6.772682,27.766253,12.405636,14.102504,27.332777,9.633219,18.034616,33.78533,18.869114,23.254269,17.396656,9.650407,6.0988803,29.063492,29.147665,30.229609,23.044647,3.1220016,12.860516,11.572435,31.164082,27.329813,25.583181,18.38238,12.086023,21.272224
1204,24.25318,28.513924,26.043703,15.880556,31.679644,8.226338,21.840437,9.821345,10.415192,3.2773356,9.994939,13.977627,8.870637,17.251131,14.783002,25.56519,27.289673,20.98067,21.489508,22.850857,18.294052,16.880919,27.388294,22.72289,16.413216,11.545027,8.687181,7.126216,17.069513,8.084717,26.787636,24.280968,14.033755,12.122377,20.452614
1205,20.946056,29.172136,21.776436,5.367941,9.967565,5.0019016,18.687872,14.876063,9.181003,7.2566195,25.751146,12.200054,12.806559,25.273367,10.867131,18.991861,30.584251,18.132381,20.070953,16.671103,8.738172,5.214766,27.374275,26.64915,27.586369,20.770197,4.7498417,12.027245,9.96927,28.111837,25.783049,24.082739,15.833977,11.7833395,20.031794
1206,21.337616,30.438616,22.270117,4.738701,10.95021,5.592604,19.321424,15.357302,10.259002,7.4975977,26.519566,12.721228,13.23322,26.266382,11.696072,20.424656,31.939995,18.389656,20.859108,17.23574,8.983653,5.3609796,28.499619,27.313139,29.196823,21.359268,5.4603806,12.536419,10.678181,29.009302,26.76793,25.00822,16.423183,11.944088,20.66001
1207,22.400799,28.962572,23.185635,7.8279223,17.282585,6.7343173,18.75576,13.055703,10.695701,5.616173,21.546556,12.33775,12.024773,23.065596,11.704444,21.175037,29.879425,18.632793,19.600925,17.209242,10.489802,7.5423083,27.376549,25.729015,26.155315,18.080412,6.493702,10.713837,10.4952755,22.54339,26.005533,24.032454,14.611196,11.875435,19.722609
1208,27.49625,28.512665,28.127222,18.617313,28.349895,10.231887,21.47067,10.320606,12.759482,6.7842073,14.241356,15.164259,10.13716,17.43472,16.255243,25.45314,24.165941,22.57943,17.226784,21.472073,16.310556,13.094133,27.89589,23.406452,15.966844,11.546715,10.223673,8.677404,12.82224,9.061443,27.39657,25.146372,10.815625,13.961154,21.475357
1209,25.250103,26.321144,24.702883,14.380293,27.26973,24.619936,17.531797,9.3161955,29.932575,16.540642,11.512721,20.728004,8.137371,17.079737,26.501457,33.417072,17.173649,17.641499,10.380207,18.82095,9.978705,8.149583,24.49937,15.930283,17.385784,10.500698,26.385874,11.731403,11.904099,6.368429,22.924881,22.388622,8.882075,9.669003,19.314894
1210,22.322758,29.663784,22.5956,6.7047987,21.794043,14.086366,18.288853,11.989127,20.700525,8.997984,19.136316,14.8341875,10.710719,21.905302,18.650717,29.109652,27.450153,16.656738,16.47552,17.614702,9.866188,7.0195613,27.581345,21.400127,26.792767,14.837115,14.953445,11.446983,11.568149,18.333733,25.94836,23.928474,12.255917,10.289433,19.113909
1211,21.633522,28.901688,23.342398,7.818041,16.230707,2.9990127,19.751768,13.620158,4.8463755,3.8130238,20.848068,11.790703,12.417594,23.673302,8.408458,17.15739,31.672804,19.925327,23.236084,18.154617,12.071878,9.793699,27.465755,28.08628,25.398142,20.09702,2.5560822,10.608741,12.296247,23.82238,26.224653,24.466911,17.565384,12.532431,20.596487
1212,18.931984,31.251839,22.091368,5.780575,30.288555,5.054832,22.843271,11.750881,8.924326,3.7666886,15.229923,13.635943,10.477544,19.723997,14.423663,25.756374,31.095203,17.493162,24.398695,22.444876,17.82664,15.6392,29.087341,21.663532,22.028227,13.119755,7.610759,8.551846,19.830992,14.225916,28.218077,25.219421,16.247252,9.622513,20.388384
1213,29.089169,26.25959,28.406927,21.05253,27.512327,14.133484,18.202383,8.966048,17.078848,4.202866,9.930752,13.681793,8.540902,17.844824,15.762943,26.535297,24.749548,22.270142,15.873986,19.331024,13.499299,12.099218,25.722809,24.378365,18.372814,12.321771,12.099478,8.098395,9.6719675,8.933193,24.883305,22.959047,10.869864,14.02921,19.385374
1214,20.96473,29.46872,21.670824,5.0184245,13.174143,8.015172,18.5101,14.084331,13.2497,7.7279572,23.516161,13.078796,12.110404,24.479277,13.66346,22.773792,29.727144,17.436352,18.96069,16.97345,8.864071,5.490312,27.597744,24.922947,27.80862,18.880064,8.091719,12.082199,10.92704,25.139347,25.867708,24.222494,14.834327,11.3855,19.823416
1215,30.293894,26.180584,29.675566,24.08715,29.82679,14.689868,19.053122,8.497127,17.138414,3.9839158,7.718532,14.2344475,7.9078045,16.975164,16.509922,27.370838,24.186317,23.45303,16.28075,20.83379,15.216914,14.1217165,25.82537,24.44143,15.886367,11.462501,12.487454,7.3560724,10.829279,6.2557616,25.127222,23.156727,10.966101,14.504338,19.842619
1216,23.564095,30.768627,25.273851,10.338593,24.345034,6.2444024,21.713228,12.658504,9.419162,5.140112,18.880795,13.686081,11.837949,21.745462,13.153167,23.325184,30.41747,20.52938,22.070862,20.771976,14.972249,12.148386,29.269203,25.713284,23.209223,16.271591,6.787978,9.930301,14.598834,17.974936,28.257315,25.874022,15.3829565,12.522885,21.471008
1217,33.204197,25.848135,32.644295,29.165272,30.19908,10.7692375,21.57118,8.866778,9.694011,3.7199636,7.7898874,14.936341,8.96555,15.755761,13.827184,21.847971,22.263206,27.839796,16.940044,21.04634,18.684048,15.623027,26.903915,28.781174,11.480339,10.9758835,8.006723,8.703532,8.638866,5.0678306,27.45286,25.295938,9.993312,18.707184,22.795416
1218,21.194271,30.450115,22.210478,4.5616927,10.536506,5.1403003,19.39295,15.493167,9.635736,7.420223,26.77697,12.636295,13.350126,26.435358,11.308354,19.89988,32.138397,18.458267,21.181747,17.233156,9.017011,5.393559,28.510727,27.58888,29.25367,21.677961,4.9874005,12.59044,10.755327,29.449451,26.780731,25.042734,16.723984,11.977688,20.735209
1219,27.566597,28.607113,28.04621,17.429264,27.254128,9.324475,20.143522,10.686187,11.653516,3.040564,13.519274,13.18713,10.391337,20.060827,12.930438,23.875221,28.899298,22.55714,20.171593,20.280897,14.965558,13.248118,27.772476,26.832098,21.09806,14.9577055,7.991845,8.6186285,11.873457,13.425878,26.94232,24.693132,13.908929,14.088154,20.712744
1220,20.632534,29.375603,21.741768,4.791793,12.68476,4.924553,18.88356,14.367964,8.970984,6.464221,24.65069,12.14386,12.766745,24.792091,10.734388,19.37339,30.93162,17.956476,20.652931,16.805954,9.486432,6.1539197,27.556683,26.466097,27.68733,20.118204,4.873197,11.676041,10.767091,26.705622,25.98803,24.20347,15.977948,11.512798,19.963312
1221,20.691212,31.271223,22.421978,3.3558056,10.109997,2.4161644,20.412767,16.313044,5.769837,6.69304,28.248121,12.419384,14.360921,27.705145,9.0399065,17.184284,34.28203,19.263283,24.039711,17.625717,9.939987,6.4064465,29.278442,29.8601,30.230648,23.699726,2.3197033,12.981064,11.866475,31.897139,27.562548,25.850428,19.050991,12.268789,21.625032
1222,21.632257,30.319286,22.433577,5.27664,13.001182,7.00284,19.204483,14.702788,12.03605,7.6087537,25.075874,13.082553,12.757028,25.376318,12.981637,22.135328,31.032503,18.204336,19.935614,17.393698,9.222476,5.666039,28.427982,26.24322,28.528517,19.986927,7.025495,12.25087,10.869698,26.74569,26.712944,24.941456,15.472209,11.823053,20.480677
1223,20.659649,30.748863,22.066395,3.4714718,9.419943,3.122782,19.739626,16.092524,6.888165,6.862818,28.065348,12.233124,14.055361,27.39021,9.412964,17.601131,33.56459,18.763412,22.899498,17.077261,9.193904,5.6332955,28.76463,29.113754,30.2159,23.22984,2.9294202,12.894564,10.999022,31.662708,27.03133,25.31722,18.21996,12.07844,21.088022
1224,30.771364,25.37639,29.90745,25.126518,28.58529,14.214015,18.530125,8.299726,16.254187,3.6453593,7.763111,13.738745,7.881098,16.696682,15.530264,25.991417,23.55479,23.813362,15.615943,20.209255,14.71647,13.587126,25.237404,24.858208,15.255817,11.60779,11.565205,7.152646,9.557711,6.322044,24.608227,22.741796,10.500937,14.895655,19.626482
1225,21.350084,29.557007,22.139832,5.711305,14.072493,7.2312045,18.904121,13.984597,12.156802,7.454327,23.788126,12.973494,12.227302,24.144875,13.1684885,22.212194,29.768711,17.848356,19.113712,17.244623,9.430434,5.977777,27.745708,25.080238,27.049076,18.754946,7.415634,11.655557,10.7734585,24.740063,26.144485,24.361814,14.603026,11.485186,20.000692
1226,28.2374,26.78899,28.604534,20.704739,27.086544,8.668712,19.878632,9.806575,9.591077,2.1912332,10.801836,12.828127,9.531988,18.447596,11.768218,21.843367,26.962671,23.605146,19.689785,20.377811,15.777384,14.316265,26.461376,27.063793,17.54237,14.02606,6.636518,7.753066,11.453413,10.655141,25.892754,23.878109,13.43272,14.862942,20.538046
1227,20.762802,32.02369,22.695621,2.7797353,9.358915,1.3642826,20.944683,17.027496,4.527568,6.6346397,29.808867,12.397499,15.002237,28.835947,8.241725,16.302074,35.768536,19.676687,25.32373,17.835032,10.070765,6.4686694,29.929173,31.165264,31.417278,25.082052,1.2691642,13.36737,12.061123,34.049545,28.17156,26.395086,20.132729,12.449035,22.13664
1228,31.46098,25.766064,30.58904,26.072609,29.612434,14.715507,18.98903,8.30429,16.77499,3.6750956,7.3306894,14.088545,7.7824554,16.762491,16.105566,26.817947,23.814508,24.351841,15.909702,20.871761,15.281451,14.24407,25.640888,25.134472,14.990097,11.569011,12.03069,7.0762453,9.955311,5.815109,25.023466,23.109148,10.652012,15.137607,19.990171
1229,31.130241,25.411388,30.124956,25.50735,28.831799,15.133083,18.435953,8.207942,17.417059,3.7607603,7.335292,14.001031,7.6738987,16.709757,16.227177,26.865227,23.446003,23.8892,15.276716,20.275291,14.548633,13.518965,25.269577,24.68573,15.393512,11.471995,12.477466,7.2625437,9.394928,6.00566,24.610434,22.778307,10.281114,14.945081,19.645868
1230,21.270054,30.768156,22.5324,4.658948,14.366861,5.584643,19.833048,14.774979,10.041856,6.8982563,25.26802,12.865702,13.154641,25.507166,11.867814,21.083282,32.041103,18.444908,21.424362,17.738422,10.183965,6.6780777,28.828262,26.990307,28.653042,20.370758,5.7553086,12.054105,11.75742,26.962826,27.18154,25.28174,16.418,11.743994,20.767654
1231,20.463932,31.137125,22.146929,2.9511883,7.231036,1.2606459,20.244253,16.989622,4.477506,6.8948565,30.062988,12.045446,14.741089,28.600653,7.922376,15.477978,34.907677,19.262001,24.399315,17.18491,9.193802,5.598851,29.078228,30.660633,30.909445,25.117924,1.0302848,13.266968,11.039147,34.551086,27.33677,25.62771,19.620779,12.253679,21.57679
1232,20.510937,30.989197,22.11879,3.2338767,11.055593,3.1790652,20.013502,15.865743,6.8818383,6.609207,27.430227,12.337508,14.03558,27.111002,9.576423,18.048733,33.711216,18.728802,23.299873,17.37489,9.794101,6.279816,28.979935,28.961676,30.096779,22.796299,3.121267,12.727062,11.752928,30.747875,27.260462,25.493246,18.354404,11.959987,21.16018
1233,32.881756,26.083557,31.912848,28.05341,30.882242,15.562655,19.485527,8.249003,17.371504,3.711619,6.5881987,14.589578,7.738492,16.894217,16.607895,27.477432,23.981527,25.487291,16.250248,21.611618,15.980564,15.132225,26.08337,26.015743,14.490254,11.760256,12.559055,7.0479145,10.142087,5.0792956,25.476316,23.597027,10.9651985,15.764151,20.569448
1234,21.460524,29.61124,23.977896,13.324693,34.527153,11.4100275,23.919601,9.739407,15.695695,9.543297,10.987629,17.479858,7.946913,14.814683,21.934443,31.173302,22.708107,18.339054,19.168797,25.342522,19.937674,17.457525,27.811039,15.890769,11.750264,7.5394936,15.049986,7.116971,20.980974,3.9093797,27.249926,24.467352,11.833902,9.13736,20.644503
1235,20.577106,31.10125,22.430033,4.4927897,18.682163,4.990165,20.658636,14.10739,9.124133,5.704687,22.943884,12.884827,12.715,24.352245,11.934989,21.828472,32.4922,18.244106,22.786238,18.839273,12.208023,9.076817,29.068657,26.16315,27.61348,18.95153,5.720564,11.213783,13.917835,24.278603,27.60088,25.391779,16.837463,11.215481,20.728865
1236,32.249653,25.689743,31.204891,27.077976,30.330313,17.27375,18.89403,8.185696,19.401438,4.901056,6.2293177,15.388097,7.542142,16.81632,17.875887,28.357834,22.8395,24.720661,15.113353,21.073092,14.954971,14.174673,25.54034,24.814545,14.687374,11.442757,14.655743,7.733385,10.100534,4.709492,24.807037,23.24181,10.58504,15.225528,20.308481
1237,27.374065,28.921078,27.454918,15.630971,25.197807,10.387952,19.787367,11.161049,13.857456,6.089922,17.40568,13.949635,11.309222,20.08499,14.567779,24.515469,26.796244,21.598133,17.200188,18.944965,13.255506,10.150345,28.005108,25.305458,21.740772,14.360576,9.719201,9.716225,9.973935,14.655696,27.15256,24.90635,11.614169,13.761976,20.73731
1238,31.039661,25.328793,30.136719,25.715063,29.693022,17.609648,18.60552,8.177814,19.83302,5.67484,6.074766,15.697433,7.341092,16.54179,18.385958,28.461637,22.029226,23.810303,14.70787,20.811935,14.525259,13.7539215,25.024796,23.627552,14.402467,11.09122,15.432508,7.9846716,10.564724,4.486839,24.242365,22.823076,10.504344,14.553328,19.981745
1239,20.62157,31.403967,22.490227,3.3386385,11.512204,2.3337595,20.629911,16.08207,5.6231647,6.366636,27.71849,12.41699,14.267591,27.368952,9.08175,17.474052,34.410088,19.235924,24.316133,17.884169,10.450864,6.986373,29.39135,29.65346,29.981283,23.305317,2.3805752,12.702345,12.304403,31.107054,27.721832,25.915014,19.03865,12.130747,21.618769
1240,28.007042,28.497437,28.656431,19.616432,29.60013,10.622452,21.17764,10.080787,12.794423,4.549598,11.544676,14.510056,9.631997,18.32368,15.303867,25.783443,26.47374,23.103317,19.415058,21.98804,16.746277,14.792925,27.834843,25.154453,17.259598,12.703876,9.69357,8.158875,13.893776,9.191435,27.120728,24.952227,13.006593,14.185417,21.2354
1241,25.312689,29.160124,26.922474,17.159609,31.780735,9.665246,22.812588,10.051603,12.476488,6.521267,12.043534,15.630867,9.191081,16.429598,17.602089,27.41959,24.726368,21.43805,19.310764,23.723038,18.636051,16.094683,28.101963,21.07047,14.1085005,10.190375,10.921093,7.55266,17.011898,6.652385,27.597939,25.053324,12.057366,12.283876,21.30144
1242,22.029697,29.996538,22.42642,5.7185183,16.304386,10.350536,18.447355,13.56599,16.287561,7.997067,22.614408,13.651567,11.908598,24.143991,15.390233,25.370575,29.675491,17.412003,18.160702,17.1066,9.00847,5.7292933,28.02414,24.293007,28.52459,17.878101,10.553477,12.092899,10.713607,23.555723,26.285055,24.425821,13.960974,11.260845,19.733118
1243,30.634802,26.178078,29.981451,24.408804,29.308859,13.966307,19.080334,8.629296,16.137238,3.747025,8.338325,13.993901,8.211051,17.14905,15.746495,26.469109,24.394444,23.842594,16.379282,20.66527,15.161143,13.913007,25.923943,25.106289,15.957104,11.844721,11.569435,7.371974,10.369099,6.7911563,25.25881,23.2979,10.980178,14.872501,20.009863
1244,22.718145,29.747288,22.876245,6.676944,15.638949,9.584517,18.277176,13.640771,15.33104,7.9131474,23.71824,13.2328615,12.204226,24.12525,14.436195,24.142336,29.63974,17.746445,17.676086,16.685726,8.715198,5.278746,27.853668,24.698605,28.330353,18.231407,9.611361,11.804209,9.333096,24.320005,26.222242,24.223452,13.417575,11.465134,19.6145
1245,32.59547,25.353,31.45687,27.726875,30.329311,17.84327,18.683702,8.036474,19.776384,4.9673915,5.6383305,15.584173,7.4122562,16.721573,17.970072,28.300766,22.42751,24.966932,14.799414,20.948254,14.762345,14.138866,25.269024,24.906517,14.371358,11.476264,15.078674,7.806528,9.82669,4.2696347,24.520874,23.115294,10.531972,15.365162,20.319912
1246,32.641117,25.808357,31.516453,27.401394,30.38443,17.226988,18.90446,8.20694,19.385466,4.645754,6.39854,15.287718,7.622553,16.949484,17.735489,28.362617,23.126806,24.96685,15.121012,21.046062,14.923269,14.120094,25.700802,25.15121,14.9722185,11.589499,14.496304,7.7246685,9.781109,4.9172163,24.978626,23.373835,10.49887,15.442425,20.393847
1247,20.541737,29.68126,21.929533,4.834387,14.7908325,4.800499,19.413342,14.106582,8.716832,6.2085266,23.946203,12.307848,12.637555,24.310183,10.978127,19.887238,31.09027,18.018074,21.193771,17.409332,10.413793,7.172047,27.820915,26.155724,27.101269,19.580423,5.046573,11.293481,11.670296,25.521616,26.326496,24.412582,16.06289,11.325111,20.103855
1248,24.69458,29.042282,24.744087,11.058649,23.46145,12.585822,18.835487,11.398837,18.10491,8.36391,19.096,14.440128,10.971059,20.43398,17.19589,27.162743,26.1,18.583658,15.586192,17.97815,11.178929,7.917318,27.47784,22.13942,23.590816,13.915666,12.987671,10.286772,10.188839,16.106611,26.243052,24.025177,10.833259,11.456538,19.543322
1249,20.672968,31.68955,22.598349,3.081888,10.491468,1.8240273,20.794388,16.53577,4.968969,6.43976,28.5904,12.406445,14.620395,28.079182,8.606874,16.83295,35.09861,19.49415,24.918552,17.88941,10.32053,6.824725,29.648022,30.45883,30.655294,24.196058,1.7769616,13.035957,12.289223,32.485928,27.934526,26.163116,19.680212,12.325612,21.895905
1250,30.4309,26.125137,30.185226,24.583138,29.415234,11.339427,19.53002,8.773943,12.42013,2.0672343,8.153552,13.191968,8.52324,17.316023,13.32333,23.972366,25.675325,24.537506,18.203094,20.910921,16.082077,15.055088,26.016987,26.57252,15.722757,12.688795,8.682325,6.9323473,10.806178,7.400308,25.470982,23.475996,12.15702,15.288199,20.305414
1251,21.532299,28.858746,21.640907,5.201708,14.296795,9.210626,17.180815,13.449864,14.94666,7.311552,23.44454,12.437811,12.099516,24.113394,13.347796,22.958307,29.587349,16.703018,17.486631,15.426883,7.714246,4.487576,26.903847,24.430088,29.226095,18.3896,9.040744,11.824598,8.718212,25.079967,25.203466,23.27931,13.579288,10.927868,18.68183
1252,20.722763,30.136673,22.226137,5.2594876,16.23103,5.797664,20.011885,13.970133,9.953496,6.738506,22.962742,13.0406475,12.380464,23.965418,12.486297,21.626892,30.622776,18.222649,21.196548,18.35307,11.21979,7.928575,28.28949,25.606031,26.340021,18.721775,6.2630506,11.351807,12.973047,23.918467,26.7812,24.90017,15.9939375,11.439286,20.52363
1253,20.612984,29.587166,21.905582,4.814479,13.983083,4.629354,19.17457,14.248958,8.47312,5.9851036,24.148798,12.124065,12.749873,24.645632,10.525109,19.411797,31.394238,18.07695,21.280956,17.134266,10.061656,6.8735986,27.745434,26.573198,27.629147,20.022614,4.681119,11.447359,11.299914,26.22691,26.216452,24.34697,16.27386,11.462799,20.053843
1254,22.670813,29.145475,22.523432,6.9478264,19.748116,14.812539,17.513659,12.131093,21.523687,9.685488,19.760433,14.832298,10.755802,22.218166,18.652918,28.697002,26.861305,16.568655,15.449951,16.810669,8.62921,5.76271,27.09779,21.482975,27.26931,15.41015,15.387413,11.829519,10.164377,19.315784,25.391743,23.55023,11.830304,10.44286,18.870314
1255,23.053488,29.238344,22.686888,7.1944876,20.58234,16.772501,17.325632,11.906371,23.936539,10.475683,18.985895,15.545513,10.40993,22.019644,20.294252,30.53239,26.237677,16.427471,14.637991,16.934937,8.352893,5.5477734,27.131256,20.738827,27.396769,14.828934,17.466904,12.152308,10.210529,18.25617,25.36139,23.606298,11.283069,10.365927,18.87511
1256,27.735588,28.221943,28.715937,19.356941,28.295277,7.1148233,21.014376,10.459229,7.9458575,1.2124996,11.456163,12.770166,9.994807,19.508032,11.102029,21.865223,29.571648,23.846733,22.263083,21.505848,16.876545,15.695252,27.646362,28.040442,18.928835,15.191185,5.4921765,7.761505,13.19633,12.14056,27.032675,24.806541,15.208393,14.701025,21.204641
1257,21.054058,31.211496,22.495914,3.7865808,13.16891,4.185238,20.047518,15.43053,8.340926,6.5768304,26.843536,12.518936,13.828945,26.572634,10.506662,19.557053,33.466618,18.63306,22.639202,17.543196,10.068092,6.5052147,29.182232,28.292225,29.972876,21.809149,4.2615237,12.39876,11.626011,29.34701,27.503992,25.54359,17.500181,11.827726,21.01549
1258,20.819971,30.155819,22.006601,4.2817836,11.362814,4.418163,19.331907,15.169742,8.536622,6.8203363,26.345245,12.311235,13.354602,26.005295,10.506499,19.042301,32.08849,18.339943,21.464836,17.01661,9.324978,5.811661,28.25262,27.559975,28.909264,21.431194,4.327929,12.266808,10.814313,28.887701,26.594381,24.821117,16.792297,11.785576,20.535791
1259,19.944618,23.814362,20.733006,9.712795,14.079517,29.168365,16.882587,11.527114,31.488699,24.26713,5.92983,27.040527,7.4723835,19.130116,31.39755,34.09355,9.140016,18.075726,9.32555,20.484798,6.7019773,4.3277755,22.325974,15.298336,13.305484,12.367709,30.48205,18.655167,20.511215,3.1527398,19.193932,23.753485,13.536063,12.293201,22.91837
1260,21.39645,30.672733,22.496778,4.756711,12.926063,5.6699443,19.638777,15.032078,10.251644,7.1976757,25.8581,12.859031,13.201515,25.85986,11.883134,20.902117,31.983988,18.47845,21.120033,17.545166,9.650277,6.0861917,28.74405,27.150053,28.908936,20.802895,5.718439,12.288318,11.236716,27.82604,27.054907,25.225494,16.36382,11.872656,20.775328
1261,22.99831,28.619455,22.897917,7.937683,18.861525,11.98214,17.41009,12.15687,17.872137,7.479559,20.216879,13.377537,11.048398,22.234703,15.755652,25.891167,27.740263,17.283535,16.13648,16.351276,8.873801,5.9444184,26.815247,22.91052,26.898737,15.9674835,11.975668,11.174072,9.168205,20.228909,25.28406,23.31064,12.086628,11.022139,18.746399
1262,22.329786,29.681995,23.491514,7.666247,18.904333,6.2816324,19.591238,13.191916,10.024133,5.3522215,21.205927,12.621365,12.159335,23.162529,11.788658,21.529997,30.679016,18.974022,20.829948,18.09531,11.6061325,8.728811,28.03312,26.036356,26.11142,18.104778,6.2887535,10.681446,11.852146,22.170275,26.698284,24.625587,15.353946,11.925503,20.232836
1263,23.40868,29.025244,24.495676,10.081165,20.772156,5.938498,19.485601,12.481998,8.809671,3.7530997,18.846865,12.193447,11.748017,22.322693,10.688633,20.694904,30.700203,19.930199,21.283634,18.3614,12.488062,10.211985,27.623058,26.65265,24.956635,17.706026,5.483631,9.920546,11.620125,20.268948,26.491602,24.356264,15.437633,12.50837,20.147427
1264,21.717361,31.331936,23.833042,7.7366986,27.41814,6.831481,21.846476,12.312728,10.967278,4.689242,17.640059,13.710249,11.384764,21.39465,14.288538,25.507702,31.285942,18.76859,22.774529,21.07017,15.61435,13.090399,29.393559,23.961582,24.2916,15.041066,8.185696,9.567265,16.45533,17.00727,28.314524,25.580833,15.663119,11.016046,20.746944
1265,21.00581,29.7754,22.077623,5.2090306,12.522999,5.9452157,19.282183,14.566927,10.339147,7.397502,24.647976,12.880075,12.637511,24.877142,12.179986,20.78819,30.467484,18.239574,20.276588,17.45032,9.59037,6.109088,27.974998,26.129702,27.284187,19.91766,6.026313,12.004688,11.278479,26.263239,26.34558,24.689497,15.746103,11.762738,20.455206
1266,20.633915,30.375854,22.011318,3.888121,10.356149,3.5528967,19.606558,15.61272,7.3163543,6.805464,27.06134,12.277116,13.696187,26.61572,9.804511,18.043554,32.73052,18.62548,22.337458,17.116028,9.400665,5.892521,28.458565,28.382627,29.28357,22.34199,3.420912,12.556747,11.093994,30.131952,26.777025,25.075321,17.641539,11.963861,20.870525
1267,22.201733,30.229816,22.573648,5.7123523,17.504356,10.456455,18.538609,13.4251175,16.628962,7.837322,22.787027,13.609688,11.898505,23.983624,15.552953,25.834713,29.951233,17.282158,18.039185,17.12481,9.142135,5.841768,28.183262,24.019901,28.730103,17.602322,10.8444,11.844471,10.473887,23.327188,26.48726,24.441004,13.568543,11.024293,19.6262
1268,32.77501,25.772387,31.687082,27.841515,30.545883,16.276648,19.06471,8.113812,18.244064,4.006861,6.4008813,14.740513,7.634178,16.791586,16.972061,27.716694,23.437664,25.206913,15.579512,21.180643,15.414917,14.599297,25.76445,25.599836,14.622442,11.591359,13.311276,7.256652,9.74102,4.9082923,25.11736,23.357794,10.62444,15.623573,20.355204
1269,20.912184,29.212576,22.491488,6.135408,15.42031,3.5707636,19.506695,13.868723,6.391249,4.7875,22.463488,11.899244,12.549623,23.919588,9.393196,18.201847,31.453213,18.862507,22.244804,17.64188,11.189681,8.414887,27.564568,27.062511,26.322435,19.81899,3.518969,10.92408,11.896404,24.791964,26.218958,24.356968,16.794662,11.860923,20.25584
1270,20.644196,30.55988,21.982243,3.6404965,9.538579,3.5794535,19.590696,15.919101,7.4624567,6.983945,27.595098,12.315756,13.845637,27.102417,9.816253,18.033325,33.099567,18.634598,22.482826,17.064035,9.119744,5.5733585,28.598675,28.684765,29.893555,22.828217,3.3878925,12.835749,11.018925,31.037712,26.85935,25.185495,17.902674,12.03973,20.965788
1271,23.0296,29.575737,22.55208,6.5429697,18.493538,14.967488,17.148653,12.577785,22.403612,9.200909,21.039125,14.471937,10.899766,23.113558,18.658487,29.31903,28.032238,16.409319,15.111716,16.334003,7.641383,4.6156387,27.428516,21.799393,29.146885,16.006159,15.415164,12.204646,9.009179,21.18529,25.64191,23.650003,11.475601,10.537025,18.743101
1272,22.377441,29.54839,22.968105,7.3859167,22.300375,11.584306,18.724077,11.989982,17.320421,7.2560916,19.00406,13.921968,10.998994,21.793371,16.426567,27.01488,28.342018,17.342196,17.770006,17.839298,10.876712,8.06971,27.62629,22.562283,26.141796,15.143434,12.17536,10.805525,11.847382,18.458248,26.15198,24.002043,12.9742,10.695527,19.26985
1273,31.525858,26.035477,30.862707,26.272446,30.144165,13.818495,19.465117,8.428151,15.516355,3.3014672,7.3981705,14.006168,7.979374,16.835663,15.520009,26.249046,24.33659,24.746212,16.721546,21.289476,15.960553,14.906508,25.947338,25.6898,14.749399,11.77842,11.121359,6.9253807,10.506237,5.839189,25.378607,23.407415,11.134038,15.33748,20.300114
1274,31.370523,25.727781,30.419764,25.818636,29.71239,15.887845,18.79816,8.239133,18.252302,4.3841996,7.1017685,14.569191,7.6552253,16.735163,17.068151,27.702263,23.285793,24.042093,15.369021,20.758991,14.933673,13.938529,25.52544,24.55291,15.113904,11.324761,13.372168,7.3820534,10.002285,5.504572,24.839174,23.019684,10.457457,14.889024,19.899284
1275,29.02622,26.72831,28.434732,20.481354,27.497158,13.839339,18.456423,9.253243,16.872007,4.337827,10.715713,13.757652,8.863738,18.248966,15.7091875,26.540562,25.267954,22.285667,16.22923,19.414421,13.535563,12.00564,26.127563,24.649216,18.987576,12.677846,11.930281,8.308067,9.831695,9.654447,25.261972,23.293262,11.118273,14.039135,19.61817
1276,32.25194,25.459274,31.180433,27.205215,30.206318,17.580706,18.740557,8.108752,19.613598,5.0416293,5.93063,15.5210285,7.4619255,16.723774,17.96817,28.303102,22.494726,24.723164,14.880431,20.954945,14.787279,14.07568,25.32713,24.702179,14.480758,11.409048,14.946266,7.8142147,10.009294,4.460511,24.58211,23.122467,10.534167,15.215159,20.27204
1277,32.890293,26.152224,32.03545,28.244793,30.943398,14.623661,19.721737,8.337982,16.135046,3.170021,6.65071,14.303215,7.821814,16.925894,15.883992,26.803005,24.46996,25.743317,16.81704,21.820778,16.35865,15.514952,26.191158,26.451874,14.332551,11.960149,11.543479,6.8272953,10.313467,5.2666745,25.63648,23.694008,11.239284,15.920549,20.689478
1278,22.221317,29.20874,22.632185,6.9054327,13.0979,7.305761,18.484884,14.024898,12.118516,7.5456142,24.321396,12.681471,12.40173,24.252138,12.651374,21.486996,29.525,18.217308,18.489256,16.75016,8.93828,5.3900046,27.49104,25.607328,27.135895,19.061844,7.0655665,11.686372,9.50037,25.37031,25.949854,24.107147,14.24557,11.873969,19.835196
1279,20.408936,30.706367,22.125029,3.4827602,10.619736,2.4786186,20.065973,15.857977,5.7025204,6.3708344,27.259508,12.19215,14.028074,27.005926,8.898658,17.055004,33.638866,18.965427,23.656712,17.401598,9.971489,6.572537,28.766644,29.263424,29.551346,23.03293,2.3692195,12.61863,11.811224,30.781546,27.100378,25.396082,18.673979,12.07701,21.21672
1280,20.263203,29.662834,21.890764,4.551728,13.1716385,3.3397865,19.575682,14.602427,6.5052314,5.7346497,24.419432,12.0228815,12.998828,25.005167,9.508463,18.006239,31.945219,18.473053,22.48039,17.437801,10.477389,7.3934827,27.848957,27.399632,27.44123,20.880344,3.3676684,11.557626,11.931869,27.070318,26.339346,24.56751,17.324753,11.666929,20.428064
1281,20.909096,31.180367,22.451185,3.8029768,13.875453,4.300849,20.164892,15.239805,8.400116,6.511039,26.24522,12.618904,13.66141,26.25152,10.743218,19.849297,33.239063,18.599346,22.698532,17.758738,10.386257,6.8740106,29.16198,27.998241,29.522255,21.429722,4.4693513,12.26285,12.086206,28.554285,27.501982,25.562578,17.471336,11.760846,21.033552
1282,30.018152,25.60985,29.284716,23.975883,28.883434,17.998034,18.667198,8.522716,20.417595,6.8499713,6.5808854,16.257427,7.4596105,16.8588,19.186533,28.964144,21.740047,23.137182,14.80069,20.886332,14.209066,13.253359,25.132149,23.032871,14.83796,11.234771,16.19763,8.594603,11.439116,4.93009,24.21766,22.983944,10.866408,14.186626,20.113024
1283,23.662184,29.019825,23.347286,7.959287,20.375208,13.087094,17.254494,12.083323,19.361296,8.079526,20.818558,13.662469,11.416345,22.41182,16.23316,26.549313,28.055746,17.144209,15.760024,15.969838,8.624788,5.7233033,27.079422,22.907887,28.114868,16.041245,13.191536,11.2988,8.429311,20.519516,25.53589,23.356432,11.731305,10.781717,18.602692
1284,20.624268,30.612217,22.277788,4.228553,15.094147,4.0317383,20.024378,14.681185,7.7435412,5.803851,24.68183,12.370653,13.218438,25.317175,10.381696,19.56044,32.75798,18.46695,22.737629,17.835337,10.893918,7.6724944,28.661133,27.411846,28.455261,20.639963,4.2622614,11.689701,12.424171,26.94253,27.11106,25.137083,17.286766,11.588811,20.688826
1285,25.783714,28.864841,26.61016,15.9906435,29.102678,11.41351,21.215197,10.279286,15.230694,7.622,14.448894,15.451238,9.822603,17.46805,17.895063,27.607477,24.313728,20.677752,17.028675,21.4983,15.786337,12.839518,27.758633,21.239096,16.885582,11.024178,12.235552,8.490851,14.00904,9.134348,26.994734,24.649982,10.877019,12.220905,20.686419
1286,22.506779,29.337631,22.63043,6.97462,20.009937,13.517604,17.999502,12.237526,19.889376,9.041801,19.897749,14.547817,10.941191,22.235943,17.846163,27.928167,27.367912,16.87776,16.28041,17.17965,9.319898,6.396967,27.346092,21.971558,26.878542,15.525497,14.099001,11.572912,10.744248,19.41689,25.701342,23.788893,12.304225,10.592308,19.108969
1287,27.40574,29.02937,28.340038,18.525063,29.474377,9.579068,21.947622,10.446971,11.830113,5.6919026,13.447258,14.964375,10.133519,17.928717,15.655734,25.450932,25.72852,22.888462,18.95691,22.193419,17.140732,14.383033,28.326702,24.258783,16.55531,12.136879,9.464748,8.449986,14.054081,9.306675,27.784864,25.45909,12.142288,14.007214,21.701992
1288,20.50352,31.123856,22.25501,3.1621249,9.239249,1.9459333,20.317127,16.462406,5.1462026,6.645672,28.610548,12.247064,14.450385,27.90201,8.543013,16.46314,34.414257,19.243073,24.214106,17.434656,9.742261,6.2263284,29.12854,30.1139,30.344898,24.09773,1.7940842,13.04814,11.671936,32.581886,27.41206,25.730616,19.292528,12.261461,21.579935
1289,30.449108,25.528128,29.868149,24.849201,28.92244,13.007051,18.840792,8.428173,14.582767,2.8442645,7.5536532,13.443689,8.051361,16.85164,14.515536,25.05112,24.381527,24.014833,16.762356,20.462837,15.310283,14.310547,25.401196,25.474895,15.380181,11.975939,10.324858,7.0272675,10.222501,6.591547,24.806696,22.904596,11.290549,14.99498,19.793205
1290,21.209393,29.864393,23.876524,13.383866,34.89301,11.655749,24.556417,9.811661,16.037733,10.740272,11.230436,18.109762,7.7976465,14.4087925,23.006208,31.786991,21.898342,18.249659,19.068567,26.090996,20.538616,17.882832,27.9915,15.0396185,10.489546,7.030834,15.771136,7.081543,21.723364,3.228111,27.490509,24.64053,11.668009,8.836044,20.911383
1291,20.60672,31.542805,22.41052,2.9134507,9.356149,1.8789859,20.532677,16.697987,5.1456556,6.6543694,29.049444,12.328934,14.673833,28.330057,8.540301,16.602663,35.017498,19.364254,24.637806,17.575798,9.8223915,6.269008,29.494255,30.513374,30.969994,24.473515,1.7355715,13.2316,11.856279,33.18451,27.741547,26.022755,19.631039,12.3321495,21.791674
1292,21.363453,30.0499,22.36487,5.3900323,13.175608,6.0461392,19.37764,14.57228,10.585268,7.2970433,24.943327,12.870269,12.756751,24.99523,12.227306,21.07463,30.840464,18.32817,20.290968,17.478123,9.661504,6.143002,28.212234,26.28941,27.664082,19.931602,6.143557,11.940878,11.042429,26.404459,26.597918,24.809523,15.627929,11.763456,20.47926
1293,20.990345,29.616764,22.324844,5.460537,15.076765,4.761539,19.318024,14.051648,8.386342,5.6508255,23.380413,12.196817,12.674064,24.398806,10.51237,19.572802,31.44154,18.414597,21.505527,17.394703,10.502169,7.461208,27.837116,26.72667,27.337618,19.801506,4.751699,11.287063,11.564483,25.421768,26.347185,24.4664,16.352213,11.654512,20.172998
1294,23.320797,28.515322,23.588394,10.632842,28.542095,18.680304,18.889908,9.976075,25.002275,12.306388,14.524096,17.593369,9.0938835,18.162508,23.067194,32.1698,22.46349,16.671091,14.243896,19.268488,12.002152,9.753121,26.452843,17.378664,20.769703,10.967524,20.65383,10.261905,13.152117,10.226411,25.076555,23.116457,10.244499,9.076499,18.898474
1295,24.193317,29.944801,25.263758,10.88217,25.791742,8.234038,20.175623,11.801264,11.977485,4.256406,17.288654,13.122044,11.3791065,21.37689,13.251113,24.264221,30.348763,19.822533,20.775625,19.393608,13.817927,11.54362,28.393085,25.262249,24.645514,15.674298,8.315437,9.60733,12.798424,17.22524,27.34039,24.827652,14.498401,12.144846,20.251787
1296,23.519144,28.178034,24.567749,10.987906,19.572456,5.1588893,19.20846,12.295289,7.302702,3.3384566,18.321867,11.869318,11.618501,21.950506,9.621751,19.025719,30.0235,20.364761,21.164024,18.049255,12.406322,10.229897,27.002422,27.091526,23.89766,17.857924,4.38706,9.780344,10.985692,20.031296,25.985697,24.00847,15.426345,12.92621,20.093596
1297,21.340555,30.940788,22.855904,5.162206,17.39332,5.5961905,20.269764,14.257825,9.772355,6.119339,23.555542,12.935949,12.890233,24.774038,11.956554,21.682465,32.264366,18.595493,22.138016,18.406027,11.430503,8.224258,28.99908,26.719114,28.008717,19.502674,5.9454865,11.509603,12.882233,25.022966,27.456823,25.389267,16.611671,11.629683,20.788435
1298,21.46865,29.003212,23.054338,7.3038926,16.065037,3.4547374,19.60671,13.636094,5.812123,4.2815776,21.468843,11.86851,12.41639,23.633535,9.031888,17.846724,31.378523,19.470528,22.532478,17.91688,11.666596,9.128852,27.494244,27.484577,25.666603,19.750462,3.1872983,10.703532,11.982203,23.95353,26.224775,24.402422,16.964256,12.266581,20.415936
1299,21.158937,30.481834,22.278284,5.2713127,20.441067,9.085488,19.597475,13.01641,14.682511,7.0665345,21.215946,13.615938,11.710529,23.051344,15.237123,25.649635,30.066044,17.229507,19.631714,18.282328,11.214473,8.04147,28.414928,23.60973,27.108198,16.547033,9.9400015,11.123232,12.961143,21.211048,26.873213,24.668186,14.414077,10.644708,19.831558
1300,22.17245,29.680042,22.45466,6.288003,18.99947,12.158622,18.23736,12.675752,18.465162,8.329491,20.794062,14.092934,11.248686,22.876516,16.92781,27.220772,28.410398,16.97403,17.077717,17.225807,9.350037,6.2496133,27.680737,22.712498,27.545872,16.177765,12.660375,11.683616,10.92587,20.783335,26.009207,24.059702,12.86735,10.783094,19.303436
1301,20.75661,30.33238,22.272726,4.695341,16.077085,4.7441826,19.786604,14.24422,8.6690445,5.676957,23.73345,12.392964,12.819086,24.701347,10.93408,20.359219,32.202995,18.256708,22.083153,17.80667,10.912513,7.78887,28.404274,26.674416,27.97815,19.818348,5.0154243,11.376829,12.2859745,25.666279,26.88557,24.869741,16.628279,11.435114,20.389277
1302,20.481964,29.832115,21.550016,3.9172504,7.416416,3.6267533,18.941204,15.981501,7.562582,7.247649,27.759264,11.979816,13.610667,27.059874,9.580081,17.420387,32.454113,18.331455,21.743599,16.530367,8.303429,4.7585745,27.897198,28.421127,29.61037,22.968884,3.1666646,12.833497,10.196325,31.655735,26.152145,24.54393,17.606964,11.996569,20.498144
1303,21.735859,30.236076,22.536676,5.4618516,16.760324,7.7375417,19.0622,13.775128,12.940153,6.9005604,23.573921,12.922609,12.424386,24.30194,13.315297,23.192907,30.835636,17.771374,19.61232,17.293,9.873616,6.5048995,28.281532,25.34552,28.285913,18.560368,7.959166,11.514768,10.989763,24.454596,26.673452,24.61276,14.739495,11.289072,19.930918
1304,24.25592,27.654804,24.954775,15.347242,29.925892,15.815287,20.644258,9.3423815,20.590542,11.621637,12.602212,17.508137,8.239073,15.5367985,22.3534,30.582375,20.190908,18.561264,14.43957,21.621248,15.160065,12.628546,26.177547,16.758173,13.935264,8.880495,17.931295,8.379102,14.638533,5.846102,25.333357,23.218561,9.417599,10.001287,19.660265
1305,20.51109,30.741657,22.351387,3.8755932,11.747,2.2743855,20.298918,15.654211,5.2334476,5.9237285,26.517664,12.189817,13.8860235,26.681742,8.763066,17.09353,33.787926,19.174122,24.063858,17.763195,10.525338,7.2947063,28.830704,29.262856,29.102524,22.80661,2.230367,12.325492,12.236969,29.997128,27.223701,25.46969,18.800335,12.120249,21.29118
1306,30.878475,27.125486,31.011444,25.393354,30.30829,10.122874,22.06576,9.396916,10.324102,4.8041735,9.952238,15.134183,9.247673,16.108326,14.90734,23.496315,23.09751,25.948303,17.543697,22.028942,18.56068,15.475964,27.482735,26.457012,12.391214,10.863992,8.625311,8.326259,11.231404,5.864474,27.664675,25.391283,10.491271,16.782082,22.45893
1307,25.495903,24.29866,25.38494,17.746477,22.043024,23.491604,17.425116,9.683045,25.536154,14.653684,5.3798676,21.175215,7.327343,17.793669,24.50974,31.025923,15.642357,20.891079,12.196061,20.43716,10.495318,9.127222,23.396427,19.646587,14.022259,11.862217,22.864328,13.233912,15.437034,3.6548114,21.432007,23.047855,12.29328,13.433723,21.252377
1308,21.161652,30.620335,22.226679,4.207372,11.106064,5.1281095,19.376825,15.465889,9.614831,7.1524982,26.704365,12.576709,13.4998,26.592098,11.118958,19.92152,32.53329,18.42664,21.47601,17.128794,9.074989,5.4994025,28.661621,27.846146,29.827587,21.758797,4.937651,12.654982,10.890104,29.518057,26.89979,25.145666,16.950233,11.974564,20.739767
1309,20.509525,30.792997,22.4157,3.8684084,11.264169,1.8942119,20.428907,15.826369,4.6857653,5.941224,26.836971,12.192884,13.99982,26.903313,8.4765005,16.639605,33.98691,19.351421,24.36568,17.82982,10.557106,7.342918,28.890312,29.605831,29.113226,23.188084,1.8455498,12.401989,12.276204,30.480627,27.283268,25.56175,19.090885,12.21871,21.443598
1310,20.564087,31.134075,22.27229,3.321831,11.163029,2.7630308,20.27796,15.954364,6.288571,6.522018,27.630535,12.353426,14.124823,27.199295,9.342088,17.732845,33.95332,18.951588,23.67653,17.576294,10.056291,6.5449796,29.127457,29.23778,29.960861,23.011166,2.757944,12.694725,11.904314,30.92333,27.44082,25.652895,18.593601,12.023014,21.350542
1311,21.052021,30.983168,23.66162,8.082979,28.02792,5.0145454,22.347738,12.121221,8.180401,3.3728766,16.080326,13.342972,11.003072,20.791279,13.000746,24.068344,31.644346,19.112513,24.28425,21.84291,16.854826,14.786428,29.124355,24.095585,22.822723,14.976812,6.49271,8.952602,17.69242,16.0211,28.21586,25.472506,16.553509,11.046856,20.870586
1312,26.179758,28.485474,27.057585,15.592666,25.398808,6.8829722,20.138521,11.146138,8.737775,2.193463,14.568934,12.439098,10.760211,20.5144,10.995009,21.569294,29.832706,22.145792,21.318537,19.891777,14.779882,13.100504,27.588837,27.257122,21.672615,15.984735,5.7558107,8.636063,11.958271,15.333363,26.793749,24.55702,14.79618,13.826807,20.628061
1313,33.042294,25.727177,31.85203,27.981377,30.692139,18.144793,18.850965,8.1604805,20.188694,4.949039,5.79057,15.745202,7.5276976,17.02867,18.207743,28.762571,22.882269,25.235811,14.96668,21.133904,14.822492,14.197866,25.625431,25.249031,14.866472,11.682011,15.339879,7.949457,9.826511,4.5061445,24.854418,23.413115,10.631071,15.553098,20.540976
1314,20.698423,31.243471,22.37376,3.4359958,11.811816,3.1081688,20.325682,15.840228,6.7930527,6.5560284,27.440447,12.450552,14.055604,27.047695,9.711025,18.287155,33.872547,18.917612,23.493904,17.681835,10.162959,6.6257653,29.227802,29.00386,29.917252,22.701967,3.1591735,12.6202755,11.957434,30.47114,27.545296,25.710848,18.350225,11.984455,21.342505
1315,30.515526,25.510204,30.075876,25.29459,29.129833,12.3178,19.164957,8.443847,13.511051,2.6610513,7.431533,13.401236,8.107643,16.703081,14.06515,24.4422,24.389633,24.371181,17.192951,20.785294,15.847452,14.828035,25.460152,25.771912,14.682629,12.008656,9.595245,6.8299036,10.57974,6.3028607,24.921051,23.022493,11.534295,15.174175,20.006151
1316,22.176624,30.259398,23.018175,6.5270424,20.24265,9.2176695,19.35775,12.966958,14.597547,7.013319,21.533888,13.495492,11.870936,23.070793,14.794501,25.091724,29.918837,17.79935,19.141357,17.961374,10.908791,7.740349,28.315178,24.169374,27.056536,16.868753,9.750883,11.050777,11.809791,21.404154,26.819315,24.618998,14.030704,11.064672,19.868753
1317,21.877354,30.432224,22.406971,5.236615,13.834145,8.27768,18.881992,14.487429,14.014243,7.8095164,24.919008,13.2270355,12.512022,25.25447,14.002656,23.621056,30.962002,17.753164,19.104094,17.17379,8.788969,5.2400126,28.43132,25.505705,29.156376,19.442947,8.429507,12.2366,10.337287,26.381216,26.682186,24.777508,14.702802,11.506329,20.144972
1318,30.346014,26.55274,29.894829,24.217804,30.134304,14.661813,19.585405,8.687617,16.987604,4.3761578,7.7522006,14.648658,8.001788,17.095343,16.87496,27.611574,24.23632,23.752861,16.772242,21.425503,15.762206,14.614833,26.192326,24.590042,15.506252,11.536589,12.585935,7.494087,11.62516,6.089275,25.484795,23.549217,11.378255,14.624779,20.270174
1319,23.584099,29.482767,24.311932,9.794204,22.473354,11.160744,19.422812,12.031192,15.682919,7.2737956,17.901339,14.395738,11.145112,21.719778,15.922465,25.972218,27.99974,19.017462,18.772863,18.806677,12.057176,9.390217,27.905548,24.075798,24.488876,15.5392065,11.260754,10.914624,12.763351,17.41689,26.500265,24.616394,13.987819,11.924856,20.200842
1320,25.216621,28.733524,24.985317,11.844768,25.438496,15.269097,18.442648,10.737109,21.160162,9.651612,17.798582,15.362976,10.461942,19.658533,19.091051,28.886955,24.770191,18.23496,14.377579,17.88496,10.975986,8.036707,27.084183,20.894104,23.096672,12.95713,15.89946,10.261153,9.914116,14.1592655,25.826424,23.635923,10.010413,10.946821,19.19397
1321,32.857933,26.542494,32.15249,28.17472,31.624218,14.408967,20.13521,8.440971,15.925128,3.0319295,6.5798335,14.415212,7.8373513,17.007135,16.01707,27.140003,24.928259,25.860054,17.34221,22.295168,16.849716,16.01994,26.536,26.524069,14.34413,11.952051,11.464014,6.7610083,10.928648,5.164965,25.992926,23.97632,11.503882,15.919624,20.91392
1322,20.136063,30.536394,23.135895,8.745814,32.045612,5.9745903,22.833181,10.975408,9.2029085,3.0503054,12.1792755,13.790631,9.625096,18.721067,14.694347,26.227606,30.328928,18.450047,24.419521,23.228756,18.740385,17.197811,28.616283,21.725044,20.007595,12.311493,8.025697,7.823921,20.266018,11.384142,27.844328,24.95256,16.21262,10.183865,20.40067
1323,24.563768,28.932312,25.930244,15.603314,30.535572,11.035181,22.233591,10.046029,14.87656,8.513871,13.731779,16.13874,9.21695,16.187033,19.195467,28.427185,23.112225,20.151142,17.212067,22.785301,17.220661,14.162905,27.715557,19.26924,14.250924,9.571461,12.879439,7.9532166,15.924104,7.0573826,27.10585,24.628103,10.602255,11.377507,20.80319
1324,20.617588,30.937447,22.248384,3.556269,11.680931,3.2029834,20.117498,15.68491,6.8288574,6.558236,27.101503,12.380994,13.934103,26.78317,9.676876,18.166468,33.456814,18.815212,23.208128,17.525166,10.064679,6.558291,28.960724,28.773136,29.591446,22.459103,3.205821,12.539793,11.842137,30.090265,27.290972,25.493347,18.16206,11.959489,21.173567
1325,20.50297,29.855957,23.774813,11.332768,34.70142,6.2386146,23.544739,10.079984,8.653917,2.9382505,8.964471,14.393263,8.614642,16.731806,15.5151,26.724909,28.54377,19.198896,24.434013,24.712765,20.669708,19.483133,28.182873,20.505404,16.13196,10.423024,8.489321,6.89627,21.957384,7.027969,27.633747,24.814877,15.795473,10.34324,20.641123
1326,21.531284,28.67138,22.532866,7.03856,16.484352,5.832104,18.67644,13.137074,9.505303,5.2665095,21.449884,12.037603,11.939653,23.069473,10.974324,20.225857,30.069134,18.297466,20.158466,17.116924,10.478566,7.6744123,27.04116,25.66145,26.0111,18.367195,5.6716423,10.611685,10.855961,22.982948,25.669128,23.746273,15.114842,11.592832,19.534708
1327,20.713314,31.867758,22.638762,2.8749049,9.479536,1.3840652,20.87795,16.901655,4.5152106,6.5896063,29.571634,12.360162,14.901152,28.62247,8.246286,16.28066,35.538677,19.620037,25.177858,17.801039,10.09364,6.5132985,29.791897,30.97873,31.140223,24.87993,1.3024095,13.259035,12.028038,33.714314,28.05499,26.281218,19.987713,12.402093,22.045713
1328,24.833714,29.356365,25.74006,12.757436,26.988941,9.728632,20.07356,11.122944,13.311713,4.3208885,14.863674,13.571423,10.514217,20.415936,14.386185,25.493576,29.149578,20.195032,20.214424,19.990948,14.284119,12.397463,27.944748,24.578075,22.899801,14.608781,9.622758,9.224605,13.268475,14.606074,26.92488,24.55072,14.078784,12.334332,20.175638
1329,20.487158,30.32899,22.626112,5.0784693,15.80644,2.2197695,20.582172,14.599851,4.664228,4.517936,23.310308,12.11508,13.095456,24.924194,8.779952,17.668701,33.292366,19.277231,24.4067,18.535025,12.138663,9.442366,28.520859,28.171017,27.212591,21.024921,2.4519653,11.235337,13.410276,26.285488,27.13771,25.21774,18.422974,11.906924,21.047953
1330,19.721935,31.24243,22.449097,6.3104577,30.31953,6.699412,22.378407,11.646429,11.154382,4.406501,15.458866,13.90211,10.440099,19.88606,15.422828,26.969843,30.705267,17.421375,23.253029,22.017845,17.041895,14.782095,29.062813,21.491388,22.657764,12.982313,9.055012,8.744118,18.866163,14.234291,28.095491,25.122698,15.534509,9.654198,20.210522
1331,28.636059,26.684631,28.958609,21.41825,27.20442,8.42097,19.872866,9.729751,9.121779,1.567713,10.408205,12.592832,9.436377,18.500212,11.292865,21.519861,27.334948,23.9879,19.987366,20.46526,15.912071,14.62375,26.426132,27.588783,17.463123,14.270502,6.1514573,7.5407715,11.233153,10.662599,25.886446,23.861563,13.619889,15.103422,20.569132
1332,18.930475,31.15863,22.147505,6.0487947,30.959665,5.0884132,22.845922,11.565013,8.787435,3.290559,14.294368,13.551668,10.259822,19.557508,14.309108,25.853651,31.266485,17.574692,24.760386,22.645752,18.1213,16.175573,29.009338,21.71013,21.869331,12.999752,7.5433607,8.353412,20.203712,13.630681,28.151016,25.162855,16.491053,9.659445,20.345758
1333,21.812323,28.128107,22.176126,7.1241617,14.660867,8.635407,17.736124,12.950321,13.280974,7.3551917,21.615873,12.731363,11.675133,22.832623,13.255836,22.128971,27.748487,17.722586,17.486137,16.313665,8.99166,5.7594256,26.557415,24.351646,25.895899,17.460169,8.323303,11.3808155,9.788327,22.344398,25.038794,23.4104,13.556359,11.638245,19.216908
1334,22.100328,30.439194,22.983599,6.5140657,22.599987,10.201054,19.427584,12.545047,15.942001,6.8097095,20.245916,13.744373,11.482638,22.53209,15.730596,26.579605,29.947573,17.421396,19.102104,18.281158,11.418554,8.499274,28.36765,23.268131,27.092667,15.907415,11.036593,10.813874,12.4248905,19.950727,26.904703,24.525343,13.76387,10.609828,19.628248
1335,20.700882,31.445808,22.46148,3.2549813,11.278982,2.6629462,20.495409,16.129454,6.1776595,6.5614896,27.96036,12.444582,14.305427,27.482683,9.321565,17.773167,34.351738,19.123463,24.013012,17.736076,10.191085,6.6460524,29.414387,29.57299,30.284119,23.28469,2.670931,12.816875,12.066349,31.30913,27.7132,25.898643,18.85158,12.1176195,21.556082
1336,30.22459,26.62217,29.949842,24.246181,29.781479,13.503568,20.028353,8.850657,15.517204,4.639046,8.600607,14.6469,8.277771,16.8662,16.41733,26.697021,23.906857,23.993603,16.856525,21.63755,16.165257,14.682165,26.348324,24.625622,14.612873,11.481535,11.624454,7.399827,11.759165,6.122641,25.735304,23.78052,11.229833,14.773405,20.576405
1337,21.354408,29.927633,21.949884,4.9376483,12.244204,7.4063163,18.602604,14.611895,12.76253,7.618241,25.044025,12.8260765,12.556563,25.34799,13.050811,22.251566,30.82071,17.650114,19.32555,16.827574,8.517325,5.0019403,27.981895,25.797993,28.94524,19.882511,7.3460965,12.253349,10.250973,27.054422,26.227024,24.448103,15.114127,11.5447645,19.970848
1338,30.066853,25.598007,29.565813,24.273468,28.813595,12.9976635,18.884008,8.493131,14.660586,3.2159457,7.816121,13.560273,8.128666,16.836477,14.713325,25.129673,24.197039,23.739689,16.735054,20.443699,15.303925,14.196863,25.419209,25.186584,15.376249,11.866311,10.478899,7.142091,10.518785,6.6345,24.804209,22.910332,11.31956,14.810337,19.773813
1339,30.02605,26.361187,29.701485,24.126637,30.66,13.7774515,19.554728,8.526741,15.89056,3.474362,7.3145747,14.148501,7.89134,16.833181,16.043518,26.970665,24.664982,23.63343,17.201256,21.388817,16.068314,15.073514,26.003105,24.61005,15.403115,11.424838,11.696394,7.0603867,11.723515,5.9090905,25.367426,23.315533,11.482334,14.482394,20.02721
1340,32.381256,25.552433,31.267014,27.259243,30.081463,16.473429,18.749327,8.0871,18.548664,4.199966,6.4802732,14.7536745,7.606109,16.745413,17.050688,27.671955,23.13972,24.80752,15.191867,20.808542,14.958018,14.125795,25.49717,25.19577,14.820242,11.510453,13.615127,7.40703,9.544136,5.02507,24.821672,23.12961,10.432139,15.395216,20.133749
1341,19.95481,30.959372,21.782106,4.5675683,23.953453,7.965988,20.692327,12.612729,13.457827,6.223099,19.616493,13.676715,11.283319,21.963768,15.485551,26.355179,30.43955,16.781784,20.999308,19.59101,13.286056,10.27898,28.741413,22.415077,25.798613,15.09887,9.63745,10.31622,15.385547,18.99203,27.392933,24.83706,14.775879,9.916195,19.868708
1342,20.754116,29.472519,22.412252,5.6594253,14.747267,3.3850641,19.677736,14.173241,6.2137284,5.095031,23.11001,12.007798,12.768481,24.356176,9.381755,18.067219,31.719557,18.896961,22.54774,17.715847,11.114164,8.235606,27.786018,27.372524,26.666164,20.276299,3.3482985,11.188921,12.112818,25.563532,26.384382,24.57506,17.155586,11.906084,20.46843
1343,24.66679,29.621826,26.537294,16.552658,32.599865,9.98449,23.53221,10.130305,13.209442,7.622039,12.201741,16.363064,8.973724,15.944072,19.096003,28.738155,24.088554,20.994047,19.203533,24.579828,19.313553,16.557405,28.413334,19.672207,13.054913,9.341593,12.032217,7.526718,18.200247,5.777695,27.946892,25.293404,11.764368,11.711439,21.512197
1344,20.504133,29.800652,23.28404,9.608491,30.827389,5.7682557,22.319555,10.826795,8.627111,2.8405304,12.06835,13.496842,9.50744,18.525488,13.977315,25.137522,29.79605,18.720726,23.86946,22.730947,18.191269,16.765295,28.035965,21.943695,19.466751,12.578621,7.5140657,7.6795797,19.169168,11.446098,27.299929,24.547007,15.872058,10.445696,20.20981
1345,30.303291,26.385248,29.715223,23.604517,29.128937,13.879842,19.052835,8.781257,16.160124,3.7527757,8.675177,13.96366,8.352663,17.456839,15.689841,26.49911,24.780811,23.599861,16.636229,20.541037,14.990947,13.739258,26.055199,25.18336,16.646965,12.095207,11.562108,7.576872,10.500132,7.3829846,25.342491,23.379148,11.241816,14.745243,20.001272
1346,23.916252,28.465681,24.059813,10.11634,19.867104,10.207887,18.117504,11.99489,14.847806,6.197997,19.177063,13.04191,11.110135,21.77928,14.151408,24.153591,28.078548,18.71428,17.393925,17.192759,10.290713,7.575974,26.966763,24.220497,25.252136,16.155806,9.847704,10.504345,9.66623,19.214418,25.643703,23.646341,12.763112,11.926247,19.309473
1347,21.532333,30.817095,22.5537,4.469266,12.8975,5.2079587,19.4784,15.176307,9.822477,6.8834147,26.727087,12.503927,13.564698,26.25058,11.131871,20.272,32.72703,18.402826,21.32417,17.09954,9.396011,5.797012,28.820362,27.653786,29.905478,21.288052,5.185981,12.305429,10.542833,28.939466,27.144844,25.145132,16.4754,11.779333,20.604717
1348,30.478569,25.989355,29.812952,24.227848,29.080605,13.838624,18.860281,8.571744,15.951518,3.457016,8.16414,13.779188,8.16482,17.163605,15.420654,26.168903,24.488138,23.724422,16.42504,20.43348,14.980525,13.834557,25.738262,25.174072,16.166994,11.943754,11.356182,7.34774,10.1929455,6.955991,25.068995,23.12514,11.064675,14.825946,19.843584
1349,30.290688,26.640911,29.787258,23.611786,30.341412,14.6458845,19.227434,8.698875,17.047081,3.7651045,7.8148475,14.277709,8.177197,17.535969,16.29857,27.402714,25.111908,23.532335,17.133358,20.937584,15.398272,14.445519,26.200237,25.083246,16.897835,11.99348,12.401279,7.6012993,11.256014,6.93043,25.444752,23.43864,11.735433,14.528074,20.012308
1350,28.150776,27.133799,28.430925,19.862942,27.126202,9.114512,19.631306,9.920654,10.539107,2.0483272,11.262335,12.692516,9.64408,18.980686,11.961479,22.52074,27.726748,23.208652,19.74054,20.098522,15.255418,13.89758,26.652363,27.109224,18.947828,14.390327,7.1157165,7.8952646,11.188285,11.579668,25.98438,23.891012,13.568969,14.593393,20.336653
1351,22.805355,29.406422,22.897627,7.149499,21.187208,13.09728,17.938683,12.081515,19.441847,8.433953,20.149864,14.16226,11.148115,22.167425,17.153883,27.517475,27.903112,16.888401,16.388556,16.896976,9.452024,6.561262,27.385681,22.222725,27.314686,15.51407,13.643964,11.232067,10.206158,19.520796,25.80527,23.681929,12.142767,10.472151,18.899698
1352,30.784359,26.32639,30.427677,25.33068,30.742876,13.169954,19.793985,8.521256,14.843017,3.0310762,7.3023014,13.97331,8.010603,16.830517,15.365511,26.236134,24.82644,24.42901,17.457754,21.602123,16.443436,15.427147,26.135662,25.457556,14.870252,11.694768,10.7734375,6.8396215,11.435455,5.817637,25.572159,23.52593,11.56582,15.032759,20.336985
1353,22.193893,31.01657,22.98646,5.0525193,15.112808,6.5875444,19.375923,14.717811,11.707636,7.0067987,26.074986,12.738831,13.38681,25.782534,12.183856,21.90968,32.470688,18.277544,20.55484,17.117783,9.516823,5.9296155,28.983109,27.016518,30.069872,20.367609,6.642327,12.071284,10.300372,27.602173,27.322319,25.151613,15.622025,11.64855,20.40455
1354,29.331038,27.355865,28.845505,19.950966,25.889933,11.880023,19.698984,10.06984,14.613965,7.5775356,15.873516,14.861795,10.651026,17.611856,15.838372,24.33711,22.46566,22.8998,13.989129,18.82075,13.751014,9.905094,27.096153,24.280449,17.201483,11.85568,10.957567,9.493267,8.2530155,10.297063,26.641508,24.594084,8.641419,14.908785,21.0011
1355,27.925497,27.062227,28.435812,19.679188,26.007084,7.139342,19.862036,10.275169,7.7684064,1.2039876,11.870371,12.206911,10.03923,19.37221,10.142325,20.29021,28.512333,23.694126,20.815523,19.9552,15.492845,14.109762,26.688725,28.32197,19.092823,15.366443,5.0072546,7.984333,10.938995,12.883822,26.13923,24.056295,14.333434,15.015258,20.638786
1356,20.080025,29.939547,21.867952,4.405554,14.918319,3.480736,19.953222,14.356146,6.8546057,5.7163935,23.987545,12.199603,12.828858,24.49511,10.106467,18.878233,31.834612,18.272024,22.498741,17.869938,11.131583,7.995259,28.058441,26.697197,26.968025,20.088501,3.8604584,11.262114,12.565109,25.952093,26.615326,24.686306,16.994709,11.360746,20.436945
1357,20.661179,30.285511,22.013607,4.120904,12.767975,4.3881445,19.54127,14.936082,8.433197,6.5605507,25.77414,12.3506365,13.288881,25.680748,10.586261,19.333118,32.161625,18.276596,21.766155,17.240805,9.839747,6.3829193,28.359535,27.353168,28.689068,21.010601,4.4445605,12.055164,11.377911,28.056543,26.73572,24.897505,16.848318,11.6375065,20.5413
1358,31.661228,25.576244,30.848131,26.68794,29.657314,14.134994,19.076662,8.263135,15.751451,3.2521608,7.0007925,13.891385,7.8049526,16.685764,15.410374,26.009502,23.928406,24.749748,16.32646,20.975323,15.615994,14.68035,25.549358,25.65617,14.551327,11.76162,11.233197,6.8935184,10.003138,5.6866326,24.976994,23.086533,10.970477,15.379426,20.079187
1359,31.185104,26.082998,30.909723,26.200964,30.384092,11.554452,19.887964,8.566281,12.409206,1.8031349,7.183911,13.362534,8.246285,16.944817,13.554754,24.32148,25.494204,25.21929,18.301094,21.5728,16.79834,15.8927765,26.094273,26.729881,14.637867,12.355034,8.726491,6.5494556,11.077903,6.228369,25.619173,23.600939,12.087059,15.623494,20.54854
1360,22.999245,28.613794,23.375029,8.565562,17.079063,8.62744,18.31673,12.749902,13.091243,7.0128794,21.50263,12.859402,11.864682,22.572397,13.222014,22.41377,28.130817,18.528236,17.766548,16.844872,9.8983345,6.665218,27.10064,24.842176,25.568008,17.21719,8.3043785,11.000681,9.744989,21.480062,25.711401,23.851377,13.369538,11.958987,19.581907
1361,25.078197,28.35934,25.13775,12.191038,23.207794,11.437848,18.28596,11.185451,15.845404,5.57273,16.715685,13.332014,10.5729065,20.818779,14.822264,25.407707,27.751293,19.368986,17.363083,17.85024,11.321949,9.073211,26.969143,24.009727,24.227135,15.070622,10.943537,9.915276,10.041517,16.44706,25.768034,23.66585,12.425101,12.1810055,19.34263
1362,20.576918,31.375257,22.383137,3.1237664,10.518322,2.303534,20.474302,16.292229,5.6295476,6.5196815,28.160362,12.373738,14.401519,27.73466,8.929885,17.185936,34.516804,19.215714,24.297375,17.659325,10.080141,6.5751715,29.356907,29.92968,30.409786,23.708183,2.226891,12.951387,12.081039,31.870134,27.636713,25.897375,19.21431,12.209597,21.62567
1363,21.154385,29.87643,22.677809,5.755825,16.076004,4.384147,19.726934,14.058964,7.706164,5.313161,23.004004,12.2706,12.762232,24.349676,10.26951,19.428307,31.835953,18.786871,22.196648,17.825241,11.179615,8.237715,28.114853,27.066444,27.169193,19.836487,4.420393,11.206031,12.140365,25.080347,26.678902,24.748014,16.76233,11.807326,20.453375
1364,21.82489,28.769665,22.72486,7.116978,14.994903,5.6616864,18.739798,13.488116,9.33241,6.0309772,22.792332,12.160799,12.347892,23.469448,10.919412,19.687786,29.75283,18.588367,19.802525,16.922295,10.110248,6.9597974,27.198456,26.109451,26.084702,18.85277,5.403382,11.029093,10.305702,23.99472,25.819078,23.972225,15.004186,11.918596,19.823061
1365,30.790636,26.07092,30.10144,24.857155,29.735577,14.565839,19.074749,8.474113,16.76551,3.8797498,7.6880097,14.178805,7.9877815,16.983934,16.184027,26.93281,24.120926,23.894688,16.293343,20.839275,15.30508,14.210251,25.816471,24.930424,15.616242,11.631916,12.128601,7.310981,10.551802,6.219156,25.14646,23.20722,11.009106,14.824975,19.969717
1366,22.111729,30.00811,22.388218,5.66702,17.149506,10.413682,18.276285,13.363328,16.65782,7.6674485,22.808748,13.412566,11.789018,23.907614,15.398223,25.6889,29.884987,17.091282,17.766174,16.862074,8.843368,5.5600295,27.95359,23.840614,28.787964,17.556278,10.775478,11.760442,10.064846,23.443066,26.26725,24.20191,13.335025,10.919305,19.397018
1367,30.794025,26.099895,30.103497,24.941704,30.012337,14.778147,19.133715,8.419516,17.076113,3.9198527,7.486619,14.260183,7.8538227,16.88755,16.47071,27.298515,24.069725,23.849598,16.23405,20.981117,15.39297,14.337706,25.8241,24.718433,15.467416,11.468944,12.4106865,7.2315903,10.658697,5.962827,25.157852,23.19478,10.91719,14.741354,19.953268
1368,21.880678,30.402773,23.266865,6.377644,17.741022,5.5485406,20.044472,13.891047,9.361283,5.7362003,22.8136,12.74557,12.69419,24.176626,11.555783,21.159775,31.673347,18.963587,21.71542,18.26395,11.52111,8.428244,28.6221,26.72749,27.148783,19.155533,5.7023053,11.18573,12.302912,24.090479,27.188913,25.134546,16.18061,11.900179,20.66519
1369,22.52486,30.56971,23.476343,6.6032505,19.107496,7.3718143,19.714777,13.517811,12.222504,6.7071476,23.373615,13.060846,12.654631,23.780779,13.1392355,23.075386,30.844456,18.459963,19.94766,17.813234,10.989447,7.5589223,28.697834,25.63318,27.511372,18.105764,7.719132,11.14266,11.223345,23.333723,27.266596,24.997683,14.601126,11.536697,20.290745
1370,26.46088,28.696293,27.327341,15.856132,26.137365,7.250721,20.276075,11.102904,9.1696205,2.2041607,14.324531,12.58634,10.775261,20.574507,11.273036,22.04261,30.008614,22.287956,21.458992,20.083138,15.014389,13.377621,27.789322,27.414143,21.812683,15.905773,6.0803003,8.641059,12.177034,15.078489,26.982418,24.70755,14.902899,13.894754,20.722355
1371,24.834747,28.959167,25.535847,12.376969,24.043236,8.486539,19.585907,11.539199,11.912921,4.4957504,17.031918,12.970846,11.069979,20.886103,13.049266,23.504993,28.946161,20.237144,19.519886,18.945536,13.123885,10.787916,27.665638,25.214657,23.318552,15.559326,8.130617,9.4600525,11.527042,16.679506,26.653694,24.379332,13.664428,12.627207,20.103437
1372,30.182655,25.932652,29.900528,24.090546,28.616606,10.94708,19.196054,8.841927,11.96247,1.7000096,8.410627,12.815399,8.62169,17.583838,12.650943,23.268665,25.991688,24.358337,18.320736,20.423773,15.647542,14.686831,25.819145,26.916649,16.370872,13.128431,8.151674,7.0305405,10.298443,8.26487,25.268251,23.283352,12.367743,15.271404,20.100374
1373,26.31076,27.670286,25.990461,16.032476,29.199104,18.838346,19.383272,9.288495,24.493406,13.51067,14.864491,18.001984,8.917688,16.288786,23.44636,31.399908,19.513557,18.624352,11.85075,19.79195,12.754287,9.953777,26.18694,17.20548,16.290117,9.640052,20.552107,9.206551,10.9844055,7.4504943,25.198257,23.12789,7.7599764,10.227295,19.386831
1374,30.580568,27.250578,29.89208,21.933016,26.881989,12.086816,19.44833,9.83912,14.255992,5.3459473,13.560216,14.165952,10.29074,18.30564,14.629455,24.18135,24.385809,23.939764,15.558182,19.120005,14.179896,11.219528,27.09262,26.395477,18.25015,12.814208,10.072095,9.112158,8.258071,10.417079,26.607126,24.53153,10.074157,15.708894,20.954487
1375,25.427654,27.999954,25.897467,14.100033,23.267525,9.464416,19.029135,11.158163,12.308773,4.2799363,14.958176,13.051131,10.52075,20.617365,13.026265,23.240707,28.132038,20.820969,19.356339,18.906446,12.991054,11.108803,26.947159,25.715942,22.37111,15.544164,8.414706,9.50458,11.500091,15.572619,25.882149,23.94598,14.026814,13.196609,19.988518
1376,31.075518,26.16583,30.648317,25.791285,30.502054,12.9455385,19.712399,8.489184,14.440579,2.8393764,7.3528757,13.818299,8.061203,16.823208,14.967101,25.758593,24.798563,24.67761,17.392834,21.476522,16.37871,15.35956,26.051067,25.782906,14.738667,11.842806,10.371888,6.764204,11.04207,5.9051948,25.51207,23.4853,11.508199,15.234034,20.3514
1377,30.697176,26.404613,30.159891,24.457203,30.208107,13.815479,19.256598,8.612739,15.862121,3.0809011,7.7478237,13.87289,8.175455,17.356428,15.450866,26.541004,25.218447,24.004593,17.192898,20.932724,15.572025,14.603909,26.110882,25.57442,16.39963,12.082221,11.32905,7.2526474,10.81105,6.8228316,25.441755,23.415049,11.57978,14.890347,20.071066
1378,32.07732,25.599848,31.023159,26.804255,30.128904,17.347136,18.763424,8.179553,19.513388,5.0566597,6.3377504,15.408695,7.565681,16.783041,17.910788,28.303516,22.657135,24.545128,14.914249,20.89328,14.758835,13.941843,25.432606,24.632895,14.751528,11.391562,14.784801,7.8206644,10.011059,4.756601,24.690327,23.153765,10.482354,15.130475,20.220829
1379,22.094284,30.157322,22.46493,5.696741,16.401157,10.467439,18.552086,13.615754,16.628695,8.134106,22.906992,13.768715,11.859969,24.132746,15.732274,25.775486,29.720552,17.357206,17.956528,17.211279,8.950919,5.6068635,28.149437,24.02359,28.532906,17.792068,10.841001,12.062435,10.5671625,23.599512,26.416895,24.508335,13.658776,11.1677,19.78092
1380,21.463642,30.685637,22.44081,4.7116137,12.789319,6.0235963,19.482656,15.041979,10.875964,7.313405,26.007704,12.864379,13.146287,25.921394,12.1643505,21.290432,31.984188,18.308811,20.796984,17.410603,9.369037,5.7835345,28.721119,26.954021,29.203663,20.750824,6.0830927,12.323814,10.932527,27.993076,27.010227,25.146275,16.113707,11.785692,20.649385
1381,20.486172,31.180992,22.113111,2.8154724,8.415225,2.2081766,20.05205,16.671625,5.6304383,6.763674,28.992975,12.186959,14.565516,28.341875,8.568998,16.567049,34.675358,19.083748,24.113348,17.149637,9.244356,5.704378,29.146454,30.30761,31.166954,24.455654,1.9099671,13.326775,11.395954,33.3976,27.348143,25.699263,19.400356,12.296321,21.494837
1382,20.727268,31.486374,22.440395,3.1932366,11.047409,2.8648677,20.430918,16.190887,6.4848304,6.640023,28.013538,12.48607,14.310958,27.620771,9.464719,17.957417,34.39711,19.091059,23.94361,17.69766,10.0384445,6.4867177,29.445068,29.59597,30.51708,23.36396,2.8299556,12.923622,12.033794,31.47904,27.709372,25.922268,18.863308,12.147469,21.560532
1383,20.480228,30.76659,22.345245,3.9295795,13.224843,2.7911873,20.342768,15.288299,5.9276385,5.8557277,25.758387,12.30365,13.658843,26.140566,9.331837,17.965271,33.44106,18.976912,23.781052,17.931808,10.858857,7.6335616,28.847397,28.623322,28.721798,22.003632,2.8902128,12.068132,12.568303,28.71736,27.265846,25.444899,18.374012,11.936126,21.168213
1384,20.844185,29.886648,22.119669,4.8917103,11.769472,4.301968,19.527346,14.926561,8.1319065,6.916013,25.734459,12.445433,13.124801,25.39229,10.633409,18.924885,31.363125,18.539059,21.317797,17.33521,9.775839,6.2832217,28.071487,27.194542,27.62059,20.93661,4.319863,11.998472,11.10652,27.784101,26.501436,24.76754,16.569511,11.836565,20.616892
1385,23.076525,28.851347,24.760529,10.544114,19.942623,3.3103662,20.186277,12.827939,4.5556507,2.4179988,18.107424,11.802009,11.93528,22.677792,8.289007,17.718256,31.835459,21.038357,23.806799,19.087433,13.664743,11.919507,27.605904,28.439987,24.141863,19.143024,2.620894,9.784404,12.720655,21.000504,26.60266,24.631899,17.475838,13.135389,20.80412
1386,20.626795,31.583952,22.497929,2.9795282,9.313705,1.4235845,20.692297,16.764553,4.554647,6.6016817,29.388166,12.275542,14.76722,28.360266,8.231332,16.172405,35.1552,19.48719,24.842716,17.646,9.967267,6.3970737,29.533558,30.682623,30.81202,24.647419,1.3414122,13.147193,11.806785,33.426632,27.819372,26.055395,19.71778,12.322821,21.865538
1387,29.22777,26.621653,29.527552,22.431622,27.36705,8.07399,20.013968,9.741423,8.271018,1.0024772,9.926594,12.45877,9.463624,18.656464,10.616654,20.83717,27.771297,24.670935,20.587833,20.625614,16.296577,15.1533985,26.482803,28.591675,17.356014,14.687956,5.44809,7.5040073,11.085239,10.757376,26.009472,23.982407,14.095729,15.604471,20.796862
1388,32.79505,26.248682,31.934492,27.987976,30.96648,14.855689,19.731516,8.3528,16.53887,3.396893,6.7791643,14.427455,7.8181763,16.914618,16.225386,27.162823,24.353167,25.600483,16.638023,21.821346,16.282972,15.370554,26.255844,26.19786,14.425005,11.82557,11.897706,6.925358,10.369056,5.2283115,25.691648,23.742535,11.089504,15.841833,20.692411
1389,23.096603,29.275307,25.038471,12.797069,29.21158,7.9410167,21.659782,10.753578,10.595068,3.9896884,12.177388,14.058315,9.71519,18.879675,14.633938,25.319431,28.41067,20.221321,22.147722,22.183685,17.148134,15.500839,27.915348,23.343792,19.128511,13.035412,8.590067,8.318446,17.240389,11.235973,27.073156,24.725916,15.147214,11.911407,20.637526
1390,20.61801,31.136675,22.313055,3.3493588,10.149717,2.5815156,20.287672,16.209364,6.0005736,6.703082,28.042572,12.397705,14.255772,27.546242,9.15684,17.318848,34.06405,19.130745,23.816666,17.54503,9.858949,6.3372593,29.14853,29.617565,30.116304,23.49658,2.4905176,12.925801,11.806977,31.634203,27.432348,25.72812,18.872301,12.198993,21.502855
1391,27.969656,24.483917,27.057184,20.552002,26.6418,22.367676,17.004095,8.525517,25.4447,11.390966,6.7892923,18.589293,7.2662945,16.724104,22.435171,30.434809,18.13826,20.823109,11.693087,19.200483,11.118628,10.16731,23.55738,19.81683,15.316948,10.991403,21.616503,10.504794,11.061097,4.509396,22.21703,21.9853,9.940003,12.545258,19.49246
1392,24.03945,28.41387,25.273294,12.083968,21.818274,4.8776994,19.724329,11.999331,6.619305,2.3689442,16.900585,11.873409,11.429654,21.588953,9.373179,19.227152,30.636074,20.987701,22.120926,18.843437,13.574953,11.768502,27.284721,27.425205,23.357235,17.572735,4.096912,9.307887,11.788799,18.740936,26.378447,24.270273,15.846659,13.151433,20.34904
1393,20.785301,31.032347,22.2397,3.3898978,10.327209,3.2967157,19.878126,16.046791,7.1008973,6.738557,27.898716,12.30557,14.1558275,27.432384,9.534797,17.99178,33.84696,18.822777,23.12968,17.212063,9.449514,5.880363,29.02806,29.237532,30.51798,23.118048,3.1021976,12.906214,11.3012085,31.408672,27.280993,25.516882,18.325603,12.112332,21.179264
1394,28.693466,27.777021,29.48264,20.950676,27.458961,6.6653123,20.882393,10.490372,6.6822395,0.6661988,11.109812,12.522209,10.093963,19.727587,9.937701,20.360641,29.693321,24.851776,22.55439,21.280258,16.905773,15.809628,27.448029,29.539833,18.695232,15.914299,4.3902855,7.8679857,12.276266,12.555719,26.931574,24.80494,15.5582905,15.583791,21.453001
1395,20.265514,30.359133,22.022163,3.8109584,12.257881,2.8686547,19.971468,15.253113,6.062914,6.068326,25.872446,12.175159,13.585208,26.048483,9.26037,17.648108,32.93497,18.722382,23.276358,17.533978,10.400472,7.1333222,28.460201,28.376364,28.583508,21.946125,2.887824,12.114101,12.150121,28.880152,26.86452,25.11192,18.12745,11.846743,20.911901
1396,31.021309,25.92067,30.205,25.34654,29.909225,15.608545,18.940496,8.339773,17.960491,4.240508,7.0551553,14.503761,7.6888175,16.876366,16.941023,27.686687,23.72451,23.880024,15.939723,20.928108,15.179049,14.252544,25.644928,24.600441,15.39483,11.441422,13.150078,7.36979,10.52421,5.735023,24.939802,23.060446,10.893888,14.739556,19.89102
1397,20.76619,29.09533,21.492624,5.4386797,18.305336,10.973641,18.400314,12.557726,16.751797,8.36355,20.132677,13.986781,10.9957075,22.275263,16.394777,26.007332,27.67405,16.546412,17.625204,17.429302,9.8347645,6.816438,27.129482,22.143904,26.07428,15.882498,11.737185,11.405678,12.067312,20.149458,25.50812,23.711412,13.383647,10.40696,19.177647
1398,22.164606,29.262676,22.485865,6.761062,19.887426,12.380531,18.16034,12.290072,18.419397,8.509542,20.041098,14.178524,11.069036,22.226942,16.94096,26.951725,27.676294,16.934464,16.859053,17.20963,9.642637,6.7036147,27.298576,22.30422,26.634846,15.7090225,12.932478,11.35507,10.99938,19.672964,25.697683,23.754232,12.681887,10.595866,19.115084
1399,23.167326,28.75138,22.769346,7.5153446,17.60118,13.207339,17.013224,12.474552,19.5706,8.744612,21.17365,13.799963,11.254801,22.779873,16.585878,26.502056,27.53978,16.963915,15.397375,15.925348,7.9091425,4.895422,26.836224,22.7156,27.940742,16.451635,13.21365,11.753723,8.488147,21.349222,25.179558,23.269972,11.816685,10.931183,18.66337
1400,20.590225,30.443367,22.07947,4.025972,13.026836,4.005789,19.781933,15.005649,7.8772244,6.430165,25.834284,12.352831,13.378985,25.750465,10.355383,19.085377,32.443024,18.407372,22.225222,17.436853,10.136931,6.6999288,28.505291,27.578766,28.646055,21.175716,4.1176133,12.028507,11.694229,28.156109,26.901056,25.042574,17.160608,11.655977,20.691391
1401,21.052303,30.306671,22.139582,4.5635095,11.80219,5.3153205,19.406998,15.091174,9.813035,7.2457175,26.057936,12.672289,13.133296,25.836073,11.5401,20.254272,31.727676,18.291481,20.962109,17.2865,9.323312,5.76351,28.388878,27.027576,28.703865,20.97633,5.338697,12.289143,10.950444,28.239431,26.70437,24.936697,16.345587,11.772186,20.597998
1402,26.833038,28.75392,27.339506,16.088041,27.280159,9.916783,19.950422,10.727006,12.767058,3.6030085,13.835688,13.3502245,10.35188,20.084944,13.655741,24.691969,28.757097,21.72284,19.841328,20.05531,14.578845,12.813285,27.726044,25.93371,21.71616,14.688388,8.936524,8.826647,12.087903,13.619665,26.82814,24.531153,13.723151,13.485282,20.418432
1403,21.336689,32.850433,23.225245,2.7048728,6.8526325,0.3184276,21.422592,18.175762,3.5317132,7.102479,32.688793,12.403626,15.830551,30.532091,7.477828,15.210085,37.40395,20.29247,26.261703,17.959826,9.627871,5.801444,30.630589,32.834286,32.903175,27.17817,0.09698096,13.951525,11.411779,37.69426,28.810034,26.926943,21.089108,12.774759,22.709011
1404,32.189396,25.42947,31.131935,27.168743,30.376507,18.17587,18.743677,8.105067,20.241106,5.462108,5.6782374,15.928345,7.348818,16.67432,18.5086,28.731361,22.193365,24.635853,14.662287,21.04111,14.684,14.039873,25.23912,24.326752,14.305305,11.317589,15.729867,7.967882,10.187069,4.147061,24.466017,23.099966,10.47148,15.066771,20.319548
1405,24.939072,29.576014,24.637226,9.397553,20.47397,11.241554,18.030313,12.418536,17.06565,7.538153,22.48817,13.298994,12.19205,22.689886,14.9186945,25.174461,28.728878,18.423697,16.190166,16.292625,9.311831,5.9163003,27.859905,24.414669,27.80423,16.57523,11.139172,11.1025715,7.729701,21.35288,26.496016,24.110514,11.639433,11.726803,19.322329
1406,32.037216,26.07698,31.357748,26.953335,30.310684,13.439834,19.529814,8.4683,14.809886,2.6325786,7.1640663,13.808462,8.079295,17.068882,14.841422,25.716387,24.94438,25.28496,17.232487,21.371605,16.13917,15.2351265,26.069061,26.513205,14.977205,12.228596,10.450329,6.8494253,10.327362,6.0758996,25.516047,23.550257,11.496528,15.712631,20.475027
1407,20.778708,31.044628,22.330233,3.5759866,10.428745,3.0681136,20.113588,16.041838,6.721764,6.769699,27.835627,12.410586,14.106484,27.322063,9.540626,17.852053,33.752743,18.996414,23.289547,17.45679,9.709896,6.1582828,29.064117,29.237278,30.034622,23.111542,2.9694564,12.830169,11.523312,31.186556,27.350714,25.61113,18.398817,12.144338,21.340212
1408,21.680601,30.97496,22.595459,4.727309,14.989914,6.788774,19.515108,14.662234,12.075669,7.1109037,25.475033,12.948723,12.988942,25.530169,12.8615265,22.606823,32.11906,18.030777,20.504284,17.49402,9.647232,6.0827303,28.926468,26.363121,29.471758,19.937578,7.046845,12.026577,10.998022,26.929626,27.241028,25.163347,15.559522,11.490238,20.442364
1409,21.810968,30.421238,22.340681,5.0998898,14.073751,8.21067,18.828041,14.427001,13.98574,7.6685777,24.927282,13.128753,12.514276,25.210926,13.897642,23.593193,31.050674,17.644941,19.102142,17.078094,8.774602,5.240686,28.402725,25.452316,29.282747,19.386242,8.386428,12.161619,10.248242,26.369526,26.66147,24.71315,14.649615,11.40963,20.046337
1410,21.09682,28.3574,22.401524,6.773957,14.351927,3.9172714,18.797647,13.56366,6.602343,4.8473043,22.045324,11.656251,12.3575945,23.549656,9.12848,17.611105,30.460793,18.818998,21.300608,16.97679,10.52756,7.798465,26.857994,26.925661,25.812721,19.626926,3.5284264,10.853995,10.940509,24.432432,25.517921,23.80687,16.279612,12.005232,19.862783
1411,20.378212,30.152977,22.039324,4.0584354,11.256889,2.7371876,19.811796,15.363367,5.822735,6.1115437,26.067924,12.103895,13.599291,26.20386,9.007992,17.180368,32.835537,18.858002,23.15101,17.372082,10.10339,6.8563066,28.304176,28.611141,28.55977,22.256601,2.6197531,12.220353,11.774981,29.32795,26.701494,25.025309,18.166794,12.011124,20.91847
1412,20.789991,29.551254,22.067316,5.109242,14.117277,4.8352036,19.240963,14.176806,8.652535,6.270879,24.101967,12.263353,12.750528,24.47113,10.765901,19.540966,30.9827,18.206913,21.035894,17.20388,10.157884,6.8926544,27.756424,26.490755,27.23663,19.81983,4.8816686,11.4562645,11.313797,25.835562,26.245127,24.404818,16.082125,11.569759,20.140348
1413,32.797993,26.354553,31.945585,27.896517,30.988308,14.861919,19.766201,8.424639,16.565416,3.425631,6.9065685,14.440314,7.880122,17.058025,16.208849,27.187151,24.547867,25.587671,16.780699,21.847683,16.28124,15.381588,26.327892,26.302158,14.637591,11.959614,11.892626,6.9593325,10.429586,5.4489226,25.744661,23.778423,11.226796,15.813707,20.710087
1414,22.625607,30.021343,22.587618,5.7822704,15.860605,10.673616,17.83341,13.691091,17.122581,8.006693,23.964222,13.27587,12.200246,24.560194,15.084761,25.286465,30.199532,17.132484,17.343365,16.215654,7.995028,4.6200156,27.945045,24.396545,29.981922,18.298807,10.764299,12.13416,8.896669,25.000452,26.200092,24.109589,13.230725,11.097348,19.275568
1415,22.872593,29.00133,24.068779,9.42382,19.808945,5.5841947,19.632093,12.687423,8.528344,4.5694513,19.869394,12.317218,11.872821,22.251665,10.870187,20.368874,30.096012,19.638432,20.946623,18.306168,12.347503,9.754389,27.558361,26.190609,24.468174,17.671997,5.386769,10.04295,11.68947,20.666195,26.430494,24.329325,15.208186,12.267462,20.187986
1416,20.11118,23.774797,20.843838,9.963672,14.186259,29.245455,16.836864,11.481797,31.594593,24.100153,5.8356113,26.973698,7.410865,19.09916,31.382296,34.168133,9.186518,18.1338,9.24622,20.461908,6.690541,4.3506904,22.286568,15.302247,13.303452,12.336774,30.521559,18.582123,20.33613,3.1121452,19.173431,23.697586,13.441436,12.3043,22.871775
1417,23.619772,29.023825,25.483442,13.890983,30.823952,7.6868844,21.546415,10.290025,10.170467,2.620083,11.020884,13.477613,9.366204,18.47692,13.932644,25.187757,28.984722,20.46706,22.386267,22.224705,17.567871,16.296932,27.705593,23.588684,18.979908,12.775924,8.086722,7.564995,16.809168,10.492358,26.977482,24.4211,14.979644,11.927338,20.314177
1418,22.753872,29.064249,24.504932,13.133798,30.033453,11.715828,22.138514,10.272764,15.724036,9.156446,12.963891,16.666283,9.071158,16.73327,19.91374,28.987715,23.361933,19.057446,18.198519,22.868748,17.043894,14.355061,27.58757,18.720554,15.16243,9.926054,13.868747,8.501862,17.73558,7.4679275,26.72587,24.517357,11.975381,10.591691,20.651844
1419,31.310043,26.108843,30.91794,26.33958,30.655296,12.6417885,19.817411,8.477403,13.843784,2.3903308,6.9205885,13.72105,8.009647,16.835434,14.563832,25.39588,25.073208,25.039522,17.802742,21.668953,16.656456,15.779115,26.058792,26.202946,14.5408745,12.024859,9.909867,6.6445093,11.133946,5.793839,25.544413,23.53542,11.7964945,15.451639,20.471483
1420,23.224424,29.351778,23.864805,8.946704,21.397156,9.540351,18.9412,12.2387,14.141239,5.8196983,19.00049,13.21019,11.305973,22.153597,14.154412,24.59372,29.343224,18.611845,19.023102,18.020079,11.345338,8.7365,27.684052,24.48331,25.809631,16.329384,9.528759,10.5071535,11.436911,19.34833,26.332256,24.20387,13.893424,11.677858,19.676949
1421,20.347681,28.968449,21.61684,4.8902636,12.54555,4.043565,18.789076,14.2669325,7.50629,5.765953,24.054937,11.792967,12.705104,24.61532,9.683506,18.14996,31.10493,18.070324,21.251297,16.7281,9.695228,6.626618,27.209953,26.779865,27.335894,20.368774,3.886969,11.446397,10.893,26.652237,25.692446,23.956324,16.462715,11.536392,19.851435
1422,20.655777,30.856106,22.258928,3.765401,12.30642,3.5453897,20.111631,15.456983,7.2889934,6.592418,26.67255,12.4677305,13.732964,26.406921,10.079012,18.664066,33.083187,18.727413,22.867773,17.620224,10.182288,6.677113,28.893585,28.312605,29.17099,21.962511,3.6351035,12.3653,11.891549,29.301067,27.247572,25.429625,17.778872,11.867355,21.091715
1423,20.29147,28.924015,21.642176,4.9477763,12.519918,4.252801,18.861609,14.260138,7.5404134,5.9388227,23.573122,11.980583,12.66977,24.581491,9.854864,18.230438,30.853474,18.205647,21.415972,16.906607,9.871015,6.85784,27.210464,26.859848,27.057117,20.346111,4.024331,11.56803,11.400654,26.275068,25.659819,24.053364,16.745995,11.68869,20.005255
1424,19.151966,31.362001,22.292318,5.995083,30.667587,5.287672,22.869944,11.723943,9.143688,3.5747805,14.893166,13.660915,10.44423,19.851522,14.481435,26.02272,31.37539,17.643654,24.614159,22.566216,17.909796,15.833822,29.198528,21.91365,22.252241,13.217297,7.718847,8.542376,19.959564,14.126791,28.302626,25.315012,16.438622,9.735047,20.454689
1425,23.290733,29.17547,22.682848,7.192022,20.448618,18.125458,16.938227,11.862177,25.601198,11.12632,18.816536,15.939236,10.281015,22.109278,21.168062,31.402176,25.873087,16.2256,13.979041,16.684406,7.7595277,5.014708,27.004566,20.378237,27.90773,14.780037,18.816166,12.51767,9.823143,18.183832,25.161972,23.492384,10.965642,10.285115,18.754395
1426,23.842072,29.525799,25.711416,15.461327,32.797432,10.942817,23.372492,9.987588,14.83552,8.764132,12.547507,16.778444,8.727216,15.562199,20.365608,29.771114,23.18992,19.953354,18.29615,24.37141,18.917233,16.038847,28.126827,18.154991,12.821693,8.658292,13.539132,7.509513,18.237045,5.439508,27.60848,24.91595,11.103332,10.795813,21.089285
1427,19.948414,23.493176,20.657095,9.658539,13.002007,30.616072,16.472837,11.693734,32.803013,25.04056,5.2393074,27.913353,7.3237414,19.408812,32.262783,34.586887,8.385207,18.172691,8.65134,20.29442,5.834488,3.594688,21.985203,15.004841,13.466362,12.659516,31.957579,19.561344,20.548328,2.9297984,18.710596,23.781858,13.5613,12.477909,23.187899
1428,20.85421,30.704695,22.224014,3.872349,12.38508,4.046361,19.704607,15.318521,8.082538,6.5764084,26.687853,12.318664,13.689814,26.334211,10.2134,19.000776,32.96612,18.470684,22.273516,17.214834,9.765582,6.2423444,28.72266,28.075153,29.580564,21.728065,4.0410075,12.315213,11.251276,29.294233,27.065,25.16606,17.30729,11.768293,20.751272
1429,21.710554,30.767317,22.50926,4.9825106,16.616999,8.159245,19.293985,14.068177,13.832973,7.2959766,24.122587,13.239021,12.485413,24.728395,14.070468,24.148094,31.2541,17.64418,19.658459,17.546867,9.749637,6.2810426,28.711025,25.229258,28.947536,18.69686,8.578297,11.802114,11.203695,25.021757,27.032606,24.933455,14.765441,11.211201,20.127752
1430,20.641865,31.627237,22.367102,2.6751988,8.290457,1.8248878,20.383032,17.00381,5.141519,6.7438765,29.612413,12.25016,14.876707,28.884686,8.303949,16.321476,35.405186,19.384964,24.78098,17.36163,9.418061,5.84586,29.554058,30.994102,31.71072,25.07506,1.5082229,13.531707,11.614207,34.26864,27.735773,26.05952,19.957138,12.463767,21.823029
1431,32.806293,26.023531,31.884356,28.046053,30.742476,14.801912,19.48321,8.275907,16.428658,3.130325,6.6452746,14.227141,7.7803144,16.911081,15.905064,26.855585,24.378893,25.557625,16.54923,21.56073,16.055002,15.227829,26.052166,26.294987,14.563737,11.918621,11.714722,6.860182,10.031136,5.3394165,25.481731,23.55525,11.060393,15.840403,20.52743
1432,20.368153,31.005402,22.047876,2.9381487,7.010727,1.1107244,20.178282,16.969893,4.2986045,6.8756247,30.12258,11.957682,14.70921,28.537556,7.780554,15.252058,34.82369,19.189539,24.341694,17.104235,9.1315155,5.5400777,28.94477,30.592402,30.779007,25.12525,0.88458955,13.196867,10.924526,34.623352,27.216963,25.499495,19.575188,12.18213,21.482904
1433,21.206955,29.30026,23.83557,13.837839,34.409504,10.553678,24.141928,9.637633,14.547057,9.19043,10.464606,17.212086,7.624588,14.206985,21.604568,30.735453,22.31348,18.4212,19.292572,25.756046,20.498816,18.02013,27.564007,15.471805,10.428902,7.060325,14.2835455,6.7069674,21.323498,3.203128,27.135878,24.269978,11.719298,9.14354,20.59435
1434,23.199461,29.037567,23.95722,9.038102,18.498692,7.199459,19.03171,12.8266325,10.925391,5.71478,20.858438,12.625357,12.018916,22.717875,12.030337,21.541668,29.484596,19.269447,19.533587,17.605612,11.072525,8.136829,27.576561,25.945202,25.463444,17.70868,6.823166,10.627219,10.710205,21.380686,26.267315,24.308437,14.480488,12.2979355,20.0343
1435,21.121716,30.812588,22.377373,4.251157,12.715569,4.825796,19.772802,15.236627,9.20284,6.932106,26.446924,12.62833,13.464814,26.155409,11.134745,20.068283,32.59771,18.467625,21.762093,17.474022,9.7548685,6.1860356,28.830093,27.588596,29.301653,21.310745,4.913518,12.30179,11.290169,28.686861,27.159094,25.261873,16.845875,11.778532,20.810316
1436,23.17527,29.26558,24.321177,9.40451,19.295628,5.635555,19.634562,12.931565,8.546693,4.400262,20.104448,12.345824,12.083722,22.86379,10.693148,20.33686,30.74248,19.94227,21.33921,18.294765,12.142883,9.591841,27.844105,26.9603,25.275375,18.304699,5.226754,10.351137,11.605724,21.463118,26.64103,24.614044,15.674698,12.589434,20.423851
1437,20.427542,30.81373,22.12971,3.305993,9.713819,2.1126366,20.081245,16.149765,5.3061748,6.416403,27.982164,12.111774,14.239549,27.466734,8.543662,16.556131,34.028862,19.06578,23.880238,17.283543,9.737632,6.2925973,28.854717,29.726154,30.007622,23.6235,1.9364499,12.815686,11.554211,31.813185,27.165796,25.474253,18.958733,12.160187,21.31983
1438,23.25737,28.883307,25.406317,15.40591,33.19948,9.092618,22.797443,9.671412,11.901915,5.1145315,9.633755,15.182346,8.361245,16.043608,17.335642,27.773281,25.571709,20.216307,20.851992,24.177704,19.403172,17.641027,27.566593,20.090698,14.062079,9.696208,10.682814,6.86948,19.067543,5.713287,27.024572,24.400446,13.245394,11.181552,20.598076
1439,25.527142,28.601887,26.709505,15.73804,29.478952,8.613174,20.594027,10.315242,10.8530855,2.1574047,11.324154,13.096053,9.681048,19.313154,13.027587,24.37979,29.406473,21.464264,21.753342,21.155308,16.310696,15.216537,27.499203,25.465729,20.411602,14.044468,7.9647894,7.9609213,14.418005,11.885508,26.71015,24.300386,14.901468,12.932159,20.271727
1440,20.1735,29.806206,21.647184,3.828327,10.787307,3.1070566,19.337425,15.216126,6.518771,6.255493,26.144861,11.920656,13.451077,26.00353,9.191695,17.357988,32.354877,18.374725,22.378908,16.890408,9.567693,6.238683,27.934155,28.050505,28.640106,21.917618,2.9623847,12.172981,11.186718,29.296616,26.320547,24.623348,17.602913,11.759802,20.495071
1441,23.410992,28.824387,23.043943,8.211083,21.825127,16.930565,17.34776,11.478385,23.744448,10.698384,18.391579,15.664845,10.351197,21.31267,20.158386,30.028828,25.410213,16.615496,14.326646,16.937271,8.767852,6.1241674,26.78738,20.452772,26.237316,14.395524,17.646645,11.658259,9.994148,17.05752,25.110628,23.330528,10.977039,10.230877,18.750372
1442,21.897842,29.328808,22.649332,6.526661,16.041473,6.8247485,18.717775,13.4902,11.324897,6.357918,23.041716,12.429846,12.30814,23.71504,12.082236,21.454704,30.139278,18.10524,19.405407,16.935493,9.874312,6.644054,27.579754,25.574863,27.122961,18.5199,6.763964,11.130222,10.316555,24.011747,26.105322,24.11522,14.596732,11.555315,19.696646
1443,20.660099,30.522419,22.284658,4.467517,15.965275,4.3406973,20.026857,14.409162,8.185255,5.849883,24.25658,12.425308,13.019173,24.833803,10.771668,20.055588,32.344196,18.323524,22.349892,17.914183,11.091185,7.8594813,28.569733,26.843136,27.972887,20.008373,4.704304,11.447617,12.443089,26.052628,27.070726,25.017794,16.807983,11.42897,20.542927
1444,22.69709,29.18404,22.67404,7.2760363,20.912725,15.391522,17.808321,11.899936,22.002367,10.013988,18.854223,15.306166,10.548742,21.815187,19.361094,29.367397,26.343729,16.686008,15.502164,17.305998,9.171611,6.382546,27.146278,21.10083,26.478073,14.890753,16.111694,11.764171,10.94136,18.028059,25.450788,23.683252,11.872842,10.401028,19.055025
1445,23.516266,27.705994,24.392216,13.443225,26.74562,15.652671,20.10474,10.101755,19.662355,11.205002,12.080201,17.558529,8.825397,17.461523,21.235731,29.538862,21.332996,18.93503,16.02266,21.152273,14.175576,11.787783,26.335571,19.054104,16.329823,10.943837,16.852118,9.986025,15.788976,7.8544073,25.081541,23.813356,11.805924,11.085328,20.310902
1446,20.57264,30.393385,21.95374,3.764532,9.365256,3.3725555,19.600695,15.873248,7.076796,6.9498844,27.44366,12.288615,13.799029,26.981146,9.638342,17.695612,32.91681,18.704205,22.529453,17.07897,9.193975,5.6808853,28.467972,28.70393,29.525932,22.821545,3.1685338,12.77759,11.077012,30.889185,26.750315,25.119978,17.962976,12.069706,20.974302
1447,31.318647,26.227896,30.85778,26.34329,31.05932,13.708351,19.879644,8.394283,15.339911,3.116508,6.741864,14.155245,7.754203,16.65853,15.775353,26.669458,24.567825,24.7862,17.287214,21.90181,16.63459,15.729118,26.094555,25.482649,14.282037,11.550132,11.188505,6.706167,11.3853035,5.232857,25.550343,23.52357,11.441077,15.200198,20.428732
1448,20.628448,30.557533,22.08347,3.7950318,10.354628,3.4189138,19.79201,15.736109,7.1327877,6.842644,27.220503,12.362679,13.784264,26.788244,9.790721,18.012573,32.964127,18.73809,22.633156,17.272686,9.532354,6.019099,28.62405,28.58335,29.381695,22.54235,3.3234165,12.636711,11.325544,30.357609,26.93305,25.240341,17.88563,12.011551,21.03388
1449,23.650934,30.79186,25.566374,11.454625,29.377323,7.442472,22.055008,11.591443,10.657104,3.9195175,15.024259,13.925187,10.865217,20.463549,14.192566,25.49155,30.594368,20.383492,22.838114,21.892864,16.73822,14.701033,29.219238,24.694065,22.196238,14.434309,8.186717,8.949768,16.50362,14.229177,28.307926,25.66649,15.550388,12.073265,21.124056
1450,20.80017,30.972689,22.314674,3.793913,13.080776,4.3543878,20.013758,15.29016,8.389132,6.647735,26.156088,12.629395,13.612322,26.297667,10.725554,19.652315,32.97134,18.594948,22.571812,17.660189,10.166169,6.670022,28.995052,28.013226,29.403976,21.539328,4.4228964,12.390539,12.063817,28.662634,27.303225,25.481863,17.534046,11.854078,21.025194
1451,21.740498,30.776428,22.74052,4.942807,15.312291,6.1378174,19.520044,14.556739,10.971536,6.8785114,25.548876,12.713281,13.198787,25.361292,12.012375,21.535416,32.1101,18.217512,20.777813,17.318123,9.892666,6.3685813,28.77219,26.718273,29.20593,20.086378,6.3230796,11.852911,10.826828,26.93073,27.161581,25.041807,15.731811,11.5233755,20.395216
1452,32.43022,25.660046,31.400618,27.488148,30.151613,15.4260845,19.0029,8.131666,17.29949,3.6039155,6.6629066,14.296039,7.6851745,16.735947,16.29373,27.035324,23.649189,25.040504,15.797261,21.028603,15.438973,14.575745,25.662842,25.666801,14.648685,11.652316,12.421339,7.0493946,9.654501,5.253074,25.050985,23.213594,10.669222,15.5615015,20.191122
1453,21.611916,29.836792,22.165237,5.154807,13.039458,7.018226,18.480219,14.430107,12.188669,7.240366,25.223104,12.518139,12.788665,25.195896,12.333846,21.598053,30.995071,17.712067,19.338776,16.488682,8.61541,5.1131043,27.909172,26.063904,29.124357,19.85566,6.892089,12.018081,9.724012,27.041945,26.224821,24.301302,14.982652,11.513632,19.785158
1454,26.049019,28.1687,27.229189,17.606377,30.404057,8.836036,20.929834,9.867186,10.708591,2.1252673,9.860416,13.339733,9.107615,18.373962,13.490488,24.669477,28.397608,22.047659,21.48588,21.8911,17.175655,16.13051,27.258057,25.105118,18.24349,13.116587,8.079912,7.426406,14.9310055,9.772839,26.573503,24.217005,14.483447,13.216845,20.421083
1455,27.515846,28.887054,27.042887,14.697867,22.508608,11.114438,19.014484,11.566623,15.652329,7.727351,20.573627,13.918835,11.907672,20.542528,15.204702,24.656254,25.85801,20.869463,14.888789,17.533096,11.322986,7.357986,27.897804,24.657936,22.97739,14.536661,10.539862,10.387667,7.621964,16.769926,26.981905,24.682283,9.967628,13.534692,20.36273
1456,23.009777,28.367266,22.478163,7.7443533,19.66219,15.430001,16.769222,11.661916,22.38436,9.639445,19.529392,14.545502,10.325168,21.466993,18.773058,28.741879,25.934679,16.235329,13.9761305,16.117432,7.9205055,5.1273007,26.355213,20.529804,26.726658,14.771762,15.995882,11.407474,8.621571,18.652754,24.739523,22.805449,10.478585,10.156903,18.211676
1457,27.441114,27.176334,28.07291,18.82491,25.035267,6.756601,19.90645,10.578813,7.343517,1.5219188,12.53147,12.262305,10.251312,19.711163,9.980479,19.869993,28.642826,23.518837,21.07762,19.86283,15.282235,13.812956,26.756584,28.412361,19.432156,15.797115,4.7464986,8.299317,11.139475,13.709612,26.159008,24.15494,14.688881,14.946669,20.747478
1458,22.378433,28.884672,22.662155,7.171427,16.760069,8.943612,18.042658,12.909757,14.182227,7.077635,22.339684,12.757343,11.779158,22.949286,13.685605,23.216743,28.757015,17.626778,17.4901,16.47361,9.187012,5.928012,27.124016,24.166904,26.836779,17.297052,8.971844,11.106113,9.304384,22.546877,25.662443,23.637625,13.051412,11.268745,19.171503
1459,21.2433,30.420567,22.339506,4.6187882,13.718483,5.4854493,19.384312,14.741397,9.9927845,6.8333387,25.610495,12.539047,13.19497,25.516344,11.419406,20.533232,31.962511,18.196852,21.042992,17.178888,9.678785,6.188227,28.466507,26.957888,28.957691,20.512486,5.546949,12.001615,10.956945,27.506388,26.833406,24.881775,16.184793,11.608604,20.393806
1460,23.68335,30.123846,25.82553,14.33568,32.59392,8.997746,23.373682,10.458868,12.295741,6.4799356,12.711244,15.744102,9.434213,16.943258,17.89615,28.118711,25.9944,20.423626,20.552158,24.090504,19.037586,16.456038,28.722477,20.510864,15.479582,10.285894,10.983517,7.7967014,18.616837,7.5801206,28.133278,25.418364,12.892103,11.425672,21.34885
1461,19.645,31.23689,22.225912,5.251361,26.101118,5.238814,21.905333,12.61778,9.39252,4.490833,18.320389,13.308344,11.312987,21.47936,13.602107,24.528904,31.694836,17.64663,23.541502,20.936829,15.517605,12.949213,29.086773,23.21955,24.41383,15.268631,7.129625,9.51618,17.287062,18.10627,27.986479,25.229208,16.216427,10.12804,20.405046
1462,21.084755,30.83258,22.401691,4.121468,12.639616,4.441548,19.783916,15.302116,8.614367,6.7286735,26.575613,12.499949,13.636123,26.316025,10.64585,19.539267,32.875576,18.563978,22.109604,17.381453,9.81262,6.2647343,28.85822,27.981825,29.526894,21.577087,4.447327,12.347225,11.32144,29.018349,27.188494,25.29298,17.158144,11.84952,20.84778
1463,20.55783,31.245417,22.322168,3.3877916,12.976633,3.4147806,20.402742,15.554217,7.1368866,6.45357,26.69138,12.55418,13.872443,26.62468,10.0794115,18.852097,33.623577,18.783754,23.45913,17.867126,10.515801,7.024836,29.22828,28.563745,29.553352,22.116665,3.5786052,12.434847,12.446646,29.413248,27.560682,25.710917,18.197014,11.852394,21.285482
1464,31.956387,25.810707,30.976236,26.676716,30.192719,16.558899,18.987007,8.238775,18.77447,4.565043,6.581862,15.021244,7.5765724,16.80554,17.51602,28.133434,23.199537,24.544086,15.399239,21.108286,15.118936,14.253875,25.645203,24.801228,14.822626,11.420868,13.977864,7.52069,10.182963,5.044164,24.942583,23.235943,10.599799,15.142513,20.213495
1465,32.048775,25.647472,31.038155,26.902782,30.32529,17.328215,18.863596,8.17713,19.482813,4.8571568,6.0294094,15.401084,7.4359922,16.798824,17.946188,28.455723,22.873753,24.577164,15.178206,21.10749,14.935876,14.236179,25.45945,24.640701,14.69393,11.418726,14.764605,7.707423,10.251678,4.66789,24.711443,23.1582,10.653347,15.090298,20.23805
1466,21.307957,30.822748,22.485361,4.427796,12.855,5.2122374,19.694899,15.1827135,9.669769,6.9863873,26.234,12.71125,13.432722,26.153585,11.377156,20.410093,32.501534,18.511295,21.584274,17.45714,9.686327,6.127466,28.85976,27.578484,29.394714,21.195324,5.228337,12.361713,11.259855,28.466324,27.16609,25.294922,16.745983,11.872995,20.815283
1467,31.450304,26.254282,30.786314,25.86568,30.30663,14.059124,19.457186,8.4997015,15.950983,3.3999026,7.590068,14.087812,8.063243,17.026136,15.743628,26.614983,24.566832,24.584557,16.7566,21.248154,15.85046,14.781436,26.098217,25.640167,15.277517,11.830902,11.437289,7.068268,10.579323,6.08323,25.492292,23.493147,11.182324,15.238908,20.294352
1468,23.775557,28.565807,23.82775,9.959184,23.35679,16.061522,18.199736,11.140824,21.723265,10.490196,16.924942,16.007273,10.28528,20.536722,19.652323,28.987986,24.675575,17.70377,15.333073,17.93961,10.441733,7.866942,26.797009,21.068336,23.715132,13.919539,16.645168,11.255655,11.502584,14.934664,25.23934,23.632029,11.758333,10.768634,19.359676
1469,20.45914,30.655144,21.938272,3.3261073,8.684705,2.6721172,19.76565,16.244532,6.2580523,6.8680797,28.314642,12.148395,14.10796,27.55472,9.038968,16.98867,33.666126,18.805449,23.175503,17.049728,9.1375475,5.6132092,28.67147,29.34396,30.159758,23.600605,2.4540036,12.949944,11.033585,32.184788,26.93827,25.271381,18.538252,12.08858,21.128126
1470,20.535263,30.819069,22.198372,3.7029016,13.47986,3.6503081,20.087801,15.169514,7.38165,6.251235,26.001495,12.388366,13.597749,26.045782,10.106681,18.952236,33.079807,18.559307,22.938208,17.659504,10.468332,7.053903,28.839752,28.022932,29.054377,21.505585,3.8010116,12.115686,12.167286,28.505674,27.220987,25.33126,17.68585,11.70446,20.921583
1471,32.518524,25.395641,31.470098,27.824986,29.988052,15.132845,18.865173,8.049802,16.75643,3.2643175,6.4014416,14.057011,7.6678376,16.68464,15.756123,26.43592,23.65089,25.185417,15.909509,20.89421,15.440835,14.678534,25.461052,25.970308,14.491959,11.787607,11.913393,6.9126596,9.45526,5.2428403,24.865755,23.058805,10.808486,15.6719055,20.108007
1472,20.394516,30.239437,21.972523,4.0273137,12.207082,3.491074,19.8344,15.117061,7.085561,6.5592027,26.045567,12.313656,13.4170885,25.74143,9.983151,18.332748,32.23564,18.506207,22.362833,17.433704,10.1454115,6.702601,28.338707,27.701138,28.200663,21.41197,3.610137,12.055834,11.714617,28.437304,26.759031,24.972954,17.351665,11.703228,20.760757
1473,28.683039,26.997591,29.17188,21.299706,26.828392,7.445932,20.18288,10.103999,7.6869674,1.0086389,10.720529,12.420393,9.753692,19.136887,10.319498,20.524904,28.435291,24.44778,21.185926,20.634338,16.215372,15.034271,26.748875,28.750273,18.11031,15.222708,5.039711,7.754096,11.420484,11.8238945,26.233389,24.192766,14.600301,15.441558,20.925795
1474,20.68366,30.597958,22.110016,3.7918007,10.551907,3.4049606,19.772547,15.714731,7.1749563,6.7863545,27.327536,12.301342,13.810588,26.769472,9.753936,18.05386,33.04247,18.69603,22.582493,17.223888,9.525728,5.988366,28.649185,28.555943,29.490007,22.494873,3.3233438,12.584923,11.181833,30.39351,26.972116,25.219847,17.783138,11.965933,20.978518
1475,30.625193,25.748734,30.018337,24.949606,29.257698,13.379264,18.977343,8.4530115,15.135847,3.0308328,7.589592,13.645715,8.025124,16.896616,14.981313,25.645308,24.42064,24.057402,16.678354,20.655945,15.376277,14.3429165,25.591328,25.361866,15.439596,11.87797,10.774502,7.064808,10.331813,6.4575,24.984072,23.054539,11.182095,14.994773,19.896856
1476,20.714472,30.7386,22.458904,4.40091,15.938228,3.6161888,20.283041,14.603325,7.220344,5.645914,24.778358,12.317604,13.293148,25.077066,10.177478,19.379162,32.845222,18.577492,22.901033,17.998741,11.331111,8.061476,28.785011,27.374834,28.163315,20.439682,3.9939823,11.48396,12.460312,26.659771,27.32601,25.213673,17.175793,11.534932,20.74654
1477,29.903605,26.41046,29.596514,23.310707,29.364552,12.490079,19.321783,8.849835,14.293553,2.9140306,8.531706,13.564377,8.470309,17.487925,14.556365,25.36721,25.477818,23.732891,17.661222,20.711967,15.535229,14.413676,26.101967,25.686678,16.5724,12.401963,10.177736,7.3351974,10.985067,7.6359677,25.449957,23.437037,11.888375,14.775122,20.086168
1478,21.310852,29.74897,22.152983,5.4454246,11.406456,5.864178,19.039625,14.822353,10.412304,7.484858,25.503304,12.662389,12.786279,25.289978,11.8915825,20.450937,30.758617,18.24529,20.040733,17.131172,9.068355,5.507154,27.91159,26.447884,27.844625,20.403152,5.7733755,12.103747,10.452426,27.430351,26.278156,24.534822,15.658481,11.821719,20.31249
1479,20.483295,30.030354,22.040228,4.157204,10.82558,2.7369323,19.642656,15.401834,5.8599586,6.27042,26.441244,11.99849,13.674209,26.243086,8.868642,16.929071,32.712765,18.81052,22.884224,17.131346,9.857028,6.554197,28.178753,28.634134,28.644218,22.356724,2.5555305,12.236711,11.322018,29.681562,26.587498,24.880405,18.001673,11.997112,20.796625
1480,32.720337,25.640198,31.561785,27.586647,30.414288,17.918104,18.783697,8.157587,20.017256,5.025948,6.0067816,15.656264,7.53221,16.9179,18.14035,28.60063,22.713726,24.992039,14.831861,21.00499,14.72856,14.027147,25.522041,24.975246,14.788288,11.564165,15.219545,7.924782,9.803886,4.5731735,24.762033,23.30514,10.49005,15.40567,20.423857
1481,28.074532,26.93974,28.815443,22.478687,32.385086,10.779422,20.938593,8.715598,12.161853,2.1636615,6.477432,13.85442,7.8508134,16.477863,14.794049,25.853846,25.99055,23.384565,19.940514,22.841457,18.222815,17.463669,26.446987,24.403032,14.324495,11.266514,9.4003105,6.3363943,14.743708,5.299652,25.9348,23.707296,13.077919,13.914944,20.406725
1482,33.15671,25.786026,32.025,28.399147,30.777405,16.48253,19.11201,8.084761,18.360554,3.838222,6.0776067,14.799131,7.582426,16.863535,16.984873,27.813168,23.570526,25.514214,15.693523,21.315008,15.515698,14.808817,25.818832,25.905502,14.585043,11.709843,13.373117,7.231596,9.704655,4.7706895,25.165394,23.434782,10.745496,15.806691,20.465725
1483,19.91117,23.513058,20.697397,9.858324,13.677893,29.974218,16.758701,11.527953,32.087185,25.073997,5.508863,27.681671,7.339553,19.000628,31.992716,34.202785,8.270499,18.136705,8.833695,20.487104,6.377932,4.0781107,22.031857,14.897588,12.760134,12.379444,31.4137,19.028816,20.576286,2.6242697,18.853163,23.710901,13.4315815,12.299496,23.09007
1484,24.226868,29.413021,26.062193,14.771647,30.764774,8.259921,22.363535,10.461346,10.939788,4.976151,12.529524,14.6726885,9.638184,17.671618,15.736588,26.076607,26.901333,20.897408,20.884922,22.926218,18.001156,15.80217,28.200027,22.344515,16.865334,11.651103,9.27936,7.900572,17.023079,9.153713,27.57255,25.037516,13.511588,12.144793,21.049448
1485,28.38381,27.38306,28.7688,21.940388,31.280607,12.571324,20.972483,9.021755,15.014377,5.1994767,9.078455,14.999422,8.266744,16.415575,17.207003,27.523834,24.058956,22.86201,17.657873,22.52655,17.240396,15.558052,26.785942,22.945604,14.096268,10.619194,11.840584,7.143757,13.867384,5.618671,26.215708,23.989883,11.44257,13.624048,20.588
1486,22.061321,29.724762,24.39786,13.8545885,34.03939,11.501695,23.960722,9.891795,15.833166,9.97535,11.838615,17.556717,8.134617,14.932585,22.030054,31.131287,22.52755,18.667269,18.691143,25.273012,19.703297,16.998613,27.976883,16.089176,11.701628,7.708019,15.078183,7.238803,20.282677,4.2942896,27.43406,24.634901,11.400823,9.405877,20.833616
1487,26.28544,28.530262,26.846245,15.429898,26.281384,9.369199,19.94633,10.841891,12.302466,4.7245636,15.301399,13.477202,10.636147,19.66701,13.719093,23.969254,27.586327,21.289528,18.919134,19.68192,14.265286,11.997659,27.50647,25.053556,20.891548,14.335163,8.789613,8.889641,11.737589,13.732496,26.647722,24.377676,12.934307,13.167142,20.345854
1488,20.775978,26.489449,22.384535,12.049676,24.7485,20.148869,20.60115,10.276814,23.403566,17.532715,8.654657,22.072445,7.517092,16.299974,26.799185,32.353542,15.162096,18.104637,14.179448,23.088356,13.874885,11.389676,24.90651,15.26532,11.210751,9.574851,22.629887,12.165003,20.54905,2.9647748,23.17341,23.827188,12.419553,10.426775,21.550478
1489,20.66748,30.575302,22.136454,3.8676932,10.608106,3.458029,19.837324,15.686584,7.153481,6.8316374,27.105675,12.395879,13.769211,26.70704,9.84601,18.09505,32.91586,18.770813,22.634308,17.332811,9.632884,6.1212816,28.6497,28.54422,29.275446,22.439854,3.3799782,12.599223,11.400891,30.14638,26.967806,25.267916,17.852232,12.020258,21.055254
1490,25.709412,28.96567,24.58623,10.256337,22.807156,17.547493,16.744492,11.311686,24.788174,10.225841,19.802433,15.0905075,10.836588,21.438025,19.60943,29.984213,26.006432,17.256401,12.96524,15.916922,7.9831843,5.1602936,27.007233,21.256824,27.666248,14.552208,17.810854,11.450211,6.9645624,17.933136,25.481031,23.248108,9.475022,10.722103,18.441545
1491,30.859604,25.579975,30.400356,25.64096,29.24401,11.992621,19.18867,8.477354,13.001414,2.1283014,7.3854523,13.203577,8.218439,16.918514,13.528373,24.05097,24.90825,24.711426,17.549221,20.772318,15.910575,14.986772,25.579807,26.389969,15.020963,12.358152,9.073076,6.789464,10.346663,6.611706,25.054193,23.139832,11.768862,15.427973,20.112047
1492,21.910286,29.891304,22.169628,5.4697933,16.181932,10.87263,18.163786,13.481267,17.208097,8.128707,22.660036,13.668097,11.693245,24.029535,15.866856,25.95995,29.502346,17.009583,17.57079,16.867691,8.561875,5.286511,27.85384,23.680214,28.750317,17.621082,11.216072,12.08431,10.262869,23.53474,26.09757,24.199749,13.434773,10.979246,19.462938
1493,20.76318,31.296413,22.447079,3.416519,10.361539,2.5505538,20.388372,16.254614,6.019312,6.685986,28.250025,12.405219,14.319303,27.62508,9.173745,17.416641,34.25307,19.201073,23.878262,17.615715,9.926151,6.370145,29.291283,29.710999,30.244541,23.551416,2.4817286,12.911131,11.742945,31.76655,27.586098,25.823969,18.856642,12.213418,21.561937
1494,31.175247,25.54663,30.247469,25.64753,29.174744,14.953731,18.666128,8.248823,17.136225,3.8161814,7.350928,14.041634,7.7366815,16.719194,16.175308,26.802608,23.549686,24.01159,15.573965,20.516268,14.879401,13.848339,25.394764,24.830788,15.198504,11.497693,12.293255,7.184181,9.720238,5.9280696,24.748575,22.877447,10.500642,14.958871,19.753887
1495,20.628944,31.235697,22.403,3.372187,10.85905,2.4092512,20.430738,16.120056,5.7377405,6.476186,27.860258,12.358509,14.261892,27.4313,9.036914,17.318106,34.23388,19.183527,24.061749,17.678043,10.15492,6.6676307,29.240803,29.654755,30.03606,23.390133,2.3679779,12.784037,12.002331,31.35513,27.556139,25.79099,18.944088,12.165197,21.530811
1496,22.644358,29.469326,22.824287,7.080469,20.309198,13.1969595,18.119081,12.285817,19.425499,8.720963,19.922804,14.4283905,11.091952,22.39262,17.465075,27.662827,27.755798,17.080463,16.672382,17.238873,9.534572,6.6331606,27.491165,22.409424,27.073013,15.7112665,13.672628,11.545168,10.866642,19.585367,25.851774,23.90893,12.603083,10.71764,19.204311
1497,20.404915,30.556519,22.048693,3.6639645,11.301815,3.046039,19.975216,15.555826,6.5151777,6.5449347,26.790226,12.294742,13.765073,26.492586,9.521978,17.782219,33.005665,18.735651,23.031593,17.426508,10.01431,6.5652947,28.62325,28.537315,29.024548,22.304447,3.0469227,12.419549,11.793137,29.775827,26.982786,25.246931,18.065262,11.90505,21.035084
1498,29.178314,26.556988,28.964025,21.632896,27.955198,11.452061,19.07071,9.254117,13.30362,2.693889,9.940592,13.098673,8.975662,18.171618,13.554126,24.27584,26.233578,23.27935,18.022003,20.020126,14.860264,13.60601,26.162666,26.13517,17.972815,13.259257,9.202343,7.6727896,10.5094385,9.573432,25.46231,23.443842,12.291269,14.614944,19.969812
1499,26.461895,28.570078,27.528208,17.950554,31.669209,10.406419,21.21697,9.723609,12.858139,3.4072556,9.876373,14.156475,9.021483,17.983637,15.345337,26.59424,27.451347,21.949257,20.543728,22.321953,17.388554,16.059465,27.59782,24.111748,17.731173,12.127859,9.945397,7.5670614,15.3679,8.468105,26.881857,24.480383,13.671554,13.06452,20.58655
1500,33.032177,26.026438,31.988825,28.196392,30.927998,15.841783,19.3581,8.188153,17.723328,3.6504276,6.4637976,14.589773,7.6910725,16.917906,16.691385,27.63054,23.973734,25.498346,16.088503,21.502872,15.827801,15.033745,26.03341,26.032303,14.639829,11.762249,12.778757,7.0538893,9.917133,5.0523324,25.411554,23.545656,10.868468,15.77953,20.509752
1501,20.524502,31.076664,22.26255,3.2881198,9.956496,2.2430701,20.303602,16.241566,5.5393553,6.6106424,28.183796,12.295695,14.298261,27.569056,8.851176,16.910461,34.144222,19.146845,23.966265,17.497686,9.879451,6.3681087,29.089275,29.736172,30.059769,23.637827,2.1560314,12.887992,11.754203,31.850653,27.392773,25.680159,18.987106,12.174284,21.49074
1502,30.754389,25.770538,29.9179,24.792942,29.105911,14.674356,18.663685,8.391338,16.976028,3.6388252,7.634592,13.944133,7.8542094,16.949522,16.034662,26.82807,24.028118,23.71637,15.867278,20.439264,14.7822275,13.727335,25.533798,24.788872,15.868001,11.642052,12.144412,7.301222,9.930002,6.417446,24.8569,22.94732,10.684199,14.80286,19.715801
1503,20.318487,31.447283,22.596304,3.640773,14.747991,1.8477304,21.115488,15.478227,4.6419287,5.180189,25.54529,12.349891,13.849578,26.356262,8.853241,17.774433,34.680393,19.298931,25.308838,18.676073,11.924134,8.870231,29.442322,29.152054,28.989523,22.315622,2.187035,11.964592,13.742745,28.805473,27.916597,25.948734,19.298517,11.93205,21.593176
1504,21.801723,30.763763,22.571823,5.0472736,12.354768,6.6467123,19.382381,15.144688,11.838603,7.679736,26.247545,13.018431,13.06717,26.065798,12.747878,21.949518,31.881924,18.29998,20.310389,17.413654,9.040462,5.3799367,28.776123,26.789537,29.392612,20.733698,6.668965,12.444136,10.573008,28.21526,27.036852,25.154879,15.778365,11.843411,20.636568
1505,31.910551,25.87459,30.955389,26.608063,30.372486,17.012259,19.035965,8.274934,19.256157,4.8988423,6.40926,15.327282,7.54054,16.860247,17.921728,28.492903,23.08342,24.494377,15.380234,21.224604,15.107713,14.293837,25.65691,24.643713,14.812151,11.40321,14.522332,7.6770306,10.450617,4.8927264,24.919643,23.273104,10.709519,15.048859,20.277658
1506,28.503122,28.230394,29.042467,20.41423,30.650814,10.479291,20.83253,9.742408,12.426135,3.000439,10.404647,13.849304,9.387252,18.392878,14.308801,25.401064,27.489048,23.353283,19.955868,21.765068,16.822613,15.395336,27.58836,25.914864,17.889597,13.015554,9.115219,7.6574287,13.334131,9.174278,26.916018,24.627256,13.322223,14.281006,20.890396
1507,29.749567,27.657007,29.453451,20.968985,26.051743,11.081024,20.114489,10.322574,13.130496,5.9288435,14.423079,14.467437,10.471259,18.491188,14.699674,23.861755,24.487823,23.835178,16.269815,19.787907,14.603496,11.468605,27.419899,26.109001,17.682785,13.10561,9.507893,9.216451,9.470054,10.891588,26.886349,24.885145,10.611664,15.496476,21.373995
1508,22.233633,29.901405,22.60217,6.338555,20.507996,12.418746,18.450865,12.46607,18.836973,8.12794,20.314816,14.208272,11.143975,22.618021,17.274612,27.875465,28.560013,16.93663,17.215353,17.489296,9.785907,6.7509484,27.855564,22.440653,27.472496,15.730747,13.085812,11.487995,11.3009815,20.016874,26.213455,24.157833,12.771485,10.6124115,19.310522
1509,23.13049,28.179361,23.615232,9.488562,18.89566,8.179994,18.177902,12.174293,12.057233,5.1720543,19.200832,12.359394,11.3066,22.005173,12.267921,22.031408,28.833315,18.772572,18.698345,17.105337,10.579816,8.045901,26.731209,25.07135,25.175451,16.944832,7.672091,10.269791,10.084225,20.126348,25.440985,23.491858,13.837222,11.982424,19.273905
1510,21.446287,30.605467,22.364847,4.769678,10.99157,5.6090174,19.427404,15.444723,10.370828,7.562896,26.785011,12.772212,13.2767725,26.384977,11.805636,20.584621,32.116737,18.432358,20.891882,17.326447,8.999001,5.3360705,28.638325,27.355843,29.332195,21.449223,5.521987,12.555721,10.6305065,29.224792,26.908274,25.103949,16.404861,11.939406,20.730095
1511,30.773865,27.524826,30.487131,23.405312,28.890675,11.594873,20.62272,9.6561365,13.270126,5.176955,12.136763,14.617193,9.821033,17.606627,15.091426,24.694756,24.323889,24.650692,16.651506,20.823494,16.040665,13.280855,27.42184,26.1995,15.965996,12.162043,9.802951,8.375151,10.202845,8.39939,27.033329,24.886557,10.567026,15.783194,21.486378
1512,23.338894,29.113626,22.729961,7.3207207,21.17773,17.938225,16.931433,11.6853285,25.42359,11.030081,18.92113,15.778269,10.309897,21.819372,20.945784,31.162682,25.842754,16.109154,13.875981,16.56182,7.9071145,5.2027183,26.925812,20.188755,27.750137,14.5699415,18.727484,12.184212,9.531971,17.974943,25.15079,23.326643,10.705823,10.0641,18.554926
1513,25.11485,30.070995,26.678192,14.203704,29.85972,8.0219,21.818415,11.059914,10.738345,3.57191,13.72308,13.879396,10.488323,19.808756,14.027068,25.205217,29.733467,21.373516,22.166162,21.95278,16.941662,15.084179,28.788399,25.15612,20.750872,14.051671,8.183795,8.509969,15.639721,12.710506,27.983232,25.420717,14.979926,12.777559,21.130777
1514,32.53686,25.722649,31.532862,27.656326,30.225657,15.133026,19.111612,8.171392,16.900831,3.4096348,6.7101765,14.214145,7.7285476,16.779375,16.055754,26.837328,23.86186,25.199575,16.003147,21.130764,15.586142,14.723798,25.743633,25.888186,14.614059,11.760054,12.083593,6.973323,9.680563,5.332268,25.150545,23.287104,10.761365,15.66082,20.27103
1515,31.254532,25.796669,30.291899,25.37491,29.087635,15.272567,18.731058,8.378583,17.648384,4.3358493,7.949018,14.283422,7.932995,16.904207,16.571434,27.139158,23.457634,23.964706,15.353799,20.463675,14.717098,13.509076,25.6139,24.791454,15.489052,11.5438,12.712007,7.4340763,9.65289,6.2002277,24.931541,23.06927,10.375796,14.96291,19.88001
1516,21.198524,31.006517,22.491776,4.240323,13.23739,5.184209,19.89856,15.208099,9.619811,6.983655,26.117266,12.819267,13.442058,26.180067,11.505018,20.601288,32.645924,18.540482,21.869776,17.677498,9.9289255,6.377118,29.024162,27.594242,29.3832,21.181293,5.2738276,12.381504,11.690522,28.320807,27.31962,25.458488,16.93827,11.858219,20.950651
1517,20.754074,30.305237,22.240355,4.4977064,13.870053,4.232275,19.779907,14.726234,7.9843345,6.222543,25.027473,12.398506,13.181816,25.333954,10.490317,19.352646,32.17787,18.502693,22.128242,17.588194,10.408973,7.0876155,28.421509,27.355762,28.163433,20.736141,4.344764,11.806965,11.855942,27.185957,26.851826,24.990005,16.97475,11.708697,20.646238
1518,32.564114,25.71539,31.480341,27.538801,30.356285,16.303448,18.97079,8.119111,18.343893,4.076114,6.478503,14.741861,7.6107845,16.771404,17.026014,27.736746,23.353998,25.0117,15.445033,21.067036,15.252827,14.421253,25.676895,25.382416,14.696449,11.545736,13.421095,7.2953386,9.702626,4.9810815,25.020147,23.273245,10.5317335,15.498257,20.26644
1519,30.5961,26.182701,30.152342,24.855392,30.171148,13.249948,19.430328,8.53375,15.038201,3.003119,7.545783,13.820133,8.074752,16.954992,15.203988,26.064335,24.829956,24.145823,17.198006,21.147387,15.933098,14.902256,25.965652,25.388763,15.427192,11.813861,10.816756,6.9920025,11.012466,6.2701573,25.368963,23.348745,11.449505,14.941393,20.120771
1520,28.153065,27.842161,27.321215,16.426153,25.113098,14.255771,18.299688,10.283879,19.084023,9.036036,18.04914,14.858425,10.923088,18.562887,17.49624,26.657751,23.08311,20.47777,12.6064415,17.427795,11.22617,7.6258607,26.911095,22.249115,20.853714,12.356947,13.947433,9.90395,7.3490067,12.6763,26.032316,23.854818,8.1143,12.9593935,19.704027
1521,30.35829,25.477661,29.578678,24.591576,28.79914,16.605146,18.679424,8.40488,18.90914,5.832573,7.160016,15.402876,7.6282187,16.629078,17.959183,27.865597,22.091362,23.420551,14.853763,20.638977,14.454004,13.360736,25.15366,23.514378,14.6034775,11.163858,14.578262,8.029832,10.655334,5.244098,24.37367,22.887327,10.504372,14.423511,19.947815
1522,20.603352,30.701591,22.104708,3.59108,9.83395,3.018195,19.87514,15.975724,6.6307807,6.7947774,27.721834,12.292257,13.984237,27.170248,9.412,17.549662,33.40579,18.84955,23.019978,17.242989,9.474474,5.9514127,28.745548,29.038683,29.777624,23.049543,2.879248,12.784035,11.292276,31.162066,27.039698,25.348354,18.261152,12.0825405,21.153593
1523,19.380415,29.967798,21.565126,4.1191187,15.635696,2.765456,20.49542,14.275822,5.855807,5.6195736,23.33127,12.344399,12.655217,24.040918,10.104537,18.661436,31.68628,18.210953,23.204008,18.489517,12.03403,8.992178,28.067566,26.275295,25.965473,19.659748,3.5139823,11.058256,13.808638,25.116846,26.709532,24.757318,17.404005,11.135129,20.58596
1524,22.85523,28.20862,25.23842,15.94678,33.44376,7.8732257,22.68816,9.34693,9.881572,3.304515,7.574279,14.446909,7.8530927,15.633736,15.883202,26.51692,26.088089,20.503967,21.96955,24.378426,20.06848,18.865187,27.036465,20.595505,13.354962,9.726737,9.111037,6.3023415,19.663612,4.935744,26.587622,24.027544,14.030921,11.388548,20.406624
1525,23.79161,28.95454,23.966139,9.238963,20.344315,10.588971,18.186235,12.163915,15.598473,6.571125,19.911722,13.206736,11.416045,22.157187,14.531641,24.72769,28.475206,18.427488,17.423838,17.045918,10.148177,7.288463,27.32838,24.212687,26.251274,16.290133,10.387519,10.789772,9.739566,19.801445,25.939646,23.870104,12.817527,11.7086315,19.348822
1526,23.653671,28.386532,24.465654,13.753307,30.931591,17.29627,20.871687,9.515119,22.806383,12.997876,13.159584,18.412737,8.342577,15.945611,23.995838,32.226944,20.373901,17.754007,14.477014,21.803118,15.006861,12.492199,26.571846,15.914794,15.007274,8.88847,20.022232,8.8329935,15.346045,6.1839476,25.588518,23.424086,9.5793915,9.158348,19.681953
1527,23.07851,28.908398,23.063978,7.9069004,18.813686,11.612098,17.7264,12.346038,17.439793,7.597888,20.702295,13.462824,11.2540655,22.420095,15.674575,25.758528,27.9711,17.495682,16.416933,16.582388,9.089034,6.040948,27.112823,23.182056,26.903666,16.186123,11.664977,11.230629,9.359057,20.54277,25.587793,23.597958,12.243461,11.160311,19.01502
1528,24.082924,28.578247,24.12378,10.102546,20.814617,11.379753,18.04143,11.793622,16.42367,6.749571,18.942114,13.422493,10.998944,21.533047,15.190903,25.347515,27.590202,18.491741,16.73196,17.16452,10.202376,7.4275155,27.026974,23.58456,25.316225,15.574507,11.164342,10.60265,9.657977,18.457226,25.674774,23.663515,12.232375,11.729374,19.239305
1529,20.72934,28.89942,22.204037,5.779553,12.696641,3.4399498,19.184477,14.294934,6.117759,5.6007085,23.542309,11.907487,12.829349,24.521566,9.072778,17.196613,31.0382,18.890062,21.983149,17.155996,10.359124,7.4350495,27.298412,27.562563,26.523415,20.699509,3.1253562,11.448934,11.404527,26.266365,25.848886,24.242664,17.10182,12.077151,20.324087
1530,27.08411,27.601488,27.53515,17.447212,25.83393,8.09239,19.501337,10.484603,9.867506,2.0242982,13.112443,12.338045,10.219197,19.791653,11.284524,21.887823,28.72454,22.416893,20.146702,19.51115,14.526589,12.99715,26.902763,27.111397,20.74012,15.241713,6.4513454,8.281284,10.961806,13.814854,26.158472,23.987604,13.934787,14.117343,20.214252
1531,20.241688,30.273682,22.030218,3.843435,11.451948,2.3267865,19.95081,15.4355,5.246191,5.8477364,26.078781,12.02099,13.681976,26.336546,8.648752,16.864086,33.27622,18.908,23.676449,17.468786,10.300696,7.1316185,28.397484,28.879011,28.747509,22.50684,2.2354906,12.191095,12.032662,29.587729,26.800097,25.097757,18.546116,11.989488,20.981985
1532,32.37088,25.457817,31.28784,27.381,30.284973,17.645287,18.765017,8.096303,19.650402,5.030882,5.867564,15.564148,7.4447384,16.716702,17.998602,28.33357,22.486626,24.81765,14.866994,20.99712,14.814029,14.122351,25.33825,24.748554,14.412678,11.424192,14.997888,7.8038034,9.977266,4.3866954,24.596449,23.147558,10.516168,15.26306,20.3146
1533,24.121376,30.562962,26.000391,11.970827,26.666994,5.8647656,21.99487,12.133018,8.279917,3.5607142,16.36902,13.50913,11.374986,21.180868,12.433789,23.053223,31.050081,21.285587,23.316456,21.516287,16.233704,14.106065,29.187592,26.270517,22.362282,15.991374,6.20314,9.293356,15.398097,16.212864,28.318222,25.865145,16.098038,12.873862,21.566637
1534,22.30088,29.608627,22.941301,6.788166,17.646214,8.149176,18.815329,13.208923,13.129696,6.8963375,22.683874,12.894564,12.158536,23.365765,13.377139,23.06154,29.687042,18.004667,18.741886,17.125748,10.032102,6.7156806,27.81115,24.898178,27.049225,17.739277,8.276438,11.124776,10.399929,22.884428,26.334566,24.265978,13.929946,11.412821,19.715197
1535,21.610468,29.225657,24.097036,13.39038,34.060432,9.730891,23.217567,9.655412,13.375775,6.625394,9.967796,15.952835,8.087201,15.414802,19.233202,29.42339,24.617413,18.775183,20.401272,24.616035,19.69465,17.670687,27.588848,17.74255,13.403923,8.467501,12.445585,6.886235,20.43527,4.8882303,27.024572,24.26097,12.778324,9.868313,20.336424
1536,22.500372,24.826448,22.947,12.891429,19.751945,24.236238,17.47702,10.53537,26.996277,17.612282,7.124877,22.573965,7.723609,18.500689,26.440372,32.01862,14.626825,18.9068,11.954864,20.30207,9.370111,7.549702,23.467575,17.661682,14.971029,12.085772,24.771955,14.712259,17.496672,4.817556,21.108545,23.268736,12.892846,12.13896,21.419798
1537,19.916027,24.367558,20.96717,10.091611,16.486216,28.44024,17.865303,11.273968,30.930422,24.288984,6.2018023,26.959286,7.315351,18.365032,31.711647,34.480602,9.401328,17.978107,10.028024,21.439995,8.209623,5.815488,22.77829,14.626307,12.095566,11.61907,30.3043,17.632341,21.202835,2.333551,19.871735,23.849821,13.356108,11.673353,22.88436
1538,20.7141,31.043608,22.40051,3.6217535,10.42602,2.5725296,20.302536,16.087427,5.910229,6.641793,27.819601,12.387139,14.188893,27.335619,9.14292,17.29166,33.870438,19.204159,23.72512,17.591204,9.984331,6.477214,29.088829,29.537094,29.779585,23.307705,2.4813929,12.803813,11.779326,31.246326,27.406656,25.69081,18.743862,12.2274,21.48784
1539,24.416069,29.446426,23.84601,8.345799,21.402218,14.449855,17.314302,11.997148,21.291746,8.947652,21.248116,14.228342,11.448215,22.32871,17.528421,28.013008,27.756996,17.160465,14.850236,16.031103,8.404464,5.364331,27.456688,22.404644,28.44136,15.664993,14.79162,11.422137,7.8310328,20.114353,25.905954,23.622875,10.8279295,10.745596,18.71829
1540,22.075962,28.618172,22.453856,7.785589,21.470413,15.119077,18.297644,11.555583,20.94858,10.679158,17.444683,15.889135,10.194373,20.881952,19.603813,28.77214,24.88181,16.849937,15.872256,18.046421,10.197387,7.4973426,26.704842,20.539112,23.91492,14.213745,16.0549,11.476629,12.478792,15.975496,25.04936,23.562904,12.315423,10.297943,19.289902
1541,22.985365,29.056026,24.646837,13.74457,32.638103,12.511825,22.055874,9.726034,16.90763,8.421253,11.597101,16.529566,8.492333,16.122808,20.432478,30.250671,23.755108,18.689566,18.154644,23.114887,17.503212,15.270496,27.406155,17.90165,15.18227,9.115379,14.864902,7.7818003,17.75426,6.2102327,26.645552,24.08642,11.584661,9.995131,20.107512
1542,29.473087,25.760176,28.930021,23.509073,29.889908,16.009747,18.956648,8.31516,18.689913,5.705254,7.3679543,15.156358,7.505556,16.282473,18.066336,28.182995,22.476322,22.64445,15.279799,20.872314,14.977962,13.915966,25.251778,22.648907,14.630199,10.667223,14.462488,7.5194664,11.289524,5.1183934,24.52373,22.716412,10.454772,13.654368,19.602707
1543,28.734287,27.943012,28.776215,20.339407,29.118765,12.464152,20.577478,9.725215,15.460166,6.7974014,13.150863,15.139513,9.646163,17.344543,17.038456,26.716684,23.785965,22.620384,16.110947,20.987886,15.519706,12.786794,27.337952,23.358149,16.191845,11.4019165,11.895027,8.296148,11.586296,8.352915,26.708338,24.498716,10.296163,13.861837,20.842688
1544,29.725197,26.014458,29.269573,22.957952,28.24686,12.43876,18.785677,8.820492,14.282694,2.7657397,8.7688,13.241842,8.454543,17.561457,14.1593,24.862173,25.32003,23.47661,17.211685,20.069563,14.803986,13.684986,25.73246,25.678612,16.974228,12.601484,9.986298,7.433508,10.1742525,8.214218,25.059015,23.11698,11.652203,14.743191,19.786312
1545,24.590597,27.775314,25.14998,14.896752,29.093987,17.124155,20.076012,9.607662,21.660295,11.502904,11.746766,17.841732,8.49924,16.784544,22.335123,30.913977,20.960342,18.929184,15.023893,21.232323,14.3385935,12.130266,26.311268,18.194202,15.967219,10.097053,18.562658,9.439058,14.889687,6.6763315,25.189629,23.559172,10.67258,10.676479,19.978045
1546,18.818779,28.247253,20.967337,6.6743536,23.537397,11.023662,20.292547,11.261952,14.781701,9.000731,13.29619,15.994456,9.386274,19.170574,18.194014,26.825424,24.493942,16.95918,19.687603,20.728424,14.085694,11.784305,26.482693,19.820995,19.359669,12.802383,12.769026,10.625455,18.47493,12.093953,25.045218,23.881624,15.0016165,10.113153,20.062956
1547,21.563068,30.446016,22.25736,4.7898836,13.106478,6.9353504,18.98068,14.754327,12.301915,7.3637023,25.682165,12.7891445,12.862687,25.62763,12.7606,22.181982,31.61279,17.836262,19.865631,17.013268,8.863133,5.2914453,28.442905,26.232758,29.460524,20.15993,6.994226,12.193425,10.291982,27.525259,26.71632,24.773249,15.329547,11.5320015,20.178818
1548,21.370789,29.03014,22.618177,6.432282,14.590579,4.482151,19.067028,13.863901,7.612992,5.466156,22.964254,12.001053,12.654406,24.055607,9.852832,18.539162,30.834198,18.821636,21.253094,17.142923,10.465773,7.5027113,27.426128,27.038889,26.609047,19.80819,4.192451,11.1849785,11.044109,25.047749,26.014082,24.230001,16.252878,12.010573,20.123554
1549,27.046263,27.49805,27.81408,19.514751,30.856567,10.337631,20.531261,9.273141,12.301527,2.5806959,8.781429,13.59943,8.588697,17.516008,14.451707,25.535477,26.860125,22.366531,19.956059,21.80226,16.980968,15.906696,26.768078,24.483803,16.882433,12.111409,9.284666,7.1507406,14.155887,7.907988,26.121687,23.854761,13.262992,13.470974,20.216059
1550,21.933826,29.386606,22.05425,5.723517,13.51591,9.483017,17.774431,13.908686,15.381205,7.993368,23.970148,13.00055,12.076648,24.518263,14.237281,23.72881,29.681408,17.18682,17.619371,16.218687,7.904094,4.5184193,27.421108,24.56129,28.894936,18.698175,9.420364,12.118269,9.172642,25.479124,25.69435,23.826372,13.713355,11.245625,19.28862
1551,21.835075,29.708784,22.483797,6.46183,21.765762,11.960523,18.766195,12.134348,18.017557,7.9602695,19.4157,14.220305,10.974889,21.93984,17.113459,27.56102,28.143589,16.90453,17.61916,17.871872,10.626646,7.7046037,27.690247,22.085548,26.318611,15.130766,12.798374,11.049133,12.171743,18.740011,26.140291,24.048475,12.957338,10.402008,19.276287
1552,31.949978,25.983887,31.296223,26.960976,30.247866,13.339196,19.52475,8.441626,14.631394,2.6537614,7.0842466,13.78607,8.060324,16.986221,14.76089,25.552254,24.81715,25.27182,17.252888,21.36913,16.195852,15.294781,25.990395,26.485132,14.779039,12.186735,10.34206,6.81929,10.396771,5.974981,25.446215,23.495417,11.5353,15.698154,20.453054
1553,20.181835,30.235046,22.979006,8.579711,30.83603,5.9424496,22.371569,11.032514,9.26399,3.1476738,12.881826,13.543085,9.725564,18.868639,14.361997,25.730942,30.121998,18.299252,23.789173,22.59872,17.96272,16.316225,28.341026,21.759651,20.354885,12.609996,7.8655615,7.903775,19.228645,12.1339,27.54687,24.705597,15.807931,10.188267,20.184126
1554,22.0708,29.741245,22.698143,6.977996,23.895767,13.374031,18.881659,11.653164,19.668037,8.4831295,18.237864,14.823523,10.577526,21.194132,18.44532,29.001635,27.405125,16.761192,17.120811,18.24881,11.0768,8.32817,27.66716,21.068138,25.64589,14.112577,14.516029,10.857708,12.590414,16.882711,26.16427,24.00261,12.409967,10.072279,19.20101
1555,21.67531,31.18937,22.701548,4.246378,12.704237,5.1214437,19.615915,15.455092,9.819852,6.9205847,27.324995,12.541104,13.817481,26.74817,11.0537,20.296207,33.3281,18.520779,21.661377,17.13967,9.335395,5.684303,29.144188,28.111206,30.620602,21.760311,5.0675154,12.524633,10.531705,29.762075,27.428396,25.39404,16.781729,11.872639,20.784027
1556,32.692062,25.764791,31.902586,28.140823,30.354534,13.416543,19.44557,8.3052225,14.41018,2.298267,6.618226,13.657369,8.051395,16.9757,14.367193,25.156452,24.788673,25.86198,17.273458,21.354061,16.289963,15.520317,25.912983,27.16726,14.532339,12.35916,10.011068,6.708584,9.978468,5.746962,25.396803,23.49106,11.634622,16.126947,20.537985
1557,20.900438,30.434559,22.384512,4.661622,15.068583,4.7685623,19.85903,14.498649,8.670737,6.191434,24.44231,12.555418,13.040149,25.0594,11.009617,20.168388,32.07738,18.463938,22.005535,17.779984,10.676881,7.390062,28.54066,27.042164,28.052443,20.231579,4.951211,11.676755,12.150567,26.31293,26.973446,25.063131,16.751974,11.655842,20.630104
1558,27.304424,24.216255,26.633982,20.10652,24.70562,22.694654,17.06668,8.901376,25.157469,12.100283,5.627171,19.37128,7.160454,17.17453,22.874788,30.48211,17.296394,21.17985,12.032857,19.731419,10.943579,9.922163,23.383732,20.209818,14.704462,11.422581,21.660967,11.484701,12.694165,4.006854,21.807688,22.353487,11.018468,13.2356,20.195261
1559,21.598469,30.59756,22.419373,4.6259546,13.031869,6.0226536,19.12554,14.955708,11.001462,7.031102,26.297592,12.535732,13.283797,25.983042,11.742805,21.053265,32.27931,18.089611,20.599346,16.901188,9.051051,5.4810257,28.58788,27.04726,29.89916,20.799126,5.98755,12.237343,10.233678,28.41057,26.892344,24.883512,15.916481,11.640599,20.299006
1560,21.533974,30.559343,22.488487,5.0218983,13.963481,6.659238,19.450655,14.650798,11.610547,7.3231125,25.076239,13.02753,12.854859,25.34551,12.767055,22.081587,31.432816,18.211224,20.389618,17.544323,9.61473,6.076582,28.62703,26.353683,28.635504,19.951939,6.7988844,12.106863,11.18399,26.61702,26.939499,25.073387,15.665154,11.706191,20.540718
1561,27.758106,26.906607,27.926088,18.996632,25.878204,8.994421,19.132689,10.030318,10.600423,2.1037376,11.969807,12.414086,9.768521,19.191225,11.638901,22.079227,27.669695,22.752106,19.288591,19.388313,14.428802,12.976534,26.389477,26.979713,19.666138,14.669592,6.995093,8.107173,10.407738,12.532679,25.6885,23.629597,13.3382225,14.429555,20.039793
1562,21.753435,29.590488,22.496162,6.4907084,20.047606,10.103469,18.910517,12.538592,15.664483,7.596355,20.704803,13.678017,11.4169235,22.31442,15.574538,25.603973,28.528227,17.270535,18.095165,17.70235,10.583352,7.445023,27.676064,22.992096,26.124758,15.987887,10.757638,10.954777,11.737651,20.160898,26.176062,24.097036,13.317585,10.736027,19.450855
1563,26.606853,28.874275,27.70334,18.558167,30.865393,10.741885,22.380594,9.979913,13.721299,7.2388535,12.757795,15.788982,9.29017,16.509995,18.026834,27.591915,23.90047,21.95593,17.913933,23.17746,17.782597,14.995558,27.98566,21.4482,14.02059,10.314365,11.595903,7.758548,15.333385,6.859474,27.463404,25.026236,11.127994,12.800085,21.35139
1564,20.629978,31.82673,22.567884,2.780379,9.456337,1.3862238,20.82525,16.886,4.4947643,6.5272784,29.444862,12.328204,14.883054,28.62564,8.197096,16.248848,35.558647,19.572632,25.227526,17.761286,10.070929,6.5225596,29.75053,30.984045,31.200243,24.88633,1.280917,13.270396,12.089639,33.69934,28.003176,26.24771,20.056173,12.392404,22.009777
1565,23.007692,28.989254,22.53716,7.1639614,18.993637,14.958859,17.011585,12.134568,22.0813,9.181089,20.198994,14.406244,10.63351,22.334473,18.537138,28.940964,27.084982,16.425142,14.6933775,16.282188,7.878046,4.939108,26.945858,21.345993,27.903786,15.397421,15.387528,11.806889,8.950935,19.913141,25.240873,23.299505,11.092135,10.475824,18.540829
1566,27.884108,27.973995,28.077362,18.165077,26.289837,9.838218,19.733126,10.485131,12.1875725,3.8035893,13.783592,13.287489,10.256927,19.521627,13.270712,23.674314,27.451233,22.559368,18.756628,19.807533,14.403087,12.397333,27.275803,26.276323,20.1227,14.469269,8.406534,8.633938,10.87508,12.862694,26.486465,24.349047,12.834623,14.2131815,20.537268
1567,28.186663,27.502295,28.800978,21.382568,31.55621,10.938733,20.804632,9.146394,12.699857,2.7610154,8.252983,13.933325,8.502772,17.301199,14.851869,25.91283,26.472435,23.215425,19.73824,22.287792,17.462914,16.37508,26.919357,24.863213,15.978362,11.9206505,9.609862,7.0114784,14.113238,6.9590354,26.317759,24.07266,13.065404,13.9981785,20.55631
1568,20.685843,31.75753,22.472586,2.7175872,8.936853,1.7603483,20.555386,16.93605,5.06478,6.6650424,29.54659,12.294017,14.87909,28.762867,8.361035,16.464092,35.478527,19.433952,24.890047,17.51841,9.677529,6.094168,29.675419,30.93103,31.579819,24.921574,1.5400845,13.424404,11.765337,33.97531,27.886158,26.15407,19.912527,12.419518,21.88503
1569,20.790524,30.980526,22.297873,3.8121731,13.477282,4.344369,20.033323,15.200123,8.467553,6.5769544,26.157658,12.58449,13.544402,26.145052,10.788465,19.79191,32.971996,18.495651,22.474993,17.672342,10.229295,6.7260346,28.97723,27.796806,29.31433,21.355469,4.5035477,12.239443,11.972298,28.484137,27.315826,25.418116,17.336105,11.715498,20.934727
1570,22.090504,31.203655,22.897642,4.8075514,14.532593,6.510114,19.476892,14.948471,11.761422,7.0744677,26.418863,12.797984,13.404506,26.09591,12.307092,22.049019,32.762894,18.257793,20.724293,17.23943,9.404645,5.782126,29.1291,27.112679,30.346462,20.63884,6.604904,12.219561,10.407503,28.157663,27.433786,25.275057,15.804285,11.656324,20.516958
1571,24.37329,30.01509,25.361116,11.047475,26.260105,8.834241,20.21549,11.714297,12.86571,4.7958965,17.495995,13.401677,11.332477,21.14437,13.950019,24.920197,29.887787,19.714657,20.181925,19.414434,13.768201,11.362984,28.43708,24.744127,24.413189,15.256165,9.089459,9.604034,12.635925,16.789738,27.389925,24.836323,13.957307,11.993003,20.234545
1572,20.374273,30.743277,22.014843,3.2574532,8.878183,2.1653345,20.006426,16.295263,5.4683285,6.7169743,28.358515,12.144274,14.228315,27.599703,8.663697,16.502779,33.89137,18.99369,23.67412,17.203588,9.459155,5.962021,28.769413,29.653225,30.012362,23.792318,1.9939018,12.92857,11.344812,32.261257,27.063116,25.403399,18.897144,12.136623,21.299128
1573,29.111532,27.586115,29.736864,21.586912,27.340115,6.9827213,20.74576,10.380481,6.984729,0.7515785,10.998758,12.546978,10.037318,19.591402,10.043566,20.3895,29.314135,25.051926,22.089172,21.138966,16.76813,15.600616,27.342941,29.614388,18.459717,15.758732,4.552146,7.8775797,11.796744,12.296856,26.855017,24.75107,15.199129,15.804346,21.443846
1574,21.393631,29.835236,23.953323,10.511394,30.734331,6.1734357,22.230587,10.837465,8.972511,2.9670796,12.336887,13.567822,9.705518,18.72256,13.954476,25.106686,29.727203,19.24667,23.534393,22.582645,17.99022,16.48572,28.171303,22.54805,19.64116,12.81453,7.613048,7.813078,18.51381,11.573849,27.427206,24.715437,15.684987,10.89785,20.391016
1575,26.367683,28.20258,26.717447,15.710824,26.668625,11.038762,19.348848,10.45706,14.19858,4.1012588,13.137363,13.502459,9.913577,19.736639,14.466661,25.39031,27.809483,21.088297,18.96312,19.665878,13.935607,12.261404,27.141857,24.987543,21.504282,14.159681,10.082985,8.949291,11.958705,13.008875,26.168238,24.01535,13.292325,13.123431,19.958204
1576,31.299673,26.211208,30.793598,26.128462,30.840572,13.751855,19.698883,8.422168,15.421469,2.99812,6.838829,14.061024,7.8299217,16.818642,15.616841,26.569117,24.73443,24.708395,17.272583,21.6731,16.384281,15.502219,26.06549,25.609283,14.741961,11.71336,11.162125,6.811013,11.176847,5.5553155,25.494755,23.482601,11.4902935,15.207218,20.351328
1577,23.772018,27.487638,25.195969,15.835223,27.383778,12.909148,21.471273,9.997601,15.501536,9.895811,10.375139,17.29174,8.538314,16.4773,19.88914,27.980328,21.035568,20.483307,17.582615,22.979597,16.609219,14.18062,26.50687,19.812428,12.817669,10.326557,13.920828,9.118869,17.773247,5.7011313,25.531107,24.290442,12.558138,12.140915,21.16556
1578,28.633596,26.850925,28.163656,20.427185,28.525545,16.362473,19.104174,9.138506,19.882206,8.211984,11.052013,15.965464,8.678235,17.197645,19.133055,28.579172,22.2373,21.685532,14.6041975,20.206684,13.883664,11.95517,26.077541,22.050884,16.490469,11.234549,15.5853195,8.725725,11.041076,7.3547378,25.168304,23.397017,10.1208315,13.110577,19.955671
1579,25.521214,27.935308,27.038404,18.315777,32.462635,9.025831,21.565561,9.336922,10.763529,2.2816684,7.9066806,13.7985115,8.353077,17.022276,14.522082,25.653477,27.278732,21.914164,21.533276,23.047028,18.57634,17.673893,27.031597,23.586681,15.758719,11.527586,8.697854,6.682048,16.701385,6.858791,26.448313,24.05255,14.179654,12.772284,20.41235
1580,22.526114,29.714348,22.438326,6.107437,17.779396,12.355144,17.68741,12.9377575,19.13827,8.186688,21.975122,13.76094,11.370162,23.462957,16.720814,27.233042,29.001486,16.754526,16.45378,16.517057,8.258021,5.081475,27.636555,22.877197,28.905502,16.767887,12.733416,11.882351,9.4195,22.354229,25.91649,23.872953,12.363946,10.743777,19.020699
1581,30.585665,26.161125,30.022333,24.492407,29.727468,13.648083,19.142326,8.569408,15.635048,3.224487,7.8666315,13.818595,8.153023,17.149439,15.352729,26.221636,24.780645,23.939148,16.871304,20.78334,15.440839,14.373052,25.91079,25.361908,15.999877,11.938577,11.174565,7.219694,10.617298,6.6995416,25.265583,23.275625,11.328304,14.888402,19.994041
1582,20.29781,29.834679,21.966717,4.3122106,11.850982,2.7383695,19.663965,15.048245,5.6855826,5.773284,25.288368,11.971436,13.360107,25.721273,8.8890295,17.130695,32.536903,18.767057,23.023134,17.340546,10.251389,7.141948,28.02678,28.278584,28.069448,21.830978,2.626411,11.925886,11.7934675,28.494211,26.470991,24.781687,17.963089,11.924492,20.702566
1583,28.812876,26.439377,28.62449,21.858337,29.758194,13.173926,19.166136,8.720937,15.554589,3.2584708,8.097938,13.73062,8.100017,17.251135,15.533102,26.560528,25.25485,22.686087,17.450968,20.707504,15.372843,14.360094,25.912903,24.38734,16.827927,11.789503,11.328399,7.347988,11.65334,7.2523084,25.203547,23.136272,11.754598,13.969784,19.66104
1584,29.133562,26.25594,29.221333,22.373528,27.530163,8.971653,19.51095,9.37238,9.692304,1.3037238,9.727451,12.413115,9.146708,18.175451,11.326478,21.690342,26.980457,24.087519,19.447952,20.255568,15.746772,14.597466,26.069912,27.536179,17.129486,13.975019,6.4297605,7.2377577,10.607519,10.038412,25.55533,23.512291,13.191417,15.172529,20.272135
1585,21.796495,29.42359,22.5547,6.3256216,16.32204,7.1998334,18.731283,13.453889,11.867526,6.460926,22.82399,12.564865,12.215295,23.704775,12.490605,22.001339,30.112759,17.96539,19.347887,17.026106,9.8858385,6.667237,27.639664,25.347166,27.206049,18.345009,7.1952977,11.16474,10.563452,23.76348,26.127542,24.152145,14.562115,11.456591,19.687132
1586,32.08423,25.846483,31.11038,26.92272,30.247978,15.740101,19.09086,8.197327,17.869436,4.0064898,6.7802496,14.527838,7.6449738,16.745348,16.861526,27.624088,23.560413,24.71146,15.732819,21.14531,15.432389,14.51088,25.755669,25.197334,14.757738,11.459385,12.976481,7.1767254,10.02931,5.2217517,25.11358,23.256872,10.635121,15.307053,20.175709
1587,21.670212,29.89642,22.480368,5.790698,11.87947,5.9331713,19.14212,14.805415,10.416263,7.430678,25.52115,12.710229,12.900889,25.336143,11.855299,20.502995,30.894566,18.488995,20.116276,17.20814,9.2279415,5.655754,28.080822,26.71242,27.92514,20.428434,5.778998,12.100435,10.407087,27.333868,26.46187,24.682177,15.676014,11.975074,20.430866
1588,20.636726,31.251492,22.274496,3.2675924,11.951239,3.3307276,20.222517,15.801894,7.174795,6.6014485,27.419172,12.441013,14.028813,27.010931,9.880668,18.566296,33.84518,18.735441,23.325897,17.591461,10.0563135,6.5005355,29.207783,28.804106,30.097813,22.560558,3.4041648,12.6182575,11.900135,30.414455,27.50852,25.645369,18.201885,11.882463,21.22727
1589,21.42402,29.032812,22.415285,6.292801,14.334911,5.399595,18.818491,13.790582,9.1822195,6.083928,23.338476,12.162231,12.494478,23.957987,10.839556,19.631262,30.274933,18.400665,20.199875,16.928318,9.943558,6.7604623,27.377232,26.292526,26.71657,19.306787,5.209418,11.25346,10.551292,24.894253,25.924261,24.102697,15.407514,11.804594,19.90344
1590,20.203243,30.089909,21.738281,3.684449,9.389237,2.6878724,19.654726,15.736247,6.0779023,6.746128,27.281748,12.112856,13.70538,26.625257,9.136209,16.924198,32.68988,18.643696,22.71229,17.062914,9.425951,5.979385,28.188122,28.548712,28.834972,22.723547,2.6108792,12.521587,11.160974,30.626085,26.54727,24.911486,18.021328,11.903153,20.87604
1591,28.529251,27.243572,28.702303,21.625967,29.887571,13.377572,20.362684,9.196118,15.81613,5.2706056,8.99476,15.042353,8.41534,17.148613,17.139677,27.455078,24.260387,22.904812,17.596794,21.928,16.331154,14.77482,26.675068,23.657387,15.379301,11.355175,12.198867,7.8276186,13.43769,6.549553,25.942472,23.979418,11.9125805,13.960503,20.575003
1592,24.481298,27.966316,23.452234,9.458232,23.239658,18.643751,16.05804,10.658396,25.864634,10.53351,17.813662,15.295496,10.094997,20.533598,20.231565,30.25222,24.716927,16.208172,12.509385,15.5384,7.74482,5.445968,25.922886,19.750704,26.844587,13.6735735,19.14509,11.244614,7.502487,16.303284,24.35051,22.308592,9.434707,9.811183,17.674534
1593,32.163788,25.917526,31.219152,27.066282,30.39861,15.589976,19.205652,8.223539,17.648924,3.8986037,6.752703,14.506771,7.656315,16.775728,16.761484,27.567856,23.716871,24.830673,15.920121,21.279562,15.591185,14.688051,25.8316,25.341455,14.697955,11.523161,12.80064,7.1120005,10.131912,5.2202344,25.199274,23.322348,10.740384,15.361769,20.247522
1594,21.83002,29.763569,23.101473,8.677876,28.864237,13.374745,20.394775,10.795926,19.066158,9.066155,15.648177,15.918568,9.8215475,19.034668,19.748674,29.831604,26.002182,16.965275,17.88055,20.279522,13.988763,11.559856,27.659573,19.208757,21.698856,11.911081,15.518676,9.641186,15.240477,12.421251,26.45844,24.016825,12.308721,9.322659,19.462996
1595,26.036886,28.843885,26.83059,14.653158,25.04247,7.535704,20.061188,11.433681,9.773578,3.1496544,15.571784,12.781635,11.137382,20.927496,11.607891,22.063114,29.694305,21.779743,20.914307,19.526146,14.332587,12.33761,27.84845,27.155645,22.637234,16.083206,6.533048,9.237174,11.800882,16.097544,26.987745,24.744785,14.668131,13.740146,20.683197
1596,23.87264,28.690111,24.808193,13.894601,31.357668,15.51102,21.219927,9.605974,20.837126,11.819467,13.895952,17.678493,8.755086,15.9530945,22.66926,31.252169,21.245148,18.14851,14.9804325,21.810944,15.533029,12.748203,26.987255,16.630142,15.185937,8.907708,18.160875,8.479851,15.111199,6.622336,26.137444,23.729958,9.488872,9.528038,19.833773
1597,20.48718,29.48119,21.99822,4.8157673,12.055652,3.1356666,19.40031,14.748465,6.1723638,5.8149815,24.867895,11.926296,13.148573,25.23432,9.128719,17.360382,31.845638,18.689007,22.302471,17.158957,10.123092,6.9809656,27.74134,27.816721,27.544464,21.259804,2.9778452,11.746225,11.373581,27.69611,26.228937,24.531448,17.337223,11.920344,20.47703
1598,23.036121,29.710922,25.327055,15.536771,34.003822,10.528469,24.274359,9.924269,14.2858305,8.980934,11.411697,17.15514,8.167981,14.828039,21.126066,30.451994,22.836718,19.769154,19.11588,25.726582,20.341656,17.603437,28.203957,17.072582,10.989736,7.8038087,13.676194,7.033695,20.171535,3.9630113,27.79585,24.958092,11.516152,10.32959,21.249802
1599,24.229197,29.003548,25.57195,14.187774,29.323284,11.252692,21.301119,10.400289,14.722661,6.7943535,12.535326,15.4679165,9.480691,18.110563,17.599623,27.634819,25.63271,20.117954,19.269947,21.97308,16.292118,14.169355,27.688335,21.614098,17.858742,11.721233,12.117466,8.759782,16.199959,9.478934,26.766378,24.590855,13.123952,11.783577,20.609907
1600,29.40546,27.542875,29.649508,22.687305,30.976067,11.478496,20.817497,9.225453,13.391165,3.8564126,9.633692,14.2730255,8.861844,17.194786,15.367095,26.0122,25.46967,23.789795,18.379438,22.076365,17.07922,15.4239435,27.111626,24.961052,15.426869,11.759632,10.034361,7.199095,12.901592,6.9453273,26.554691,24.314495,11.945409,14.512781,20.843874
1601,24.120922,29.855724,23.500055,7.4927917,19.218092,13.965245,17.319395,12.712558,21.087927,9.039642,22.60082,14.066162,11.718125,23.397715,17.306551,27.881401,28.726433,17.026295,15.270038,15.983825,7.813606,4.602738,27.751316,22.948982,29.65401,16.677872,14.209325,11.902994,7.769283,22.290396,26.081278,23.80597,11.365342,10.832778,18.839504
1602,32.137066,26.03786,31.27194,27.204388,30.855265,15.699831,19.436083,8.223855,17.751118,3.9677587,6.458074,14.666672,7.5432215,16.722624,17.028048,27.883411,23.77252,24.872723,16.16736,21.628822,15.920145,15.096793,25.91782,25.234509,14.426046,11.431752,12.989864,7.023345,10.577368,4.9248805,25.286009,23.386938,10.911281,15.28155,20.332205
1603,20.717567,31.456741,22.478485,3.2892892,11.146408,2.5899525,20.53248,16.17,6.0986114,6.600457,28.08724,12.454369,14.31393,27.511541,9.3051405,17.707113,34.36594,19.155003,24.017246,17.758785,10.181758,6.625058,29.423843,29.592014,30.243149,23.347383,2.6198812,12.820019,12.013039,31.421558,27.729532,25.9116,18.847494,12.120454,21.586245
1604,20.504429,31.423532,22.336672,2.9155962,9.636109,1.8598015,20.494574,16.562521,5.0734143,6.5554123,28.756626,12.281664,14.589679,28.122515,8.506834,16.578676,34.858173,19.294445,24.600367,17.561728,9.911954,6.391748,29.38686,30.357769,30.741283,24.268919,1.7321607,13.116793,11.937976,32.8133,27.651602,25.93141,19.56588,12.269282,21.707775
1605,20.594193,31.22033,22.289469,3.2066157,10.221636,2.4224727,20.296467,16.253515,5.889743,6.6129284,28.29505,12.297305,14.318901,27.628996,9.01361,17.240145,34.298435,19.065697,23.902529,17.49119,9.840225,6.296852,29.196598,29.671488,30.346033,23.587624,2.356306,12.892951,11.68433,31.917355,27.49064,25.717772,18.886549,12.121181,21.455992
1606,21.151802,30.204588,22.07472,4.535237,11.237478,5.4787254,19.074331,15.1616125,10.098889,7.2132707,26.285257,12.496707,13.208343,26.060328,11.369587,20.146978,31.866123,18.167381,20.757061,16.922112,8.896733,5.3317714,28.268932,27.181643,29.271465,21.168335,5.327514,12.400639,10.480911,28.794764,26.553528,24.763266,16.308746,11.79458,20.395664
1607,18.161358,31.608232,21.7661,5.190597,32.177032,4.669408,23.489138,11.579102,8.463719,3.4057026,14.134092,13.786809,10.213634,19.263544,14.760762,26.3778,31.378117,17.254742,25.373304,23.290197,18.989063,16.94293,29.344967,21.087324,21.461258,12.446724,7.6277847,8.261581,21.544754,13.014538,28.534678,25.419569,16.730198,9.263113,20.505716
1608,20.783144,31.22099,22.482681,3.6591172,12.179133,3.2107468,20.406624,15.739328,6.8258743,6.5953712,27.159088,12.548798,14.002725,26.854614,9.8485155,18.415396,33.65776,19.013788,23.446497,17.812191,10.350417,6.8221226,29.237022,28.907793,29.577633,22.486938,3.2871256,12.558262,12.116452,29.989832,27.572756,25.751795,18.273472,12.035622,21.400127
1609,20.857573,29.681572,21.783293,5.162862,15.89394,8.510737,18.979471,13.561416,13.82214,7.7082996,22.31394,13.445593,11.804015,23.613554,14.542399,23.96856,29.317142,17.323572,19.023987,17.606884,9.866547,6.5535975,27.779404,24.051933,26.875956,17.673185,8.9904785,11.666511,11.95162,23.041208,26.134048,24.353466,14.520563,11.073783,19.857462
1610,25.303093,27.37892,26.840961,18.727448,32.336018,8.751361,21.412386,9.06255,10.261134,2.0327516,7.199957,13.604521,8.036285,16.466312,14.260032,25.207832,26.682442,21.855219,21.301899,23.019205,18.694452,17.877733,26.557056,23.211384,14.758756,11.133713,8.373786,6.31882,16.671837,6.07886,26.032026,23.681242,13.947787,12.696629,20.186548
1611,24.773842,29.073633,26.33243,16.088491,30.96585,9.976664,22.485823,10.118392,13.159872,7.1566644,12.825426,15.708615,9.303941,16.511106,17.947046,27.55606,24.29448,20.812044,18.658531,23.19458,17.92458,15.197969,27.936298,20.499605,14.542507,10.139932,11.42436,7.8052206,16.632193,7.158707,27.358465,24.875631,11.689383,11.9078045,21.06621
1612,21.856749,29.823391,22.25089,5.9317694,20.483486,12.4859,18.383997,12.388232,19.057894,8.238286,20.240862,14.214238,10.988185,22.414824,17.526632,28.1128,28.349476,16.593008,17.029617,17.457958,9.717219,6.655273,27.734795,21.939255,27.34404,15.435804,13.322098,11.440899,11.402527,19.806374,26.10137,24.016087,12.560729,10.373478,19.14527
1613,20.469372,29.888525,21.925554,4.295277,11.776093,3.4496584,19.476656,15.009492,6.8941727,6.2090406,25.661472,12.070358,13.324954,25.690413,9.569921,17.926899,32.170628,18.5168,22.230682,17.149345,9.877775,6.56662,28.048534,27.833641,28.264881,21.486353,3.3558428,12.000806,11.334365,28.439703,26.465868,24.72743,17.331444,11.815676,20.559381
1614,24.441448,29.911674,25.576828,11.922948,27.488472,9.263441,20.51029,11.360702,12.978837,4.293965,15.35632,13.64138,10.737996,20.68412,14.420484,25.695656,29.786411,20.049511,20.83338,20.297464,14.660602,12.673313,28.393612,24.615355,23.366198,14.718676,9.424131,9.301937,13.9275255,15.043482,27.365303,24.886282,14.440488,12.15699,20.37515
1615,22.099918,29.836288,22.252455,5.728718,15.820835,11.399202,18.062685,13.506526,17.832544,8.436342,22.561476,13.85713,11.603459,24.047962,16.28461,26.321861,29.228374,17.066034,17.244331,16.871738,8.353917,5.075121,27.812199,23.554066,28.704342,17.595531,11.698245,12.242025,10.137583,23.459993,26.032314,24.200947,13.274631,11.073659,19.499926
1616,30.218266,27.173487,30.142405,23.859627,30.862888,12.66364,20.336126,8.997964,14.545995,3.6051292,8.600048,14.295088,8.560706,17.316118,15.596826,26.444492,25.374666,24.168755,18.039446,21.867174,16.67867,15.335057,26.832867,25.426548,15.648916,11.929827,10.709633,7.271942,12.294779,6.6495543,26.220003,24.108904,11.95633,14.864265,20.724146
1617,22.286768,29.331493,24.40277,13.277978,33.151386,10.772195,22.689688,9.854516,14.73204,7.3213334,11.120758,16.1144,8.513077,16.126162,19.453037,29.545078,24.660267,18.820135,19.639383,23.806767,18.576582,16.42943,27.684364,18.30315,14.815893,9.165414,13.20875,7.450057,19.131184,6.142258,26.991693,24.335215,12.505946,10.053631,20.327118
1618,21.787367,30.066544,22.366789,5.3017707,15.432357,8.108123,18.651127,13.9499,13.596989,7.320629,24.192247,12.911254,12.490736,24.572742,13.458905,23.186848,30.648903,17.560555,18.986374,16.82575,9.094392,5.6606436,28.102108,25.248238,28.817827,18.82751,8.25989,11.789237,10.207357,25.280512,26.436453,24.42993,14.423031,11.286377,19.761415
1619,20.671165,31.320807,22.434065,3.4250019,12.2148075,3.0295887,20.455051,15.808148,6.597073,6.452815,27.20955,12.494284,14.072237,27.009054,9.667138,18.284702,33.960766,19.003002,23.755096,17.827288,10.404998,6.906199,29.310741,29.092772,29.837154,22.671143,3.095934,12.597557,12.280941,30.242117,27.633642,25.806364,18.533909,12.020531,21.430277
1620,32.10019,26.779213,31.54914,25.731464,28.301418,10.774968,20.570757,9.499143,11.16655,3.9471078,10.964787,14.268888,9.854117,17.456884,13.480035,22.546757,24.113838,26.20075,16.8306,20.334753,16.442226,13.562273,27.19836,28.24292,15.312729,12.4594345,8.128231,8.700842,8.7398815,8.207411,27.131765,25.063745,10.529618,17.38789,21.983831
1621,24.995977,28.806456,25.507385,12.181718,22.000141,8.637027,19.155806,11.889104,12.012379,4.821722,17.832098,12.902149,11.365245,21.608208,12.695136,22.871233,29.01517,20.36016,19.34311,18.38681,12.240547,9.839188,27.563572,25.962404,24.139933,16.46432,7.9082437,9.983305,10.847124,18.104624,26.429228,24.359741,13.979524,12.944185,20.144058
1622,20.643435,30.607882,22.262028,3.9349544,10.86369,2.8277042,20.031813,15.706582,6.134267,6.4764366,26.99849,12.282166,13.878243,26.738516,9.241771,17.425747,33.243065,19.019947,23.243221,17.466187,9.986272,6.5678315,28.70792,28.982073,29.150188,22.68769,2.7248,12.514721,11.657362,30.21626,27.06618,25.357908,18.291363,12.122627,21.189451
1623,20.651535,29.756195,22.021223,4.7163167,13.188919,4.225257,19.360909,14.554819,7.8663316,6.120839,24.676922,12.185692,13.006365,25.063784,10.215081,18.889078,31.660051,18.368359,21.688965,17.225132,10.070121,6.823875,27.93966,27.150356,27.813637,20.593813,4.2003894,11.710304,11.415665,26.981287,26.384989,24.594282,16.7297,11.699602,20.352297
1624,29.292187,26.648,29.500227,22.641586,28.772968,9.215173,19.901945,9.325504,10.041692,1.1689651,9.218092,12.619214,9.012967,18.119081,11.80127,22.551992,27.373577,24.23313,19.907696,20.920372,16.319613,15.341852,26.399067,27.37133,16.954472,13.785273,6.796688,7.0072765,11.422907,9.401873,25.85288,23.748537,13.42014,15.066251,20.441597
1625,30.388716,26.3114,29.636202,23.694775,29.151028,15.100948,18.855738,8.670394,17.782019,4.462841,8.474778,14.365328,8.130961,17.313875,16.763718,27.54887,24.136662,23.336845,15.890624,20.4899,14.653918,13.390804,25.929482,24.503344,16.551804,11.711055,12.887687,7.730115,10.367603,6.9354825,25.165438,23.246656,10.797889,14.543264,19.86734
1626,20.410748,30.32121,22.05443,3.8526926,10.631682,2.5888205,19.872969,15.608666,5.757703,6.3367066,26.80078,12.126282,13.798886,26.562307,8.939976,16.996649,33.05502,18.899292,23.204348,17.297749,9.92027,6.5605493,28.442284,28.872126,28.91935,22.629177,2.4702885,12.4155,11.5806465,30.110146,26.81839,25.137407,18.279425,12.040058,21.028402
1627,21.623507,30.168638,23.625233,7.8027196,19.86768,4.100002,21.187733,13.417992,6.840504,5.1082554,20.687994,12.952388,12.18189,22.665066,11.248067,20.460472,30.851118,19.72677,22.796558,19.799562,13.75929,10.88418,28.578636,26.186405,23.958115,17.957088,4.647312,10.395669,14.294152,21.162462,27.451086,25.344515,16.492502,12.101927,21.165485
1628,21.500769,30.1124,22.301804,5.081596,15.905916,7.2880516,18.901884,13.939427,12.465194,6.9906735,24.206432,12.72827,12.617357,24.48734,12.838404,22.502274,30.923489,17.603302,19.60587,16.965857,9.562976,6.147064,28.139427,25.463686,28.579481,18.9068,7.502257,11.583992,10.635262,25.266113,26.523882,24.457684,14.808708,11.205236,19.804207
1629,22.682453,29.321213,22.447668,6.636716,18.94365,15.201643,17.40999,12.366326,22.129839,9.824783,19.975332,14.960949,10.769322,22.665907,18.994738,29.168953,27.098808,16.544748,15.404987,16.775137,8.239335,5.315193,27.24485,21.633585,27.92061,15.698641,15.700485,12.228348,10.152496,19.89623,25.453907,23.70098,11.9530325,10.582292,18.978598
1630,22.239916,30.46622,23.626728,6.8854904,19.423672,5.456372,20.12589,13.610711,9.215428,5.278335,22.450386,12.595598,12.719394,23.773722,11.330204,21.19003,31.833843,19.062687,21.74951,18.281279,11.985537,8.952275,28.681438,26.648947,27.088583,18.722153,5.672841,10.861707,12.150299,23.402163,27.361658,25.098833,15.906923,11.841638,20.552315
1631,20.287683,30.574402,21.94608,3.419286,11.642735,3.0489788,19.894762,15.488106,6.5563498,6.348008,26.660349,12.198004,13.775165,26.479353,9.426648,17.833656,33.164318,18.592728,23.103096,17.326408,10.011436,6.5874486,28.617012,28.5039,29.286417,22.235926,3.0439563,12.381534,11.82785,29.720007,26.96638,25.199999,18.087122,11.812572,20.930046
1632,23.95737,28.044674,25.100288,15.98701,32.723843,15.032741,21.451994,9.099026,19.49845,9.713309,10.095694,17.21844,7.581361,15.265898,22.017912,31.277172,21.821482,18.774841,16.58729,23.093761,17.031942,15.234938,26.43866,16.89068,13.457165,8.495271,17.233515,7.4984283,16.807514,4.512828,25.695295,23.26781,10.692933,9.794853,19.665766
1633,20.547628,30.22071,22.155615,4.2895975,12.829641,3.3815749,19.848333,14.99189,6.759856,6.197125,25.58904,12.225877,13.413398,25.63292,9.695199,18.186972,32.412502,18.664093,22.62472,17.497997,10.378996,7.062057,28.352562,27.90062,28.179806,21.384254,3.4229293,11.923746,11.822646,28.105673,26.794117,24.98522,17.492863,11.803574,20.76023
1634,30.420729,26.03696,30.092007,24.928242,30.07592,12.577052,19.523436,8.531043,14.060155,2.7005215,7.4011793,13.65443,8.081566,16.828964,14.659373,25.381266,24.875547,24.25415,17.52879,21.219536,16.187231,15.188299,25.86921,25.537403,15.039697,11.868921,10.124172,6.847371,11.189017,6.196242,25.31293,23.305267,11.649507,14.992917,20.151812
1635,21.130455,30.84217,22.369043,4.257165,13.738102,5.1911545,19.735447,14.98986,9.722461,6.7523546,25.940897,12.637602,13.3110075,25.89015,11.438073,20.648548,32.55759,18.30637,21.62448,17.503538,9.897206,6.372828,28.83514,27.255692,29.297958,20.855095,5.3387947,12.131496,11.420573,27.988144,27.17327,25.213703,16.610147,11.636349,20.67472
1636,28.566221,28.045574,28.128979,17.750973,24.263252,11.253242,19.600065,10.78294,14.619878,7.8371696,18.165243,14.600475,11.35647,18.701128,15.539669,24.154324,23.491625,22.20821,14.135414,18.259033,12.866187,8.654475,27.552402,24.414268,19.338627,12.764926,10.54139,10.070253,7.9499874,12.869553,26.98266,24.844257,8.892448,14.574434,20.969265
1637,29.75633,26.087784,29.362745,22.969124,27.950218,11.779026,19.015018,8.973813,13.439899,3.0959077,9.599831,13.280392,8.77856,17.487207,13.841,24.187016,25.038246,23.648338,17.094498,20.043598,14.940433,13.502544,25.8662,25.778587,16.58737,12.607535,9.4125,7.481575,10.060623,8.370889,25.247103,23.295622,11.445033,14.89813,20.002836
1638,22.46445,28.70082,22.422007,7.223193,19.605202,13.982947,17.448687,11.96061,20.286419,9.1292095,19.350595,14.451286,10.681418,21.866901,17.829908,27.716593,26.631535,16.66388,15.605448,16.71883,8.856528,6.052632,26.751236,21.57461,26.532314,15.290443,14.431659,11.505112,10.18763,18.948837,25.109037,23.301363,11.913684,10.491438,18.743093
1639,33.20927,25.637486,32.057964,28.499203,30.826458,17.48176,19.012661,8.068408,19.29059,4.577122,5.7021666,15.426113,7.523816,16.844738,17.674803,28.215828,22.921734,25.521618,15.260508,21.288303,15.253074,14.615601,25.637424,25.605345,14.331161,11.653908,14.489313,7.611105,9.842863,4.309997,24.929426,23.41525,10.727526,15.741722,20.575727
1640,20.091904,31.058367,21.980146,3.243821,15.785064,3.5405319,20.372019,14.821392,7.44074,5.768154,25.241453,12.343477,13.409589,25.44879,10.351338,19.651031,33.29569,18.14508,23.23844,17.972677,11.2442875,7.892093,28.968967,27.26735,28.87467,20.615534,4.07657,11.695824,12.916566,27.309065,27.438124,25.309595,17.503696,11.218855,20.733997
1641,24.086517,28.334978,23.989737,10.303967,21.997889,12.809396,17.7012,11.319665,18.211132,6.7660103,17.535643,13.66023,10.422381,21.027039,16.238579,26.75871,27.130018,18.094688,16.1696,17.181822,10.105038,7.633759,26.717327,22.658373,25.179596,14.772721,12.686714,10.452632,9.751076,17.11305,25.340803,23.321962,11.779982,11.373892,18.864029
1642,26.211155,26.092602,25.551712,16.165258,27.55888,23.733736,17.403603,9.154803,28.524286,14.190531,10.036888,19.776897,7.918773,17.306845,24.963999,32.725002,18.49699,18.623352,11.324514,18.9765,10.419377,9.02715,24.479946,17.468243,17.636396,10.866363,24.666286,11.257132,11.709329,6.278074,22.96599,22.36076,9.52008,10.530511,19.31005
1643,25.301186,28.12142,26.828325,17.535673,31.765316,8.636847,21.55728,9.553212,10.502471,2.6662142,9.073598,13.771025,8.723163,17.233837,14.380893,25.317122,27.223286,21.727552,21.305088,22.737549,18.23886,17.027391,27.195759,23.578716,16.175339,11.697496,8.453289,6.9413204,16.400503,7.6029143,26.603529,24.201546,13.98899,12.748838,20.482641
1644,30.453636,26.097927,29.643652,23.752775,28.544735,14.569204,18.663467,8.680621,17.086119,4.2074285,8.83976,14.045183,8.263134,17.327839,16.110638,26.771713,24.133774,23.421852,15.757447,20.145319,14.4059,13.064338,25.78637,24.79306,16.609415,11.906239,12.207362,7.6882334,9.816873,7.3206925,25.051065,23.146168,10.663543,14.69562,19.796438
1645,29.125605,27.594925,29.430391,22.157982,30.812756,11.622451,20.67209,9.290077,13.494614,3.4130874,9.068798,14.190357,8.780486,17.599894,15.212878,26.100569,26.103828,23.690868,18.995045,22.038033,16.957193,15.586172,27.11409,25.33265,16.216312,12.168148,10.046042,7.402314,13.249656,7.36054,26.479214,24.320461,12.626403,14.506676,20.812784
1646,27.92178,27.273472,28.428074,20.60527,30.131392,10.499317,20.310545,9.298221,12.261419,2.6692076,9.126888,13.556829,8.752694,17.6462,14.14178,25.012814,26.600578,22.94389,19.487625,21.502085,16.627726,15.448345,26.697681,25.140018,16.808182,12.441284,9.071759,7.2734156,13.220813,8.178495,26.062204,23.880949,12.999893,14.000191,20.342722
1647,22.00243,29.387304,22.459694,6.7756305,20.721672,13.691658,18.500654,12.151362,19.750046,9.594589,18.999743,15.155257,10.776473,21.936468,18.448744,28.214272,26.806648,16.921913,16.822748,17.873592,10.053381,7.1971164,27.39302,21.652601,25.820477,15.21056,14.516758,11.627289,12.185194,18.282522,25.725916,23.999214,12.870744,10.491585,19.443785
1648,29.473925,26.985386,29.588331,23.334934,31.070887,12.312932,20.394928,8.872293,14.177739,3.4589448,8.092864,14.211572,8.288714,16.93062,15.606587,26.417606,25.188667,23.748524,18.215961,22.02996,16.947369,15.701753,26.591316,24.78204,15.106058,11.541754,10.600757,7.0173483,12.875887,6.1472316,26.006882,23.870378,12.006831,14.474762,20.519503
1649,21.90688,30.030533,22.478456,5.7036552,15.703523,8.606799,18.776155,13.825568,14.142413,7.5976143,23.685926,13.21932,12.255488,24.278936,14.109506,23.798126,30.14819,17.664116,18.717302,17.137722,9.272411,5.8453565,28.1013,24.86455,28.182482,18.427887,8.841791,11.773878,10.490879,24.47288,26.446142,24.499472,14.191779,11.337825,19.8799
1650,20.374367,30.2659,21.785013,3.530905,10.115148,3.338303,19.45928,15.6254015,7.0419984,6.671898,27.087225,12.113892,13.741466,26.672333,9.485468,17.69617,32.836933,18.457626,22.46018,16.907393,9.28181,5.8015633,28.330128,28.440216,29.507929,22.453213,3.1707826,12.578387,11.072756,30.392763,26.637066,24.942442,17.793991,11.875239,20.737532
1651,20.621422,30.840635,22.253124,3.699238,11.906454,3.340774,20.107168,15.560679,6.947598,6.5667377,26.790112,12.4336605,13.830011,26.58147,9.819522,18.30088,33.202934,18.818016,23.069336,17.572613,10.138288,6.652677,28.891232,28.594002,29.29254,22.229027,3.358375,12.468464,11.921038,29.633102,27.230219,25.459032,18.030996,11.959376,21.15663
1652,22.536842,29.395382,22.593048,6.833043,20.267017,13.902513,17.85428,12.185622,20.472067,8.912338,19.741999,14.522509,10.869733,22.314653,18.05065,28.378128,27.548233,16.7329,16.192047,17.071163,9.161702,6.285873,27.359554,21.894941,27.31778,15.451366,14.454464,11.625459,10.654398,19.423265,25.683756,23.741816,12.2421465,10.508863,18.9906
1653,21.290031,29.668701,23.83782,10.241496,29.991062,5.58963,21.957197,10.938624,8.181601,2.408846,12.527624,13.172004,9.845363,19.027903,13.059005,24.20929,30.209126,19.266493,23.821558,22.19121,17.649296,16.266586,28.021145,23.057257,20.233688,13.389353,6.8468933,7.8490553,18.05374,12.407962,27.270288,24.591633,15.982453,10.987272,20.285513
1654,20.766245,30.17791,22.07802,4.4305596,14.044972,5.1320457,19.457434,14.537522,9.282404,6.4895144,24.702183,12.49074,13.001785,25.160378,11.179766,20.212597,31.714073,18.170115,21.427246,17.354433,10.077654,6.707068,28.278084,26.833363,28.29736,20.236769,5.2104173,11.856716,11.685917,26.684355,26.661009,24.818308,16.49279,11.58651,20.402231
1655,20.378006,27.540533,22.4708,12.605934,29.83506,16.737934,22.345392,9.626679,20.604631,15.2505455,9.223852,20.358738,7.1098614,14.550639,25.757124,32.326927,17.050198,17.499947,16.043545,24.612839,17.207775,14.767216,25.747719,13.91231,9.549268,7.6829004,20.229214,9.298124,21.298683,2.013457,24.665026,23.592627,11.740665,8.993061,20.775335
1656,20.67698,29.5392,21.964571,4.906427,12.797162,4.399828,19.267862,14.485185,8.1419935,6.533909,24.892105,12.234973,12.940941,24.824085,10.468894,18.902714,31.016533,18.291553,21.110445,17.100971,9.906217,6.522267,27.752445,26.804924,27.318062,20.32961,4.402737,11.686557,11.105238,26.773659,26.225374,24.451204,16.292238,11.656255,20.271479
1657,21.023296,30.027435,21.92338,4.5457697,9.638418,5.0606775,18.988375,15.463948,9.5292425,7.3982406,26.787706,12.387472,13.271222,26.372557,10.992283,19.4127,31.86712,18.237444,20.851887,16.825436,8.595885,4.994645,28.101608,27.471142,29.234179,21.714775,4.77893,12.574874,10.297596,29.722746,26.372366,24.661613,16.588984,11.909185,20.427942
1658,26.050041,25.837173,25.646824,16.754845,26.584457,23.332428,17.639578,9.328771,27.27838,13.568165,8.175695,19.96756,7.686555,17.637373,24.564388,32.42658,18.46883,19.465866,12.342542,19.77577,10.923406,9.681638,24.414448,18.53648,16.894814,11.255701,23.675358,11.674368,13.343746,5.507572,22.770657,22.719357,10.819058,11.507885,19.954609
1659,22.419216,29.387112,22.682192,6.676984,17.444214,10.216865,18.14414,12.99476,15.89719,7.7256107,22.19568,13.315459,11.772871,23.232872,14.885997,24.75334,28.898005,17.439034,17.42101,16.721712,9.127744,5.8934264,27.50721,23.862778,27.543762,17.216259,10.383885,11.457678,9.835711,22.394194,25.919565,23.932806,13.093722,11.141806,19.321314
1660,27.894928,27.671478,28.64306,21.33361,31.864183,10.975898,21.268286,9.174935,12.944216,3.5848713,8.5254965,14.390188,8.416982,16.80009,15.736688,26.54092,25.683807,23.039434,19.351608,22.82137,17.914875,16.532873,27.053848,23.876287,14.849492,11.197035,10.105924,6.9039125,14.786459,6.115537,26.49828,24.203257,12.583763,13.751175,20.715382
1661,20.567022,30.430435,21.99535,3.78472,11.503929,3.7175136,19.630287,15.376938,7.5378118,6.613037,26.616354,12.250998,13.628904,26.317575,9.936694,18.428736,32.721313,18.46738,22.350716,17.163311,9.670936,6.184641,28.48698,28.109934,29.232069,21.897135,3.6616926,12.362484,11.337559,29.448608,26.827347,25.040686,17.502708,11.806328,20.746271
1662,24.199259,29.589727,25.247892,11.23686,24.569613,7.6263103,20.060015,11.865209,11.022366,3.9428482,17.239883,12.881924,11.275833,21.430563,12.622179,23.410536,30.287985,20.077585,20.882376,19.351967,13.634826,11.423546,28.143272,25.622753,24.189629,16.06533,7.4941707,9.507467,12.531939,17.513063,27.09583,24.710566,14.644856,12.4001875,20.29177
1663,20.425522,30.195278,21.950695,3.9272792,11.174559,3.310214,19.684227,15.339395,6.7997956,6.5312824,26.38125,12.225319,13.57825,26.17163,9.601584,17.817066,32.484303,18.62378,22.521263,17.21884,9.812978,6.393539,28.316978,28.207535,28.67993,21.963669,3.2420347,12.31204,11.487173,29.261694,26.687521,24.992846,17.683174,11.891159,20.822504
1664,25.55519,27.325598,25.996634,14.649803,22.200903,7.40565,18.780802,11.122041,9.449092,3.0042434,15.39088,12.080454,10.771603,20.5111,10.718938,20.537241,28.34835,21.26706,19.524899,18.166088,12.901201,10.914032,26.500137,26.799381,22.098333,16.085531,5.9676137,9.146627,10.080351,16.416307,25.645483,23.650179,13.915863,13.688412,19.866041
1665,28.51006,27.861385,28.433895,19.147907,27.86282,11.971273,19.445393,9.960528,14.763553,3.9281874,12.097574,13.680931,9.62513,19.153769,14.745616,25.718786,27.05755,22.501297,18.151384,20.037462,14.398006,12.735089,27.123627,25.689701,20.022718,13.68507,10.386448,8.500501,11.013955,11.298653,26.267916,24.129522,12.451129,14.082639,20.267498
1666,20.688267,30.457232,22.105738,3.9299753,10.854316,3.5384731,19.698915,15.545363,7.260222,6.7059293,26.924314,12.296459,13.716634,26.544401,9.801514,18.125172,32.78921,18.685123,22.443556,17.201935,9.588643,6.0836616,28.54486,28.41529,29.238327,22.236917,3.4242086,12.498121,11.233246,29.88019,26.87564,25.149536,17.65993,11.974951,20.91518
1667,21.346373,30.595798,22.363152,4.684466,12.661277,5.9575486,19.492397,15.022603,10.739796,7.3527536,25.890486,12.888266,13.096229,25.831945,12.160181,21.188263,31.824934,18.298136,20.79533,17.4395,9.403475,5.828125,28.646858,26.867512,28.974403,20.704308,6.0452347,12.316898,11.03492,27.8604,26.941416,25.117184,16.128052,11.777843,20.660591
1668,20.736015,30.578852,22.083904,3.912456,11.968459,4.307303,19.664652,15.303446,8.445477,6.792145,26.484192,12.441166,13.49561,26.226336,10.5986395,19.296581,32.597034,18.394226,22.008299,17.305222,9.652257,6.1281176,28.613632,27.753468,29.247414,21.58517,4.3295183,12.344273,11.35066,29.050343,26.935497,25.12089,17.156364,11.755793,20.75252
1669,20.550835,30.944138,22.181646,3.478966,11.72998,3.1066365,20.121908,15.677108,6.791804,6.498003,27.208765,12.316685,13.90101,26.759054,9.649161,18.16298,33.527058,18.728655,23.193684,17.510235,10.050895,6.5375586,28.942135,28.676075,29.606426,22.44562,3.1638656,12.466555,11.753503,30.16796,27.287363,25.44591,18.092596,11.85762,21.114481
1670,24.929985,29.967335,26.476238,14.11245,30.389803,8.465589,21.718525,10.880814,11.367851,3.6839793,13.282676,13.955393,10.269043,19.532433,14.451621,25.730282,29.47911,21.059542,21.92651,21.967033,16.96674,15.187246,28.62944,24.598446,20.587383,13.6249695,8.7420635,8.377687,15.804907,12.157025,27.817102,25.217173,14.764787,12.49442,20.909723
1671,21.465958,29.882591,22.060648,5.157006,11.39243,6.6372056,18.660622,14.849483,11.737428,7.5531034,25.756678,12.604134,12.791241,25.583809,12.32008,21.264788,31.064724,17.874802,19.577845,16.74669,8.486173,4.901076,27.95428,26.299366,28.920614,20.38898,6.47691,12.24633,9.906799,27.92216,26.24506,24.416048,15.344392,11.674897,20.02728
1672,30.346947,26.630503,29.997019,23.859322,30.517078,13.218379,19.443956,8.723838,15.147176,2.7543473,7.8561463,13.734432,8.320303,17.544756,15.020353,26.216042,25.804846,23.92269,17.863647,21.02734,15.832381,14.92348,26.28336,25.821678,16.770441,12.316073,10.8142,7.2383842,11.236141,7.184759,25.612772,23.536623,12.048354,14.794811,20.130335
1673,32.000572,25.69705,31.013144,26.827154,30.266565,16.987226,18.94177,8.197555,19.136227,4.841777,6.304562,15.276771,7.5159073,16.754898,17.78245,28.268993,22.887686,24.574533,15.231326,21.116426,15.047863,14.244124,25.52792,24.684814,14.609024,11.378759,14.430374,7.6349993,10.250793,4.7549543,24.805456,23.195545,10.612178,15.1168785,20.246647
1674,21.700033,30.485184,22.523474,5.5336866,21.52216,9.865401,19.213854,12.748798,15.903745,7.143082,21.514345,13.546783,11.7539425,22.835644,15.5385065,26.262577,30.015625,16.975021,18.742949,17.767708,10.795722,7.598479,28.357178,23.177734,27.728533,16.177332,10.793305,10.965856,11.837389,21.044703,26.846964,24.44024,13.488947,10.408934,19.455444
1675,31.113562,26.616165,31.021933,25.522743,30.174536,10.429774,20.19874,8.982251,11.011371,1.2268872,7.9807186,13.104601,8.749737,17.71264,12.542784,23.425941,26.810991,25.49305,19.470362,21.598766,16.967789,16.06605,26.600975,27.87101,15.770549,13.296068,7.5404162,6.801628,11.229208,7.6720595,26.118484,24.047424,12.973557,15.871259,20.88798
1676,27.652246,27.367804,28.160479,18.86582,26.255867,7.4796247,19.781885,10.334547,8.603061,1.3317335,12.2491865,12.213028,10.083686,19.564707,10.578835,21.0704,28.83482,23.221672,20.716324,19.903416,15.222953,13.857583,26.848736,27.882019,19.811918,15.334454,5.5485845,7.9859047,11.067731,13.206053,26.21557,24.063982,14.260535,14.631532,20.470642
1677,20.812874,30.767529,22.263554,3.9234238,11.625601,4.0246105,19.899967,15.52464,7.9260983,6.8481483,26.68373,12.559425,13.6911955,26.543509,10.386552,18.949173,32.863365,18.719627,22.493015,17.4967,9.817273,6.2936316,28.827595,28.284128,29.338226,22.016777,3.988292,12.551357,11.665394,29.45633,27.129519,25.391462,17.644695,11.995794,21.066492
1678,22.235401,29.874031,22.902384,6.6324854,18.583372,9.240375,18.97904,13.083916,14.559427,7.3820086,22.024134,13.405585,11.937562,23.217329,14.584005,24.501505,29.42247,17.82247,18.597858,17.522163,10.255624,6.9860435,28.007427,24.308388,26.996319,17.199532,9.558983,11.256359,11.122897,22.005327,26.475237,24.42519,13.841984,11.248274,19.791079
1679,22.183792,29.484406,22.180714,5.935055,17.596848,12.0328,17.632166,12.857865,18.658472,8.018644,21.689497,13.625629,11.266831,23.285368,16.462366,26.866905,28.83632,16.63618,16.56252,16.481968,8.327693,5.190799,27.425426,22.766533,28.563408,16.67342,12.408955,11.773354,9.612892,22.156618,25.71926,23.715267,12.470046,10.6632,18.9187
1680,20.2874,31.104877,22.120893,3.2117455,13.9901905,3.2336671,20.324966,15.268336,6.928203,6.0485578,26.188251,12.339001,13.741286,26.186123,9.878385,18.833471,33.600418,18.49561,23.48681,17.790537,10.76477,7.347882,29.056557,28.163767,29.37661,21.64021,3.5112996,12.1111555,12.54691,28.766964,27.447947,25.477633,18.01941,11.572504,21.001589
1681,28.209202,28.00127,28.560648,19.895126,30.498943,11.916318,20.301538,9.549134,14.37138,3.567409,9.923898,14.08093,9.055394,18.283052,15.360741,26.564724,26.913074,22.700384,19.179008,21.413239,16.182348,14.85027,27.255081,25.083458,18.275478,12.592526,10.610371,7.895419,13.20509,8.842251,26.489424,24.262255,12.959355,13.889471,20.474669
1682,19.996881,30.116753,23.280542,9.703697,32.865665,5.187527,23.219212,10.657418,7.675243,2.5782583,10.790852,13.8124275,9.236701,17.894697,14.247859,25.459913,29.873318,18.863937,25.025387,23.892279,19.763905,18.497553,28.320503,21.517,18.18648,11.862902,7.339903,7.3391953,21.132751,9.84705,27.691755,24.8408,16.47293,10.2703705,20.533278
1683,23.103487,25.306973,23.278357,13.131086,22.218178,24.633615,17.789682,10.115343,28.438234,18.70664,9.449566,22.502895,7.857501,17.507133,27.39469,32.742302,14.244309,18.151325,10.6301565,19.939684,9.642363,7.4488244,23.758724,16.058132,14.579541,10.996134,26.088232,13.690779,15.667496,4.861549,21.704985,22.956076,10.853801,10.887028,20.77652
1684,21.84282,29.613176,22.493948,6.030939,15.92347,7.617836,18.69797,13.601357,12.629674,7.0410776,23.52116,12.738678,12.329419,23.912199,12.985178,22.465471,30.008314,17.796846,18.93943,16.914036,9.554068,6.1673317,27.772087,25.155659,27.572523,18.400517,7.704854,11.379418,10.285589,24.222178,26.220236,24.225958,14.276795,11.377788,19.700712
1685,20.789768,30.134293,22.027786,4.4128494,13.589706,4.9930296,19.36914,14.615681,9.245785,6.555537,25.186954,12.386517,13.045668,25.24402,11.061119,20.015312,31.748173,18.091171,21.237244,17.188501,9.842541,6.415027,28.21214,26.806938,28.419775,20.368587,5.0886555,11.846386,11.261917,27.143047,26.608948,24.716158,16.324558,11.511943,20.309511
1686,30.98936,26.861225,30.996893,25.230639,30.718513,10.473542,20.362032,9.023535,11.110588,1.198597,7.9068,13.178711,8.778831,17.812555,12.67405,23.728241,27.127354,25.423458,19.811243,21.788383,17.18671,16.33882,26.782043,27.870964,15.995642,13.32279,7.6691318,6.799862,11.65525,7.6593075,26.276384,24.168314,13.22154,15.758484,20.9453
1687,31.048798,26.47889,30.85795,26.159939,31.615301,12.807239,20.318758,8.493084,14.151267,2.5772984,6.5320964,14.056675,7.821484,16.686344,15.270631,26.272324,25.161453,24.959538,18.182087,22.346237,17.290073,16.447409,26.344608,25.760738,14.129944,11.664738,10.383785,6.5367317,12.128338,5.1734447,25.837574,23.76285,11.963765,15.239082,20.657831
1688,30.566685,26.560505,30.222118,24.832607,30.457312,13.931047,19.92584,8.678207,15.919559,4.08628,7.7014813,14.550221,8.042255,16.906422,16.409704,27.050728,24.298801,24.172136,17.1088,21.753288,16.29458,15.122738,26.285248,24.890709,14.813959,11.530954,11.824822,7.224903,11.797425,5.799929,25.65922,23.683445,11.46022,14.838379,20.480846
1689,21.318455,29.998856,22.283602,5.3169518,11.174846,5.3851166,19.307549,15.059485,9.741967,7.426704,25.907843,12.68004,13.008647,25.63431,11.551379,20.029158,31.203053,18.494604,20.60339,17.31041,9.25536,5.6750154,28.155445,26.967896,28.043055,20.88053,5.277307,12.231572,10.703468,28.010206,26.514414,24.78652,16.136086,11.9607315,20.578304
1690,22.555885,28.338135,22.414637,7.472856,18.685139,13.706368,17.17018,12.001603,19.776945,9.213894,19.632103,14.285291,10.811614,21.904638,17.266085,26.799788,26.363169,16.74733,15.391211,16.341867,8.526694,5.7313004,26.453594,21.82211,26.437922,15.601175,13.982428,11.530432,9.624959,19.370787,24.821875,23.08286,11.894093,10.611737,18.637154
1691,20.441021,30.91714,22.39892,3.6384056,11.294386,1.6658938,20.453478,15.919009,4.392364,5.6982594,26.904219,12.096426,14.095705,27.130178,8.187585,16.455416,34.449215,19.361118,24.750353,17.822077,10.580459,7.4296613,28.985535,29.89521,29.538616,23.47165,1.5833167,12.441071,12.371693,30.870977,27.359995,25.620157,19.403816,12.225652,21.466291
1692,20.681622,30.64258,21.992077,3.4877346,10.494809,3.7012236,19.503502,15.737846,7.714183,6.7251573,27.475168,12.181588,13.877531,26.965559,9.781437,18.3,33.277153,18.454498,22.41974,16.922081,9.186898,5.634839,28.64558,28.563112,30.214626,22.54316,3.5295634,12.682991,10.900951,30.756508,26.919504,25.124454,17.70568,11.885902,20.78251
1693,28.828606,26.647282,29.08852,21.636162,27.165287,8.314619,19.76931,9.724557,8.97025,1.1723287,10.322577,12.382122,9.430465,18.655317,10.954792,21.333685,27.701523,24.100647,20.15083,20.373142,15.838158,14.658628,26.401764,27.946024,17.766613,14.5192375,5.887858,7.464731,10.944774,10.971647,25.866734,23.809324,13.756559,15.195044,20.50767
1694,20.400707,29.703535,21.86595,4.5180697,12.851695,3.8180327,19.462782,14.627084,7.3589797,6.2111397,24.941702,12.13817,13.024236,25.034628,10.026016,18.496914,31.599237,18.316402,21.821583,17.261114,10.136943,6.853394,27.872208,27.106152,27.546276,20.691858,3.8835895,11.671389,11.496371,27.193026,26.343466,24.549788,16.822958,11.603708,20.367104
1695,21.665947,30.643177,23.475668,7.7625885,26.51361,7.625454,20.976274,12.052887,11.93188,4.5720854,17.106508,13.478268,11.021369,21.278603,14.335,25.57613,30.835667,18.35971,21.945465,20.342567,14.6512,12.343769,28.713696,23.587818,24.561195,14.995464,8.745497,9.562382,15.511158,16.987638,27.571222,24.955137,15.22667,10.850924,20.186495
1696,21.093197,30.577248,22.027094,4.8047647,20.978207,10.1036625,19.282326,12.852639,16.339714,7.262656,21.205912,13.721086,11.479594,22.959223,16.11498,26.900745,30.03981,16.66106,18.94674,18.020676,10.726296,7.546163,28.382542,22.829525,27.761848,16.108358,11.162235,11.160692,12.535208,21.041393,26.800512,24.489319,13.76024,10.243177,19.492393
1697,20.731436,30.383888,21.98387,3.9694092,10.312952,4.101406,19.482147,15.582698,8.165096,7.0162287,27.005873,12.372484,13.569602,26.576994,10.322133,18.689693,32.543694,18.476109,21.914967,17.097107,9.190114,5.6416135,28.445606,28.053944,29.368519,22.129726,3.9745193,12.583803,10.951989,29.988409,26.73736,25.025856,17.318447,11.915144,20.776241
1698,20.600384,31.669596,22.467375,2.7760413,8.559159,1.2077043,20.687395,17.001947,4.3407416,6.6749315,29.926096,12.238481,14.929376,28.753199,8.003576,15.844709,35.477142,19.52196,25.045805,17.563389,9.757346,6.1698713,29.591492,31.031303,31.222778,25.140024,1.0695161,13.315214,11.685766,34.27731,27.840958,26.097326,19.992353,12.358734,21.924856
1699,18.640099,33.187134,23.223501,7.4825706,38.534573,4.939667,26.471178,11.226396,8.229255,3.7242405,10.787348,15.694445,9.447318,17.6881,17.4338,29.424555,31.183914,18.637451,27.641682,27.294552,23.426254,21.678652,30.927837,19.91101,17.613407,10.24161,9.065905,7.5775995,26.505392,7.9409823,30.401567,27.00778,17.576021,9.4458475,22.11889
1700,24.94595,28.582016,25.204052,11.902934,21.847435,9.684448,18.668463,11.6984625,13.617648,5.3793516,18.072542,13.000892,11.163001,21.381933,13.510781,23.71133,28.357935,19.795137,18.183418,17.878975,11.501403,8.989309,27.268528,25.092093,24.339672,15.998962,9.071708,10.036461,10.087511,17.924623,26.094984,24.011091,13.093048,12.568422,19.738226
1701,21.47464,29.918415,22.221304,5.0927444,14.446631,7.3308735,18.694927,14.147939,12.316164,7.096481,24.128895,12.724226,12.6661005,24.870382,12.636775,22.083973,30.832066,17.782856,19.717909,16.828682,9.225281,5.8427625,28.019234,25.971395,28.753136,19.392895,7.2345004,11.948995,10.680862,25.82065,26.328226,24.470148,15.269132,11.538929,19.914064
1702,22.448723,29.680275,22.323675,5.9855204,16.840885,12.367819,17.610281,13.126479,19.204119,8.391212,22.254692,13.793784,11.390885,23.694202,16.761206,27.13839,28.987358,16.734379,16.392706,16.455679,7.9811807,4.7709203,27.601559,22.948864,29.051287,17.03216,12.697737,12.072817,9.32497,22.870981,25.843845,23.868572,12.451436,10.804586,19.05636
1703,25.971226,27.480268,25.737717,15.445891,28.82236,17.659288,18.977324,9.315728,23.014793,11.8821,14.5239315,17.078953,9.122072,16.666645,21.821833,30.27048,20.549465,18.62663,12.580048,19.224913,12.627295,9.941442,26.059185,18.144354,17.388308,10.057308,18.90965,9.207558,10.920722,8.147829,25.054598,23.002092,8.386768,10.492443,19.165218
1704,21.419062,30.322807,22.289354,4.954601,15.061862,7.1082788,19.124418,14.226576,12.24843,6.994758,24.319368,12.852136,12.60761,24.876268,12.938471,22.573217,31.19756,17.812727,19.994488,17.282614,9.586286,6.1380277,28.3675,25.802402,28.638092,19.274422,7.2645693,11.818571,11.06504,25.706985,26.697933,24.745771,15.234119,11.4311695,20.118801
1705,31.210802,26.229975,30.358313,25.229927,29.978298,16.036448,19.080755,8.482406,18.577671,4.758787,7.5370636,14.846025,7.8468714,17.06839,17.468866,28.208845,23.66436,23.928455,15.712481,21.008726,15.068437,13.986431,25.917797,24.557175,15.62147,11.464384,13.701764,7.6325073,10.528906,5.8753276,25.181292,23.322245,10.753095,14.783552,20.097301
1706,23.060173,30.831465,24.915413,9.930743,26.974714,6.988521,21.64057,12.124125,10.419934,4.2382355,16.71632,13.648487,11.316193,21.333508,13.652129,24.692108,30.98408,19.935223,22.715984,21.09219,15.631911,13.351037,29.186455,25.08728,23.582954,15.4292755,7.6755443,9.51638,15.764314,16.472036,28.154314,25.619305,15.778565,11.9818945,21.021652
1707,25.079773,29.710775,26.136147,12.689992,25.692675,7.7891307,20.43154,11.730139,10.785079,3.715435,16.363398,13.105989,11.265858,21.273932,12.6267,23.49803,30.324917,20.907728,21.304142,19.928234,14.390618,12.338436,28.39238,26.214327,23.580343,15.975876,7.439737,9.392416,12.939495,16.58741,27.406813,25.027437,14.925251,12.932936,20.678167
1708,32.4436,25.47397,31.356642,27.481434,30.448475,17.99221,18.791664,8.09662,19.999308,5.2354174,5.720538,15.7870245,7.403157,16.723392,18.279232,28.579464,22.3734,24.850182,14.78802,21.071949,14.795732,14.144625,25.333065,24.654234,14.340206,11.408956,15.40342,7.886114,10.062229,4.219608,24.5758,23.173212,10.517808,15.238472,20.374504
1709,31.497116,25.686031,30.580238,26.142323,29.614384,15.182886,18.911861,8.241123,17.324257,3.977759,7.190589,14.273905,7.7102,16.683762,16.478697,27.104052,23.480156,24.299202,15.648272,20.83183,15.181562,14.156202,25.561253,24.92657,14.862675,11.438416,12.5303545,7.1677027,9.930053,5.583544,24.926397,23.058191,10.540909,15.089149,19.962906
1710,31.469555,26.064198,30.786335,26.148384,30.215055,14.208976,19.415926,8.42107,16.029066,3.504798,7.2911053,14.149276,7.926583,16.854853,15.852966,26.599638,24.251041,24.619213,16.631264,21.28875,15.882345,14.862422,25.936443,25.501074,14.869423,11.710173,11.565636,7.026026,10.59491,5.7775235,25.342035,23.38193,11.134797,15.237318,20.25905
1711,20.035427,23.681313,20.72643,9.593419,13.105919,30.57504,16.543062,11.756504,32.86459,25.039495,5.5178633,27.881222,7.409594,19.526752,32.283714,34.708385,8.630763,18.176859,8.735234,20.32454,5.861023,3.5744023,22.155785,15.111154,13.725933,12.720314,31.924868,19.564663,20.510849,3.1663811,18.879288,23.879854,13.562263,12.490769,23.2144
1712,22.647755,31.023945,23.369787,5.7512746,16.99824,7.285646,19.447367,14.2517805,12.521735,6.991038,25.297009,12.914602,13.182576,25.128954,12.792335,22.791613,31.998497,18.345482,20.077686,17.290459,9.923198,6.35346,29.021801,26.498558,29.513897,19.496372,7.4464517,11.745282,10.313819,26.086187,27.433079,25.157942,14.98417,11.609292,20.33742
1713,24.139809,28.668396,24.83697,13.54054,30.66102,16.07846,20.524302,9.719326,21.53797,11.125667,13.781153,17.33739,8.883658,16.72136,22.234613,31.31216,22.13533,18.120329,15.041488,21.101292,14.625075,12.06015,26.941956,17.426798,17.055624,9.645107,18.244661,8.900237,14.4253235,7.7118134,25.95465,23.653038,9.844424,9.767742,19.636765
1714,20.938885,27.318247,21.351717,6.922018,15.482377,13.163583,17.424437,12.236105,17.856512,10.412428,17.787344,15.146952,10.423308,21.76779,17.34675,25.470089,24.319305,17.053482,16.26209,17.141003,8.913977,6.0550065,25.693306,21.996025,23.722889,15.885056,13.211369,12.339689,12.307946,18.152613,23.872992,23.154549,13.648286,11.217803,19.376873
1715,22.504898,29.056852,22.273922,6.432534,18.25942,13.641271,17.19767,12.451862,20.355265,9.132275,21.058346,14.150099,11.111354,22.734158,17.395433,27.40344,27.59378,16.41966,15.542821,16.149395,8.013599,5.033469,26.999012,22.04029,28.178658,16.163885,14.06934,11.829355,9.173422,21.07797,25.29057,23.358694,11.871461,10.447613,18.642927
1716,21.072733,30.1758,22.163137,4.879237,12.306163,5.7509446,19.455067,14.867546,10.289005,7.4347334,25.423445,12.884307,12.873337,25.38601,12.095208,20.800638,31.144487,18.279022,20.623802,17.498669,9.514757,5.9714394,28.297203,26.508516,28.005293,20.422668,5.8724203,12.1684475,11.206969,27.23638,26.63533,24.908884,16.012602,11.750359,20.600601
1717,20.609222,31.137047,22.148142,3.071788,10.288471,2.9378207,19.965073,16.146856,6.7019258,6.624799,28.181063,12.217123,14.250222,27.582703,9.27102,17.71782,34.181812,18.76992,23.44192,17.206486,9.499511,5.9309835,29.089867,29.382719,30.740623,23.340569,2.7995453,12.907471,11.370736,31.819891,27.34673,25.543774,18.542976,12.019054,21.193377
1718,33.36191,25.949055,32.190933,28.382687,30.971725,17.742865,19.130743,8.202756,19.731821,4.7338614,6.0028577,15.624068,7.620906,17.062063,18.010822,28.67274,23.17009,25.560146,15.254218,21.390768,15.198283,14.500978,25.90023,25.619158,14.744782,11.739865,14.856524,7.79294,9.879486,4.5486183,25.170275,23.631975,10.6876,15.771419,20.720655
1719,20.260014,30.888313,22.47314,4.081257,15.056058,1.9932323,20.769487,15.093179,4.645237,4.8379,24.554365,12.17536,13.514911,25.770008,8.720662,17.632751,34.11703,19.17225,24.921457,18.491753,11.8970175,9.030001,28.955364,28.708626,28.361721,21.80706,2.261026,11.65625,13.551162,27.834097,27.474548,25.540144,18.963028,11.853631,21.26311
1720,20.71524,30.744642,22.19338,3.7626398,10.411965,3.2498689,19.927614,15.846103,6.962042,6.8159575,27.530577,12.362904,13.896803,26.95978,9.69551,17.95108,33.259094,18.831139,22.83495,17.346813,9.603887,6.0612392,28.788498,28.789299,29.581497,22.735605,3.1792502,12.666998,11.311888,30.685326,27.103628,25.365477,18.005955,12.035919,21.134773
1721,25.553753,28.15666,26.878733,18.538969,32.835186,11.020722,21.958418,9.239931,13.81742,5.130064,8.938026,15.158154,8.103413,16.024183,17.625906,28.1604,24.80657,21.264503,19.298306,23.563503,18.530674,16.895836,27.125904,21.0274,13.89319,9.817116,11.615818,6.807308,16.864937,5.2143245,26.57068,24.077171,12.306225,12.106222,20.448465
1722,29.685081,26.500273,29.784452,23.624722,29.83654,10.571834,20.01544,8.954682,11.593392,2.0895784,8.354504,13.271659,8.649463,17.33206,13.248425,23.878036,26.015512,24.2947,18.947914,21.329323,16.651028,15.557039,26.301285,26.365456,15.628597,12.630201,8.264931,6.914647,11.862791,7.437321,25.763344,23.713293,12.619338,15.031219,20.481443
1723,20.729504,30.869625,22.337072,4.008764,13.760298,4.2351136,20.175138,15.078368,8.151369,6.610737,25.771229,12.67403,13.457666,25.845373,10.813276,19.68657,32.62406,18.613216,22.524258,17.867249,10.531838,7.0485168,28.917492,27.669027,28.660416,21.119673,4.446608,12.130792,12.286853,27.869326,27.290232,25.438868,17.336567,11.758558,21.021679
1724,20.867107,30.59185,22.089514,3.8983638,10.22699,4.245122,19.51274,15.722909,8.391976,7.0739574,27.21599,12.429518,13.692172,26.859888,10.398529,18.870026,32.823864,18.544273,22.03373,17.11801,9.120973,5.547972,28.632946,28.293398,29.816866,22.341848,4.0555263,12.745579,10.978828,30.34897,26.886034,25.173418,17.46936,12.010893,20.872248
1725,30.631561,25.321098,29.874138,25.133913,28.659145,13.752025,18.62518,8.301872,15.563284,3.406828,7.5888586,13.63006,7.91137,16.643381,15.1367445,25.535877,23.66504,23.894728,15.973723,20.296812,14.973641,13.890065,25.2072,25.027313,15.058712,11.661937,11.075735,7.070032,9.821022,6.257362,24.60153,22.737452,10.765634,14.931099,19.660818
1726,31.578884,26.378822,30.818495,24.358856,26.80777,11.340325,20.255358,9.526802,12.087516,6.3501396,13.163583,14.98201,10.369277,16.67166,14.561069,22.160511,21.320633,25.486853,14.19241,18.89811,15.442799,11.2850485,26.944084,26.853893,14.693067,11.320986,9.3861475,9.802357,6.937955,8.219849,27.097044,25.076494,8.336505,17.366482,22.019812
1727,21.943092,29.328648,22.217237,6.0696073,17.558994,10.294362,17.941957,12.909886,16.211502,7.3066874,21.848757,13.139099,11.51265,23.215395,14.964756,25.093256,29.194551,16.97007,17.490362,16.597395,8.950389,5.831088,27.352077,23.482845,27.91959,17.042326,10.557985,11.382257,9.930868,22.401945,25.741327,23.70277,13.108214,10.787715,19.022602
1728,31.882101,25.531488,30.883669,26.751505,30.079163,16.976244,18.802317,8.145176,19.080784,4.8014593,6.1809087,15.212609,7.4683957,16.687174,17.680082,28.106527,22.760448,24.485142,15.146986,20.976196,14.928095,14.153852,25.371616,24.613083,14.567162,11.353889,14.393726,7.6336536,10.159847,4.716679,24.648186,23.070408,10.588418,15.078147,20.148584
1729,24.759441,28.693096,25.809832,12.903872,23.02803,6.1138783,19.889614,11.810365,8.267085,2.927062,16.605328,12.324804,11.297407,21.308893,10.621393,20.759989,30.131144,21.166218,21.420383,19.18615,13.778888,11.826315,27.581173,26.991074,23.048481,16.854553,5.357269,9.284521,11.875478,17.650198,26.660818,24.50196,15.191295,13.266094,20.486277
1730,27.192833,28.493324,27.358751,16.836143,28.013739,12.849771,20.052355,10.218921,16.746069,7.5331507,14.832521,15.193738,10.144631,18.265747,17.467703,27.315767,24.498756,21.09844,16.071867,20.135452,14.2056055,11.418233,27.499866,22.535746,18.779186,12.013939,12.819512,9.051426,11.739973,10.392006,26.613981,24.443384,10.619702,12.848938,20.444796
1731,32.96403,25.539104,31.764538,27.989082,30.523373,18.03192,18.757505,8.088943,20.024225,5.0166407,5.846553,15.681102,7.523115,16.869814,18.08726,28.499554,22.587204,25.176617,14.75752,20.988075,14.75425,14.085117,25.466988,25.136608,14.601093,11.578267,15.229548,7.892762,9.671333,4.38974,24.714521,23.289862,10.474448,15.520174,20.454285
1732,31.02801,25.446568,30.177065,25.62173,29.028854,14.29847,18.693373,8.263805,16.25689,3.4384015,7.3310313,13.801775,7.771237,16.672735,15.601743,26.18636,23.730701,24.069756,15.857526,20.502747,15.013914,13.99899,25.32764,25.01665,15.074356,11.596841,11.595982,7.0556974,9.762311,6.0310473,24.715601,22.831587,10.644986,15.011348,19.7411
1733,22.406769,29.490843,22.125187,5.968728,16.524591,13.866759,17.27977,13.041258,20.984697,9.22403,21.612902,14.30014,11.066228,23.592546,17.926508,28.146664,28.289387,16.445013,15.80059,16.400764,7.5623083,4.4824414,27.360748,22.319988,29.074692,16.777782,14.225856,12.413153,9.427723,22.399862,25.53375,23.68625,12.280181,10.656784,18.92098
1734,20.417753,30.842144,22.049809,3.1496081,8.026344,1.9472265,20.021973,16.573597,5.1937585,6.818657,28.876778,12.132851,14.412615,28.03204,8.416604,16.125668,34.206505,19.124313,23.916443,17.150526,9.267677,5.755988,28.858753,30.100813,30.411226,24.335358,1.6835755,13.153525,11.247463,33.128212,27.116642,25.4979,19.233479,12.269531,21.425505
1735,20.93656,29.888737,22.153006,4.8605795,13.9240465,5.026607,19.267609,14.409381,9.052287,6.3633957,24.604275,12.329238,12.944411,24.955938,10.885011,19.823038,31.491785,18.22076,21.177307,17.171837,9.967678,6.654979,28.033573,26.80314,28.034805,20.184526,5.029172,11.69363,11.240801,26.562105,26.461313,24.596884,16.26674,11.6159115,20.241062
1736,32.24852,25.879143,31.262552,27.084385,30.603897,17.505917,19.088312,8.262825,19.655722,5.04908,6.0685196,15.627123,7.48984,16.908003,18.210487,28.745068,22.968517,24.768814,15.32708,21.367708,15.129922,14.408661,25.680332,24.763447,14.670465,11.474297,14.977552,7.8011293,10.494462,4.613938,24.926092,23.373571,10.774403,15.18643,20.44842
1737,21.443295,29.965195,22.150278,5.0577145,11.931189,6.7774878,18.750202,14.758791,11.679342,7.393534,25.132208,12.728021,12.831846,25.596693,12.335326,21.38022,31.090366,18.0511,19.926891,16.882013,8.756614,5.250665,28.092659,26.570808,28.958082,20.335478,6.516686,12.364393,10.492979,27.406706,26.341284,24.632772,15.70748,11.871185,20.214212
1738,20.142921,26.454632,21.858435,10.844796,23.943357,20.032053,20.193548,10.428109,23.267136,16.92288,8.266173,21.887716,7.6793413,16.852339,26.340094,32.167473,15.721243,17.852787,14.602046,22.65409,13.406238,10.984195,24.863438,15.71921,12.494818,9.960613,22.302473,12.711764,20.9859,3.5587103,22.98607,23.876274,13.072447,10.590483,21.501291
1739,21.06817,30.703968,22.361132,4.3243446,12.246833,4.738486,19.781544,15.28118,8.946083,6.9929056,26.303144,12.674188,13.454869,26.185057,11.05128,19.818954,32.425625,18.597961,21.843859,17.525013,9.761843,6.2097983,28.770962,27.725395,29.070469,21.424114,4.745292,12.394278,11.460329,28.663801,27.08467,25.295103,17.021849,11.923296,20.914589
1740,21.292595,30.202879,22.299494,4.9652705,14.4632,6.201466,19.25478,14.365936,10.910947,6.882576,24.730015,12.679773,12.80701,24.953556,12.128788,21.403572,31.287615,18.034676,20.417679,17.26279,9.731461,6.2784476,28.28732,26.234407,28.343166,19.707218,6.3256006,11.789613,11.036461,26.209753,26.665316,24.73627,15.592307,11.519903,20.230726
1741,24.2926,29.2698,25.034239,11.168344,24.160173,9.05287,19.41636,11.672769,12.893363,4.4214373,16.957516,13.037024,11.006183,21.372787,13.461488,24.325083,29.689754,19.659239,19.876383,18.843641,12.796754,10.649241,27.781612,25.041538,24.588648,15.80526,8.830111,9.722216,11.883432,17.324797,26.646288,24.347782,14.085983,12.206247,19.909794
1742,22.235935,29.36929,23.677504,8.133637,18.611683,4.551665,19.747774,13.231404,7.2835336,4.0429945,20.52926,12.095936,12.231359,23.235865,9.925095,19.461226,31.485538,19.596724,22.250118,18.26376,12.1821575,9.714991,27.83741,27.136658,25.766462,18.885635,4.319623,10.425261,12.116658,22.511892,26.608276,24.581556,16.42782,12.27718,20.393843
1743,22.1027,29.883118,22.529253,6.3214197,20.949234,12.585511,18.55237,12.347383,19.015268,8.35117,20.059906,14.366089,11.034876,22.347788,17.5884,28.112537,28.262714,16.837122,17.148079,17.64837,9.986802,6.9624987,27.823856,22.08872,27.076344,15.422126,13.396012,11.396846,11.576509,19.49007,26.205158,24.134987,12.665829,10.478273,19.296923
1744,20.132647,31.144394,22.135077,4.9823136,24.986176,7.2393007,21.006193,12.614588,12.303287,5.3752303,19.024391,13.496525,11.345774,21.970419,14.753641,25.869564,31.22217,17.179667,21.957523,19.970268,13.9823065,11.208748,28.947159,22.966042,25.822048,15.285324,8.849615,10.084099,15.885916,18.8096,27.66152,25.01377,15.3568945,10.093222,20.036987
1745,20.916267,30.255537,22.060385,4.340113,12.625778,4.949308,19.315905,14.903122,9.316943,6.708441,25.857718,12.374414,13.198306,25.704172,10.985564,19.873966,32.039913,18.158455,21.232038,17.079262,9.487391,5.9974017,28.314415,27.131332,28.940205,20.871407,4.956841,12.079824,10.919739,28.091564,26.66785,24.79593,16.440453,11.61829,20.391897
1746,20.583202,30.644382,22.043606,3.5352514,9.248838,2.9204996,19.782999,16.086088,6.530852,6.854025,27.981821,12.231453,14.032662,27.324968,9.267092,17.309101,33.454,18.835274,22.995975,17.1194,9.272852,5.74194,28.685524,29.155058,29.933887,23.270313,2.7324395,12.869471,11.094011,31.597902,26.967825,25.293608,18.319841,12.107106,21.127728
1747,18.917288,30.875017,22.0851,6.2835846,30.906174,5.097448,22.67408,11.408777,8.728581,3.1610315,13.951447,13.440518,10.084418,19.301458,14.217254,25.721144,30.998688,17.524046,24.537441,22.549423,18.043242,16.172081,28.757904,21.500689,21.531885,12.825742,7.514425,8.190676,20.008759,13.288141,27.923845,24.952068,16.279236,9.62974,20.189112
1748,22.98312,29.568071,22.629526,6.7877393,19.780367,15.76393,17.411482,12.260917,23.119532,9.770075,20.02797,15.040825,10.648353,22.54513,19.581383,30.095219,27.272022,16.426699,15.03052,16.808596,8.195065,5.2675467,27.431423,21.210962,28.235367,15.317765,16.43021,12.1432705,9.844299,19.645643,25.667479,23.741547,11.407954,10.422047,18.878767
1749,20.746439,30.794388,22.324114,3.9605043,12.258404,3.6726377,20.097351,15.425036,7.3806515,6.6730847,26.5306,12.529095,13.699485,26.338041,10.17266,18.714851,32.895214,18.80075,22.760471,17.651226,10.189904,6.6897287,28.861523,28.289032,28.991272,21.888535,3.7300436,12.376327,11.901762,29.105387,27.215712,25.430754,17.725782,11.945194,21.119482
1750,22.195904,30.292349,22.74499,5.49352,14.405379,7.1365104,18.7687,14.399491,12.310237,7.1437945,25.451685,12.628687,13.05424,25.302588,12.352356,21.888363,31.457178,18.044973,19.568249,16.658009,8.984771,5.454932,28.351753,26.451736,29.505535,19.890747,7.0318418,11.974256,9.676853,26.933798,26.695082,24.638147,14.985372,11.637584,20.00052
1751,29.594585,26.73596,29.439444,23.08363,30.665794,13.151113,19.707594,8.743561,15.294585,3.3419847,7.9785185,14.00935,8.218901,17.191845,15.656606,26.68715,25.288834,23.42784,17.735733,21.324926,16.103838,15.019024,26.299381,24.867403,16.154444,11.744589,11.194634,7.2060385,12.018982,6.659795,25.638365,23.534174,11.862699,14.3767185,20.110664
1752,20.617258,31.657799,22.431108,2.8247705,9.37647,1.9135199,20.581469,16.76091,5.232786,6.6743,29.150152,12.3614025,14.7144785,28.44706,8.597945,16.712025,35.17023,19.369728,24.728157,17.61857,9.823949,6.262106,29.590027,30.580647,31.151833,24.560562,1.7747687,13.285187,11.922726,33.33668,27.821672,26.095797,19.709158,12.335987,21.83809
1753,32.801903,25.581196,31.725983,28.035141,30.146994,15.20422,18.978952,8.111099,16.856642,3.2434688,6.5400553,14.130437,7.7411017,16.809448,15.836432,26.60614,23.844837,25.388329,15.960071,21.000332,15.496152,14.700396,25.658619,26.17566,14.64823,11.882265,11.9648,6.9695816,9.407243,5.3315043,25.064285,23.239979,10.799087,15.820258,20.257761
1754,23.23761,29.060045,23.186934,8.086075,21.35093,14.070331,17.817833,11.816003,20.342447,9.015371,19.419142,14.567779,10.859471,21.691671,17.878838,27.954338,26.882656,17.100235,15.703784,16.99566,9.427005,6.615504,27.123745,21.808935,26.418488,15.083591,14.570192,11.232424,10.075235,18.424646,25.567453,23.566704,11.70703,10.596699,18.93088
1755,30.233114,26.039259,29.595312,24.21798,29.849995,15.11068,19.041744,8.428682,17.606052,4.52084,7.625214,14.485177,7.8030024,16.771107,16.950268,27.5728,23.65026,23.327492,15.991918,20.86697,15.218071,14.121979,25.663353,24.040743,15.415888,11.235867,13.01832,7.371249,10.899588,5.9167056,24.962605,23.017477,10.833551,14.331224,19.777418
1756,29.283016,26.876364,29.182684,22.841867,30.821823,13.921208,19.974762,8.778544,16.411974,4.5264564,8.150545,14.679204,8.064195,16.886164,16.955976,27.68991,24.427982,23.081997,17.2239,21.700966,16.221657,14.979239,26.34092,23.792736,15.408802,11.181587,12.423122,7.327195,12.563417,6.0357447,25.66012,23.570093,11.493218,13.984149,20.184084
1757,31.275143,26.333208,30.91296,26.222816,31.109327,13.053676,20.002214,8.480659,14.480464,2.7279954,6.9085402,13.968825,7.938979,16.800251,15.181715,26.10963,24.987,24.932573,17.734613,21.921585,16.810244,15.898424,26.221706,25.888674,14.462485,11.802763,10.481068,6.659069,11.475537,5.528568,25.692959,23.647623,11.720148,15.313931,20.533968
1758,22.200083,28.456608,22.329676,7.4665823,20.238033,15.724131,17.719751,11.726024,21.68567,10.907921,17.788767,15.836197,10.302155,21.403688,19.551107,28.68765,24.96262,16.713072,15.50137,17.432394,9.279381,6.636877,26.512287,20.850983,24.978603,14.832626,16.404417,11.917704,11.6971,16.989258,24.764086,23.409,12.367957,10.401226,19.140377
1759,22.064438,28.99787,23.965302,9.173383,19.812288,3.1354816,20.318686,12.901378,4.730508,2.8564668,18.545328,11.915433,11.9022665,22.539576,8.769442,18.108585,31.6067,20.318855,23.725998,19.13679,13.65557,11.719137,27.620102,27.550074,24.065712,18.74474,2.88492,9.835596,13.393186,21.003155,26.573605,24.588362,17.36639,12.561321,20.67396
1760,23.319466,25.539452,23.36313,12.968377,22.98787,26.676697,17.734251,10.131359,30.841206,20.28802,9.467127,23.623161,7.763299,17.573393,29.078054,34.145428,13.683043,17.858637,9.949246,20.020756,9.190297,7.1447935,23.786285,15.218225,14.885137,10.982941,28.571196,14.15974,15.603146,4.5459905,21.645704,22.998175,10.532321,10.430282,20.857336
1761,22.646488,29.704922,22.512045,6.3511424,19.282694,14.291866,17.658789,12.522763,21.32328,9.107456,20.61572,14.562885,10.981776,22.915152,18.39084,28.908817,28.041597,16.566113,15.925384,16.825733,8.477978,5.4811225,27.58667,21.97471,28.463116,15.8831005,14.855776,12.038902,10.102856,20.594141,25.83484,23.867693,12.081498,10.53726,18.997774
1762,31.039743,26.05923,30.373316,25.424908,29.847633,14.276426,19.311184,8.466097,16.307638,3.912007,7.7272406,14.216819,7.972916,16.813408,16.107237,26.727804,23.961119,24.20219,16.31023,21.08535,15.609118,14.45006,25.8707,25.025263,14.97844,11.557495,11.840601,7.152051,10.575684,5.9406295,25.254465,23.301159,10.908669,14.983728,20.13708
1763,22.550182,29.26464,23.035788,7.291593,15.011864,7.7405148,18.61144,13.583177,12.373718,7.266135,23.27939,12.845564,12.381196,23.788095,12.861741,21.953161,29.24669,18.48613,18.522198,16.899866,9.498831,6.0219097,27.647762,25.638313,26.82558,18.44006,7.463743,11.559922,9.929678,23.863726,26.1345,24.323095,14.148443,12.066854,19.969904
1764,21.727327,29.995995,22.135212,5.213855,16.109034,9.717005,18.336832,13.62414,15.759106,7.5355825,23.115887,13.259054,11.918981,24.250269,14.862309,24.97073,30.18211,17.112638,18.275312,16.859762,8.79844,5.4997797,27.951332,24.260206,28.923155,18.050695,9.991764,11.896723,10.339596,24.1962,26.22896,24.250795,13.884364,11.000592,19.499865
1765,20.618567,30.358915,22.210611,4.269453,12.839414,3.6294644,19.895658,15.042165,7.1081204,6.252122,25.52837,12.353432,13.409796,25.759834,9.959414,18.543552,32.488583,18.71336,22.63626,17.596806,10.36215,7.03445,28.490349,27.942867,28.350822,21.402523,3.6559167,12.040209,11.967206,28.090166,26.897192,25.124937,17.541351,11.881463,20.864944
1766,21.137045,28.934721,22.141905,5.8416204,13.451452,5.353963,18.69633,13.952478,9.114549,6.508071,23.794807,12.161381,12.649268,24.167583,10.735354,19.252525,30.097664,18.238327,20.165983,16.704039,9.683793,6.4241567,27.252193,26.36,26.865025,19.599804,5.113313,11.466135,10.539909,25.482128,25.75627,24.009249,15.59973,11.739619,19.860945
1767,33.14485,26.158707,32.220142,28.4919,31.027859,14.916563,19.681318,8.304064,16.46773,3.2534423,6.6400967,14.383296,7.834099,16.955406,16.029589,26.963375,24.390888,25.857674,16.656044,21.781052,16.283997,15.441608,26.218227,26.531956,14.377654,11.974013,11.780851,6.87453,10.133341,5.2055993,25.655634,23.730356,11.146377,16.006863,20.72436
1768,21.566225,30.556376,22.503782,5.0452414,15.860998,7.0706754,19.372145,14.197686,12.20447,7.0241957,24.415812,12.964246,12.7042055,24.804667,13.026959,22.735123,31.334,17.919992,20.138266,17.47454,9.899735,6.4236846,28.579823,25.804405,28.589035,19.169407,7.357842,11.74132,11.206499,25.497591,26.944025,24.9091,15.202981,11.40196,20.237858
1769,22.625687,30.359474,23.11915,6.3340006,20.119858,9.787203,18.872595,12.995189,15.693031,7.2731323,22.652628,13.343749,12.145281,23.349215,14.887466,25.388042,30.1111,17.504042,18.268906,17.20654,10.048636,6.716071,28.34497,24.109215,28.261295,17.02289,10.294027,11.175693,10.408861,22.29954,26.81656,24.472267,13.275466,10.933312,19.551733
1770,20.589417,31.37735,22.378233,3.1338465,10.423939,2.3052697,20.477144,16.313637,5.6756315,6.5891495,28.290497,12.384074,14.400395,27.73249,8.975125,17.203577,34.486683,19.19612,24.216082,17.649065,10.036328,6.505233,29.352432,29.871496,30.388403,23.707214,2.260399,12.949741,11.985251,31.943632,27.637844,25.884993,19.133942,12.182937,21.618097
1771,29.689484,26.838238,29.181524,21.86412,28.470001,13.557218,19.03693,9.174943,16.199287,4.4552503,10.436708,14.018721,8.921884,17.900492,15.709507,26.350533,24.980782,23.023249,16.474163,20.063469,14.454064,12.825817,26.367722,24.968767,17.768608,12.393672,11.59467,8.0573,10.307799,8.6817875,25.59435,23.589954,11.137946,14.426638,20.027449
1772,20.609837,30.969603,22.351334,3.8932145,15.162205,3.8140225,20.256805,14.890607,7.546434,5.8382473,25.1608,12.4302635,13.446141,25.6536,10.306764,19.538868,33.226616,18.551682,23.131502,17.952442,11.015004,7.719856,28.97472,27.73639,28.899168,20.946651,4.0922117,11.84664,12.623611,27.468882,27.404884,25.399042,17.584213,11.619739,20.890793
1773,23.170105,29.519169,24.235693,10.122423,24.281841,11.1462755,20.063734,11.7041855,15.474502,7.329895,16.496794,14.843852,10.673394,20.875135,16.611664,26.627602,27.511564,18.99445,19.23997,19.79135,13.257665,10.765584,27.922226,23.17471,22.87852,14.582821,11.688696,10.469337,14.245791,15.466606,26.603735,24.674799,14.076337,11.619626,20.344381
1774,20.062965,23.497028,20.751015,9.923657,13.959721,29.91648,16.60286,11.429602,32.168327,24.77765,5.715694,27.41563,7.350107,18.938309,31.7792,34.141075,8.512019,18.022102,8.694667,20.232021,6.268306,4.0016704,21.996403,14.8518715,13.06786,12.329332,31.35903,18.836895,20.056477,2.828726,18.862858,23.560995,13.158671,12.174167,22.861525
1775,21.684235,28.634384,22.815916,7.406682,14.16704,4.696134,19.11906,13.664709,7.7345285,6.0992293,22.871424,12.202934,12.44008,23.41594,10.321154,18.544268,29.521646,19.06712,20.355488,17.272198,10.542092,7.3500853,27.173122,26.539318,25.1287,19.188599,4.4065547,11.062714,10.766749,24.063982,25.85229,24.135511,15.484632,12.222352,20.199963
1776,30.825932,25.764967,30.214937,25.311039,29.398281,13.264792,19.137796,8.444043,14.958146,3.2528207,7.8151846,13.716402,8.079529,16.764555,15.0151205,25.543068,24.194775,24.222012,16.56156,20.770649,15.557489,14.419294,25.641617,25.371449,14.993905,11.777555,10.687534,6.9710636,10.284115,6.2757974,25.070559,23.112911,11.024106,15.061574,19.99307
1777,29.033447,26.586897,27.974577,19.060913,28.395264,22.438648,18.033865,9.127441,26.89353,14.565887,13.08012,19.545334,9.188018,16.798378,23.9141,31.064045,17.715366,20.517502,9.895492,18.576963,10.879865,8.440426,25.48695,18.836966,16.694862,10.680821,23.165348,11.050379,8.9286175,6.3934107,24.350677,23.354923,7.5404434,11.982571,20.165873
1778,26.187716,28.788017,27.325361,16.602722,30.002893,8.5597315,20.858969,10.309246,10.673446,2.006948,11.327072,13.150567,9.75648,19.335135,12.975187,24.426083,29.57031,21.999876,21.852518,21.431747,16.632603,15.495844,27.764477,25.919903,20.18627,14.094162,7.7768083,7.848344,14.3172655,11.671888,27.013464,24.567537,14.848941,13.28027,20.543184
1779,20.935732,30.319252,22.081316,4.3963523,10.20546,4.629724,19.456163,15.531916,8.853521,7.3214536,26.775623,12.563504,13.38631,26.417048,10.892939,19.25666,32.120716,18.509808,21.483456,17.234552,9.127505,5.548381,28.404186,27.733688,29.000195,21.856499,4.501656,12.584375,10.933163,29.568567,26.69196,25.01164,17.001564,11.983261,20.787113
1780,22.647385,29.297953,22.802874,7.4042387,21.833351,14.990525,18.1174,11.8043585,21.417961,9.698828,18.544844,15.272057,10.578076,21.652822,19.129992,29.200348,26.534191,16.820873,15.98936,17.589344,9.742052,7.018888,27.268745,21.208443,26.139194,14.738485,15.771776,11.5294075,11.431927,17.604044,25.614468,23.782225,12.139327,10.356279,19.144705
1781,29.484066,28.25649,29.755577,21.457363,28.816227,10.327756,21.331644,10.145164,12.011165,5.232985,12.866148,14.752554,10.101893,17.913424,14.973937,24.56126,25.12891,24.219067,17.893955,21.466778,16.604782,13.782305,27.956028,25.818024,16.286758,12.425864,9.171249,8.5491905,11.809788,9.080626,27.529581,25.339113,11.400679,15.322703,21.822165
1782,18.961807,31.379543,22.263535,6.258281,31.925869,5.439343,23.207552,11.459745,9.279725,3.5656362,13.914768,13.869157,10.126797,19.264814,15.019056,26.656921,31.003841,17.591906,24.756903,23.134014,18.648922,16.649076,29.209206,21.303133,21.330414,12.442213,8.084876,8.258269,20.859053,12.783224,28.37567,25.325232,16.38224,9.57197,20.475492
1783,21.332462,30.052391,22.62176,5.430856,15.248423,5.0353804,19.605919,14.216601,8.939179,6.391341,24.437693,12.467,12.98555,24.585299,11.028335,20.007553,31.325993,18.527779,21.200184,17.468555,10.526065,7.1565013,28.236809,26.77583,27.495434,19.814342,5.1413918,11.485281,11.3796215,25.767584,26.753538,24.791487,16.052292,11.705418,20.417198
1784,21.113266,31.044273,22.509457,4.1783004,12.973334,4.7477527,20.048424,15.323035,8.9729805,6.9335413,26.294447,12.794235,13.547243,26.293678,11.180982,20.128895,32.78646,18.688942,22.213264,17.772434,10.070886,6.5147295,29.075417,27.86747,29.284811,21.442966,4.831272,12.417996,11.8588705,28.590519,27.381289,25.548635,17.23241,11.930558,21.090555
1785,24.558054,29.655167,25.679964,11.686997,23.614706,6.7917275,20.305609,12.188596,9.664734,3.9837167,17.904264,12.8369665,11.709043,21.81707,11.7958355,22.172039,30.463633,20.748062,21.376656,19.413578,13.784156,11.465503,28.330238,26.642931,24.085308,16.80332,6.420255,9.730421,12.470531,18.306345,27.30352,25.017904,15.177972,12.935537,20.720427
1786,25.667404,27.611732,27.135939,19.013573,32.736465,9.191356,21.497778,9.091598,10.8327055,2.083954,7.152851,13.749126,8.043453,16.628332,14.593964,25.740547,26.90969,22.01348,21.325535,23.166922,18.739416,17.95134,26.769001,23.3671,15.045141,11.184748,8.768038,6.385536,16.672853,6.085695,26.2254,23.841623,13.966026,12.7948,20.292723
1787,30.205889,26.393486,30.036764,24.393791,30.40655,12.118864,19.83684,8.674461,13.6214485,2.8198795,7.9647117,13.697187,8.344773,16.950092,14.571635,25.302849,25.120174,24.202257,17.844034,21.3685,16.44962,15.293653,26.183006,25.606163,15.181468,11.918938,9.83365,6.869544,11.569823,6.4150453,25.628092,23.564466,11.802529,14.929806,20.324518
1788,20.275824,29.992954,21.885641,4.022024,11.71423,2.8775558,19.62252,15.153651,6.067246,5.942704,25.753365,11.958368,13.455444,25.907278,9.046262,17.368992,32.67616,18.599205,22.8918,17.22929,10.065503,6.8425374,28.12621,28.231087,28.488316,21.886745,2.787137,12.022484,11.630949,28.906889,26.54689,24.80058,17.86553,11.827977,20.651073
1789,29.462727,26.834534,29.40072,22.443779,29.76716,11.671297,19.623323,9.05409,13.415951,2.3743393,8.781086,13.363781,8.66123,17.85851,14.024822,25.087963,26.48786,23.626072,18.626663,20.892578,15.858442,14.827855,26.432789,26.058256,17.267788,12.808426,9.50598,7.31316,11.499552,8.328098,25.778269,23.667664,12.534102,14.640851,20.197132
1790,26.893137,28.634117,28.080893,17.297443,26.629267,5.713459,20.97791,11.142453,6.4289947,1.0581768,13.2887535,12.415262,10.752548,20.562222,9.834018,20.369473,30.7727,23.503536,23.15707,20.878551,16.31611,14.980146,27.925575,28.890629,20.768028,16.518263,4.2372932,8.38387,12.895688,14.782136,27.280554,25.0316,16.0681,14.617622,21.31522
1791,21.514076,30.678982,22.475077,4.7877994,11.392106,5.614924,19.496645,15.397411,10.288445,7.471011,26.612574,12.809292,13.333737,26.371656,11.76024,20.601446,32.179226,18.536604,21.041039,17.38131,9.15656,5.5169044,28.732403,27.493803,29.362705,21.411224,5.5069566,12.56735,10.7981415,29.014067,26.999195,25.207012,16.509285,12.014586,20.809656
1792,20.315922,29.651937,21.737373,4.268036,11.685328,3.6824088,19.308142,14.865247,7.194195,6.3248434,25.381437,12.080286,13.17413,25.440819,9.769934,18.05878,31.723545,18.335619,21.87416,17.032486,9.757376,6.442758,27.829681,27.464384,27.969614,21.18225,3.6026769,11.954409,11.294548,28.028856,26.245588,24.551332,17.081806,11.723714,20.410585
1793,32.38124,26.363764,31.77274,27.545053,31.1568,13.746245,19.951097,8.47474,15.068052,2.706655,6.7016807,14.113555,7.9745736,17.06145,15.299833,26.315998,25.08452,25.649094,17.602116,21.973696,16.713745,15.894568,26.360703,26.661192,14.60422,12.146498,10.766979,6.787878,10.926767,5.552145,25.813433,23.829903,11.752948,15.844532,20.77102
1794,21.862343,30.917664,22.823175,4.858194,14.293946,6.0713563,19.503191,14.864488,10.84563,6.9344525,25.914677,12.747364,13.400174,25.909117,11.839462,21.300713,32.44025,18.444836,21.02652,17.278522,9.650076,6.0930843,28.940773,27.326153,29.745838,20.66074,6.0569305,12.213921,10.81451,27.761175,27.260069,25.249361,16.149052,11.824265,20.612736
1795,20.447079,31.100475,22.183363,3.0355303,8.422042,1.5913389,20.280386,16.663208,4.7777567,6.718001,29.2187,12.138069,14.569535,28.163115,8.223563,15.973728,34.601585,19.234756,24.29282,17.305244,9.517747,5.977946,29.08245,30.327272,30.547169,24.512684,1.4210294,13.113553,11.386753,33.3782,27.359919,25.66754,19.417122,12.237618,21.56406
1796,21.165916,30.723682,22.337336,4.1837606,12.4670515,4.692846,19.56106,15.255927,9.082139,6.788563,26.719522,12.423751,13.568423,26.275501,10.778157,19.727087,32.771027,18.386337,21.69342,17.159645,9.507823,5.9417644,28.72889,27.75441,29.687374,21.475006,4.6946783,12.306728,10.855697,29.12798,27.059942,25.114147,16.816502,11.746586,20.646643
1797,23.007622,29.583725,23.20632,7.3094444,16.548038,9.91156,18.345583,13.323272,15.376524,7.835471,22.788351,13.394405,12.092321,23.69313,14.58603,24.266815,29.113163,18.07871,17.622278,16.855713,9.12032,5.757684,27.80729,24.723001,27.6553,17.800829,9.837401,11.731892,9.654045,23.106653,26.213896,24.304234,13.380443,11.70905,19.747267
1798,33.121655,25.598303,31.88585,28.095497,30.581715,18.33894,18.756908,8.119706,20.372843,5.1436787,5.8337517,15.848267,7.5355296,16.95246,18.30367,28.726048,22.575706,25.250587,14.656167,21.003605,14.669463,14.007463,25.518333,25.154232,14.707813,11.622267,15.554375,8.010522,9.627613,4.383286,24.747875,23.359346,10.444369,15.565078,20.52914
1799,22.371138,25.446312,22.739073,11.957511,21.179192,27.785551,17.911541,10.6090975,31.50244,22.007616,8.487332,25.084213,7.7104044,18.032501,30.443882,34.80332,12.344696,17.97081,9.995864,20.651623,8.877839,6.690368,23.696987,15.05843,14.267239,11.274653,29.750814,15.555317,17.647118,3.8376732,21.263968,23.510798,11.54943,10.879325,21.718975
1800,20.784885,30.480719,22.633701,5.241507,17.652178,3.981188,20.362299,14.114691,7.332268,4.9342766,22.670523,12.409415,12.729697,24.33621,10.446181,19.986826,32.62886,18.723423,23.158783,18.530365,12.055354,9.20453,28.592754,26.915867,27.253174,19.657585,4.3706675,11.037205,13.290749,24.727196,27.18868,25.097599,17.220852,11.55183,20.67658
1801,20.782194,30.299952,22.659292,7.4508314,28.321526,10.2578745,21.180822,11.320965,15.39221,7.3242826,16.081182,15.006777,10.207723,19.561436,17.768553,28.253607,27.74826,17.176643,19.98674,20.874805,15.019746,12.467277,28.220966,20.316257,22.010168,12.556187,12.401953,9.445383,16.667898,13.636784,27.082712,24.526623,13.664311,9.628582,19.86252
1802,25.29349,29.204744,26.875757,16.987192,31.401722,9.771035,22.809345,10.132737,12.67583,6.888889,12.457047,15.752255,9.278632,16.4746,17.807558,27.486675,24.501112,21.388836,19.053211,23.648079,18.452045,15.779072,28.147282,20.955893,14.117844,10.195213,11.093954,7.7000685,16.878586,6.82521,27.627535,25.115374,11.892964,12.282591,21.358826
1803,21.613728,29.978907,22.843061,6.1110706,17.393951,5.9870334,19.628538,13.661555,10.117438,6.3515472,23.151817,12.676888,12.596877,23.761328,11.908542,21.259317,30.727444,18.409748,20.682056,17.733196,11.030165,7.7630696,28.169827,25.920223,26.822884,18.646673,6.2321725,11.097155,11.677986,23.849884,26.753729,24.67262,15.399784,11.532215,20.221046
1804,23.536858,28.504288,23.16585,8.933188,22.769527,15.996133,17.39174,11.100798,22.753452,10.00312,18.449476,15.099526,10.181779,20.475492,19.514639,29.439419,25.219347,16.569048,13.967444,16.864857,9.174178,6.4627447,26.517288,19.953665,25.237865,13.671791,16.847445,10.830345,9.406805,16.331234,25.033419,22.94657,10.135211,9.986262,18.379702
1805,19.922325,29.600876,21.180021,3.2604454,11.273124,4.0997686,18.711916,14.911305,8.116954,6.2763743,25.774672,11.784167,13.261934,25.783752,9.755404,18.322329,32.08294,17.606123,21.549887,16.299356,8.993463,5.647618,27.643467,27.276562,29.327332,21.271095,3.9377167,12.136882,10.801513,28.890188,25.96385,24.198982,16.972357,11.354527,19.895016
1806,21.098545,29.980944,22.04294,4.8258514,14.636297,6.5189404,18.989416,14.161542,11.376242,6.7703257,24.259329,12.59712,12.600145,24.712784,12.313743,21.7095,31.036905,17.73191,20.097961,17.07826,9.567629,6.1620493,28.057571,25.826946,28.315378,19.336308,6.6382976,11.694844,10.984349,25.759703,26.423798,24.501331,15.340356,11.360752,19.967077
1807,21.953318,28.128643,21.741907,6.683101,18.149246,16.904913,16.89091,11.900508,23.289759,11.503339,17.899225,15.964817,10.1395235,21.826723,20.21143,29.32405,24.499516,16.214891,14.516595,16.754349,7.907654,5.209542,26.133396,20.497261,25.995401,15.108948,17.41741,12.61795,10.985486,17.759134,24.242392,23.144844,12.028832,10.437538,18.892584
1808,26.992292,27.83583,27.973417,19.650532,31.351192,9.938988,21.15125,9.407495,11.796004,2.9781616,9.014655,13.935378,8.721238,17.339556,14.72952,25.632713,26.662899,22.59264,20.24126,22.42573,17.685976,16.406246,27.115406,24.31727,16.087805,11.858442,9.12839,7.0951643,14.99399,7.4095473,26.509514,24.215628,13.346743,13.520945,20.602573
1809,23.040642,27.397861,23.153273,10.272438,22.880428,20.14923,17.897282,10.766389,25.319338,14.1625595,13.839767,18.8521,9.250155,19.525623,23.29828,31.07225,20.624643,17.392502,13.535665,18.637062,9.8579645,7.5483937,25.599918,18.686346,20.699982,12.835126,21.266094,12.457341,13.447809,11.128514,23.764061,23.329395,11.576173,10.459018,19.806711
1810,20.291714,30.310715,22.0246,3.898833,11.660742,2.6646867,19.997437,15.371627,5.839941,6.2402253,26.28979,12.15942,13.622605,26.128107,9.165512,17.356613,32.865116,18.777164,23.200647,17.504438,10.290527,6.9682126,28.414055,28.434013,28.446827,22.127155,2.701822,12.145195,11.921335,29.26958,26.8375,25.083233,18.096752,11.86116,20.944733
1811,23.186153,29.602959,24.049524,8.618102,20.111387,7.28577,19.385828,12.827267,11.342111,5.760772,21.238668,12.746601,12.175699,22.704145,12.393983,22.24003,29.984768,19.061111,19.737167,17.813831,11.489594,8.471367,27.995083,25.666927,25.941399,17.43794,7.243662,10.530141,10.981258,21.310999,26.723814,24.523579,14.35456,11.962697,20.061947
1812,20.32656,29.6193,22.163572,4.8725076,13.277751,2.5016208,19.776476,14.682865,5.020759,5.028067,23.925129,11.893681,13.092892,25.165749,8.543072,16.943275,32.571964,18.975327,23.489193,17.641476,10.897603,8.122128,27.87487,28.20248,27.399246,21.456749,2.4135711,11.509921,12.291591,27.258883,26.395628,24.694956,18.15098,11.937678,20.669668
1813,21.306154,30.507042,22.289152,4.6081986,10.691506,5.1510806,19.380907,15.494271,9.677707,7.3702164,26.884775,12.602346,13.405517,26.478712,11.2562475,19.914734,32.259876,18.475647,21.17555,17.185215,9.002847,5.3704934,28.558414,27.663795,29.418678,21.699284,4.985034,12.578936,10.623848,29.540617,26.83386,25.05232,16.68969,11.980715,20.71618
1814,20.486153,30.304478,22.094973,4.00694,11.318065,2.9295144,19.844625,15.417988,6.205402,6.316844,26.408567,12.170114,13.670215,26.283342,9.247815,17.475533,32.845234,18.81369,22.973629,17.357897,10.032581,6.679666,28.426395,28.547998,28.734655,22.214928,2.8489385,12.277279,11.639444,29.473543,26.816977,25.093191,18.00196,11.976167,20.936338
1815,21.049906,29.512003,22.07052,5.5133,11.589222,5.4245095,19.17689,14.667193,9.595005,7.3595333,25.017534,12.662972,12.6956215,24.918062,11.614299,19.930275,30.373718,18.356884,20.250841,17.290653,9.438533,5.9361377,27.746426,26.358812,27.024372,20.212883,5.3912144,11.952893,10.867403,26.76983,26.160948,24.501127,15.790704,11.842347,20.388544
1816,32.45064,25.54156,31.454445,27.724974,30.158401,15.207826,19.055344,8.091048,16.90215,3.570857,6.541643,14.248535,7.6748524,16.623653,16.08661,26.712915,23.515295,25.156885,15.889114,21.086819,15.60474,14.756168,25.584164,25.763983,14.274319,11.64579,12.143817,6.947583,9.71724,5.0856423,24.99551,23.172228,10.750651,15.613316,20.212769
1817,20.607372,31.319536,22.372154,3.1935391,10.778093,2.4781995,20.40819,16.185034,5.880732,6.537787,28.025173,12.368673,14.337272,27.567947,9.070033,17.388805,34.34452,19.13175,24.080357,17.620502,10.072692,6.5519695,29.302841,29.717985,30.306126,23.47127,2.4210625,12.874056,11.998564,31.574694,27.5937,25.826189,18.994959,12.154,21.534
1818,28.911203,27.397003,29.538624,21.508305,27.369305,7.0595884,20.61394,10.263114,7.0909176,0.7377216,10.725063,12.490509,9.897737,19.393497,10.093642,20.433783,29.099087,24.85537,21.953949,21.080162,16.723911,15.614758,27.142456,29.303314,18.246807,15.557855,4.6546264,7.75963,11.858876,12.008701,26.64771,24.555489,15.107741,15.641464,21.269491
1819,22.376389,23.85334,22.139374,11.7986,18.98497,28.757992,15.5654125,10.269971,32.422176,19.99277,6.852515,23.978264,7.3894777,18.563091,28.851562,33.734745,12.607424,17.479595,8.846669,18.340536,6.4419537,4.943339,22.15168,15.578514,16.635006,11.956981,29.713594,16.05088,15.326621,4.800969,19.554155,22.222887,11.432572,11.03578,20.564947
1820,21.125439,29.832193,22.25604,5.2352443,14.763331,5.597368,19.298685,14.13511,9.910409,6.713746,24.443363,12.507807,12.735996,24.430038,11.605684,20.583498,30.846298,18.090767,20.465145,17.248407,10.063367,6.6468964,27.97541,26.079948,27.427902,19.462187,5.7845674,11.473394,11.047743,25.630959,26.459877,24.511,15.514529,11.441566,20.131807
1821,22.60405,29.30481,24.753183,13.274247,32.626778,9.065608,22.316374,10.026269,12.267112,4.792218,10.596102,14.822323,8.813321,17.135584,16.815544,27.671677,26.972097,19.493118,21.408333,23.345406,18.475742,16.848604,27.769936,20.648819,16.719376,10.67418,10.634139,7.4089947,18.733816,7.822819,27.060766,24.416132,13.95119,10.835923,20.327122
1822,21.641869,30.503807,22.463018,5.097736,11.520876,6.1081567,19.316214,15.228157,10.977917,7.611688,26.330467,12.854168,13.126354,26.093224,12.177841,21.07777,31.764496,18.402632,20.491566,17.311113,9.003799,5.357887,28.56496,27.046606,29.109406,21.008455,6.0134892,12.464597,10.543131,28.52757,26.845,25.031843,16.04045,11.946524,20.633898
1823,21.256763,30.48941,22.307482,4.961038,15.276707,7.074648,19.550858,14.274386,12.170512,7.3617754,24.200542,13.206394,12.532004,24.699203,13.411447,22.873735,30.933338,17.921787,20.161871,17.790932,10.015681,6.521975,28.537796,25.518463,27.97132,19.066078,7.4753394,11.834236,11.721935,25.240147,26.888643,24.9774,15.299278,11.41329,20.402576
1824,21.434631,30.164263,22.292799,5.1853075,12.756058,6.82513,19.174368,14.679124,11.732973,7.596258,24.939577,13.043969,12.714672,25.280973,12.838643,21.85788,30.862846,18.169884,19.981829,17.371227,9.24055,5.7077565,28.295074,26.191893,28.283716,19.980326,6.847536,12.235087,10.979106,26.65964,26.585402,24.865343,15.550346,11.807016,20.457254
1825,26.987411,27.77002,27.599201,17.511028,25.86301,7.8958287,20.03737,10.65989,9.439816,3.0896204,13.68499,12.911917,10.43102,19.472181,11.738105,21.678585,27.869318,22.60252,19.972132,19.85263,15.041856,13.093321,27.116356,26.78827,19.735302,14.860962,6.570248,8.577772,11.488422,13.314913,26.454424,24.311901,13.687665,14.252134,20.64934
1826,20.520424,30.145853,21.89343,3.990351,11.996332,4.0172076,19.447548,15.055396,7.8803034,6.4915767,25.96695,12.217495,13.379615,25.859175,10.140759,18.695728,32.232914,18.31535,21.938038,17.084911,9.686547,6.247155,28.240345,27.641977,28.775745,21.35688,3.9722788,12.152848,11.281036,28.558084,26.60604,24.830614,17.110966,11.707447,20.541134
1827,24.169073,28.883894,25.22173,11.512795,21.513615,6.0787416,19.70099,12.224128,8.567086,3.5554867,17.946426,12.346328,11.6046915,21.91894,10.715301,20.677448,30.29508,20.653894,21.276447,18.765501,13.025723,10.851659,27.653908,26.939285,23.982838,17.412457,5.4365063,9.7284775,11.696483,19.109634,26.60666,24.52223,15.334882,13.003477,20.428846
1828,32.37752,26.69785,31.746572,26.104538,28.520773,10.908962,20.483793,9.401404,11.239604,3.7146795,10.685825,14.185732,9.831243,17.458813,13.356473,22.511309,24.171766,26.359858,16.80758,20.234121,16.448093,13.6183405,27.16597,28.512209,15.397297,12.468144,8.095143,8.670067,8.500016,8.108256,27.119753,25.041067,10.515687,17.54596,21.960306
1829,29.608786,26.639515,29.62882,22.964699,29.00055,10.635098,19.819052,9.195876,11.813249,2.3264408,9.17129,13.246489,8.921379,17.818892,13.154899,23.720985,26.27047,24.132515,18.863914,20.913113,16.110477,14.903822,26.394691,26.662428,16.55286,13.10198,8.307765,7.304785,11.410836,8.511035,25.808594,23.77995,12.716792,15.0552025,20.476217
1830,29.616867,26.10135,29.64813,23.354324,27.628792,9.104915,19.627287,9.304677,9.510786,1.3314507,9.223064,12.569364,9.066995,18.001234,11.33172,21.518057,26.653013,24.586409,19.424143,20.448734,16.040457,14.882007,26.041847,27.851744,16.508055,13.871249,6.366608,7.2662926,10.597118,9.497368,25.579605,23.595116,13.178917,15.563526,20.482458
1831,20.770048,31.634502,22.583302,3.2327378,11.077898,2.5093033,20.67248,16.303038,5.956351,6.616373,28.221088,12.530308,14.428288,27.741076,9.258344,17.659584,34.622055,19.303726,24.312572,17.876215,10.26592,6.7115645,29.596428,29.886374,30.443466,23.595335,2.5133364,12.944841,12.214872,31.692404,27.880228,26.087805,19.129295,12.226997,21.755692
1832,21.10777,30.50362,22.871994,5.8930473,19.23787,4.784419,20.548384,13.68047,8.486525,5.4445944,22.244818,12.711229,12.483657,23.52069,11.534185,21.179895,31.660402,18.629436,22.293556,18.80767,12.490798,9.453284,28.632484,25.971273,26.279472,18.44466,5.4193377,10.735185,13.364261,23.090485,27.326227,25.083225,16.261116,11.413774,20.596548
1833,21.250547,28.768581,22.818827,7.017271,15.233456,3.342235,19.358252,13.699555,5.608622,4.352321,21.639841,11.746464,12.475594,23.777695,8.72128,17.346031,31.285301,19.34862,22.485271,17.604912,11.321871,8.806413,27.270603,27.617125,25.826109,20.032269,2.9614697,10.810319,11.77641,24.4102,25.958975,24.22722,17.114204,12.240889,20.297071
1834,18.378004,31.309784,21.487284,4.6959047,30.065052,5.4972835,22.614359,11.752144,9.933347,4.2492447,15.815873,13.673153,10.48627,19.754463,15.0081005,26.385897,30.864733,16.776047,23.822983,22.060705,17.33916,14.929365,29.030071,20.995827,22.551353,12.811344,8.265347,8.707663,19.665993,14.507618,28.098864,25.062685,15.829792,9.163209,20.10183
1835,22.494526,28.694923,23.187702,8.539455,15.864016,7.5340514,19.049997,13.084672,11.644952,7.528122,21.953587,13.193752,11.845538,22.407835,13.290645,21.847605,27.61608,18.834763,18.117329,17.6373,10.478713,6.951978,27.260067,24.621593,24.009735,17.18504,7.496527,11.010739,10.728523,21.311354,25.908108,24.191948,13.534952,12.10506,20.13847
1836,21.923206,29.541153,22.377058,6.159768,12.74666,7.3915954,18.547152,14.297348,12.493357,7.6669774,24.774107,12.759783,12.470545,24.722063,12.883245,21.882786,30.085945,17.957386,18.761353,16.80458,8.737599,5.1951013,27.70501,25.616072,27.885082,19.410849,7.2567573,11.875229,9.715559,26.158787,26.077436,24.222345,14.519807,11.680771,19.864326
1837,27.142843,26.231495,27.073254,18.620409,26.754824,11.606107,18.339323,9.332311,14.031506,3.4227479,10.542819,12.993645,8.961835,18.121454,13.850876,24.29356,25.777597,21.481152,17.545706,19.057198,13.842137,12.544656,25.546883,24.585897,18.976177,12.991577,9.943866,8.080062,10.692674,10.39691,24.735828,22.743536,12.213045,13.426657,19.15376
1838,31.095676,25.802855,30.556246,25.700924,29.479593,12.515197,19.225084,8.517396,13.770382,2.3383718,7.513062,13.389443,8.209538,17.04814,14.022493,24.705715,25.004778,24.71588,17.375984,20.848122,15.812806,14.865107,25.758217,26.30829,15.322845,12.335266,9.6448145,6.8894606,10.275553,6.6619287,25.206858,23.260906,11.621648,15.422071,20.167881
1839,21.513325,30.71968,22.455633,4.754119,14.274799,6.625061,19.428255,14.681159,11.722586,7.177779,25.323753,12.926174,12.9344225,25.483604,12.689946,22.186913,31.812557,18.071516,20.487198,17.444866,9.561395,6.0195456,28.725231,26.394527,29.12872,20.025833,6.8043165,12.086472,11.062164,26.92805,27.032066,25.071802,15.674847,11.577572,20.452961
1840,28.654322,26.842808,27.616467,18.22005,28.088531,19.875786,17.988617,9.137584,24.778416,12.784285,14.677422,17.804916,9.550041,16.731012,22.060572,29.887543,19.065973,20.087976,10.307134,18.047394,11.089673,8.338323,25.779167,19.092802,17.642189,10.564267,20.504084,10.169636,8.015935,7.8344536,24.806786,23.18748,7.0369678,11.850142,19.590065
1841,21.38023,30.71347,22.475985,4.730239,13.823867,5.9565835,19.640682,14.831767,10.701184,7.124219,25.536303,12.885602,13.072458,25.593533,12.187873,21.419033,31.916512,18.303305,20.960094,17.587032,9.78381,6.239175,28.751335,26.772783,28.84494,20.381777,6.1198826,12.116133,11.3096895,27.250082,27.080738,25.17234,16.094446,11.695453,20.650095
1842,21.099827,30.972254,22.48133,4.319452,15.421265,5.441129,19.98201,14.669489,9.935273,6.6050377,25.121622,12.804071,13.168614,25.42136,11.812467,21.267498,32.4042,18.301693,21.755634,17.833292,10.495632,7.0219746,28.967422,26.906727,28.84475,20.202496,5.747977,11.897173,12.067217,26.724596,27.340902,25.333513,16.511732,11.53979,20.72147
1843,21.880947,29.673347,22.335464,6.221769,21.635387,13.126239,18.403418,12.064172,19.572414,8.452594,19.278767,14.493131,10.802348,21.975199,17.950876,28.465034,27.861902,16.579733,17.000992,17.615389,10.067928,7.1907682,27.590313,21.615625,26.827778,14.973043,14.008144,11.3223095,11.852343,18.663786,25.973429,23.923752,12.588382,10.240692,19.094778
1844,24.526703,29.438131,23.567972,8.139397,22.135174,17.949453,16.725807,11.698192,25.746939,10.589994,20.147875,15.3337555,10.761656,22.13014,20.327745,30.95236,26.781654,16.352081,13.496127,15.978392,7.568062,4.853749,27.21151,20.781034,28.994709,14.946565,18.572134,11.886034,7.8095717,19.019056,25.501442,23.303366,10.08422,10.087892,18.330397
1845,30.966433,25.853584,30.564306,25.702072,29.607513,11.850444,19.458838,8.558228,12.887882,2.0676332,7.5174627,13.282591,8.265129,17.00476,13.611605,24.25275,25.206104,24.847155,17.791134,21.047367,16.161205,15.205638,25.83485,26.487957,15.043817,12.393383,9.015398,6.744689,10.560232,6.6406035,25.320738,23.350853,11.834997,15.471609,20.283667
1846,31.994255,26.11131,31.098478,26.704948,30.461472,15.572219,19.316547,8.319361,17.746286,4.0946283,7.0295305,14.592257,7.732607,16.857574,16.934805,27.759521,23.812,24.686687,15.995521,21.355356,15.63036,14.655738,25.967346,25.210302,14.865334,11.504873,12.912401,7.1868696,10.343312,5.379535,25.32374,23.408632,10.778691,15.251823,20.28149
1847,20.346485,25.343094,20.642305,7.676234,14.6202755,23.957155,16.390253,11.812583,28.011618,18.94034,11.326687,22.143959,8.654322,20.585266,26.260878,31.482994,15.726122,16.861809,11.429111,18.308136,6.491028,4.0781403,23.57328,17.5513,19.36748,14.042824,24.862253,16.30586,15.9986725,10.305727,20.916718,23.156933,13.100728,11.30382,20.905464
1848,24.177898,29.094809,26.066908,15.04671,31.60867,7.899609,22.0208,10.168815,10.194991,3.1328738,10.779495,13.922434,9.302422,17.96214,14.497279,25.513348,28.239027,21.00023,22.12401,22.819174,18.23832,16.777216,27.883537,23.366577,17.64725,12.195412,8.371416,7.440014,17.20992,9.246344,27.230457,24.677269,14.593424,12.193388,20.679253
1849,29.758759,26.367695,29.416801,23.245806,29.764942,13.312948,19.249523,8.708045,15.397666,3.2855902,8.0420065,13.827108,8.211949,17.274881,15.359812,26.251776,25.086802,23.43441,17.33665,20.820078,15.523494,14.472134,25.990917,25.05691,16.39823,11.971423,11.131003,7.339449,11.264836,7.0411344,25.311148,23.295477,11.708234,14.508352,19.931437
1850,29.586044,26.724028,29.710493,23.163418,29.7576,10.444847,20.080084,9.08924,11.598781,2.2660353,8.954048,13.300561,8.847276,17.506845,13.270315,23.900124,26.168602,24.178215,18.940577,21.248478,16.547306,15.329342,26.4803,26.36245,16.000076,12.740463,8.258576,7.0373354,11.813007,7.8552327,25.930016,23.84442,12.584598,14.9694805,20.535767
1851,20.795296,30.068878,21.881182,4.4256787,14.926298,5.865962,19.120523,14.203221,10.617492,6.4565644,24.532751,12.387051,12.689671,24.744827,11.817803,21.222607,31.476383,17.606255,20.560966,17.079544,9.767873,6.381541,28.078003,25.906864,28.44992,19.502443,6.1106734,11.544335,11.091512,26.106665,26.48802,24.45742,15.583196,11.143008,19.905024
1852,20.812012,30.835695,22.179657,3.7349126,9.013571,3.2667184,19.860971,16.230206,7.119905,7.1390247,28.263918,12.376475,14.006731,27.50264,9.711768,17.827286,33.51255,18.882751,22.833244,17.279564,9.167064,5.575206,28.845078,29.10807,30.059517,23.350735,3.0788927,12.94939,11.02072,31.846056,27.105488,25.40307,18.212978,12.153841,21.210787
1853,26.725878,29.396624,27.840063,16.957539,30.411205,9.04835,21.447268,10.518674,11.444417,3.2089376,12.364405,13.839033,10.08611,19.308498,14.072723,25.31724,28.99525,22.321682,21.32986,21.897093,16.943756,15.28145,28.388737,25.681799,19.72196,13.703545,8.515643,8.132272,14.607235,11.310708,27.640474,25.165945,14.33249,13.488221,21.078342
1854,26.39738,27.458347,27.726393,19.880768,32.092693,8.662837,21.392788,9.164409,9.88331,1.6831529,7.514997,13.474159,8.309572,16.871048,13.668602,24.665485,27.124228,22.689932,21.392319,22.902382,18.581623,17.747522,26.78386,24.397837,15.139011,11.758803,7.8354754,6.4293947,15.853617,6.640669,26.274654,23.951044,14.032783,13.38274,20.488317
1855,21.3276,30.286745,22.24415,4.78861,13.331444,6.007421,19.159494,14.678743,10.824457,6.9554434,25.483027,12.584148,12.964357,25.443897,11.909888,21.10579,31.658197,18.038664,20.460363,17.088606,9.322621,5.8110127,28.339573,26.57264,28.929663,20.26678,6.046429,12.010035,10.636775,27.33182,26.679382,24.753706,15.747016,11.580689,20.255323
1856,29.60753,26.031754,29.038717,22.578775,28.11346,13.258271,18.599337,8.812753,15.511186,3.5504515,9.117764,13.536255,8.454633,17.470709,14.975558,25.59465,24.749258,23.076029,16.481077,19.861664,14.417678,13.138729,25.677395,25.008118,17.104116,12.258325,10.982994,7.6485605,10.031403,8.094311,24.958834,23.022787,11.178937,14.490265,19.639896
1857,22.85749,28.835743,22.36484,6.9884114,19.528545,17.51272,16.905308,11.909089,24.630396,11.194365,18.743576,15.822889,10.297831,22.063803,20.661684,30.523409,25.51701,16.216726,14.166888,16.630636,7.767903,5.00294,26.730461,20.52713,27.361643,14.9738245,18.111921,12.503097,10.062604,18.268412,24.879791,23.365591,11.29753,10.354918,18.770239
1858,30.023788,26.186672,29.30603,23.103647,28.737925,14.626077,18.626303,8.69246,17.246325,3.9807358,8.51438,14.002028,8.151382,17.448133,16.174904,27.039097,24.512432,23.111643,16.11888,20.175663,14.41142,13.240234,25.78368,24.651875,17.062115,11.953314,12.368515,7.7292757,10.181387,7.4694233,25.015732,23.09046,10.982645,14.453806,19.678724
1859,27.2434,27.194368,27.870726,18.42096,25.001528,6.7417684,19.797937,10.59006,7.4647975,1.4803176,12.683937,12.173389,10.283626,19.75683,9.951784,19.916481,28.736874,23.279877,21.017332,19.700705,15.127882,13.6530905,26.726479,28.26565,19.749825,15.7918005,4.7923393,8.310158,11.050565,13.9244175,26.120321,24.079287,14.6396,14.793169,20.616783
1860,32.20444,25.958843,31.262352,27.122776,30.534403,15.736304,19.260435,8.218844,17.82112,4.050457,6.74553,14.60937,7.653487,16.758118,16.929409,27.712261,23.63605,24.842896,15.893453,21.345787,15.648357,14.738072,25.864803,25.287586,14.616259,11.474869,12.979095,7.128441,10.206266,5.1220546,25.229847,23.351404,10.734307,15.342457,20.279757
1861,28.018408,26.397366,28.191158,21.7319,28.473312,13.877415,20.033228,9.034474,15.95907,5.989329,7.9698033,15.405437,7.956425,16.718313,17.554369,27.20752,22.808426,22.78833,17.079033,21.9031,16.012302,14.5336485,25.934475,23.105412,14.037019,11.151429,12.63673,8.01807,13.729702,5.668875,25.14809,23.596453,11.927398,13.989519,20.52956
1862,27.967508,28.360888,27.494682,16.254223,23.425728,11.330705,19.217844,11.088115,15.377306,7.8143954,19.179453,14.260904,11.53633,19.45084,15.53326,24.600985,24.453514,21.417185,14.291039,17.899347,12.042563,7.9785438,27.615448,24.205187,20.964954,13.425814,10.719654,10.125065,7.8391943,14.49973,26.859247,24.653742,9.253842,13.949644,20.56027
1863,28.45972,27.722303,29.016314,20.966404,30.289717,9.8392515,20.663994,9.578845,11.356347,2.2266262,9.671803,13.436441,9.13799,18.199366,13.465397,24.484121,27.56568,23.547195,20.261974,21.70419,16.924822,15.73165,27.183365,26.245724,17.370884,13.162895,8.231445,7.3310776,13.159174,9.023025,26.562689,24.320908,13.550361,14.416084,20.735548
1864,19.617458,31.560265,22.323696,5.0103006,26.365728,4.8197474,22.188,12.780356,8.900247,4.4118934,18.699179,13.324688,11.539852,21.691763,13.377631,24.331,32.145195,17.768911,24.005663,21.098106,15.788634,13.170197,29.378899,23.515892,24.685472,15.493574,6.7974057,9.591603,17.532875,18.475365,28.293005,25.475002,16.504099,10.158412,20.600533
1865,22.200863,29.868544,22.329714,5.7928605,17.626825,11.981067,18.009058,13.086329,18.594164,8.269234,21.912518,13.891022,11.446283,23.577118,16.680326,27.0679,29.098017,16.844936,17.004208,16.850977,8.616021,5.4238324,27.799091,23.056072,28.690828,16.899597,12.417454,11.980544,10.177343,22.392534,26.059565,24.087643,12.874921,10.80372,19.265846
1866,26.750565,27.672232,27.718271,17.887482,26.040173,6.422047,20.335333,10.676179,7.160913,1.3814049,12.375596,12.348656,10.226883,19.771154,10.196547,20.41312,29.338474,23.151459,21.991138,20.463749,15.860787,14.577377,27.064407,27.983423,19.606571,15.740712,4.802165,8.125723,12.4468,13.601887,26.415113,24.310717,15.3041725,14.435486,20.780094
1867,20.54375,29.492155,23.70376,11.529628,33.978306,6.2053876,23.247667,10.026956,8.525871,2.9837785,9.037587,14.2605295,8.575163,16.63938,15.266754,26.270702,28.187351,19.184599,24.060297,24.397484,20.324245,19.126465,27.874401,20.486298,15.9322605,10.483969,8.333975,6.8798666,21.458046,7.1148925,27.327631,24.573742,15.579379,10.393438,20.490145
1868,22.654203,28.64622,22.550081,7.4404125,19.049402,12.261089,17.321619,12.105616,18.45445,7.5301247,20.164606,13.410626,10.857778,22.159744,16.14485,26.429186,27.78741,16.854885,15.971455,16.321575,8.714229,5.834908,26.740456,22.352417,27.07906,15.754428,12.461992,11.108864,9.196178,20.176245,25.187727,23.159262,11.881211,10.652696,18.540087
1869,21.822346,30.432137,22.469086,5.1740303,15.668991,8.1388035,18.939104,14.096358,13.749087,7.353483,24.365854,13.073024,12.50936,24.779144,13.750377,23.622215,31.015186,17.643745,19.27425,17.146805,9.274559,5.8106685,28.41967,25.320805,29.005661,18.927261,8.395114,11.864142,10.536824,25.438395,26.737158,24.697691,14.582615,11.294529,19.972202
1870,22.31165,30.043491,22.770657,5.941639,17.08585,8.707419,18.583704,13.561543,14.25889,7.30421,23.788923,12.961367,12.44131,24.112677,13.718381,23.661537,30.392693,17.609735,18.566936,16.75874,9.309381,5.929291,28.074871,24.961569,28.65571,18.286438,8.893532,11.514241,9.87068,24.333727,26.477728,24.326612,13.890912,11.196185,19.594969
1871,20.432701,29.900818,22.249859,4.818323,13.920356,2.9022858,19.935064,14.653843,5.6951327,5.264082,24.006662,12.076814,13.095437,25.107292,9.1118145,17.706287,32.519543,18.908249,23.307297,17.822664,11.04269,8.136007,28.116833,27.939316,27.448994,21.134548,2.9220796,11.525064,12.470503,26.937313,26.633524,24.8635,17.900028,11.879946,20.73696
1872,20.68537,31.440845,22.454874,3.2409241,10.801706,2.59978,20.51114,16.242348,6.062286,6.648252,28.082642,12.490103,14.340851,27.638378,9.27641,17.612785,34.383343,19.201603,24.096937,17.748028,10.110833,6.573742,29.419167,29.725899,30.323719,23.502357,2.5754972,12.932762,12.094705,31.586693,27.698423,25.9425,19.00719,12.196264,21.641512
1873,26.649998,28.194118,27.818766,19.163689,31.350853,9.346641,21.722786,9.628225,11.328697,3.9561377,10.319204,14.314451,8.989245,16.971079,15.196894,25.63491,26.03191,22.43653,19.899748,22.76669,18.0406,16.250881,27.427288,23.496069,15.246021,11.391479,9.144649,7.147314,15.325588,7.2689323,26.908884,24.503057,12.774894,13.288443,20.881866
1874,22.29536,29.65573,22.514101,6.312933,18.771317,11.940424,18.158298,12.746268,18.236647,8.422967,21.365654,13.991901,11.407522,22.961771,16.625757,26.791286,28.493057,16.96619,16.947638,17.002558,9.15255,6.0120244,27.643993,22.82389,27.723143,16.419565,12.451942,11.633573,10.418157,21.267303,25.990953,23.990255,12.724217,10.744169,19.242393
1875,28.805,26.684053,28.614239,21.745117,30.155113,13.980836,19.322258,8.755713,16.651499,3.995765,8.14183,14.21252,8.080582,17.242369,16.473906,27.477598,24.926712,22.532623,17.222227,20.944315,15.443716,14.360628,26.077717,23.92861,16.759449,11.524981,12.3300085,7.5263386,12.05041,6.9280148,25.32348,23.256931,11.665547,13.791638,19.744436
1876,21.096529,30.622349,22.304602,4.2508516,11.222909,4.5087905,19.600134,15.485345,8.681967,7.013262,26.820206,12.523312,13.603096,26.522455,10.665559,19.289352,32.604942,18.621452,21.845371,17.25661,9.390077,5.8176084,28.69157,28.069569,29.47154,21.887627,4.378694,12.560724,11.037632,29.529493,26.982275,25.218567,17.165918,12.011028,20.877325
1877,28.526531,28.082981,29.265903,21.74844,30.302282,9.933072,22.253794,9.763883,11.482179,5.807337,11.530224,15.288172,9.314272,16.390547,16.123117,25.32011,23.780073,23.916267,18.02025,22.83512,18.191133,15.345631,27.754921,23.922707,13.215349,10.774039,9.621569,7.845949,13.704182,6.4819922,27.52139,25.204271,11.055609,14.693249,21.886562
1878,20.709528,31.554363,22.424768,2.909406,7.891552,1.7375727,20.44472,17.055159,5.0051837,6.904937,29.764175,12.314609,14.847234,28.86268,8.329457,16.16617,35.233955,19.49366,24.699343,17.439404,9.400673,5.816908,29.502739,30.979685,31.389744,25.154415,1.4458665,13.521999,11.530561,34.34705,27.699196,26.04928,19.91071,12.503366,21.886984
1879,33.52506,25.910604,32.376408,28.805008,31.185118,17.474384,19.25543,8.140761,19.30694,4.5319695,5.8190765,15.499679,7.5852256,16.965874,17.774508,28.447992,23.214981,25.775982,15.474314,21.55191,15.498511,14.838737,25.915466,25.84914,14.393093,11.739553,14.469264,7.585456,9.9485,4.3543506,25.21676,23.644007,10.800039,15.885596,20.767134
1880,21.667534,30.499674,22.465912,5.087009,12.818605,6.8048453,19.244444,14.865151,11.882432,7.5431514,25.53568,13.001335,12.913905,25.684015,12.774114,21.983128,31.461613,18.217934,20.154234,17.339844,9.141664,5.5600996,28.566978,26.535168,29.001453,20.31995,6.806018,12.325579,10.743805,27.384514,26.836527,25.016222,15.653603,11.819452,20.514696
1881,20.882647,30.698109,22.239683,4.0474367,11.492437,4.186483,19.8042,15.493122,8.243146,6.940146,26.7907,12.539396,13.606623,26.463383,10.558149,19.133373,32.7107,18.625668,22.16619,17.429062,9.657141,6.099851,28.750198,28.056313,29.27561,21.89873,4.1737995,12.492682,11.374513,29.445696,27.061884,25.289251,17.350296,11.929114,20.961712
1882,22.460142,28.221758,23.843945,9.530442,17.10631,3.9744897,19.36833,12.9757185,5.7241797,3.7105322,19.402287,11.832787,11.958958,22.754427,8.832054,17.591034,30.450092,20.22778,22.135113,18.01043,12.128942,9.920045,26.98545,27.670744,24.251223,19.086433,3.2526724,10.28297,11.620699,21.91927,25.855053,24.11976,16.60263,12.862082,20.363344
1883,30.59103,25.703268,30.015244,24.95614,28.949326,12.993802,19.064466,8.511508,14.631346,3.2785923,8.051437,13.64341,8.171643,16.811567,14.791695,25.195257,24.153801,24.115685,16.57178,20.613676,15.419839,14.219292,25.584442,25.377617,15.083421,11.870312,10.434651,7.061555,10.255225,6.5297503,25.005167,23.084616,11.069315,15.046202,19.971544
1884,32.499306,26.541006,32.0662,27.590828,31.169071,12.119,20.196898,8.6669655,12.859517,1.7153063,7.131027,13.614449,8.472334,17.40405,13.6932745,24.720104,26.064892,26.15956,18.625652,21.939465,17.107262,16.264523,26.634724,27.845207,15.031692,12.804133,8.911749,6.6966925,10.898682,6.3296657,26.149164,24.11139,12.39084,16.260077,21.030008
1885,27.867422,28.124752,28.380962,18.580975,27.323143,8.536338,20.164965,10.456699,10.26391,2.1484616,12.620247,12.816179,10.1753,19.739698,11.977583,22.825636,28.92615,23.099237,20.561974,20.415152,15.394725,13.895035,27.464642,27.388138,20.193563,15.014177,6.8993974,8.177985,11.755155,12.897302,26.730837,24.516743,14.111295,14.437641,20.720255
1886,32.108807,25.154968,30.974222,27.088749,29.801054,17.448755,18.423452,8.001707,19.47139,4.8027143,5.8543406,15.263813,7.406793,16.619804,17.645468,27.938242,22.363968,24.5554,14.653245,20.59383,14.491127,13.812592,25.054195,24.628494,14.562368,11.379152,14.729947,7.7533607,9.615085,4.5409007,24.313738,22.873478,10.375669,15.167152,20.035334
1887,20.051975,30.712803,21.990343,3.719794,16.321852,3.1869333,20.328821,14.550364,6.7662888,5.306993,24.443888,12.155683,13.181812,24.931036,9.959364,19.245432,33.07352,18.20055,23.31998,18.054882,11.575212,8.402081,28.678242,27.060448,28.167994,20.277208,3.7353163,11.335321,12.995056,26.524801,27.23602,25.06722,17.421259,11.199039,20.573778
1888,20.796076,31.260572,22.466127,3.5682757,11.522778,3.1793337,20.364727,15.917675,6.810742,6.6894093,27.456074,12.554444,14.088807,27.146328,9.775352,18.269047,33.81929,19.0585,23.520844,17.747211,10.146449,6.609729,29.270004,29.143398,29.877018,22.821304,3.1835687,12.732732,12.028821,30.5474,27.569983,25.794008,18.451674,12.118746,21.459478
1889,29.93717,25.895607,29.196817,23.173512,28.218924,14.210613,18.459032,8.646294,16.674433,3.7806969,8.56194,13.768758,8.132011,17.317194,15.721119,26.431244,24.346031,23.109049,15.983336,19.95428,14.259989,13.067042,25.551224,24.682095,16.832844,11.979987,11.878341,7.6334686,9.860989,7.5424495,24.812433,22.917454,10.852285,14.503637,19.569782
1890,21.709515,30.218914,22.3005,5.1178446,14.874674,7.9228673,18.747934,14.161675,13.502503,7.3460712,24.592228,12.917587,12.514979,24.84297,13.470349,23.185455,30.934925,17.559433,19.145847,16.920614,8.995553,5.5233455,28.218227,25.353361,29.030237,19.1003,8.1129,11.889311,10.219022,25.84692,26.53456,24.519983,14.5629425,11.281084,19.850079
1891,24.14053,28.120358,23.769974,10.404887,22.880966,20.600616,17.64297,11.030185,26.640076,13.796812,15.507217,18.396984,9.611186,20.279062,23.360502,31.887985,21.967806,17.425497,13.046367,18.108238,9.12265,6.6902685,26.223587,19.173481,22.88332,13.369958,21.588823,12.510345,11.674545,12.9666195,24.409058,23.543932,10.846667,10.558011,19.647276
1892,22.128138,29.563591,22.390265,6.1612806,14.302383,9.37561,18.21787,13.835163,15.071912,8.050986,23.655657,13.257822,12.061353,24.274496,14.448607,23.900997,29.49842,17.560083,17.840084,16.72709,8.501085,5.088617,27.662285,24.580597,28.168682,18.45819,9.410748,11.999304,9.720133,24.698656,25.977476,24.136118,13.752502,11.4196,19.629871
1893,32.80169,26.003145,31.873034,28.052074,30.731932,14.878638,19.471537,8.263949,16.519705,3.1980834,6.6362743,14.254666,7.765072,16.898981,15.966092,26.895576,24.31127,25.538942,16.504036,21.55574,16.037987,15.213256,26.028484,26.255993,14.518047,11.90407,11.793554,6.8595276,10.028282,5.3066,25.453356,23.534414,11.0457735,15.817246,20.515348
1894,19.58982,30.638514,21.942856,4.605191,21.560564,3.7493813,21.039465,13.365091,7.3488264,4.4076786,20.742277,12.504741,12.043221,22.774591,11.32037,21.38419,32.25779,17.845953,23.559813,19.486374,13.765576,11.063649,28.574413,24.888222,25.766499,17.53121,5.0198107,10.114465,15.227961,21.755873,27.372488,24.89211,16.788698,10.541778,20.304153
1895,18.389643,31.369007,21.790499,5.2005296,30.735582,4.5436625,23.04947,11.762356,8.27405,3.4171078,14.89459,13.541428,10.444059,19.698282,14.162351,25.579319,31.476103,17.334791,25.08083,22.671162,18.223272,16.138714,29.149204,21.631874,22.068699,13.1282425,7.224557,8.477416,20.544195,14.145131,28.293348,25.266428,16.715403,9.452278,20.408064
1896,29.477554,26.255383,29.571173,24.135387,30.93472,11.824746,20.092276,8.525207,13.225949,2.5497844,6.942836,13.72395,7.903912,16.496758,14.747765,25.51395,25.015396,23.927437,18.315527,21.893719,17.048912,16.105318,25.994919,24.95223,14.322624,11.466335,9.794214,6.5354977,12.576093,5.552484,25.477617,23.398155,12.058432,14.571917,20.232767
1897,20.61086,30.461502,22.081575,3.9190578,11.841267,3.6758037,19.750437,15.311233,7.4280415,6.554656,26.446121,12.302755,13.593738,26.201094,9.97837,18.47787,32.662964,18.566711,22.411888,17.305855,9.865499,6.3855224,28.538498,28.086517,28.98765,21.785496,3.6553583,12.294401,11.481451,29.131218,26.899347,25.115383,17.491486,11.837504,20.827162
1898,19.50926,30.34245,22.917116,8.95614,33.29162,5.222719,23.37921,10.666942,7.983949,2.7589018,10.913683,13.8989725,9.221759,17.82522,14.65092,25.969194,29.883808,18.464085,25.06139,24.00776,19.909027,18.540077,28.450977,21.041882,18.309557,11.545153,7.636183,7.348484,21.594105,9.747433,27.814238,24.890041,16.425795,9.950855,20.478804
1899,21.910042,30.79295,22.899734,5.2947884,17.34687,6.91172,19.58375,14.053611,11.939359,6.8435802,24.552778,12.910924,12.907044,24.652822,12.774335,22.647038,31.640976,18.080677,20.359985,17.530016,10.329565,6.8533554,28.78704,25.971762,28.674637,19.073397,7.2758784,11.509473,11.1206255,25.242887,27.224411,25.011179,15.139583,11.338448,20.261797
1900,32.827644,25.543438,31.658318,27.852356,30.440414,17.77835,18.772955,8.095009,19.772116,4.854118,5.859503,15.544954,7.505493,16.853018,17.937433,28.390945,22.69992,25.114513,14.888951,21.004585,14.815658,14.14531,25.47031,25.131685,14.6220665,11.57012,14.973628,7.821473,9.73157,4.469189,24.727976,23.26877,10.521035,15.493507,20.413872
1901,28.489876,25.104929,27.798733,21.491825,26.916573,20.136549,17.844507,8.763598,22.751917,9.443068,6.6419477,17.648338,7.483272,17.119074,20.892,29.66605,19.822468,21.910135,13.494569,20.11506,12.510362,11.44178,24.399033,21.598991,15.2942505,11.364142,18.804628,10.036148,11.939497,4.9107814,23.158997,22.688799,10.907648,13.543822,20.04201
1902,20.717281,30.69685,22.142515,3.7738569,10.872696,3.5981946,19.817354,15.682832,7.4688272,6.804429,27.23518,12.368948,13.78049,26.75006,9.973505,18.387032,33.070793,18.667393,22.554337,17.302868,9.581228,6.0369587,28.733234,28.462137,29.546564,22.382738,3.5457537,12.575159,11.287663,30.221594,27.045918,25.278563,17.725582,11.940034,20.994652
1903,23.45213,29.819086,25.694578,15.257141,33.709805,9.730155,23.78042,10.0575905,13.123127,7.21126,11.3572645,16.345367,8.689935,15.823496,19.294298,29.278072,24.623549,20.235752,20.103004,25.001364,19.892721,17.399261,28.400578,18.970526,13.182252,8.999338,12.159265,7.273466,19.62846,5.372743,27.903025,25.144855,12.400813,10.988731,21.263031
1904,20.167862,31.178656,22.234491,3.980302,18.202488,4.0326805,20.847933,14.333032,7.864099,5.4469643,23.343956,12.704315,12.8919525,24.583845,11.209407,20.91805,32.968197,18.28286,23.484398,18.894138,12.366441,9.256021,29.120277,26.523296,27.730484,19.462364,4.8251867,11.251617,14.1823635,24.992157,27.671297,25.469267,17.370941,11.186558,20.851797
1905,20.779669,30.54092,22.112247,3.9818215,11.079397,4.1219735,19.662298,15.499028,8.146244,6.9279184,26.79653,12.457874,13.587286,26.473711,10.414989,18.901209,32.622406,18.555378,22.090889,17.278915,9.492345,5.95289,28.602955,28.051434,29.285658,21.96437,4.060084,12.517442,11.244629,29.587603,26.907076,25.168587,17.357834,11.916565,20.87509
1906,23.047901,29.138554,24.041391,9.148515,18.763474,6.4982085,19.50472,12.895312,9.904702,5.8203716,20.99212,12.728464,12.097154,22.48766,11.825809,21.052002,29.348244,19.499645,19.930317,18.02272,11.680383,8.658638,27.697247,25.920876,24.679586,17.635311,6.3094015,10.521799,11.251053,21.10465,26.46972,24.484118,14.640953,12.319973,20.300014
1907,31.079382,25.677315,30.31155,25.619255,29.274714,14.192754,18.98778,8.365279,16.101782,3.8023806,7.671932,13.9964285,7.9477234,16.713518,15.73293,26.195583,23.667686,24.194542,16.013054,20.723545,15.301348,14.160814,25.553677,25.104149,14.866727,11.60381,11.574865,7.114147,10.079012,6.0064797,24.94684,23.04822,10.764995,15.05101,19.952515
1908,20.850464,30.023129,22.011858,4.5146947,12.483429,4.926094,19.27148,14.802754,9.1557455,6.791087,25.577219,12.392178,13.100287,25.45527,10.974505,19.698925,31.622793,18.181152,21.083626,17.082952,9.53283,6.0646176,28.13234,26.971024,28.433159,20.694012,4.930098,12.016195,10.9617195,27.703253,26.507095,24.69021,16.350695,11.647049,20.362314
1909,20.458885,30.854227,22.21957,3.5865815,11.868847,2.841885,20.257023,15.626211,6.2338214,6.4195166,26.863558,12.361175,13.881858,26.616293,9.450301,17.823109,33.417187,18.889282,23.483746,17.668362,10.336158,6.8988686,28.895805,28.779547,29.174696,22.434616,2.9106383,12.414854,12.120926,29.83732,27.262283,25.479876,18.332285,11.935712,21.222345
1910,21.548992,30.458696,22.375986,4.9870553,12.916118,6.822769,19.24414,14.815431,11.918737,7.559363,25.42934,13.021622,12.854392,25.577873,12.851176,22.047176,31.358238,18.13596,20.108732,17.351604,9.166658,5.5938177,28.522072,26.36495,28.883327,20.203682,6.886724,12.290469,10.813627,27.210068,26.795248,24.98259,15.591592,11.746571,20.484884
1911,20.950684,30.619534,22.180265,4.0750966,11.682984,4.5358324,19.58269,15.373863,8.819743,6.909549,26.712193,12.466133,13.517061,26.364597,10.746669,19.48348,32.62566,18.422405,21.79196,17.235477,9.440757,5.881231,28.650219,27.79588,29.467371,21.67073,4.504664,12.422047,11.059807,29.309067,26.956125,25.128822,17.020325,11.816874,20.743511
1912,21.61625,30.170559,22.369104,5.2779045,15.384496,7.4435,18.97043,14.041482,12.683214,7.0611353,24.169199,12.857295,12.501557,24.61369,13.131867,22.793678,30.877161,17.754023,19.53504,17.155415,9.48236,6.041347,28.227348,25.503227,28.455338,18.966608,7.6160817,11.695738,10.700825,25.29693,26.585478,24.593431,14.800022,11.369877,19.965956
1913,21.097101,30.765488,22.441061,4.472235,14.507065,5.3424,19.884922,14.759822,9.7219,6.781456,25.245785,12.800177,13.164755,25.47298,11.689598,20.89003,32.131157,18.39267,21.617239,17.754179,10.295939,6.8106346,28.811375,26.997652,28.611853,20.388315,5.5567684,11.993465,11.899741,26.96399,27.175879,25.262299,16.536455,11.666589,20.750319
1914,33.14587,25.768213,31.999838,28.254509,30.874582,17.929678,19.040073,8.1518,19.877348,4.928335,5.7821355,15.746874,7.5205183,16.938162,18.152338,28.673237,22.853287,25.409191,15.0977545,21.338135,15.101189,14.452341,25.698875,25.335114,14.49889,11.639917,15.122358,7.8252783,9.966801,4.3235197,24.958128,23.49054,10.658233,15.629124,20.646357
1915,25.661858,29.122177,26.648476,14.255818,25.567581,7.3098264,20.43578,11.449465,9.734468,3.3866382,15.794543,12.93056,11.068866,20.705805,12.030459,22.531763,29.66102,21.56142,21.054726,19.99549,14.696157,12.657685,28.030972,26.503933,22.16687,15.76737,6.68996,9.023998,12.489345,15.724361,27.168772,24.855377,14.599254,13.376446,20.747284
1916,19.70554,30.269724,22.657839,8.133,31.36102,5.796956,22.503988,10.939265,9.170218,3.0865939,12.555033,13.543003,9.608893,18.622995,14.508548,25.935677,30.058203,18.012365,23.96453,22.768017,18.268005,16.628672,28.32441,21.338188,20.135422,12.237473,7.9081035,7.790901,19.794735,11.700962,27.550535,24.66036,15.855943,9.938049,20.0999
1917,20.62974,30.763504,22.122839,3.5627978,8.7459955,2.7016573,19.929392,16.294527,6.245874,6.971134,28.345703,12.277283,14.12646,27.584684,9.167236,17.086426,33.662266,18.994175,23.243256,17.239283,9.279005,5.7366657,28.795769,29.439983,29.99808,23.636997,2.5018246,12.977549,11.148043,32.12315,27.071156,25.41376,18.581821,12.199492,21.28826
1918,20.432682,30.5378,22.219538,3.9245408,11.632343,2.4686856,20.16297,15.538287,5.5124555,6.099853,26.411211,12.192836,13.768237,26.443825,8.956884,17.20227,33.340538,19.021835,23.665573,17.65458,10.410163,7.1384425,28.640316,28.911434,28.78044,22.517483,2.446228,12.262482,12.100066,29.674269,27.043768,25.302763,18.49583,12.031574,21.152208
1919,22.003956,29.560846,22.265215,5.984334,16.503092,11.032016,18.096281,13.223,17.102545,8.170112,21.962004,13.70332,11.55696,23.601034,15.86076,25.798702,28.885735,17.149277,17.401516,16.9027,8.782016,5.574253,27.609451,23.552048,28.008675,17.276085,11.278408,11.956663,10.404148,22.657179,25.893877,24.06203,13.352321,11.080823,19.42002
1920,27.392206,27.981695,28.042639,19.5845,31.262373,11.836553,20.755754,9.4233465,14.333111,3.9662263,9.230755,14.453436,8.663062,17.633596,16.09141,27.122135,26.325304,22.289642,19.356813,22.117893,16.92093,15.624685,27.146595,23.913376,16.951384,11.796272,11.0355,7.5819473,14.488063,7.605051,26.417929,24.158293,12.949268,13.35979,20.452394
1921,23.751417,29.388409,24.076254,8.972446,16.176144,8.024489,18.896772,13.392212,12.53901,7.285999,23.195412,13.026802,12.443862,23.436571,13.062011,22.176884,28.949188,19.251556,18.13863,17.192978,9.945351,6.3514295,27.899143,25.891958,26.164787,18.068409,7.636867,11.370306,9.474627,22.998327,26.507868,24.585258,13.600755,12.519071,20.25754
1922,21.07635,30.764614,22.398996,4.3189807,12.0475235,4.525217,19.876566,15.376927,8.68083,7.0203543,26.55311,12.673273,13.521868,26.28064,10.932632,19.625488,32.53224,18.67558,21.969893,17.579378,9.7956915,6.2198873,28.82811,27.852776,29.061565,21.593964,4.555162,12.416983,11.444263,28.926329,27.151384,25.353804,17.115454,11.947977,20.993921
1923,22.741266,30.25635,23.87829,7.8722124,21.63285,7.2615786,19.900757,12.898999,11.541831,5.4569945,20.799793,12.944337,12.118314,22.831564,12.837384,23.196045,30.857023,18.821497,20.642761,18.451717,12.198121,9.308082,28.48539,25.446037,26.40191,17.23471,7.554874,10.471029,12.20924,21.050772,27.191502,24.842646,14.875632,11.636423,20.199074
1924,29.531675,26.082504,29.472807,23.315554,28.73343,10.673271,19.43505,8.949681,11.67822,1.9760284,8.457308,12.982874,8.638677,17.518408,12.826207,23.324553,25.957512,24.048363,18.664581,20.652393,15.936832,14.920721,25.892193,26.539925,16.190872,12.97597,8.161987,7.102911,11.105145,8.15411,25.325108,23.347948,12.630266,15.006292,20.156563
1925,24.31758,27.921244,23.006346,8.704397,21.889057,19.049908,15.467126,10.895807,26.750126,10.883146,18.776133,15.099287,10.154111,20.965647,20.332079,30.415989,24.995823,15.628419,11.914405,14.869412,6.692568,4.317069,25.746223,19.523403,28.042542,14.077721,19.533918,11.511914,6.536598,17.67072,24.10143,21.996468,9.059527,9.549154,17.268606
1926,21.648773,29.161354,22.500475,7.1232033,21.37679,10.698913,18.925333,12.022733,15.964442,7.6786575,18.987158,13.973904,11.000382,21.460653,16.039814,25.89941,27.586294,17.283476,18.027256,17.998041,11.21553,8.319426,27.31755,22.392591,24.886766,15.085883,11.408111,10.746044,12.515877,18.198818,25.88052,23.875975,13.304418,10.64484,19.348825
1927,30.913265,25.86317,30.080963,25.12064,29.492287,16.548534,18.922213,8.439533,18.962036,5.420537,7.240387,15.262172,7.699242,16.843004,17.902977,28.20535,22.789204,23.762707,15.220784,20.909225,14.7861185,13.717723,25.54583,24.023659,14.98505,11.29122,14.3715,7.8649664,10.631246,5.414132,24.783852,23.135666,10.617944,14.6322,20.082277
1928,29.19798,27.080952,29.484291,22.908157,31.4893,11.542018,20.441753,8.89356,13.154309,2.5185652,7.760799,13.8051605,8.357207,17.203207,14.703847,25.797964,26.168882,23.757683,19.17539,22.027737,17.188812,16.209307,26.652744,25.372093,15.729886,11.979841,9.722444,6.8643036,13.138336,6.6168165,26.068607,23.880224,12.707878,14.434902,20.473259
1929,31.614594,25.95358,30.701319,26.131054,30.036604,15.524835,19.059546,8.302114,17.80776,4.158056,7.222204,14.460744,7.743951,16.83062,16.843927,27.605495,23.670944,24.311415,15.7673235,21.019987,15.294746,14.2830715,25.773006,24.93732,15.0990925,11.452315,12.920723,7.238405,10.150341,5.6091595,25.111952,23.204624,10.649852,15.04805,20.052187
1930,23.5746,26.624004,23.224958,11.497188,21.836891,17.302492,17.246454,10.308314,22.810575,11.802288,15.379869,16.36325,9.164057,18.542437,20.756662,28.972473,21.036133,17.242203,12.541474,17.518806,9.667438,7.0221953,25.080173,18.592306,20.288542,12.170202,17.979372,10.775058,10.50188,12.038713,23.61904,22.365389,9.599842,10.478639,18.65341
1931,21.76355,29.27448,23.47547,7.8414183,18.498024,3.573964,19.916426,13.323848,5.8209157,3.51084,20.221127,11.885344,12.256272,23.30264,9.0535555,18.436802,31.966045,19.671034,23.192698,18.425882,12.565154,10.337017,27.729248,27.480278,25.62786,19.303713,3.370123,10.312574,12.651312,22.791477,26.531404,24.53066,17.176792,12.21935,20.447495
1932,20.667477,30.419733,21.981802,3.8432128,9.812558,3.680296,19.544899,15.756292,7.5637746,6.9517155,27.31648,12.301825,13.720143,26.837587,9.911584,18.136066,32.821983,18.599503,22.268251,17.06953,9.178747,5.641175,28.481552,28.44963,29.542625,22.542116,3.5014377,12.689796,10.975712,30.565401,26.767294,25.083958,17.67437,11.99558,20.878305
1933,23.846027,29.08878,24.93234,13.278081,30.530079,13.181018,21.242167,10.050558,18.143131,9.569916,14.536326,16.433664,9.348145,16.856447,20.368425,29.798084,23.317526,18.642319,16.287542,21.53441,15.591422,12.662511,27.500763,18.407282,16.883184,9.8589945,15.268217,8.532018,15.045038,8.341085,26.64847,24.168753,10.294332,10.302095,20.048262
1934,20.486393,30.333296,21.921108,3.8781128,13.162692,4.1877947,19.576921,14.89713,8.173429,6.3184214,25.64306,12.254333,13.303783,25.667955,10.385903,19.227552,32.407616,18.190228,22.054543,17.247742,9.9854765,6.5802455,28.375015,27.389454,28.82688,21.016388,4.280235,11.982666,11.57761,28.035381,26.76021,24.882074,17.029211,11.53758,20.491749
1935,23.949999,29.262594,25.832891,13.715417,30.388266,6.6233134,21.447577,10.610297,8.726363,1.5513573,11.662748,12.901907,9.868007,19.333712,12.348046,23.840487,30.511896,20.896267,23.38734,21.853436,17.349577,16.288235,27.948872,25.059029,20.478073,14.078933,6.690655,7.6697474,16.154982,12.245074,27.220253,24.614576,15.783151,12.288107,20.44072
1936,20.56285,31.06084,22.298378,3.4040632,10.460743,2.4535885,20.320745,16.100243,5.7955775,6.6152883,27.88474,12.35787,14.20479,27.3454,9.077591,17.219717,33.949013,19.11615,23.817537,17.572205,10.002215,6.494655,29.083126,29.499897,29.839188,23.328556,2.4122138,12.79233,11.848804,31.328634,27.399784,25.672262,18.798466,12.1393795,21.461756
1937,20.886139,30.351068,21.995554,4.124259,9.560654,4.301143,19.325863,15.729628,8.501821,7.2169485,27.314878,12.350197,13.584196,26.782574,10.416466,18.752525,32.535793,18.46191,21.672623,16.977634,8.864451,5.2599363,28.401932,28.114262,29.594242,22.310322,4.0593734,12.707194,10.6262665,30.477625,26.668596,24.957972,17.234726,11.987656,20.721684
1938,24.463793,27.487965,25.231926,15.886072,30.00194,16.616201,20.42297,9.332332,20.66176,10.560824,9.867039,17.701996,7.89434,16.274849,22.06014,30.862268,21.092175,19.244675,15.904715,22.092625,15.369359,13.576038,26.068527,18.154312,14.651006,9.726136,17.978722,8.858606,16.00525,5.3512673,25.040058,23.387821,11.224157,10.747206,19.988111
1939,31.863226,25.72373,30.878572,26.5397,30.328499,17.860704,18.860239,8.255371,20.104322,5.3835707,6.0436387,15.788897,7.4379067,16.865227,18.47468,28.872377,22.652096,24.392479,15.008687,21.127232,14.766692,14.057489,25.45673,24.30604,14.789867,11.377102,15.490897,7.9892273,10.4869995,4.6079745,24.66651,23.194008,10.661268,14.931017,20.290617
1940,20.917501,30.34288,22.06883,4.2844462,10.220561,4.4995747,19.423105,15.550526,8.687179,7.203251,26.869493,12.474773,13.465468,26.504501,10.684674,19.082102,32.291145,18.499493,21.59744,17.147758,9.103049,5.5262733,28.41991,27.88488,29.213356,21.96295,4.3284264,12.594747,10.87505,29.758284,26.703306,25.0063,17.096344,11.979009,20.762129
1941,30.432756,26.56405,30.247654,24.934792,31.09661,13.041049,20.111584,8.600837,14.764152,3.2111278,7.284208,14.156577,7.984014,16.785303,15.659665,26.53717,24.891106,24.29712,17.771303,21.964699,16.80186,15.761042,26.309582,25.182322,14.672655,11.547653,10.879474,6.833212,12.117731,5.634031,25.745853,23.669363,11.750958,14.859801,20.456656
1942,22.8447,29.36176,22.715784,7.23278,21.956944,16.365662,17.725874,11.706945,23.397142,10.189595,18.533186,15.547033,10.337941,21.610422,20.237867,30.556396,26.296478,16.423237,15.095172,17.344223,9.1117735,6.36913,27.233456,20.497795,26.781967,14.38233,17.273857,11.776926,10.899705,17.44558,25.538612,23.657866,11.406835,10.15139,18.90375
1943,24.650192,27.491367,24.897152,14.827484,29.465164,19.311342,19.724852,9.350505,24.597952,13.783756,12.5852585,18.830303,8.246679,16.14355,24.368673,32.188972,19.174156,18.085451,12.966113,20.774677,13.439664,11.083643,25.814865,16.273054,15.321173,9.349591,21.447153,9.539663,13.769423,6.101931,24.697176,23.028845,9.144819,9.675809,19.549788
1944,21.10075,29.4976,22.404274,5.612421,13.364941,4.3087983,19.343935,14.367074,7.69341,6.146841,24.276731,12.215424,12.95085,24.70696,10.148757,18.652689,31.11336,18.739857,21.40852,17.26227,10.233079,6.9894533,27.807041,27.231697,27.115112,20.3573,4.1461368,11.608458,11.216869,26.305256,26.317987,24.568428,16.499002,11.994799,20.421942
1945,30.002888,26.040447,29.496096,23.4638,28.715801,12.916893,18.889656,8.736766,14.830934,3.1633034,8.619858,13.497347,8.406397,17.356806,14.653071,25.308668,24.928307,23.577475,16.936224,20.25507,14.995965,13.817091,25.76662,25.457617,16.549278,12.279972,10.487609,7.401408,10.307749,7.6468697,25.104687,23.1429,11.438582,14.760263,19.834322
1946,25.374931,24.543676,24.725628,16.011438,24.544832,26.194529,16.265722,9.211156,30.000303,15.477781,6.7599382,21.274279,7.2633696,17.615438,26.020216,32.923428,16.124586,18.780556,10.431748,18.734276,8.8806925,7.945148,23.037418,17.302837,16.853523,11.341951,26.582335,12.972116,12.922995,4.7014155,21.108103,21.987501,10.537673,11.235285,19.708097
1947,31.137897,26.41296,30.658264,25.502396,30.478144,13.453605,19.719387,8.600423,15.200992,3.2964964,7.7341137,14.060101,8.178164,17.034399,15.471654,26.298668,24.79264,24.569965,17.215046,21.444515,16.191336,15.074302,26.239582,25.699291,15.170897,11.871128,10.96019,7.0289316,11.06171,6.1435475,25.652437,23.626255,11.45465,15.193825,20.416525
1948,20.747131,31.6804,22.526869,2.9592116,9.7864275,2.0897732,20.561407,16.666464,5.440903,6.629478,28.977783,12.369082,14.703576,28.345928,8.69352,16.924911,35.111095,19.385784,24.628363,17.624573,9.889801,6.319489,29.623024,30.532871,31.141567,24.377014,1.92596,13.234917,11.910099,33.039375,27.861517,26.10797,19.587912,12.36266,21.812077
1949,21.13321,30.85577,22.434408,4.3296466,13.750764,5.1818757,19.848923,14.996591,9.59843,6.8443174,25.792067,12.748877,13.314101,25.85055,11.500407,20.633484,32.42659,18.436153,21.717731,17.647552,10.044095,6.519858,28.88234,27.307724,29.05375,20.835136,5.3273606,12.173265,11.669047,27.779335,27.215763,25.31542,16.710127,11.735254,20.808647
1950,22.401014,29.527565,22.429434,6.392865,19.720232,12.763173,17.7726,12.393021,19.492535,7.9531727,20.657284,13.861261,11.0032,22.65018,17.130136,27.829525,28.50649,16.598537,16.37626,16.769386,8.877581,5.8685474,27.450691,22.176609,28.049782,15.798778,13.312536,11.453295,9.985388,20.580599,25.80172,23.692877,12.107013,10.454606,18.832079
1951,22.755157,30.54122,23.88457,7.996859,24.309063,9.262366,20.083628,12.351617,14.196815,5.9290113,19.130562,13.684223,11.518864,22.073328,14.954972,25.884953,30.205034,18.402306,20.093199,19.072842,12.767895,10.031375,28.649479,23.998802,26.005413,15.717752,9.967386,10.385025,13.209036,18.720392,27.35143,24.898565,14.262229,11.188714,20.08771
1952,22.983067,29.993288,22.717176,6.3368244,18.74064,14.07793,17.623478,12.8075075,21.329695,8.854255,21.481504,14.376418,11.189177,23.424932,18.150906,28.91425,28.727558,16.690575,15.915334,16.6687,8.125559,5.017632,27.84663,22.391228,29.30241,16.35923,14.557867,12.1784725,9.497916,21.657265,26.070702,24.026983,12.0017,10.688322,19.069292
1953,21.549004,30.508474,22.569159,5.437862,17.67056,7.937169,19.572176,13.701645,13.138793,7.1978817,22.991854,13.344314,12.310206,24.036663,14.02072,23.923023,30.579937,17.850039,19.917625,17.955704,10.569569,7.17372,28.557663,25.030647,27.61528,18.064442,8.384323,11.493772,12.089277,23.484657,26.955853,24.9196,14.919733,11.274263,20.222216
1954,20.466711,31.008121,22.207891,3.4608905,13.473299,3.3638272,20.22465,15.310453,7.044312,6.172204,26.287643,12.357787,13.736387,26.270102,9.897371,18.761383,33.467297,18.602962,23.305573,17.717392,10.557136,7.134889,28.994545,28.281929,29.344482,21.779705,3.5399148,12.178947,12.298053,28.936075,27.37061,25.452917,17.969374,11.700262,21.019415
1955,21.485226,30.03357,22.445219,5.8122873,18.064508,8.525013,19.302168,13.30914,13.672567,7.2847424,21.976034,13.409412,11.972461,23.442846,14.367232,24.191126,29.740297,17.703022,19.4207,17.870308,10.595633,7.319909,28.136547,24.462591,26.895435,17.4184,8.93836,11.347401,12.151409,22.310163,26.56143,24.589895,14.591662,11.183781,19.97055
1956,24.524755,26.716831,24.75952,15.459931,29.468079,21.087982,19.385876,9.097129,25.820639,14.804493,10.496824,19.84148,7.6270604,15.771212,25.409948,32.680927,17.759808,18.11756,12.566703,21.024641,13.194762,11.323351,25.007744,15.639144,14.110832,9.225538,23.229818,9.926355,14.50622,4.475824,23.800608,22.645672,9.5092745,9.595099,19.595285
1957,30.403215,26.395754,29.927217,24.242504,29.794476,13.887033,19.432123,8.698932,16.005617,3.934276,8.165206,14.228064,8.198557,17.112526,15.996199,26.68434,24.45224,23.83796,16.807564,21.084036,15.62972,14.408817,26.09568,24.973227,15.666326,11.750012,11.667635,7.3705072,11.125515,6.51567,25.429527,23.455639,11.308225,14.759515,20.176699
1958,20.753437,31.201101,22.432772,3.5778408,11.617249,3.0551538,20.357391,15.868334,6.6586213,6.6341105,27.462662,12.492083,14.067393,27.04079,9.679236,18.151176,33.77233,19.018705,23.490921,17.717793,10.181338,6.643235,29.20943,29.064508,29.751646,22.750181,3.094427,12.6444435,11.955208,30.475698,27.533792,25.727497,18.376616,12.057552,21.402391
1959,29.729269,25.69435,29.528435,23.930424,28.524887,11.016454,19.317997,8.73548,12.025216,2.5581324,8.429506,13.17466,8.517673,16.931047,13.243534,23.363823,24.762867,24.074629,17.664227,20.509941,15.835372,14.564174,25.612038,25.963495,15.162108,12.310803,8.534363,7.042261,10.698311,7.2576046,25.109098,23.181147,11.778935,15.095192,20.09981
1960,22.97223,29.050266,24.908354,12.496284,29.42464,6.654328,21.2577,10.637637,9.120746,2.2398186,12.148479,12.987361,9.747752,19.04136,12.882993,24.061699,29.689991,20.08448,22.710655,21.590227,16.918312,15.60441,27.656841,23.935896,20.1601,13.596429,7.104371,7.7916517,16.263803,12.221857,26.903204,24.343355,15.311116,11.773896,20.167044
1961,22.435059,28.934486,22.39023,6.782891,17.78573,12.536237,17.486486,12.544507,18.75034,8.665564,20.99306,13.902965,11.177791,22.692968,16.595428,26.43679,27.645344,16.851702,16.09585,16.425259,8.468641,5.446902,26.992546,22.544403,27.43034,16.366894,12.818203,11.675629,9.563144,21.081564,25.336554,23.471773,12.285984,10.763556,18.884577
1962,20.456953,30.916893,22.100607,3.0860655,7.9260273,1.7504487,20.046455,16.661905,4.9355006,6.757842,29.112642,12.079497,14.540435,28.182264,8.186346,15.885035,34.4223,19.190763,24.07801,17.10449,9.261954,5.73534,28.928043,30.330725,30.632204,24.5303,1.4592196,13.20891,11.177791,33.45192,27.187044,25.549538,19.366997,12.315247,21.469793
1963,24.949463,23.770983,24.82445,17.280678,21.278654,24.08869,17.043198,9.582904,26.106007,15.413407,5.0763726,21.519337,7.1169786,17.511509,24.97253,31.021128,14.591832,20.452942,11.483886,20.133385,9.939591,8.588135,22.837349,18.874249,13.521734,11.652363,23.622156,13.45998,15.391111,3.2247374,20.81666,22.687515,12.0241785,13.147891,21.065584
1964,21.253162,30.538551,22.30993,4.635434,12.287209,5.7802987,19.5062,15.087727,10.451274,7.379358,25.931107,12.879055,13.121129,25.883844,12.01657,20.91875,31.789272,18.34675,20.903069,17.447845,9.3963175,5.8240156,28.607182,26.96899,28.882885,20.842619,5.840745,12.372915,11.1124115,28.004215,26.89727,25.122583,16.274687,11.829353,20.71146
1965,32.025394,25.808035,31.04583,26.782522,30.346079,17.254671,18.99732,8.257863,19.442888,5.0030794,6.2585936,15.4648695,7.5149255,16.85637,18.038363,28.540962,22.932428,24.587795,15.26858,21.213556,15.035686,14.25399,25.606724,24.656384,14.724838,11.424006,14.748797,7.765932,10.403711,4.761,24.860685,23.280243,10.695583,15.107402,20.330143
1966,24.51607,29.442993,25.19855,11.3936825,23.321331,10.784601,19.711573,11.846173,14.860159,6.795666,17.400137,14.321194,11.148354,21.393347,15.48486,25.567163,27.975574,19.855247,18.946842,19.186966,12.6974125,10.074741,28.03983,24.640615,23.649103,15.3973255,10.65545,10.57659,12.634317,16.606213,26.756767,24.810625,13.887017,12.477911,20.476858
1967,22.138403,30.243885,24.346546,9.4255085,26.113325,4.589816,21.559385,12.158423,7.139354,2.7906232,16.542847,12.754941,11.307081,21.19353,11.380185,22.064865,31.683517,19.89109,23.895643,20.84866,15.873976,13.934811,28.623817,25.52034,23.23368,16.09845,5.301573,9.067712,15.707391,17.223528,27.732874,25.167244,16.529675,11.8105,20.779371
1968,20.927551,30.753405,22.283573,4.065612,14.014111,4.762943,19.741636,14.916595,9.037079,6.470372,25.765915,12.480328,13.390074,25.804781,10.94385,20.11308,32.66653,18.298298,21.964958,17.427162,10.091709,6.6202536,28.756329,27.425426,29.24453,20.881653,4.8935094,12.048803,11.604468,27.908281,27.118845,25.151554,16.86494,11.601019,20.62692
1969,30.6856,25.752262,30.102896,25.128489,29.38639,13.45383,19.09138,8.446298,15.144422,3.3287663,7.607894,13.77624,8.065722,16.81864,15.109937,25.634289,24.170576,24.137403,16.670685,20.766558,15.553681,14.473312,25.609863,25.362434,15.103581,11.798767,10.849391,7.070795,10.507682,6.2517953,25.00851,23.089178,11.23385,15.013468,19.967848
1970,21.323143,26.085207,22.321203,11.106132,21.794174,24.247633,19.011984,10.72523,27.79796,19.958658,8.886881,23.73021,7.905938,17.86361,28.650785,33.62856,13.93927,18.000767,12.135735,21.53184,10.756641,8.281977,24.430828,15.706465,13.755905,10.947956,26.260166,14.552599,19.288357,4.1690207,22.171747,23.915493,12.432269,10.935284,21.826067
1971,30.933804,26.30935,30.437147,25.15801,30.060211,13.412475,19.532,8.625211,15.181386,3.3022742,7.8461967,13.978362,8.211816,17.084282,15.348132,26.120232,24.75105,24.392666,17.122744,21.211916,15.939591,14.80883,26.124977,25.635843,15.402325,11.935124,10.912615,7.1313076,10.932699,6.3804183,25.518814,23.524775,11.448415,15.13631,20.307531
1972,31.509941,26.340025,31.218327,26.4054,30.565357,11.638748,20.036928,8.683316,12.479989,1.8048079,7.349087,13.461451,8.3825655,17.199936,13.585307,24.443419,25.832016,25.47506,18.528324,21.70749,16.888935,15.983178,26.351551,27.11323,14.948053,12.593774,8.747946,6.669812,11.107381,6.477966,25.862463,23.830385,12.275197,15.798869,20.744173
1973,21.464058,29.968613,22.977348,6.6770754,19.491302,5.4805775,19.953554,13.303081,9.153306,4.7891817,20.885954,12.518652,12.064874,23.23232,11.498459,21.457909,31.498528,18.637321,21.88668,18.519928,12.156489,9.460095,28.179398,25.856415,26.281612,18.166782,5.800158,10.519,12.900381,22.290747,26.850235,24.684326,16.015995,11.520512,20.23492
1974,30.857641,26.154356,30.121332,24.909954,29.883497,15.142866,19.101965,8.464542,17.539001,4.2060957,7.575572,14.426182,7.869541,16.977139,16.77581,27.56624,23.96135,23.825014,16.095606,20.962955,15.259355,14.181205,25.859936,24.657703,15.589251,11.494879,12.79126,7.3862066,10.636116,6.0339723,25.164688,23.23225,10.89649,14.737664,19.98591
1975,28.410465,27.43423,28.487165,19.823643,28.001839,11.235766,19.547453,9.778335,13.423868,3.374298,11.110729,13.486662,9.463434,18.77307,14.010505,24.76567,26.87908,22.823593,18.680407,20.263966,14.998524,13.511011,26.829563,25.984272,19.0329,13.555626,9.475257,8.213707,11.506248,10.576639,26.045246,23.96809,12.86508,14.28343,20.281689
1976,20.86367,32.101643,22.733202,2.6628764,7.9535522,0.98455334,20.89672,17.41643,4.1327853,6.7800317,30.797564,12.309745,15.280255,29.454634,7.809109,15.652092,36.200893,19.811247,25.512325,17.647831,9.663696,6.013034,29.987724,31.772112,31.999073,25.900593,0.76700246,13.62827,11.627467,35.48565,28.188482,26.436491,20.463074,12.570845,22.22819
1977,20.308212,29.096455,21.142483,3.896094,10.0484295,4.960796,18.071325,14.830117,9.334546,6.7316437,25.87034,11.741606,13.046632,25.664888,10.196197,18.640938,31.300488,17.423508,20.297176,15.785819,8.126815,4.737785,27.187233,26.837189,29.27879,21.075947,4.5973477,12.198173,9.683993,28.976206,25.484577,23.763575,16.15875,11.40775,19.524115
1978,20.437325,29.820538,21.522535,3.7541313,8.917124,4.012303,18.841715,15.586802,8.048027,6.934193,27.044947,11.984571,13.518249,26.636248,9.79691,17.972565,32.30538,18.125294,21.540304,16.434752,8.502382,4.992117,27.892235,28.026646,29.643694,22.304144,3.6396303,12.654998,10.330854,30.581568,26.155434,24.504972,17.26112,11.8412485,20.33309
1979,20.133923,29.855263,21.487165,3.4193084,10.676511,3.436162,19.065765,15.252294,7.1598945,6.3700967,26.526012,11.825012,13.563926,26.1938,9.289397,17.602028,32.48957,18.062056,22.091145,16.5162,9.17432,5.7667456,27.918377,27.975317,29.359608,21.940369,3.2468362,12.294035,10.816159,29.749594,26.259066,24.505577,17.431902,11.606138,20.27587
1980,32.734985,25.832916,31.661928,27.722212,30.69098,17.286919,19.07699,8.18936,19.324327,4.6793833,6.084421,15.403755,7.5461855,16.902628,17.828722,28.440746,23.108986,25.13276,15.340034,21.316565,15.209487,14.484907,25.734806,25.228992,14.627563,11.580894,14.52987,7.646661,10.087206,4.6274,25.015436,23.426033,10.694995,15.47678,20.499743
1981,21.773373,28.78183,22.250776,7.278731,24.864971,13.897756,18.230957,10.929324,20.19229,8.745656,17.36666,14.694218,10.157649,20.000246,18.506376,28.669994,26.069817,16.05403,16.013561,17.606045,10.876627,8.331928,26.691536,19.7328,24.624134,13.089964,15.257537,10.272488,11.804435,15.440499,25.31162,23.043098,11.423062,9.368576,18.364222
1982,20.684132,29.786772,23.611752,11.152823,33.26759,7.31694,23.199778,10.2323885,10.333432,4.3799477,10.335862,14.775713,8.764809,16.916332,16.540064,27.37418,27.536747,18.852707,23.0141,24.197052,19.70049,18.047754,28.088184,20.004602,16.243904,10.335251,9.608598,7.3002176,21.016272,7.6153436,27.44729,24.697968,14.94053,10.23177,20.522577
1983,20.690363,30.622383,22.127872,3.759605,10.069097,3.3739502,19.780201,15.847373,7.0705495,6.8532968,27.412466,12.351728,13.88207,26.992373,9.682375,17.893131,33.133793,18.806334,22.73618,17.230762,9.445837,5.924377,28.687134,28.81373,29.637901,22.766567,3.2136204,12.749693,11.271773,30.71235,26.976652,25.29855,18.031027,12.09431,21.08853
1984,24.719484,28.400108,25.717176,12.847178,21.704308,5.7322574,19.677834,11.968042,7.5903754,2.9814014,17.011162,12.193561,11.464418,21.54162,10.016413,19.7486,29.978432,21.30265,21.356167,18.76575,13.394936,11.350307,27.372738,27.507359,23.15607,17.333172,4.7687125,9.546615,11.322533,18.399149,26.464867,24.420593,15.318685,13.524409,20.523424
1985,21.092443,30.606222,22.137316,4.5514708,17.69839,7.396307,19.427172,13.779318,12.8945055,6.854916,23.742008,12.96265,12.386458,24.173376,13.604444,23.693407,31.204954,17.303333,19.978687,17.596642,10.2721815,6.8482223,28.51469,24.789139,28.366175,18.204685,8.053651,11.322203,11.642044,24.322897,26.92484,24.697077,14.761116,10.805004,19.878605
1986,19.929981,30.381462,21.68304,5.1840816,24.585888,8.388679,20.469782,12.122973,13.870493,6.331246,18.729517,13.704685,10.84011,21.0592,15.854291,26.582537,29.393362,16.578661,20.227514,19.542786,13.372113,10.4566765,28.213867,21.474024,24.610722,14.220007,10.182655,9.902599,15.173642,17.567566,26.952883,24.381344,14.033353,9.67043,19.526691
1987,30.173862,25.996075,29.505209,23.522957,28.252136,13.525107,18.718374,8.739806,15.696511,3.6946492,8.959251,13.681471,8.397669,17.34406,15.194247,25.762869,24.442,23.491144,16.2517,20.078995,14.587519,13.248369,25.729301,25.169895,16.54414,12.141243,11.101172,7.5627117,9.910604,7.6407647,25.035608,23.121115,10.977876,14.775677,19.803894
1988,31.509617,25.288277,30.501287,26.271574,30.009394,18.54231,18.51828,8.128642,20.77115,5.905901,5.6332793,16.128145,7.2532744,16.623875,18.903688,28.975372,21.848362,24.045376,14.38972,20.831337,14.310315,13.681073,24.980827,23.633846,14.445556,11.15513,16.354912,8.184945,10.404415,4.1646314,24.158035,22.870165,10.420807,14.653769,20.102736
1989,20.41778,31.152205,22.101435,2.8725054,6.716408,1.0306554,20.25823,17.133049,4.2543025,6.9588876,30.473358,11.985682,14.809976,28.7856,7.7525396,15.20809,35.06947,19.250874,24.494019,17.150862,9.082263,5.463304,29.066147,30.79599,31.020538,25.398895,0.7943536,13.293849,10.916815,35.098434,27.32013,25.593239,19.732464,12.21514,21.570818
1990,20.593426,30.829367,22.208862,3.6750755,12.2928915,3.5125246,20.066523,15.446214,7.219282,6.5111113,26.5904,12.426962,13.746035,26.433235,9.982642,18.581112,33.126625,18.704527,22.937176,17.568998,10.167695,6.6836615,28.869041,28.372234,29.257545,21.993977,3.5667896,12.384031,11.938599,29.316923,27.213701,25.412708,17.86491,11.872814,21.070112
1991,22.634638,30.290245,24.493979,10.362098,29.333076,8.231311,21.433113,11.24762,11.968995,3.98692,14.244238,13.800712,10.297771,20.003431,14.85633,26.328491,30.036182,19.24185,22.142548,21.461842,16.171267,14.321632,28.561653,23.295177,22.268251,13.713688,9.214003,8.774368,16.505064,13.680209,27.595688,24.94457,15.074111,11.247032,20.362898
1992,21.541348,27.458988,21.46195,6.7426505,19.811089,14.78692,16.471025,11.285968,20.829887,9.406365,17.777208,14.336605,10.206494,21.018785,17.688837,27.0467,25.30444,15.714277,15.026605,15.854196,8.390766,6.027081,25.453999,20.55809,25.94862,14.7207155,15.212423,11.277187,10.021692,17.799303,23.810007,22.146986,11.866576,9.729237,17.799797
1993,20.493984,30.57343,22.032076,3.588902,9.839229,2.881225,19.85521,15.909324,6.3920674,6.7414036,27.576456,12.250521,13.940111,27.03394,9.289442,17.34594,33.270157,18.826878,23.030592,17.219788,9.528541,6.0316086,28.633625,28.969748,29.54657,22.974478,2.7602901,12.71805,11.333422,30.99104,26.94606,25.269884,18.261438,12.049725,21.112019
1994,20.881832,30.754377,22.256447,3.9543803,11.360634,3.9187756,19.822115,15.574428,7.9040475,6.8147917,27.028986,12.437944,13.718115,26.626383,10.259796,18.825619,32.972706,18.672718,22.372082,17.37014,9.644732,6.0851645,28.796017,28.310719,29.49978,22.130856,3.8676503,12.517936,11.29462,29.825033,27.11014,25.315449,17.519833,11.948625,20.982653
1995,31.815662,25.581188,30.82728,26.594116,30.049805,17.112057,18.816801,8.18579,19.269619,5.002735,6.283696,15.333815,7.5034256,16.716866,17.852655,28.235405,22.6722,24.418167,15.065244,20.975914,14.873587,14.062048,25.397095,24.502542,14.608374,11.328611,14.601543,7.7349825,10.231902,4.7345285,24.661367,23.102516,10.567409,15.029282,20.174215
1996,20.680973,31.805878,22.568232,2.8697639,9.659372,1.7908926,20.7728,16.795637,5.015431,6.6482773,29.161095,12.43634,14.781074,28.492933,8.567363,16.689764,35.314037,19.522215,24.977547,17.790442,10.046496,6.4852223,29.740738,30.746595,31.102896,24.623964,1.6847032,13.290873,12.144871,33.29416,27.9812,26.250504,19.870897,12.4002695,21.989813
1997,22.50747,29.422508,22.531023,6.744414,20.203289,14.260922,17.824362,12.184697,20.953154,9.16302,19.689808,14.683933,10.79563,22.295416,18.432047,28.743242,27.39013,16.644707,16.016926,17.102016,9.062565,6.175385,27.367931,21.678951,27.33863,15.353072,14.876353,11.729691,10.700076,19.3137,25.67562,23.755754,12.131165,10.468208,18.993841
1998,20.721603,30.376629,21.992445,3.9988234,9.356028,3.6933722,19.54,15.838492,7.5977883,7.109129,27.473894,12.325337,13.688817,26.887697,9.976329,18.100197,32.735462,18.635471,22.172348,17.097948,9.082762,5.525624,28.439125,28.43983,29.425314,22.636436,3.4993997,12.716391,10.868355,30.762491,26.7282,25.05356,17.64543,12.029035,20.89239
1999,21.958605,30.722164,22.817558,5.2241964,16.194338,6.915995,19.367622,14.267404,12.051345,6.9741163,25.071041,12.8299675,12.981858,25.003542,12.652958,22.42117,31.742546,18.047749,20.18202,17.27903,9.840808,6.3323684,28.711227,26.168983,29.094471,19.480795,7.1590667,11.705136,10.652363,26.08455,27.105448,24.934263,15.151656,11.406656,20.213598
2000,29.594517,25.736454,29.55985,23.7392,27.682573,9.550921,19.526842,9.0525675,9.985089,1.8869431,8.896131,12.800659,8.853418,17.381433,11.879766,21.771818,25.533852,24.471779,18.615278,20.42765,16.031504,14.73126,25.74123,27.098412,15.475409,13.139984,6.8962173,7.1623135,10.592753,8.401473,25.303762,23.390245,12.510522,15.48918,20.376049
2001,33.00107,25.668383,31.84556,28.125969,30.567345,16.75493,18.945929,8.072175,18.684141,4.131395,6.1582084,14.9332905,7.596801,16.825668,17.161177,27.851818,23.262619,25.324976,15.365218,21.101646,15.23314,14.491962,25.675644,25.642746,14.634063,11.640856,13.737169,7.3926277,9.582235,4.7544007,25.004496,23.338465,10.587072,15.693905,20.388445
2002,21.990988,30.888813,22.86135,5.094319,14.138454,6.557745,19.461391,14.840602,11.502449,7.1797733,25.730309,12.919873,13.24708,25.844015,12.350396,21.833118,32.143116,18.441757,20.682821,17.370634,9.530025,5.966064,28.925,27.07621,29.576893,20.476803,6.542847,12.261591,10.801628,27.486217,27.223246,25.2576,15.919697,11.875055,20.630987
2003,20.856743,30.933556,22.361034,3.9782178,12.715081,4.1635857,20.088593,15.357946,8.173822,6.780018,26.451551,12.634325,13.604274,26.27453,10.689762,19.461952,32.86026,18.671776,22.482204,17.721346,10.152102,6.6115737,28.96616,27.982103,29.123463,21.617907,4.277498,12.345818,11.88772,28.832788,27.30324,25.467672,17.43162,11.860735,21.068377
2004,29.01434,27.065712,29.45394,21.903349,28.080355,8.246094,20.30799,9.814296,8.717128,1.2488844,10.126865,12.692337,9.516013,18.722416,11.150102,21.588799,28.005455,24.473068,20.801163,20.98385,16.533966,15.374828,26.810062,28.223282,17.514011,14.551012,5.891494,7.485448,11.759908,10.610123,26.283592,24.206179,14.190252,15.331521,20.901117
2005,20.610352,31.898386,22.485964,2.5243049,8.659335,1.3792086,20.713852,17.11671,4.60056,6.6702676,29.966036,12.291569,15.027409,29.007284,8.109672,16.11136,35.798534,19.520262,25.239044,17.583145,9.730401,6.1388116,29.792542,31.209198,31.748556,25.2828,1.1964747,13.4949875,11.854256,34.513676,27.997068,26.261194,20.200157,12.420849,22.01217
2006,21.338997,28.341076,21.379957,5.621331,13.873854,10.189761,16.998886,13.185678,16.016453,7.98885,22.439066,12.850651,11.514287,23.451157,14.420885,23.711033,28.266134,16.51194,16.660461,15.607675,7.5931797,4.43291,26.431793,23.37635,27.973064,17.672928,10.145758,11.819382,8.9384,23.804705,24.740719,22.986202,13.048072,10.812282,18.566875
2007,20.441296,30.786512,22.158756,3.4716496,10.565596,2.389006,20.13634,15.922954,5.649273,6.43457,27.52258,12.192446,14.075936,27.06699,8.894612,17.030313,33.72034,18.98003,23.679302,17.42994,9.982762,6.537997,28.827656,29.293648,29.582844,23.102978,2.3182802,12.621801,11.7466955,30.984095,27.173409,25.431784,18.662903,12.054117,21.247307
2008,20.99355,30.482214,23.495626,9.486495,30.470757,8.119829,22.754978,11.146476,12.130937,6.3413095,14.478876,15.122826,9.911061,18.391676,17.140928,27.539757,27.630623,18.415897,21.530731,22.867393,17.670769,15.126992,28.642384,20.392715,18.781637,11.576182,10.509834,8.528584,18.955307,11.083097,27.779549,25.090397,14.166736,10.184713,20.673717
2009,21.47122,29.927525,22.393839,5.6065817,17.200079,7.481137,19.046461,13.539158,12.401639,6.5386596,22.723692,12.806274,12.205314,23.88946,13.049584,22.88692,30.61352,17.734077,19.834278,17.399265,10.202884,7.005497,28.011425,25.15859,27.660828,18.264124,7.7057414,11.25203,11.380407,23.704317,26.446405,24.408804,14.886682,11.20781,19.803476
2010,21.010975,31.261906,22.56738,3.8545215,12.587793,3.8645601,20.28065,15.61581,7.7761197,6.7255936,26.957792,12.643297,13.894389,26.728107,10.386879,19.187315,33.454597,18.906857,22.981499,17.793335,10.22885,6.6600127,29.271545,28.586975,29.672445,22.127377,3.9225686,12.535402,11.961828,29.574791,27.588385,25.73142,17.866306,12.018049,21.298231
2011,24.604671,28.480988,25.063883,11.647516,20.590826,8.045885,18.8742,12.012544,11.460774,5.1397033,18.931845,12.623878,11.539708,21.624344,12.218572,21.959536,28.611326,20.026659,18.814392,17.808733,11.647638,8.99074,27.247528,25.804865,24.073854,16.651394,7.3492584,9.997738,10.116652,18.932444,26.117506,24.074762,13.623424,12.772823,19.916283
2012,23.550653,28.984573,25.019827,11.092349,21.724844,4.844193,20.160141,12.38222,6.7573214,2.9870188,17.546865,12.229574,11.685901,22.012192,9.835022,19.63918,30.951733,20.803312,22.64874,19.222456,13.800533,11.870501,27.725185,27.365898,23.752766,17.816948,4.3241315,9.642197,12.756568,19.307024,26.729357,24.642992,16.383465,12.953993,20.644136
2013,22.330864,24.392385,22.476845,12.161376,19.929365,29.698471,16.949642,10.451684,33.04455,23.170546,7.333393,25.968853,7.4079847,17.911705,31.16418,34.77196,10.6311,17.86576,8.615685,19.927631,7.5294113,5.6205616,22.661457,14.499252,13.914527,11.423431,31.55027,16.373442,17.05331,3.0487487,20.072588,22.997915,11.28217,10.910425,21.635416
2014,23.355785,28.888105,23.04721,7.7219825,16.769285,11.804547,17.234842,12.799945,17.77397,8.044092,21.90165,13.327244,11.654206,23.25543,15.328377,25.223347,28.292997,17.481209,16.133133,15.931579,8.095787,4.956925,27.062557,23.8311,28.181828,17.145931,11.5368805,11.781065,8.376499,22.441586,25.44357,23.506405,12.386834,11.3873825,18.922058
2015,23.09354,29.677334,22.707,6.6857085,19.363235,15.030943,17.362547,12.441568,22.361418,9.21113,20.695345,14.604226,10.899252,22.921646,18.789534,29.491915,27.949348,16.523943,15.288661,16.56857,8.045085,5.047265,27.543198,21.78284,28.846344,15.773186,15.540571,12.101518,9.393116,20.594084,25.779762,23.771112,11.548526,10.543621,18.850008
2016,32.435745,25.824566,31.453344,27.443848,30.245022,15.146061,19.128098,8.23302,16.962862,3.398686,6.739917,14.220345,7.753848,16.891802,16.084759,26.935455,24.052544,25.114796,16.148096,21.157383,15.578462,14.734909,25.804981,25.896154,14.864244,11.823581,12.1170845,7.0284834,9.812682,5.5013623,25.193834,23.313934,10.894254,15.604238,20.264437
2017,20.542356,30.737732,23.539259,9.549182,32.402233,6.472488,23.38459,10.999764,9.790735,4.283408,12.627598,14.528475,9.597029,18.236475,15.851701,26.948275,29.278828,18.747143,23.771465,23.837448,19.203482,17.276272,28.863655,21.053818,18.602741,11.663818,8.863222,7.8702602,20.57876,10.411905,28.144148,25.244356,15.5349245,10.240383,20.793882
2018,20.614742,30.243687,22.072056,4.1293755,11.747645,3.6112177,19.670158,15.2161,7.2364573,6.5632243,26.264727,12.255581,13.530818,25.997158,9.859811,18.235695,32.37095,18.588247,22.275162,17.245483,9.873485,6.418887,28.359173,27.9977,28.626272,21.6672,3.5667393,12.208511,11.384198,28.885756,26.748037,24.982449,17.389435,11.8542,20.755484
2019,21.957462,29.22483,24.414751,14.10016,34.12949,10.035138,23.48937,9.634764,13.627595,7.3518877,10.107113,16.343655,8.060426,15.122763,19.783628,29.63786,23.87566,19.051682,20.006998,24.941814,19.951595,17.769556,27.64293,17.481821,12.4307785,8.184466,12.841661,6.867985,20.49334,4.3150916,27.12077,24.378916,12.4461565,9.969564,20.556421
2020,21.616852,30.724926,23.265165,6.3119764,20.48792,5.5773344,20.490519,13.520972,9.452985,5.154053,21.5259,12.836424,12.439458,23.566122,11.923851,22.067072,31.998758,18.765537,22.309021,18.888832,12.620982,9.729625,28.851349,26.103289,26.83675,18.218166,6.0811996,10.750881,13.456007,22.547905,27.50815,25.222048,16.252806,11.535984,20.60367
2021,22.24107,30.467178,22.954908,5.723974,16.660559,7.553659,19.117823,13.974961,12.711088,7.0323677,24.418655,12.883505,12.831624,24.66474,12.946734,22.7829,31.207396,18.065346,19.670166,17.139164,9.773778,6.314406,28.519707,25.93695,28.826036,19.039852,7.6708903,11.631617,10.472582,25.254454,26.917753,24.787554,14.7857065,11.4953375,20.070131
2022,20.605585,31.400867,22.347868,3.1276472,11.852898,3.0035317,20.375837,15.944343,6.6498437,6.4814334,27.53691,12.443101,14.193942,27.273882,9.563491,18.20286,34.20738,18.91803,23.827333,17.680237,10.203532,6.6769357,29.35727,29.256737,30.315462,22.918043,3.0272946,12.7388,12.174044,30.781124,27.643555,25.815496,18.661629,12.0022545,21.407913
2023,20.651981,31.094498,22.289137,3.3614943,9.894513,2.6015656,20.193985,16.236122,6.075317,6.7122827,28.1815,12.33979,14.262964,27.605572,9.116946,17.274323,34.072697,19.093393,23.702415,17.438904,9.704904,6.168732,29.10379,29.632977,30.232224,23.560486,2.47113,12.943303,11.598276,31.831709,27.38192,25.670538,18.805666,12.195905,21.44406
2024,20.51202,31.376236,22.291529,2.8290062,7.425976,0.89074636,20.46981,17.10758,4.0107045,6.781648,30.424225,12.045199,14.931706,28.817362,7.6581473,15.225359,35.33197,19.417109,24.813274,17.295685,9.383754,5.7718763,29.29625,31.022247,31.124275,25.405994,0.70505273,13.287702,11.155519,34.93254,27.561516,25.811815,19.890202,12.281492,21.73874
2025,24.063656,28.256577,23.173096,8.819909,22.612068,18.62517,16.333899,10.952309,25.896318,10.921756,17.998777,15.593288,10.113076,20.88574,20.623943,30.607937,24.839386,16.138334,12.87349,15.918534,7.805034,5.4261336,26.159733,19.743273,26.902718,13.927982,19.238907,11.51532,8.26384,16.620728,24.499277,22.584005,9.85761,9.821338,17.953808
2026,26.21694,26.03041,26.367182,18.058632,24.956476,19.389456,18.840197,9.81851,21.845129,11.429144,7.707756,18.946957,8.096573,18.021166,21.872019,29.89618,19.50107,21.371582,14.783924,21.117302,12.796973,11.186554,25.144794,21.262737,15.355976,11.964901,18.763657,11.4314,15.202728,5.6163874,23.578722,23.75185,12.556004,13.444286,21.156385
2027,21.668282,30.730232,22.538609,4.9139123,12.174024,6.2377524,19.43881,15.197636,11.19085,7.5392613,26.269173,12.938349,13.172606,26.140862,12.337916,21.422888,31.992624,18.398705,20.64637,17.408491,9.151226,5.5191426,28.766209,27.073055,29.361511,20.947937,6.213422,12.475678,10.741602,28.386496,27.030096,25.189703,16.094105,11.912491,20.709837
2028,30.188541,26.23397,29.941929,23.923819,29.237814,11.418571,19.387568,8.854672,12.66854,2.0767975,8.437831,13.118753,8.616918,17.569162,13.3099375,24.058548,25.955738,24.258217,18.268219,20.679543,15.804406,14.794645,26.051723,26.592499,16.40975,12.881666,8.801447,7.09118,10.724244,7.9452996,25.465218,23.452568,12.290221,15.136561,20.194296
2029,27.326628,27.996618,28.289875,18.497166,26.67968,6.226077,20.608116,10.749234,6.8175406,0.88963735,12.304191,12.29466,10.337319,20.034008,9.9021435,20.398933,30.058104,23.662598,22.527527,20.75438,16.22116,15.024006,27.412735,28.686369,19.901892,16.070593,4.4566474,8.055668,12.423473,13.790861,26.799286,24.608229,15.59889,14.745965,21.03973
2030,20.608297,31.28587,22.361944,3.1573937,9.455091,2.0693371,20.393564,16.501877,5.321176,6.661619,28.639954,12.319738,14.505168,28.005243,8.663108,16.682909,34.56186,19.307518,24.295307,17.515652,9.798793,6.2701287,29.282207,30.211027,30.532425,24.131876,1.9091722,13.10854,11.769862,32.603012,27.549042,25.859642,19.350315,12.315203,21.666204
2031,30.21043,27.17292,30.010622,23.78421,31.072174,13.86724,20.1624,8.901261,16.156002,4.136831,8.238203,14.651466,8.299023,17.280764,16.618681,27.56903,25.035069,23.848774,17.57407,21.875809,16.405447,15.168018,26.738682,24.831638,15.792034,11.653801,12.024772,7.4080896,12.320318,6.3364573,26.06314,23.970476,11.744122,14.586067,20.560184
2032,18.706146,30.839775,22.392,8.548634,35.354202,6.7399564,24.479467,10.3894205,10.4484625,5.4149237,11.034433,15.483468,8.789857,16.273287,18.106981,28.903181,27.331417,17.636238,23.559906,25.268307,21.057308,18.88962,28.805973,17.910728,15.581031,8.941275,10.464855,7.2820234,23.412914,6.766357,28.24465,25.16855,14.835084,8.977398,20.716928
2033,29.028116,26.978662,29.51977,22.800484,30.438885,9.502187,20.644854,9.15815,10.392928,1.7552669,8.478617,13.270466,8.763335,17.392168,12.96271,23.690067,26.68433,24.222298,19.96328,21.915531,17.389984,16.294334,26.69894,26.325157,15.546591,12.683267,7.552122,6.7890005,12.943786,7.5285697,26.195995,24.055895,13.172784,14.844872,20.755697
2034,22.408527,29.0915,22.515219,6.951053,19.789085,12.070709,17.74707,12.206358,18.308174,7.546926,20.231018,13.579334,10.961087,22.285826,16.335533,26.785748,28.213833,16.826378,16.540234,16.726656,9.17472,6.26553,27.118061,22.37865,27.212177,15.746305,12.46772,11.108458,9.955274,20.130226,25.546144,23.46797,12.226564,10.543674,18.756872
2035,31.700449,25.945364,30.78196,26.304995,30.197079,15.851249,19.092154,8.272812,18.139112,4.302331,6.986822,14.646603,7.6648855,16.792416,17.124622,27.864635,23.529068,24.3703,15.69765,21.122843,15.328063,14.364059,25.763542,24.847546,14.946598,11.388843,13.275761,7.285487,10.256415,5.3598895,25.092306,23.22761,10.645909,15.050498,20.10731
2036,21.351068,29.975985,22.315317,5.3980293,11.307681,5.4808135,19.310461,15.010015,9.822109,7.444689,25.747568,12.722475,12.97713,25.55309,11.634467,20.119532,31.09469,18.52164,20.554283,17.342583,9.3036585,5.7298007,28.149273,26.914555,27.931679,20.775269,5.369923,12.224545,10.763787,27.788397,26.510523,24.797533,16.094427,11.989294,20.591633
2037,24.245867,28.191807,24.151,10.937076,23.86706,16.735748,18.044834,10.813868,22.288263,10.855297,16.351025,16.24647,10.093521,19.992779,20.030615,29.128334,23.787086,17.879051,14.666625,17.896397,10.464364,7.9303317,26.50735,20.707378,22.87259,13.434574,17.272154,11.113731,11.164834,13.8634205,24.996805,23.436783,11.232993,10.829894,19.280973
2038,30.554815,26.474016,30.556816,24.68557,29.297699,9.605183,20.072294,9.164487,9.95758,1.1123734,8.529717,12.832197,8.985071,17.909592,11.749535,22.330338,26.962482,25.257885,19.726532,21.145027,16.770164,15.747547,26.455597,28.179543,16.164474,13.66671,6.7326646,7.0128975,10.988129,8.572157,26.01511,23.944885,13.236948,15.855425,20.808867
2039,21.471527,30.27399,23.690363,9.123237,29.32034,6.9021163,21.62552,11.307996,10.489774,3.4002028,14.222862,13.418239,10.246153,19.876421,14.128084,25.596313,30.491901,18.722212,22.91954,21.569187,16.533348,14.747578,28.452042,22.968767,22.160315,13.69758,8.197574,8.4930725,17.214773,13.925289,27.527685,24.79352,15.497321,10.787952,20.193367
2040,22.678415,29.747805,22.46008,6.1062856,17.35056,13.189639,17.516083,13.028765,20.199469,8.71085,22.006954,14.056552,11.328906,23.639032,17.341766,27.800528,28.810402,16.692923,16.103464,16.436913,7.8855476,4.72634,27.64067,22.733456,29.24889,16.856367,13.546285,12.193518,9.270966,22.521708,25.860697,23.888145,12.2633295,10.764362,19.035566
2041,30.93237,27.846321,31.318447,24.354963,29.856544,8.282098,21.20023,9.949826,8.255804,0.48925835,9.523468,12.957649,9.704441,19.185966,10.957515,21.890354,29.239014,26.18761,21.948101,22.076744,17.722168,16.74724,27.754787,30.001747,17.51965,15.122945,5.4596953,7.398679,11.975222,10.329017,27.314594,25.119415,14.851258,16.406662,21.825052
2042,21.346094,30.51518,22.33489,4.7710304,12.6559105,6.253389,19.433779,14.954427,11.082632,7.4678555,25.595886,12.980911,12.986722,25.714437,12.431971,21.461594,31.56456,18.269915,20.608097,17.468765,9.370833,5.8070054,28.5873,26.68278,28.804066,20.520382,6.327489,12.341821,11.125604,27.525137,26.86833,25.094343,16.01967,11.804626,20.647364
2043,26.709278,27.588509,27.468798,18.410881,29.48447,9.589562,20.211634,9.649572,11.560702,2.219552,9.89329,13.163684,9.006219,18.270985,13.479014,24.550142,27.728931,22.146187,20.31818,21.147968,16.271694,15.191054,26.798134,25.157288,18.327915,13.101127,8.463869,7.4809284,13.476452,9.815912,26.103909,23.842726,13.712007,13.463797,20.120787
2044,29.69428,27.474012,29.185873,20.643026,26.546589,12.767643,19.450556,9.99238,15.451754,6.263359,13.83979,14.594537,10.158153,18.45711,15.693381,25.248816,24.249039,23.174994,15.595362,19.422905,13.879029,11.087446,27.083603,25.308372,18.339848,12.836407,11.19198,9.194068,9.307681,10.501686,26.378904,24.431286,10.393476,14.908112,20.805534
2045,20.845095,30.699121,22.186178,3.8777978,11.251451,4.046947,19.712341,15.565226,8.084964,6.8609066,26.99965,12.427172,13.711724,26.62665,10.30407,18.882408,32.909645,18.58326,22.259096,17.266384,9.524965,5.96716,28.73645,28.24328,29.605364,22.095938,3.975671,12.555315,11.230104,29.844223,27.035345,25.250292,17.469471,11.926501,20.909615
2046,30.55861,25.9788,30.391056,25.381704,30.02044,11.178634,19.794691,8.601922,12.036582,1.9121113,7.4362392,13.260475,8.290062,16.865408,13.373316,23.981213,25.362656,24.808033,18.30923,21.367386,16.67886,15.706432,25.942097,26.399067,14.664403,12.291811,8.5225315,6.5884304,11.226593,6.4190764,25.463663,23.454004,12.104957,15.362287,20.393396
2047,31.060387,25.519257,30.316084,25.771725,29.168774,13.741036,18.921524,8.324072,15.456675,3.2637389,7.4125233,13.736652,7.8866935,16.674364,15.207912,25.724384,23.908482,24.299702,16.234737,20.679493,15.346953,14.304438,25.438572,25.31952,14.835441,11.714865,11.017902,6.9683275,9.985255,6.042528,24.859037,22.961237,10.865822,15.139831,19.901735
2048,21.656364,29.45664,22.30757,5.8972597,14.707429,6.8866487,18.645777,13.828748,11.803342,7.050863,24.294653,12.513104,12.433861,24.092043,12.414685,21.580212,30.103977,17.759514,18.976255,16.731024,9.287593,5.8471084,27.608486,25.30148,27.53756,18.84201,6.995131,11.372884,9.838446,25.153036,26.08513,24.073393,14.330577,11.325497,19.644518
2049,31.480051,25.914175,30.872099,26.459442,30.179913,13.388666,19.47381,8.386763,14.878333,2.7359362,6.9718924,13.800459,7.8696523,16.777994,15.069503,25.878944,24.608122,24.872387,17.049213,21.369995,16.119534,15.202652,25.864063,25.862425,14.638653,11.859564,10.617445,6.7598553,10.563106,5.7634063,25.323515,23.353918,11.3060055,15.412979,20.288668
2050,31.84776,25.810226,30.929193,26.690964,30.296663,16.148205,19.112364,8.21158,18.29015,4.469664,6.625588,14.870942,7.572929,16.680435,17.307564,27.904598,23.217262,24.542097,15.590549,21.218159,15.3785515,14.479718,25.660927,24.814764,14.53878,11.339575,13.567327,7.3339577,10.329906,4.9621215,24.992044,23.219908,10.650937,15.120751,20.197386
2051,27.651678,27.856651,28.166544,19.84059,30.680813,11.256555,20.79976,9.43694,13.910121,4.767817,10.922373,14.43375,9.012589,17.077957,16.075205,26.566116,25.220942,22.278358,18.015532,21.748152,16.640564,14.672819,27.122063,23.277212,16.05225,11.261341,10.73027,7.4412117,13.400583,7.5409217,26.515507,24.158255,11.56211,13.377231,20.47003
2052,20.758385,31.105291,22.37299,3.5843165,10.983917,3.0918367,20.226511,15.951268,6.71912,6.7191944,27.611418,12.466086,14.073642,27.174585,9.636661,18.016062,33.72514,19.00846,23.372372,17.589231,9.934573,6.3945417,29.123783,29.136808,29.867558,22.922453,3.057266,12.747628,11.757076,30.800303,27.425272,25.666277,18.387184,12.109156,21.374311
2053,22.163683,30.482697,23.299318,6.714091,18.806791,7.3653655,19.972189,13.524166,11.96094,6.653143,22.284126,13.301856,12.309313,23.641588,13.468185,23.345654,30.608116,18.603828,20.434795,18.440166,11.428292,8.15709,28.669617,25.521595,26.698193,17.948086,7.7029047,11.15804,12.371299,22.59199,27.203405,25.11473,15.124545,11.690776,20.518621
2054,31.77604,26.032171,31.189339,26.62307,30.088379,12.818891,19.511118,8.521466,14.005562,2.2986577,7.2547874,13.588849,8.2052145,17.130842,14.259166,25.088531,25.178879,25.253246,17.551624,21.257317,16.175594,15.273552,26.039734,26.721752,15.1331625,12.39636,9.803719,6.843587,10.391223,6.352184,25.498457,23.538042,11.726262,15.733996,20.459887
2055,27.439903,27.47633,28.104471,19.734568,30.667322,10.164332,20.248224,9.351256,11.934027,1.8116789,8.707579,13.20142,8.730971,18.05603,13.589768,24.941439,27.78992,22.633146,20.473158,21.468327,16.70962,15.913247,26.758793,25.486301,17.920464,12.91624,8.727421,7.1938124,13.5787945,8.869141,26.08815,23.809338,13.802757,13.714855,20.141981
2056,21.441656,30.18631,23.846182,8.84423,27.216515,4.417624,21.605026,11.889327,7.016212,2.2709692,15.569571,12.630072,10.976806,20.776468,11.434898,22.420202,31.840816,19.41367,24.2669,21.059353,16.297508,14.570349,28.48217,24.877071,23.035719,15.545171,5.3726754,8.732426,16.439886,16.393211,27.619457,24.962961,16.624748,11.377357,20.511206
2057,28.264013,27.710194,29.017809,20.23862,27.54093,7.066473,20.642567,10.358754,7.537994,1.0093822,11.343953,12.534168,10.010483,19.487362,10.460609,20.953997,29.25415,24.228071,21.902552,21.016123,16.548624,15.349076,27.292969,28.672548,18.768757,15.434578,5.0224824,7.803133,12.205285,12.317716,26.735523,24.581509,15.030889,15.131905,21.128775
2058,32.157925,25.751335,31.51013,27.458721,30.146639,12.852544,19.45484,8.372719,13.770429,2.1323104,6.7623663,13.518352,8.115685,16.975447,14.01194,24.738546,24.94471,25.60632,17.54459,21.279306,16.315943,15.527846,25.86346,27.045555,14.638803,12.404342,9.582391,6.706444,10.225151,5.971112,25.350052,23.44018,11.801526,15.960019,20.473219
2059,24.73287,27.928131,23.555275,9.726695,23.137794,19.118605,15.944115,10.635367,26.504053,10.931694,18.00893,15.446563,10.042438,20.440516,20.625711,30.56922,24.419392,16.172556,11.998438,15.455667,7.501386,5.148499,25.87265,19.465027,26.786064,13.561989,19.665766,11.27132,7.092509,16.241817,24.307077,22.244144,8.998588,9.779682,17.618822
2060,20.8924,30.632938,22.253386,4.1051955,10.9616585,4.0469346,19.7877,15.590336,7.9737515,6.9830337,26.87932,12.539437,13.661837,26.597795,10.379082,18.805313,32.70783,18.74385,22.264912,17.398832,9.583306,6.041095,28.711422,28.283806,29.263721,22.132965,3.959644,12.59705,11.361228,29.716528,27.012178,25.302769,17.53435,12.0475235,21.033295
2061,30.42808,25.4752,29.979631,24.928438,28.691925,11.730871,19.012875,8.518657,12.840724,2.3056393,7.9282007,13.084869,8.309596,16.893824,13.38868,23.744648,24.721153,24.330215,17.270428,20.413666,15.56993,14.506037,25.44041,26.101273,15.194256,12.326481,8.951517,6.863696,10.090406,6.989447,24.91582,22.997782,11.537864,15.230334,19.942003
2062,26.040411,27.106167,25.793491,16.292805,28.721786,19.635752,19.18361,9.223767,24.826649,13.932772,13.521959,18.591564,8.539556,16.124361,23.881262,31.433626,18.633984,18.71051,11.715964,19.93261,12.593282,10.051367,25.64087,16.919794,15.405526,9.612732,21.328646,9.571312,11.631019,6.51127,24.583403,22.924122,8.159828,10.261454,19.502594
2063,32.92341,25.85014,31.846972,28.035011,30.80724,16.932722,19.173779,8.155589,18.883894,4.461047,6.1581173,15.222866,7.5898967,16.84168,17.545555,28.190857,23.206802,25.324715,15.471101,21.3816,15.423711,14.659834,25.809639,25.473742,14.458582,11.583213,14.075155,7.482094,10.004444,4.6000695,25.128607,23.476946,10.688579,15.621669,20.540972
2064,21.813988,30.689457,22.561722,5.1056743,12.568259,6.811703,19.312674,15.0375595,12.020788,7.6522093,25.999704,13.025174,13.001475,25.937048,12.840738,22.087486,31.735947,18.259645,20.183792,17.37789,9.04115,5.40336,28.71584,26.670858,29.308846,20.555664,6.8220763,12.403288,10.576908,27.909794,26.976587,25.104269,15.672209,11.833178,20.577272
2065,20.346252,29.92294,21.896053,4.163394,11.518122,3.0955527,19.625145,15.132777,6.4261613,6.379108,26.043104,12.078953,13.4322195,25.75464,9.385964,17.53413,32.203342,18.55388,22.42953,17.195007,9.972123,6.617642,28.062386,27.933361,28.12439,21.678291,3.0796423,12.025306,11.413318,28.77584,26.502974,24.752714,17.497612,11.771139,20.63757
2066,24.158981,28.002499,24.3137,11.423095,23.490515,11.871513,18.042152,10.88128,16.515633,5.586521,15.730994,13.371384,10.031,20.295519,15.405051,26.065891,27.26707,18.590923,17.118462,17.849764,11.259133,9.207544,26.510452,22.841185,23.801525,14.373388,11.665418,9.712309,10.564532,15.551997,25.285196,23.207558,12.216517,11.559144,18.897337
2067,23.105751,31.301308,25.237495,10.0658865,29.15955,6.3730707,22.173903,12.005515,9.592057,3.1616583,15.864657,13.528303,11.2651005,21.240622,13.232533,24.839664,32.115845,20.166039,23.905502,21.729664,16.65185,14.688703,29.581661,25.331596,23.754921,15.33366,7.228273,9.106275,16.596727,15.912811,28.636183,25.882315,16.314192,11.89728,21.176004
2068,30.124031,25.673925,29.37943,24.115671,29.139595,17.855253,18.706627,8.493503,20.336182,6.59624,6.6241703,16.114199,7.452862,16.840544,19.069159,28.980516,21.971313,23.165234,14.870715,20.907822,14.306188,13.374233,25.192684,23.083136,14.919809,11.196677,16.044489,8.449041,11.342035,4.978396,24.302698,22.975288,10.807841,14.168154,20.06145
2069,23.39613,29.893162,24.34841,9.635188,25.10043,10.173178,19.8221,11.753643,14.819533,5.706799,17.230919,13.814361,10.944453,21.268887,15.350516,26.300615,29.23177,18.802877,19.571579,19.25756,13.015666,10.5920105,28.174957,23.703262,24.72646,14.964933,10.605148,10.065958,13.1619,16.77112,26.940771,24.600702,13.872518,11.48624,19.960752
2070,21.158653,30.683247,22.275703,4.3174176,9.809324,4.3674593,19.605743,15.86198,8.6524725,7.3385134,27.610374,12.514399,13.663469,26.966356,10.658155,19.082184,32.800854,18.67221,21.82835,17.264423,9.0380745,5.382127,28.711197,28.28307,29.686085,22.445412,4.178219,12.747535,10.73342,30.644396,26.979004,25.220713,17.295332,12.076275,20.947723
2071,28.453297,28.220015,28.530722,18.956799,28.149174,11.7286825,19.826609,10.138095,14.443789,4.1602645,12.364317,13.895505,9.851672,19.302637,14.820439,25.732744,27.247242,22.6447,18.598063,20.35949,14.802701,13.035704,27.466904,25.886688,20.02482,13.758968,10.25834,8.656134,11.625378,11.370541,26.607962,24.456198,12.802941,14.1613655,20.556421
2072,30.543423,25.69962,29.879515,24.669754,28.762352,13.371379,18.84413,8.509269,15.21932,3.3636856,8.149005,13.639513,8.15888,16.920424,14.994775,25.494156,24.164238,23.902908,16.319798,20.385666,15.069329,13.87038,25.540028,25.2432,15.536958,11.883972,10.805707,7.184308,10.015239,6.7469625,24.922338,23.007277,10.93715,14.955111,19.836662
2073,31.891878,26.317577,31.570404,26.844488,30.537659,11.284102,20.053108,8.716113,11.798308,1.434412,7.3380737,13.299839,8.575381,17.389303,12.943663,23.752548,26.114944,25.896698,18.834812,21.587914,16.98584,16.094774,26.422398,27.907246,15.160156,12.937103,8.1152525,6.7444983,10.804259,6.774311,25.973158,23.949484,12.537512,16.177536,20.893244
2074,20.80441,31.265036,22.480036,3.5314052,10.895778,2.9976041,20.361776,16.082407,6.522428,6.7373176,27.703783,12.545494,14.200252,27.400127,9.554744,17.914154,33.95955,19.175716,23.69491,17.70217,10.033422,6.501659,29.28584,29.465036,30.046692,23.17675,2.9226778,12.885822,11.994548,31.049383,27.564428,25.843082,18.708244,12.23832,21.552805
2075,32.73327,25.516138,31.544075,27.653713,30.258106,17.738901,18.678324,8.102043,19.804073,4.824977,5.9966073,15.475112,7.5203915,16.869951,17.893936,28.35791,22.71356,24.996517,14.788462,20.872868,14.665595,13.968184,25.432281,25.055542,14.7826805,11.570526,14.955587,7.841712,9.599062,4.6191254,24.685171,23.217892,10.430192,15.444228,20.33877
2076,22.314344,30.057644,22.431036,5.8225603,18.423912,12.334542,18.10016,12.990209,19.142698,8.268809,21.753462,14.017265,11.378459,23.462774,17.093634,27.704582,29.164257,16.788929,16.911642,16.985205,8.757007,5.5581017,27.951065,22.808632,28.776785,16.59611,12.890903,11.934664,10.278418,22.001314,26.22265,24.171642,12.669578,10.71449,19.266022
2077,24.49,26.716278,24.241173,13.110826,25.829052,22.59073,17.805017,9.781603,27.716923,15.396391,12.182201,19.896498,8.562578,17.814133,25.097254,32.384678,18.378462,17.741665,11.669896,18.899248,10.252269,8.164926,24.992317,17.071354,18.242487,11.154514,24.008886,11.849974,12.703474,7.7154846,23.343777,22.840126,9.858747,10.158538,19.59041
2078,22.03101,29.788904,24.49239,11.801706,32.137115,7.2036614,22.40339,10.492938,10.03639,3.2447526,11.230021,13.971485,9.358965,18.235388,14.855626,26.151056,29.170158,19.549229,23.249748,23.0971,18.521732,17.135084,28.173023,22.23947,18.713852,12.112748,8.56273,7.5604334,18.951471,10.021209,27.441427,24.71811,15.417268,10.99194,20.443552
2079,19.433056,31.872654,23.583065,9.61192,37.98852,5.8768187,25.68148,10.566511,8.843235,3.8116097,9.325215,15.612833,8.810538,16.67499,17.527416,29.128859,29.420559,18.945034,26.16157,26.88627,22.971535,21.411379,29.872269,19.404419,15.800695,9.51063,9.506994,7.1114187,25.413984,6.157496,29.391016,26.21187,16.55112,9.722282,21.669838
2080,20.778206,29.766361,21.854359,4.2576237,12.29125,4.6103706,18.84158,14.764893,8.744044,6.5218353,25.934477,11.948687,13.3134365,25.580875,10.138739,18.8294,31.903349,17.944445,21.091991,16.429615,9.167653,5.7606325,27.833641,27.255217,29.102533,21.012762,4.4503403,11.965427,10.300312,28.432354,26.220453,24.315731,16.427315,11.488586,19.972237
2081,32.07896,25.840052,31.177603,27.033247,30.13834,14.953377,19.208523,8.263123,16.821833,3.6020505,6.9282064,14.248565,7.7461867,16.782177,16.182663,26.937683,23.88614,24.893192,16.12134,21.206732,15.64122,14.707117,25.786366,25.580593,14.651525,11.669867,12.090297,7.0061855,10.046482,5.4571614,25.183409,23.288122,10.8339615,15.435134,20.235046
2082,30.941639,26.220448,30.270538,25.015446,29.914213,14.491172,19.25226,8.523897,16.683508,3.942722,7.8430815,14.252239,8.043583,17.006243,16.249834,27.010223,24.185822,24.040745,16.359343,21.00247,15.4651375,14.312305,25.974346,25.01611,15.515951,11.637037,12.087345,7.2945747,10.626542,6.1951766,25.318033,23.353308,10.994256,14.9028845,20.10686
2083,29.148588,27.009134,29.288595,22.269611,30.316507,11.484788,20.037193,9.065144,13.197028,2.8072238,8.783704,13.655691,8.687675,17.551088,14.39263,25.287043,26.116774,23.55968,18.747364,21.328924,16.404638,15.2292795,26.584084,25.59265,16.537727,12.375866,9.593642,7.243867,12.3236885,7.661039,25.954456,23.825993,12.527,14.4931,20.369148
2084,20.932577,29.992632,22.100294,4.766818,13.735639,5.349982,19.306038,14.463438,9.636858,6.662559,24.807093,12.490759,12.889882,24.995241,11.378392,20.326109,31.325623,18.129824,20.883879,17.232155,9.842766,6.4226494,28.117321,26.555944,28.028002,20.048513,5.430093,11.786916,11.222801,26.555574,26.521238,24.66884,16.0416,11.569519,20.287725
2085,21.600018,29.92342,22.146994,5.317067,13.289738,8.522934,18.602087,14.30781,13.993028,7.869682,24.02879,13.244635,12.27462,24.960924,14.006687,23.379747,30.26366,17.709103,18.96103,17.06387,8.709359,5.2854304,28.006706,25.3302,28.576963,19.253923,8.515099,12.315867,10.614157,25.749687,26.239973,24.530722,14.836995,11.589054,20.034838
2086,21.509575,24.90812,22.216553,12.17825,21.662453,26.902788,18.35213,10.265082,30.152208,22.241846,7.5781794,25.033276,7.216163,16.971638,30.368193,34.212196,11.213245,17.75169,10.262881,21.318966,9.881322,7.716005,23.184254,14.183719,11.887454,10.464043,29.1062,14.828287,18.72153,2.2777572,20.883692,23.11379,11.634144,10.470817,21.592243
2087,19.842937,30.572853,23.473534,10.287017,35.71349,5.991126,24.256239,10.286155,8.646757,3.2356315,9.221317,14.76361,8.709372,16.781937,16.151321,27.486526,28.939457,18.912998,25.127909,25.3782,21.395426,20.073124,28.74784,20.062147,16.214619,10.166879,8.784281,7.0143404,23.234848,6.958488,28.208643,25.262377,16.161201,9.994696,20.933489
