Epoch,TrainLoss,ValLoss,ValSpearman,LR
1,86.35896469591904,104.600146021243,0.29266932152041053,0.0009972636867364526
2,67.56080911942809,115.51896389965223,0.3002072862537979,0.000989084726566536
3,66.99834209780613,103.97597860792384,0.300515058861258,0.0009755527298894293
4,65.90337694748986,103.38912967506732,0.3012220034107859,0.000956815956092479
5,65.7143749355984,105.07105024015897,0.3005747558415137,0.0009330796891903273
6,56.81317777199139,139.60691699742844,0.2157240236583602,0.0009046039886902862
7,50.383233351673155,128.21201989589593,0.2404077910233861,0.0008717008403259584
8,46.63566160316376,102.11094940312931,0.4022966849232239,0.0008347307378762498
9,45.26746954792123,132.3821519363758,0.1702852399158829,0.0007940987335200903
