epoch,train_mse,val_mse,lr
1,0.028416,0.018924,1.000000e-03
2,0.018963,0.017603,1.000000e-03
3,0.017667,0.017423,1.000000e-03
4,0.016580,0.016018,1.000000e-03
