ID,C1,C2,C3,C4,C5,C6,C7,C8,C9,C10,C11,C12,C13,C14,C15,C16,C17,C18,C19,C20,C21,C22,C23,C24,C25,C26,C27,C28,C29,C30,C31,C32,C33,C34,C35
0,22.075127,30.282837,22.356728,5.1823716,14.389458,9.005809,18.351929,14.136866,15.351898,8.109767,24.505018,13.371106,12.516586,25.027292,14.377943,24.240543,30.757622,17.462011,18.488865,16.639294,8.23683,5.3270473,28.301414,24.83805,29.765383,19.271664,9.353908,12.482214,9.678126,25.885422,26.50031,24.387789,14.396517,10.974717,19.792856
1,21.21768,30.487001,22.268799,4.407278,9.508297,3.815858,19.200747,15.991842,8.221419,7.219524,27.492651,12.31292,13.601456,26.985228,10.051248,18.482864,32.684216,18.769861,21.81812,17.016085,9.034634,5.779836,28.639746,28.205795,29.616549,22.70868,3.930475,12.887307,9.816962,30.764578,26.986538,24.901302,17.415646,11.616136,20.771925
2,29.593094,26.384243,29.807014,23.252502,29.255325,9.245645,20.316914,9.395981,9.405322,1.8641622,7.84083,13.213511,8.905625,17.855341,11.852108,22.172247,25.755833,24.884398,19.777485,20.59383,17.39292,15.983012,26.531643,27.179039,15.622895,13.135398,6.889908,8.1429825,12.340728,7.9997683,26.201328,24.166304,13.265929,15.877222,21.081888
3,31.251356,25.321234,30.76295,26.67141,29.047274,11.411034,19.923023,8.786278,12.081567,2.078864,6.2929673,13.649261,8.155423,16.378458,13.399794,23.558182,23.32086,25.613968,17.645777,20.335339,17.264498,15.642703,25.737846,26.462189,13.4105625,11.658092,8.661035,7.5297527,11.181417,5.7386847,25.53927,23.575233,11.697702,16.169163,20.803627
4,18.085722,29.4429,21.785755,8.214602,34.11723,4.483087,23.66927,10.125126,6.515109,2.2238338,7.438195,14.402299,8.266238,15.160153,15.091798,26.209677,27.93557,17.391226,24.518156,23.653217,22.621859,19.04398,27.467682,18.242807,15.323162,7.8314815,8.318538,7.5216155,25.830261,5.8313355,27.327114,24.285505,15.003041,9.887113,19.949423
5,30.72233,25.74569,30.648441,26.184141,30.52704,10.856176,20.697733,8.822388,11.2389345,2.3535757,5.840627,14.086736,8.130363,16.044535,13.741542,23.758232,23.52904,25.56074,18.555021,21.02906,18.572245,16.842089,26.093193,26.085445,12.702589,11.150968,8.802024,7.603676,12.738838,5.0541697,26.012611,23.933073,12.040159,15.991563,21.152866
6,29.412193,27.147123,29.717773,22.144365,28.719858,9.075727,20.451263,9.814304,9.710736,2.445513,9.806053,13.401589,9.462682,18.464056,12.157379,22.512794,26.24132,24.611166,19.326324,20.982967,16.486637,14.814246,27.179432,27.200209,16.782072,13.600529,6.64587,8.429916,11.827201,8.844873,26.67368,24.64424,12.901307,15.911817,21.362461
7,20.745043,30.296827,23.212196,6.614435,27.758139,4.583163,20.861704,11.844103,7.1525683,3.849619,17.121887,12.426366,11.559233,22.084665,10.892117,21.828062,32.504234,18.399384,23.234388,20.426027,14.670252,12.9519005,28.633194,25.028152,25.126081,16.288559,5.313677,9.893749,15.724064,17.026138,27.372894,24.999702,16.290806,11.135124,20.319757
8,27.232971,28.459406,28.15902,17.663464,28.135714,7.7135944,20.612562,10.574385,9.07676,3.0381544,12.8519125,13.138286,10.374865,19.873108,11.853185,22.434189,28.241213,23.022718,20.092169,21.243696,15.392311,13.724671,28.051882,26.821785,19.687529,14.775972,5.877799,8.958768,12.336121,11.421486,27.20298,25.100197,13.582739,14.942704,21.333256
9,25.793562,29.192278,27.217365,15.027252,28.545683,6.547838,20.93962,11.010342,8.006132,2.9147117,13.837571,12.783764,10.795982,20.85837,11.173472,22.057137,30.022165,22.2272,21.655458,21.279497,15.612526,14.176076,28.498028,27.028246,21.40959,15.669745,5.266733,9.234019,13.380918,13.303555,27.539555,25.324972,14.882223,14.164846,21.306704
10,19.979694,30.317934,22.76022,6.2075186,30.987282,4.722367,21.38415,11.259026,6.9680476,3.1661277,14.55546,12.659919,10.91267,20.975632,11.434857,22.834753,32.58217,17.894516,24.173525,20.832764,16.487366,14.78585,28.49836,23.959846,24.32288,14.734614,6.1689157,9.523141,18.07591,14.835838,27.444801,24.89309,16.516222,10.701596,20.088253
11,19.738586,23.880062,20.838062,9.135185,11.771903,31.002357,16.794104,11.978785,33.064137,26.872534,5.5494494,28.899715,7.9673667,19.950464,32.859497,35.02074,6.7456055,18.849056,8.707568,20.883514,5.504863,3.5413415,22.442766,15.459743,13.526805,13.767813,31.891266,21.090214,22.01788,2.7703147,18.772032,24.695375,14.788741,13.086981,24.425777
12,22.094412,30.579218,22.92101,5.7096395,14.923866,6.1806846,19.157309,14.444056,11.470396,7.088458,25.096924,12.650807,12.98345,25.406488,12.1815605,22.005487,31.838097,18.34236,20.204782,17.672184,9.349071,6.533249,28.773733,26.398088,29.066053,20.190058,6.125928,12.0056305,10.134664,26.28241,27.052055,24.862675,15.559157,11.459272,20.372105
13,29.51322,27.493164,29.928608,21.889189,28.544827,8.63461,20.660622,10.126297,8.900202,2.4939349,10.109198,13.435842,9.71754,19.184565,11.656745,21.93575,27.003426,24.966652,20.175707,21.141834,16.618881,15.116038,27.538357,27.966436,17.396912,14.469481,6.1952887,8.835654,11.970445,9.809269,27.007202,24.996666,13.653365,16.194523,21.724976
14,22.115019,30.465128,23.083878,6.212619,17.438421,6.1188884,19.27699,13.732809,11.254539,6.5117855,23.934223,12.403591,12.719602,24.607319,12.140374,22.35437,31.703564,18.267437,20.044048,18.220098,9.857354,7.356798,28.755802,25.901882,28.31712,19.226479,5.963193,11.349082,10.446143,24.150724,27.061321,24.799477,15.0700245,11.4513,20.205236
15,21.710045,28.652163,24.096111,14.386771,34.56759,8.651322,23.688305,9.296463,12.406622,5.2903824,7.2382693,15.34368,7.3907495,13.917631,18.88288,29.46554,24.34238,18.944368,21.237684,24.24578,22.127665,19.644901,27.174112,16.935987,11.778928,6.9005117,12.211122,6.5481234,22.377981,3.8739429,27.03159,23.82794,12.647621,9.827267,20.000813
16,21.05665,30.526854,22.215744,4.320688,9.593036,3.4283094,19.316294,16.01378,7.741124,7.111388,27.675478,12.180811,13.642354,26.950975,9.804983,18.195778,32.824722,18.763575,22.042013,17.191374,9.218716,5.9847193,28.678047,28.242002,29.404917,22.744444,3.5792468,12.717044,9.965495,30.741302,27.031546,24.91162,17.542591,11.530591,20.773897
17,20.901476,30.407545,22.050945,4.209918,9.422403,3.391903,19.222437,15.967026,7.7314672,7.078275,27.672016,12.109272,13.5849085,26.83344,9.766032,18.102358,32.71277,18.619127,21.943272,17.08378,9.164141,5.909133,28.548882,28.085506,29.299227,22.633242,3.5839262,12.631883,9.941899,30.682295,26.908974,24.784763,17.46696,11.42882,20.64608
18,21.20205,30.540058,22.23653,4.307844,9.215032,3.8006513,19.204412,16.08556,8.245143,7.250924,27.666044,12.334499,13.637644,27.090025,10.0559845,18.452276,32.768295,18.767431,21.868505,16.962923,8.996819,5.6867814,28.675585,28.28324,29.751644,22.809673,3.9535294,12.957309,9.827005,31.027481,27.01981,24.931526,17.491499,11.625706,20.79201
19,20.273573,30.274216,22.861557,6.246833,28.667986,4.710333,21.030474,11.67222,7.3199906,3.8497999,16.232597,12.588456,11.306797,21.61331,11.366955,22.397873,32.36035,18.05973,23.520746,20.530512,15.335482,13.602833,28.542353,24.423515,24.764109,15.633583,5.8731394,9.85162,16.79105,16.273321,27.33654,24.923594,16.404806,10.877729,20.206013
20,21.319271,30.504889,23.062988,6.2478046,23.880754,5.7482443,20.071085,12.4088745,10.011324,5.0335116,20.180586,12.421673,12.024564,22.881464,12.076025,23.031733,32.005466,17.9807,21.142843,19.520159,12.279992,10.146278,28.780832,24.808096,26.72053,16.94037,6.1061096,10.31791,13.305401,19.421917,27.271809,24.89603,15.058737,11.168137,20.082851
21,20.430414,30.294416,23.039845,6.457941,29.318033,4.6665125,21.062876,11.549812,7.073982,3.4965823,15.953286,12.486286,11.286219,21.6079,11.073831,22.254204,32.58964,18.184715,23.665085,20.586586,15.461193,13.797723,28.56664,24.606909,24.808123,15.626197,5.669797,9.701458,16.738297,16.0102,27.387865,24.94419,16.417707,10.934997,20.197973
22,21.886578,30.440712,22.931763,5.8882895,16.095325,5.463909,19.30359,14.130411,10.355818,6.5703855,24.573013,12.300018,12.899469,25.022226,11.563974,21.439245,31.91876,18.387043,20.49324,18.093735,9.788826,7.205155,28.723999,26.366577,28.411823,19.906834,5.329649,11.562083,10.384197,25.292744,27.040922,24.809391,15.581166,11.466744,20.317974
23,23.007307,29.473019,22.116661,5.6744432,17.854599,17.644432,16.585451,12.211168,26.015667,10.52346,20.795809,15.565135,10.905263,22.886122,20.76506,31.161932,27.408052,15.786899,13.50766,15.306429,6.127883,3.7571616,27.248268,20.216124,29.970795,15.628022,18.5817,12.967179,8.722414,20.737288,25.232908,23.375948,10.482956,9.981975,18.518728
24,28.10813,28.035194,28.768776,19.217674,28.275976,8.217008,20.467815,10.32637,9.311555,2.7325923,11.891788,13.09731,10.10345,19.662615,11.735629,22.323004,27.813921,23.63817,19.911179,21.007935,15.593965,14.056114,27.783916,27.217735,19.084728,14.680184,6.049102,8.816916,11.83856,10.953576,27.02963,24.950335,13.472206,15.317128,21.327345
25,28.318169,27.811182,28.942131,19.647133,27.854351,8.011636,20.399536,10.351034,8.72517,2.7095006,11.673385,13.0601845,10.082063,19.748224,11.328699,21.67238,27.677488,23.959692,20.054255,20.936838,15.608297,14.161247,27.659086,27.56814,18.816332,14.972967,5.7087717,8.934809,11.594754,11.089788,26.942719,24.919481,13.639232,15.590683,21.426352
26,21.974377,30.45248,22.913952,5.82707,15.441773,5.7020593,19.205502,14.276722,10.714164,6.75292,24.859106,12.405664,12.93898,25.202213,11.710019,21.516897,31.874075,18.37986,20.352987,17.85753,9.55105,6.8536954,28.703527,26.431595,28.683498,20.07923,5.566106,11.737033,10.154397,25.808302,27.01359,24.797583,15.557842,11.473804,20.321781
27,26.018435,27.892563,27.117088,17.957348,31.171938,9.4674015,21.256336,9.578342,12.036492,3.5991018,9.797779,14.05734,8.993953,16.749617,15.232859,26.058247,25.730358,21.65779,19.23745,21.847895,17.760067,15.650517,27.235273,22.878384,16.044802,10.759682,9.295634,7.742254,15.572156,6.912756,26.661459,24.260332,12.315591,13.141497,20.514776
28,28.957773,27.484661,29.541924,21.232075,29.085712,8.415285,20.711826,10.046137,8.641568,2.2638245,9.649257,13.307085,9.615689,19.117071,11.518796,21.935759,27.32066,24.626432,20.734118,21.065056,17.038498,15.653241,27.440424,27.714367,17.447298,14.335745,6.254987,8.744186,12.711081,9.775435,26.924534,24.868511,14.053274,15.809486,21.546492
29,25.482025,28.74509,27.109253,15.292205,29.297413,6.2588396,21.117737,10.805283,6.894855,2.6841953,12.017543,12.96572,10.392888,20.329887,10.884014,21.481045,29.743237,22.38455,22.696722,21.326414,16.873777,15.579899,28.09862,26.863087,20.171656,15.289603,5.3766556,9.260513,14.829747,12.342744,27.308357,25.126902,15.611249,14.118137,21.320713
30,21.591076,30.529436,22.382969,4.774623,11.857956,5.4078116,19.033182,15.246471,10.550373,7.387592,26.460464,12.599372,13.250956,26.204592,11.519177,20.668282,32.142754,18.291212,20.713493,17.020395,8.952247,5.7826147,28.638859,27.051615,29.690205,21.315372,5.565402,12.588961,9.843062,28.817978,26.951555,24.792742,16.28015,11.416794,20.441422
31,20.117388,24.036968,21.143406,9.239259,11.488758,27.73187,16.622257,12.062372,29.539759,23.73293,6.5437026,26.862461,8.479722,20.3716,29.615242,32.7116,9.232874,19.118052,9.997942,20.247574,5.83814,3.6223524,22.750309,17.230381,14.88431,14.323954,27.982487,20.233364,21.10301,4.424559,19.292751,24.60312,15.030145,13.664332,23.95955
32,21.21566,30.46298,22.26197,4.430781,9.675673,3.8713436,19.185137,15.930519,8.297007,7.2122254,27.407667,12.307303,13.572799,26.91298,10.098635,18.564138,32.634148,18.732893,21.754803,17.022017,9.038057,5.8016405,28.617128,28.121672,29.572872,22.614393,3.9828942,12.844121,9.813951,30.609076,26.964111,24.874855,17.342752,11.591327,20.738415
33,32.71242,25.089455,31.625633,28.953495,31.04965,14.7647915,19.876448,8.121771,16.66334,2.7832603,5.0653744,14.248237,7.4659834,15.617462,15.890892,26.47398,22.356169,25.838465,16.126915,19.990284,17.37403,16.151354,25.507662,25.464725,12.886069,10.461494,12.274128,6.9985147,10.202323,4.569142,25.360054,23.178331,10.543572,15.483136,20.409895
34,20.298742,24.194508,21.093445,9.403825,13.201344,30.17489,16.743042,11.608692,32.725887,25.810125,6.3708253,27.890148,7.95075,19.746628,32.07259,34.697117,8.285911,18.486233,8.952171,20.367205,5.7350864,3.8894691,22.70621,15.374773,14.256045,13.41854,31.327974,20.072565,20.838663,3.4869523,19.273268,24.347628,14.004898,12.646414,23.688099
35,21.428751,30.489445,22.396187,4.8399096,12.1219425,4.862174,19.169724,15.212006,9.74931,7.17449,26.377426,12.417393,13.267304,26.097971,11.107402,20.200413,32.219868,18.385519,21.031963,17.323748,9.239433,6.1811337,28.640522,27.130795,29.2393,21.354263,4.989932,12.37155,10.098953,28.52311,26.959831,24.79806,16.489614,11.40145,20.478588
36,21.340328,30.452871,22.30521,4.6033816,10.820223,4.4440117,19.117615,15.56315,9.123376,7.193179,26.883636,12.368795,13.411558,26.52687,10.615528,19.405396,32.420815,18.525986,21.329771,17.07158,9.054029,5.8850236,28.5994,27.622822,29.51432,21.98121,4.551873,12.649995,9.880972,29.627184,26.935886,24.81047,16.87149,11.506427,20.576366
37,21.187832,30.505583,22.338394,4.5981336,10.866663,3.7831714,19.330545,15.651176,8.197518,7.039995,27.064579,12.203758,13.502075,26.57532,10.147221,18.819351,32.630207,18.687754,21.76825,17.386868,9.355251,6.2597375,28.687769,27.863367,29.184542,22.201479,3.8902647,12.511576,10.071798,29.69215,27.035536,24.895802,17.182339,11.513841,20.698849
38,20.812996,30.292988,23.019089,6.4560075,27.276318,5.418711,20.511284,11.718082,8.823191,4.2448997,17.57301,12.46848,11.517231,21.918375,11.7979355,22.96808,32.050186,17.951513,22.195995,20.158304,13.938469,12.145809,28.58609,24.3379,25.465939,15.869277,6.1333656,9.845638,15.23063,16.898617,27.220554,24.839195,15.540654,10.9756155,20.032438
39,23.5428,29.462969,25.72253,12.189758,30.174238,5.407207,21.463903,11.038496,6.5038905,2.7507699,12.773391,12.846476,10.632201,20.56716,11.030732,21.972616,30.89578,21.008205,23.645798,21.533964,17.186104,15.809033,28.43962,25.997503,21.382914,15.144353,5.369569,9.339338,16.49319,13.017963,27.548367,25.233608,16.25102,13.04598,21.082325
40,21.142574,30.364727,23.291267,6.892772,27.992353,5.786341,20.623587,11.600874,9.181675,4.297989,17.06943,12.657888,11.428333,21.784277,12.158392,23.457697,31.962067,18.126547,22.178106,20.33194,14.174458,12.447828,28.69851,24.315733,25.366991,15.648907,6.4998436,9.905108,15.4086075,16.3868,27.34908,24.960186,15.468217,11.157577,20.149134
41,22.844465,25.262918,23.47377,12.389708,16.158642,19.078321,17.429222,11.407316,21.301422,15.309596,10.153695,20.85506,9.241197,19.528654,22.27677,28.001883,16.382595,19.941788,13.016135,19.54785,8.912083,6.4970207,24.368942,20.072659,16.465296,13.852619,18.792814,15.393996,16.480644,7.6729455,22.076094,24.093878,13.200173,13.768572,22.109781
42,22.323597,30.66922,23.253223,6.434129,20.568548,7.6815314,19.360481,12.973436,13.30279,6.5388246,22.522276,12.805336,12.32548,23.783424,13.568029,24.404203,31.533516,17.871304,19.438787,18.549595,10.246009,7.9270506,28.885601,24.771318,28.20747,17.78627,7.7840586,10.988638,11.13261,21.805645,27.17422,24.817719,14.244191,11.159438,19.975935
43,20.913202,29.632696,21.397839,4.1165814,9.6199665,5.765461,18.13665,15.17874,11.086344,7.4943123,26.293077,12.454105,12.889362,25.841688,11.507588,20.161604,31.20296,17.511192,19.832209,15.777477,8.073789,4.661598,27.681278,26.326538,29.66829,21.015656,6.0883026,12.698079,9.271704,29.286621,26.031567,23.96829,15.82928,11.083956,19.716343
44,23.091171,30.135798,23.872284,7.928543,20.438213,7.619927,19.11135,12.700935,12.7647,6.2899446,22.007524,12.646208,12.209839,23.534006,12.998033,23.601835,30.807898,18.52397,18.86337,18.587017,9.937682,7.805885,28.60803,25.16535,27.38543,17.853071,7.1081543,10.788947,10.017398,21.069967,26.924982,24.692492,13.797345,11.722874,20.061934
45,24.107866,29.544662,25.720932,11.933821,27.167974,6.1962156,20.551846,11.385632,8.565757,3.4937341,15.843434,12.510105,11.172605,21.504242,11.3085165,22.254025,30.67816,20.685266,21.443933,20.719944,14.376083,12.878733,28.51708,26.195564,23.199238,16.119,5.396596,9.473867,13.284875,15.188132,27.32492,25.09549,14.988783,13.036953,20.805067
46,23.000843,29.796976,22.312847,5.633283,17.42791,16.249928,16.988092,12.600576,24.298038,10.134766,21.531034,15.252858,11.25472,23.412785,19.744835,30.133665,28.190693,16.194132,14.471712,15.644818,6.5276227,4.0820513,27.606432,21.16124,30.125536,16.376099,17.064163,12.95802,8.922103,21.729376,25.613594,23.700998,11.2266035,10.230831,18.854517
47,21.787306,30.498127,22.72116,5.4899282,14.855456,5.640315,19.179913,14.438776,10.767333,6.864313,25.19126,12.414923,12.987466,25.333519,11.746994,21.485695,31.962233,18.243505,20.433516,17.733387,9.471292,6.6912584,28.697783,26.42078,28.871677,20.220379,5.6237097,11.827557,10.255609,26.290258,26.994917,24.772774,15.703675,11.365288,20.283947
48,28.991375,27.370409,29.565987,21.48652,29.331354,8.5589075,20.745798,9.952654,8.769646,2.227567,9.25296,13.384135,9.485037,18.844925,11.692699,22.105925,27.096573,24.637556,20.710585,21.08106,17.288042,15.8669615,27.332642,27.54498,17.064754,14.038208,6.475528,8.6501,12.964204,9.346717,26.857601,24.793268,13.99737,15.76269,21.50307
49,24.376127,29.396238,26.32444,13.120883,29.345697,5.588794,21.292326,11.167316,6.601938,2.841593,13.351733,12.793183,10.796838,21.004667,10.721618,21.536287,30.87051,21.588099,23.297504,21.393736,16.601658,15.316697,28.499636,26.73816,21.606728,15.804676,5.0801153,9.442464,15.277338,13.687177,27.575638,25.318043,16.127308,13.472216,21.265898
50,22.858118,29.476942,22.595036,6.513175,19.870535,13.603414,17.409777,11.9798565,20.70947,8.615657,21.049,14.087357,11.24611,22.686954,17.500738,28.094215,28.694141,16.464546,15.352155,16.46532,7.622649,5.4801087,27.525747,21.719463,28.724033,15.987598,13.946972,11.616032,8.968967,20.167295,25.68152,23.554914,11.34842,10.347952,18.721199
51,20.040668,30.121002,22.7692,6.2898135,30.573647,4.6894116,21.143574,11.235075,6.8677154,3.1786864,14.777919,12.50471,10.978036,21.072618,11.142308,22.439182,32.48392,17.9198,23.962671,20.618544,16.116024,14.497533,28.349186,24.132444,24.379967,14.966663,5.940054,9.516845,17.57096,15.021337,27.260323,24.772856,16.463036,10.731732,20.007835
52,25.431252,28.892136,26.88107,15.062747,29.494974,6.9036293,20.91774,10.608721,8.475801,2.7501264,12.648509,12.879714,10.382291,19.952085,11.754876,22.762442,29.40021,21.822126,21.437151,21.301823,16.176092,14.65263,28.161695,26.089783,20.554749,14.5499735,5.9211035,8.911737,14.264274,11.806392,27.280289,25.029581,14.533503,13.890848,20.986185
53,22.731026,30.13925,23.086979,6.7356477,18.952549,9.563143,18.530277,12.8549385,15.866874,7.2812467,22.593477,13.044494,12.046983,23.717514,14.656644,25.300835,30.45981,17.55685,17.869198,17.53231,8.9548235,6.6121845,28.341183,24.03287,28.533375,17.630033,9.530803,11.238722,9.693691,22.213133,26.57431,24.283367,13.293036,10.930702,19.512264
54,22.241108,30.391737,23.971191,7.6963906,23.627169,5.455118,20.199553,12.508202,9.089891,5.0812693,20.084997,12.454596,12.159872,23.155485,11.496234,22.158827,31.805634,19.001715,21.284117,19.950106,12.28038,10.416584,28.923836,25.744167,26.111105,17.644018,5.292083,10.447868,12.652103,19.375633,27.407537,25.165852,15.296542,11.874771,20.590036
55,27.354422,28.513525,28.297012,17.494205,26.654459,7.256056,20.52206,10.977924,8.295536,3.4613721,13.83125,13.160772,10.710949,20.59166,11.271785,21.417753,28.409853,23.34611,20.26942,21.206604,14.80825,13.222804,28.17568,27.476713,20.040085,15.833424,5.2127028,9.405118,11.676523,12.662721,27.255047,25.273087,13.959903,15.216851,21.638838
56,21.026186,30.041014,22.55803,5.472453,16.121655,3.674475,19.489086,14.146179,7.4887233,5.772791,24.028967,11.819084,12.870481,24.85873,9.904974,19.283571,32.16829,18.503803,21.556093,18.316933,10.478445,7.980982,28.398643,26.782894,27.546602,20.172077,3.594013,11.325709,10.963237,25.157164,26.842194,24.647923,16.292109,11.459772,20.33635
57,20.968706,30.041006,22.251152,4.7360435,10.553387,2.8223767,19.198267,15.571108,6.5513587,6.516362,26.7597,11.773897,13.465865,26.510324,8.963363,17.311987,32.57396,18.872908,22.038069,17.308422,9.365593,6.425868,28.348774,28.250456,28.704647,22.490908,2.6914842,12.364072,9.703722,29.690998,26.768345,24.672947,17.36651,11.663136,20.634893
58,21.336384,30.374031,22.370937,4.681885,10.6555195,4.046105,19.131783,15.615114,8.4410925,7.014232,26.875675,12.238703,13.4651985,26.639496,10.134358,18.819948,32.526794,18.698782,21.555983,17.109262,9.079341,5.9723954,28.564524,27.921686,29.426266,22.250854,4.033132,12.654198,9.777884,29.79696,26.917158,24.814098,17.062302,11.613982,20.642435
59,20.952307,30.038237,22.774872,7.2818117,29.700304,8.589454,20.56784,10.733236,13.402483,5.2975516,15.628893,13.540121,10.381473,19.698166,15.501715,27.00908,29.81845,16.97179,20.006493,20.477598,14.453211,12.414769,28.177368,20.991875,23.625872,12.731468,10.129242,9.136645,15.978462,13.276644,26.924715,24.290186,13.237023,10.043962,19.387611
60,21.613451,28.700962,24.291996,12.481498,33.41243,5.6934147,22.69172,9.9457855,7.0133367,2.1114233,7.608751,13.723615,8.617638,16.610641,13.657483,24.749416,28.236446,19.745766,24.050858,22.654716,21.283201,19.010235,27.399227,21.581913,16.180984,10.234192,7.6956253,7.870783,21.760153,7.3645883,27.133123,24.357662,15.344367,11.608214,20.340326
61,20.832275,30.08725,23.297272,7.111274,29.05499,4.854568,20.920656,11.472267,7.276052,3.6168303,15.857056,12.429372,11.243367,21.565102,11.121887,22.272184,32.224167,18.425482,23.345276,20.563416,15.253894,13.7498,28.47284,24.693624,24.552408,15.70712,5.629534,9.6970625,16.229025,15.902496,27.275606,24.874535,16.238394,11.149139,20.21431
62,21.249693,30.53883,22.275494,4.394518,9.605044,3.9255059,19.203156,15.975126,8.411015,7.2328873,27.533365,12.336847,13.598969,26.975292,10.158958,18.642836,32.71644,18.73147,21.763365,17.009892,9.02059,5.743653,28.675058,28.158945,29.692438,22.64425,4.0574493,12.868727,9.818987,30.72777,27.017847,24.915554,17.353565,11.595481,20.754107
63,18.54319,30.093538,22.155552,7.9188476,34.237514,4.6432676,23.749866,10.430784,6.9506907,2.6607032,8.640322,14.375507,8.75294,16.203478,15.124553,26.555164,28.896097,17.60968,24.75661,23.782133,22.070843,18.81173,28.110428,19.038996,16.814411,8.879167,8.252449,7.953333,25.186844,7.1659575,27.798697,24.771334,15.388845,10.102513,20.271748
64,21.592289,30.388632,23.426785,6.958593,25.119085,5.7709427,20.20472,12.110147,9.662436,4.8298655,19.213936,12.457642,11.87116,22.575346,11.975636,23.004671,31.831652,18.300348,21.309801,19.889194,12.730576,10.839851,28.771036,24.838837,26.085842,16.685503,6.00718,10.152208,13.594272,18.319584,27.287542,24.955814,15.103266,11.359019,20.200695
65,21.748825,30.503914,22.558002,5.1491823,13.433467,5.8100533,19.04964,14.798872,11.067855,7.2328563,25.709986,12.596322,13.084884,25.73322,11.883527,21.396809,31.938292,18.211332,20.412502,17.306963,9.131301,6.1523724,28.647032,26.599548,29.357876,20.663609,5.889827,12.265547,10.040361,27.460922,26.939648,24.763645,15.885019,11.369414,20.334528
66,21.476389,30.441496,22.328373,4.693786,11.1061,4.966266,19.04047,15.447023,9.861695,7.3662405,26.663,12.526088,13.3245535,26.40502,11.089217,19.985516,32.196377,18.432276,20.98151,16.962284,8.942143,5.7563624,28.577974,27.36624,29.62923,21.710543,5.103882,12.71805,9.772192,29.374485,26.90814,24.788315,16.579987,11.495556,20.528872
67,21.14672,30.345993,22.287151,4.5770426,10.442733,3.629238,19.212809,15.692589,7.882271,6.967932,26.997665,12.135223,13.501978,26.657093,9.859228,18.418404,32.582314,18.729645,21.803736,17.220793,9.223352,6.1421084,28.55174,28.006117,29.206253,22.387384,3.6592486,12.604051,9.918024,29.928633,26.912025,24.811255,17.271132,11.577195,20.676289
68,19.043869,30.042994,21.836159,6.377497,31.012194,5.7451153,21.908659,10.792145,9.3963585,4.051956,13.061743,13.512857,9.832971,18.523275,14.574221,25.9857,29.870453,16.834438,22.669058,21.771265,17.654331,15.198283,28.074015,20.222776,21.129879,11.543587,8.376865,8.73423,20.193947,11.632826,27.195284,24.39861,14.723782,9.83673,19.649328
69,21.053278,30.300987,23.268608,6.8116684,27.482376,5.3758316,20.58226,11.7121525,8.597985,4.2171035,17.452726,12.486007,11.539379,21.982388,11.660686,22.809893,32.080853,18.206696,22.307735,20.293041,14.023217,12.323651,28.648602,24.576273,25.351303,16.016218,5.9747467,9.863303,15.137365,16.820648,27.288918,24.926216,15.628847,11.131032,20.163406
70,29.192066,27.44884,29.53983,21.470428,28.79752,9.194722,20.44021,9.910402,10.152381,2.5742831,10.36488,13.371107,9.611885,18.770502,12.320112,22.878757,26.639109,24.320467,19.321318,20.981129,16.185009,14.564358,27.3786,27.090044,17.484203,13.796857,6.8102703,8.471529,11.785064,9.317899,26.780224,24.727425,12.949304,15.65411,21.314081
71,21.852442,30.512114,23.020134,5.7406087,14.518134,4.619699,19.469177,14.716547,9.036158,6.708806,25.236193,12.300525,13.194393,25.734903,10.800011,20.220556,32.274025,18.856539,21.255371,18.09163,9.805326,7.171372,28.837542,27.27263,28.578442,21.003923,4.436369,12.042649,10.329094,26.82306,27.169678,25.019629,16.39809,11.741056,20.70817
72,21.085194,30.445547,22.871948,5.917684,22.456402,5.131971,20.02183,12.748198,9.302655,5.1114087,20.9348,12.27453,12.2107725,23.210432,11.591141,22.24758,32.06242,18.021074,21.298153,19.376324,12.025286,9.76822,28.725851,25.125488,26.805044,17.486824,5.4565544,10.473426,13.0435095,20.428995,27.209953,24.868816,15.315426,11.192745,20.140411
73,24.536926,24.967363,23.607342,13.333075,24.2714,30.516996,16.294945,9.070417,35.07068,21.371216,8.5211,24.224083,7.013444,17.543098,30.374693,35.415627,13.956053,17.155334,8.303988,17.82824,6.8741474,6.4459305,23.120283,13.925036,16.783743,10.933291,32.530834,14.589637,13.18886,4.638578,20.89198,22.107641,8.882514,9.382888,19.947914
74,27.160892,28.276545,28.06091,17.998177,29.133791,8.195039,20.685822,10.246265,9.79832,2.833718,11.921475,13.2414055,10.034128,19.11794,12.483226,23.294933,27.788523,22.79487,19.878756,21.25158,15.971352,14.177266,27.827835,26.160936,18.99964,13.77712,6.591585,8.595409,13.002949,10.227668,27.06048,24.887262,13.269863,14.657252,21.090767
75,21.165443,30.65102,22.223614,4.144518,8.82406,3.6262212,19.262598,16.260902,8.06371,7.25378,27.993658,12.326878,13.7394285,27.30429,9.932844,18.286293,32.986897,18.816086,22.064941,16.96397,8.982437,5.6197925,28.764511,28.49748,29.949354,23.066456,3.8016374,13.044692,9.861846,31.489729,27.100946,25.007975,17.701637,11.641967,20.863674
76,21.664774,30.424408,22.611057,5.2534137,13.421573,5.1899567,19.136665,14.823603,10.081982,6.9576077,25.703312,12.389801,13.132035,25.757738,11.265165,20.643408,32.075325,18.39772,20.743336,17.483404,9.304014,6.4080825,28.62471,26.89652,29.05858,20.881807,5.1655283,12.139606,10.045895,27.45622,26.942598,24.771101,16.116114,11.458264,20.402609
77,21.347916,30.515568,22.459457,4.868401,12.047544,4.2025642,19.311966,15.302067,8.778258,6.9117813,26.604856,12.207602,13.368975,26.213886,10.489449,19.45886,32.502266,18.577211,21.430162,17.529167,9.420942,6.415157,28.70321,27.495363,29.051352,21.651377,4.253273,12.237578,10.097355,28.708082,27.041481,24.862156,16.766869,11.461811,20.574554
78,25.27971,25.831434,24.176369,13.848406,25.689562,28.913292,16.753283,8.896206,34.323845,19.828743,10.155135,23.002144,7.2658863,17.385012,29.514894,35.25542,15.860195,17.130957,8.603462,17.900377,7.477921,6.829885,23.984169,14.178921,17.48268,10.464032,31.127586,13.290692,11.949117,5.470169,22.008701,22.220106,7.917405,9.243252,19.536816
79,23.876276,28.358091,25.95221,14.687368,31.737747,6.3256836,21.794306,10.131197,7.0607734,2.2298665,8.941579,13.459229,9.278929,18.008451,12.328468,23.07595,28.548565,21.273462,23.25309,21.880568,19.37189,17.591566,27.458872,24.167107,17.446049,12.358979,6.844124,8.412078,18.45087,8.958424,27.003143,24.557392,15.33294,12.974199,20.752201
80,20.623095,30.728745,22.843174,6.0312605,29.150244,6.52908,20.854351,11.446173,10.505288,4.5486293,16.860058,13.01207,11.216858,21.333326,13.345668,24.937069,32.040787,17.418488,22.052141,20.465237,14.600686,12.655961,28.835356,23.217161,25.46976,14.685272,7.8520575,9.749571,16.41658,15.687004,27.507357,24.957054,15.106093,10.563768,19.931953
81,30.131786,25.661144,30.122498,25.092438,30.13134,10.222785,20.344278,8.836111,10.3932295,1.696532,5.8262043,13.476272,8.200262,16.536184,12.731892,22.9848,24.323647,25.18641,19.210644,20.544632,18.341185,16.809177,25.945211,26.426529,13.64545,11.705754,8.010919,7.6596603,12.805136,5.9237595,25.819016,23.752186,12.663224,15.856397,20.864586
82,21.478832,30.505203,22.603004,5.1245537,12.8981695,4.495899,19.369656,15.098154,9.115727,7.000824,26.039389,12.3302765,13.277502,25.992092,10.842863,19.974247,32.27976,18.613728,21.304329,17.723894,9.5742235,6.6965384,28.735023,27.261452,28.842293,21.335367,4.5418596,12.23851,10.2995825,27.99433,27.061445,24.910051,16.621145,11.51559,20.624542
83,20.34532,29.822285,22.693176,11.041013,34.362885,11.402767,23.672394,9.605162,16.920887,8.566621,9.34744,16.946579,7.544827,14.555567,22.23915,32.437004,24.050598,17.009571,19.842402,24.362217,20.369268,17.683449,27.71944,14.595404,13.7067,6.693416,16.161915,7.3963685,22.799847,4.681826,27.202291,24.064993,11.972158,8.336892,19.866446
84,33.267067,24.585268,31.72791,29.520924,31.067064,17.429996,19.152256,7.7618904,19.902216,3.558932,4.7707376,14.805115,7.0905733,15.286302,17.396025,27.881487,21.305098,25.54895,14.287273,19.209246,16.152756,15.066796,24.931334,24.622856,13.166475,9.982963,14.871489,7.041052,8.740677,4.09177,24.715862,22.664062,9.371516,15.046859,19.957504
85,21.29584,30.367136,22.26966,4.570631,10.302988,4.266007,19.076075,15.677416,8.81646,7.205014,26.99098,12.343014,13.443061,26.647905,10.393613,19.02275,32.399586,18.599052,21.411196,16.971529,8.977147,5.791799,28.528063,27.792906,29.513638,22.215534,4.347047,12.748629,9.752389,29.989399,26.873817,24.78103,17.002176,11.551523,20.609776
86,22.499355,30.078098,22.413113,5.4259515,15.752953,11.721839,17.821156,13.508982,18.591774,8.868029,23.383404,14.085983,12.050095,24.411385,16.297293,26.334003,29.822735,17.014992,16.959106,16.263695,7.560994,4.866524,28.026684,23.515999,29.901342,18.20246,12.1932,12.641611,9.258824,24.239336,26.16039,24.126863,13.13807,10.732993,19.447546
87,28.266497,27.870373,28.955425,19.781227,28.595467,8.176038,20.62091,10.244804,8.965853,2.6507933,11.157493,13.234138,9.946809,19.360538,11.746537,22.221947,27.544384,23.912924,20.176218,21.14886,16.163603,14.602645,27.68297,27.246336,18.362312,14.428607,6.084113,8.797644,12.327814,10.361272,27.016605,24.948368,13.617042,15.470559,21.432158
88,22.40019,29.995237,24.249931,8.504316,24.237621,5.234562,20.191587,12.228321,8.273466,4.809036,19.09868,12.415302,11.960145,22.757118,11.049214,21.487688,31.370705,19.365961,21.353333,20.199697,12.606319,10.944754,28.680294,25.834854,25.129517,17.462217,4.896758,10.24068,12.751739,18.276863,27.2075,25.073769,15.332709,12.107592,20.655937
89,32.014694,25.230759,31.193298,28.092274,31.321367,14.408765,20.0694,8.191759,16.278679,2.94528,4.950723,14.387646,7.472395,15.507447,15.993181,26.504158,22.43912,25.469305,16.540716,20.17866,17.727724,16.456453,25.545076,25.019073,12.74825,10.281267,12.304695,7.068979,11.136982,4.4262934,25.390488,23.207817,10.807319,15.157586,20.412832
90,28.972212,27.691711,29.47895,20.752092,27.82945,8.28076,20.506035,10.316101,8.785308,2.7689328,11.295628,13.320648,9.99915,19.511593,11.516122,21.70129,27.209427,24.498642,19.850073,21.103746,15.839732,14.26078,27.656065,27.784813,18.126675,14.792969,5.830818,8.95345,11.492232,10.516785,27.00999,25.022902,13.439336,16.006908,21.657022
91,25.36862,29.02053,27.083157,14.814501,29.144804,6.0185266,21.20875,11.008751,6.6721807,2.78672,12.661019,12.954361,10.616963,20.744867,10.699633,21.30276,30.205235,22.35888,22.942871,21.396393,16.70613,15.429561,28.32446,27.119186,20.71171,15.727191,5.147688,9.395054,14.737183,13.017086,27.483004,25.29447,15.845109,14.060416,21.444271
92,22.809631,30.280941,22.906532,6.2515545,18.420942,11.256186,18.248398,12.957893,18.119501,8.156119,22.714075,13.700858,11.964986,23.858452,16.069689,26.686398,30.149519,17.20204,17.181845,17.095758,8.357084,5.9247622,28.332565,23.427753,29.23741,17.49078,11.529601,11.7901125,9.646917,22.505947,26.48742,24.271505,12.938059,10.725066,19.438578
93,29.979622,25.782831,30.042435,24.950598,30.554087,10.488043,20.497156,8.834,10.84335,1.7424223,5.493142,13.674235,8.118419,16.351768,13.19388,23.5657,24.303795,25.056171,19.337374,20.681114,18.667921,17.06205,25.993757,26.104727,13.5204115,11.379382,8.516087,7.6323967,13.498924,5.5718474,25.866045,23.779524,12.753277,15.656372,20.855291
94,20.22984,30.19911,22.628315,5.7749276,25.352564,4.2313375,20.606384,12.295025,7.215774,4.3022275,18.444532,12.315559,11.756892,22.383106,10.89684,21.479818,32.28614,18.023832,22.912355,19.99447,13.982454,11.981936,28.47364,24.898369,25.431448,16.712536,5.098832,10.135565,15.314475,18.464657,27.157276,24.813702,16.276987,10.9311075,20.18125
95,20.941198,30.716164,22.029743,3.7461047,7.951864,3.2671459,19.264662,16.523458,7.7086086,7.2072697,28.557444,12.235128,13.857005,27.56635,9.651123,17.863335,33.269577,18.757563,22.314245,16.843079,8.8963585,5.4196725,28.783876,28.736517,30.204754,23.4139,3.5273402,13.116216,9.88467,32.25989,27.116453,25.010582,17.998402,11.575253,20.858074
96,33.343033,24.821281,31.974445,30.039368,31.557789,15.992969,19.758823,7.8278337,18.259968,3.1114857,4.595231,14.429929,7.170088,15.268822,16.712914,27.332708,21.755161,25.985498,15.394631,19.791578,17.295933,16.263979,25.29533,25.10543,12.48199,10.045386,13.5158825,6.783438,9.529299,4.091814,25.179117,22.942423,10.010416,15.290235,20.234764
97,23.20965,29.151125,22.076931,6.0005326,18.32786,19.230433,16.218094,11.825346,27.909971,10.9931965,19.956408,16.015085,10.527186,22.31676,21.935123,32.29124,26.516586,15.508896,12.484042,15.003171,5.7839947,3.4471993,26.905449,19.29482,29.688503,14.828796,20.288452,12.998365,8.5325575,19.604357,24.879162,23.087309,9.693147,9.80439,18.246796
98,20.253826,24.259462,21.064568,9.001083,11.783588,28.014902,16.478186,11.944176,30.392754,23.59496,6.8980837,26.632193,8.417355,20.33587,29.924988,33.264187,9.716581,18.747639,9.791332,19.875957,5.677316,3.4711134,22.892248,16.83906,15.577659,14.072252,28.542826,20.036211,20.613647,4.8834867,19.485893,24.465199,14.566298,13.400391,23.599804
99,20.995447,30.473248,22.067173,4.092376,8.740843,3.528209,19.156828,16.171324,7.924349,7.179924,27.905544,12.2165785,13.664866,27.13138,9.806882,18.093416,32.823765,18.683323,21.966578,16.882061,8.948061,5.5994487,28.589565,28.322086,29.72035,22.936066,3.7087934,12.903905,9.82531,31.308836,26.93592,24.844868,17.61284,11.531159,20.718449
100,19.935326,30.56451,22.791084,6.132737,31.385248,4.716213,21.642527,11.292391,7.0819006,3.1549342,14.482865,12.79402,10.897676,20.89129,11.73246,23.264784,32.686256,17.887365,24.323088,21.127201,16.809229,15.008466,28.700203,23.787958,24.252596,14.51091,6.311061,9.485222,18.540285,14.609677,27.66264,25.050648,16.515167,10.68624,20.192865
101,21.665073,30.426485,23.340889,6.752847,24.015846,5.837371,20.034184,12.330809,9.973391,5.0069833,20.036913,12.410902,12.012793,22.887423,11.977694,22.925945,31.88192,18.230553,21.01245,19.564386,12.200808,10.165957,28.77932,24.991606,26.59824,17.018408,5.9945602,10.304376,12.946569,19.252106,27.273085,24.9223,14.95494,11.367161,20.156963
102,23.629911,29.61224,25.747044,11.978723,29.60838,5.339731,21.371513,11.223675,6.625482,2.8743021,13.620289,12.717922,10.85037,21.012266,10.872992,21.840857,31.191517,21.00329,23.510168,21.422308,16.662064,15.336346,28.574986,26.308357,22.027252,15.647037,5.147916,9.435844,15.852842,13.876695,27.610905,25.300655,16.26837,13.038036,21.109465
103,21.765526,30.467815,22.95509,6.004007,18.416786,5.774287,19.455942,13.557333,10.69047,6.1771255,23.351477,12.341981,12.626137,24.315998,11.949054,22.238678,31.822104,18.167067,20.395979,18.475397,10.362269,7.885989,28.739632,25.721395,27.974058,18.87222,5.7570877,11.143781,11.107679,23.422693,27.084288,24.803684,15.192008,11.342697,20.178528
104,20.913872,30.362228,22.109818,4.2564692,9.151262,3.1181135,19.236233,16.056065,7.2529078,6.9915657,27.673695,12.052309,13.638993,26.978552,9.440619,17.67995,32.79039,18.780512,22.138275,17.094929,9.167592,5.9489856,28.538477,28.355772,29.287357,22.901709,3.2299552,12.716447,9.888045,30.926487,26.906288,24.814558,17.668879,11.543747,20.734074
105,21.383928,30.414448,22.3656,4.733321,11.163224,4.48634,19.136833,15.47064,9.130878,7.191577,26.677685,12.376798,13.37548,26.425783,10.659441,19.485126,32.32013,18.557789,21.27705,17.151278,9.111898,6.00482,28.586472,27.55432,29.378744,21.875408,4.5623665,12.610401,9.874164,29.3455,26.925344,24.808867,16.795288,11.524071,20.589283
106,21.893728,30.113344,22.466782,5.604764,15.2549,7.3050704,18.620806,13.932625,13.073507,7.254582,24.420025,12.688096,12.563446,24.699406,12.999225,22.916351,31.023722,17.656445,19.126795,17.133595,8.905425,6.0951467,28.253939,25.23982,28.874884,19.212574,7.3769655,11.746471,9.849356,25.254637,26.528849,24.32219,14.658718,11.04285,19.76332
107,21.201136,30.558329,23.462772,6.9816046,28.835672,5.64579,20.89167,11.582453,8.837003,4.050417,16.717955,12.692323,11.427697,21.80378,12.045002,23.489258,32.316513,18.297049,22.664915,20.58459,14.674266,12.98073,28.876776,24.516205,25.351229,15.624349,6.4017763,9.860406,15.865642,16.161787,27.567667,25.133186,15.73861,11.212049,20.288988
108,21.515856,30.334032,22.328468,4.76245,11.102766,5.034253,18.918163,15.36841,9.883174,7.254227,26.52169,12.476925,13.283749,26.357817,10.987475,19.903622,32.1372,18.410175,20.864983,16.847618,8.823408,5.6457195,28.476984,27.352392,29.63837,21.665083,5.084857,12.677339,9.646758,29.247116,26.810799,24.702822,16.489395,11.516175,20.446575
109,20.17623,24.134523,21.047527,9.342365,12.823153,30.316301,16.780909,11.709745,32.72408,26.085356,6.2211413,28.147533,7.975906,19.826778,32.22538,34.723072,7.93554,18.603954,8.93182,20.506327,5.698825,3.804219,22.665245,15.460551,14.066484,13.526679,31.402689,20.33368,21.146278,3.338296,19.174572,24.46176,14.224343,12.787536,23.900944
110,19.760035,23.887045,20.776497,8.952994,11.348303,31.131874,16.608553,12.027716,33.393814,26.578722,5.5910482,28.787626,8.010245,20.036026,32.892994,35.218697,6.8648043,18.791645,8.5248165,20.611696,5.2741275,3.2295768,22.456152,15.482568,14.005694,13.7470875,31.980532,21.224522,21.811068,3.046817,18.766682,24.682716,14.67491,13.177692,24.346365
111,21.852194,30.07055,24.09488,8.338949,27.541409,4.9152327,20.801128,11.752237,7.2935395,3.855793,16.794628,12.418633,11.511665,22.0492,10.871707,21.769573,31.965942,19.246132,22.825533,20.652605,14.549435,13.067108,28.651365,25.538687,24.488209,16.514769,5.081727,9.843329,14.876461,16.605991,27.383842,25.085659,16.048147,11.797905,20.579361
112,18.69781,29.736883,22.20374,8.815952,34.25135,5.355144,23.816893,10.227196,7.943753,2.9187887,7.727491,14.670116,8.304287,15.372872,16.07457,27.434294,27.793787,17.609911,24.268744,23.928076,22.516342,19.187647,27.780355,18.114897,15.420613,8.008728,9.17117,7.6447043,25.63043,6.0453987,27.542418,24.491247,14.970909,9.82401,20.126976
113,22.625147,30.122572,24.458824,9.081793,27.117636,6.099285,20.496908,11.622852,9.255126,4.110896,17.130917,12.574342,11.460273,21.944098,11.840781,23.006624,31.490723,19.285244,21.627352,20.437904,13.841318,12.229738,28.738632,25.278824,24.784256,16.150328,6.017603,9.790028,14.003299,16.342113,27.391718,25.0851,15.166088,12.017113,20.475899
114,21.970058,30.558952,22.817883,5.5904117,15.022193,6.0575542,19.1585,14.405701,11.347909,7.023933,25.085932,12.576886,12.965678,25.34055,12.117817,21.955141,31.870605,18.24859,20.23787,17.6782,9.392316,6.5884924,28.749119,26.328367,29.038305,20.114635,6.0457706,11.94164,10.198514,26.21456,27.035011,24.822565,15.554189,11.403216,20.313747
115,28.940956,27.661264,29.36869,20.71876,27.71805,8.563984,20.386753,10.238728,9.433278,2.8763046,11.606987,13.330995,9.977966,19.264236,11.893908,22.141565,26.885147,24.251642,19.21248,21.059547,15.500914,13.777216,27.595718,27.378368,18.078087,14.434519,6.079012,8.783628,11.20141,10.22781,26.920086,24.918726,12.905273,15.85779,21.498146
116,22.348923,29.912672,24.635578,9.631996,29.179459,4.9617195,21.146349,11.418367,6.8434806,3.143481,15.089329,12.443106,11.148358,21.469835,10.793554,21.88935,31.876612,19.822037,23.39447,21.017681,15.788721,14.409718,28.603405,25.761164,23.501717,15.917967,5.1029787,9.515289,15.675205,15.208143,27.498468,25.135223,16.258139,12.154691,20.70138
117,21.844633,30.44277,22.84737,5.6738324,14.873559,5.2568216,19.24407,14.456945,10.081207,6.6872025,25.133759,12.308545,13.028207,25.398138,11.305924,20.939049,32.049385,18.465927,20.64942,17.838398,9.572007,6.8514967,28.701529,26.719301,28.706396,20.420952,5.1238527,11.810366,10.148979,26.31984,27.025927,24.816183,15.841633,11.515448,20.385948
118,22.052261,30.504921,22.821987,5.7673874,15.989837,6.6308436,19.053238,14.042784,12.187014,6.999709,24.579433,12.62473,12.7779455,24.916384,12.629397,22.724136,31.605303,18.022429,19.775282,17.711573,9.379424,6.6469665,28.687613,25.788092,28.893984,19.47319,6.638504,11.703762,10.263687,25.216732,26.954763,24.718828,15.077536,11.298007,20.115389
119,23.270159,27.819078,24.063309,10.501437,16.105074,10.928952,18.505558,12.846222,14.001425,9.989623,17.579525,16.007599,11.170143,22.276829,15.589992,23.240118,24.890308,19.929647,17.437712,18.7837,9.912863,7.4304333,26.689796,24.156069,21.98374,17.285019,10.563674,13.03204,12.74025,17.019922,24.912642,24.475311,14.436659,13.038626,21.271767
120,21.239113,30.658567,22.258175,4.2006717,8.984523,3.7838876,19.23737,16.211565,8.267059,7.264296,27.90667,12.3664,13.714675,27.269114,10.042491,18.44942,32.962933,18.79871,21.973568,16.935753,8.950819,5.5870214,28.768045,28.446066,30.006945,22.982347,3.950896,13.049039,9.832173,31.376581,27.104403,25.005213,17.607311,11.656819,20.844835
121,22.443354,29.961344,24.680347,9.505805,28.193651,4.857997,21.013798,11.629528,6.8200073,3.417314,15.965329,12.4056635,11.369789,21.854025,10.623305,21.555962,31.900928,19.888165,23.147291,20.924837,15.191521,13.797298,28.672009,26.009216,23.836277,16.430738,4.826417,9.671757,15.004726,15.968231,27.496765,25.186863,16.210985,12.217056,20.78445
122,26.419397,28.811993,27.67524,16.20991,28.199179,6.7372446,20.832396,10.895893,7.845387,2.8882182,13.297956,12.872057,10.643647,20.626116,11.053245,21.679926,29.423595,22.761175,21.38013,21.229057,15.658935,14.217341,28.280249,27.28954,20.658302,15.615365,5.199318,9.23225,12.955418,12.825937,27.395773,25.251518,14.682685,14.613827,21.413246
123,32.55089,25.987585,31.517601,27.281193,29.827677,14.978618,19.700861,8.718163,17.364286,3.3069115,7.766215,14.59109,8.211909,16.551302,16.118868,26.70531,23.113081,25.383913,15.276304,20.065384,15.685093,13.88141,26.166624,25.682053,14.89838,11.194286,12.1861515,7.426382,9.275007,5.84664,25.76183,23.684362,9.971902,15.539,20.649944
124,23.847414,26.049864,22.940552,11.007763,20.168419,27.815525,16.04432,10.036411,33.66241,19.103546,10.939913,22.770548,8.097999,18.896553,28.974398,35.02327,16.078959,16.96234,8.621682,17.371696,5.906469,4.2832446,24.2675,15.286175,19.885355,11.587765,29.45777,15.205909,13.21409,7.4707923,21.865229,22.904491,9.06699,10.733895,20.089783
125,26.877968,28.548426,27.975185,17.164436,28.808258,7.232792,20.765419,10.581562,8.278144,2.646104,12.326292,12.910228,10.351689,20.162836,11.2927265,22.032097,28.990055,22.985495,21.123476,21.191702,15.957436,14.555516,28.09459,27.146431,20.059334,15.095385,5.5794907,9.021391,12.978548,11.862521,27.282335,25.124329,14.377938,14.803999,21.31946
126,20.917894,30.414415,22.856682,6.7816615,29.636492,7.86099,20.76036,11.053959,12.329487,5.044324,16.154894,13.403908,10.711171,20.458963,14.703851,26.241285,30.861113,17.193518,20.907566,20.43799,14.565027,12.559926,28.526321,21.977196,24.577023,13.572409,9.375859,9.468736,16.051882,14.475479,27.270908,24.62659,14.00054,10.264744,19.663654
127,24.422544,29.244951,26.296658,13.370022,29.60271,5.8181214,21.204062,10.970615,6.947447,2.7305057,12.959596,12.753749,10.640085,20.66593,10.939062,21.849262,30.556896,21.504765,22.977526,21.355152,16.634434,15.326851,28.36796,26.439537,21.32649,15.381343,5.2787237,9.279403,15.279852,13.10416,27.464838,25.19338,15.810393,13.477206,21.11994
128,22.571465,30.126862,23.030762,6.733392,20.984446,9.912616,18.608505,12.343126,16.267801,7.145275,21.78462,13.077501,11.808992,23.073471,15.056328,25.971031,30.393093,17.216497,17.724115,17.82152,9.354186,7.177606,28.29901,23.350988,28.136774,16.745594,10.050838,10.8125725,10.234839,20.651707,26.543377,24.181631,12.917106,10.648421,19.293262
129,28.712685,27.870295,29.34938,20.450235,27.943726,8.173133,20.759066,10.405655,8.756692,3.056434,11.472799,13.642122,10.042996,19.201393,11.97972,22.036905,26.960508,24.354544,19.770206,21.47947,16.083494,14.212359,27.795368,27.387121,17.734009,14.370791,5.984213,9.004715,12.114998,9.985089,27.16529,25.173113,13.263435,15.97412,21.798588
130,31.820671,25.54418,31.062576,27.316376,30.989729,14.070535,20.02174,8.395079,15.899106,2.8245425,5.783585,14.329954,7.74197,15.8890915,15.663495,26.215246,22.971537,25.294113,16.594872,20.170195,17.321907,15.858701,25.777056,25.293438,13.552655,10.613343,11.838956,7.2028227,10.97958,4.965421,25.56234,23.393766,10.818657,15.254833,20.483604
131,23.11029,29.201605,22.057556,5.8980184,17.999462,18.659262,16.312237,11.969521,27.206333,10.836976,20.20906,15.858388,10.641036,22.49547,21.50112,31.8214,26.74131,15.606971,12.815925,15.068493,5.8813834,3.5197618,26.96968,19.602093,29.723236,15.113256,19.673164,13.004629,8.584828,20.014668,24.95105,23.15346,9.97162,9.875075,18.329662
132,22.88292,29.729815,25.126328,10.628654,29.21183,4.9326973,21.187788,11.355854,6.446402,2.8953114,14.638091,12.416328,11.068987,21.387337,10.49373,21.495956,31.675957,20.375656,23.459938,21.150957,16.017488,14.716802,28.550375,26.17644,22.951979,16.017962,4.801339,9.41248,15.442356,14.862874,27.496275,25.166946,16.308874,12.524384,20.859486
133,22.122715,30.587618,23.090382,6.235047,19.968533,7.311401,19.3256,13.096025,12.837595,6.5077953,22.718893,12.706883,12.368264,23.86449,13.282128,23.991926,31.534632,17.835142,19.586761,18.456682,10.222755,7.849495,28.801044,24.874992,28.169687,17.971422,7.4285774,11.030935,11.1578665,22.178251,27.09743,24.762,14.423397,11.146863,19.96069
134,20.886948,30.283766,22.467876,5.195728,16.238646,3.816459,19.661236,14.239376,7.8859973,5.9744096,24.1633,11.974176,12.896391,24.867859,10.348,19.823444,32.267685,18.378454,21.687021,18.46425,10.693043,8.116703,28.574572,26.586008,27.62469,20.04656,3.9639065,11.377167,11.457287,25.191671,26.994072,24.773836,16.406422,11.324496,20.39338
135,23.7242,25.763683,23.581188,12.376904,19.316494,24.699574,17.052437,10.486883,28.725027,18.399115,10.199673,22.64656,8.443767,18.885706,26.81632,32.337845,15.486909,18.594288,10.386145,19.013031,7.5663295,5.7189155,24.383312,17.095554,17.240187,12.340942,25.60929,15.226295,15.004045,6.445742,22.029163,23.600157,10.789866,12.050044,21.32593
136,20.89927,30.586636,23.149982,6.4639587,28.808819,5.9188457,20.761347,11.519163,9.439212,4.1668844,16.954721,12.70341,11.400302,21.6802,12.380368,23.895597,32.27003,17.875757,22.342123,20.435144,14.444848,12.658441,28.814135,24.055046,25.543371,15.338988,6.817213,9.772378,15.915326,16.073715,27.470533,25.010557,15.465298,10.917272,20.07257
137,31.170254,26.166288,29.992939,24.003313,29.124193,18.963678,18.752989,8.676426,22.61528,7.117577,9.768854,16.61039,8.107053,16.3797,19.772997,29.251724,21.487059,23.056852,12.29502,19.28391,12.871032,11.029517,25.728203,22.359152,16.030298,10.538483,17.381968,8.364383,8.279661,5.7676373,24.995943,23.184582,7.8954372,13.693422,20.048819
138,22.036486,29.934744,24.501225,9.445331,29.96533,4.791861,21.35704,11.321959,6.4606895,2.8920703,14.404087,12.503522,11.009984,21.180292,10.791618,21.950933,31.946049,19.73628,23.834248,21.217915,16.412434,14.999759,28.582424,25.554848,23.152266,15.562496,5.144763,9.411176,16.526718,14.611763,27.537104,25.144003,16.488945,12.0376425,20.697628
139,32.23876,25.790348,31.291595,27.141914,29.30251,13.814086,19.677603,8.757256,15.774762,2.6620076,7.3233757,14.079982,8.208363,16.648487,15.122552,25.748678,23.339275,25.50576,16.059515,20.043118,16.08151,14.360945,26.066374,26.135622,14.727777,11.476617,10.88918,7.445932,9.724289,6.0823355,25.70487,23.652727,10.610401,15.856248,20.655989
140,21.106007,30.652771,22.219086,4.0967536,8.672955,3.3652027,19.297554,16.329563,7.697541,7.162242,28.124104,12.244763,13.790969,27.392103,9.678795,17.976116,33.115524,18.871752,22.230583,17.000267,9.008468,5.662646,28.772928,28.658688,29.940435,23.237917,3.5176659,13.02336,9.851995,31.682383,27.112509,25.019032,17.846947,11.643601,20.89252
141,28.38028,28.106485,28.890354,19.35374,27.475044,8.600845,20.302893,10.425549,10.0570135,3.116312,12.706844,13.238616,10.23784,19.712608,12.14026,22.646626,27.451275,23.622728,19.09382,20.995653,14.887489,13.173312,27.867228,27.080448,19.226685,14.702453,6.243908,8.867279,11.124429,11.07135,27.034594,25.000175,12.904705,15.414152,21.360874
142,21.417858,30.47978,22.310429,4.5890927,10.509227,4.6649256,19.093956,15.652201,9.439078,7.3783326,26.969217,12.503528,13.417699,26.624046,10.834151,19.567244,32.345547,18.54359,21.226036,16.948324,8.950122,5.7152348,28.616547,27.643698,29.691095,22.044441,4.818554,12.828885,9.76601,29.908747,26.95266,24.84512,16.840027,11.550672,20.62612
143,18.388964,29.780073,22.039146,8.2156,33.543095,4.5834503,23.702642,10.387861,7.0634995,2.8507466,8.778338,14.366022,8.61758,15.723459,15.362964,26.566156,28.078009,17.520456,24.203627,23.920443,21.978817,18.622122,27.83621,18.45912,15.843796,8.521061,8.203309,7.630129,24.995718,6.7406535,27.528845,24.521832,14.958589,9.894385,20.155472
144,22.100698,30.544094,23.135963,6.361015,20.867682,7.347129,19.385824,12.868229,12.783497,6.3427925,22.206045,12.699251,12.261789,23.59115,13.314768,24.117907,31.482582,17.815317,19.582258,18.62472,10.44684,8.165046,28.780386,24.694813,27.9173,17.632616,7.482685,10.872826,11.359703,21.451048,27.095871,24.748095,14.294581,11.134255,19.928019
145,32.67619,25.031376,31.463043,28.504223,30.250853,15.131223,19.443356,8.19281,17.233198,2.8177185,5.716567,14.171824,7.5848227,15.873298,15.851985,26.46217,22.380817,25.566301,15.522093,19.624708,16.42106,15.111114,25.387608,25.467924,13.647022,10.723266,12.366672,7.072207,9.474499,5.0339174,25.136894,23.038479,10.254339,15.424798,20.215141
146,21.201115,30.36965,23.256931,6.5484157,24.269976,4.73698,20.411327,12.508848,8.058027,4.6941857,19.557196,12.344465,12.039237,22.95087,11.078788,21.704662,32.241817,18.491173,22.201393,19.895418,13.052355,11.092917,28.744081,25.458712,26.036379,17.379257,5.0846586,10.352791,13.870332,19.35734,27.328415,25.010935,15.87468,11.370507,20.394382
147,33.529808,24.61761,31.995075,30.183191,31.790585,17.31038,19.45862,7.664858,19.761501,3.5606933,4.3606124,14.795904,6.983742,15.099094,17.486746,28.022177,21.288143,25.810429,14.6170435,19.470066,16.80009,15.847159,25.031214,24.645342,12.608494,9.799746,14.870702,6.861106,9.020443,3.7742128,24.886677,22.722672,9.502853,15.040127,20.048405
148,22.00204,30.345526,22.549084,5.51587,15.071189,7.435464,18.743467,14.110991,13.377462,7.4115243,24.609098,12.843072,12.661674,24.961601,13.235434,23.197227,31.233103,17.75506,19.261395,17.173264,8.900603,6.0459776,28.465654,25.40739,29.245611,19.407902,7.597872,11.985034,9.954943,25.69539,26.71989,24.508614,14.824863,11.114311,19.9226
149,22.095764,30.361403,23.013817,6.451241,22.856226,8.752458,19.187906,12.190187,14.474233,6.28149,20.806374,12.92458,11.782601,22.821411,14.31229,25.435163,31.04621,17.350138,18.881462,18.462858,10.577317,8.395192,28.534157,23.618322,27.747944,16.411737,9.077949,10.586891,11.589617,19.704216,26.888885,24.468584,13.501581,10.773687,19.517149
150,31.8072,25.635885,30.985329,26.748686,28.960129,13.056468,19.646261,8.77883,14.7310095,2.5295355,7.2463174,13.869784,8.223211,16.624165,14.573001,25.060396,23.336897,25.384243,16.426422,20.040968,16.21897,14.545954,25.936964,26.136513,14.482153,11.588916,10.172916,7.462215,10.017189,6.1551046,25.591597,23.569393,10.889223,15.858589,20.616251
151,21.955982,30.568644,22.859863,5.631313,15.004935,5.7824483,19.212227,14.438095,10.926676,6.881935,25.186918,12.4809475,13.0071,25.38255,11.832987,21.622223,31.996574,18.336845,20.391872,17.762564,9.461153,6.6707516,28.77275,26.497776,28.961006,20.233978,5.7177057,11.862809,10.1725855,26.272423,27.069029,24.844866,15.653822,11.437865,20.347828
152,20.898516,30.470926,23.004421,6.211358,24.7013,5.05039,20.513088,12.426823,8.709093,4.885839,19.216427,12.544493,11.911317,22.641602,11.766111,22.520844,32.087772,18.168814,22.176937,20.0048,13.354555,11.326056,28.77677,24.881723,25.88399,16.844528,5.755145,10.344842,14.651646,18.833315,27.346699,25.013018,15.833583,11.148351,20.317875
153,21.819891,29.922813,24.426975,9.355091,30.73404,4.7027082,21.504536,11.187765,6.1341953,2.6160305,13.749097,12.559831,10.870241,20.89778,10.73828,21.944155,31.986053,19.679157,24.14586,21.353418,16.914042,15.455985,28.534988,25.373894,22.830225,15.215539,5.193239,9.280545,17.159409,13.993255,27.551392,25.13078,16.59603,11.950242,20.675222
154,20.148539,24.2564,21.114075,8.9854355,11.384575,27.411816,16.627075,12.161526,29.42913,23.394768,7.012403,26.59424,8.594317,20.561731,29.398165,32.72536,9.794195,19.030867,10.1883,20.081814,5.858787,3.5552359,22.934616,17.413893,15.465713,14.435336,27.708006,20.191866,20.96009,5.0382066,19.50186,24.657812,15.050677,13.652597,23.874723
155,24.021427,29.474203,26.085487,12.663908,29.482042,5.420073,21.400558,11.2103615,6.4366837,2.8990664,13.286299,12.846664,10.791736,20.949247,10.805685,21.61017,30.945541,21.394815,23.546843,21.478357,16.829515,15.506825,28.52682,26.54014,21.576075,15.697503,5.1254997,9.491425,15.790002,13.647145,27.606749,25.338373,16.303457,13.31694,21.263855
156,21.001488,24.535551,21.172756,8.963981,13.360443,28.134218,15.858898,11.360266,31.773739,21.978428,8.059559,25.22651,8.269618,19.911297,29.630688,33.875546,11.537482,17.832361,9.074352,18.503834,5.25225,3.1439784,23.039762,16.12945,17.441101,13.24005,28.98798,18.793432,18.108162,6.0399404,19.903603,23.741673,12.733439,12.572045,22.233532
157,20.411413,30.307343,22.716652,5.9191875,26.388563,4.919092,20.582127,12.009754,8.231518,4.329221,17.995216,12.45685,11.61885,22.107834,11.541734,22.459854,32.189682,17.858145,22.553047,20.056078,14.012302,12.058944,28.553465,24.470707,25.535376,16.160225,5.8312063,10.0195055,15.468763,17.656439,27.212488,24.832743,15.890617,10.87976,20.076662
158,22.916677,30.853897,23.777119,7.3194017,25.464523,10.131519,19.519869,11.774805,16.18566,6.5293884,20.148247,13.468572,11.673662,22.435638,15.596976,27.213955,31.05077,17.570679,18.439041,19.14664,10.925522,8.871493,29.0205,23.21216,27.653645,15.601826,10.453932,10.387057,11.919008,17.933998,27.331055,24.84738,12.889146,10.874317,19.724173
159,21.269102,28.68233,23.703224,14.594155,33.193996,12.29759,24.28522,9.328491,16.760496,12.81785,9.413303,18.783928,7.049467,13.221576,23.959024,31.48156,19.369656,18.257324,17.898823,26.280884,20.259619,18.121851,27.040665,13.150469,7.8131905,6.457568,17.055536,7.1782866,21.632275,1.7975347,26.53807,23.943966,10.80923,8.514575,20.85862
160,24.11396,29.430845,26.24889,12.987547,30.391636,5.566094,21.539097,11.020334,6.2793975,2.6337006,12.39323,13.001369,10.607567,20.648645,10.820502,21.67406,30.933218,21.528599,23.846985,21.5954,17.398012,16.057085,28.479769,26.456163,21.140665,15.334231,5.358061,9.377503,16.377821,12.860426,27.638733,25.346674,16.374676,13.362897,21.293032
161,21.88223,30.559977,22.779327,5.5268683,14.94628,5.788787,19.191711,14.438879,10.980825,6.9056106,25.202248,12.47538,12.995371,25.365425,11.875856,21.666403,31.988792,18.260107,20.380035,17.722725,9.447493,6.6466804,28.752546,26.429256,28.991753,20.198668,5.7708273,11.871535,10.218739,26.302284,27.047647,24.817726,15.650743,11.395496,20.309711
162,20.89265,30.61796,22.039158,3.8535123,8.141986,3.0676124,19.273218,16.439856,7.367994,7.0937114,28.414415,12.13086,13.82562,27.457678,9.439722,17.612993,33.209843,18.793648,22.356434,16.921934,8.981772,5.5768623,28.718943,28.725405,29.941908,23.3743,3.2780647,12.990154,9.866352,32.027542,27.064558,24.960484,17.988165,11.56568,20.836525
163,28.662523,27.692696,29.250061,20.331911,28.131817,8.09075,20.505594,10.281435,8.5322695,2.5643113,11.021366,13.15127,9.955084,19.61826,11.27862,21.582306,27.56003,24.327332,20.300518,20.989334,16.05309,14.629954,27.611362,27.795471,18.36564,14.888514,5.76445,8.941458,11.8238325,10.739163,26.970303,24.952032,13.803695,15.8158245,21.54414
164,31.128857,25.958454,30.697983,25.704088,28.84854,11.322862,19.972992,9.065762,12.37303,2.2337232,7.6118083,13.604389,8.569148,17.106771,13.4019785,23.804142,24.124073,25.410927,17.608456,20.425991,16.629833,14.959064,26.262243,26.719078,14.768257,12.2249,8.4811735,7.7440815,10.7616825,6.777426,25.923882,23.92906,11.704586,16.140247,20.947138
165,32.353966,26.032917,31.316101,26.815928,29.586687,15.370189,19.555973,8.762924,17.9482,3.5188298,7.926308,14.684696,8.224882,16.646976,16.429993,27.047363,23.0807,25.136358,15.083063,19.945219,15.373579,13.579612,26.142288,25.426538,15.221224,11.2338505,12.629303,7.5477176,9.281532,6.0076,25.669678,23.644115,9.92905,15.353016,20.570158
166,21.250145,30.461885,22.256954,4.4720316,10.033194,4.113041,19.166483,15.813505,8.658891,7.266568,27.23519,12.361143,13.508891,26.773645,10.354521,18.9124,32.520836,18.646824,21.579508,17.023869,9.043461,5.8178773,28.61241,27.915934,29.557854,22.375683,4.2574854,12.8098345,9.83353,30.298489,26.957365,24.857222,17.161211,11.556814,20.689548
167,25.007338,27.699415,26.612926,17.02646,32.047134,7.4435134,21.585693,9.616709,8.506836,2.0124702,7.6451945,13.387518,8.778845,17.13642,13.063171,24.045921,27.261387,21.829697,22.182665,21.694664,19.585766,17.829477,27.021309,23.981474,16.163454,11.425959,7.5738153,7.9477243,17.813303,7.5319867,26.665575,24.229618,14.549976,13.312193,20.546732
168,21.931267,30.396387,22.566803,5.4346957,14.633608,6.869172,18.850084,14.305189,12.595254,7.316991,24.910809,12.754405,12.795308,25.174643,12.79014,22.644808,31.441673,17.907219,19.62516,17.24448,8.999708,6.1026363,28.530607,25.785795,29.253477,19.76451,6.990266,12.054314,10.012776,26.166517,26.796133,24.601591,15.146485,11.2266245,20.060152
169,30.310999,25.730951,30.127728,24.777363,29.138342,10.322011,19.939888,8.985434,10.754939,1.8254335,7.0535617,13.231529,8.493291,17.156092,12.418896,22.720558,24.594616,25.090714,18.60813,20.225998,17.123959,15.688204,26.008617,26.788279,14.75024,12.42477,7.695183,7.772374,11.438796,7.009974,25.74279,23.728928,12.410855,15.926946,20.77064
170,21.976418,29.08107,24.574146,12.196642,32.971024,5.6494923,22.525246,10.213375,7.093869,2.279639,8.814195,13.538939,9.1058445,17.546375,13.280255,24.526266,29.016762,19.939386,24.058979,22.570822,20.445826,18.400583,27.804684,22.465742,17.54738,11.2847395,7.259719,8.21804,20.856983,8.606294,27.36758,24.66346,15.601654,11.901026,20.53474
171,19.5415,23.594374,20.61053,9.049261,11.668119,30.397518,16.586828,11.807756,32.39761,26.378979,5.5477285,28.41794,7.895382,19.74343,32.21233,34.37777,6.852269,18.630852,8.706758,20.57766,5.4549417,3.5134,22.186602,15.400317,13.415928,13.632955,31.244814,20.747543,21.679472,2.831134,18.579403,24.376804,14.622487,12.948265,24.087725
172,21.422195,30.481424,23.186016,6.4966383,25.213047,6.1315727,20.139986,12.105997,10.268158,4.9001,19.326002,12.528988,11.8280525,22.576906,12.303824,23.436605,31.986404,17.970146,21.214603,19.640778,12.654541,10.666566,28.758749,24.585417,26.51702,16.509155,6.5501013,10.192773,13.669065,18.522562,27.284533,24.885996,14.98827,11.124216,20.03729
173,26.825283,28.308556,27.977615,17.503935,29.044758,7.1411905,20.871014,10.475647,7.871121,2.5608163,11.465946,13.036432,10.14202,19.774366,11.309643,21.89571,28.645693,23.117828,21.407312,21.269537,16.55571,15.115242,27.90478,27.01917,19.286875,14.745663,5.6538887,9.015204,13.629023,11.205068,27.186302,25.047731,14.548959,14.889418,21.352055
174,23.361158,30.039528,23.195675,6.9064226,19.894463,13.369717,17.884731,12.342991,20.43827,8.558194,21.386309,14.271095,11.545044,23.239105,17.465998,28.22702,29.243141,17.12561,15.928844,16.983568,7.955536,5.743096,28.121365,22.510015,29.036085,16.546785,13.5868025,11.874791,9.235665,20.689993,26.24879,24.135021,11.856634,10.774656,19.284964
175,21.42218,30.363852,22.341911,4.723342,10.971791,4.642526,19.051582,15.48007,9.33235,7.2497134,26.668163,12.419976,13.356804,26.455685,10.733635,19.534582,32.244366,18.530535,21.148874,17.001324,8.975833,5.8407345,28.53109,27.539536,29.49955,21.88856,4.7125206,12.692541,9.724768,29.4734,26.871567,24.769072,16.723007,11.534993,20.560755
176,21.490114,30.405039,22.460724,4.8850684,11.571837,4.5882874,19.12931,15.356783,9.219564,7.110604,26.479908,12.36846,13.343608,26.345985,10.685373,19.60441,32.3,18.587751,21.193995,17.199554,9.121854,6.064522,28.594162,27.523407,29.354776,21.757664,4.596834,12.547311,9.822854,29.043352,26.933783,24.813385,16.681614,11.563768,20.57914
177,28.186703,28.308435,28.642296,18.481157,26.016012,8.644182,19.968048,10.721298,10.487706,3.6400926,14.245094,13.203116,10.588106,20.300974,12.148505,22.50972,27.541342,23.304447,18.459518,20.805807,13.651398,11.899288,28.011473,27.041561,20.161715,15.351111,6.097808,9.12582,10.154003,12.1795,27.000729,25.052362,12.621554,15.322376,21.339987
178,21.246656,30.535027,22.387264,4.53739,10.010508,3.5869148,19.344727,15.935883,7.8521376,7.134702,27.37975,12.261476,13.6256895,26.941898,9.905296,18.374502,32.765953,18.890045,21.991459,17.25695,9.244357,6.079228,28.725063,28.287354,29.431936,22.703009,3.6650374,12.804662,9.909934,30.51448,27.081291,24.982737,17.477104,11.666081,20.863178
179,20.421034,30.31568,22.917114,6.283564,28.735033,4.9860497,20.877533,11.574028,7.855472,3.795228,16.45209,12.502697,11.337249,21.62377,11.493719,22.7261,32.368828,17.961004,23.128338,20.46232,14.97629,13.257756,28.568003,24.311274,25.020649,15.555174,5.983118,9.7245655,16.42783,16.168535,27.311707,24.884882,16.085209,10.85119,20.086908
180,25.827507,28.683195,27.390785,15.873569,29.516552,6.473317,21.162582,10.73704,6.998748,2.6187267,11.637814,13.067161,10.304412,20.209309,10.964352,21.556475,29.608805,22.642096,22.694515,21.368555,17.076124,15.781359,28.083136,26.970886,19.876333,15.181964,5.5322666,9.226709,14.855928,12.016297,27.333857,25.151325,15.572055,14.279736,21.390722
181,31.051838,26.121544,30.66843,25.287222,27.970987,11.028215,19.905767,9.300352,12.09647,2.6277478,8.8063,13.713263,8.877315,17.329105,13.306066,23.453466,24.021814,25.341919,17.127981,20.5621,15.933605,14.039016,26.41888,26.778847,15.013061,12.530976,8.016259,7.9011364,10.180486,7.150668,25.999346,24.088299,11.349843,16.2905,21.108051
182,20.460287,30.269955,22.68275,5.781368,24.241825,4.4441624,20.420568,12.486078,7.8165298,4.61092,19.328438,12.295613,11.928072,22.676092,11.0984125,21.667904,32.194813,18.024714,22.420607,19.818562,13.332383,11.256114,28.550446,24.9789,25.831568,17.027668,5.146865,10.263413,14.617653,19.180706,27.158487,24.829512,16.024567,11.004704,20.18236
183,20.55025,24.047808,21.159729,9.591054,13.802357,30.754736,16.468552,11.352549,33.57395,25.61515,6.4222894,27.728397,7.787798,19.404835,32.30342,35.056454,8.3078785,18.22144,8.385327,19.959578,5.4919724,3.7518573,22.521336,14.896646,14.441086,13.038806,31.97151,19.744934,19.991652,3.3755085,19.155762,24.011972,13.280878,12.285122,23.277054
184,21.756742,29.474512,21.547504,4.5607147,11.903635,11.2811,17.240473,14.1264,17.956295,9.109681,24.001822,14.027736,12.039034,24.79052,15.758184,24.982908,29.236427,16.752026,16.885538,15.230285,6.858127,3.7542467,27.366947,23.680696,30.033348,18.944109,11.879578,13.248961,8.947486,26.161472,25.528357,23.695478,13.573921,10.728877,19.24616
185,28.533829,28.001034,28.760693,19.202908,25.75013,9.868626,19.715197,10.516272,12.132765,3.8707812,13.709102,13.582274,10.289573,19.729765,13.130587,23.437393,26.52574,23.267408,17.38329,20.55433,13.383763,11.348533,27.700949,26.383444,19.602154,14.582774,7.301427,9.012902,9.9277,11.266649,26.700966,24.82439,11.854165,15.237357,21.162882
186,25.16352,29.222918,26.564972,13.8896265,27.698864,6.811932,20.575806,11.050827,8.961993,3.3411052,14.84125,12.7208805,10.894448,20.839006,11.6575365,22.577017,29.762737,21.417744,20.815739,21.02974,14.681787,13.136071,28.398996,26.21803,21.928455,15.512205,5.6144705,9.186625,12.989032,13.607147,27.292995,25.10518,14.34842,13.644586,20.958185
187,21.650469,30.388926,22.353039,4.8991776,12.545527,5.944813,18.866138,14.938957,11.285039,7.416324,25.926575,12.656571,13.081601,25.869942,11.937857,21.291037,31.817211,18.083406,20.272825,16.930506,8.845527,5.7477703,28.49788,26.584328,29.610401,20.818459,6.0877676,12.482507,9.826104,28.059107,26.796846,24.648163,15.880212,11.325699,20.255104
188,20.955921,30.713608,22.77015,5.5331798,22.557373,5.209463,20.129269,12.82914,9.643871,5.1390004,21.21742,12.34966,12.284144,23.283203,11.863301,22.669514,32.310253,17.855759,21.338095,19.430658,12.067592,9.668484,28.911816,25.020014,27.140972,17.384384,5.677474,10.496622,13.321873,20.557627,27.376198,24.987556,15.306885,11.098313,20.151468
189,22.839592,29.60604,22.11164,5.4987345,17.122478,16.457806,16.817251,12.554995,24.528765,10.262782,21.36489,15.300035,11.154632,23.282694,19.889194,30.163897,27.895575,16.028933,14.255756,15.459674,6.3745394,3.9286845,27.406046,20.90092,30.023855,16.255709,17.337597,13.017131,8.895852,21.641344,25.4116,23.543045,11.113226,10.148651,18.73061
190,29.695883,27.247534,29.958828,22.328218,28.70354,8.993998,20.464777,9.899555,9.429518,2.2855158,9.775747,13.28446,9.539974,18.918161,11.762576,22.185627,26.721672,24.912987,19.76009,20.900928,16.513163,15.038607,27.312325,27.787992,17.225105,14.144803,6.422139,8.581093,11.625045,9.453254,26.802206,24.770567,13.315572,16.114067,21.485224
191,22.961782,29.584015,24.847675,9.977664,24.875753,5.009101,20.342655,11.998211,7.2500496,4.2593884,17.75035,12.369685,11.680272,22.302578,10.526082,20.800413,30.931747,20.125282,21.671696,20.514338,13.372254,11.857443,28.46996,26.249414,23.88551,17.292994,4.372855,10.001828,12.893774,17.171328,27.134926,25.042305,15.480409,12.621347,20.8431
192,19.638186,30.424837,22.560074,5.946359,31.431738,4.5696807,21.651981,11.240402,6.819587,3.074376,14.142831,12.78809,10.767081,20.68931,11.666237,23.113638,32.56249,17.734535,24.454218,21.08272,17.022282,15.187806,28.533918,23.551624,23.97833,14.311121,6.3165617,9.424865,18.859795,14.42307,27.54197,24.92023,16.571505,10.543965,20.093967
193,32.35243,25.43717,31.299664,27.646658,29.722042,14.221973,19.55576,8.498784,16.186396,2.5318837,6.461642,13.988452,7.9163723,16.350046,15.251709,25.948397,23.059826,25.515654,16.039215,19.8104,16.335808,14.833966,25.75233,25.932266,14.333913,11.196249,11.348638,7.2733736,9.751518,5.70239,25.446606,23.364239,10.626269,15.687214,20.428526
194,23.162874,30.517618,23.780739,7.5210633,20.852726,9.007076,19.115156,12.706783,14.955311,6.979386,22.170462,13.069967,12.162951,23.587423,14.429651,25.352406,30.83956,18.127092,18.481825,18.522804,9.772272,7.639769,28.829681,24.451965,27.970253,17.526438,8.825636,10.964765,10.348551,21.086184,27.059752,24.751862,13.557914,11.293312,19.95105
195,21.155859,29.6386,21.549232,4.3521676,10.426452,6.679326,18.036238,14.909267,12.179149,7.7184744,25.71237,12.74662,12.745675,25.583529,12.248393,21.11036,30.835176,17.455101,19.337524,15.820774,7.9719605,4.6506643,27.68469,25.880283,29.61767,20.555347,6.9896765,12.762254,9.321101,28.40388,25.998163,23.996067,15.39758,11.128094,19.70214
196,20.943111,30.62157,23.141357,7.2885137,30.56968,7.0050774,21.394285,11.064629,11.104866,4.495196,15.548226,13.3399515,10.640305,20.194544,14.3856535,26.052977,31.077114,17.633183,21.746822,21.153952,15.734483,13.673645,28.783485,22.212938,23.753738,13.326653,8.611192,9.185515,16.968246,13.865438,27.648304,24.904358,14.385628,10.497033,19.976418
197,21.292498,30.041124,22.547573,5.4489346,14.018737,3.9478438,19.228739,14.586523,8.078625,6.3116474,25.15509,11.882345,13.058367,25.418407,10.060635,19.205753,32.069916,18.57157,21.24204,17.849085,9.748931,7.128889,28.385117,27.090961,28.09041,20.887253,3.7670155,11.704689,10.169147,26.711596,26.770777,24.611847,16.355223,11.519146,20.363863
198,23.866253,29.475891,25.950657,12.509865,29.876717,5.4822345,21.408726,11.104652,6.5832105,2.7986078,13.053455,12.815315,10.711362,20.780807,10.929359,21.849813,30.948406,21.219915,23.540022,21.481184,16.956488,15.633658,28.495117,26.302605,21.550957,15.433527,5.270952,9.390778,16.018957,13.354564,27.584705,25.283943,16.230608,13.195214,21.15603
199,30.984861,26.441603,30.548256,24.864834,28.752762,11.800118,19.938292,9.2253685,13.474017,2.6021128,8.793476,13.753219,8.819784,17.406778,13.990453,24.577942,24.454086,24.988163,17.065002,20.448109,15.931879,14.105418,26.594883,26.429613,15.745439,12.284795,9.005973,7.8002944,10.378294,7.2761703,26.124037,24.087357,11.28924,15.854589,20.915688
200,29.083168,27.708595,29.519314,21.007898,28.372211,8.714754,20.530767,10.154165,9.560504,2.690641,11.090161,13.359028,9.876152,19.175957,12.001491,22.431923,27.022854,24.370855,19.512445,21.126614,15.949147,14.285349,27.634884,27.431778,17.952477,14.274826,6.295869,8.700667,11.608527,9.957359,26.997557,24.955057,13.095891,15.834756,21.517076
201,25.115969,27.988232,25.952557,17.752028,33.16317,15.310143,21.989115,8.719761,20.299484,11.471436,11.392325,17.557417,7.5194473,14.296349,22.835068,31.230696,20.627604,19.176085,15.130185,23.473215,16.87606,15.35148,26.647346,15.802595,11.409228,7.895417,17.853817,6.7636857,15.130577,3.608687,25.993753,23.265982,8.856373,9.309796,19.891678
202,31.657606,25.689331,30.912373,26.516762,28.905684,12.820476,19.686144,8.837997,14.41565,2.5776777,7.384883,13.864636,8.289811,16.690166,14.447335,24.894243,23.412832,25.339516,16.563894,20.119434,16.226961,14.55814,25.978168,26.148033,14.499109,11.693579,9.955688,7.507549,10.14336,6.2436223,25.618673,23.613173,10.992694,15.842513,20.661219
203,22.42802,29.89779,22.242805,5.3209157,15.567275,12.335968,17.582596,13.407011,19.336971,9.106544,23.172272,14.229274,11.906962,24.246082,16.718307,26.683601,29.453115,16.794142,16.538843,16.013163,7.299204,4.6122336,27.815071,23.101456,29.873228,17.977846,12.879739,12.709648,9.148775,24.026821,25.93406,23.943493,12.864942,10.59319,19.276188
204,20.935766,30.47964,22.08252,4.142603,8.815294,3.229575,19.242481,16.17218,7.499803,7.0631323,27.981775,12.112783,13.6825075,27.095228,9.569557,17.798758,32.90411,18.742216,22.124567,17.016665,9.099692,5.7721467,28.61166,28.397846,29.503937,22.968878,3.4031572,12.767037,9.879358,31.246532,26.972174,24.857725,17.687151,11.518532,20.737875
205,28.735518,27.759415,28.76157,19.586206,25.94239,11.39417,19.480755,10.267031,14.143363,4.403914,13.284124,14.074295,9.987094,19.130741,14.415939,24.670921,25.571932,23.006407,16.29615,20.342783,13.102214,10.883539,27.401424,25.433317,19.121878,13.742417,8.953732,8.9130745,9.801549,10.267246,26.39471,24.559998,11.053942,14.869649,20.921389
206,33.30754,24.59558,31.701214,29.610275,31.125496,17.391623,19.14133,7.6948457,20.08062,3.2811675,4.759544,14.583714,7.0448365,15.270359,17.354588,28.020578,21.441214,25.514603,14.27976,19.107637,16.220829,15.126397,24.94736,24.658438,13.303317,9.8782,14.81474,6.8601704,8.615017,4.198791,24.744013,22.614056,9.342648,14.999389,19.842762
207,20.689362,30.26364,23.154285,6.8480663,29.598883,5.1761804,21.046041,11.409761,7.8709593,3.7147882,15.640604,12.619224,11.151622,21.37229,11.689409,23.00055,32.23916,18.187912,23.323452,20.626953,15.504412,13.890796,28.574486,24.304777,24.644014,15.268946,6.2240276,9.706034,16.728817,15.574763,27.389765,24.931034,16.124249,11.013502,20.175598
208,20.240507,30.37645,23.126549,6.616792,31.463411,4.544848,21.544779,11.282829,6.3738523,2.872192,14.314571,12.660291,10.981044,21.096516,11.013069,22.40336,32.863987,18.298044,24.611586,20.996115,16.829535,15.172685,28.598284,24.506031,24.202839,14.973656,5.8361607,9.489316,18.210056,14.720905,27.573719,25.048727,16.861725,10.887275,20.289515
209,21.63259,30.454872,22.365753,4.8401885,12.253493,5.738419,18.934101,15.07061,11.008094,7.411185,26.159458,12.638707,13.15423,26.018389,11.778168,21.05161,31.959892,18.166544,20.449812,16.957592,8.88104,5.7485647,28.56174,26.780502,29.669973,21.027328,5.8900833,12.536378,9.824054,28.395773,26.866377,24.71163,16.041298,11.364246,20.333055
210,20.494104,30.223366,23.071178,6.588537,27.235125,4.360461,21.042805,12.004591,6.881021,4.1972303,16.984238,12.621026,11.508548,21.908047,11.154617,21.79348,32.118702,18.44445,23.44055,20.622202,15.049466,13.2553425,28.595201,24.848099,24.50256,16.205795,5.3772955,10.055467,16.319168,16.978369,27.355227,25.033287,16.534933,11.144485,20.471003
211,20.939228,29.90721,23.895947,9.559154,32.406162,4.6072254,22.535568,10.82934,6.0322294,2.392781,10.931069,13.307782,9.889268,18.950867,12.326035,23.593315,30.749506,19.33212,24.773022,22.460571,19.47948,17.417143,28.396378,23.203682,20.027754,12.705743,6.290123,8.81027,20.594559,10.958196,27.759773,25.079191,16.345924,11.640791,20.688025
212,21.296999,30.443235,22.279778,4.5510654,10.492496,4.311019,19.134413,15.662731,8.932033,7.235909,26.998428,12.370374,13.445525,26.62151,10.517192,19.205528,32.437595,18.575848,21.428171,17.04874,9.051297,5.865418,28.595236,27.73277,29.51775,22.139496,4.437084,12.728208,9.865411,29.894653,26.935661,24.825474,16.991446,11.52986,20.624931
213,22.490889,30.196144,22.979496,6.532318,19.548374,9.115262,18.677378,12.788204,15.33016,7.184368,22.603283,12.948445,12.065335,23.567091,14.4761915,25.161715,30.656279,17.418455,18.15377,17.751642,9.244581,6.9571977,28.386158,23.975584,28.369158,17.487375,9.206749,11.064339,10.086823,21.924383,26.626596,24.29589,13.421953,10.823183,19.4878
214,21.367853,30.04738,23.849602,8.155366,29.718884,4.7482934,21.222637,11.432215,6.6797643,3.2413793,14.950816,12.503613,11.110298,21.45783,10.890375,22.039791,32.289387,19.084318,23.935322,20.83519,16.070873,14.640823,28.543468,25.24611,23.97305,15.702616,5.4469795,9.666156,16.638735,15.440711,27.457148,25.03927,16.629066,11.565904,20.488102
215,22.112818,30.45483,23.025723,6.1471353,17.23412,6.261879,19.20535,13.747076,11.5099325,6.5726123,24.03788,12.418043,12.711269,24.622604,12.250096,22.474648,31.663656,18.187117,19.922155,18.101229,9.738341,7.1983676,28.723843,25.827978,28.42308,19.209963,6.1206512,11.367032,10.357918,24.274487,27.022383,24.75527,14.997307,11.401156,20.145819
216,21.556925,30.70058,22.698769,4.7665668,10.294721,3.5432372,19.450302,15.985878,7.654679,7.024405,27.401808,12.296683,13.734596,27.184122,9.721519,18.269764,33.05837,19.176321,22.166662,17.376253,9.262639,6.1327744,28.919989,28.697908,29.690556,22.955076,3.4672897,12.910721,9.778305,30.642216,27.277937,25.179523,17.586397,11.902102,21.054586
217,20.612476,30.180645,23.16148,6.746521,29.05539,4.72856,20.968193,11.53492,7.1347423,3.6266034,16.004269,12.451874,11.293908,21.624523,11.072306,22.204575,32.367283,18.3029,23.46408,20.59654,15.258174,13.704444,28.517683,24.642399,24.678915,15.751087,5.583083,9.722397,16.402925,16.022787,27.311386,24.907051,16.325394,11.037335,20.218822
218,21.330347,30.451368,22.277893,4.489093,9.791662,4.247109,19.09874,15.854692,8.816499,7.2907515,27.265963,12.407616,13.513809,26.85527,10.388436,18.928328,32.510284,18.669317,21.502028,16.897995,8.915675,5.647833,28.59612,27.983871,29.717472,22.444525,4.361398,12.903733,9.709129,30.471409,26.94002,24.85512,17.140614,11.610862,20.69214
219,20.951698,30.277796,22.611385,5.4589667,18.501528,4.183012,19.739592,13.663734,8.1998005,5.544739,22.95328,12.006852,12.654343,24.273516,10.60092,20.499372,32.21,18.260527,21.528854,18.745512,11.1058035,8.654781,28.577906,26.119093,27.348164,19.150991,4.3166685,11.028989,11.902312,23.45145,27.030357,24.770935,15.973817,11.311424,20.274797
220,21.486628,30.137455,22.82058,6.5628905,26.37326,8.904549,19.62784,11.436836,14.0919285,5.925213,18.275171,13.241647,11.180433,21.48544,14.787508,26.056665,30.669363,17.035273,19.49133,19.132782,12.230359,10.2465105,28.281214,22.548552,26.215612,14.824609,9.8347645,10.0787325,13.704719,16.717274,26.775488,24.332468,13.570065,10.381694,19.37296
221,21.813377,30.569296,22.948078,5.858342,17.585636,5.706628,19.456863,13.825491,10.673861,6.358307,23.898987,12.385872,12.762383,24.652878,11.89928,22.076765,31.978403,18.235186,20.500385,18.34053,10.188166,7.621046,28.817154,25.99091,28.296616,19.276876,5.6996126,11.3569765,10.932062,24.248144,27.151632,24.872263,15.381774,11.379731,20.268408
222,21.63117,30.185219,23.4842,7.1299424,23.955063,5.202084,20.128284,12.341349,8.771275,4.9093337,19.688244,12.304379,12.01068,22.836325,11.357818,22.018396,31.710041,18.57763,21.400593,19.8331,12.479898,10.620942,28.658247,25.287138,25.882996,17.28335,5.238716,10.276203,13.077669,19.019207,27.176483,24.915312,15.309425,11.541989,20.322912
223,24.115446,29.636555,25.762604,12.028179,27.671772,6.2988935,20.70966,11.328917,8.77132,3.534404,15.651153,12.635476,11.126419,21.26874,11.645813,22.684399,30.587692,20.661644,21.440315,20.94178,14.658221,13.102589,28.596554,25.981417,22.958162,15.783866,5.6127787,9.39951,13.674462,14.699969,27.418802,25.159903,14.896435,13.017431,20.842104
224,28.31081,28.270304,28.556004,18.662107,26.62331,10.156609,19.79249,10.430635,12.858939,3.9248893,13.905722,13.485622,10.301883,19.761898,13.545112,24.243544,26.937658,22.862988,17.466404,20.611866,13.439126,11.5804205,27.862656,26.03493,20.105677,14.421156,7.7699165,8.854546,10.140997,11.332822,26.807653,24.80883,11.876317,14.790701,20.984333
225,22.09773,30.53742,22.902348,5.8516307,16.224916,6.530924,19.123575,14.023054,12.011741,6.9428053,24.498299,12.610304,12.791973,24.918087,12.5541315,22.669556,31.668213,18.107065,19.870487,17.822643,9.475114,6.7867203,28.743128,25.870728,28.844881,19.488544,6.5151787,11.693423,10.307904,25.111736,27.01557,24.776329,15.121902,11.359416,20.176523
226,21.580694,30.24093,22.713234,5.648317,15.101134,4.8286233,19.237541,14.327595,9.422509,6.479062,24.846626,12.11189,12.957434,25.173445,10.935705,20.486837,31.944624,18.41468,20.78424,17.952492,9.739937,7.1328807,28.540642,26.61776,28.253292,20.312649,4.6886063,11.608321,10.306105,25.916246,26.881886,24.685555,15.907277,11.44327,20.298979
227,21.242975,30.53956,22.275665,4.347872,9.272543,3.827793,19.20469,16.079695,8.255574,7.2545924,27.631918,12.348159,13.642981,27.103369,10.057108,18.46743,32.762344,18.797256,21.859047,16.97093,8.983848,5.687528,28.680603,28.307915,29.770329,22.827223,3.9526827,12.974664,9.793535,31.013803,27.023258,24.941977,17.485435,11.648831,20.810247
228,22.552916,30.147383,24.61604,9.19879,27.444199,5.369914,20.7733,11.725195,7.955172,3.8722115,16.93746,12.476072,11.5408325,22.078728,11.1574335,22.185055,31.79683,19.6247,22.371809,20.764471,14.333526,12.848379,28.809425,25.748478,24.454159,16.52228,5.2400637,9.774446,14.337245,16.418457,27.50837,25.215366,15.706386,12.133093,20.703827
229,19.051504,30.875675,22.278362,5.8794475,32.900158,4.5937495,22.659101,11.111809,7.1898427,2.955155,12.643163,13.471401,10.19018,19.414587,13.198411,24.922062,31.96957,17.450994,24.84126,22.213217,18.875376,16.430992,28.814072,21.914476,22.33705,12.422106,7.2602987,9.04068,21.457403,12.330031,28.035488,25.154356,16.24113,10.306121,20.251642
230,27.74397,28.01442,28.667217,18.79274,28.44922,7.422766,20.651602,10.446665,7.829069,2.541004,11.462083,13.019293,10.1485815,19.97741,10.912348,21.280643,28.369207,23.804754,21.080637,21.075201,16.178354,14.869096,27.77575,27.677494,19.047304,15.222829,5.445652,9.025499,12.494454,11.412819,27.074953,25.011976,14.386583,15.341217,21.494528
231,25.472721,29.225008,27.02946,14.772627,29.426754,6.5368958,21.105011,10.861137,7.940689,2.7958174,13.150746,12.871677,10.639536,20.518791,11.390059,22.397905,30.033037,22.026415,21.992693,21.452736,16.190044,14.756767,28.477926,26.628992,21.086325,15.195704,5.5217133,9.138359,14.274467,12.600689,27.56058,25.30653,15.009177,13.986768,21.24531
232,21.777622,30.232841,23.583546,7.070243,21.621063,4.4592714,20.126265,13.004068,7.7930617,5.179921,21.020988,12.214612,12.391955,23.655144,10.644417,20.80981,31.954956,19.014324,21.718615,19.641346,12.021923,10.029648,28.762356,26.238293,26.25873,18.504051,4.31108,10.742405,12.347256,20.98721,27.271439,25.0659,15.823389,11.853524,20.642519
233,21.168758,30.436338,23.389874,6.878503,27.648626,5.4312434,20.656023,11.731449,8.713613,4.2019196,17.54606,12.510314,11.588969,22.049824,11.732232,22.976711,32.19846,18.279676,22.328373,20.402124,14.050237,12.343971,28.778324,24.6448,25.44408,16.042837,5.9915667,9.849558,15.153477,16.806585,27.403921,25.02794,15.625854,11.174893,20.230448
234,21.05267,29.978893,23.555939,7.8197017,30.09897,4.87758,21.156618,11.268505,6.948139,3.1833174,14.63881,12.4925785,10.977973,21.160566,11.116062,22.362188,32.154804,18.73814,23.79264,20.769468,16.135542,14.667692,28.421343,24.773966,23.903286,15.268099,5.7240305,9.54973,16.934025,14.986202,27.343513,24.900305,16.43717,11.358344,20.28658
235,20.635563,30.545435,23.19571,6.509861,29.287191,4.9465046,21.146572,11.635466,7.6801863,3.7555566,16.290253,12.619002,11.388577,21.735128,11.525318,22.850601,32.633724,18.230116,23.508615,20.750494,15.345873,13.672849,28.81057,24.57618,25.032364,15.660256,5.9526005,9.794329,16.734098,16.11158,27.570696,25.120268,16.333193,10.999593,20.316977
236,21.252745,30.373453,22.250404,4.547259,10.301196,4.2081976,19.114927,15.693777,8.749116,7.2471867,26.997116,12.352103,13.445445,26.63545,10.408869,19.01146,32.380573,18.601156,21.458662,17.017057,9.036949,5.857465,28.538397,27.775095,29.446934,22.21614,4.324747,12.757422,9.818581,29.9921,26.885778,24.793886,17.039446,11.540701,20.632656
237,21.557428,30.000565,24.00373,8.476713,29.583666,4.7925544,21.199726,11.417566,6.732887,3.2334332,14.965398,12.489446,11.109738,21.416992,10.901527,22.036955,32.141537,19.227234,23.779125,20.89599,16.007082,14.585978,28.542728,25.301558,23.807976,15.707338,5.3731356,9.616533,16.453455,15.318583,27.448313,25.047043,16.518362,11.689643,20.524744
238,21.280272,30.39888,22.36525,4.652528,10.670418,3.9337056,19.205349,15.651239,8.303631,7.0748825,26.906523,12.247347,13.485938,26.650356,10.129406,18.781658,32.52886,18.725561,21.659937,17.203274,9.173019,6.0910153,28.596611,27.927874,29.333023,22.2954,3.9610262,12.66687,9.877173,29.828518,26.946796,24.848724,17.149515,11.596187,20.694973
239,29.567581,27.42869,29.69926,21.809994,28.124836,9.710477,20.209482,9.913641,11.089328,2.8227735,11.067384,13.434995,9.685141,18.742958,12.721337,23.257772,26.208466,24.322248,18.314388,20.865885,15.411085,13.615484,27.38645,26.96749,17.661293,13.710616,7.069436,8.421444,10.797433,9.35539,26.726294,24.70029,12.221297,15.765026,21.267025
240,21.777054,29.765934,24.419216,10.08695,31.475637,4.903968,21.924414,10.940737,6.3069706,2.5130239,12.060785,12.935357,10.316122,19.867023,11.605553,22.834635,31.147392,19.757654,24.318003,21.836689,18.197475,16.518074,28.40336,24.458378,21.226282,13.960283,5.8499594,9.071998,18.679913,12.288273,27.599386,25.081938,16.42097,12.029041,20.706064
241,19.421719,29.796978,22.614223,10.382619,34.741943,7.1684465,24.22797,10.007139,10.791067,4.5992107,7.481272,15.408866,7.7826056,14.664552,18.456,29.601297,26.24415,17.753996,23.230152,24.653555,22.781998,19.692896,27.844038,16.696695,13.814254,7.198808,11.422176,7.2613697,25.450584,5.0150175,27.609196,24.417727,14.154252,9.355393,20.183609
242,27.112757,27.288473,28.128036,19.488815,30.641264,8.0678425,20.93738,9.658295,8.647875,2.0955236,8.493083,13.293149,9.154369,17.83573,12.250654,22.86911,26.916954,23.240076,21.058146,21.199474,18.169407,16.56605,26.996956,25.866468,16.521786,12.644119,6.914857,8.24538,14.967058,8.162816,26.57113,24.38785,14.024011,14.647198,20.928068
243,23.979866,25.540907,22.95264,11.677796,21.832111,28.069685,15.900532,9.443485,33.756454,19.120502,10.618085,22.5348,7.6685853,18.103865,28.802958,34.68146,15.791032,16.594175,8.271311,17.088655,6.1010275,4.8613954,23.714846,14.565545,19.010195,11.00825,29.884018,14.301396,12.34337,6.7451196,21.484694,22.215803,8.368654,9.907079,19.461432
244,21.213186,30.493042,22.34151,4.485175,9.820933,3.5231419,19.280952,15.947657,7.7593656,7.048544,27.424643,12.200623,13.628538,26.974127,9.768067,18.21699,32.81145,18.865177,21.998365,17.17128,9.169993,5.9902096,28.67732,28.336271,29.487041,22.756798,3.5738726,12.790077,9.855424,30.613451,27.035593,24.937042,17.499405,11.662601,20.813873
245,21.440384,30.44129,23.587395,7.216618,27.690495,5.6158996,20.646461,11.696646,8.939051,4.275917,17.51711,12.5653,11.588123,22.025547,11.882565,23.156696,32.05519,18.424562,22.12852,20.469095,13.968266,12.282975,28.830551,24.681164,25.38933,16.014885,6.0641537,9.87407,14.9441805,16.649849,27.447645,25.081131,15.46222,11.338005,20.297943
246,22.353943,30.581642,23.203697,6.46371,20.37844,7.9935346,19.231037,12.9355755,13.754147,6.706051,22.534794,12.8482895,12.272932,23.72732,13.799527,24.612604,31.333036,17.776266,19.179564,18.423239,10.056735,7.758283,28.79183,24.576973,28.197437,17.715858,8.101856,10.996335,10.976233,21.784313,27.061375,24.716772,14.092422,11.076115,19.882074
247,22.23201,30.115488,24.196156,8.452079,26.31202,5.4762616,20.490854,11.894129,8.399882,4.343978,17.778505,12.501955,11.667495,22.325886,11.322079,22.17484,31.706797,19.206995,21.968418,20.362335,13.617953,12.0363035,28.712145,25.52413,24.993122,16.747898,5.461812,10.020063,13.897303,17.2529,27.342371,25.08543,15.553977,11.892028,20.551937
248,28.4975,27.95535,29.08527,19.844183,28.156212,8.287973,20.49588,10.326916,9.2283325,2.7552872,11.768619,13.178895,10.089282,19.623812,11.705023,22.186354,27.61181,23.974884,19.82119,21.074924,15.639112,14.079964,27.78206,27.442015,18.777182,14.723082,5.981098,8.842963,11.632677,10.796993,27.05868,25.004942,13.397359,15.57936,21.46012
249,21.721054,30.446383,22.718033,5.3969913,13.819182,5.053782,19.212118,14.753054,9.83865,6.831588,25.579323,12.333069,13.135268,25.709204,11.130327,20.551746,32.146564,18.49145,20.836016,17.641806,9.429823,6.6028066,28.676075,26.965124,28.930458,20.852068,4.9751835,12.046052,10.083728,27.20181,27.000143,24.818346,16.128008,11.513,20.4456
250,19.956093,29.39369,22.945938,11.888694,34.210567,7.9017415,24.358631,9.701172,11.997801,7.1569576,9.249544,16.09758,7.6254525,13.6940155,19.923916,29.754019,23.846376,17.74413,21.03025,25.382755,21.959675,19.05082,27.578665,15.086617,11.142373,6.5900235,12.39567,6.579044,23.357908,3.8791466,27.355402,24.08009,12.192281,8.823375,20.204355
251,24.385366,25.163216,24.034668,14.66893,27.84544,28.55233,17.819117,8.633398,32.318806,22.02428,8.462854,24.044748,6.725257,16.415592,29.900068,34.455055,13.748925,17.498234,9.807949,19.759989,9.383607,9.444022,23.373703,13.426581,13.506006,10.378175,31.146992,13.042881,14.226522,2.940421,21.446762,22.173918,9.244935,8.627684,20.212975
252,24.157415,28.674805,25.024845,11.28267,18.00502,7.1564546,19.121696,12.8981495,10.147607,6.695678,19.552212,13.5760145,11.724276,22.690704,12.192534,20.948637,28.226912,20.508932,19.119377,18.971413,10.989743,8.566368,27.661097,26.037426,23.382996,18.033405,6.2629013,11.324339,10.775228,19.161474,26.228745,24.634161,14.421729,13.207432,20.933432
253,27.068436,26.69295,25.748367,16.262035,28.823814,26.99724,17.677979,8.511306,32.94315,17.0992,11.123371,21.364313,7.4168015,16.922646,28.076624,35.076286,18.228666,18.032358,9.358994,18.38077,9.103904,8.2730465,24.981802,15.444668,17.679016,9.835095,29.00176,11.30693,10.482874,5.732552,23.43959,22.466434,7.074163,9.523725,19.272734
254,21.949085,30.263988,22.227894,4.957179,13.448164,8.790288,18.305517,14.373842,15.0878525,8.168271,24.820543,13.372682,12.595269,25.261042,14.195216,23.889292,30.794344,17.485989,18.623886,16.472147,8.114317,5.0954537,28.264687,25.046043,29.922985,19.600317,9.166503,12.676593,9.646736,26.554977,26.462603,24.39067,14.627138,11.02048,19.840948
255,21.588825,30.435991,22.36435,4.8270206,12.0039,5.5021753,18.971285,15.155924,10.644524,7.3879933,26.252523,12.599092,13.194104,26.100666,11.570034,20.738977,32.004932,18.25073,20.600641,16.980694,8.920817,5.788913,28.558926,26.935793,29.611544,21.199259,5.641716,12.573304,9.81174,28.607412,26.873442,24.729492,16.183619,11.40548,20.390812
256,19.307617,30.898796,22.21489,5.611657,31.489964,5.1110888,22.176638,11.266153,8.431134,3.7210052,14.253771,13.346069,10.492185,19.97387,13.544112,25.218424,31.859112,17.219954,23.858337,21.725443,17.506168,15.189256,28.859303,21.952297,23.298235,13.014913,7.5557804,9.267108,19.865154,13.621331,27.904074,25.07569,15.752888,10.201524,20.119555
257,32.726997,25.01428,31.506985,28.661737,30.491697,14.769297,19.531261,8.12615,16.685154,2.4560647,5.489047,13.9670315,7.535553,15.865859,15.491507,26.163713,22.58576,25.704363,15.86875,19.61031,16.788578,15.497274,25.421654,25.742386,13.589655,10.715499,11.98201,6.9854674,9.492038,5.0600986,25.237652,23.080065,10.417008,15.574495,20.244621
258,19.913883,23.810314,20.819122,9.169998,12.306373,30.815937,16.540234,11.715239,33.13904,26.289408,5.832784,28.349993,7.874344,19.705782,32.502357,34.872517,7.280317,18.510557,8.528772,20.384777,5.394004,3.5090094,22.344942,15.202898,13.895948,13.476258,31.802794,20.573801,21.185848,3.0386868,18.789387,24.326702,14.198411,12.760345,23.888664
259,20.553019,30.411282,22.998436,6.1093936,26.681286,4.319224,20.834332,12.156231,7.0062094,3.9412973,17.954002,12.387231,11.737082,22.419191,10.725884,21.5229,32.739178,18.290924,23.296879,20.19496,14.409782,12.466084,28.678194,25.224434,25.57189,16.64987,5.1131763,10.05231,15.507928,18.038424,27.417683,25.016232,16.399197,11.068103,20.325312
260,20.201529,30.093588,22.580902,5.830794,25.713448,4.3936563,20.54022,12.138208,7.3777575,4.2546883,18.09284,12.315909,11.644749,22.19225,10.991766,21.622791,32.148468,17.930626,22.802647,19.951267,14.023686,12.074046,28.371675,24.69786,25.310953,16.474234,5.281638,10.059665,15.373654,18.074917,27.06522,24.722088,16.154875,10.880475,20.081373
261,21.930344,30.42345,23.004032,6.0916395,17.536137,5.813134,19.337507,13.733608,10.766228,6.363742,23.814516,12.336789,12.713302,24.56613,11.877492,22.02993,31.772003,18.265327,20.269012,18.27586,10.034892,7.5284023,28.711168,25.940613,28.161493,19.235722,5.69271,11.29524,10.64049,24.090462,27.04162,24.780622,15.208553,11.415293,20.208637
262,25.652273,29.05163,26.442478,14.086333,27.35392,9.078216,19.86141,10.689062,12.583217,4.232126,15.488083,13.067212,10.693477,20.405333,13.514833,24.632753,28.73399,20.715776,18.51875,20.347757,13.165787,11.459832,28.14259,24.963718,22.510529,14.619762,7.8295717,9.070842,11.465297,13.142446,26.90922,24.697691,12.629245,13.231541,20.388891
263,21.647243,30.395226,22.396442,4.9516206,12.591631,5.7738066,18.922485,14.954411,11.015602,7.355177,25.93626,12.614597,13.104001,25.883644,11.791471,21.11475,31.865616,18.159794,20.382917,17.019846,8.924783,5.8519387,28.521517,26.679462,29.51672,20.88348,5.8900995,12.44909,9.846333,28.04999,26.826347,24.677204,15.954775,11.358076,20.301003
264,30.223404,27.14601,30.024918,22.742737,27.461695,10.817794,19.856792,9.804241,12.55491,3.0144968,10.88333,13.560875,9.517724,18.684572,13.269238,23.800774,25.5655,24.550322,17.437666,20.504656,14.85235,13.062935,27.165758,26.870584,17.56747,13.632439,7.9176283,8.395396,9.940202,9.266831,26.469463,24.517149,11.763509,15.832894,21.14551
265,18.70479,29.454487,22.21162,9.061335,34.208996,5.186287,23.707193,10.11512,7.472888,2.6882842,7.38968,14.577589,8.200021,15.179006,15.7169485,26.928965,27.6016,17.680735,24.246939,23.792572,22.577204,19.243511,27.547058,18.181932,15.066784,7.923751,8.913852,7.539164,25.495392,5.786603,27.365955,24.335115,14.911952,9.890363,20.051048
266,20.768747,30.149801,22.068424,4.566559,11.250574,3.058852,19.259842,15.3726635,7.124029,6.529593,26.80186,11.768941,13.359331,26.12945,9.413239,17.929815,32.52815,18.522835,21.830767,17.450994,9.548994,6.5597057,28.38417,27.689714,28.493181,21.903564,3.1379235,12.000617,10.02195,29.029959,26.790741,24.609076,17.064194,11.345734,20.433846
267,23.26636,30.091017,24.179668,8.625481,22.576204,8.221933,19.305166,12.152403,13.311373,6.140288,20.52689,12.867006,11.8805485,22.766161,13.629508,24.487665,30.387,18.61415,18.715889,19.18084,10.603148,8.673338,28.629965,24.537493,26.43509,16.868885,7.7864046,10.431348,10.867833,18.867863,26.953377,24.742254,13.493532,11.738319,20.070866
268,23.263649,29.700682,25.383911,11.099463,28.89336,5.087706,21.109993,11.364883,6.6768875,2.9585454,14.860801,12.402912,11.113796,21.451797,10.530555,21.51654,31.525833,20.592072,23.139086,21.144068,15.755898,14.459272,28.585785,26.349808,22.940817,16.12665,4.7499666,9.410853,14.932162,14.919392,27.51303,25.201933,16.089127,12.737737,20.918798
269,25.076141,29.25163,26.941292,14.23404,29.460155,5.8204365,21.355402,11.109354,6.417817,2.7863514,12.800192,12.993836,10.710662,20.947443,10.600069,21.251944,30.649769,22.216803,23.397078,21.480848,16.881535,15.630864,28.473629,27.148108,21.033695,15.891316,5.1213036,9.465823,15.147382,13.300489,27.616632,25.399246,16.17183,13.872282,21.498026
270,31.729006,25.38566,31.140095,27.577555,30.653875,12.591464,20.2237,8.494272,13.642991,2.2052476,5.2388873,13.945256,7.8021946,16.00073,14.445033,24.902344,23.202854,25.785082,17.682802,20.417753,18.050886,16.647238,25.780376,26.07379,12.987979,11.030562,10.184773,7.2919,11.592933,5.044325,25.656872,23.543947,11.632446,15.821583,20.753567
271,21.686605,30.244982,22.17934,4.8842793,12.724749,7.111755,18.551886,14.667662,12.950796,7.6776667,25.378702,12.901373,12.827457,25.528214,12.897871,22.406904,31.252693,17.7384,19.47229,16.633335,8.486493,5.376441,28.308695,25.817154,29.702955,20.193064,7.3696194,12.52921,9.747771,27.39427,26.566954,24.454533,15.287741,11.168622,19.991047
272,20.978558,30.565655,22.11705,4.0285816,8.511788,3.2008784,19.261433,16.322947,7.4783626,7.1007,28.146477,12.159186,13.771438,27.33949,9.526985,17.753407,33.076756,18.819376,22.252586,16.96629,9.011023,5.66595,28.689518,28.627663,29.816898,23.23526,3.365022,12.956883,9.846941,31.692398,27.037642,24.943874,17.867601,11.591637,20.832136
273,22.525791,29.914883,24.485596,8.91457,25.006418,4.8890023,20.39614,12.1591015,7.2956767,4.3903503,18.353685,12.383354,11.861533,22.707565,10.49186,20.861921,31.58859,19.725557,21.980288,20.350615,13.209184,11.652982,28.651894,26.255959,24.805883,17.55208,4.4968166,10.193947,13.03269,17.992872,27.282984,25.132872,15.713109,12.287374,20.798046
274,21.148817,30.48071,23.40099,6.919531,28.38628,5.54692,20.804583,11.637335,8.730412,4.1344085,16.950556,12.648663,11.467903,21.86337,11.931725,23.260862,32.228718,18.276077,22.564339,20.508314,14.47334,12.775749,28.810871,24.536995,25.338438,15.760224,6.262519,9.888386,15.65789,16.375956,27.485956,25.078854,15.716,11.200219,20.268105
275,27.856936,28.113771,28.003494,17.837137,26.03316,10.786649,19.385612,10.383602,13.905188,4.3061404,14.149475,13.541214,10.220442,19.762005,14.00148,24.614721,26.688457,22.242907,16.86544,20.109274,12.749503,10.874627,27.599752,25.391714,20.59628,14.294767,8.575488,8.972432,9.818182,11.639454,26.474886,24.509356,11.548327,14.346549,20.628696
276,26.398188,28.248596,27.036366,15.927779,25.461199,8.487423,19.593378,10.660065,11.265431,4.27222,15.444805,13.112874,10.620682,19.77264,12.885446,23.176952,27.119385,21.551434,17.564442,20.53709,12.818794,10.81523,27.683617,25.24928,20.538692,14.523763,6.5787754,8.937147,10.458811,12.094183,26.536896,24.554386,11.898662,14.162111,20.63807
277,32.81421,25.152805,31.553139,28.505728,30.122976,14.732692,19.469988,8.245521,16.680132,2.3839967,5.8832746,13.962209,7.67251,16.094276,15.385465,26.085892,22.770378,25.739866,15.743023,19.577955,16.46315,15.040137,25.549202,25.985445,14.052835,10.914785,11.798266,7.1090736,9.236111,5.3621993,25.333298,23.198553,10.353148,15.769916,20.315619
278,23.240507,30.022942,24.288345,8.454895,18.733536,6.060754,19.419352,13.314608,10.066602,6.098429,22.322775,12.594147,12.514981,24.166334,11.491276,21.351503,31.010557,19.521406,19.96898,18.857508,10.323895,8.09603,28.671822,26.619999,26.81274,19.120337,5.2931013,11.210368,10.067863,22.224543,27.067734,25.010105,14.888153,12.423803,20.71705
279,32.812286,24.398724,31.454205,29.429964,30.75904,15.348817,19.340822,7.7465787,17.346529,2.691679,4.707449,13.982822,7.1399727,15.220967,15.874989,26.34374,21.682333,25.63423,15.30229,19.339354,16.891428,15.806602,24.883375,25.121374,12.590492,10.140673,12.705937,6.677233,9.122449,4.331682,24.778204,22.603155,9.980264,15.244321,19.919277
280,21.614162,30.597189,23.558228,7.0592117,27.393848,6.3115287,20.477612,11.71073,10.178646,4.6053395,18.04574,12.709317,11.629896,22.10623,12.536893,23.943127,32.002472,18.192179,21.523926,20.248232,13.465177,11.664227,28.927296,24.425133,25.92606,15.877107,6.789714,9.96216,14.549316,16.866766,27.48488,25.08862,15.026624,11.259559,20.195177
281,26.595327,27.1254,27.708733,19.154291,31.47,8.310084,20.97192,9.4146805,9.033227,1.8740191,7.3776293,13.2636795,8.827021,17.38969,12.595595,23.449106,26.82022,22.83659,21.41391,21.08782,18.822197,17.30775,26.745407,25.211605,16.155571,12.015778,7.5383444,8.053934,16.040682,7.510185,26.366083,24.127974,14.275388,14.149256,20.627419
282,21.316963,30.413351,22.252247,4.5452332,10.431648,4.4614234,19.06932,15.641512,9.143578,7.2670846,26.977016,12.40033,13.41749,26.596098,10.6146555,19.310987,32.371338,18.522467,21.304514,16.955133,8.9657545,5.7527184,28.554539,27.663353,29.578758,22.079105,4.5906343,12.744275,9.796989,29.885773,26.894047,24.786356,16.902502,11.515689,20.578344
283,28.776775,27.028282,29.235138,21.63737,29.563356,8.955218,20.552393,9.604752,9.677577,2.1952922,9.11423,13.336676,9.23182,17.942162,12.343369,22.840645,26.178944,24.143625,19.5676,20.987288,17.06421,15.349483,26.972595,26.585297,16.415043,12.914415,6.907403,8.171026,12.72543,8.170332,26.530025,24.424967,12.954988,15.470563,21.0916
284,32.363724,25.16638,31.219543,27.846338,29.728714,14.732598,19.373869,8.344976,16.835262,2.7024004,6.180348,14.035851,7.742042,16.113192,15.565731,26.196165,22.64145,25.39098,15.625919,19.60156,16.172966,14.745501,25.483658,25.578745,14.097743,10.95799,11.900809,7.182103,9.504622,5.4485106,25.18217,23.117632,10.371867,15.477011,20.229269
285,23.445026,30.259153,24.273857,8.55647,21.22349,8.141365,19.313597,12.591494,13.325287,6.495716,21.429714,12.955221,12.124178,23.31913,13.584598,24.295904,30.551329,18.80524,18.84988,19.044657,10.302239,8.26396,28.770967,24.979897,26.8427,17.57226,7.6400576,10.751581,10.563281,20.133709,27.054121,24.875454,13.799875,11.825543,20.256857
286,20.307167,30.103935,23.217957,7.3268423,31.209099,4.345393,21.702394,11.207285,6.029575,2.7726052,13.596947,12.70387,10.7090645,20.551802,11.163321,22.398453,32.17104,18.536997,24.570545,21.320257,17.336004,15.62602,28.42732,24.175682,23.021652,14.526614,5.681596,9.305774,18.600819,13.947816,27.490232,24.951996,16.739992,11.069683,20.344536
287,21.130074,30.149546,21.899609,4.21992,9.346243,4.656689,18.714134,15.71187,9.445419,7.3169365,27.101795,12.383852,13.335604,26.621544,10.611489,19.126953,32.150074,18.249996,20.978868,16.385744,8.5208235,5.1511297,28.247725,27.540224,29.86716,22.104967,4.836255,12.897707,9.467707,30.395784,26.600227,24.522276,16.768764,11.444045,20.336887
288,22.496334,30.677835,23.387806,6.6576276,21.026106,7.9962807,19.34895,12.841984,13.681922,6.5569706,22.323236,12.857777,12.270378,23.67642,13.779531,24.708344,31.45345,17.900928,19.25729,18.610836,10.231848,7.9774175,28.907585,24.65227,28.153929,17.61563,8.05096,10.918049,11.053827,21.429676,27.187494,24.82297,14.058426,11.163786,19.9603
289,21.709957,30.501028,22.671387,5.3668065,14.244273,5.354497,19.195805,14.620926,10.368563,6.861607,25.511148,12.368575,13.068442,25.52448,11.474548,21.051224,32.083084,18.31318,20.621887,17.670893,9.437177,6.6002064,28.695488,26.657652,28.934689,20.525307,5.34155,11.90704,10.181671,26.818354,27.002344,24.786234,15.908667,11.387864,20.337233
290,21.40151,30.279171,22.186592,4.6450787,11.02252,5.149767,18.869207,15.342016,10.117952,7.3596296,26.504782,12.503176,13.22766,26.253283,11.175247,20.068466,31.99139,18.26226,20.731874,16.766275,8.790668,5.589546,28.405476,27.140211,29.603867,21.521845,5.2938986,12.675217,9.665676,29.213669,26.739548,24.62751,16.389252,11.417968,20.366047
291,21.473444,30.245285,22.722115,5.5528426,14.278128,4.2308593,19.37418,14.64374,8.524589,6.5871615,25.139559,12.092397,13.107798,25.507748,10.496248,19.756058,32.07568,18.67392,21.27265,18.035463,9.844605,7.255777,28.588734,27.073498,28.179464,20.89626,4.1048794,11.865599,10.383987,26.676819,26.939451,24.797482,16.417494,11.578464,20.5344
292,24.40892,29.330523,26.356209,13.206244,29.262737,5.5678067,21.269947,11.168392,6.4853444,2.844256,13.283234,12.798268,10.781916,21.015202,10.631041,21.380608,30.834879,21.646595,23.347338,21.35886,16.617785,15.358875,28.449154,26.796152,21.522501,15.868057,5.0449104,9.456568,15.245083,13.714594,27.534029,25.29058,16.183468,13.49084,21.275705
293,21.969816,30.421179,22.627869,5.4082756,14.023871,6.566462,18.88262,14.518724,12.096449,7.318314,25.241642,12.735168,12.915987,25.455246,12.447295,22.150148,31.596703,18.084639,19.856556,17.183882,8.957865,6.001597,28.562902,26.17394,29.372753,20.1812,6.614628,12.20314,9.86518,26.782509,26.84167,24.670555,15.391652,11.340457,20.189442
294,23.087833,30.027561,25.055573,10.281064,27.963099,5.664155,20.931274,11.566471,8.145995,3.697833,16.080805,12.637232,11.324418,21.649385,11.476156,22.547546,31.407347,20.049585,22.334965,20.984076,14.9021015,13.371807,28.795065,25.79686,23.714449,16.055971,5.4974585,9.661939,14.644407,15.49449,27.579733,25.270956,15.579462,12.494936,20.829498
295,28.26793,26.934828,28.870499,21.200506,30.138031,8.823846,20.640839,9.494921,9.471077,2.020298,8.34448,13.280899,9.04019,17.7325,12.353281,22.936512,26.283726,23.876438,20.126623,20.949547,17.656103,16.053232,26.820374,26.265205,16.200933,12.643309,7.110462,8.112664,13.6231165,7.9102173,26.421816,24.28109,13.370664,15.147627,20.937395
296,19.708897,30.030483,22.861423,7.303435,31.961687,4.113533,22.210804,11.048061,5.639622,2.5209384,12.134443,13.021876,10.194627,19.580477,11.710124,22.902678,31.590141,18.335337,24.993153,21.841965,18.643742,16.618887,28.277355,23.125881,21.584087,13.336012,6.0416155,9.024887,20.33077,12.50851,27.530754,24.870161,16.707178,10.852998,20.321579
297,26.876097,28.68519,27.93134,16.637325,26.885313,6.972327,20.524115,11.034695,8.171417,3.2882774,14.138264,12.898622,10.8055315,20.893295,11.0185795,21.381794,29.025297,22.982458,20.646914,21.06628,14.763986,13.309265,28.240692,27.49807,20.746513,16.073948,5.058012,9.36896,11.796703,13.329652,27.27717,25.234186,14.2856245,14.85301,21.48405
298,19.953686,23.967173,20.959045,9.256731,12.057323,31.238981,16.744831,11.927994,33.52886,26.707502,5.682239,28.813091,7.9438047,19.85449,33.046375,35.351524,6.9024053,18.801737,8.5081215,20.757113,5.480763,3.5246353,22.514322,15.292568,13.7614355,13.606973,32.192074,20.973873,21.634073,2.8576298,18.879524,24.651213,14.456491,12.995458,24.299973
299,28.891344,27.433744,29.321724,21.109617,28.67491,8.837774,20.468176,9.945568,9.7125435,2.5519624,10.4550705,13.326563,9.637988,18.712656,12.167004,22.623,26.658573,24.180325,19.416464,21.014797,16.23037,14.542725,27.354435,27.015984,17.442163,13.753831,6.5541563,8.500557,11.950186,9.334538,26.772009,24.71321,12.973195,15.641293,21.30031
300,21.169931,30.344482,22.07484,4.2624693,9.2695875,4.1819816,18.955872,15.903687,8.768672,7.2415566,27.39747,12.336492,13.495768,26.875395,10.263999,18.719305,32.502064,18.520567,21.45371,16.669167,8.753255,5.4151845,28.462122,27.956305,29.830336,22.488821,4.331752,12.920214,9.634476,30.738955,26.812769,24.725971,17.149841,11.547295,20.562815
301,22.429094,29.99938,22.137615,5.072273,14.56753,12.896446,17.48993,13.660355,20.154896,9.396877,23.306175,14.49372,11.923346,24.51998,17.219542,27.110188,29.352085,16.791431,16.387346,15.792162,7.0276947,4.205927,27.864977,23.081335,30.291933,18.171568,13.5613985,13.120228,9.191996,24.618668,25.946337,24.025341,12.958302,10.648792,19.353947
302,25.699759,29.245739,27.263222,14.994306,28.898556,6.2122526,21.190025,11.088184,7.2701287,2.8105204,13.344212,12.877876,10.770792,20.938313,10.919265,21.718086,30.302494,22.425856,22.441116,21.415688,16.250265,14.8671055,28.557144,27.301992,21.225412,15.809542,5.1236095,9.387549,14.088297,13.346579,27.6651,25.444456,15.4752,14.232788,21.488087
303,20.485895,30.245436,22.916687,6.1281505,26.121393,4.2110944,20.729317,12.202581,6.875774,4.0621696,18.02619,12.332889,11.731248,22.417364,10.652683,21.306753,32.50688,18.290169,23.199501,20.125368,14.255361,12.357856,28.553339,25.203964,25.414211,16.769405,4.972685,10.108424,15.356067,18.202526,27.277536,24.921295,16.424078,11.08607,20.301298
304,22.08235,30.185429,24.286964,8.685293,28.396906,5.2483315,20.949415,11.609701,7.7227025,3.6819916,16.261152,12.521958,11.388858,21.846956,11.219907,22.36428,32.029922,19.331593,22.901102,20.780146,14.957641,13.462752,28.757984,25.469316,24.41349,16.135914,5.482669,9.743952,15.249696,16.052238,27.527037,25.169981,15.991742,11.870495,20.60088
305,22.517319,30.475378,24.142727,7.9913473,24.523907,6.1145234,20.17246,12.248751,10.010412,5.040773,19.688011,12.598058,12.029978,22.898813,12.03666,22.967098,31.701931,18.93827,20.89312,19.994347,12.283483,10.422898,28.995958,25.452837,26.1799,17.143703,5.943473,10.315712,12.665336,18.613691,27.467657,25.196857,14.89372,11.891408,20.519136
306,22.160593,30.325022,22.895111,6.2126336,18.146427,7.6046104,18.970392,13.332964,13.41554,7.027598,23.31814,12.72984,12.393122,24.07504,13.491594,23.916563,31.071411,17.74107,19.132608,17.980715,9.561958,7.1544805,28.550741,24.793306,28.277184,18.347559,7.6949224,11.287473,10.53401,23.137138,26.7984,24.529121,14.357401,11.072144,19.834425
307,21.11504,30.279593,23.550713,7.3725104,29.250332,4.976089,21.081964,11.545898,7.4196362,3.6395874,15.862539,12.559145,11.290932,21.680843,11.278006,22.500591,32.39236,18.647594,23.48893,20.698385,15.430952,13.894432,28.675468,24.924006,24.66156,15.768994,5.7583017,9.788004,16.337736,15.956991,27.487324,25.064707,16.333826,11.319044,20.387184
308,19.994907,24.073778,20.91674,8.877127,11.313815,27.566244,16.455208,12.036205,29.6709,23.430168,6.8306174,26.543276,8.47211,20.372402,29.501259,32.783443,9.55121,18.820604,9.941576,19.914272,5.714426,3.4496403,22.744844,17.080978,15.371587,14.235654,27.92377,20.120811,20.836845,4.867744,19.315851,24.463343,14.849338,13.520862,23.68377
309,20.520016,29.729467,23.481102,12.893807,35.641975,8.916556,24.991476,9.658604,13.060224,6.9757996,7.2260113,16.669327,7.2545276,13.685922,20.90991,31.148785,24.028378,18.388142,21.935621,25.757498,23.358181,20.578201,27.918016,15.245357,10.904772,6.1746407,13.773319,6.866096,24.914793,3.228499,27.783808,24.474987,12.962036,9.06848,20.605808
310,22.465553,29.696241,24.799934,10.39292,30.100544,5.101224,21.339888,11.141268,6.7484145,2.8046384,13.716489,12.553388,10.7924385,20.776608,11.05465,22.21375,31.417871,20.027596,23.58301,21.293268,16.683985,15.286698,28.451984,25.463402,22.433619,15.172816,5.352706,9.272494,16.551641,13.835752,27.45714,25.074974,16.251299,12.29691,20.701698
311,21.663927,24.88537,21.984596,10.373288,15.753535,29.349041,16.79667,11.112322,32.766453,23.870413,7.685971,26.469046,8.011429,19.451826,31.128126,34.717094,10.688882,18.312254,9.05184,19.78754,6.099331,4.3521247,23.343576,15.491914,15.554054,12.85551,30.67065,18.488865,18.67355,4.4214926,20.258505,24.050367,12.574236,12.16636,22.778385
312,25.962915,28.45103,27.473495,16.409197,30.113367,6.79993,21.142115,10.45956,7.2752476,2.4456246,10.72918,13.12495,10.03168,19.706081,11.223634,21.894081,29.199896,22.678883,22.573715,21.381409,17.457872,16.17164,27.886557,26.638079,19.230927,14.606077,5.8896265,9.027002,15.203807,11.053721,27.200527,25.006165,15.372726,14.299654,21.272074
313,20.08751,29.212,22.915627,12.974114,33.371044,10.795655,24.764694,9.542274,15.646577,11.910429,9.94494,18.329666,7.167376,12.946173,23.677034,31.57333,20.143974,17.58239,18.479086,26.599829,20.98116,18.354336,27.40185,12.477071,8.102694,5.8485794,16.1134,6.8831244,22.622694,2.1257393,26.999224,24.06407,10.722525,8.088845,20.713459
314,28.447855,28.014708,29.024086,19.484924,26.833155,8.097117,20.33942,10.60746,9.051905,3.2765262,12.835536,13.281998,10.35599,19.956488,11.620241,21.736877,27.43446,23.962763,19.425983,21.100136,14.877885,13.230925,27.867752,27.515285,19.001114,15.228522,5.658698,9.129402,11.007822,11.435185,27.052063,25.097996,13.225146,15.725937,21.60701
315,19.615791,23.696144,20.669643,8.98635,10.976197,31.084166,16.494928,12.045725,33.381004,26.303728,5.428343,28.663712,7.958189,19.81482,32.88918,35.24036,6.493669,18.798103,8.261226,20.56377,5.255573,3.156665,22.304512,15.301544,13.820544,13.59542,31.861664,21.209295,21.632717,2.9158669,18.616234,24.590292,14.509207,13.204122,24.298477
316,21.913074,30.527054,22.771694,5.428998,13.815234,5.5754933,19.145384,14.747667,10.608651,7.003834,25.586405,12.506646,13.113557,25.751608,11.571125,21.104595,32.074333,18.43897,20.558258,17.4774,9.262693,6.351926,28.724064,26.85763,29.248686,20.740456,5.5146904,12.183395,9.941896,27.278294,27.038568,24.850554,15.921147,11.532653,20.436174
317,21.415743,30.524609,22.423176,4.7610116,11.468151,4.5153766,19.222677,15.446104,9.222672,7.17636,26.706715,12.389463,13.389619,26.394686,10.757806,19.672865,32.408634,18.560001,21.3168,17.289429,9.215161,6.1178093,28.685434,27.517775,29.361404,21.796732,4.6135874,12.53271,10.00536,29.183378,27.01422,24.873144,16.789011,11.499473,20.61275
318,23.405949,29.835546,24.714016,9.639638,23.563038,6.748427,19.694818,11.999367,10.576771,5.242075,19.393547,12.638163,11.833533,22.49069,12.165589,22.75724,30.453846,19.445574,19.683926,19.873089,11.603565,9.828248,28.60127,25.417398,25.15626,16.994802,6.022565,10.152942,11.452882,17.738771,27.043612,24.946785,14.107235,12.37729,20.483007
319,22.791733,30.079603,24.156017,8.556047,25.147455,7.2945404,19.76495,11.743437,11.480969,5.0498075,18.74472,12.69401,11.622794,22.28694,12.751351,23.82825,30.973284,18.70276,19.968643,19.660433,12.02512,10.254965,28.625578,24.722261,25.858597,16.327608,7.0619144,10.071391,12.339478,17.412516,27.099155,24.84392,14.146242,11.7688465,20.134424
320,29.846724,27.24229,29.989937,22.356358,28.243185,9.267406,20.272491,9.924244,9.935884,2.4238143,10.235766,13.244218,9.605167,19.062948,11.869063,22.307701,26.626755,24.867111,19.294617,20.749733,15.977551,14.505844,27.30913,27.784132,17.544493,14.29058,6.530403,8.588787,10.992694,9.749622,26.739288,24.730978,13.044169,16.113396,21.421638
321,22.302557,28.20804,22.597244,7.763829,14.364815,11.617883,17.696274,13.1010895,16.470762,9.971892,19.450405,15.293817,11.2575245,22.866184,16.342974,24.598818,25.991564,18.189968,16.723928,17.094408,8.506519,5.8935804,26.685946,22.989237,25.029837,17.36967,11.943795,13.245665,11.358451,20.1672,24.872885,23.863205,13.683457,11.917835,20.150337
322,32.868412,25.165892,31.585701,28.670883,30.852818,15.866971,19.522392,8.093748,18.312815,3.2464695,5.9202814,14.457128,7.525279,15.698862,16.58244,27.195969,22.22497,25.441738,15.060142,19.660847,16.349318,15.058543,25.465975,25.042427,13.609797,10.390742,13.2898855,6.96039,9.232866,4.783982,25.210327,23.027063,9.794162,15.132716,20.165424
323,22.569286,30.696638,24.00666,7.9124413,27.43563,8.771197,20.139406,11.482403,13.769339,5.801131,18.314972,13.415544,11.475138,21.757923,14.755049,26.330698,30.97891,18.05814,19.72834,20.173008,12.559376,10.713296,29.012901,23.383762,25.951807,15.140189,9.209131,10.040875,13.781718,15.961015,27.426786,25.050314,13.706454,11.172434,20.072304
324,22.09321,29.884977,22.395542,5.915933,24.33864,13.753111,18.075647,11.200438,20.66545,8.101345,18.851679,14.392258,10.843529,21.596052,18.209274,29.417284,29.083685,15.947033,16.159359,17.481623,9.354848,7.3312416,27.799635,20.587713,27.946554,14.261091,14.779288,11.083616,11.650377,16.969334,26.012634,23.787554,11.434713,9.953863,18.66856
325,21.182625,30.596758,22.231468,4.1810956,8.8950205,3.6467042,19.220098,16.216196,8.049501,7.2174273,27.882874,12.311598,13.719704,27.27849,9.892604,18.257944,32.94818,18.816446,22.02281,16.931065,8.944689,5.6069164,28.721268,28.49107,29.946001,23.045824,3.7852623,13.044518,9.807946,31.409763,27.060234,24.976778,17.665415,11.660753,20.842293
326,20.514038,29.35623,23.178719,13.212182,34.048943,10.83659,24.631758,9.454828,15.953168,10.751215,9.647986,17.817654,7.2153897,13.151686,23.269545,31.888247,21.128788,17.71122,18.816778,26.188843,21.149336,18.570904,27.54053,13.135061,9.142949,5.862076,15.9572115,6.702364,22.518255,2.4619517,27.154673,24.067366,10.916368,8.236816,20.503927
327,20.218193,30.389473,22.509022,5.298837,23.777998,3.9278243,20.473022,12.6872635,7.1530623,4.3253083,19.824816,12.149586,12.064329,22.943691,10.569292,21.041887,32.664658,17.981323,22.740578,19.678024,13.320248,11.05319,28.605518,25.316984,26.225002,17.316257,4.6588764,10.288902,14.548218,19.882305,27.2563,24.871786,16.214655,10.988419,20.187105
328,26.781443,28.85946,28.0257,16.50935,27.946455,6.5363097,20.851202,11.055895,7.347024,2.8119855,13.630051,12.77707,10.810544,21.163887,10.46284,21.002747,29.878553,23.172548,21.768024,21.136524,15.552203,14.281409,28.373905,28.048998,21.022175,16.363665,4.7973385,9.346038,12.41755,13.682943,27.486145,25.356531,15.084438,14.767384,21.595684
329,21.55343,30.352978,22.377117,4.8980827,12.050428,5.2842307,18.97572,15.125561,10.273304,7.2741013,26.180962,12.507461,13.1889105,26.063393,11.325468,20.437124,31.98972,18.310104,20.66749,17.026361,8.965091,5.8807917,28.506498,27.009516,29.450178,21.241568,5.366517,12.504743,9.751686,28.530283,26.834036,24.697227,16.217802,11.430604,20.393349
330,23.929459,29.32244,24.858223,10.259626,19.020853,7.0595827,19.218355,12.868111,10.643237,6.3961725,20.47651,13.159966,12.007901,23.196033,12.160377,21.6454,29.371056,20.059927,19.257359,19.047108,10.67245,8.440467,28.164282,26.066135,24.856043,18.251516,6.1166706,11.12002,10.465762,19.908356,26.612165,24.817282,14.390143,12.860254,20.791739
331,21.843506,30.540674,22.683514,5.345249,14.112858,5.7991443,19.115866,14.6420555,11.01704,7.0579944,25.499178,12.537063,13.052099,25.58837,11.854083,21.498085,31.989422,18.257357,20.397522,17.486406,9.264991,6.3563867,28.707777,26.567091,29.228622,20.472506,5.81546,12.090493,10.0774555,26.968237,27.005476,24.79987,15.772158,11.405303,20.33274
332,21.332357,30.381836,22.287292,4.6509924,10.953583,4.544632,19.088087,15.494402,9.244466,7.2505307,26.722971,12.393676,13.361176,26.426931,10.72207,19.514349,32.263542,18.492239,21.218357,17.058378,9.048277,5.910025,28.540817,27.493998,29.416605,21.868675,4.658987,12.64639,9.851912,29.454193,26.878914,24.766916,16.775696,11.484266,20.5505
333,23.581465,27.761047,22.321419,8.547149,22.082884,22.157349,16.160461,10.155903,30.362371,13.381677,16.82204,17.622932,9.120213,19.57112,24.471193,33.52229,22.767212,15.184125,10.294642,15.720313,6.3313427,4.5851374,25.605526,16.269772,25.09288,12.067879,23.842634,11.961103,8.800216,13.866545,23.746754,22.134293,7.6915827,8.907787,17.78609
334,20.887375,24.710321,21.608654,9.433579,12.230918,27.75551,16.687185,12.033585,30.31439,23.000462,7.22983,26.429264,8.620841,20.558292,29.749483,33.44256,10.559702,19.10966,10.069418,19.941788,5.9235153,3.6522233,23.388477,17.33099,16.132238,14.14537,28.240576,19.964079,20.342545,5.282362,20.036083,24.763418,14.468031,13.6990385,23.732443
335,25.768642,26.444094,24.411594,13.814745,27.020895,27.504168,16.789024,8.685997,33.703407,17.769344,11.33309,21.50365,7.465257,17.374899,28.34646,35.165413,18.088827,16.81186,9.047089,17.425158,7.7931204,7.048534,24.542728,14.570666,19.033016,10.177526,29.781034,12.18458,10.775428,6.675313,22.787832,22.084375,7.2659416,9.029761,18.820156
336,24.89412,29.173615,26.689186,14.15959,29.474987,5.9500465,21.293434,10.980259,6.9170456,2.765053,12.6892805,12.925056,10.594623,20.553839,11.032757,21.823,30.269766,21.932028,22.91448,21.48242,16.828102,15.43974,28.389206,26.667799,20.86015,15.328086,5.3117895,9.334801,15.251633,12.796245,27.534557,25.292103,15.754858,13.822739,21.313597
337,30.212118,27.07133,30.024765,22.861816,27.446236,10.650655,19.885405,9.783052,12.278211,2.959086,10.698369,13.538344,9.477562,18.579622,13.179302,23.660324,25.473476,24.601461,17.526361,20.540249,15.006878,13.213031,27.12166,26.877157,17.329021,13.564154,7.7638884,8.386803,10.076091,9.120072,26.454227,24.498697,11.797859,15.907507,21.160414
338,19.84346,30.868177,22.465633,5.8239307,30.914776,5.910108,21.72159,11.259607,9.624597,4.1672206,15.224803,13.29626,10.696736,20.350063,13.791281,25.489614,31.810154,17.211443,22.99589,21.31869,16.434343,14.276295,28.863983,22.153965,24.018574,13.438308,7.991517,9.357028,18.507988,14.204992,27.771679,25.005508,15.292008,10.206587,20.009136
339,22.869776,29.420666,22.039516,5.590139,17.64876,17.222408,16.607752,12.263063,25.478104,10.41142,20.895279,15.427779,10.945714,22.922432,20.432232,30.768309,27.476276,15.795595,13.692583,15.318896,6.1857615,3.8177197,27.21,20.340446,29.887419,15.757695,18.142397,12.925601,8.748446,20.91732,25.205357,23.348423,10.632983,9.9813795,18.517586
340,20.968071,30.555613,22.060165,3.9776325,8.454897,3.3972623,19.21245,16.30582,7.7848635,7.203501,28.117537,12.225316,13.737154,27.290503,9.736565,17.982983,32.970486,18.731552,22.124912,16.893936,8.957145,5.575948,28.661354,28.481234,29.854105,23.127539,3.6071055,12.993396,9.873109,31.650723,27.003176,24.912771,17.781862,11.556665,20.788818
341,22.190231,24.81108,22.239426,10.947242,17.328491,29.62768,16.60088,10.643356,33.40302,23.258606,7.851088,25.93931,7.782956,18.9441,31.009125,34.890984,11.22682,17.991573,8.640004,19.305944,6.103122,4.5922117,23.218372,15.007583,15.757959,12.305323,31.076813,17.619099,17.390373,4.3520217,20.30532,23.557022,11.603936,11.548875,22.099566
342,19.80035,29.61568,23.107197,9.524925,34.23043,4.6298923,23.334291,10.317631,5.9504786,2.0598755,8.111324,13.972947,8.827537,16.834494,13.684571,24.900467,29.373886,18.689312,25.14114,23.18543,21.819841,19.101564,27.924965,20.859655,17.229067,10.034472,7.488508,8.152309,23.677824,7.8345423,27.664404,24.743507,15.892635,10.963245,20.430876
343,21.231058,30.389135,23.442673,7.0210567,27.735563,5.4428425,20.674994,11.708826,8.64391,4.2213745,17.36571,12.546356,11.553312,21.995882,11.746189,22.958061,32.115116,18.348803,22.354511,20.433481,14.128499,12.452319,28.758015,24.661978,25.327625,16.01609,5.999318,9.884885,15.185282,16.693455,27.399189,25.030384,15.638547,11.245026,20.265272
344,22.966902,29.099459,25.285587,12.52946,31.478386,5.589309,21.867788,10.572453,6.669216,2.4801989,10.567736,13.161204,9.839667,19.067415,11.979078,22.973888,29.865181,20.647007,23.841997,21.925121,18.770061,17.151484,28.017906,24.454868,19.378973,13.33432,6.263528,8.836809,18.470575,10.761565,27.363863,24.897715,15.971559,12.655869,20.813118
345,24.00497,29.377031,26.167503,12.896468,29.996138,5.419736,21.543188,11.105333,6.0826373,2.7756846,12.553419,13.041969,10.63566,20.652754,10.787823,21.4748,30.798882,21.523546,23.838837,21.5937,17.362265,15.965542,28.437279,26.448671,21.010033,15.401423,5.2626963,9.454524,16.373022,13.004762,27.600018,25.335878,16.4131,13.360981,21.333782
346,22.25206,30.107718,22.701317,5.9450574,15.485297,8.43556,18.508377,13.8175125,14.408825,7.592925,23.762705,13.084878,12.429575,24.666918,13.831693,23.815016,30.600214,17.81219,18.645535,17.11561,8.675072,5.9808598,28.275904,24.950623,28.93795,19.037281,8.489679,12.054582,9.758976,24.78233,26.50278,24.39976,14.371277,11.179076,19.864897
347,20.570908,30.526146,22.390583,5.16867,21.321829,5.0757437,20.040956,13.051178,9.58128,5.5162764,21.308987,12.442271,12.245686,23.286764,12.0239525,22.519638,31.973366,17.68267,21.425373,19.239954,12.043104,9.572203,28.716103,24.823343,26.912153,17.501322,5.810216,10.758467,13.686739,21.045479,27.171795,24.852386,15.591131,10.989269,20.115612
348,22.008392,30.460394,22.858242,5.8761744,16.499859,6.4613843,19.12726,13.920769,11.90528,6.9013205,24.27555,12.567529,12.735203,24.75605,12.542953,22.66739,31.570572,18.05895,19.872087,17.907,9.569328,6.9530177,28.685566,25.730764,28.618395,19.337887,6.4702444,11.601718,10.444081,24.771664,26.958006,24.724949,15.097428,11.318673,20.132694
349,30.90074,26.209623,30.568756,25.108513,28.749403,11.005603,20.032179,9.1994,12.069119,2.26863,8.119599,13.566639,8.755445,17.381746,13.237534,23.670338,24.485443,25.283772,17.757689,20.507835,16.479017,14.763227,26.467339,26.819336,15.234071,12.459778,8.17576,7.869744,10.789074,7.172671,26.088158,24.08603,11.793303,16.148075,21.030308
350,24.049303,29.606802,24.786465,10.237882,23.739004,9.199856,19.124817,11.565947,14.079596,6.125026,19.20031,13.147111,11.470042,21.915443,14.128967,24.879662,29.340662,18.992903,17.821903,19.356915,10.6742935,8.868582,28.32519,24.146173,25.229568,15.997298,8.506432,10.094819,10.531644,16.772093,26.693876,24.576056,12.68368,12.047173,20.02388
351,21.489237,29.936218,22.043633,4.8576946,11.835639,6.1711454,18.452463,14.799433,11.509169,7.3965406,25.679054,12.576921,12.883506,25.624575,11.887222,21.038458,31.300901,17.83032,19.771118,16.417091,8.462502,5.2934585,28.05144,26.264473,29.459024,20.601704,6.283226,12.452772,9.409148,27.981852,26.37726,24.276522,15.538484,11.246196,19.941713
352,25.836697,28.697176,27.392868,15.91473,29.397705,6.4677935,21.184013,10.751051,7.076174,2.6790206,11.789116,13.112605,10.324922,20.10842,11.093613,21.650343,29.458418,22.63395,22.485535,21.44723,17.008776,15.606568,28.106087,26.889606,19.77501,15.0545435,5.5223436,9.208196,14.8023615,11.876727,27.356188,25.177767,15.385761,14.336519,21.414206
353,22.835857,29.560411,25.315681,11.395164,31.393469,5.1906905,21.71426,10.889271,6.00079,2.4302359,11.901714,12.998794,10.463219,20.198076,11.021496,22.04452,31.151403,20.62819,24.283846,21.68321,17.957865,16.441893,28.397778,25.532646,21.170197,14.581966,5.5789804,9.243273,17.815866,12.257083,27.588099,25.218245,16.526808,12.71124,20.998446
354,21.608517,30.421473,23.77716,7.657677,28.577492,5.6834974,20.862057,11.585327,8.726509,3.975585,16.583254,12.66622,11.3974695,21.822168,11.896107,23.255457,32.16257,18.654501,22.616823,20.570574,14.690287,13.045296,28.831156,24.831762,25.099325,15.765943,6.25624,9.851454,15.546098,16.16177,27.546503,25.135672,15.744683,11.466978,20.377974
355,22.284702,30.062,22.135372,4.985033,14.079966,11.8545065,17.678825,13.893414,18.852179,9.13522,23.746553,14.241519,12.110461,24.762346,16.44799,26.240486,29.70843,16.97284,16.969234,15.926428,7.2594447,4.3699284,27.956947,23.613342,30.239134,18.60844,12.460436,13.078337,9.304781,25.242014,26.064377,24.12441,13.42545,10.760594,19.497387
356,29.27875,27.365053,29.667656,21.674036,28.563154,8.781001,20.51078,9.993862,9.303059,2.4978993,10.139848,13.3489,9.63372,18.919432,11.863453,22.215904,26.737808,24.630959,19.768764,21.021656,16.423035,14.87311,27.372812,27.516102,17.311844,14.11742,6.368272,8.649625,11.879496,9.520929,26.823467,24.802486,13.315225,15.947319,21.488264
357,32.71685,25.065483,31.641655,28.87243,30.684568,14.430811,19.803793,8.20153,16.124086,2.7260897,5.3250113,14.155486,7.5744395,15.770295,15.511556,26.018963,22.438772,25.903576,16.20138,19.990782,17.195995,15.966506,25.510023,25.714462,12.977167,10.734951,11.773451,7.0661926,10.031947,4.776225,25.346039,23.211424,10.630306,15.642727,20.466152
358,21.078245,30.632097,22.977833,6.6302834,29.204634,7.885261,20.722687,11.240309,12.482116,5.217039,16.827303,13.422019,10.952377,20.87736,14.668192,26.224854,31.173866,17.278297,20.903648,20.379107,14.235758,12.20792,28.736588,22.351875,25.132706,13.993641,9.308025,9.668932,15.791672,15.087684,27.410864,24.8025,14.1201315,10.384088,19.789137
359,21.195673,30.468573,22.242683,4.384867,9.468332,3.805624,19.181137,15.9879,8.209311,7.2083282,27.50062,12.299901,13.595213,26.975447,10.030581,18.451385,32.67904,18.747164,21.807106,16.990513,9.017453,5.7568464,28.61853,28.193089,29.615896,22.701712,3.924265,12.877129,9.80646,30.771666,26.96685,24.880117,17.407084,11.6040745,20.749926
360,23.148834,29.670536,25.39899,11.222165,29.616158,5.06412,21.346527,11.270872,6.348546,2.8403728,13.916255,12.620141,10.925652,21.125074,10.653478,21.614435,31.455101,20.675884,23.658672,21.345211,16.536955,15.205607,28.548761,26.190742,22.359142,15.752618,4.9856653,9.420979,15.939133,14.202529,27.560274,25.239882,16.387686,12.751295,21.002825
361,29.710686,27.13264,29.879375,22.384138,28.2866,9.368443,20.277563,9.849106,10.137454,2.5811977,10.15958,13.3728895,9.525682,18.67439,12.193227,22.553606,26.175642,24.710222,18.970934,20.848408,16.015724,14.40712,27.190195,27.340845,17.050116,13.862314,6.7202044,8.470728,11.18196,9.176401,26.630674,24.635742,12.734677,15.986796,21.35559
362,21.052408,29.571762,23.391163,13.12313,34.77286,12.167404,24.27574,9.406879,17.507221,10.107672,8.696386,17.796394,7.1963906,13.889609,23.457005,32.827538,22.267485,17.793888,19.28647,25.398441,21.002146,18.646704,27.670004,13.987285,11.082102,6.2263794,17.12103,7.1854625,22.791368,3.0867555,27.203352,24.171589,11.651901,8.42088,20.368378
363,22.697624,29.770376,24.867271,10.1755495,28.902514,5.1124954,21.029043,11.377558,6.9572797,3.0912342,15.031759,12.386928,11.110859,21.467913,10.7213745,21.782085,31.682415,20.048426,23.166458,20.943214,15.631983,14.304469,28.532677,25.927616,23.354694,15.999685,5.0457115,9.469341,15.243453,15.172224,27.42861,25.09,16.125376,12.335529,20.706545
364,22.978485,29.904034,22.388187,5.6333103,17.280046,15.584539,17.160051,12.749571,23.469444,9.954297,21.834242,15.102056,11.399631,23.602392,19.256596,29.626747,28.500187,16.360962,14.887493,15.795896,6.7148466,4.238769,27.733572,21.558449,30.129953,16.675247,16.343864,12.92112,9.005008,22.1068,25.754566,23.819885,11.539318,10.326195,18.987427
365,29.987019,25.493782,29.910778,24.716602,29.434422,9.986614,20.005114,8.855907,10.139262,1.65892,6.4617243,13.168368,8.310159,16.811052,12.2139,22.372631,24.446373,24.995264,18.944132,20.19933,17.646534,16.225422,25.78645,26.590805,14.156177,12.128865,7.572775,7.649289,11.9228735,6.6159973,25.609438,23.568592,12.55424,15.801033,20.677153
366,19.161316,30.60057,22.367733,5.974103,32.50794,4.2894716,22.35234,11.136265,6.4542985,2.779666,12.840991,13.157995,10.337683,19.794123,12.311039,23.839872,32.205795,17.646824,24.985102,21.851425,18.468466,16.276352,28.623035,22.618881,22.663155,13.122965,6.626931,9.1273155,20.716045,12.947143,27.813412,25.031565,16.548368,10.42893,20.21221
367,21.916513,30.368067,22.653866,5.6352673,15.548203,6.721544,18.947363,14.077248,12.334871,7.144929,24.497635,12.667533,12.72562,24.89467,12.730966,22.70709,31.400871,17.925974,19.686514,17.545755,9.268703,6.5241075,28.548227,25.642578,28.859528,19.475237,6.8130093,11.819888,10.265485,25.370504,26.814346,24.610996,15.08468,11.2327795,20.051493
368,24.900768,29.38375,26.664848,13.737545,29.084274,5.8446975,21.185326,11.154676,6.980615,2.8050275,13.632954,12.73018,10.846715,21.11433,10.731603,21.60238,30.778688,21.854048,22.846664,21.320713,16.22914,14.929843,28.552961,27.025436,21.762548,15.932065,5.0329647,9.401537,14.507538,13.821165,27.614672,25.360823,15.803192,13.731195,21.305218
369,19.526913,30.567009,22.439568,5.700042,31.418125,4.6727867,21.707966,11.2604065,7.193131,3.1910205,14.310583,12.857397,10.765594,20.648636,11.999104,23.541662,32.55295,17.561613,24.322556,21.148228,16.990467,15.066159,28.629011,23.279919,24.097254,14.128618,6.541706,9.4277725,18.992002,14.414673,27.622581,24.961512,16.421677,10.462394,20.072361
370,20.479511,30.382221,23.205902,6.535989,29.082613,4.277773,21.2595,11.764215,6.3261676,3.3726149,16.106497,12.566055,11.394471,21.82362,10.660018,21.630323,32.84756,18.485899,24.106207,20.683044,15.703614,13.913715,28.661116,25.109575,24.773079,15.962904,5.290268,9.802125,16.850763,16.397663,27.529375,25.099613,16.780966,11.073981,20.430645
371,30.626873,26.568373,30.325695,24.160715,28.385778,11.043113,19.92697,9.386774,12.439806,2.536622,9.120889,13.523195,9.021008,17.890478,13.3000555,23.855726,24.929955,24.93551,17.615961,20.455597,15.826132,14.141263,26.720453,26.772026,16.224716,12.888231,8.180353,8.036294,10.439509,7.98317,26.207378,24.212954,11.781668,15.943695,21.012247
372,24.328272,27.85523,26.271507,16.575619,32.770626,6.917987,22.200102,9.635418,7.718761,1.8532636,6.845317,13.727512,8.47741,16.547306,13.297906,24.135288,27.222246,21.616209,22.9861,22.18633,20.858244,18.79789,27.043825,23.238386,15.135463,10.664605,7.7326345,7.748708,19.428188,6.803733,26.869768,24.272394,14.756679,12.9474125,20.634903
373,26.533596,28.62614,27.72517,16.767733,29.170677,7.2283416,20.865545,10.538198,8.443718,2.6894703,12.256026,12.987151,10.306856,19.90321,11.605671,22.420752,28.922611,22.690367,21.109562,21.322393,16.153185,14.644875,28.10517,26.719574,19.924103,14.702255,5.7925186,8.931996,13.486927,11.473158,27.294004,25.105145,14.289598,14.580564,21.242054
374,21.82022,30.486813,22.623379,5.291505,13.810913,5.8695674,19.04559,14.67934,11.118332,7.1226783,25.54775,12.5603895,13.042808,25.616339,11.887921,21.479546,31.911524,18.21948,20.325233,17.36067,9.16578,6.218239,28.644575,26.542131,29.276716,20.50886,5.8957787,12.152094,9.9988985,27.131517,26.943102,24.751776,15.754988,11.387081,20.301613
375,23.690931,29.254274,25.658222,12.484531,29.864412,5.8371162,21.168596,10.874144,7.3732247,2.7759843,12.927088,12.724616,10.533981,20.271496,11.394298,22.439194,30.396313,20.809006,22.749123,21.32941,16.65868,15.2202015,28.253193,25.628998,21.341682,14.770376,5.6225595,9.130748,15.845413,12.699296,27.329393,25.014109,15.568301,13.020233,20.81768
376,21.09818,30.388401,21.945263,4.054479,8.876094,4.325574,18.916317,16.001837,9.078117,7.3728223,27.597498,12.411695,13.502519,26.932623,10.470063,18.90005,32.50098,18.399164,21.391087,16.533638,8.6610565,5.2229958,28.462692,27.883596,30.024088,22.491133,4.583286,13.019991,9.673893,31.026352,26.806387,24.713171,17.153387,11.488991,20.52549
377,18.60745,30.08115,22.257359,8.275473,33.99295,4.650324,23.899414,10.459957,7.146492,2.8440697,8.815905,14.454376,8.711224,15.937786,15.468237,26.832552,28.451902,17.69269,24.478012,24.090626,22.171778,18.83576,28.127808,18.723785,16.16258,8.649234,8.2775545,7.7531347,25.179136,6.8618107,27.814753,24.772934,15.135601,10.035734,20.338472
378,25.177979,28.92241,26.928692,14.761285,29.603416,6.1042933,21.231636,10.859373,6.743524,2.676631,12.049839,12.977063,10.44109,20.436956,10.867477,21.543137,30.068935,22.20572,23.057236,21.39935,17.053019,15.788121,28.205242,26.790533,20.404324,15.337022,5.391467,9.305078,15.2631035,12.486336,27.400753,25.19131,15.867768,13.9370985,21.328196
379,21.883947,30.568739,22.994335,5.974101,18.01287,5.929649,19.438255,13.688992,10.988317,6.3443556,23.69112,12.412956,12.698647,24.503717,12.09792,22.386627,31.889883,18.18812,20.33585,18.390013,10.199162,7.6707726,28.820261,25.818638,28.242125,19.04712,5.9122734,11.270668,10.955135,23.847649,27.145372,24.859138,15.209378,11.366298,20.220999
380,19.668547,23.776737,20.720531,9.014751,11.624428,30.75474,16.64163,11.917704,32.850002,26.565704,5.5985117,28.642433,7.95916,19.919495,32.549156,34.77106,6.9052544,18.718847,8.689836,20.646614,5.3972373,3.4247122,22.346354,15.468938,13.686544,13.731217,31.618847,20.97459,21.80915,2.9327095,18.698633,24.549297,14.698978,13.045456,24.238527
381,21.991081,29.730839,24.39172,9.608222,30.060066,4.966483,21.273907,11.174301,6.685808,2.8836398,13.944665,12.509277,10.830304,20.865866,10.995228,22.141943,31.615545,19.633389,23.677977,21.11543,16.543098,15.130514,28.396338,25.256363,22.81003,15.204106,5.402399,9.33979,16.675573,14.179794,27.385527,24.98805,16.333475,11.998409,20.559376
382,33.165173,24.82413,31.886078,29.892132,31.545202,15.354328,19.850546,7.8306313,17.424534,2.7431877,4.564669,14.218217,7.1996264,15.273556,16.217876,26.853281,21.980091,26.01928,15.769111,19.817314,17.582067,16.48235,25.321665,25.326704,12.408655,10.071835,12.886032,6.703159,9.705575,4.17105,25.25266,22.98418,10.206219,15.392025,20.26509
383,18.505043,29.937023,22.170116,7.650069,34.843037,4.190136,23.465446,10.296885,5.7333536,1.8039138,8.3538,13.99232,8.867064,16.572306,13.770838,25.136396,29.714703,17.728611,25.213259,23.258379,21.911987,18.740662,27.97238,20.035427,17.699163,9.3599415,7.482353,8.0053215,24.67699,7.481148,27.708559,24.724485,15.724258,10.370994,20.179707
384,32.307583,25.780588,31.383156,27.379263,29.888256,13.942659,19.82042,8.656471,15.857789,2.8099818,7.053873,14.237038,8.118663,16.430902,15.332068,25.899658,23.236076,25.525444,16.099098,20.13841,16.377764,14.724173,26.055332,25.942402,14.370063,11.231774,11.195028,7.3759255,9.912144,5.724383,25.744024,23.630985,10.522156,15.745894,20.66433
385,29.932268,25.72492,30.062977,25.143278,30.908524,10.586676,20.636501,8.765219,10.919839,1.7438517,5.00448,13.810727,7.987058,16.090452,13.412931,23.76471,24.113554,25.091866,19.44174,20.7714,19.064938,17.419512,25.934546,25.909218,13.089699,11.077762,8.786694,7.573826,13.9400015,5.166201,25.854689,23.755835,12.78219,15.578225,20.874416
386,21.445408,30.502306,22.882923,5.9509416,21.979671,6.221611,19.690094,12.706411,11.077289,5.5873137,21.468348,12.435201,12.193147,23.262428,12.4759865,23.302713,31.803968,17.752192,20.379414,18.984598,11.284,8.968633,28.732119,24.740965,27.395184,17.322819,6.491928,10.56912,12.311184,20.683285,27.141928,24.76994,14.674678,11.095663,19.940226
387,23.334633,29.655085,25.313438,11.047032,28.257849,5.387628,20.864834,11.376873,7.3254423,3.1689496,15.36388,12.360342,11.160185,21.505537,10.760238,21.757156,31.300953,20.430378,22.538862,20.947521,15.157245,13.82417,28.535532,26.171877,23.18229,16.153463,4.926319,9.409074,14.348709,15.150576,27.395674,25.108118,15.709536,12.687449,20.791002
388,21.613869,30.403677,23.987267,7.9669576,29.320127,5.1287317,21.131184,11.549564,7.6243014,3.5511074,16.04425,12.545991,11.371476,21.78314,11.295466,22.638863,32.424118,18.99166,23.303059,20.88729,15.325211,13.81006,28.858095,25.20383,24.660799,15.8914795,5.6355133,9.696064,15.951883,15.861366,27.641933,25.219471,16.17686,11.571331,20.532394
389,21.24832,30.48477,22.213253,4.3865323,9.681597,4.1873713,19.13296,15.899153,8.7961445,7.3366957,27.372288,12.410376,13.525124,26.862362,10.422156,18.934526,32.53641,18.6264,21.558393,16.91764,8.960624,5.66955,28.616367,27.951883,29.702015,22.450705,4.3710155,12.904517,9.804988,30.559134,26.958637,24.863672,17.19235,11.565018,20.692526
390,31.891344,25.41104,31.210545,27.532919,29.978167,12.61811,20.023983,8.607466,13.735006,2.242477,5.85104,13.905295,7.964009,16.225042,14.312147,24.739748,23.211668,25.808035,17.292788,20.321949,17.434053,15.93439,25.813982,26.285769,13.397457,11.307364,9.94426,7.3779154,11.002003,5.386207,25.628857,23.573286,11.41955,16.003763,20.768698
391,20.63995,30.475037,22.488705,4.882197,15.590047,2.742268,20.003077,14.646908,6.2485924,5.6530333,24.538252,11.89831,13.115692,25.300812,9.454772,18.598001,32.888042,18.745546,22.644636,18.681156,11.129036,8.410763,28.775213,27.391323,27.66292,20.703787,2.9734054,11.556698,11.8448715,26.044567,27.255116,25.039259,17.182135,11.547081,20.734848
392,20.462017,30.524649,23.21849,6.469394,29.4358,4.386638,21.397541,11.775808,6.510309,3.5556424,15.909936,12.704964,11.384024,21.806112,10.98334,22.042702,32.878128,18.474707,24.275074,20.868551,15.92436,14.199869,28.794603,24.988,24.772324,15.884894,5.535244,9.9185295,17.278355,16.245176,27.646652,25.2131,16.905268,11.096802,20.522087
393,20.964365,30.190414,22.959732,6.2652287,23.683834,4.760157,20.175053,12.475689,8.271311,4.744819,19.785522,12.218607,12.004071,22.854124,11.0997925,21.672548,32.00124,18.205978,21.841469,19.636568,12.711417,10.687487,28.541239,25.164228,26.051065,17.272907,5.1066,10.2844305,13.606506,19.47411,27.107416,24.797733,15.62589,11.213046,20.171831
394,21.15329,30.392878,22.218777,4.473038,10.195484,3.9085495,19.15913,15.74007,8.360396,7.116446,27.164242,12.23406,13.492132,26.675795,10.142848,18.711346,32.531895,18.616913,21.639938,17.090296,9.105601,5.9314003,28.553925,27.880888,29.371872,22.326212,4.013414,12.65658,9.886942,30.08916,26.902351,24.79356,17.175957,11.504852,20.627668
395,21.4678,30.472414,23.306149,6.7577257,26.343327,6.303212,20.283262,11.874311,10.303359,4.831268,18.511417,12.676824,11.669905,22.251566,12.53213,23.760479,31.881186,18.020721,21.343407,19.902784,13.093732,11.213552,28.779255,24.39395,26.153326,16.092867,6.828038,10.1247835,14.208878,17.585741,27.329489,24.941437,14.996893,11.173697,20.087576
396,28.72597,28.013008,29.119526,20.026884,28.106058,9.169456,20.326744,10.212933,10.807823,2.9617424,12.119227,13.314082,10.03491,19.368046,12.565977,23.286085,27.18772,23.726336,18.848818,20.970804,15.148825,13.403691,27.783384,26.907206,18.899454,14.216955,6.792573,8.640486,11.198529,10.423634,26.993593,24.921314,12.667436,15.375116,21.272831
397,21.207396,30.383257,22.266403,4.5674477,10.587884,4.051382,19.160378,15.631884,8.540868,7.1260753,26.97258,12.2590065,13.450883,26.568419,10.275543,18.931376,32.450523,18.598318,21.53832,17.143026,9.132822,6.0050063,28.553616,27.758474,29.313297,22.169123,4.1379366,12.610991,9.897836,29.78356,26.89847,24.788649,17.05665,11.496586,20.611654
398,20.905058,30.703566,22.042328,3.7577677,7.9332614,3.0654325,19.295261,16.54135,7.4104533,7.122124,28.618135,12.159248,13.883831,27.590515,9.449164,17.62392,33.336422,18.806341,22.419071,16.898115,8.937782,5.4867096,28.782473,28.831614,30.1281,23.502857,3.2919436,13.058,9.864051,32.304775,27.119577,25.011118,18.073044,11.572835,20.87344
399,28.875238,27.6308,29.397205,20.78333,28.361725,8.403575,20.541422,10.181068,8.961506,2.589249,10.776051,13.271684,9.849588,19.316387,11.632331,21.985065,27.232891,24.393381,20.030443,21.059254,16.18456,14.66944,27.565681,27.601093,17.973429,14.516734,6.071869,8.813948,11.901454,10.204462,26.94994,24.923115,13.54706,15.828005,21.529364
400,20.994652,30.620253,22.078457,3.9137826,8.30386,3.3604505,19.22603,16.382183,7.754345,7.181539,28.265442,12.2291975,13.78861,27.415546,9.681587,17.93046,33.108864,18.763254,22.19429,16.86734,8.91465,5.503585,28.715464,28.616482,30.031973,23.254156,3.5662282,13.051823,9.84105,31.884228,27.054052,24.959137,17.85955,11.589756,20.823563
401,21.418484,30.438597,22.630524,5.335027,14.949306,4.6151094,19.392218,14.499731,9.20648,6.4230304,25.124033,12.142148,13.038224,25.323843,10.864514,20.38858,32.26405,18.392126,21.100565,18.00635,9.919151,7.1855655,28.676872,26.75563,28.439388,20.434832,4.615505,11.647803,10.596915,26.281273,27.030502,24.796957,16.141882,11.391019,20.36901
402,26.125883,28.916641,27.345757,15.650743,28.116493,7.1254067,20.676472,10.839197,8.809543,3.118298,13.78587,12.908664,10.655686,20.434256,11.650442,22.436012,29.209982,22.232056,20.71265,21.18994,15.1910305,13.623411,28.286936,26.615782,20.905985,15.222869,5.6621857,9.097803,12.851164,12.607672,27.316143,25.154999,14.150218,14.286439,21.182817
403,19.61761,30.568035,22.549656,5.968807,31.45148,4.60453,21.836626,11.273527,7.0590596,3.151904,14.122344,12.906542,10.705836,20.535671,12.049501,23.567553,32.441196,17.703697,24.401152,21.32204,17.212902,15.273962,28.654675,23.252562,23.7681,14.0451565,6.486206,9.380916,19.14794,14.231117,27.680326,24.99871,16.433372,10.530569,20.15053
404,22.319988,30.375916,22.804436,5.9535193,16.82153,8.314815,18.733793,13.634445,14.439285,7.426869,23.888391,12.990289,12.455294,24.505106,13.901294,24.172318,31.043976,17.674484,18.774158,17.398893,8.971169,6.3290806,28.513414,24.884533,29.061983,18.70578,8.452859,11.718833,9.951994,24.31598,26.749922,24.496014,14.250954,11.038001,19.811113
405,20.279255,30.34766,22.942032,6.463839,30.447786,4.8476973,21.30462,11.344288,7.278942,3.3980227,15.039213,12.653908,11.026692,21.163317,11.545477,22.917196,32.485058,18.043888,23.87639,20.811136,16.13247,14.457644,28.58257,24.122961,24.46443,14.967707,6.1472206,9.612489,17.55068,15.176206,27.480623,24.95341,16.370909,10.856937,20.166716
406,26.56437,28.593613,27.814602,16.714697,28.792715,6.822715,20.873648,10.704218,7.6108055,2.6233108,12.277091,12.885739,10.407569,20.379583,10.946152,21.588411,29.326946,22.960829,21.745485,21.196207,16.223616,14.905716,28.11083,27.327026,20.166784,15.397644,5.3351917,9.163059,13.390482,12.27872,27.311722,25.159214,14.905839,14.698036,21.390242
407,21.06699,30.593653,23.28569,6.6411734,27.762108,5.654666,20.726469,11.751089,9.191493,4.3582296,17.53253,12.670266,11.575794,21.972446,12.188709,23.528307,32.195007,18.11507,22.28622,20.457813,14.141719,12.335259,28.88294,24.38426,25.542072,15.798763,6.405841,9.92367,15.558992,16.665728,27.492449,25.096811,15.574252,11.117731,20.23224
408,22.156961,30.50422,23.049786,6.1767836,17.532337,6.503089,19.225279,13.682587,11.901275,6.7089453,23.890121,12.522753,12.675854,24.535238,12.575877,22.88525,31.594408,18.13348,19.834045,18.17738,9.766339,7.277114,28.772362,25.65224,28.416306,19.0451,6.437291,11.393191,10.523658,24.013311,27.047583,24.786875,14.931044,11.383007,20.148918
409,20.956537,30.411572,23.387718,6.786786,27.024849,4.6411514,20.888996,12.039274,7.421975,4.244152,17.643126,12.551627,11.715032,22.263199,11.170587,22.026741,32.324226,18.572117,23.02483,20.594887,14.410593,12.668139,28.79675,25.112455,25.105429,16.531588,5.3051443,10.073414,15.564921,17.314455,27.464075,25.148792,16.260715,11.31496,20.51096
410,21.412884,30.412977,22.391556,4.800315,11.534569,4.6137786,19.134521,15.362595,9.317254,7.1684833,26.508741,12.381612,13.332184,26.3086,10.784238,19.7078,32.26694,18.51487,21.185637,17.205864,9.144086,6.077435,28.587217,27.418228,29.319185,21.702692,4.683443,12.533664,9.925314,29.029102,26.919546,24.795898,16.686474,11.494887,20.551744
411,21.275675,29.943472,21.886024,4.5525713,10.899794,5.7383614,18.47722,15.084484,10.957874,7.4270897,26.099043,12.52067,12.992883,25.893217,11.555295,20.481129,31.47837,17.860964,20.095285,16.328196,8.436974,5.196273,28.04097,26.546377,29.571737,21.02604,5.9232807,12.609211,9.472994,28.763777,26.37181,24.286404,15.911422,11.242218,20.003565
412,23.500753,29.516243,25.568989,11.788273,29.225191,5.3359914,21.194508,11.207117,6.8035383,2.8960106,13.941966,12.57956,10.871413,21.001749,10.849314,21.811378,31.072481,20.80667,23.157543,21.25919,16.28246,14.937575,28.469604,26.170942,22.176722,15.639459,5.075902,9.369143,15.461398,14.04431,27.474127,25.170404,16.03576,12.936751,20.95808
413,21.366978,30.525373,23.313213,6.765743,27.323418,6.3764563,20.45675,11.720932,10.265946,4.7176843,17.894588,12.781973,11.546151,22.008417,12.689475,24.016205,31.93436,17.98781,21.598526,20.10569,13.570975,11.734861,28.813992,24.213665,25.913256,15.747701,7.0663834,10.039776,14.808334,16.932737,27.397568,24.989307,15.092604,11.103924,20.106041
414,25.081175,29.076426,26.828793,14.564664,29.614693,6.086936,21.307932,10.898327,6.9928446,2.717955,12.337529,12.973718,10.4958515,20.384857,11.123445,21.905945,30.074429,22.072708,22.86501,21.506924,16.994972,15.6022,28.33264,26.65416,20.551704,15.160613,5.4235897,9.290474,15.309736,12.4590845,27.511822,25.271664,15.688305,13.92933,21.328588
415,28.086988,28.397367,28.57888,18.380358,26.724533,8.718538,20.080433,10.619802,10.687332,3.4783971,13.989406,13.165608,10.516985,20.166245,12.309713,22.898388,27.71974,23.168133,18.628592,20.861464,13.959898,12.239221,28.052662,26.892225,20.208578,15.088119,6.300538,8.978946,10.509464,11.940918,27.058933,25.040174,12.676087,15.147391,21.258335
416,19.324713,23.68077,20.535057,8.724613,10.351244,31.06386,16.615822,12.243235,33.045544,26.795826,5.237324,29.047636,8.0516205,20.123186,32.930798,35.058704,6.164584,18.961945,8.518981,20.84529,5.2243567,3.0625982,22.30213,15.624647,13.622096,13.943387,31.730135,21.653065,22.396477,2.820484,18.507246,24.827772,15.136663,13.46023,24.673717
417,21.49401,30.499119,23.583336,7.188996,27.77106,5.848586,20.627363,11.677147,9.306255,4.297678,17.490093,12.627899,11.562625,22.020664,12.089645,23.443027,32.081093,18.364195,22.037611,20.397827,13.940064,12.211307,28.864065,24.612299,25.553463,15.9116,6.340522,9.902681,14.963748,16.63595,27.479702,25.095373,15.385991,11.321567,20.268751
418,21.354689,30.386862,22.37762,4.843042,11.807473,4.5477195,19.186121,15.290289,9.226665,7.162373,26.347282,12.364745,13.29269,26.174524,10.818376,19.751696,32.184704,18.501701,21.207642,17.324266,9.279972,6.259645,28.58011,27.307064,29.105316,21.566702,4.650669,12.463951,10.061772,28.742575,26.916843,24.790922,16.668495,11.475864,20.551418
419,30.390255,25.257093,30.101547,25.526514,29.679625,10.8845415,19.87651,8.620825,11.391676,1.6776364,5.9058876,13.29115,8.045777,16.382948,12.8815,23.170431,23.849775,25.049303,18.314278,20.053322,17.628254,16.178068,25.572956,26.214676,13.741845,11.577359,8.43074,7.4162765,11.702894,5.9442453,25.41545,23.365376,12.106302,15.695095,20.498644
420,26.77824,27.681087,26.626873,17.239843,30.063192,14.968882,19.575188,9.014,19.963306,8.675887,14.002804,15.549276,8.933296,16.800694,19.399519,28.962652,23.43384,19.650331,14.014568,20.320925,13.090844,11.492341,26.671719,19.876644,17.406244,10.526779,15.207133,7.8618736,10.347189,7.6946745,25.685465,23.260012,8.603945,11.185698,19.389154
421,29.81128,27.561415,29.86539,21.797752,27.522032,9.841945,20.09006,10.075333,11.280398,3.0252624,11.658836,13.439862,9.860351,19.189707,12.632237,23.136549,26.385433,24.45283,18.190434,20.788754,14.914966,13.196533,27.52816,27.265902,18.148281,14.239423,7.0020447,8.598067,10.245879,10.011753,26.790268,24.810478,12.259839,15.877567,21.367697
422,23.293734,30.448269,23.680534,7.510304,23.282846,11.315404,18.831703,11.92668,17.792059,7.270829,20.742426,13.636709,11.622055,22.70064,16.197914,27.495348,30.258648,17.484272,17.293203,18.313824,9.659276,7.6096053,28.64031,23.009127,28.068186,15.985538,11.444247,10.816873,10.495363,18.956192,26.879152,24.510798,12.344584,10.884732,19.509834
423,29.147572,27.161459,29.613216,21.87869,29.146585,8.717138,20.619091,9.838703,8.999077,2.2242124,9.148794,13.343573,9.394261,18.606674,11.799375,22.180235,26.683073,24.670383,20.278696,21.000858,17.14102,15.667922,27.176458,27.414303,16.758951,13.803849,6.5145645,8.541656,12.643916,9.0225525,26.717117,24.670452,13.663217,15.841829,21.416027
424,23.231127,30.815386,23.77847,7.333744,24.291878,10.909723,19.171732,11.911236,17.36986,6.906172,20.722887,13.5442505,11.711007,22.76989,16.008204,27.588787,30.882341,17.512655,17.81662,18.630068,10.155218,8.055824,28.96046,23.202215,28.288408,15.899166,11.1081,10.646871,11.014946,18.816238,27.221695,24.744123,12.583239,10.863056,19.614935
425,22.825191,30.027597,24.756203,9.682987,27.39726,5.7063503,20.715946,11.639414,8.392784,3.8766825,16.617908,12.549394,11.412758,21.879658,11.443422,22.491327,31.502357,19.73099,22.136248,20.697002,14.39466,12.877657,28.73407,25.675135,24.214674,16.276876,5.5583477,9.750062,14.2973385,16.099216,27.457577,25.163702,15.53014,12.263203,20.676226
426,20.824816,30.835331,21.97939,3.519431,7.41766,2.8547485,19.3472,16.73792,7.22895,7.0960236,29.062832,12.12404,13.992788,27.82054,9.303996,17.422258,33.607185,18.816086,22.618387,16.868633,8.909991,5.367741,28.880562,29.05059,30.368607,23.758583,3.1329384,13.120613,9.894311,32.848385,27.211199,25.08415,18.28704,11.564791,20.9199
427,21.991106,30.464771,22.65506,5.396896,13.876869,6.5091143,18.91103,14.587074,12.01296,7.3307195,25.355118,12.746881,12.955384,25.536718,12.402693,22.085417,31.65971,18.13181,19.930805,17.191168,8.967876,5.984278,28.601484,26.273458,29.419247,20.282492,6.5485497,12.243436,9.876645,26.942055,26.880018,24.71129,15.46871,11.370866,20.234886
428,22.916698,29.945719,22.501259,5.796827,17.659483,14.416708,17.396929,12.744263,22.005167,9.416804,22.06326,14.6624,11.528415,23.626883,18.320536,28.759205,28.936407,16.538027,15.442322,16.088657,7.109197,4.6645675,27.836452,22.019766,29.869764,16.855305,15.016554,12.540674,9.062491,22.153006,25.899319,23.876207,11.839013,10.38916,19.039759
429,21.50695,24.313847,21.625267,10.166684,16.016582,31.020788,16.167498,10.8088,34.637486,24.34606,7.1624646,26.747513,7.631988,19.004185,32.024513,35.53007,9.848933,17.727665,7.9690747,19.09242,5.4069967,3.908094,22.670532,14.490321,15.664486,12.42461,32.429348,18.545965,17.954546,3.9826543,19.554384,23.465843,11.877365,11.521494,22.264694
430,29.202702,27.410625,29.710094,21.810444,29.507273,8.727903,20.797688,9.897186,9.085151,2.205362,9.238198,13.420021,9.465082,18.699165,11.933212,22.448467,26.943846,24.718554,20.45106,21.175968,17.308943,15.794006,27.394382,27.49817,16.949923,13.80213,6.5781937,8.571568,12.881138,9.039312,26.929384,24.84655,13.747015,15.8697405,21.529722
431,23.636719,29.035479,25.777779,12.936409,30.84816,5.71959,21.467155,10.690012,6.536785,2.52602,11.264653,12.992697,10.195827,19.811665,11.285297,22.16738,30.242075,21.106771,23.689209,21.52053,17.919247,16.52805,28.077099,25.569654,20.257055,14.353148,5.8298273,9.153306,17.21661,11.674807,27.315834,25.00169,16.151123,13.10802,20.95521
432,21.565722,30.171822,24.061863,8.350835,29.94465,4.756713,21.271782,11.406342,6.7471476,3.1254492,15.185108,12.450306,11.192605,21.497128,10.850387,22.115278,32.380947,19.20804,23.783731,21.004028,15.969451,14.531913,28.681858,25.350903,24.030903,15.725896,5.2793865,9.524281,16.37084,15.316363,27.570208,25.137287,16.451357,11.6473875,20.549177
433,28.727322,27.714476,29.252907,20.3138,27.864578,8.220662,20.40716,10.303665,8.837338,2.6798644,11.404992,13.136501,10.014859,19.665361,11.381362,21.691553,27.474407,24.263027,19.952606,20.946398,15.701929,14.24613,27.628454,27.738482,18.526648,14.928566,5.79632,8.921385,11.440982,10.861614,26.94728,24.938679,13.56135,15.802096,21.506876
434,27.86038,28.202898,28.452183,18.137156,24.716036,8.8253355,19.955996,10.981564,10.44306,4.706872,14.61468,14.102996,10.642129,19.845446,12.858983,22.340864,26.310766,23.172878,17.784319,21.118004,13.366508,11.041745,27.892212,26.239721,19.065952,14.954054,6.519144,9.561607,10.662659,11.307486,26.868177,25.151756,12.100729,15.401892,21.636787
435,26.671581,28.40031,28.025234,17.299623,29.654556,6.9600487,21.090544,10.528856,7.2681108,2.495037,10.964182,13.188931,10.11652,19.911812,11.047575,21.569626,29.081842,23.22103,22.322031,21.37708,17.182625,15.897929,27.94864,27.186485,19.174809,14.967966,5.7155046,9.100673,14.426382,11.268156,27.268171,25.118284,15.224586,14.725592,21.481567
436,32.1055,25.34109,31.357002,28.325472,31.538372,14.094275,20.307997,8.24271,15.829106,2.7717254,4.6677704,14.390595,7.488436,15.534768,15.864091,26.438517,22.593296,25.728329,16.97694,20.401558,18.188465,16.902288,25.694237,25.271555,12.554734,10.31346,12.028126,7.1061134,11.573584,4.35315,25.57848,23.37983,11.103522,15.351525,20.597128
437,24.526463,29.50267,26.49665,13.220959,29.392105,5.558826,21.378681,11.245951,6.458003,2.857428,13.44864,12.860054,10.868788,21.177982,10.6203575,21.409048,31.056364,21.76025,23.487282,21.461403,16.660297,15.391186,28.610003,26.982527,21.702963,16.017454,5.021676,9.511347,15.262021,13.876609,27.686789,25.431053,16.27906,13.550242,21.395914
438,21.674639,30.536108,23.417503,6.8381295,25.916662,6.4776936,20.168964,11.930853,10.662988,4.866962,19.036291,12.599056,11.768948,22.43692,12.541996,23.831427,31.92975,18.05618,21.045822,19.798388,12.7155485,10.803495,28.834738,24.485008,26.406319,16.279058,6.815304,10.075616,13.674615,17.931717,27.346167,24.94533,14.793239,11.177599,20.057497
439,21.596973,30.560959,22.964382,5.9681597,20.067226,5.750427,19.666475,13.23081,10.562112,5.823403,22.53888,12.363245,12.483193,23.904564,12.040447,22.580616,31.939987,18.066078,20.58441,18.822176,10.910002,8.484666,28.81573,25.418392,27.696203,18.25872,5.8580904,10.881688,11.786759,22.24303,27.194246,24.871523,15.100919,11.280928,20.154322
440,20.365255,30.631138,22.913902,6.305914,30.486286,5.4603987,21.325531,11.324533,8.570535,3.7305655,15.466852,12.835762,11.032175,21.07297,12.436452,24.065071,32.34768,17.782312,23.296099,20.914417,15.864954,14.058644,28.794657,23.579102,24.72127,14.587704,6.8651066,9.566749,17.48829,15.028429,27.627657,25.036816,15.858213,10.7201395,20.11392
441,21.106188,30.499376,22.670128,5.679676,21.755203,5.8902397,19.821005,12.810347,10.712569,5.664508,21.326792,12.495262,12.178434,23.186394,12.502575,23.211811,31.745111,17.681694,20.694843,19.108274,11.584672,9.222506,28.720839,24.639061,27.135365,17.274792,6.3999987,10.658464,12.930601,20.680779,27.136911,24.794962,14.976508,11.046938,19.998795
442,28.071005,28.065947,28.748528,18.91529,27.519371,7.8255095,20.339888,10.514315,8.7475815,2.8613136,12.5705185,12.950405,10.324493,20.147394,11.208769,21.601498,28.06895,23.715527,19.985252,20.929846,15.099922,13.685306,27.847023,27.614513,19.540272,15.366259,5.4839926,9.017971,11.237944,11.794773,27.034702,25.007162,13.635657,15.45072,21.417986
443,22.112606,30.402514,22.747406,5.677397,14.538802,6.927072,18.878485,14.348686,12.562653,7.342618,24.82046,12.815394,12.817614,25.27018,12.762417,22.583244,31.389923,18.1188,19.653091,17.29646,9.003721,6.121429,28.569696,25.9453,29.197527,19.90666,6.94967,12.139741,9.936822,26.204885,26.83279,24.675066,15.204917,11.360804,20.17901
444,22.412104,30.32472,22.699444,5.814621,16.797173,9.608514,18.454924,13.516087,16.087137,7.908401,23.62522,13.3712435,12.2883215,24.394272,14.874244,25.165989,30.6405,17.411093,18.105553,17.085659,8.548666,5.9160104,28.392351,24.298992,29.331429,18.38596,9.882031,11.956486,9.79726,24.056534,26.586443,24.382227,13.799329,10.884775,19.661043
445,31.481392,26.112555,30.925785,25.964684,28.998768,11.947239,19.959427,9.066771,13.314202,2.3528316,7.8048778,13.720147,8.583048,17.209263,13.841067,24.406887,24.185917,25.475748,17.31297,20.396873,16.429806,14.7659,26.389757,26.721684,15.076774,12.219234,9.050095,7.718306,10.460479,6.867953,26.0119,23.989016,11.521255,16.093933,20.95103
446,21.321632,30.676025,22.41291,4.366161,9.219406,3.5347345,19.339434,16.215628,7.809644,7.1680846,27.828918,12.320622,13.762263,27.340034,9.779391,18.15841,33.06507,18.996925,22.162106,17.093008,9.066964,5.7839375,28.833632,28.681128,29.91811,23.136696,3.6143532,13.053864,9.79291,31.346882,27.181684,25.093565,17.72752,11.7760515,20.970993
447,31.321768,25.390873,30.784943,26.67834,29.265865,11.642244,19.91966,8.750813,12.460236,1.9725225,6.1849527,13.622963,8.120076,16.441946,13.520376,23.836447,23.485317,25.5931,17.673195,20.252855,17.293674,15.706533,25.782877,26.482891,13.668098,11.628641,8.915726,7.504911,11.175307,5.8257284,25.580807,23.579865,11.734312,16.111551,20.753931
448,21.583258,30.492037,22.49022,4.894419,11.811877,4.9530644,19.14246,15.318481,9.788777,7.272382,26.382906,12.513507,13.313109,26.30729,11.099431,20.137077,32.23107,18.52629,21.04175,17.189793,9.112728,6.0352044,28.661493,27.355795,29.48953,21.587725,5.028309,12.627334,9.898818,28.91666,26.988626,24.861273,16.55474,11.551062,20.58873
449,21.423817,29.97834,22.035725,4.7937613,11.572873,5.868993,18.52597,14.917969,11.090305,7.338335,25.876904,12.520118,12.949986,25.73386,11.647174,20.71266,31.450655,17.90392,20.001621,16.478874,8.542952,5.3533635,28.093628,26.451696,29.430365,20.796543,5.9880304,12.457491,9.484253,28.24199,26.427185,24.317944,15.73598,11.269733,20.001665
450,22.351349,30.189266,23.657372,7.280986,19.704311,5.363353,19.594954,13.1925125,9.482764,5.784861,22.326073,12.231933,12.536221,24.03226,11.260957,21.43244,31.54222,18.910357,20.493025,19.011444,10.70887,8.583276,28.722532,26.184975,27.035906,18.841162,4.9010744,10.960494,10.78815,22.131065,27.124002,24.928846,15.096294,11.933389,20.475473
451,30.248007,25.832077,30.207218,25.14173,30.203268,10.62586,20.395863,8.891535,11.145733,1.8946264,6.1526194,13.6723795,8.2546425,16.473915,13.245138,23.58828,24.210869,25.126537,18.818577,20.68656,18.13351,16.471048,26.064947,26.22413,13.761438,11.535969,8.431285,7.6111884,12.749129,5.781944,25.887644,23.82257,12.380728,15.770094,20.887608
452,22.173576,30.537516,22.95842,6.0003433,16.882965,6.853049,19.116331,13.825335,12.457267,6.942385,24.168251,12.654848,12.695937,24.699987,12.850393,23.108335,31.54794,18.040907,19.670744,17.92007,9.521671,6.9101567,28.749434,25.599615,28.730837,19.159649,6.849679,11.571904,10.385745,24.517725,27.009325,24.75674,14.90094,11.312172,20.11217
453,27.554375,27.991756,28.016544,17.8,24.48066,10.201838,19.618437,10.823826,12.609241,5.578832,14.389057,14.612732,10.380308,19.295294,14.381136,23.906992,25.287151,22.463787,16.891687,20.843775,13.063405,10.625402,27.5313,24.870506,18.630854,14.1275425,8.245235,9.54395,11.208771,10.470104,26.396458,24.81288,11.628041,14.701896,21.269215
454,29.387342,27.586115,29.653591,21.323496,28.09146,9.107577,20.281673,10.0882225,10.092879,2.682628,11.201306,13.250638,9.849547,19.309841,11.999749,22.510653,26.948214,24.42257,19.159088,20.851759,15.53415,13.984411,27.534328,27.533882,18.19858,14.440538,6.464158,8.646578,10.949513,10.20252,26.85931,24.838497,12.935031,15.83467,21.398071
455,21.560009,30.670843,23.308475,6.0686307,18.63168,3.8101606,20.15044,13.95619,7.416387,5.505522,23.289564,12.159756,12.931815,24.77572,10.217823,20.029785,32.72835,19.02371,22.104143,19.231256,11.3867,8.950207,29.057589,27.076956,27.461847,19.811552,3.739787,11.249737,11.839021,23.875076,27.520128,25.272272,16.416796,11.83439,20.837408
456,20.13053,30.333527,22.602264,5.914621,29.373856,5.4531164,20.858725,11.371874,8.635954,3.844582,15.979529,12.639132,11.123858,21.229033,12.134346,23.558184,32.204617,17.516472,22.919888,20.404799,15.149205,13.354548,28.494198,23.614899,25.01137,14.881724,6.739273,9.636301,16.947235,15.5443735,27.253744,24.765879,15.804212,10.591695,19.86376
457,20.01718,24.015066,20.938557,8.984183,11.47376,26.622446,16.444532,11.973476,28.665802,22.684305,7.1708627,25.932323,8.519016,20.262287,28.651762,32.067707,10.061409,18.786636,10.205124,19.749887,5.9176965,3.6352768,22.71912,17.305325,15.393275,14.232847,26.91596,19.67017,20.404211,5.2204423,19.39498,24.295845,14.740903,13.433907,23.445326
458,21.365547,30.240479,23.682945,7.740605,29.230003,5.3081155,21.029287,11.46854,7.9518476,3.7087362,15.786087,12.611081,11.225687,21.538399,11.607275,22.893518,32.14505,18.704723,23.161636,20.683475,15.369955,13.807484,28.669897,24.809265,24.53875,15.556377,6.044401,9.740941,16.176264,15.698835,27.477356,25.049587,16.072636,11.413605,20.365664
459,23.051846,29.872244,25.058079,10.3879385,28.22966,5.5106516,20.871826,11.45089,7.751191,3.4058018,15.7545395,12.465922,11.247334,21.59903,11.093077,22.171724,31.455256,20.09383,22.466415,20.921719,14.988185,13.568303,28.658892,25.888626,23.598465,16.088081,5.2363634,9.517043,14.545926,15.362128,27.46992,25.162102,15.650815,12.474554,20.746613
460,23.985477,25.185638,23.234314,12.375212,22.15475,30.607931,16.309206,9.613209,35.29117,21.877792,8.665155,24.744633,7.3390336,18.185928,30.847523,35.762512,13.5389185,17.291546,8.255045,18.084915,6.3763814,5.5587635,23.356585,14.261543,17.236788,11.37499,32.498886,15.60795,14.252442,4.963489,20.891836,22.63121,9.541131,10.02492,20.53613
461,20.978334,30.289398,22.516644,5.2836466,16.77505,4.118383,19.612196,14.074831,8.296976,5.924045,23.9076,12.008271,12.829465,24.726742,10.559997,20.205265,32.21619,18.298973,21.491165,18.462269,10.662848,8.116202,28.57004,26.402637,27.676157,19.788254,4.237464,11.296133,11.464042,24.76663,26.980658,24.7491,16.197866,11.299292,20.318748
462,26.169022,28.792225,27.544289,16.039835,28.873852,6.6002727,20.98501,10.815332,7.4835086,2.6797206,12.527933,12.887849,10.495855,20.500868,10.975213,21.672749,29.620895,22.710197,22.016424,21.264769,16.305998,14.955511,28.229227,27.219044,20.462841,15.448224,5.3060255,9.2351465,13.781854,12.551202,27.405474,25.227951,15.118921,14.492599,21.391968
463,31.436266,26.30833,30.849857,25.52695,28.590326,12.109625,19.842897,9.181568,13.763624,2.6054466,8.6563015,13.737733,8.77052,17.46506,13.996352,24.581005,24.294302,25.282778,16.887083,20.350927,15.813124,14.08222,26.533415,26.660622,15.654099,12.420645,9.12055,7.790886,9.932133,7.3153615,26.066856,24.055748,11.239211,16.02005,20.940094
464,23.014914,30.06831,24.064575,8.181156,20.159796,6.367195,19.349993,12.862177,10.811021,5.87785,21.933495,12.36216,12.358052,23.727165,11.898639,22.27993,31.030031,19.024462,19.63303,18.969543,10.354745,8.32771,28.671867,25.892693,26.863861,18.400465,5.651306,10.777904,10.246854,21.228582,27.022951,24.860947,14.431633,12.085903,20.37049
465,21.591595,30.492517,22.638596,5.259892,13.623142,4.86291,19.27237,14.833824,9.648119,6.840232,25.786003,12.29348,13.170525,25.741709,11.058975,20.421873,32.22639,18.461647,20.968071,17.699,9.5032,6.6503887,28.70657,26.98528,28.880413,20.920977,4.851136,12.009927,10.198328,27.36342,27.02807,24.83231,16.24597,11.4524,20.454226
466,26.433924,29.017391,27.677135,16.00889,28.01983,6.967922,20.832457,10.974865,8.370608,3.210161,13.845124,13.028744,10.762654,20.653511,11.462956,22.119228,29.322407,22.62958,20.999704,21.385517,15.327773,13.789489,28.447262,27.038425,20.804333,15.566356,5.4141474,9.268102,12.848779,12.7799225,27.489458,25.359571,14.388752,14.565119,21.459877
467,21.189941,30.652388,22.242725,4.158781,8.869427,3.6674137,19.260546,16.257048,8.108833,7.271174,27.93931,12.349072,13.738181,27.316578,9.964195,18.334494,32.981964,18.827475,22.061333,16.96062,8.973528,5.625379,28.769243,28.503143,29.982655,23.073256,3.8388183,13.079561,9.867617,31.48311,27.103481,25.01731,17.705519,11.658311,20.876938
468,21.190443,29.988256,23.589237,7.6502,28.199955,4.7658362,20.860134,11.609953,7.1103683,3.7482293,16.189268,12.4025,11.338333,21.729662,10.957789,21.925962,31.994831,18.790268,23.179613,20.610586,15.005687,13.532709,28.477123,25.031229,24.327286,16.07575,5.299655,9.767467,15.7409,16.19849,27.252491,24.918335,16.24824,11.417683,20.369852
469,21.82652,30.492302,22.594128,5.249883,13.861387,6.0927696,19.012894,14.6556015,11.462024,7.2564616,25.48507,12.646654,13.016323,25.584684,12.128596,21.760128,31.821619,18.144707,20.214222,17.31536,9.116445,6.167693,28.634773,26.39785,29.332817,20.418379,6.1692066,12.20814,10.042964,27.074425,26.919664,24.739695,15.685982,11.343523,20.27844
470,21.332527,29.800293,23.991009,8.921613,30.623175,4.6109166,21.532309,11.163982,6.1131644,2.7172694,13.396288,12.6258545,10.700251,20.594097,10.987959,22.116241,31.721375,19.336819,24.225718,21.304493,17.173393,15.62469,28.359707,24.85349,22.515085,14.832693,5.4267254,9.304162,17.76294,13.781916,27.41963,24.978016,16.630896,11.714852,20.534336
471,21.039042,30.626587,22.156593,4.015675,8.480816,3.2677546,19.271538,16.361557,7.581371,7.118657,28.2119,12.196762,13.800884,27.416887,9.575552,17.834404,33.146103,18.8437,22.258205,16.951813,8.975546,5.60856,28.741144,28.691898,29.96115,23.287903,3.4239273,13.013677,9.8256855,31.804323,27.083895,24.988615,17.885544,11.623791,20.864058
472,20.999237,30.293049,22.221268,4.4473224,9.584466,3.0075538,19.229712,15.92865,6.97829,6.8013396,27.446777,11.95746,13.619841,26.906813,9.209578,17.498787,32.806114,18.868044,22.142532,17.164171,9.19992,6.0678,28.509714,28.432547,29.182646,22.86319,2.989911,12.613601,9.766464,30.623817,26.891739,24.798334,17.603838,11.6159115,20.7306
473,26.154737,28.977375,26.919804,14.992625,27.141504,8.952039,19.935726,10.697592,12.192428,4.0625877,15.247914,13.084027,10.688571,20.333729,13.311895,24.354374,28.462578,21.251192,18.477833,20.604498,13.304347,11.576839,28.19402,25.3095,21.947828,14.699741,7.4020224,9.013854,11.324717,12.755855,26.98167,24.826908,12.597932,13.676231,20.613255
474,20.919628,30.401958,22.081032,4.2008634,9.068597,3.2511337,19.22599,16.078787,7.4864454,7.0686035,27.735958,12.108768,13.635251,26.99111,9.596386,17.849043,32.78129,18.731108,22.079296,17.049025,9.132978,5.872708,28.558802,28.298285,29.37709,22.865196,3.4119987,12.756774,9.90861,30.99056,26.92113,24.824003,17.635332,11.522302,20.723743
475,27.601887,27.559774,27.295822,16.972445,25.195007,13.776435,18.435242,10.090939,17.500751,6.316553,14.203385,14.9895735,9.838936,18.935059,16.473577,26.308321,24.6965,21.072548,14.37778,19.079487,11.157731,8.763785,26.825733,23.264809,20.524553,13.012767,12.109527,9.6590805,9.163896,10.463567,25.649342,23.951765,9.664387,13.716354,20.150078
476,21.40336,30.360714,22.378475,4.78636,11.299732,4.473041,19.080557,15.394762,9.069949,7.0567017,26.555582,12.3109255,13.350506,26.375416,10.54742,19.418068,32.3317,18.54781,21.2417,17.127817,9.078214,5.997572,28.540775,27.555162,29.365328,21.824059,4.4840965,12.540707,9.834602,29.17964,26.882477,24.76383,16.747583,11.540432,20.53413
477,33.50662,24.678045,31.918617,29.993032,31.502499,17.216505,19.358614,7.6854267,19.83692,3.2481766,4.6363134,14.587682,7.040938,15.23328,17.318033,28.009083,21.520864,25.73605,14.527862,19.30985,16.594938,15.534877,25.073895,24.805693,13.038822,9.852158,14.667793,6.7903857,8.767327,4.0791235,24.912174,22.72342,9.450366,15.084754,19.965963
478,21.749846,30.413216,23.617535,7.234896,25.531889,5.7642817,20.341316,12.101843,9.45013,4.8259563,18.855455,12.550691,11.840966,22.584612,11.949279,22.9663,31.893679,18.511705,21.592182,20.041874,13.014555,11.231692,28.833483,25.016275,25.944357,16.74808,6.017397,10.225519,13.819934,18.165527,27.372002,25.051472,15.3275385,11.470801,20.339916
479,20.631054,30.363771,22.780613,6.082471,28.149075,6.2101107,20.447329,11.478329,9.977541,4.418528,17.176418,12.687025,11.3243685,21.56949,12.610318,23.994137,31.957283,17.480972,21.87762,20.054186,14.004935,12.172674,28.549232,23.634459,25.617773,15.193876,7.2113314,9.787732,15.660172,16.219727,27.178268,24.739925,15.188986,10.667449,19.799501
480,21.336239,30.445568,22.276558,4.5300503,10.22223,4.378007,19.087177,15.721523,9.018689,7.258431,27.11107,12.396991,13.461673,26.702225,10.517038,19.168262,32.45597,18.582382,21.386713,16.943142,8.948294,5.712217,28.58464,27.799437,29.648438,22.221436,4.493115,12.788763,9.759255,30.106028,26.925161,24.82002,16.990486,11.55066,20.621597
481,22.571487,23.77986,22.785095,13.273969,21.727434,30.413357,17.134829,9.66613,32.6076,24.708786,5.6951294,26.440287,6.691481,17.340559,31.2296,34.191357,9.674248,18.189558,9.2872925,20.080973,7.994666,7.701627,22.188848,13.808405,12.11969,11.722984,32.264496,16.376923,17.493013,1.8574392,19.623547,22.6969,11.670376,10.2285795,21.811657
482,20.828909,30.28347,22.814552,5.7581673,20.012596,3.6852179,20.124216,13.430841,7.1760864,5.1651087,21.903114,12.067968,12.542276,23.871851,10.334555,20.226973,32.22737,18.532951,22.08144,19.377113,11.9619,9.618473,28.667248,26.150202,26.54948,18.759363,3.91412,10.854085,12.813968,22.156567,27.178211,24.952002,16.227661,11.492761,20.506123
483,22.166561,30.507713,22.953594,6.0118723,16.826084,6.796083,19.092463,13.821163,12.359426,6.8959985,24.214018,12.614094,12.698559,24.693573,12.758309,23.003698,31.5436,18.038578,19.659445,17.893965,9.502432,6.8779335,28.719004,25.623798,28.701479,19.175344,6.755574,11.529759,10.323245,24.532333,26.983496,24.730341,14.886859,11.307083,20.0907
484,22.115166,30.338696,22.633648,5.589156,14.53805,7.576038,18.700928,14.241663,13.457566,7.509082,24.621971,12.953007,12.699256,25.148012,13.259568,23.130358,31.14291,17.925278,19.239933,17.09777,8.766771,5.87977,28.47159,25.570982,29.33347,19.648329,7.670128,12.205571,9.8311615,26.001217,26.715569,24.571146,14.905218,11.26011,20.040361
485,22.062054,30.484943,23.026299,6.094954,17.260353,6.091936,19.272516,13.787355,11.244339,6.5154247,24.022799,12.406147,12.736379,24.666655,12.121323,22.318764,31.759647,18.234848,20.090738,18.154497,9.84442,7.297413,28.755589,25.925407,28.410044,19.278484,5.9693174,11.391027,10.466861,24.33715,27.066483,24.797688,15.115963,11.427018,20.197742
486,22.146986,30.54175,23.02995,6.094507,17.250036,6.4643793,19.22517,13.775835,11.872303,6.737619,24.081484,12.526812,12.721141,24.650331,12.532053,22.80725,31.667082,18.142517,19.881638,18.120102,9.715639,7.1788573,28.793062,25.743765,28.53841,19.177963,6.402195,11.449325,10.474578,24.30396,27.06757,24.803997,14.999756,11.379516,20.168537
487,29.467697,26.485216,29.708557,23.187727,29.83699,9.624016,20.443493,9.291189,10.146668,1.9632201,7.67178,13.387872,8.814114,17.480162,12.51064,22.998997,25.499485,24.660133,19.484835,20.778475,17.566507,16.006495,26.569958,26.627405,15.393867,12.537687,7.4455748,7.9816318,12.74721,7.3364005,26.237206,24.161655,12.953786,15.639668,21.010761
488,19.706146,23.852457,20.745708,8.969354,11.509801,30.94436,16.645382,11.978334,33.121006,26.623857,5.6094484,28.738302,7.9869184,19.991323,32.74382,35.005608,6.8922687,18.750324,8.634028,20.65321,5.349694,3.3450325,22.416275,15.473558,13.840486,13.751078,31.817322,21.106785,21.852917,2.9931023,18.745718,24.63007,14.711407,13.10578,24.305408
489,21.722805,29.956154,22.01233,4.892384,12.850572,8.328715,18.14813,14.379765,14.380671,8.042495,24.87245,13.178036,12.549138,25.154642,13.70021,23.159595,30.608646,17.398016,18.641464,16.250708,8.054416,4.983521,27.97726,25.076885,29.63682,19.662836,8.6578865,12.582168,9.475299,26.71724,26.217281,24.162516,14.653121,10.984348,19.696196
490,19.549566,31.025229,22.579853,6.6001196,31.79385,5.2936444,22.733015,11.21069,8.912145,4.0116844,13.721107,13.812919,10.268376,19.09449,14.659768,26.383678,30.849888,17.506994,23.563257,22.720295,18.357851,15.737683,29.029436,21.044641,21.490759,11.999757,7.916604,8.905548,20.960321,11.945942,28.12491,25.256382,15.279112,10.281909,20.391682
491,20.763264,24.219303,21.189075,9.481058,14.027542,29.564766,16.27482,11.224991,32.678947,24.210445,7.1121516,26.66627,7.925474,19.486235,31.109499,34.374084,9.662917,17.998005,8.699592,19.408007,5.47127,3.6576605,22.694443,15.290654,15.409575,13.021471,30.713795,19.112778,19.131676,4.306696,19.462246,23.798931,12.951777,12.24511,22.75065
492,22.03581,30.444216,22.930325,5.925499,16.086393,5.9990816,19.177176,14.067322,11.153878,6.724978,24.518795,12.43153,12.837074,24.977942,12.001906,21.982368,31.755857,18.273321,20.127996,17.893372,9.582826,6.9352365,28.701302,26.15945,28.646662,19.713875,5.8779507,11.642689,10.204897,25.249369,27.00859,24.77147,15.301095,11.452721,20.239538
493,31.467655,26.140945,30.985302,25.915386,28.092165,11.531267,19.999958,9.2697315,12.720919,2.773902,8.854413,14.082194,8.814045,16.97139,13.843841,23.861788,23.615318,25.507246,16.578749,20.66595,15.94771,13.75252,26.444914,26.634666,14.612839,12.067576,8.558003,7.802724,10.025423,6.563939,26.073324,24.142403,10.801877,16.413395,21.19605
494,20.961906,30.350798,22.168468,4.339602,9.369141,3.102362,19.241879,16.002798,7.186345,6.929575,27.584393,12.028256,13.63458,26.951265,9.379655,17.654259,32.802273,18.816639,22.135893,17.13659,9.184041,6.0023823,28.540564,28.378365,29.254677,22.879192,3.164024,12.675213,9.851823,30.787914,26.910805,24.818108,17.638374,11.568478,20.738728
495,21.867752,30.365421,22.49783,5.356267,14.421937,6.840036,18.817728,14.336561,12.57957,7.3297753,24.958382,12.735346,12.79392,25.193794,12.767495,22.591185,31.41813,17.86926,19.624258,17.181675,8.963801,6.045711,28.492727,25.770159,29.26775,19.797277,6.9767466,12.075262,10.005208,26.287981,26.759083,24.567682,15.17181,11.198846,20.033695
496,27.339891,27.771914,28.350288,18.984777,29.802385,7.819888,20.901588,10.076996,8.341563,2.3493795,9.763432,13.274033,9.625887,18.878176,11.784668,22.358124,27.731224,23.464834,21.285099,21.228413,17.417734,15.93701,27.46722,26.667631,17.793146,13.820618,6.3901157,8.70878,14.236134,9.64339,26.907036,24.774733,14.366497,14.947733,21.2497
497,21.519722,30.415092,22.398987,4.7695,11.198442,4.83401,19.030403,15.424767,9.601864,7.2232842,26.580132,12.455014,13.3449745,26.44292,10.862344,19.78318,32.281475,18.511156,21.072369,16.992577,8.942597,5.805699,28.570074,27.498753,29.620005,21.79785,4.876562,12.688396,9.751066,29.326096,26.901672,24.78977,16.647213,11.553897,20.541697
498,20.602005,30.158913,22.323963,5.0465956,16.989012,3.505389,19.695839,14.030983,7.303782,5.583516,23.61264,11.8571,12.781805,24.58975,10.009004,19.49358,32.325054,18.271017,21.870815,18.52454,10.987248,8.423198,28.447737,26.468967,27.376503,19.736403,3.7075224,11.183313,11.762706,24.57908,26.922066,24.686007,16.394505,11.266051,20.294048
499,30.429575,25.681314,30.329662,25.596466,30.27594,10.894959,20.385012,8.811146,11.4199,1.8915405,5.744009,13.743154,8.118066,16.278553,13.427359,23.750925,23.93947,25.247023,18.729925,20.65514,18.286041,16.639742,25.945198,26.14417,13.403227,11.356086,8.709432,7.544413,12.805891,5.4840307,25.79644,23.739758,12.3318205,15.775911,20.86108
500,23.323778,25.134373,23.00315,12.009061,19.787746,29.322102,16.61498,10.142427,33.505882,21.880997,8.370064,24.965633,7.6826043,18.59692,30.310719,34.87315,12.851233,17.922928,8.764747,18.837675,6.5106215,5.2619376,23.505814,15.068336,16.463156,11.8701105,30.855698,16.363316,15.738345,4.7614717,20.87565,23.209536,10.61314,11.053143,21.374533
501,31.81166,25.294327,31.070282,27.691679,30.962847,13.791744,20.052738,8.309422,15.431713,2.6772907,5.2090907,14.219686,7.6112213,15.695758,15.452675,25.940794,22.726631,25.45538,16.80943,20.190224,17.667128,16.289589,25.609362,25.325912,13.004882,10.52638,11.575904,7.153111,11.20367,4.7123528,25.451283,23.296675,10.995287,15.350879,20.477295
502,25.270353,29.223774,26.657162,14.058537,27.947983,6.7983103,20.627714,11.029907,8.854355,3.156286,14.61714,12.674794,10.856968,20.885181,11.529022,22.511782,29.935368,21.533161,21.018675,20.985746,14.862969,13.356464,28.40678,26.42734,22.005074,15.557247,5.595872,9.171253,13.02345,13.679779,27.333881,25.12028,14.496601,13.698103,20.972546
503,28.815163,26.723326,28.928516,22.352402,31.285887,12.281742,20.506367,8.8856945,14.810548,3.7435615,8.4744835,14.390305,8.411377,16.06083,16.014305,26.532831,24.058992,23.06955,17.190287,20.902197,17.120874,15.270964,26.451698,23.548557,14.782819,10.326752,11.25494,7.3418612,12.835288,5.650674,26.013475,23.69873,10.943542,13.829084,20.319593
504,18.738487,29.78478,22.31062,7.925838,33.943813,4.1894293,23.280083,10.408279,5.7899737,2.135478,8.859229,13.920571,8.97598,16.783747,13.690893,24.892395,29.48248,17.885633,24.936674,23.199593,21.420567,18.424194,27.911146,20.19607,17.657604,9.815348,7.2928514,8.095844,24.008015,7.976488,27.57629,24.66013,15.690202,10.468713,20.218168
505,22.90129,30.00078,22.421547,5.5798793,17.141914,14.793843,17.332102,12.8903675,22.51156,9.706789,22.194767,14.878802,11.549541,23.781778,18.666582,29.027412,28.86822,16.487446,15.342016,15.936503,6.917848,4.4122624,27.84849,21.965698,30.13797,16.974009,15.501531,12.824014,9.077974,22.521463,25.88819,23.911436,11.865993,10.385473,19.083782
506,20.632133,30.596636,22.872234,5.954196,27.533304,5.6485124,20.647018,11.800524,9.3154125,4.3323073,17.769228,12.639942,11.557145,21.964748,12.212432,23.522633,32.349483,17.71685,22.300385,20.179594,14.076028,12.113363,28.77294,24.152445,25.845337,15.689639,6.6160955,9.910607,15.690831,16.996878,27.401777,24.957024,15.563737,10.806068,20.030413
507,22.169403,30.337622,22.518269,5.4459333,15.19921,8.764255,18.497263,13.982265,15.052392,7.880134,24.330856,13.245544,12.506066,24.866142,14.226128,24.237392,30.876019,17.541702,18.600365,16.906048,8.497542,5.664686,28.393183,24.86897,29.54667,19.090086,9.043169,12.223893,9.781887,25.38861,26.604801,24.438543,14.359369,10.998147,19.808617
508,21.286673,30.425932,22.262642,4.498796,9.923604,4.1903915,19.122498,15.82004,8.733703,7.294603,27.19332,12.392062,13.497163,26.790346,10.38137,18.916891,32.46439,18.658682,21.519978,16.953348,8.979349,5.741637,28.580845,27.928305,29.601934,22.392199,4.31935,12.867946,9.761342,30.348358,26.927937,24.842548,17.13562,11.590103,20.689495
509,19.729332,23.926287,20.666397,8.682317,11.1904745,30.083954,16.44378,11.977423,32.348755,25.712051,5.9395213,28.08231,8.132746,20.234512,31.832363,34.40258,7.799616,18.629955,8.975666,20.228178,5.213849,3.132886,22.504812,15.924277,14.629645,13.9231415,30.847418,20.928083,21.548393,3.7367144,18.87993,24.539862,14.7616005,13.244168,24.03471
510,24.577055,29.423407,26.5327,13.371368,29.300611,5.574192,21.357838,11.222578,6.4260945,2.8846548,13.359966,12.882399,10.836656,21.099651,10.62898,21.354446,30.902908,21.81358,23.421228,21.4642,16.672464,15.393904,28.55666,26.956583,21.514732,15.969134,5.0181475,9.504807,15.232875,13.750719,27.643953,25.403198,16.227505,13.598994,21.403429
511,23.778643,26.429472,24.396786,12.743085,17.39234,16.018263,18.070324,11.7218685,18.534945,12.881178,12.644395,19.016518,9.917632,20.240257,19.797825,26.471483,19.822647,20.354656,14.72258,19.571827,9.811679,7.330682,25.530796,21.776115,18.177412,14.713513,15.650171,14.141628,15.035701,10.354474,23.52604,24.425386,13.327398,13.778191,21.89534
512,22.007082,30.544039,23.461975,6.9685965,25.893959,7.599909,19.936695,11.826345,12.299274,5.404077,19.221601,12.897204,11.682464,22.318977,13.501665,24.838043,31.564985,17.8387,20.206713,19.54065,12.194885,10.2428465,28.81186,24.024746,26.73223,15.951092,7.989066,10.197782,13.159689,17.796976,27.283209,24.859795,14.153361,11.095382,19.918266
513,22.354452,30.342396,22.977543,6.2838507,17.82576,7.88058,18.879906,13.397934,13.749096,7.074917,23.486444,12.793705,12.418101,24.244614,13.54774,23.947615,31.090672,17.808569,18.952705,17.774378,9.320733,6.837549,28.555601,24.92644,28.591873,18.489973,7.889138,11.404864,10.134717,23.501083,26.80929,24.537357,14.239579,11.134715,19.845146
514,20.739506,30.160313,22.392124,5.1702547,16.207882,3.5769405,19.669458,14.219568,7.4808,5.9373646,23.947008,11.931413,12.861181,24.78873,10.170923,19.543585,32.166817,18.393368,21.817299,18.505322,10.8090105,8.277809,28.48227,26.57246,27.373827,20.04536,3.7522295,11.385672,11.610923,25.06853,26.91699,24.727114,16.51918,11.336543,20.400515
515,22.454084,30.423876,22.835545,5.8024883,15.487606,8.763171,18.605896,13.9916,14.871724,7.8492785,24.20233,13.331744,12.563219,24.962204,14.146435,24.176743,30.916004,17.851578,18.68888,17.108204,8.57765,5.795328,28.52754,25.137058,29.489725,19.229895,8.894567,12.289577,9.7246685,25.240646,26.734743,24.610544,14.4100485,11.234907,20.014027
516,21.060534,30.3241,23.439915,7.0964227,28.751211,5.130548,20.894777,11.567303,7.902695,3.8517494,16.509895,12.514856,11.403554,21.757002,11.450941,22.700785,32.260063,18.432358,22.94769,20.624224,14.835941,13.246205,28.696686,24.697414,24.929312,15.804538,5.7981367,9.762611,15.846022,16.134563,27.42652,25.025295,15.958328,11.224423,20.29266
517,21.223885,30.416769,23.758472,7.4019847,29.120834,4.594955,21.197931,11.702547,6.767946,3.5105195,16.30573,12.502231,11.479728,21.990639,10.779378,21.906162,32.719925,18.90613,23.72271,20.836739,15.366142,13.812756,28.826202,25.403555,24.81513,16.217096,5.204323,9.798591,16.050196,16.37589,27.636223,25.222225,16.516525,11.426428,20.575464
518,21.898365,30.551315,23.176208,6.168168,18.119665,5.287289,19.627394,13.768061,9.886944,6.165659,23.604435,12.307177,12.790579,24.627977,11.495325,21.628849,32.05711,18.52907,20.811388,18.66145,10.472149,8.04986,28.880993,26.254843,27.942337,19.385088,5.161684,11.2865305,11.033883,23.90456,27.235777,24.979868,15.557797,11.552918,20.438885
519,27.141123,27.651815,27.672817,17.591787,23.651281,9.940532,19.507202,10.877773,12.1672125,5.8247075,14.063451,14.657737,10.2738905,19.112703,14.34173,23.536184,24.779354,22.360168,17.00394,20.775394,13.168928,10.727889,27.229744,24.607347,18.02024,14.096812,8.155655,9.709025,11.67535,10.356418,26.104483,24.639755,11.879767,14.674876,21.224197
520,24.946703,28.08413,26.547237,16.91189,31.634327,7.628134,21.914457,9.765366,9.465152,2.978856,9.145941,13.793569,8.921299,16.747465,14.260255,25.016191,26.461344,21.568357,20.980633,22.370192,19.147087,17.006533,27.369606,22.98739,15.629498,10.837317,7.959831,7.765322,17.230555,7.177131,26.96228,24.437979,13.367339,13.114753,20.715208
521,27.951338,28.02345,28.88195,19.266209,29.001966,7.6051736,20.856415,10.388445,7.87207,2.4320745,10.715979,13.203357,9.995757,19.773193,11.127753,21.55731,28.323862,24.034971,21.433405,21.20807,16.810219,15.481821,27.800165,27.708708,18.620941,14.961703,5.7596245,9.029139,13.151461,10.924036,27.169928,25.085186,14.607797,15.431107,21.600319
522,21.092089,30.659733,23.279106,6.4758763,25.898796,5.1786284,20.717096,12.260868,8.751759,4.685535,18.74413,12.628354,11.879766,22.52581,11.872591,22.865381,32.28742,18.31544,22.355625,20.334538,13.712846,11.761453,28.970966,24.91179,25.814981,16.609522,5.856862,10.225689,15.020194,18.131756,27.546104,25.188524,15.848996,11.237382,20.430567
523,20.308456,30.318031,22.609848,5.9587784,28.470842,5.8485475,20.667107,11.472046,9.407592,4.3012033,16.638369,12.723013,11.192733,21.34756,12.538862,23.859455,31.915192,17.44762,22.337042,20.236032,14.576158,12.736688,28.489845,23.46806,25.173298,14.994846,7.0881987,9.749355,16.350746,15.95789,27.185688,24.722446,15.468648,10.576688,19.8315
524,20.05898,23.975462,20.961918,9.298224,12.643988,30.788908,16.697437,11.719189,33.13254,26.391514,5.952032,28.40255,7.903367,19.757322,32.562984,34.94586,7.462732,18.586489,8.680569,20.526474,5.550694,3.6849718,22.49988,15.270589,13.879938,13.499793,31.837841,20.519236,21.25247,3.0590613,18.961039,24.426344,14.228864,12.755464,23.959799
525,19.973928,23.986578,20.896511,9.076636,11.897896,31.160532,16.605349,11.912241,33.560173,26.468882,5.791353,28.64236,7.981021,19.964613,32.87217,35.293713,7.2088175,18.692265,8.517299,20.50064,5.312882,3.3337762,22.525085,15.380032,14.174642,13.636002,32.106342,20.97618,21.48284,3.1507723,18.893976,24.593758,14.414742,13.007995,24.165049
526,18.414454,29.616262,22.05413,7.9594703,34.284595,4.229632,23.420628,10.227762,5.8292155,2.0028954,8.011582,14.080364,8.659649,16.119669,14.071092,25.246407,28.95354,17.685099,24.899572,23.307156,22.014242,18.766918,27.702988,19.50493,16.801346,8.965814,7.6173744,7.90776,24.840881,6.985999,27.476774,24.515863,15.476457,10.309845,20.099998
527,21.748058,30.411673,22.794678,5.583822,14.492083,4.9750996,19.253761,14.562487,9.676555,6.646967,25.29716,12.238804,13.076638,25.502005,11.04176,20.556421,32.126675,18.510504,20.820547,17.820086,9.577828,6.846644,28.675163,26.874992,28.676062,20.628202,4.838376,11.836569,10.141464,26.618706,27.00715,24.805696,16.01244,11.522668,20.410812
528,21.953533,30.655375,23.062386,6.1134415,20.775234,7.0782447,19.485664,12.981571,12.454844,6.260864,22.366457,12.681208,12.329096,23.702364,13.158318,23.958584,31.713757,17.79695,19.852396,18.658075,10.583883,8.224856,28.85615,24.829098,28.040825,17.744003,7.283041,10.907998,11.584317,21.706171,27.182552,24.819435,14.4988,11.120344,19.979399
529,22.895758,29.791653,25.09554,10.49255,28.728384,4.924198,21.14067,11.480282,6.5713983,3.076766,15.084733,12.416837,11.174126,21.57709,10.531693,21.487877,31.71188,20.349964,23.351856,21.085165,15.755272,14.432432,28.607033,26.254045,23.189646,16.225033,4.774687,9.525827,15.209037,15.292751,27.517641,25.201084,16.303934,12.525923,20.887787
530,24.338442,29.230225,26.26035,13.322092,29.796362,5.7748632,21.262926,10.958225,6.792932,2.6927888,12.695447,12.797799,10.588946,20.61719,10.915443,21.807623,30.599657,21.501259,23.209703,21.374475,16.869024,15.5807085,28.342073,26.415506,21.21367,15.334693,5.3339996,9.296607,15.588486,13.003626,27.46296,25.187126,15.973925,13.435291,21.12913
531,21.997221,30.424673,23.074547,6.3073187,19.911991,6.5664206,19.36004,13.0784,11.680829,6.0530972,22.559,12.448938,12.379944,23.831577,12.5217705,23.1298,31.609875,17.98958,19.8668,18.478392,10.400419,8.005228,28.698345,25.198166,27.926533,18.08768,6.5425863,10.919046,11.075016,22.176273,27.058397,24.727741,14.557687,11.310763,19.99059
532,20.52199,30.092909,23.035889,6.679415,27.990791,4.780865,20.87309,11.690836,7.39083,4.04865,16.276283,12.590133,11.325231,21.607721,11.391916,22.316187,31.944511,18.254395,23.21621,20.564257,15.038429,13.3804655,28.454134,24.439306,24.440184,15.783676,5.7299576,9.915812,16.502407,16.191257,27.201244,24.87592,16.290503,11.087924,20.25529
533,27.093662,27.706654,26.969154,16.455484,25.8663,12.180453,18.707624,10.032501,15.91913,5.50966,14.73335,14.167188,9.983534,18.957094,15.40925,25.55095,25.58038,20.82103,15.068275,19.271631,11.586432,9.298436,26.980787,23.588854,20.786701,13.0652895,10.555546,9.112735,9.19849,10.9057665,25.860407,23.90527,9.96073,13.544462,19.955458
534,21.336884,30.542105,22.426678,4.731096,11.329846,4.1352606,19.286625,15.513884,8.6879,7.0211177,26.916056,12.256106,13.453383,26.463608,10.396701,19.236656,32.58367,18.632887,21.537485,17.386066,9.294484,6.2063813,28.708725,27.706062,29.261114,21.972176,4.1961746,12.425889,10.014699,29.332396,27.04363,24.88805,16.952427,11.494038,20.63801
535,21.853148,30.602636,23.134022,6.345564,23.454193,7.5236306,19.653156,12.322704,12.752876,5.88203,20.779291,12.78918,11.969736,22.902304,13.557434,24.690002,31.56622,17.630478,19.827597,19.076365,11.290917,9.132991,28.811222,24.139906,27.420172,16.642052,7.8838634,10.499022,12.410812,19.55289,27.188456,24.78327,14.143316,10.983568,19.846476
536,22.76702,30.78856,23.58524,6.528002,16.35251,6.477666,19.368666,14.21693,11.595388,6.9197545,24.617094,12.789167,12.992551,25.36421,12.27257,22.33649,31.968016,18.813814,20.16281,18.087975,9.562153,6.884811,29.073782,26.682346,29.009682,20.052437,6.165491,11.934497,9.976208,25.451674,27.35959,25.163046,15.34149,11.842342,20.641626
537,21.545244,29.93785,24.089516,13.251516,34.162827,9.280347,24.331516,9.753786,14.284045,8.583026,11.838159,16.552248,8.108074,14.062724,21.077276,30.731478,23.52564,18.198654,19.233974,25.69456,20.541285,17.671034,28.190765,15.343338,11.517503,6.9622407,13.334545,6.3601003,20.837,4.1825843,27.78419,24.45313,10.792853,8.986211,20.502037
538,21.743645,30.345915,23.833862,7.7025967,27.370825,5.622343,20.623222,11.7404,8.805193,4.284461,17.497591,12.577597,11.592966,22.075598,11.75759,22.915125,31.912893,18.711876,22.071526,20.48548,13.912151,12.262111,28.808277,24.937286,25.204037,16.196789,5.914962,9.910646,14.660093,16.715424,27.433126,25.101498,15.472369,11.547559,20.400576
539,25.283205,29.270878,26.992046,14.362609,28.645044,5.854195,21.205149,11.216602,6.7772408,2.9323583,13.611645,12.869631,10.862296,21.105362,10.671802,21.315601,30.486393,22.243153,22.758013,21.398846,16.232359,14.87972,28.534908,27.284603,21.35526,16.061527,4.9141846,9.49562,14.291203,13.749497,27.623093,25.424688,15.772126,14.036903,21.494568
540,21.733936,30.570015,23.36932,6.7253456,25.255053,6.61161,20.08558,12.079172,10.982342,5.132277,19.487564,12.659491,11.845407,22.607841,12.71744,23.930733,31.889414,18.009363,20.859037,19.641087,12.4142475,10.445277,28.858963,24.520895,26.687664,16.45945,6.9659634,10.252267,13.388333,18.459398,27.346666,24.947264,14.729796,11.199335,20.067005
541,21.021414,30.44845,22.136257,4.192835,8.862825,3.3604157,19.199257,16.156494,7.6208863,7.0986967,27.800146,12.170825,13.674788,27.141058,9.629681,17.893864,32.853825,18.788239,22.075117,16.962095,9.023656,5.7304034,28.59842,28.436668,29.62228,23.00189,3.4908838,12.896038,9.822836,31.245878,26.9545,24.872282,17.68171,11.601036,20.7729
542,30.778242,25.787428,30.514973,25.623539,29.646631,10.968375,20.153688,8.919823,11.593526,1.8980322,6.4842634,13.57717,8.33443,16.800066,13.144177,23.542494,24.22563,25.377455,18.427395,20.46055,17.548197,15.974072,26.081442,26.617119,14.2017765,11.928868,8.420956,7.686917,11.845693,6.249945,25.855976,23.825285,12.22563,16.014315,20.89394
543,27.323364,28.493177,28.299343,17.8356,28.68356,7.507111,20.758278,10.550343,8.581359,2.715829,12.318537,13.029316,10.328169,20.033728,11.492543,22.186136,28.666996,23.25414,20.7501,21.257128,15.871104,14.376166,28.10509,27.224218,19.7737,14.9765835,5.6942854,8.988166,12.657964,11.564353,27.308292,25.169153,14.073311,15.041728,21.409565
544,20.912561,30.52653,23.324688,6.762578,29.230032,5.332683,20.985687,11.533424,8.320782,3.853812,16.44932,12.617186,11.387371,21.690369,11.797061,23.235567,32.420937,18.220581,22.976173,20.68813,14.968251,13.301194,28.82044,24.449032,25.15109,15.543082,6.1664715,9.747813,16.240505,15.942482,27.539913,25.094757,15.91401,11.086803,20.255545
545,22.418287,30.220575,22.571644,5.6559367,16.3911,10.43341,18.212399,13.50741,17.094542,8.282952,23.492504,13.647384,12.187861,24.378965,15.459515,25.663534,30.290833,17.247183,17.654295,16.78604,8.175952,5.5296583,28.243616,23.953045,29.515593,18.291208,10.796305,12.214102,9.632158,24.08884,26.409004,24.27661,13.549792,10.805921,19.57347
546,25.45226,28.998064,27.086155,14.963683,29.069033,6.1579723,21.15818,10.953178,7.007222,2.7835026,12.721421,12.928155,10.589873,20.599907,10.909472,21.57967,29.998478,22.318523,22.575314,21.395716,16.561216,15.200448,28.318005,26.98393,20.67042,15.507748,5.2206745,9.330362,14.555209,12.807852,27.47216,25.275593,15.5400305,14.127689,21.390652
547,22.102163,25.457247,22.875572,10.814058,13.899541,20.426624,17.352942,12.198776,22.65809,17.005787,10.80516,22.063826,9.534101,20.61839,23.4082,28.661097,15.811503,19.815573,12.941267,19.481293,8.011329,5.3944983,24.36761,20.33209,17.417124,14.933779,20.274569,16.890228,17.374516,8.913244,21.766817,24.52427,14.265349,13.754153,22.753307
548,21.031395,30.454264,22.114166,4.1730967,8.866403,3.4816153,19.16667,16.137436,7.814654,7.124214,27.822296,12.192297,13.658806,27.11217,9.732078,18.02398,32.824516,18.731625,21.983515,16.915985,8.977172,5.6564655,28.588226,28.360786,29.667963,22.931915,3.6235929,12.881477,9.79823,31.215475,26.94099,24.851002,17.604956,11.569819,20.732971
549,20.36483,30.20629,22.441166,5.310458,21.08663,3.793049,20.085306,13.099037,7.4008994,4.8981957,21.291079,11.995078,12.33784,23.400728,10.513031,20.626902,32.185753,18.052563,22.004326,19.34873,12.206077,9.851513,28.506948,25.521193,26.425348,18.057993,4.2263393,10.561425,13.329693,21.27176,27.042397,24.763514,15.987155,11.155523,20.203594
550,21.830454,30.448431,22.627384,5.3328347,13.774764,5.906406,19.019108,14.664461,11.145485,7.135747,25.50072,12.567535,13.026408,25.591103,11.8985615,21.475525,31.842999,18.22452,20.283293,17.342773,9.14737,6.2015824,28.610676,26.513859,29.22084,20.492228,5.9163036,12.148057,9.978637,27.084238,26.908457,24.729029,15.7313,11.387593,20.29091
551,22.757177,30.02884,23.03215,6.791406,19.876015,10.43847,18.36204,12.507416,16.945034,7.5597386,22.13466,13.244021,11.83327,23.2853,15.361143,26.104797,30.089027,17.240862,17.334595,17.498936,8.849498,6.629041,28.193342,23.340359,28.338202,17.021591,10.511631,11.08919,9.753635,21.234121,26.398857,24.109695,12.800224,10.686877,19.284698
552,21.46782,30.472319,22.380249,4.7502866,11.406132,4.8351755,19.113361,15.402763,9.673132,7.2855453,26.610344,12.474404,13.33492,26.356321,11.0030985,19.946833,32.25692,18.469612,21.079824,17.11303,9.064362,5.930982,28.620466,27.375032,29.499018,21.679575,4.950265,12.61818,9.877335,29.176836,26.94885,24.817059,16.617735,11.487727,20.550364
553,19.731188,23.81802,20.770329,9.039578,11.47128,31.08096,16.62288,11.983301,33.29453,26.59358,5.550536,28.764307,7.966492,19.916338,32.865417,35.140774,6.748114,18.780613,8.492709,20.655397,5.3387647,3.3209815,22.3924,15.389829,13.791671,13.682165,31.937376,21.125277,21.761707,2.9115074,18.720463,24.624622,14.613089,13.112673,24.31502
554,22.436062,29.874842,22.272522,5.371369,15.296494,12.102064,17.596594,13.478165,19.003752,9.016873,23.252712,14.164343,11.948739,24.329866,16.485065,26.398945,29.48438,16.895,16.641348,16.006865,7.3082633,4.5923114,27.810118,23.28326,29.845592,18.131767,12.578639,12.723157,9.082791,24.223827,25.937668,23.960354,12.970243,10.666182,19.324032
555,24.929316,29.576399,26.59724,12.932522,25.20684,5.3574524,20.797,12.047346,6.685729,4.0514026,16.730822,12.889504,11.616497,22.28607,10.375857,20.372652,30.574636,21.946337,21.953346,21.123026,14.215024,12.632068,28.794443,27.621103,22.67842,17.548769,4.1638227,10.175117,12.624414,16.294165,27.62775,25.602762,15.5982895,13.99568,21.699228
556,20.408752,30.304863,22.385899,5.183379,21.048569,4.1750374,20.02718,13.103279,8.085536,5.068227,21.45545,12.08107,12.335196,23.424507,10.907644,21.152388,32.178997,17.89054,21.79198,19.233997,12.054205,9.6498375,28.553074,25.327133,26.699354,17.951555,4.668276,10.602086,13.293433,21.378023,27.06205,24.75702,15.835723,11.054324,20.130629
557,23.153173,29.816315,25.332108,10.913129,29.055817,5.0435033,21.222603,11.417107,6.6379557,2.9865887,14.812639,12.475533,11.127495,21.472546,10.621056,21.638638,31.650927,20.550808,23.3474,21.232265,15.940239,14.62014,28.669271,26.320137,22.98613,16.102808,4.8251286,9.46924,15.278479,14.928739,27.599253,25.275578,16.24214,12.691572,20.969503
558,21.509882,30.483765,22.369934,4.748409,11.513673,5.053208,19.076286,15.355797,10.005518,7.3405356,26.550928,12.529143,13.301666,26.310236,11.203101,20.208134,32.198963,18.403606,20.939003,17.05488,9.011628,5.8589454,28.619312,27.259651,29.584356,21.556078,5.191513,12.636083,9.851608,29.087261,26.94412,24.805573,16.49611,11.469886,20.51353
559,26.979414,28.7323,28.193165,17.0996,28.062984,6.710807,20.971218,10.959038,7.381367,2.8975413,12.939536,13.065628,10.631819,20.675896,10.865913,21.267475,29.283344,23.384684,21.627518,21.371552,15.973694,14.521906,28.320803,27.804314,20.180656,15.824997,5.047846,9.386089,12.938687,12.704061,27.504566,25.408691,14.88549,15.066369,21.723679
560,18.9233,30.227594,22.395432,7.8689137,33.863033,4.6955266,23.527876,10.60355,6.981955,2.8714125,9.467597,14.1990185,9.066696,16.974482,14.716709,26.15415,29.48533,17.80307,24.815292,23.525248,21.385662,18.45832,28.294449,19.821379,17.864565,9.852159,8.017789,8.250845,24.20483,8.357244,27.871452,24.896444,15.657197,10.286756,20.365404
561,19.954035,30.258385,22.051983,4.6598773,19.729342,3.4483688,20.078459,13.473675,7.130542,5.079817,22.008945,11.978738,12.446922,23.69052,10.379909,20.224676,32.35261,17.870619,22.27009,19.10158,12.126387,9.565628,28.474997,25.620375,26.675968,18.43201,4.110495,10.753534,13.451267,22.37292,27.01613,24.72527,16.330671,10.988744,20.179974
562,20.54061,30.375338,23.19051,6.1716723,24.591866,2.8051019,21.050894,12.820303,4.5529895,3.46662,18.856869,12.213396,12.060722,23.095413,9.13171,19.132498,33.25108,19.043793,24.14766,20.165373,14.50165,12.230871,28.741486,26.683853,25.552645,17.84177,3.424532,10.338318,15.047799,19.699135,27.596676,25.23816,17.177412,11.631693,20.794985
563,22.58636,30.35074,23.821747,7.7491884,25.16558,8.021038,19.656294,11.778257,12.836801,5.46156,19.35988,12.818871,11.674583,22.41494,13.524297,24.829268,31.161049,18.15433,19.582056,19.390844,11.632276,9.762851,28.731853,24.190493,26.651411,16.153852,8.004217,10.170534,12.2256155,17.855,27.153341,24.796392,13.808662,11.349964,19.91664
564,21.538189,30.4993,22.43985,4.8516607,11.866333,5.0016127,19.126802,15.2836895,9.910464,7.2585554,26.438951,12.494279,13.293134,26.23583,11.162328,20.226738,32.22079,18.441032,20.97369,17.187357,9.10786,6.009025,28.64942,27.245392,29.460516,21.4825,5.104761,12.535499,9.920009,28.819103,26.972101,24.826427,16.482147,11.475555,20.524904
565,19.619272,29.337696,22.806416,10.017612,33.694588,5.3937936,23.363077,10.111885,7.845473,2.8716614,8.182716,14.138792,8.460373,15.779522,15.38232,26.6949,27.728306,18.20435,23.846312,23.565994,21.802776,18.983435,27.642977,19.078224,15.615018,8.811714,8.511503,7.5926275,23.831741,6.6524944,27.33395,24.368597,14.880331,10.303073,20.113934
566,21.834097,30.524923,22.805641,5.5735793,14.899265,5.4847407,19.241364,14.465784,10.498673,6.800314,25.207762,12.387691,13.023437,25.386883,11.588284,21.302378,32.044285,18.358164,20.559372,17.820879,9.54124,6.781834,28.744467,26.570541,28.822977,20.32274,5.4234877,11.822326,10.255336,26.315254,27.048067,24.827332,15.790038,11.434109,20.35422
567,20.45203,30.529995,23.077736,7.6676264,31.150331,5.5598817,22.131353,11.08931,8.9221945,3.8004231,14.040179,13.30463,10.347978,19.571789,13.825391,25.399694,30.901228,18.020876,23.098042,21.962458,17.502409,15.316444,28.756348,22.152344,22.067316,12.84031,7.5072603,8.946357,18.898714,12.84913,27.826532,25.031244,15.182397,10.69744,20.270351
568,21.32388,30.493979,22.413551,4.793074,11.667251,4.2703104,19.286655,15.400417,8.873779,7.074171,26.638,12.295887,13.380847,26.29967,10.591461,19.4885,32.415752,18.580257,21.435755,17.43858,9.3639,6.3241687,28.676126,27.504738,29.113728,21.757645,4.365423,12.403737,10.123292,28.971628,27.010363,24.862669,16.847313,11.474068,20.612783
569,33.60363,24.678127,32.02419,30.217745,31.699005,17.075151,19.457811,7.664378,19.611732,3.2044406,4.544781,14.567734,7.026569,15.1946335,17.226377,27.905413,21.540934,25.856014,14.663996,19.394053,16.797672,15.756726,25.104607,24.899557,12.860829,9.839374,14.529129,6.7337823,8.805944,4.003359,24.97334,22.755835,9.509215,15.131595,20.017153
570,21.258348,30.469973,22.363388,4.6111035,10.612776,3.8712008,19.266798,15.703852,8.264733,7.0957675,27.067266,12.252139,13.517017,26.682596,10.138424,18.771755,32.600056,18.733513,21.724613,17.259918,9.226971,6.1145186,28.65602,27.95775,29.331709,22.327726,3.9375863,12.646279,9.92608,29.920143,27.004662,24.891178,17.195524,11.575378,20.72414
571,20.846777,30.268076,22.950401,6.3051805,25.673454,5.2044225,20.386822,12.083607,8.700329,4.5504,18.491028,12.425406,11.714148,22.332888,11.626097,22.534546,32.029564,18.024813,22.103426,19.906076,13.461519,11.566274,28.572557,24.656487,25.761805,16.471458,5.8460455,10.111388,14.66711,18.102758,27.179464,24.824995,15.653205,11.046712,20.100243
572,33.00645,24.855564,31.588074,28.970646,30.650024,16.450253,19.255888,7.9656386,18.908426,3.158658,5.3504806,14.474019,7.3430405,15.598611,16.749405,27.38289,21.901907,25.48946,14.764429,19.346941,16.169115,14.946856,25.182537,24.99579,13.587394,10.299702,13.789537,7.019587,9.00886,4.620229,24.934711,22.834412,9.706786,15.1835375,20.026579
573,20.858036,30.425364,22.727955,5.4701858,17.946384,3.522702,20.076818,14.004948,7.220721,5.65527,23.172169,12.089605,12.810524,24.531801,10.295784,19.905142,32.384712,18.63047,22.200592,19.118084,11.525008,9.057488,28.775667,26.5836,27.03372,19.62816,3.7706013,11.236248,12.39392,23.916725,27.235073,25.028593,16.616032,11.4955635,20.643755
574,21.64553,30.629694,23.110767,6.2602983,24.500738,7.171639,19.846663,12.167292,12.061121,5.4939413,20.176895,12.731814,11.886323,22.704071,13.249436,24.478617,31.802576,17.62908,20.297136,19.285418,11.847517,9.724706,28.824389,24.160826,27.188345,16.404764,7.612462,10.337396,12.997526,18.964014,27.260654,24.827314,14.351839,10.96156,19.864323
575,20.53296,30.181639,23.450718,7.5261536,31.5833,4.4264755,21.712637,11.172937,5.998151,2.64987,13.554448,12.698317,10.785401,20.658512,11.038913,22.357939,32.351627,18.716139,24.632109,21.363932,17.346992,15.675606,28.52951,24.466728,23.1753,14.638766,5.611434,9.312185,18.514492,13.835043,27.5773,25.062452,16.794746,11.213622,20.430723
576,21.300898,30.507702,22.262615,4.4445367,9.875935,4.253317,19.149485,15.862894,8.876579,7.3384457,27.321472,12.4282255,13.520722,26.83804,10.477476,19.037426,32.534782,18.638874,21.528673,16.955755,8.977108,5.7021065,28.640846,27.929941,29.701942,22.402906,4.419709,12.885107,9.8012,30.448154,26.98104,24.881392,17.14641,11.571151,20.701447
577,21.399878,24.4888,21.789978,10.421859,15.825666,29.982302,16.711792,10.987001,33.19197,24.602486,7.3122272,26.881601,7.8010817,19.103725,31.617409,34.82415,9.728563,18.1798,8.604988,19.860485,5.9858546,4.35112,22.934114,14.960893,14.75945,12.654427,31.355743,18.548653,18.733994,3.7214887,19.81852,23.841442,12.423655,11.890603,22.7737
578,21.27659,30.400068,23.66821,7.449524,29.289404,5.154312,21.077665,11.544466,7.767326,3.6795814,16.07432,12.582333,11.347225,21.737055,11.4450655,22.778202,32.42214,18.67403,23.290068,20.755264,15.273657,13.713095,28.79295,24.920485,24.823452,15.759362,5.8519716,9.768337,16.162788,15.937199,27.572191,25.141151,16.169222,11.369379,20.416046
579,20.50731,23.881735,21.13182,9.724624,14.043814,30.670698,16.43296,11.233137,33.395542,25.579145,6.3574557,27.631332,7.695589,19.178291,32.17918,34.85662,8.149154,18.154116,8.295832,19.947233,5.548054,3.867942,22.361622,14.729605,14.112568,12.910822,31.883347,19.526567,19.805681,3.1538856,19.03555,23.849472,13.119742,12.138108,23.153242
580,21.042084,30.463747,23.17937,6.5816097,27.422798,5.751514,20.56494,11.740698,9.34951,4.402012,17.663502,12.610895,11.550271,21.983343,12.164134,23.44792,32.093212,18.008713,22.078981,20.231972,13.895451,12.092782,28.751404,24.335354,25.65597,15.83645,6.473768,9.930269,15.227629,16.882711,27.360235,24.965874,15.456506,11.0496,20.114922
581,19.400665,23.689615,20.529251,8.599492,10.701345,28.702768,16.455557,12.093349,30.428106,24.948854,6.0462756,27.55885,8.284636,20.304434,30.528376,33.127975,8.016271,18.784973,9.52466,20.29051,5.4449096,3.2734838,22.341406,16.572458,14.379007,14.268733,29.112223,20.76368,21.731228,3.915124,18.74274,24.498953,15.242807,13.453376,24.065767
582,26.293173,28.257277,27.60595,17.080486,29.957104,7.1425037,21.025925,10.309177,7.8848553,2.4106998,10.612989,13.083776,9.907871,19.35038,11.575414,22.320679,28.644447,22.75479,21.872696,21.325987,17.284115,15.86604,27.761919,26.470194,18.890516,14.172641,6.0583553,8.860818,14.782538,10.549941,27.096924,24.905087,14.824569,14.471424,21.171494
583,23.719872,29.623575,25.510006,11.404549,27.021564,5.653318,20.69258,11.559778,7.8356686,3.5859926,16.074205,12.48069,11.291921,21.686674,11.005394,21.806717,30.936655,20.60819,21.944208,20.833607,14.544592,13.092693,28.566935,26.29833,23.235905,16.411602,5.0149336,9.598851,13.646064,15.604269,27.371317,25.149927,15.407315,12.909874,20.893095
584,24.927307,29.523321,26.658691,13.61497,28.901842,5.9015326,21.174671,11.218401,7.2899995,2.8899379,14.101859,12.704389,10.950852,21.210646,10.881324,21.836124,30.829657,21.7813,22.591282,21.353401,15.957619,14.596911,28.672848,27.004198,22.034107,15.969918,5.0320654,9.394859,14.26027,14.016951,27.690182,25.424223,15.621986,13.720898,21.307764
585,30.890194,25.96192,30.501907,25.241365,28.300653,11.034512,19.846159,9.157228,12.081779,2.4187918,8.2095175,13.516097,8.715863,17.265173,13.196483,23.476473,24.108328,25.234823,17.434875,20.397017,16.200497,14.525002,26.258276,26.677395,14.966341,12.465675,8.111156,7.8207107,10.442857,7.1169324,25.86389,23.913628,11.613615,16.109486,20.928411
586,21.129866,30.438242,22.205463,4.359573,9.503939,3.6964471,19.186474,15.966747,8.065636,7.1600075,27.476578,12.246804,13.587232,26.935673,9.947712,18.35827,32.679108,18.728016,21.847597,17.018154,9.057331,5.8174105,28.594296,28.173326,29.529623,22.683296,3.8198302,12.826609,9.846834,30.709778,26.945776,24.856045,17.428907,11.577544,20.728569
587,27.052063,28.514818,28.26279,17.532738,28.712084,6.918,20.995829,10.732914,7.396951,2.6944585,11.940624,13.126208,10.367175,20.292625,10.959258,21.400364,29.064795,23.458008,21.828146,21.362827,16.501938,15.128623,28.128218,27.611868,19.604824,15.423843,5.3537188,9.250442,13.450418,11.95481,27.38554,25.276213,14.95721,15.050226,21.640114
588,31.02232,26.398836,30.596363,24.854874,28.230934,11.219505,19.876335,9.328392,12.580944,2.5294976,8.988976,13.52443,8.959302,17.782658,13.327243,23.827995,24.641106,25.207954,17.37527,20.43422,15.788223,14.115907,26.633316,26.91638,15.907091,12.857681,8.201435,7.970611,10.081291,7.809684,26.145618,24.16826,11.6241865,16.131208,21.039454
589,20.932579,30.488646,23.276844,6.6891823,28.525738,5.3441334,20.83479,11.627914,8.467879,3.9680111,16.939646,12.542972,11.468822,21.859926,11.728236,23.088911,32.39255,18.180037,22.761549,20.515654,14.590024,12.903438,28.779856,24.513752,25.32258,15.766858,6.101221,9.77134,15.8388605,16.392082,27.460152,25.036552,15.849277,11.044473,20.201954
590,22.07703,30.356049,22.58075,5.569439,15.330939,7.7631497,18.706882,14.024866,13.800176,7.4699006,24.470396,12.913663,12.608324,24.8874,13.482102,23.508617,31.164095,17.710989,19.092884,17.160809,8.853235,6.0266347,28.468063,25.25271,29.278006,19.257446,7.937315,11.975835,9.925904,25.467138,26.71417,24.49699,14.672414,11.082947,19.884773
591,20.91195,30.140007,23.642868,8.506445,31.408573,4.780592,21.97639,11.083233,6.834931,2.8467364,13.0172205,12.896157,10.440566,20.038496,12.030326,23.440338,31.549011,18.89202,24.226625,21.75408,17.853611,16.062317,28.557508,23.773846,22.100893,13.848119,6.1569996,9.105321,18.850523,13.046161,27.685726,25.052773,16.283476,11.3707,20.471842
592,21.581919,30.479977,22.49585,5.0016994,12.598562,5.1153836,19.1208,15.061466,10.056612,7.1036887,26.134966,12.436173,13.215539,26.001247,11.235001,20.469833,32.17663,18.37938,20.845003,17.311882,9.186766,6.166717,28.641264,27.04868,29.304783,21.168863,5.170067,12.322086,9.991478,28.173141,26.95949,24.790585,16.288094,11.440008,20.43858
593,29.909712,26.5517,30.0873,23.413357,28.863771,9.135407,20.354572,9.580721,9.183961,2.0053694,8.389964,13.252367,9.105472,18.246326,11.647017,21.874,25.987701,25.173265,19.827948,20.681744,17.138557,15.758231,26.740955,27.654015,15.938571,13.644937,6.6075516,8.323505,11.9003935,8.541293,26.378096,24.367552,13.361114,16.141233,21.303185
594,27.201694,28.532047,28.244404,17.60585,28.518648,7.266791,20.792824,10.649895,8.195375,2.738505,12.407984,13.005362,10.395628,20.232738,11.26089,21.878742,28.86457,23.281965,21.053427,21.255527,15.91195,14.474449,28.140167,27.397615,19.90765,15.247614,5.4936914,9.108675,12.753996,11.910207,27.337772,25.21383,14.356812,15.045221,21.476711
595,20.880405,30.479229,23.12537,6.4953394,28.316662,5.705434,20.683653,11.583122,9.145938,4.152209,17.125893,12.606368,11.439469,21.775019,12.114984,23.512636,32.2206,17.933275,22.341742,20.348038,14.299039,12.527091,28.734808,24.19935,25.502281,15.548743,6.527561,9.788,15.688159,16.354425,27.386162,24.956808,15.534382,10.947859,20.068186
596,19.90941,23.880003,20.64119,8.785748,12.070721,30.277227,16.274214,11.655296,32.913918,25.521353,6.242392,27.72542,7.945984,19.820564,31.937073,34.623978,8.077909,18.208958,8.610891,19.824673,5.193535,3.2402081,22.399446,15.315115,14.748575,13.441001,31.302877,20.36633,20.694279,3.7849803,18.901472,24.14853,13.984455,12.717009,23.489706
597,24.036072,25.232769,23.372059,12.899629,23.09901,29.650553,16.69705,9.435345,34.134426,21.636866,8.530092,24.36459,7.2176647,17.87276,30.322784,35.18207,13.789695,17.407646,8.893742,18.458588,7.21162,6.5526257,23.450354,14.242708,16.416723,11.218606,31.712503,15.015169,14.418323,4.736985,21.135473,22.570587,9.664445,9.875721,20.465885
598,21.009258,30.349304,22.131023,4.316431,9.363368,3.4508739,19.1623,15.964642,7.7091107,7.0513253,27.514889,12.130515,13.5845585,26.900167,9.694938,18.03048,32.67926,18.710539,21.919844,17.014091,9.074052,5.8485746,28.514072,28.199688,29.380604,22.728247,3.5531142,12.73417,9.829996,30.724817,26.875032,24.78474,17.483702,11.536461,20.679625
599,18.983887,30.493671,22.193295,5.8260484,32.35386,4.249283,22.303596,11.122372,6.410859,2.7852662,12.75417,13.138426,10.265293,19.70993,12.297557,23.762695,32.108696,17.513668,24.981564,21.7471,18.47658,16.273102,28.49715,22.462883,22.57765,13.046756,6.674246,9.108273,20.77353,12.984082,27.705553,24.918098,16.552029,10.307477,20.118567
600,23.37344,29.71856,25.51923,11.577667,30.260893,5.476031,21.358713,11.070854,7.0251617,2.7096426,13.517845,12.6322365,10.793227,20.838894,11.092949,22.330856,31.321507,20.649311,23.376451,21.430353,16.670458,15.332103,28.60191,25.92587,22.259153,15.277453,5.365116,9.252804,16.0492,13.530598,27.620466,25.248476,16.049427,12.812816,20.91804
601,20.498032,30.652773,23.124187,6.75804,30.92537,5.2017193,21.597912,11.304386,8.058598,3.4658525,14.9217415,12.860848,10.936561,20.910955,12.320034,23.966713,32.360012,18.085886,23.699144,21.204304,16.471977,14.655613,28.862026,23.72921,24.23417,14.449322,6.638214,9.482211,17.943878,14.636865,27.772001,25.145473,16.063606,10.902982,20.271698
602,21.18544,30.40562,22.179184,4.3503685,9.349513,3.9857469,19.096268,15.963707,8.4691105,7.277465,27.404442,12.345832,13.549108,26.937529,10.179678,18.600471,32.547035,18.675148,21.661339,16.86907,8.920875,5.6414394,28.551153,28.081804,29.66944,22.623863,4.1262703,12.941268,9.763717,30.76098,26.897118,24.827566,17.324347,11.592781,20.700468
603,20.158121,23.829618,20.983704,9.57951,13.5738,30.862026,16.616917,11.426344,33.326603,26.2936,6.035686,28.140862,7.693595,19.260675,32.57868,34.954758,7.449258,18.30324,8.403757,20.388626,5.658511,3.9587324,22.313288,14.694134,13.56733,13.100974,32.076996,19.941822,20.604296,2.80302,18.891243,24.058006,13.62154,12.274473,23.542904
604,21.174295,30.63868,22.214725,4.1462116,8.827175,3.6961122,19.246374,16.252382,8.1553,7.290283,27.937992,12.358833,13.7232,27.287079,10.002773,18.360342,32.943783,18.799383,22.028635,16.937716,8.969333,5.6029515,28.751312,28.459423,29.963121,23.033377,3.8861363,13.077065,9.875393,31.466022,27.088114,24.999603,17.677795,11.647908,20.857786
605,22.01009,30.497982,22.810612,5.6903243,15.413558,6.300612,19.083666,14.228279,11.686924,6.9768434,24.842186,12.572252,12.869355,25.135826,12.297454,22.238058,31.725512,18.147293,19.999443,17.654108,9.364511,6.5829554,28.68996,26.09167,28.958952,19.818277,6.274287,11.821435,10.161765,25.764856,26.975538,24.750544,15.30792,11.366022,20.204622
606,21.245596,30.308617,22.167767,4.501685,10.16937,4.4227343,18.994562,15.652481,9.071018,7.2749786,26.977272,12.373159,13.392365,26.577515,10.541337,19.150713,32.275845,18.482424,21.254034,16.847528,8.89151,5.6661396,28.453074,27.639246,29.535479,22.103636,4.5553946,12.758136,9.707219,29.980255,26.799978,24.707037,16.888592,11.493476,20.528568
607,29.07337,27.581669,28.56765,19.417124,26.2565,15.412048,18.764528,9.923027,19.329617,5.9138184,12.519233,15.236467,9.465507,18.770416,17.426338,27.80728,24.448757,22.241903,14.502265,19.445414,12.055909,9.984735,26.97416,23.688242,19.713106,12.833167,13.475845,9.388376,9.501253,9.593887,25.822552,24.118908,9.98173,13.99237,20.42013
608,21.44863,30.390732,22.422245,4.886729,11.835665,4.6905026,19.10864,15.2569065,9.407109,7.0810595,26.382238,12.350858,13.293547,26.198835,10.80408,19.803099,32.237633,18.484509,21.093433,17.236464,9.147563,6.1059136,28.567173,27.33243,29.256914,21.557903,4.7192907,12.422024,9.914716,28.735056,26.897524,24.764124,16.574385,11.477424,20.496895
609,23.207506,26.037134,22.588524,10.592538,19.086523,24.483955,16.289436,10.296907,29.991304,17.107471,11.619172,21.252604,8.451586,18.978922,26.556845,33.005386,17.143234,17.099636,9.916335,17.508263,6.7001038,4.75882,24.404432,16.321112,19.792833,11.938279,25.787163,14.59748,13.477302,8.476956,22.138517,22.913727,9.776845,11.135855,19.99181
610,21.738918,30.285496,22.254265,4.9744368,13.065513,7.0883527,18.612265,14.612576,12.918533,7.643172,25.308481,12.892177,12.828947,25.482895,12.904327,22.477385,31.290934,17.771769,19.502777,16.742666,8.573836,5.501043,28.359879,25.813107,29.64822,20.130169,7.327036,12.466119,9.793979,27.206266,26.618176,24.490984,15.266982,11.178823,20.014446
611,20.58039,30.37702,23.176891,6.618727,29.776335,4.828617,21.1338,11.485594,7.254536,3.4784682,15.762782,12.544863,11.263993,21.571043,11.22325,22.52605,32.630413,18.253311,23.679167,20.695265,15.574943,13.954085,28.655561,24.59787,24.826523,15.5327015,5.81057,9.690841,16.814245,15.777261,27.478209,25.01755,16.376495,10.992795,20.246317
612,21.331121,30.488552,22.303486,4.5429425,10.376975,4.3324986,19.156876,15.72048,8.968138,7.286081,27.094406,12.409742,13.472299,26.691397,10.549368,19.216482,32.473953,18.60881,21.451012,17.040607,9.039438,5.8274093,28.634401,27.793676,29.590822,22.209484,4.4703503,12.783171,9.844642,30.043734,26.973734,24.864088,17.024073,11.551617,20.66539
613,18.630375,30.043188,22.312374,7.711654,34.89425,4.1730895,23.513348,10.33617,5.6983533,1.8092532,8.500435,14.029681,8.96044,16.67862,13.74448,25.1279,29.81068,17.849176,25.216263,23.336773,21.877531,18.668718,28.092682,20.205936,17.811802,9.452392,7.3953915,8.058361,24.61092,7.5125604,27.814846,24.842745,15.717202,10.49614,20.28946
614,20.99138,30.509954,23.090939,6.2645454,25.659088,5.168193,20.472513,12.183985,8.758338,4.467553,18.95666,12.40156,11.859389,22.555117,11.5668545,22.584997,32.33973,18.112448,22.118626,19.972862,13.372505,11.380476,28.7829,24.878937,26.09453,16.632353,5.716008,10.088308,14.477668,18.39823,27.375084,24.98053,15.617957,11.099027,20.186392
615,33.09692,24.633667,31.458355,29.385126,32.29883,20.848192,19.263592,7.468772,23.796576,6.7193456,4.0789003,16.664495,6.514876,14.861152,20.61584,30.205503,19.525621,24.934483,13.076614,19.562437,15.783139,15.147871,24.721817,22.569572,12.249701,9.309321,19.24229,7.5338473,9.189321,2.7439036,24.386095,22.546785,8.826529,14.025624,20.019415
616,23.087687,29.861126,22.472157,5.809956,17.072004,15.74458,17.125164,12.763552,23.603079,9.949972,21.65492,15.153484,11.369763,23.620792,19.32488,29.675861,28.339497,16.49156,14.796287,15.783178,6.671636,4.1856318,27.71648,21.59252,30.067978,16.704489,16.425861,13.003772,8.941542,22.062908,25.734682,23.842125,11.520658,10.444497,19.043072
617,23.34592,29.49713,25.52686,11.993978,30.705303,5.645941,21.450802,10.872395,7.068551,2.6911976,12.527693,12.820399,10.5221,20.25838,11.451734,22.640934,30.781034,20.693977,23.420946,21.59184,17.266329,15.871715,28.420963,25.498383,21.339571,14.649121,5.712371,9.158458,16.816801,12.460365,27.511755,25.156256,15.997683,12.8573475,20.899168
618,23.452044,29.246613,23.300652,8.279882,22.670818,13.928042,17.88906,11.285322,20.776964,8.646027,19.75158,14.413294,10.854772,21.386116,18.10553,28.634527,27.714924,16.878395,14.861546,17.389774,8.623999,6.670808,27.47723,21.050861,26.677477,14.635695,14.337424,10.848943,9.181091,17.324814,25.758945,23.563065,10.501193,10.369395,18.84367
619,21.397127,30.437025,22.360779,4.654799,10.621217,4.407278,19.126835,15.636505,9.011984,7.2496905,26.904491,12.406261,13.441998,26.633837,10.552919,19.267172,32.40625,18.632717,21.375435,17.044914,9.019931,5.8583755,28.602196,27.764847,29.555464,22.144846,4.485631,12.766004,9.775539,29.846313,26.942696,24.844055,16.944618,11.58065,20.655437
620,25.214472,29.300968,26.547436,12.903588,21.211382,5.387879,20.083273,12.612499,7.08018,4.947264,19.000261,12.896055,12.039258,22.945885,10.21942,19.426773,29.719767,22.038685,20.415798,20.535868,12.148826,10.220343,28.627682,27.926973,23.101212,18.553185,3.652372,10.675316,10.450639,18.01907,27.290564,25.509092,14.880079,14.3531685,21.771679
621,22.610004,24.851181,22.57058,11.503942,18.764004,30.097218,16.715294,10.401669,33.84946,23.505344,7.954811,26.01984,7.6252117,18.651226,31.264849,35.13478,11.3180895,17.95595,8.535817,19.347075,6.3458548,5.0505967,23.201483,14.722697,15.498516,12.093464,31.684256,17.19217,16.868227,4.0690303,20.383846,23.410875,11.184702,11.138263,21.93721
622,21.46464,29.953573,22.444122,5.9594526,23.013453,8.80357,18.962841,11.942413,14.423072,6.328809,20.146975,12.919366,11.504465,22.300106,14.398991,25.331049,30.59935,16.8316,18.75508,18.205774,10.6806135,8.50237,28.078701,22.903452,27.268747,15.858801,9.415315,10.479846,12.04733,19.045527,26.47417,24.080843,13.350698,10.434169,19.163189
623,23.432526,29.325754,25.657078,12.344962,30.611994,5.45631,21.557644,10.905886,6.3950534,2.6507761,11.99145,12.957566,10.423989,20.19356,11.186519,22.099386,30.6588,20.99743,23.844212,21.592325,17.707733,16.289787,28.308695,25.745068,20.839962,14.720352,5.6035337,9.290905,17.13747,12.366095,27.489672,25.16586,16.326265,13.029938,21.0514
624,21.55558,30.316082,22.93367,6.0478225,18.991653,5.2312713,19.573164,13.4311905,9.730079,5.911803,22.840723,12.222449,12.569524,24.123466,11.47801,21.659534,31.814537,18.26416,20.7311,18.698517,10.718136,8.359262,28.651619,25.786663,27.51158,18.795473,5.2192364,11.03758,11.392812,22.92611,27.042032,24.784796,15.358319,11.400849,20.228798
625,20.370703,30.069082,23.186329,7.1041183,31.031195,4.5025725,21.432308,11.212284,6.2258177,2.862701,14.000272,12.589057,10.851417,20.876661,10.953117,22.19629,32.398117,18.44668,24.422337,20.967505,16.827671,15.2311125,28.388502,24.450666,23.660086,14.892321,5.6922207,9.437857,18.033497,14.465591,27.38937,24.900131,16.755745,11.0399275,20.252296
626,22.854471,29.184387,24.372192,14.554096,34.123516,14.180592,23.109888,9.069044,20.106075,11.908385,12.036522,17.881372,7.559779,14.055002,23.993885,32.70291,21.397572,17.719225,16.212364,24.531157,18.05966,16.044653,27.377634,13.949206,11.650352,6.899857,18.238138,6.70536,17.94806,3.7219393,26.7362,23.65628,9.2116165,8.136398,19.902216
627,22.800991,29.998936,22.733353,6.2220135,18.63461,12.458623,17.90903,12.703335,19.509249,8.601475,22.147738,14.075303,11.697455,23.467127,16.946894,27.459534,29.471457,16.888296,16.393703,16.794416,7.968259,5.5997376,28.016994,22.695805,29.143312,16.966415,12.880812,11.934478,9.4632,21.801136,26.154339,24.024036,12.348752,10.555317,19.218252
628,22.52635,30.2916,22.648502,5.748871,16.9304,10.713291,18.232515,13.384441,17.486115,8.289177,23.376799,13.687365,12.143541,24.276327,15.695141,26.02975,30.316227,17.200462,17.528538,16.85099,8.209466,5.5989184,28.30405,23.805817,29.547523,18.082033,11.085085,12.121088,9.647903,23.751022,26.46369,24.29363,13.384996,10.759195,19.534666
629,19.39286,23.692434,20.354069,8.392528,10.644426,30.484528,16.279495,11.998232,32.789135,26.034576,5.738058,28.283203,8.040432,20.115925,32.208286,34.630276,7.1849766,18.459929,8.608739,20.123009,4.995493,2.8822083,22.262022,15.580331,14.460768,13.806408,31.284761,21.150785,21.648668,3.5499692,18.581593,24.438473,14.720815,13.160611,24.018005
630,20.699133,30.503897,23.18903,6.465524,28.610792,4.88316,20.98658,11.72473,7.663381,3.7781153,16.836645,12.52428,11.494224,21.936604,11.297321,22.51647,32.66563,18.236485,23.284319,20.550098,14.929828,13.187822,28.770197,24.75306,25.256897,15.915827,5.755992,9.804366,16.19116,16.579508,27.507954,25.075771,16.219862,11.012173,20.27672
631,21.744392,30.288765,22.485088,5.218391,13.113402,5.840111,18.868296,14.741035,11.007824,7.1621165,25.609152,12.530285,13.013311,25.662722,11.723827,21.127802,31.740892,18.178019,20.215221,17.073082,8.952781,5.945491,28.44939,26.569609,29.29118,20.639927,5.8400154,12.249025,9.734551,27.47711,26.766264,24.607965,15.731362,11.392075,20.221537
632,21.479612,30.415958,22.315483,4.7190876,11.312723,5.080333,19.014235,15.366798,10.028331,7.367878,26.540586,12.533341,13.281949,26.307636,11.19583,20.147234,32.121822,18.373964,20.880451,16.958824,8.939834,5.7697334,28.551506,27.23892,29.591602,21.568762,5.222928,12.674053,9.783783,29.166336,26.880215,24.755636,16.476292,11.464651,20.482012
633,19.2634,30.436377,22.407711,6.1870494,30.801434,4.130115,22.235064,11.427675,6.4670725,3.3479025,13.712371,13.150426,10.483378,20.019463,12.342257,23.527397,31.735737,17.800135,24.664078,21.836678,17.958292,15.806857,28.537363,22.668259,22.33277,13.639064,6.3649073,9.2592,20.11787,13.7570915,27.656384,24.958294,16.563848,10.419103,20.308546
634,22.64746,30.06336,24.412033,8.950833,25.778513,6.0199513,20.28179,11.842962,9.337354,4.559309,18.08854,12.5545435,11.663819,22.223913,11.790841,22.697756,31.245255,19.269655,21.173573,20.328417,13.100837,11.46847,28.7129,25.33534,24.920805,16.60691,5.7781105,9.95088,13.290213,17.038353,27.276018,25.053179,15.000681,12.040354,20.508879
635,20.646778,30.329185,23.107758,6.5259757,28.459425,4.9394917,20.878508,11.657619,7.7367024,3.8585403,16.67379,12.5008135,11.418834,21.794199,11.364731,22.527262,32.389923,18.169886,23.113659,20.48951,14.845528,13.163101,28.626133,24.576853,25.062157,15.822723,5.8056784,9.795154,16.120184,16.428846,27.358809,24.95276,16.12197,10.994483,20.197994
636,26.21522,29.655092,27.634342,14.658253,24.89542,6.0336204,20.950876,12.126659,7.178697,4.3371067,16.602596,13.45843,11.629368,22.174974,10.871995,20.627495,29.986668,22.881943,21.422968,21.472643,14.229065,12.382503,29.04329,28.072016,22.002605,17.487532,4.502887,10.364084,12.207492,15.620093,27.926008,25.971516,15.1215315,14.829156,22.202433
637,21.275976,30.334919,22.196697,4.5412526,10.4516,4.5403094,19.016714,15.589247,9.249291,7.3091173,26.868202,12.408121,13.370238,26.510628,10.688528,19.373405,32.234406,18.460344,21.197632,16.904848,8.931417,5.731375,28.48007,27.538054,29.509417,21.985064,4.6838007,12.736472,9.767991,29.775816,26.820517,24.724089,16.821331,11.477598,20.528555
638,22.881388,29.876774,22.31911,5.544224,16.955194,15.323571,17.166607,12.832632,23.141045,9.919443,21.946505,15.043427,11.434229,23.667917,19.062868,29.360209,28.537537,16.371761,15.018642,15.768893,6.7321033,4.2257996,27.70952,21.664062,30.114155,16.805296,16.09165,12.949971,9.040637,22.33913,25.73705,23.811092,11.674539,10.34393,19.001734
639,22.029,30.498602,24.010384,7.7059355,25.556879,5.407462,20.505999,12.17198,8.812847,4.7195153,19.010384,12.538303,11.979326,22.699749,11.586781,22.496756,31.951859,18.950048,21.720833,20.412031,13.093584,11.322723,29.005104,25.437847,25.640917,17.006742,5.437129,10.17072,13.69655,18.00907,27.530857,25.26141,15.416288,11.768837,20.611124
640,21.694216,30.154877,23.99685,8.130055,28.180826,4.912322,20.916656,11.683168,7.2808657,3.7361805,16.496162,12.442185,11.454403,21.964586,10.940519,21.965199,32.164936,19.12508,23.083645,20.690142,14.864917,13.386573,28.68546,25.437296,24.556463,16.32014,5.239107,9.804125,15.293265,16.416338,27.448038,25.102491,16.162842,11.677385,20.543089
641,21.366682,30.274504,22.489895,5.087858,12.475737,4.1308846,19.187729,15.074635,8.505581,6.6743383,26.10818,12.0716715,13.265838,26.002787,10.229598,19.227076,32.32565,18.594704,21.311842,17.508718,9.39365,6.514874,28.521551,27.434526,28.805761,21.490568,4.029552,12.104998,9.956118,28.1751,26.87824,24.724482,16.62085,11.5191,20.47552
642,21.671701,30.39392,22.685555,5.3904366,13.682564,4.9440823,19.191032,14.762918,9.668064,6.785442,25.59873,12.283338,13.132274,25.700277,11.005957,20.375418,32.12825,18.495266,20.863613,17.625994,9.426302,6.598829,28.629148,26.988626,28.852524,20.889257,4.8489065,12.013633,10.062917,27.233013,26.958002,24.78154,16.158995,11.505199,20.425774
643,28.160496,28.063662,28.390503,18.54462,25.92544,10.07922,19.610802,10.465389,12.685618,3.9659698,13.887386,13.47602,10.267734,19.751274,13.390561,23.867476,26.685457,22.81108,17.301476,20.413427,13.203883,11.278522,27.674843,25.989962,20.020859,14.489003,7.67424,8.955422,9.978025,11.459564,26.621908,24.69109,11.827076,14.840725,20.92643
644,21.462603,30.514114,22.341217,4.6101093,10.598287,4.747887,19.099144,15.641058,9.559301,7.394143,26.971611,12.530684,13.4201565,26.626286,10.904186,19.676071,32.360233,18.54199,21.195007,16.956799,8.941336,5.7014103,28.64382,27.629051,29.736694,22.017035,4.8968744,12.82858,9.765983,29.871634,26.975574,24.863453,16.807377,11.551968,20.629927
645,21.191559,30.438538,23.123623,6.579623,28.117476,6.8263426,20.36976,11.455935,10.810587,4.713073,17.421186,12.856965,11.351396,21.652565,13.053326,24.476334,31.795458,17.659042,21.373186,20.00632,13.658812,11.83656,28.671692,23.704214,25.839998,15.212285,7.672655,9.8981285,15.022494,16.25614,27.27569,24.832672,14.801939,10.867476,19.884554
646,22.453741,30.669127,23.277584,6.5490503,21.7409,8.70111,19.270065,12.609327,14.627813,6.6275573,21.853456,13.015376,12.085646,23.398754,14.361818,25.431488,31.309462,17.634592,18.93573,18.505928,10.242437,7.982806,28.842838,24.137394,28.222708,17.096565,8.913593,10.860405,11.209522,20.832043,27.129856,24.724676,13.718935,10.9656,19.782331
647,22.094877,30.561543,23.211658,6.4908743,22.492641,7.6618266,19.479836,12.474457,13.031498,6.048238,21.332703,12.749787,12.065234,23.159216,13.5360365,24.580187,31.468729,17.728106,19.514965,18.839155,10.819222,8.608958,28.792292,24.331028,27.682728,16.977255,7.845042,10.620328,11.732039,20.2203,27.144718,24.752493,14.005815,11.081642,19.848816
648,33.012157,25.165588,31.621235,28.51986,30.515732,17.036297,19.258633,8.14283,19.662806,3.663856,5.9162693,14.890388,7.5065155,15.823377,17.313078,27.891088,21.934578,25.37967,14.438824,19.442577,15.736712,14.402102,25.396742,24.840843,14.059353,10.429734,14.432303,7.3103166,8.948144,4.786113,25.060944,23.03697,9.512089,15.1366415,20.18281
649,21.312637,30.419138,22.280819,4.600242,10.795005,4.453631,19.105589,15.555555,9.134965,7.2291503,26.875113,12.372456,13.398639,26.495903,10.6357155,19.401196,32.35465,18.506495,21.295305,17.061377,9.046117,5.8817883,28.566578,27.574234,29.458305,21.962408,4.5693784,12.641186,9.860066,29.611824,26.903112,24.783741,16.848185,11.478295,20.562902
650,21.900875,30.154333,24.129192,8.539911,28.839945,5.313856,21.001867,11.516167,7.786498,3.6041865,15.808845,12.570647,11.260698,21.646841,11.373611,22.581598,32.027557,19.179531,23.064365,20.746908,15.272924,13.759949,28.692102,25.257421,24.320602,15.833648,5.741935,9.725074,15.708567,15.751833,27.502525,25.113491,16.059296,11.7635975,20.519518
651,29.740267,26.750467,29.886269,22.983221,28.817152,9.533513,20.291775,9.581066,10.153686,2.317285,9.025711,13.36583,9.189606,18.12413,12.295341,22.65805,25.73692,24.784979,19.070698,20.773676,16.618649,15.043009,26.85646,27.085594,16.21342,13.30151,7.0086536,8.249522,11.660275,8.335369,26.404137,24.391462,12.754492,15.918356,21.20388
652,28.574669,27.849554,29.244827,20.216927,28.450119,8.056694,20.697716,10.316092,8.532511,2.6171975,10.98269,13.300894,9.970581,19.50789,11.501692,21.837442,27.593222,24.30118,20.432095,21.206516,16.324253,14.793548,27.73693,27.672262,18.237295,14.6921015,5.8776846,8.94952,12.276881,10.482573,27.108492,25.068289,13.8357,15.787764,21.635883
653,20.299646,24.067993,20.826347,8.795564,12.285941,28.819414,16.01561,11.56764,31.69956,23.592934,6.9629936,26.391342,8.143176,19.95265,30.373604,33.787724,9.759059,18.106762,9.0695,19.185995,5.2228117,3.1690602,22.616655,15.973051,15.986574,13.538006,29.611336,19.672821,19.653072,4.929931,19.281599,23.939278,13.673156,12.818749,22.924274
654,20.087362,30.7734,22.954014,6.1540756,31.883785,4.8747735,21.720922,11.264748,7.3100185,3.1008806,14.532995,12.860629,10.980614,20.957172,11.855985,23.554882,32.906086,17.949247,24.337141,21.236866,16.860575,15.016578,28.89257,23.900864,24.49177,14.45715,6.4266224,9.489898,18.63382,14.423618,27.833641,25.21467,16.477423,10.776486,20.275984
655,26.983587,28.171711,28.132576,17.707815,28.641645,7.0224934,20.782217,10.542852,7.440653,2.5966291,11.488305,13.019061,10.181735,20.009287,10.900282,21.280807,28.690466,23.35371,21.602354,21.149145,16.45487,15.143022,27.818727,27.364527,19.253038,15.184311,5.4207287,9.120574,13.329588,11.59128,27.102787,25.015877,14.784667,14.986115,21.431267
656,22.445387,30.55704,23.178925,6.34829,17.530476,7.326921,19.114985,13.65205,13.003884,6.9789834,23.829958,12.770125,12.617699,24.565374,13.16742,23.54349,31.422634,18.124329,19.430557,18.011898,9.519688,6.9864063,28.79003,25.456564,28.657816,18.931044,7.2571497,11.511821,10.294698,23.98805,27.040869,24.786867,14.65363,11.349351,20.122889
657,25.267286,25.920559,23.833134,12.955221,25.290121,28.422255,16.044817,8.829948,34.4617,18.374098,10.994193,21.916784,7.4076085,17.61856,28.653282,35.114685,17.26261,16.448944,8.426665,16.736061,6.7443705,5.9864397,23.976814,14.26903,19.493725,10.494188,30.561285,12.996184,10.734575,6.909097,22.059809,21.823444,7.353815,9.068183,18.7239
658,29.541752,27.390024,29.826466,21.860064,28.381632,8.88322,20.399767,10.014006,9.443854,2.4203274,10.379229,13.225646,9.696912,19.178696,11.688534,22.107962,26.921692,24.756454,19.66118,20.879093,16.1269,14.664576,27.418741,27.814894,17.692371,14.414897,6.2735043,8.662973,11.336078,9.927289,26.84432,24.82045,13.28377,16.051577,21.482958
659,21.587446,30.482016,23.261768,6.6196904,25.025955,6.424037,20.032072,12.082403,10.75053,5.049189,19.550512,12.549332,11.847001,22.588001,12.523023,23.691168,31.848522,17.954004,20.866451,19.591852,12.374472,10.390439,28.767653,24.48855,26.582333,16.4916,6.750021,10.176375,13.350917,18.515432,27.256569,24.865858,14.743943,11.130589,20.00128
660,21.734978,30.519508,22.622726,5.2291493,13.618786,5.5200295,19.138416,14.790615,10.623444,7.078451,25.695206,12.498889,13.112308,25.72735,11.625404,21.124168,32.051342,18.312983,20.592422,17.465826,9.272136,6.345095,28.68943,26.736074,29.208778,20.725677,5.5535107,12.168301,10.097144,27.362001,26.991383,24.804125,15.988137,11.413896,20.384819
661,27.771885,27.946913,28.6445,19.144289,28.76008,7.755184,20.770262,10.310829,8.377324,2.633379,11.027534,13.272218,9.958817,19.331636,11.621421,22.012157,27.732439,23.718466,20.638103,21.264103,16.496086,14.891734,27.710806,27.124033,18.336576,14.380758,5.931299,8.898325,12.986901,10.356816,27.068548,24.98934,13.924933,15.360502,21.46404
662,21.277931,30.445562,22.343212,4.65015,10.89516,4.116221,19.215652,15.58568,8.632482,7.1154323,26.90713,12.283894,13.447901,26.531355,10.363497,19.090986,32.47744,18.628256,21.530373,17.23924,9.201472,6.0934114,28.620659,27.738253,29.299181,22.089233,4.196913,12.575797,9.94599,29.601511,26.962585,24.841198,17.013931,11.517805,20.64203
663,18.836666,30.239021,22.19151,9.162788,34.621513,7.1344595,24.386984,10.252527,10.9425955,4.8594255,7.8428946,15.68676,7.9168034,14.936087,18.783407,29.97697,26.631134,17.339584,23.49247,24.754757,22.728077,19.386011,28.114096,16.41415,14.526029,7.256161,11.710519,7.602184,26.156197,5.467605,27.834223,24.641623,14.347331,9.169556,20.27988
664,20.361343,30.181004,23.04918,6.41065,27.994886,4.0488787,21.05855,11.898321,6.0661345,3.5132208,16.53526,12.458788,11.456058,21.965246,10.393249,21.09854,32.66321,18.457891,23.941853,20.459255,15.313266,13.505708,28.493994,25.213146,24.774021,16.269272,5.0015306,9.901479,16.428892,16.942852,27.339632,24.96952,16.803822,11.087426,20.38161
665,23.348085,30.580742,23.928764,7.4959936,17.394037,8.012271,19.192461,13.742329,13.4227,7.211272,23.387087,13.300714,12.602045,24.67796,13.493001,23.67438,31.04168,18.873621,19.217442,18.114265,9.536915,6.8745646,28.914345,25.919481,28.42157,19.075031,7.707967,11.872314,10.024016,23.72045,27.198204,25.074886,14.535173,11.953695,20.551405
666,31.407305,25.51459,30.971981,27.090147,30.404028,11.954813,20.333864,8.638655,12.814298,2.1340256,5.4948034,13.935862,7.941958,16.082205,14.118438,24.466782,23.358984,25.729069,17.935566,20.579197,18.113874,16.550293,25.894983,26.179802,13.046685,11.131375,9.590355,7.4145575,11.900164,5.157556,25.774076,23.686966,11.766435,15.9611025,20.885155
667,20.727913,30.648699,23.145119,6.361628,28.369408,5.2704434,20.947508,11.737455,8.566092,4.097613,17.142279,12.650957,11.529853,21.85115,11.968702,23.32944,32.430492,18.059618,22.81816,20.636177,14.676894,12.852157,28.895203,24.36965,25.35667,15.6681795,6.203021,9.840423,16.234257,16.425507,27.55661,25.128899,15.895358,10.999658,20.257318
668,28.875687,27.76675,29.443798,20.580297,28.049625,8.142476,20.58465,10.344599,8.553818,2.6829863,11.131498,13.274183,10.007404,19.652147,11.377468,21.63001,27.493153,24.51134,20.251835,21.12337,16.059277,14.583988,27.714708,27.913544,18.27589,14.940807,5.767396,9.012749,11.778218,10.69945,27.072664,25.070513,13.768553,15.9752035,21.688356
669,30.102102,26.947006,30.181293,23.176035,28.519245,9.643464,20.300213,9.724529,10.285134,2.4931748,9.55297,13.444175,9.366035,18.460457,12.288949,22.645727,25.884512,25.018593,18.951706,20.8519,16.30254,14.729307,27.07462,27.417885,16.5413,13.682272,6.919281,8.39097,11.22133,8.72418,26.571892,24.587765,12.718366,16.12806,21.388863
670,21.175636,30.57961,22.253944,4.261133,9.051425,3.5804968,19.253632,16.17093,7.937739,7.1875777,27.814676,12.28341,13.700194,27.20477,9.853129,18.208052,32.913612,18.839264,22.042248,17.007515,9.029136,5.719243,28.718313,28.458817,29.784521,22.98787,3.7144668,12.9704275,9.843928,31.24281,27.063387,24.97399,17.646416,11.654441,20.844988
671,29.18476,26.082647,29.497772,23.895538,31.199425,10.313455,20.79188,8.866808,11.029331,2.0059948,5.7522264,13.82432,8.146289,16.085745,13.738914,24.18373,24.383984,24.46557,19.425226,21.002575,18.961254,17.212868,26.145859,25.36686,13.523979,10.882839,8.852476,7.5491905,14.33589,5.289417,25.996252,23.83272,12.694839,15.151164,20.786304
672,30.740452,25.704569,30.607555,26.163794,30.465908,11.049269,20.56928,8.7933445,11.568925,2.1956427,5.7551517,13.98022,8.096269,16.103237,13.744216,23.901037,23.607832,25.495312,18.49001,20.871662,18.424976,16.734438,26.029518,26.094646,12.949099,11.183115,8.92246,7.5518494,12.639944,5.1733823,25.922913,23.846125,12.059871,15.917593,21.032015
673,23.920895,24.760897,23.90443,14.942552,27.494469,28.275587,18.092913,8.701147,31.34668,22.694971,7.6154356,24.4789,6.5855484,16.173594,29.898699,33.920074,12.601053,17.81908,10.117113,20.43349,9.850692,9.985997,23.062565,13.382166,11.9705715,10.485309,30.787699,13.246898,15.271255,2.0008926,21.089024,22.234863,9.914734,8.782246,20.632998
674,21.650114,30.544144,22.556755,5.0224094,12.547467,5.1541653,19.166876,15.121811,10.107133,7.173824,26.18394,12.498602,13.249867,26.090586,11.29715,20.531107,32.21608,18.447557,20.889847,17.330633,9.197775,6.165689,28.70674,27.131817,29.391142,21.252567,5.2142487,12.4149065,9.993144,28.314205,27.022898,24.859768,16.340246,11.489778,20.51457
675,21.20726,30.461498,22.27921,4.4680204,9.927425,3.8138318,19.212854,15.868649,8.211137,7.1504774,27.329292,12.267275,13.560681,26.848318,10.057688,18.56114,32.647217,18.732817,21.773645,17.095085,9.103999,5.902841,28.62609,28.09253,29.490332,22.543493,3.9129226,12.771725,9.850438,30.423647,26.976355,24.876318,17.317778,11.584331,20.73012
676,24.6174,29.348465,26.501194,13.497448,29.203,5.680322,21.286913,11.163868,6.6690993,2.8619268,13.310112,12.837114,10.784279,20.966574,10.766839,21.53884,30.711054,21.767683,23.158794,21.415096,16.579245,15.259713,28.498676,26.838488,21.448006,15.792478,5.081793,9.4547205,15.11723,13.588588,27.587431,25.34482,16.027048,13.636351,21.328587
677,28.971844,27.45628,29.533325,21.318378,29.039793,8.513813,20.713272,10.0207,8.8286295,2.381398,9.708492,13.39701,9.595891,18.927769,11.746718,22.12175,27.045267,24.58362,20.44776,21.136364,16.978832,15.483084,27.419193,27.517817,17.237679,14.107519,6.357444,8.710693,12.686416,9.475874,26.905807,24.859833,13.802319,15.825712,21.54483
678,25.889973,28.805466,25.819881,13.028912,25.746214,13.539667,18.424038,10.426929,18.799345,6.81248,16.61677,14.383247,10.456266,20.271923,16.918205,27.709555,26.970165,19.272259,15.030834,18.879047,10.202754,8.314995,27.617186,22.568562,23.888428,13.8283,12.575276,9.871481,9.453589,13.104839,26.091341,24.088274,10.273466,12.297025,19.643185
679,21.84859,30.230282,22.213936,4.9702034,13.328635,8.190133,18.392706,14.42926,14.316988,7.9737606,24.92018,13.193868,12.656322,25.293125,13.739877,23.386032,30.90853,17.570059,18.901182,16.562597,8.271534,5.245957,28.263195,25.26907,29.76885,19.74505,8.516667,12.589079,9.702542,26.703785,26.482553,24.399637,14.826904,11.071286,19.882692
680,20.999538,30.15448,22.695885,5.7446027,19.064844,4.293305,19.768854,13.477758,8.229402,5.599861,22.379965,12.091178,12.538214,23.994175,10.778289,20.687603,31.896248,18.316034,21.446283,18.92005,11.289183,8.943343,28.517288,25.913097,26.920385,18.857456,4.441561,10.998726,12.129259,22.728254,26.973217,24.75861,15.884633,11.380782,20.307577
681,21.099373,30.46969,23.559662,7.046053,28.853615,4.8630667,21.05112,11.706083,7.3547306,3.6987653,16.592442,12.520697,11.497292,22.032452,11.07197,22.272099,32.68469,18.625866,23.424833,20.675724,15.031568,13.4419985,28.823757,25.124756,25.125193,16.150917,5.5265865,9.843361,15.945824,16.532228,27.582882,25.167532,16.326359,11.27014,20.44253
682,21.715271,30.416693,22.434559,5.031048,13.045613,6.0248227,18.90523,14.819426,11.387867,7.3502984,25.75876,12.648559,13.048985,25.745775,12.019374,21.482538,31.80374,18.088564,20.218403,17.057953,8.929989,5.883655,28.535387,26.490768,29.506676,20.64462,6.1391096,12.36381,9.886163,27.667822,26.829367,24.666937,15.778392,11.320307,20.245064
683,22.592035,29.99776,22.27602,5.309398,15.807011,13.434301,17.481598,13.3184395,20.801834,9.443108,22.829758,14.578637,11.79012,24.19189,17.641453,27.738457,29.21594,16.697815,16.082518,15.947754,7.0850825,4.4332547,27.874348,22.67994,30.124092,17.692448,14.098023,12.927753,9.207525,23.674582,25.943773,23.991982,12.571898,10.551703,19.262228
684,32.697987,25.13471,31.299488,27.935732,30.016985,17.021843,19.03318,8.190562,19.763264,3.5321362,6.085301,14.730905,7.531945,15.976732,17.195055,27.849289,22.032164,25.108173,14.3659115,19.21604,15.392361,14.016417,25.317131,24.78183,14.537279,10.557731,14.356321,7.3689637,8.861691,5.131287,24.924417,22.949497,9.574753,15.0466385,20.038158
685,32.666725,26.08295,31.627068,27.032267,29.357473,16.390675,19.560873,8.872374,18.877172,4.409643,8.246516,15.545444,8.300634,16.553133,17.314123,27.472048,22.36692,25.338982,14.1936455,20.096052,14.853627,12.827249,26.173635,25.190802,14.99785,11.128995,13.719783,7.982812,8.854878,5.571604,25.676361,23.851295,9.271895,15.560133,20.90465
686,19.945795,23.88299,20.842552,9.119724,12.134187,30.942286,16.546913,11.785395,33.327534,26.308943,5.816472,28.431343,7.917596,19.81309,32.631386,35.046234,7.297432,18.56663,8.51872,20.391354,5.344526,3.4223917,22.419874,15.271416,14.062402,13.527014,31.917603,20.724932,21.274183,3.118409,18.837309,24.419939,14.2645,12.855664,23.971334
687,19.0826,30.58073,22.277252,7.045016,32.875866,5.1650314,23.081985,10.829187,8.297668,3.5229037,11.496083,14.013771,9.559004,17.896858,14.941414,26.547195,30.033289,17.429558,24.018824,23.007858,19.844528,17.055168,28.58842,20.10186,19.707344,10.682771,8.274872,8.559898,22.570848,10.09399,27.939825,24.979027,15.2898655,10.139933,20.24859
688,20.0649,30.20027,22.939217,6.4620767,31.080004,4.47365,21.408506,11.281849,6.2701187,2.9216988,14.337868,12.607628,10.942992,21.058569,10.90354,22.16054,32.71543,18.17099,24.530062,20.813942,16.689371,15.032479,28.421476,24.41543,24.145727,14.996205,5.799391,9.505139,18.100554,14.856102,27.400513,24.901001,16.852186,10.798592,20.182472
689,22.475582,29.152102,24.933548,12.123611,32.205044,5.6001735,22.066618,10.419872,6.8368764,2.3522024,9.933453,13.2510605,9.609452,18.58052,12.406067,23.591623,29.728159,20.265362,23.988228,22.142431,19.3156,17.586359,27.968494,23.706278,18.95632,12.622051,6.615184,8.624733,19.445808,9.987874,27.363232,24.816957,15.904252,12.325961,20.663576
690,20.191072,30.601934,22.93151,6.8538404,31.166134,5.06011,21.916761,11.230532,7.9518237,3.4339974,14.213573,13.036382,10.632376,20.301424,12.77198,24.380735,31.879173,17.980232,23.821049,21.579363,17.195015,15.206868,28.784763,23.012024,23.247002,13.725748,6.847001,9.278972,18.85033,13.82491,27.798145,25.086485,15.94303,10.767093,20.264597
691,28.588655,27.595041,29.32663,20.651201,29.27775,8.165762,20.800177,10.119854,8.293504,2.2726212,9.7027645,13.326464,9.665149,19.22564,11.376935,21.762875,27.63296,24.443447,21.143589,21.110205,17.196608,15.85402,27.483358,27.665695,17.621452,14.457559,6.1993856,8.795765,13.11177,9.986157,26.959757,24.88826,14.351551,15.603805,21.547667
692,19.592379,30.262413,22.887123,10.919154,34.39794,7.338356,24.956266,10.119514,11.686292,7.094172,10.082389,16.299969,7.975836,14.033209,20.175463,30.284077,24.616558,17.675457,21.569601,26.055706,22.32348,19.00566,28.30722,15.152011,11.766238,6.6546826,12.064519,6.7617407,24.286837,4.285835,28.040234,24.681854,12.435929,8.8867035,20.617315
693,30.702028,26.077045,30.460163,25.081676,29.36277,10.803159,20.123268,9.07715,11.56143,1.992908,7.292016,13.489015,8.585407,17.249922,12.990468,23.465044,24.637087,25.283735,18.374733,20.473501,17.08802,15.516444,26.3328,26.827961,14.961847,12.345099,8.138688,7.8320117,11.436648,6.916694,26.027761,23.998875,12.224432,16.054556,20.97105
694,22.370064,29.928293,22.162086,5.1332746,14.758166,12.250401,17.553005,13.62866,19.238178,9.186235,23.433115,14.281601,11.980223,24.484129,16.650902,26.489315,29.504599,16.83844,16.641973,15.868047,7.181174,4.389606,27.826323,23.301157,30.091284,18.266851,12.826046,12.938673,9.134446,24.627123,25.94148,23.989481,13.058719,10.673423,19.349564
695,31.310226,26.11601,30.722279,25.539064,28.4276,12.097353,19.753658,9.119528,13.7181835,2.6290112,8.507899,13.729686,8.685595,17.258537,14.003639,24.475912,24.01149,25.187265,16.73145,20.27435,15.787315,14.026173,26.352198,26.458834,15.363586,12.250967,9.141228,7.7332153,9.93399,7.099521,25.902496,23.911764,11.116692,15.9563875,20.842215
696,21.010025,30.436274,22.225574,4.3846927,9.710762,3.1807737,19.322405,15.963308,7.3201847,6.979052,27.546007,12.076673,13.633764,26.904549,9.535462,17.883173,32.81811,18.822336,22.133917,17.25135,9.281863,6.1140423,28.624456,28.313822,29.23387,22.775957,3.2719176,12.651956,9.939692,30.612274,26.99199,24.880943,17.590172,11.566548,20.776571
697,21.235447,30.528725,22.28555,4.4199824,9.70329,3.8729157,19.23769,15.96162,8.323617,7.245598,27.456429,12.338592,13.592721,26.948023,10.1538925,18.630445,32.686935,18.75601,21.803474,17.065962,9.084787,5.8366594,28.679792,28.150831,29.612295,22.630627,4.0140753,12.874862,9.869207,30.656122,27.026058,24.928707,17.376427,11.608871,20.781454
698,21.239746,30.49834,22.267487,4.376362,9.336238,3.8293586,19.17819,16.035975,8.238844,7.2142835,27.544596,12.324274,13.618333,27.05741,10.030628,18.448725,32.727566,18.785172,21.82774,16.955406,8.979747,5.697771,28.647108,28.278774,29.729685,22.77865,3.9382737,12.949317,9.779341,30.914854,26.994108,24.91375,17.44921,11.652263,20.782797
699,24.329208,24.23584,23.766678,14.612598,22.39366,28.411367,16.61275,9.213276,31.916702,19.950022,6.872196,23.679232,6.985609,17.297262,28.684807,33.498108,13.043584,18.393772,9.017403,18.45061,7.762027,6.956546,22.814486,15.277956,14.921461,11.061773,29.676443,14.621994,14.231288,3.7974904,20.656313,22.31412,9.930084,10.7445545,20.55502
700,22.82638,30.131857,24.303802,8.783299,25.670311,6.9768596,19.975006,11.711706,10.95098,4.864396,18.48227,12.709145,11.619271,22.147648,12.59407,23.685745,31.034767,18.878195,20.245554,19.954172,12.424915,10.645215,28.708794,24.853638,25.53156,16.215263,6.752385,9.975095,12.694793,16.996672,27.21651,24.957062,14.265565,11.904556,20.266294
701,32.68501,25.103127,31.535427,28.635818,30.696758,14.669197,19.66523,8.161266,16.53729,2.47886,5.383012,14.030283,7.5495,15.871283,15.518597,26.207218,22.669037,25.74918,16.100702,19.749105,17.016064,15.737702,25.500193,25.750599,13.494794,10.715347,11.963745,7.0137143,9.820646,4.9976597,25.322235,23.158756,10.575701,15.56493,20.32424
702,21.445482,30.461117,22.41016,4.788015,11.459862,4.632885,19.132738,15.394266,9.356874,7.1456494,26.64583,12.3816805,13.357811,26.356672,10.767047,19.698128,32.345936,18.516579,21.184324,17.188501,9.108057,6.0021315,28.617958,27.468756,29.40349,21.739862,4.69028,12.513744,9.887258,29.119492,26.947357,24.81129,16.685137,11.491684,20.547634
703,21.692114,30.385113,22.397568,4.994615,12.90118,6.0374002,18.874645,14.838163,11.404614,7.384172,25.762518,12.658015,13.043384,25.760471,12.025395,21.45697,31.766033,18.071192,20.20094,16.99892,8.891715,5.8337674,28.502796,26.48245,29.525433,20.667421,6.163638,12.406637,9.863115,27.750553,26.79858,24.644741,15.78435,11.317208,20.234581
704,21.33176,30.37872,22.302914,4.6116815,10.394491,4.2811704,19.111423,15.674501,8.811716,7.250448,26.910006,12.386562,13.438391,26.64888,10.4449005,19.065966,32.375977,18.641582,21.428013,17.00132,9.022509,5.848089,28.555674,27.811415,29.510271,22.205963,4.37904,12.811342,9.76879,29.96054,26.908558,24.82044,17.004734,11.606424,20.660025
705,20.01907,23.78981,20.83474,9.207554,12.253908,31.028069,16.386835,11.685461,33.60762,25.976902,5.878256,28.196247,7.8415017,19.564892,32.65502,35.18693,7.2867274,18.437292,8.202987,20.164032,5.28019,3.3600726,22.32847,14.989734,14.151738,13.276341,32.031567,20.512718,20.742884,3.1374118,18.796465,24.234093,13.831714,12.709562,23.729752
706,22.01421,30.526485,22.817623,5.692368,15.684308,6.424524,19.10119,14.169395,11.889035,7.0270624,24.72106,12.61965,12.842757,25.065182,12.4691925,22.474457,31.699492,18.102795,19.959167,17.714752,9.400469,6.659817,28.716097,25.972513,28.944818,19.698013,6.4427996,11.811095,10.278812,25.556532,26.988295,24.764631,15.264176,11.340498,20.196814
707,24.620049,29.384806,26.472229,13.495159,29.305906,5.7750235,21.278025,11.113293,6.9331856,2.8366117,13.354532,12.814334,10.771867,20.863863,10.939638,21.810083,30.642986,21.685364,22.944845,21.44296,16.514423,15.140747,28.526981,26.696444,21.476597,15.604018,5.15963,9.38589,15.075497,13.4108305,27.607737,25.345335,15.8225765,13.632581,21.278973
708,22.127552,29.460857,24.724724,11.903782,31.548435,5.2737684,22.612206,10.717503,6.9286003,3.0111563,10.796514,13.625953,9.613114,18.219942,13.242592,24.129543,29.127192,20.122694,23.658113,22.830986,19.578108,17.431116,28.221333,22.904737,18.114944,12.160334,6.713916,8.531881,19.731936,9.9441805,27.660631,25.00766,15.428119,12.103029,20.911049
709,24.537096,27.060934,25.236328,17.47599,32.259773,18.996172,21.50685,8.64942,23.129774,13.353875,6.1978126,19.70245,6.660551,14.887074,25.026985,32.761047,18.865276,19.463968,15.822733,22.67826,17.031734,16.005173,25.69677,15.710099,11.368926,8.040575,22.141249,9.266447,18.599731,2.4672725,24.837727,23.27187,11.205806,9.896657,20.400055
710,29.627943,27.244387,29.733402,21.97055,27.654873,9.588463,20.08466,9.940008,10.755139,2.906974,11.065246,13.394078,9.685389,18.808668,12.462413,22.81234,26.044773,24.435017,18.309475,20.77502,15.265801,13.552264,27.255465,27.094475,17.48335,13.944891,6.837038,8.494389,10.568388,9.500074,26.59324,24.627102,12.292206,15.862679,21.280148
711,21.220652,30.571808,23.30246,6.731755,28.334705,6.283543,20.62609,11.556219,10.00833,4.450865,17.297188,12.786778,11.442511,21.774338,12.657265,24.125162,32.058895,17.953793,21.898521,20.321522,14.044637,12.249185,28.839859,24.083607,25.693861,15.431259,7.0683556,9.887257,15.368268,16.283688,27.46169,25.022652,15.19136,11.043431,20.10083
712,26.825794,25.49771,26.852425,18.853617,23.136951,14.656697,18.27292,9.757633,17.315105,7.8097253,10.311579,16.257212,8.779438,16.947863,17.755436,25.902948,20.29061,21.591393,13.635279,19.603651,12.104027,9.840612,25.123804,21.51545,15.285158,11.655439,13.38107,9.996382,11.496257,6.754315,23.989965,23.163593,10.041842,13.790634,20.349588
713,22.248436,29.323658,23.489231,7.9726048,17.41946,5.6548686,19.204262,13.3583145,9.522035,6.665705,21.720064,12.603125,12.261447,23.623598,11.607624,20.966602,29.897427,19.071304,20.111454,18.76231,10.57759,8.429858,27.975378,25.69673,25.383013,18.894411,5.2549896,11.2619505,11.139042,21.85583,26.358437,24.493984,15.29284,11.93948,20.44401
714,22.00861,30.41984,22.699032,5.655426,15.472233,6.857082,18.936111,14.110357,12.53415,7.168695,24.58943,12.709494,12.7445,24.970917,12.805471,22.802292,31.44528,17.949833,19.623127,17.487213,9.189949,6.405603,28.588198,25.693787,29.025982,19.516401,6.93217,11.867472,10.144032,25.515041,26.853407,24.640734,15.038974,11.25657,20.066875
715,30.769499,25.882149,30.713593,25.950119,30.369833,10.536518,20.652008,8.944012,10.658228,1.8806336,5.7880254,13.881117,8.243953,16.463957,13.166495,23.378914,24.164198,25.701223,19.15484,20.932493,18.644203,16.925081,26.217482,26.686142,13.278872,11.605374,8.277046,7.746793,12.96555,5.5294337,26.123392,24.069508,12.567083,16.227152,21.232206
716,19.444862,30.40924,22.417374,5.7986026,31.49424,4.497682,21.707783,11.218946,6.764572,3.0493345,13.987017,12.8116455,10.693383,20.54231,11.746261,23.186644,32.483383,17.619047,24.50092,21.136179,17.17613,15.289799,28.491869,23.327969,23.808645,14.121176,6.364832,9.372108,19.126827,14.256123,27.521427,24.879446,16.55717,10.453545,20.052294
717,32.99286,25.282967,31.509365,28.086899,30.44578,18.173061,19.058489,8.162685,21.145782,4.2377667,6.2168984,15.329604,7.4951706,15.87734,18.190132,28.715948,21.711346,25.071627,13.730721,19.248358,15.113443,13.724884,25.398508,24.358776,14.584993,10.314502,15.695236,7.5520515,8.610489,4.8208165,24.982561,23.023455,9.053086,14.8971615,20.117682
718,30.934855,25.44537,30.67698,26.580408,30.410038,11.244594,20.383085,8.657812,11.747102,1.908412,5.2387896,13.76117,7.941972,16.082024,13.58076,23.865726,23.562408,25.602427,18.548618,20.60824,18.467176,16.946182,25.819044,26.223839,12.883273,11.223372,8.978679,7.446497,12.486882,5.185413,25.729328,23.65506,12.197852,15.920886,20.87223
719,22.93906,24.549326,22.727829,12.321291,21.026674,30.278898,16.71032,9.824709,33.813854,23.348387,7.1925044,25.630941,7.1258316,18.011011,31.057068,34.97809,11.569754,17.699755,8.885551,19.097988,7.05589,6.3637996,22.85194,14.148652,14.89235,11.688655,32.166954,16.337776,16.372292,3.6577287,20.262636,22.812996,10.928021,10.347354,21.31076
720,20.267864,23.948383,21.051186,9.488835,13.235495,30.9543,16.58441,11.533478,33.492302,26.166292,6.0588903,28.184668,7.800116,19.505041,32.600746,35.09694,7.6469736,18.414524,8.442002,20.308334,5.5273557,3.7505696,22.44648,14.95791,13.978425,13.235629,32.095257,20.177671,20.675514,3.0436609,18.984734,24.204693,13.743709,12.489243,23.652605
721,21.168808,30.533007,22.776394,5.6193504,20.094522,5.0047636,19.853895,13.329374,9.437225,5.6033115,22.379864,12.255704,12.516893,23.918915,11.503305,21.876602,32.153564,18.091362,21.199146,18.985249,11.32444,8.895818,28.785877,25.583723,27.431263,18.402168,5.2466373,10.885744,12.323073,22.326101,27.209152,24.89741,15.552244,11.238184,20.235888
722,27.999128,28.080023,28.449196,18.349594,24.843157,9.457515,19.765022,10.818352,11.374327,4.6813254,14.530176,14.164277,10.50674,19.598436,13.258735,22.855295,26.006657,23.004522,17.18456,20.87572,13.112398,10.680193,27.727655,25.93783,19.101074,14.5647335,7.099531,9.373591,10.32088,10.975069,26.698225,24.981539,11.648886,15.236868,21.426003
723,20.770613,30.11616,22.441135,5.059258,14.030136,2.5746105,19.657448,14.813488,5.9489145,5.763727,25.068943,11.712469,13.16884,25.544163,8.983561,17.776617,32.613388,18.857878,22.340435,18.21894,10.517361,7.8007774,28.48841,27.706202,27.721478,21.232489,2.5618582,11.693681,10.858624,26.965483,26.975569,24.810299,17.114897,11.659551,20.650967
724,32.51839,25.110651,31.508652,28.61192,30.782501,14.1333475,19.85862,8.205155,15.753137,2.4487817,5.185431,14.031418,7.5666814,15.805342,15.275978,25.864283,22.676031,25.84887,16.519056,19.968857,17.420422,16.147755,25.53868,25.809278,13.096061,10.727421,11.532136,7.048043,10.302804,4.860468,25.398333,23.239794,10.837575,15.645968,20.455013
725,25.602495,25.878096,24.41587,14.158777,24.919147,28.466928,16.66185,9.020384,33.9204,18.847265,10.040225,22.635942,7.4173183,17.624975,28.943733,34.998077,16.296137,17.515202,8.662192,17.701845,7.3633075,6.4534883,24.12978,14.925601,18.036879,10.604709,30.350584,13.385736,11.77635,5.867138,22.171886,22.369844,8.001419,9.857649,19.611567
726,27.827097,26.617413,28.598751,22.454782,32.36223,9.901448,21.636602,8.905037,11.203851,2.294646,5.36422,14.11769,7.8721123,15.463334,14.838186,25.492594,24.439247,23.6211,20.138905,21.79036,20.264927,18.351376,26.415155,23.74923,12.8145485,9.80242,9.5653305,7.275312,16.462816,4.7066402,26.346184,23.908146,12.8584385,14.173143,20.719007
727,22.682976,25.217077,22.665066,11.435686,18.58235,28.72283,16.899998,10.47924,32.737114,22.601465,8.847055,25.326008,7.881384,18.746181,30.42473,34.56289,12.214601,17.997456,8.860241,19.4262,6.542042,4.9873743,23.606922,15.131113,15.849294,12.088704,30.280237,16.745104,16.560507,4.65919,20.869495,23.550423,11.014636,11.344951,21.860828
728,22.343859,30.151096,23.044529,6.6218147,18.972761,7.9195213,18.87335,13.007664,13.655958,6.887686,22.753962,12.693269,12.235111,23.75855,13.564167,24.07712,30.81008,17.771015,18.80335,18.030943,9.550409,7.282176,28.432663,24.569489,27.980751,17.986,7.8664713,11.079726,10.307139,22.292074,26.692343,24.425755,13.987267,11.101809,19.733904
729,21.315329,30.14983,23.113815,6.531016,22.123377,4.8775387,19.97313,12.738441,8.63256,5.183625,20.630178,12.231199,12.182295,23.20118,11.212618,21.596485,31.711874,18.405714,21.36529,19.477507,12.033872,9.973941,28.577168,25.4041,26.232546,17.770416,4.9987803,10.547439,12.805431,20.303745,27.070908,24.831005,15.474106,11.45898,20.282907
730,22.568775,30.456726,23.13136,6.472895,18.779219,8.523674,18.906097,13.181908,14.6112,7.187068,23.179157,12.954347,12.323991,24.055805,14.105242,24.711647,31.04726,17.744007,18.67909,17.897938,9.349086,6.9554214,28.655533,24.615374,28.634508,18.110144,8.574662,11.318452,10.193519,22.850172,26.888187,24.579336,13.937112,11.066698,19.806475
731,31.653805,25.398743,30.913803,27.231438,30.82424,13.807269,19.940716,8.366285,15.546493,2.4462512,5.3430376,14.100795,7.669607,15.902533,15.337281,26.000269,23.0646,25.286875,16.898941,20.04264,17.481222,16.055231,25.649694,25.419437,13.577518,10.658298,11.532969,7.1932693,11.255936,5.0253906,25.449797,23.302471,11.125234,15.303312,20.39507
732,20.506186,24.248762,21.191017,9.310719,12.727878,28.041498,16.432604,11.655121,30.609455,23.388195,7.0718265,26.307362,8.261482,19.99404,29.875687,33.29358,9.98551,18.5399,9.628271,19.72235,5.776633,3.6968968,22.852894,16.475115,15.507817,13.73935,28.696415,19.456488,19.932137,4.807193,19.56062,24.185558,14.0036545,13.031847,23.220098
733,20.45289,30.294016,23.246418,7.303007,31.103176,4.579118,21.737303,11.262569,6.640842,3.0187335,13.925461,12.765527,10.7551565,20.66813,11.577571,22.955753,32.225113,18.476627,24.389462,21.350388,17.180796,15.469927,28.597897,24.055622,23.31247,14.514187,5.972743,9.389884,18.478947,14.192697,27.628311,25.041454,16.578493,11.07884,20.364067
734,21.194958,30.684063,22.262924,4.1781836,8.885391,3.6149147,19.296474,16.268398,8.0423355,7.2564783,28.009258,12.336965,13.752078,27.317947,9.934055,18.295036,33.01738,18.849222,22.096878,17.007792,9.016773,5.6578717,28.799307,28.52663,29.941225,23.081211,3.7870061,13.04019,9.879683,31.481705,27.13545,25.038174,17.716707,11.656032,20.892117
735,19.580616,29.872555,22.528534,6.341302,30.445438,4.164061,21.423546,11.256311,5.9390297,2.9713514,13.931351,12.609965,10.676398,20.570805,11.014973,22.019323,32.07319,17.939997,24.44179,20.869919,16.922358,15.1656275,28.095612,23.757986,23.276695,14.573776,5.738866,9.37058,18.495495,14.523977,27.143383,24.627827,16.729235,10.610867,20.032192
736,29.793158,26.850069,28.49868,21.30431,30.40313,20.579166,18.799986,8.460686,25.734125,9.27216,10.825174,17.173874,7.9402895,16.41408,22.172808,31.696058,21.661734,21.129292,11.894406,19.07916,12.471136,10.994197,25.965382,20.135647,17.168243,9.839194,20.408106,8.540795,8.9084425,6.2354836,25.085564,22.988873,7.526041,12.018251,19.449753
737,21.777338,29.37178,24.383404,11.778969,31.593946,5.7883515,22.584274,10.500143,8.155414,3.4656234,10.797534,13.825328,9.4162655,17.397608,14.401149,25.440525,28.083101,19.568827,22.67707,23.158096,19.463326,17.099619,28.070234,21.508879,17.208656,11.095202,7.3885164,8.16259,20.140371,8.650384,27.4512,24.803335,14.583762,11.67143,20.65956
738,33.347786,24.803238,31.896358,29.829378,31.380749,16.240755,19.546812,7.8075886,18.639423,2.9764826,4.8740134,14.346711,7.195124,15.362556,16.685009,27.379684,21.866808,25.828398,15.080451,19.53933,16.883003,15.774976,25.231256,25.136091,12.954388,10.075517,13.639545,6.7355714,9.094374,4.2934484,25.085638,22.856806,9.805236,15.233254,20.088715
739,22.523022,30.45544,23.273567,6.6716623,19.456745,7.8522124,19.088587,13.071959,13.56726,6.761398,22.93508,12.742371,12.351229,23.92526,13.533083,24.203869,31.211308,17.929216,19.041643,18.245249,9.736959,7.421724,28.712473,24.846144,28.230982,18.076786,7.766675,11.066968,10.430394,22.345324,26.973663,24.662388,14.094561,11.202078,19.901087
740,33.508286,24.614626,31.854736,29.888592,31.56611,18.158014,19.205997,7.6328683,20.92747,3.7931108,4.5230346,14.983379,6.93601,15.113239,18.056225,28.61625,21.107733,25.554758,13.998535,19.186752,16.263748,15.2565,24.952599,24.324587,13.068433,9.665649,15.751098,6.9793196,8.634214,3.8347163,24.752647,22.635828,9.110393,14.897706,19.908775
741,21.971647,30.419434,22.625763,5.52433,14.896544,6.8433766,18.885483,14.245609,12.553799,7.224072,24.833466,12.713224,12.786055,25.120516,12.763394,22.687874,31.469862,17.936428,19.63403,17.330036,9.071888,6.1997747,28.563898,25.781233,29.185392,19.693277,6.9251127,11.968446,10.041075,25.969038,26.831154,24.622248,15.113025,11.242919,20.063118
742,22.756845,30.569696,23.580837,7.2095366,23.59278,9.368233,19.308159,12.094334,15.260496,6.558827,20.87886,13.175326,11.827706,22.767822,14.859388,26.126873,30.931017,17.658155,18.51879,18.829569,10.510236,8.425654,28.794737,23.638096,27.63174,16.29586,9.528741,10.519146,11.339533,19.125828,27.097292,24.682053,13.174156,10.955128,19.707928
743,22.367933,30.625425,23.339447,6.7573338,24.079803,9.12395,19.4137,12.034666,14.94604,6.3856053,20.588943,13.147067,11.783135,22.64865,14.78818,26.119934,31.110283,17.45393,18.82149,18.903969,10.825031,8.710204,28.799276,23.472607,27.619068,16.08212,9.476067,10.475818,11.909229,18.874065,27.124073,24.686602,13.330238,10.825243,19.660612
744,31.957167,25.178005,31.132027,27.665989,29.94781,13.18307,19.764233,8.448959,14.499954,2.2800078,5.6712027,13.85226,7.8103433,16.097551,14.550095,25.022688,22.969505,25.646141,16.87346,20.007738,17.146872,15.741732,25.571836,26.03092,13.456071,11.153046,10.472052,7.2665443,10.597635,5.3169928,25.37553,23.317009,11.172527,15.797279,20.515982
745,19.488398,23.816708,20.614185,8.783766,10.878619,31.002594,16.648327,12.140772,33.13778,26.734728,5.463371,28.90438,8.030979,20.085375,32.897976,35.110565,6.5533533,18.836664,8.594721,20.761078,5.2961097,3.197672,22.400106,15.529976,13.797642,13.852621,31.808052,21.412365,22.179863,2.9701827,18.661695,24.75923,14.948096,13.287298,24.501572
746,24.230967,29.376629,26.026527,12.939327,29.418833,6.1386013,21.073385,10.959841,7.9114103,2.8744235,13.612374,12.7053,10.693392,20.555872,11.470454,22.585287,30.429508,21.055346,22.263687,21.284796,16.111572,14.648937,28.415419,25.966347,21.731224,15.071484,5.613556,9.136417,14.957864,13.127049,27.434284,25.126863,15.266908,13.224898,20.907581
747,22.098606,30.521877,23.164764,6.307215,18.456577,6.1167183,19.410295,13.5324745,11.188064,6.3188267,23.461523,12.412222,12.645961,24.37366,12.1955385,22.565258,31.761543,18.26857,20.134325,18.470367,10.162513,7.7361097,28.82198,25.764061,28.120897,18.897982,5.9953585,11.186243,10.779301,23.426456,27.13974,24.857277,15.005716,11.448676,20.218248
748,21.391865,30.32396,23.665142,7.3080287,27.342436,4.939408,20.752016,11.873747,7.6743255,4.1115665,17.527643,12.463324,11.667153,22.268211,11.086521,22.04433,32.27562,18.740421,22.719587,20.488142,14.181937,12.560582,28.765894,25.263474,25.210945,16.550253,5.327385,9.974707,14.905108,17.16437,27.441477,25.108889,15.971446,11.4603,20.466118
749,31.258423,25.700579,30.76973,26.144588,28.40834,11.286494,19.904531,9.0222225,12.205872,2.3059385,7.6082573,13.735924,8.494246,16.706612,13.452972,23.55905,23.52626,25.499462,17.133991,20.430231,16.546879,14.636117,26.070795,26.58525,14.122685,11.8952465,8.393516,7.671205,10.540899,6.268027,25.788055,23.829824,11.257685,16.332104,20.95522
750,21.711895,30.488186,23.11491,6.429335,24.870071,7.562415,19.729328,11.977768,12.484825,5.548179,19.799423,12.771457,11.74691,22.495613,13.474984,24.737305,31.560253,17.549559,20.045128,19.213028,11.798859,9.7656,28.692936,23.888008,27.03521,16.151789,7.9896383,10.263664,12.91841,18.514896,27.13066,24.702665,14.132706,10.889331,19.743786
751,21.476557,30.430538,22.570423,4.8882737,10.943439,3.8252738,19.243725,15.617846,8.012581,6.8836265,26.842522,12.198315,13.523233,26.715414,9.872887,18.55414,32.675674,18.91767,21.735086,17.28517,9.195604,6.1472826,28.662733,28.188383,29.370798,22.393965,3.703594,12.631238,9.717854,29.739285,27.027102,24.923199,17.155409,11.75957,20.773409
752,27.993385,28.096737,28.782131,19.221985,28.600613,7.9775867,20.72052,10.356922,8.873785,2.766132,11.627061,13.284918,10.084763,19.450006,11.812689,22.28819,27.736847,23.718508,20.195642,21.29649,16.068224,14.403393,27.850567,27.142714,18.636852,14.451744,5.9924526,8.857105,12.458391,10.519581,27.151556,25.06556,13.585641,15.386253,21.482912
753,32.165318,24.973698,31.205471,27.93485,29.31163,13.23575,19.5281,8.447095,14.497789,2.309363,5.9412985,13.781267,7.836426,16.135595,14.371939,24.70207,22.697775,25.743385,16.423225,19.830925,16.66438,15.212661,25.431353,26.189726,13.491283,11.299683,10.273792,7.289813,9.877548,5.448571,25.223728,23.227911,10.906773,15.993804,20.480347
754,19.69708,23.768875,20.757225,9.082195,11.320497,31.122295,16.600176,12.012924,33.36875,26.502195,5.4795203,28.753094,7.9505887,19.827368,32.94215,35.23841,6.565472,18.81734,8.366276,20.675344,5.3498406,3.301868,22.3597,15.308278,13.71395,13.617635,31.951294,21.148136,21.704294,2.8427722,18.683458,24.62181,14.541168,13.143346,24.332605
755,21.206465,30.600412,22.17086,4.138247,8.89857,3.9554024,19.151108,16.176908,8.530759,7.3187695,27.849981,12.399022,13.665648,27.205837,10.1894045,18.601591,32.84598,18.691225,21.81567,16.812256,8.856858,5.4605,28.69678,28.30703,30.05929,22.86933,4.156246,13.075665,9.790402,31.341803,27.033026,24.938623,17.498083,11.61849,20.76984
756,21.366232,30.360462,22.261433,4.662158,11.093784,4.8074617,19.016153,15.412731,9.632248,7.294404,26.641542,12.438524,13.307552,26.331532,10.933674,19.793848,32.15959,18.39002,21.012346,16.979,8.965455,5.8078523,28.502008,27.318802,29.467222,21.691648,4.932811,12.617744,9.797731,29.281233,26.83481,24.716036,16.597353,11.435856,20.471897
757,21.074825,30.011427,21.842499,4.3037415,9.554694,4.727048,18.64945,15.571581,9.510737,7.3131857,26.855486,12.355639,13.24023,26.408764,10.667997,19.176918,31.924349,18.168747,20.823317,16.372505,8.538395,5.210618,28.125662,27.31591,29.615751,21.885466,4.906972,12.79046,9.461359,30.023497,26.485666,24.414316,16.610703,11.382453,20.243658
758,21.822098,30.437471,22.578873,5.2886086,13.824555,6.107144,18.971422,14.622801,11.46335,7.2208414,25.438057,12.621221,12.988853,25.533695,12.103045,21.723362,31.754038,18.131063,20.152813,17.281025,9.093813,6.137568,28.584314,26.358717,29.266222,20.372246,6.1591034,12.167575,9.9971485,26.999336,26.873808,24.696375,15.634188,11.338615,20.240469
759,31.362661,25.461851,30.991184,27.37424,31.05585,12.107924,20.542643,8.515703,13.017234,2.1654017,4.777826,14.036249,7.7522054,15.80531,14.429999,24.837652,23.214043,25.772331,18.210644,20.703129,18.715784,17.265707,25.844915,25.906893,12.518879,10.79987,10.014187,7.3134027,12.506727,4.7218347,25.77751,23.639198,11.935588,15.768797,20.871346
760,25.137598,29.105656,26.670853,14.108759,27.998625,6.1500573,20.799002,11.108114,7.645175,2.9910064,14.205683,12.605619,10.853322,20.987608,10.903553,21.666235,30.135784,21.791338,21.782873,21.057362,15.378205,13.974657,28.34236,26.833942,21.68274,15.858362,5.030061,9.293353,13.430784,13.873059,27.349192,25.150051,15.078824,13.818795,21.124626
761,21.360922,30.435936,22.308807,4.6876116,11.391028,4.694776,19.096764,15.378349,9.501802,7.195879,26.656343,12.386928,13.327074,26.296755,10.871427,19.80073,32.281284,18.4081,21.115992,17.13301,9.0868,5.958362,28.576519,27.331453,29.392588,21.648422,4.8134804,12.500697,9.931158,29.099745,26.904257,24.761463,16.634962,11.419696,20.484901
762,28.702913,27.065723,27.461777,19.073246,29.3251,21.027884,18.41488,8.654436,26.645592,10.49114,12.1224165,17.626213,8.140369,16.679998,22.91538,32.036488,21.486204,19.99218,11.196316,18.737268,11.27584,9.615512,25.936787,19.080894,18.123526,9.897964,21.3358,9.096668,8.822162,6.8915515,24.896614,22.905176,7.06903,11.452019,19.242485
763,25.689384,29.02131,27.0969,15.193298,29.12834,6.87395,20.921051,10.750067,8.435743,2.8499742,13.131354,12.889452,10.543222,20.268602,11.62549,22.589087,29.55859,22.030146,21.387432,21.327946,15.905676,14.387427,28.317142,26.438982,20.843859,14.933384,5.7305317,9.030021,13.835801,12.271518,27.40184,25.169966,14.550294,14.061925,21.13567
764,21.84306,30.460096,22.587559,5.270524,13.860217,6.1718545,18.975025,14.628664,11.561802,7.269475,25.430513,12.659306,12.993348,25.557364,12.174004,21.807655,31.765554,18.12643,20.14145,17.270943,9.075371,6.126288,28.604395,26.35509,29.338015,20.377388,6.2427473,12.215625,9.997035,27.031504,26.889801,24.715193,15.629301,11.344867,20.25511
765,21.182373,30.569944,22.22702,4.3018227,9.406869,3.8166928,19.22544,16.041262,8.304674,7.2328453,27.700874,12.314043,13.628764,27.022087,10.097729,18.538624,32.78762,18.714445,21.843874,17.012972,9.036898,5.727675,28.691408,28.19747,29.700735,22.713955,3.9847908,12.857492,9.866334,30.888783,27.033236,24.921373,17.431204,11.56133,20.754538
766,21.29516,30.70888,22.334557,4.2796955,9.134357,3.796774,19.303116,16.21089,8.274211,7.3023243,27.884533,12.40014,13.728266,27.277578,10.095263,18.520142,32.964752,18.86567,22.00483,17.03003,9.0202465,5.677072,28.829287,28.467737,29.961042,22.985622,3.9570556,13.056537,9.864876,31.313892,27.162598,25.066343,17.621265,11.685264,20.90901
767,21.495544,29.99829,24.030167,8.615869,30.447336,4.8194323,21.341484,11.243444,6.6100903,2.9029422,14.247833,12.513943,10.944606,21.090034,10.946182,22.21681,32.138607,19.232973,23.979548,21.068722,16.50544,15.064249,28.525354,25.129974,23.465826,15.292125,5.466053,9.42988,17.002512,14.568112,27.487066,25.047928,16.531271,11.674008,20.49585
768,22.012552,29.515985,24.543407,10.141044,30.603674,4.8788953,21.464706,11.017773,6.080108,2.6120605,12.734538,12.711478,10.568099,20.364122,10.94163,21.946358,31.248833,19.906929,24.05979,21.357548,17.348804,15.849024,28.238194,25.142435,21.797007,14.745318,5.4220877,9.261472,17.563707,13.103962,27.3427,24.972538,16.511995,12.1868105,20.668816
769,24.238659,29.256054,26.290691,13.296897,29.930779,5.6283317,21.44978,11.021763,6.359777,2.7664347,12.376808,13.016073,10.5610075,20.542532,10.902008,21.623873,30.579649,21.614565,23.618015,21.539572,17.300922,15.94914,28.363512,26.419985,20.841974,15.299145,5.369562,9.404211,16.187944,12.798963,27.528927,25.272,16.256042,13.456873,21.287579
770,27.663664,28.198912,28.49088,18.37866,28.01722,7.614229,20.50335,10.517677,8.53718,2.773131,12.360591,12.954591,10.3029785,20.090467,11.247033,21.74246,28.330597,23.487757,20.403076,21.03788,15.478359,14.06148,27.907988,27.435629,19.607529,15.214171,5.526988,9.013929,11.918122,11.707305,27.109259,25.03903,13.900376,15.248939,21.390125
771,30.829618,25.283285,30.463455,26.29453,29.79689,11.347044,20.02938,8.636471,11.98933,1.8244717,5.612075,13.578345,7.96457,16.161446,13.42123,23.708447,23.496456,25.357283,18.113174,20.267397,17.848045,16.294062,25.634838,26.171936,13.284551,11.319926,8.906094,7.398726,11.890931,5.473915,25.4939,23.458677,11.962997,15.8454075,20.645226
772,27.358046,28.41236,28.289143,17.751944,27.744576,7.343853,20.586494,10.712133,8.350448,2.8998058,12.867671,12.95152,10.4647,20.356428,11.188902,21.669392,28.647633,23.326475,20.634329,21.088608,15.399247,13.948384,28.059975,27.481962,19.989737,15.471752,5.3826923,9.15058,12.088468,12.248875,27.219946,25.143274,14.133885,15.118242,21.448746
773,21.475073,30.598228,23.190723,6.393039,24.94899,6.314541,20.11196,12.175613,10.684705,5.0776963,19.728827,12.586561,11.904471,22.659538,12.549539,23.709911,31.990084,17.904472,20.98696,19.631979,12.428456,10.371011,28.851488,24.517052,26.717636,16.529316,6.7333937,10.233281,13.516378,18.695845,27.339136,24.933123,14.831939,11.109091,20.04406
774,21.376112,30.411304,22.294018,4.6073775,10.512078,4.5655146,19.07191,15.626814,9.263236,7.327481,26.90599,12.452681,13.406552,26.588074,10.710794,19.41708,32.308792,18.547722,21.247562,16.953499,8.955989,5.7519627,28.560106,27.644386,29.588358,22.055065,4.6879387,12.788229,9.75599,29.846502,26.899736,24.801382,16.85668,11.541232,20.604229
775,23.366238,29.97815,24.91602,9.818046,24.728197,6.1957126,20.127565,11.983578,9.496967,4.752493,18.675034,12.600752,11.797488,22.460363,11.697129,22.375305,30.946302,19.76964,20.638157,20.267244,12.537798,10.8542185,28.757559,25.828815,24.880049,17.020206,5.5610495,10.064976,12.244742,17.419659,27.294697,25.14011,14.695144,12.493826,20.70332
776,21.103022,30.185347,22.452557,4.986967,11.582117,2.9733198,19.371273,15.386023,6.766907,6.4828115,26.429682,11.834978,13.428856,26.29592,9.243754,17.819895,32.572655,18.931301,22.044592,17.68291,9.64922,6.8110456,28.513336,28.074682,28.464668,22.167608,2.8428025,12.1950655,10.033267,28.910973,26.913343,24.797441,17.273003,11.683073,20.703592
777,21.167006,30.715992,23.240288,6.208927,23.92957,4.75224,20.538778,12.724186,8.405426,4.8462024,20.19469,12.42832,12.218424,23.193062,11.352395,22.089617,32.516083,18.431677,22.223753,20.006113,12.962141,10.844569,29.022629,25.494411,26.433594,17.501106,5.1851883,10.450559,14.024521,19.794151,27.555752,25.209667,15.91806,11.349432,20.498558
778,22.148266,30.439037,23.190948,6.4830976,19.374683,6.460607,19.363249,13.219866,11.600397,6.243966,22.848421,12.456243,12.47793,24.01545,12.488454,23.01917,31.551292,18.157793,19.878557,18.535082,10.257968,7.917715,28.758642,25.397038,27.91951,18.391722,6.3580704,11.041958,10.906748,22.53201,27.082376,24.794622,14.686565,11.433933,20.108736
779,21.21038,30.3738,22.186008,4.4353867,9.812804,4.1682534,19.074669,15.80949,8.72468,7.2794466,27.213497,12.354712,13.478895,26.753168,10.349999,18.863626,32.42526,18.591015,21.485737,16.901539,8.941848,5.6973624,28.51999,27.86409,29.564428,22.366867,4.3087854,12.827777,9.754879,30.351831,26.866014,24.781023,17.118813,11.5332575,20.628487
780,27.587376,28.27745,28.481155,18.277472,28.268625,7.50687,20.621437,10.540018,8.340438,2.711156,12.173277,12.986566,10.297555,20.119223,11.211041,21.738323,28.500988,23.51369,20.718332,21.117048,15.746238,14.345818,27.971594,27.491095,19.608524,15.222305,5.518613,9.05723,12.273146,11.694184,27.19068,25.105106,14.12234,15.244799,21.448057
781,21.674513,30.143335,22.053051,4.7777324,12.541162,7.8874,18.3353,14.59284,13.930148,7.971054,25.12114,13.138018,12.697862,25.418268,13.490044,22.969212,30.88748,17.55983,19.023792,16.41544,8.197485,5.090378,28.172483,25.408527,29.787973,19.974146,8.238162,12.700849,9.692986,27.18298,26.39992,24.351294,15.016334,11.0935955,19.88445
782,21.93162,30.088291,24.35458,9.099887,30.27322,5.0214796,21.36388,11.296986,6.9428635,2.999702,14.476618,12.564578,11.01219,21.209806,11.105305,22.418507,32.111458,19.498259,23.796625,21.142637,16.381983,14.947532,28.668339,25.356272,23.522501,15.417722,5.524455,9.46757,16.667902,14.674291,27.60857,25.170982,16.41578,11.897459,20.623896
783,22.225416,30.103071,22.244652,5.050464,13.505468,10.382866,17.913902,14.173914,16.875303,8.706304,24.343676,13.870953,12.366546,25.08383,15.225778,24.851639,30.194641,17.309366,17.735514,16.078682,7.561952,4.571383,28.05727,24.467224,30.12535,19.232372,10.799635,12.982348,9.26006,26.044827,26.222605,24.251558,13.986715,11.004113,19.704727
784,21.307623,30.459032,22.351414,4.591713,10.409755,4.037533,19.197742,15.7324505,8.494116,7.150153,27.086535,12.306906,13.509891,26.733616,10.234785,18.86365,32.56748,18.711159,21.62716,17.130468,9.10717,5.9539466,28.632286,27.95851,29.48239,22.350065,4.1036887,12.73266,9.839138,30.061235,26.978222,24.874912,17.153833,11.593366,20.706377
785,20.68678,30.417973,21.842861,3.8025804,8.058718,2.9727416,19.160606,16.322937,7.2426767,7.0256476,28.30959,12.012334,13.722358,27.210205,9.345469,17.435696,32.987713,18.619776,22.226233,16.839924,8.981102,5.5734057,28.51822,28.465506,29.61342,23.157625,3.214537,12.801391,9.871636,31.749466,26.879265,24.767597,17.85511,11.426995,20.656406
786,20.822437,30.336306,22.024975,4.1389127,8.662505,2.926604,19.205172,16.161585,7.0081573,6.93768,27.893457,11.988592,13.672742,27.074423,9.237008,17.361898,32.867313,18.778173,22.227201,17.006525,9.114606,5.839745,28.503263,28.480482,29.32735,23.061455,3.0516884,12.730453,9.839195,31.253729,26.87782,24.7863,17.782684,11.53707,20.717678
787,20.141293,30.581146,23.054783,6.396505,31.92285,4.6628184,21.684055,11.257574,6.6806593,2.886258,14.23948,12.769618,10.959318,21.005228,11.348612,22.899384,32.975407,18.153492,24.642462,21.133282,17.012083,15.264793,28.743835,24.26859,24.316328,14.694845,6.1117306,9.478544,18.592592,14.483688,27.723518,25.146557,16.774672,10.828708,20.296684
788,25.186163,29.13825,26.500885,13.743092,26.627487,6.671429,20.357178,11.234388,8.842898,3.4380896,15.499221,12.560486,11.03341,21.23655,11.30707,22.062963,29.848217,21.438787,20.66801,20.71808,14.115633,12.602887,28.3325,26.551311,22.36205,16.064022,5.3197546,9.333623,12.267661,14.561059,27.184202,25.037756,14.421892,13.664241,20.931074
789,20.633749,30.68533,23.308575,6.5699654,30.369398,4.870295,21.387913,11.528481,7.368133,3.4195287,15.746025,12.673858,11.320647,21.605103,11.431033,22.908297,32.930084,18.313557,23.925314,20.955576,15.891076,14.198844,28.916674,24.642908,24.948603,15.433256,5.948537,9.681531,17.254772,15.621567,27.742224,25.233662,16.480043,11.009061,20.384964
790,21.620773,30.381348,22.32518,4.882057,12.540193,5.915468,18.847523,14.918779,11.266884,7.349015,25.963926,12.607366,13.073261,25.837687,11.891586,21.258675,31.837595,18.046844,20.254963,16.923134,8.839042,5.729683,28.482515,26.557402,29.58792,20.781603,6.049781,12.407076,9.81985,28.015411,26.781569,24.619274,15.853331,11.294013,20.20972
791,21.224398,30.264183,22.862865,6.4175415,27.656515,8.05523,19.96324,11.3311405,12.670073,5.2770996,17.599709,13.066438,11.178402,21.44463,14.044548,25.45937,31.248852,17.18036,20.405735,19.5061,13.00584,11.126139,28.415747,22.916523,26.068378,14.809349,9.02621,9.931539,14.506852,16.239208,26.97474,24.509634,14.1173,10.489783,19.517586
792,20.735485,30.6671,22.797218,5.642196,24.113136,4.9688,20.395027,12.561779,8.964994,4.7626967,20.109938,12.37275,12.090044,22.887072,11.672199,22.562023,32.413692,17.901058,21.929281,19.793932,12.893596,10.644265,28.870129,24.889877,26.53805,16.967646,5.5997105,10.267944,14.25715,19.46807,27.401037,25.004185,15.609937,11.010855,20.177368
793,22.387108,30.58768,23.174183,6.3293777,17.990767,7.1725817,19.173452,13.557571,12.802897,6.853038,23.774271,12.686701,12.608284,24.45327,13.080619,23.536352,31.520025,18.073587,19.502756,18.143978,9.653144,7.1708984,28.824276,25.415518,28.564814,18.800808,7.108205,11.366477,10.419061,23.691021,27.078842,24.795805,14.636355,11.321655,20.094864
794,28.537823,27.87607,28.813541,19.89364,28.553583,10.308104,20.135822,9.926847,12.71474,3.4040754,12.100504,13.568908,9.800972,18.657816,13.834807,24.695526,26.383064,23.091469,17.732145,20.877403,14.831307,12.935828,27.53918,25.672571,18.560553,13.205003,8.142613,8.308235,11.151526,9.426146,26.705154,24.595688,11.76376,14.742288,20.876904
795,21.315321,30.152134,22.49929,5.2971406,13.418527,4.084476,19.199125,14.758488,8.400126,6.4545717,25.620958,11.939733,13.129353,25.601076,10.2050085,19.323122,32.16404,18.519106,21.191225,17.712414,9.587069,6.8460393,28.442863,27.143194,28.363916,21.047318,3.9496598,11.784856,10.0705385,27.23689,26.810637,24.634218,16.387573,11.462186,20.357397
796,32.820667,24.622936,31.353115,28.762726,30.24292,16.412338,18.997921,7.905444,18.832247,2.9298096,5.2132545,14.283923,7.272899,15.586693,16.501081,27.130013,21.813042,25.33945,14.636993,19.05243,15.928629,14.691259,24.955269,24.98878,13.752932,10.317489,13.656493,7.0087104,8.784316,4.7331905,24.70546,22.651024,9.689795,15.17727,19.848774
797,31.954227,25.866901,31.14243,26.738277,28.97874,13.084417,19.75335,8.88673,14.827016,2.6017854,7.5926557,13.9605465,8.3532715,16.80512,14.655243,25.19231,23.526443,25.489555,16.421652,20.180548,16.144285,14.403358,26.154318,26.305643,14.73368,11.727269,10.156392,7.5381775,9.947986,6.329426,25.78324,23.75633,10.874114,15.963688,20.763363
798,21.294584,28.891405,23.773388,13.438219,34.42196,8.501105,23.615746,9.438896,12.408517,5.312962,7.76369,15.292237,7.578371,14.188691,18.838615,29.547787,24.751366,18.577913,21.355984,24.209372,21.84385,19.32006,27.315147,16.87372,12.473689,7.095403,12.106443,6.6839623,22.57577,4.277851,27.083845,23.901636,12.797798,9.655771,19.953896
799,22.16376,29.8672,24.480629,9.434828,29.40494,4.9576855,21.128033,11.350811,6.81786,3.0700681,14.865007,12.414343,11.078807,21.379625,10.785706,21.918425,31.898643,19.673994,23.480787,20.957561,15.893043,14.532237,28.527771,25.61052,23.491276,15.790089,5.1838913,9.476158,15.876425,15.08476,27.436995,25.061583,16.301163,12.029093,20.6072
800,21.26052,30.527836,22.252674,4.364504,9.3945675,4.0171113,19.168686,16.015995,8.541138,7.3047647,27.542032,12.389765,13.594629,27.017199,10.241339,18.694666,32.66874,18.725357,21.719587,16.930843,8.958889,5.651655,28.66026,28.160305,29.770195,22.67503,4.170439,12.960569,9.795109,30.856735,27.001266,24.914316,17.359035,11.617388,20.762274
801,23.7257,29.848776,24.167953,8.868512,21.795036,10.086105,18.722473,12.025646,15.793904,6.778219,20.509867,13.237452,11.655122,22.722498,14.799086,25.611092,29.676058,18.367476,17.440401,18.429222,9.647349,7.6573124,28.334959,23.915483,26.896658,16.611223,9.603495,10.670605,9.852822,19.006447,26.613054,24.433413,12.658034,11.560018,19.756872
802,20.499222,30.547802,23.123726,6.2069454,28.153877,4.2426753,21.157295,11.990236,6.5751014,3.5177746,17.051943,12.508322,11.596784,22.185171,10.637945,21.577078,33.061493,18.400534,23.889103,20.476887,15.211791,13.262712,28.781187,25.27976,25.34382,16.288847,5.203519,9.920646,16.35393,17.251984,27.607306,25.15594,16.671053,11.070893,20.42318
803,21.056772,29.305332,23.472084,13.700864,33.868107,11.951916,24.374489,9.382208,17.283741,11.818488,10.389643,18.192482,7.250735,13.278432,23.938969,32.221893,20.583424,17.733059,17.875116,26.097574,20.281658,17.876358,27.494165,12.985934,9.174534,6.0983205,16.90759,6.745828,21.373037,2.4882739,27.010683,24.00753,10.380152,8.132086,20.500626
804,27.509207,28.498161,28.103539,17.395576,26.286427,8.456635,19.979216,10.735638,10.622218,3.6497416,14.573488,13.060193,10.644154,20.341215,12.266447,22.829985,27.897127,22.715145,18.61695,20.790438,13.612356,11.898782,28.07061,26.625648,20.65185,15.2460375,6.173093,9.057739,10.551098,12.416975,27.001265,24.990637,12.731512,14.866771,21.135376
805,23.166075,29.076826,25.309013,14.278028,31.48747,7.2988157,22.707722,10.116394,10.392776,5.4152355,12.109397,14.670264,9.210521,16.18766,16.343945,26.513014,25.66224,19.954098,20.052874,23.75145,18.818708,16.277164,27.969036,20.178534,14.703897,9.930371,8.875707,7.455969,17.982296,6.876359,27.402302,24.653757,12.178156,11.543027,20.771175
806,21.2469,30.42809,22.298004,4.5631313,10.458642,4.042679,19.181355,15.693918,8.527322,7.1472745,27.068638,12.284143,13.483718,26.654465,10.26287,18.898077,32.512806,18.645432,21.582941,17.13311,9.118795,5.9672675,28.594872,27.853382,29.399422,22.26293,4.1283216,12.666973,9.871448,29.950739,26.939749,24.830446,17.107613,11.53227,20.655533
807,32.956673,25.173967,31.548698,28.404716,30.57377,17.105894,19.221756,8.107401,19.83743,3.6959207,6.0559053,14.875971,7.4996753,15.778273,17.38296,27.969028,21.941593,25.245382,14.296763,19.379667,15.636424,14.289173,25.380236,24.706034,14.135166,10.3398485,14.540665,7.2439766,8.829609,4.793,25.041836,22.982199,9.36408,15.019987,20.099152
808,19.765625,30.286053,22.655434,6.123327,31.10953,4.491541,21.517878,11.267273,6.5871253,3.0752044,14.275572,12.690998,10.8317175,20.826408,11.362763,22.693645,32.54445,17.87148,24.427572,20.9523,16.81723,15.07279,28.44776,23.838661,24.002544,14.604114,6.0749226,9.466778,18.49227,14.658955,27.438826,24.870312,16.65428,10.628232,20.102655
809,21.841877,24.626278,21.992474,10.617019,16.706453,30.227892,16.539873,10.773872,33.82268,24.04254,7.591186,26.491121,7.748821,19.009619,31.554564,35.135143,10.446703,17.96597,8.411212,19.42171,5.868648,4.3369036,23.01486,14.828147,15.4670315,12.428729,31.668186,18.120762,17.875507,4.0591497,19.98979,23.62572,11.853187,11.592301,22.342937
810,21.014507,24.205795,21.305225,9.707483,14.828262,30.645714,16.187931,11.029409,34.071377,24.618452,7.103203,26.935642,7.748865,19.196392,31.922178,35.188595,9.3993,17.793442,8.067412,19.282526,5.277371,3.597969,22.607033,14.675631,15.407457,12.645395,31.961489,18.961193,18.618425,3.952619,19.390617,23.628048,12.333089,11.831536,22.553047
811,32.126053,26.076952,31.292606,26.714968,29.114277,13.12317,19.814857,8.952042,14.90465,2.5390022,7.8345194,13.948152,8.463632,17.083403,14.597193,25.254883,23.86913,25.60682,16.507269,20.210049,16.064812,14.331607,26.35518,26.600262,15.190968,11.95076,10.113586,7.6156273,9.75613,6.6475196,25.96689,23.92092,10.945893,16.078709,20.86695
812,21.657347,30.269423,23.345863,6.8324523,22.810226,5.3844976,19.967958,12.579952,9.329917,5.180846,20.509987,12.322392,12.142358,23.127604,11.570055,22.1842,31.73531,18.434605,21.080761,19.51802,11.965055,9.942481,28.69359,25.32112,26.422043,17.543316,5.427272,10.465045,12.605636,19.929565,27.17307,24.895184,15.171667,11.505087,20.270443
813,21.762648,30.5754,22.608913,5.145561,13.24728,5.588786,19.131811,14.909933,10.750338,7.1860785,25.911966,12.566715,13.156505,25.866053,11.693571,21.14327,32.096775,18.322254,20.595364,17.368284,9.18987,6.1869206,28.722837,26.817543,29.393549,20.858744,5.653244,12.289328,10.028363,27.725822,27.02382,24.83735,16.033382,11.427074,20.420637
814,21.528658,30.456633,22.298882,4.6827364,11.324344,5.3265214,18.970407,15.351362,10.420779,7.4275002,26.545164,12.599697,13.261069,26.302923,11.416056,20.43411,32.10774,18.299109,20.746183,16.874159,8.860301,5.647897,28.567888,27.146193,29.753263,21.475504,5.5026016,12.7124,9.767743,29.165457,26.889086,24.75475,16.374287,11.447056,20.443798
815,21.693235,30.513638,22.6389,5.29562,14.004473,5.3311267,19.176044,14.682049,10.352968,6.8697658,25.63505,12.36689,13.092107,25.596075,11.436632,20.983438,32.130936,18.30351,20.647049,17.606682,9.388355,6.510654,28.694626,26.71203,29.024683,20.606405,5.32539,11.946893,10.15556,27.016861,27.00252,24.783941,15.951754,11.387706,20.33338
816,22.174685,30.375414,23.100239,6.3455825,17.650692,6.277261,19.201365,13.601963,11.441577,6.4805555,23.701778,12.392005,12.643368,24.4693,12.22528,22.485191,31.55308,18.23785,19.863503,18.182644,9.813799,7.3527613,28.68706,25.766106,28.2265,19.051926,6.0820856,11.294219,10.358949,23.84319,26.995588,24.737862,14.89579,11.466782,20.139038
817,21.637194,30.433023,23.646835,7.347505,27.246492,5.9131927,20.520702,11.731897,9.441556,4.444162,17.76323,12.6232605,11.606236,22.092659,12.110283,23.371605,31.917383,18.430979,21.791718,20.323729,13.658456,11.92737,28.834703,24.675068,25.559803,16.048595,6.3057117,9.957171,14.596874,16.840727,27.425735,25.071692,15.267811,11.405038,20.282139
818,19.935152,29.326332,22.715405,12.792148,33.777363,11.413169,24.820564,9.464565,16.737219,11.988304,9.539456,18.456835,6.997341,12.826496,24.367495,32.45011,20.093384,17.336977,18.352087,26.553085,21.109997,18.4993,27.43352,11.993168,8.303216,5.4613485,17.021578,6.8570065,22.942083,1.9750628,27.017626,24.012293,10.665449,7.797083,20.57278
819,21.580141,30.479301,22.412903,4.789289,11.455793,5.088443,19.032923,15.359953,10.015777,7.27677,26.556543,12.518466,13.312473,26.36291,11.133328,20.154577,32.248096,18.435528,20.91727,16.995756,8.935596,5.771681,28.613672,27.344313,29.686922,21.60972,5.167964,12.650926,9.760869,29.145247,26.938833,24.803026,16.487926,11.514391,20.507004
820,22.847754,30.496294,23.370926,6.8500385,19.745863,8.933415,18.924889,12.925295,15.073958,7.0692444,22.80378,12.97857,12.230948,23.85009,14.341503,25.151169,31.007582,17.80611,18.440788,18.043573,9.410727,7.1165648,28.720621,24.46426,28.54152,17.779808,8.882204,11.131438,10.088642,22.124954,26.954111,24.608038,13.623552,11.09827,19.77875
821,20.745094,30.396189,22.414482,5.121399,18.687075,4.4378705,19.75551,13.641218,8.742455,5.6071677,22.9622,12.090304,12.608142,24.155499,11.001497,21.042542,32.245266,17.975487,21.470802,18.729866,11.176113,8.638087,28.60817,25.774397,27.469526,18.864973,4.765935,10.965776,12.290133,23.302689,27.0386,24.746813,15.925394,11.089674,20.159737
822,21.74,30.529419,22.812073,5.2566504,12.325882,4.3072767,19.326275,15.293533,8.655954,6.86017,26.320417,12.302989,13.417073,26.400105,10.347822,19.352612,32.562252,18.914204,21.465868,17.551199,9.355919,6.4253573,28.78177,27.873756,29.237827,21.874634,4.14336,12.445363,9.834435,28.716894,27.131092,24.999384,16.79207,11.776439,20.768738
823,21.174734,30.663843,22.28312,4.183172,8.844382,3.404332,19.314419,16.29449,7.714515,7.1523747,28.037115,12.261247,13.784269,27.378681,9.696726,18.021471,33.110497,18.916075,22.218159,17.034536,9.032543,5.706401,28.796598,28.674582,29.931635,23.210197,3.5311575,13.027297,9.834485,31.578852,27.139275,25.045534,17.814249,11.68864,20.918716
824,22.310255,30.47727,23.2748,6.6546297,20.962824,7.6127925,19.306053,12.776447,13.087819,6.398226,22.105545,12.713304,12.22155,23.537395,13.433769,24.263865,31.31039,17.889765,19.339666,18.615078,10.31297,8.098382,28.748255,24.640615,27.835976,17.582306,7.6331472,10.834776,11.099839,21.24636,27.05046,24.716112,14.1109705,11.182158,19.910364
825,34.80772,24.897715,32.93724,31.610474,33.229828,19.453081,19.660698,7.4944,22.262297,4.0611777,3.7834322,15.51358,6.7662373,15.090734,18.961864,29.743807,21.183487,26.37929,14.114943,19.514698,17.001226,16.20339,25.305576,24.699413,12.786333,9.513677,17.078358,6.968623,8.586376,3.3045323,25.18955,22.967918,9.110365,15.117703,20.273506
826,21.820614,30.201132,22.434666,5.340487,13.818866,6.531348,18.723421,14.428068,12.016626,7.2605066,25.086288,12.645513,12.814777,25.286953,12.351697,21.9661,31.380936,17.934425,19.695015,16.986458,8.8676815,5.892185,28.350964,25.99922,29.234516,20.031822,6.589843,12.150485,9.746395,26.675537,26.656109,24.485764,15.247005,11.291759,20.028446
827,29.882524,26.69637,29.971985,23.147753,28.366417,9.570532,20.207703,9.626381,10.181269,2.481504,9.307247,13.420033,9.241112,18.136055,12.311016,22.541752,25.508924,24.862375,18.770754,20.767834,16.34136,14.702329,26.838379,27.11747,16.129951,13.377093,6.924465,8.301008,11.315232,8.368976,26.368618,24.399473,12.555187,16.047014,21.252384
828,21.592445,29.945396,24.007484,9.212752,30.25108,5.494699,21.476492,11.0661545,8.001876,3.330215,13.85642,12.926158,10.596665,20.114931,12.411721,23.750309,30.885958,19.040071,22.96307,21.539822,16.694122,14.903079,28.478853,23.792805,22.200974,14.025416,6.3748093,9.13472,17.518553,13.070171,27.460522,24.96549,15.52315,11.653994,20.421806
829,21.332697,30.328142,22.495335,5.102323,12.737909,4.061222,19.25824,15.029316,8.45901,6.614862,26.140045,12.029237,13.260687,25.916904,10.237555,19.276989,32.376503,18.571987,21.3457,17.636972,9.509305,6.642913,28.570892,27.372536,28.688652,21.383764,3.9860837,11.969819,10.054083,27.976501,26.926434,24.744234,16.596224,11.468842,20.463175
830,20.668337,30.361822,21.83894,3.8582015,8.1668005,2.9349205,19.148077,16.266106,7.160492,6.9868813,28.207312,11.977574,13.692353,27.133152,9.2958555,17.377268,32.92485,18.616331,22.205256,16.860796,9.009855,5.631088,28.475456,28.418163,29.48629,23.096321,3.1590881,12.742652,9.869137,31.591717,26.841656,24.732214,17.817892,11.417543,20.631083
831,21.721413,30.343575,22.74157,5.6125994,14.842075,5.186211,19.189283,14.40605,9.995692,6.650794,25.062454,12.24235,12.985479,25.29929,11.243965,20.848413,31.960985,18.378191,20.614687,17.80493,9.564038,6.867104,28.604368,26.604359,28.576185,20.346779,5.0695486,11.738106,10.171603,26.210701,26.930336,24.724764,15.815072,11.443955,20.303713
832,22.778658,30.114073,22.751854,5.92408,16.080763,11.639353,17.95032,13.470829,18.275665,8.8003,23.073202,14.139217,12.067066,24.405172,16.18693,26.247307,29.734749,17.37117,17.087486,16.554312,7.7762527,5.1326756,28.133705,23.718628,29.565939,18.252193,11.932234,12.636049,9.36934,23.829237,26.267626,24.286058,13.220433,10.999843,19.655094
833,21.703041,29.892906,24.214493,8.918998,29.865898,4.640806,21.297436,11.366175,6.2117896,2.9229684,14.45936,12.460005,11.018449,21.317852,10.583542,21.668623,32.135437,19.516611,24.072184,21.002184,16.376892,14.995236,28.482895,25.541553,23.412151,15.717963,5.1310997,9.509521,16.615189,15.021863,27.445974,25.05326,16.720377,11.818568,20.605436
834,25.878777,28.993923,27.143978,15.248779,28.445189,7.132286,20.680843,10.794781,8.941249,3.0012012,13.719665,12.830012,10.631865,20.444168,11.691037,22.640274,29.430317,21.99762,20.83788,21.12867,15.261742,13.723702,28.300901,26.472225,21.176203,15.128526,5.7780113,9.0440645,13.06645,12.655882,27.319754,25.119635,14.228503,14.090923,21.06947
835,21.674969,30.504753,22.435219,4.9085073,12.430779,5.692906,18.997698,15.063438,10.932512,7.382675,26.152039,12.637885,13.170448,26.017416,11.759176,21.057293,32.011494,18.22489,20.50845,17.059328,8.957476,5.84449,28.619734,26.825186,29.626715,21.02882,5.8294334,12.5035,9.866999,28.311968,26.92385,24.762161,16.064249,11.391134,20.378159
836,20.778738,28.816486,21.508831,5.6767983,20.376907,9.594836,18.037558,11.837568,15.541153,7.279666,19.662306,13.034278,11.085084,21.695745,15.125306,25.379879,28.65968,16.17806,17.505173,17.36019,9.700291,7.6028852,27.004364,21.587614,26.254469,15.507439,10.4034195,10.781414,11.708654,18.882318,25.326519,23.223166,12.864991,10.0568695,18.592718
837,20.37868,23.887054,21.136024,9.73517,13.595807,30.234385,16.605864,11.37866,32.68535,25.666756,6.225683,27.74842,7.7980156,19.355509,31.931496,34.47307,8.024261,18.412512,8.641732,20.222569,5.7195425,3.9638298,22.425442,15.102822,13.814084,13.142089,31.35133,19.736399,20.334906,3.100505,19.059502,24.05255,13.587701,12.431206,23.45395
838,21.234634,30.470076,22.289902,4.4719267,9.900282,3.8723645,19.205374,15.878723,8.290405,7.180128,27.322832,12.29582,13.561379,26.870312,10.1055975,18.613186,32.64064,18.73877,21.75251,17.07138,9.079805,5.872449,28.63338,28.098944,29.541351,22.553337,3.974344,12.81132,9.833132,30.461988,26.982214,24.886423,17.31046,11.599598,20.74044
839,23.81773,28.443012,23.267685,9.584475,26.609608,18.613152,17.45522,9.699478,25.963728,10.889193,16.521679,16.122757,9.404268,19.087091,21.983517,32.122402,24.831615,15.954161,12.5206995,17.49401,8.744314,7.3729563,26.516716,17.545473,24.183046,11.788206,19.909115,10.34469,9.814293,12.345002,24.851748,22.725887,8.42719,9.234081,18.097029
840,22.66134,29.789656,25.05822,10.307045,29.153252,4.5771933,21.331978,11.503748,5.7771993,2.9054253,14.73811,12.4924755,11.146143,21.563404,10.15964,20.9678,31.933523,20.422693,23.934576,21.178802,16.225004,14.8840475,28.5762,26.399677,22.980057,16.28807,4.5840635,9.527101,15.692301,15.2382345,27.552883,25.233007,16.689585,12.444115,20.983746
841,22.300707,30.128561,23.004353,6.895511,24.732578,10.7210455,19.006073,11.53924,16.914886,6.840457,19.556118,13.509178,11.253016,21.829205,16.026989,27.274914,30.07278,16.905985,17.749592,18.415977,10.615972,8.529463,28.255991,22.230762,27.193249,14.999991,11.363838,10.383293,11.713319,17.690937,26.626337,24.183897,12.424085,10.370744,19.177036
842,22.506931,30.651152,24.342415,8.429909,27.822351,6.7493715,20.629532,11.610399,10.573457,4.5384655,17.683403,12.911238,11.574918,21.861256,12.877813,24.372944,31.610714,18.833069,21.149504,20.703136,13.621398,11.811902,29.119644,24.62934,25.323015,15.669928,6.880288,9.812192,14.316788,15.963764,27.68157,25.30926,14.658248,11.781206,20.472763
843,21.06244,29.31032,23.44873,13.966161,34.100365,13.148379,24.569853,9.306023,18.743351,13.1234,10.119447,18.967875,6.987094,13.008341,25.305004,33.169117,19.586994,17.641321,17.287941,26.437296,20.242544,17.91787,27.449785,12.079865,8.415459,5.731912,18.460276,6.8663683,21.499443,1.875089,26.935242,24.008278,10.032857,7.790663,20.636248
844,32.697365,25.453846,31.389858,27.754507,29.84551,15.989114,19.249207,8.377686,18.607304,3.001563,6.598811,14.38307,7.7851005,16.307259,16.45269,27.279892,22.717232,25.290045,14.944707,19.441654,15.603854,14.074845,25.664377,25.421696,14.900073,10.89386,13.143688,7.3139668,9.010261,5.612225,25.27934,23.227825,9.918009,15.372454,20.222507
845,19.73805,23.796604,20.75164,9.037439,11.707058,30.784853,16.610155,11.890312,32.942245,26.479378,5.642702,28.585194,7.9563828,19.907833,32.543148,34.816444,7.0075407,18.693247,8.653204,20.574408,5.3719077,3.4050527,22.362797,15.450312,13.793659,13.6935425,31.661074,20.927372,21.681637,2.9885786,18.728357,24.522165,14.606433,13.020891,24.179756
846,29.3607,27.374088,29.733501,21.76427,28.646606,8.791321,20.517115,9.988403,9.267463,2.424511,10.05112,13.313011,9.627678,18.99462,11.781412,22.17471,26.848154,24.704737,19.882826,20.993137,16.47588,14.980814,27.389124,27.643648,17.386383,14.203838,6.348626,8.658409,11.860668,9.60768,26.845818,24.817884,13.414438,15.981754,21.500463
847,21.357418,30.42437,23.615189,7.252757,27.990465,5.305628,20.825401,11.747068,8.276755,4.1409965,17.12524,12.586786,11.55315,22.049166,11.597686,22.785076,32.23878,18.577915,22.690798,20.565853,14.426037,12.803895,28.8237,24.914297,25.208113,16.136793,5.8585863,9.938139,15.374128,16.685156,27.498566,25.127544,15.8875265,11.366225,20.406845
848,22.041998,30.493256,23.506931,6.969841,23.439049,6.3399754,19.886007,12.41234,10.799005,5.308437,20.508705,12.497861,12.080985,23.074408,12.358406,23.34834,31.767958,18.284971,20.554451,19.400646,11.735757,9.680999,28.857708,25.025812,26.934834,17.168058,6.3685474,10.44062,12.376796,19.646399,27.302992,24.95299,14.686498,11.461758,20.16908
849,23.113447,29.093464,22.376717,6.6345396,20.270144,17.036943,16.76615,11.504332,24.991522,9.97192,19.994408,15.211201,10.643131,21.87559,20.244429,30.704102,27.058762,15.815518,13.319299,15.820256,6.755875,4.644568,27.010746,19.858738,28.61143,14.695418,17.819393,12.003711,8.539371,18.716543,25.10826,23.121836,9.860882,9.83958,18.302681
850,28.35811,27.94651,28.949898,19.715399,28.407368,8.451473,20.48763,10.240885,9.584031,2.7578995,11.688243,13.194085,10.020153,19.414242,11.9695635,22.554657,27.49434,23.76566,19.660496,21.069624,15.680931,14.073589,27.731363,27.12038,18.695414,14.409554,6.2338123,8.71784,11.799961,10.503394,27.00463,24.926899,13.238258,15.389743,21.339445
851,23.794468,29.338646,25.322674,11.227227,24.983118,5.9561157,20.086246,11.700769,8.484774,4.1777763,17.256395,12.412374,11.445708,21.969378,11.041221,21.500492,30.36132,20.396523,20.848969,20.301958,13.151394,11.647413,28.321365,26.154196,23.589556,16.853794,5.0217085,9.793594,12.222424,16.469313,27.002539,24.906242,14.824201,12.895556,20.711796
852,24.864063,29.021893,26.655312,14.242417,29.455887,5.9544406,21.228079,10.920868,6.8107357,2.7316022,12.435917,12.903021,10.51534,20.470367,10.944191,21.671963,30.15508,21.932014,22.958992,21.396915,16.890598,15.556222,28.253187,26.623053,20.6737,15.297489,5.3256464,9.309466,15.285191,12.693607,27.416933,25.189281,15.802039,13.790114,21.255465
853,28.134184,27.86529,28.916874,19.482874,28.218542,7.664493,20.614744,10.399004,8.033107,2.5760884,11.181567,13.113182,10.053425,19.805883,11.082216,21.376053,27.968481,24.073236,20.802887,21.065622,16.200924,14.820397,27.708714,27.744877,18.66798,15.070028,5.5644655,9.054085,12.325689,11.089144,27.044704,25.011919,14.190264,15.618194,21.558771
854,20.44726,30.358662,22.834503,5.810812,24.258991,3.795715,20.661299,12.657864,6.631587,4.3018227,19.318018,12.253175,12.031196,22.919376,10.409042,20.78573,32.613678,18.373997,23.081553,19.981455,13.70456,11.588249,28.66752,25.600916,25.8057,17.425177,4.4735317,10.344914,14.781734,19.517944,27.341732,25.012264,16.505587,11.217316,20.430576
855,24.500854,29.523178,26.37843,12.99406,28.37587,5.433057,21.19749,11.404165,6.6458836,3.0573995,14.460062,12.71061,11.0681505,21.39563,10.586049,21.294252,30.946554,21.645176,22.8983,21.33943,15.9161005,14.533833,28.64409,27.04945,22.104898,16.272467,4.713958,9.565076,14.431001,14.513127,27.649408,25.42094,15.934777,13.595239,21.360147
856,26.74083,28.63007,27.922573,16.876537,28.464684,6.91296,20.835361,10.754999,7.816761,2.7279253,12.614765,12.918621,10.476353,20.419048,11.047047,21.656626,29.203604,23.034245,21.427088,21.21687,15.959008,14.556117,28.169504,27.37895,20.222662,15.435509,5.3108788,9.185718,13.045305,12.350286,27.348747,25.211504,14.677109,14.820314,21.439772
857,20.630934,30.405453,22.798447,5.896218,24.783178,4.832878,20.417974,12.34087,8.465603,4.6036057,19.267487,12.362553,11.904222,22.551802,11.483007,22.281334,32.17095,17.961763,22.109383,19.914816,13.258813,11.163021,28.670866,24.771076,25.94922,16.718283,5.4984636,10.15939,14.598706,18.711193,27.247587,24.894228,15.708865,11.024548,20.151567
858,21.280455,30.05996,22.007957,4.603477,11.122996,5.344326,18.65885,15.145723,10.388356,7.2936416,26.223404,12.432832,13.088214,25.98851,11.252888,20.183722,31.728418,18.025404,20.422485,16.580416,8.645562,5.4613476,28.17821,26.794352,29.478333,21.208117,5.4837904,12.537376,9.592621,28.812357,26.514023,24.406105,16.127575,11.293951,20.132153
859,22.288933,30.688463,23.074528,5.926734,15.84171,6.5465927,19.20403,14.228188,11.992441,7.0404043,24.808222,12.719864,12.911312,25.203722,12.528922,22.589573,31.83767,18.310398,20.008259,17.825518,9.436571,6.672966,28.8829,26.189964,29.069862,19.816326,6.484935,11.864922,10.211319,25.619932,27.151348,24.922626,15.284327,11.478062,20.344856
860,21.4189,30.41916,22.315685,4.678256,10.99898,4.7758346,19.067312,15.483177,9.579988,7.3276553,26.70684,12.476328,13.345905,26.429241,10.927329,19.764425,32.22548,18.471767,21.09328,17.003069,8.989224,5.8183737,28.566513,27.440481,29.540226,21.800129,4.905263,12.701681,9.798973,29.446909,26.901121,24.786478,16.676853,11.49945,20.550848
861,22.430006,30.520868,23.090435,6.290176,17.977161,7.803953,19.015036,13.4736,13.68004,7.0815167,23.645782,12.834588,12.500452,24.35803,13.561729,24.027292,31.296688,17.896858,19.124952,17.927073,9.431484,6.9385095,28.722906,25.075563,28.694742,18.587421,7.8209944,11.42726,10.27415,23.592196,26.965628,24.679167,14.364776,11.183271,19.95836
862,20.713505,30.36873,22.785805,6.009394,25.88782,5.500614,20.353294,12.015211,9.29153,4.592134,18.510859,12.490351,11.671722,22.21583,12.010909,23.067131,32.037464,17.753994,21.899813,19.845629,13.412168,11.421293,28.604868,24.325075,25.961195,16.156473,6.2744064,10.069808,14.842542,17.90975,27.19493,24.805464,15.447105,10.905937,19.980923
863,20.452297,30.385714,23.076591,6.4067473,29.198442,4.598833,21.113272,11.630003,7.020453,3.5255268,16.172264,12.513885,11.358742,21.712946,11.047655,22.207836,32.693314,18.22818,23.707596,20.62208,15.436033,13.71708,28.649181,24.716862,24.913042,15.725248,5.6049232,9.744465,16.71665,16.185316,27.46499,25.019115,16.455107,10.9667015,20.264343
864,25.604496,29.088133,27.089382,14.965473,28.869234,6.4271092,20.99853,10.935669,7.7212467,2.7703981,13.289052,12.76782,10.666959,20.699018,11.097827,21.979147,30.026764,22.1786,21.988903,21.259798,16.010288,14.615035,28.388199,26.9421,21.169634,15.503812,5.298046,9.217051,13.8644495,13.06789,27.481178,25.252035,15.108552,14.094804,21.256035
865,20.947083,30.153324,23.67265,8.187102,31.176968,4.671532,21.744104,11.1833725,6.551423,2.843954,13.573408,12.733955,10.698769,20.557173,11.471204,22.834337,32.00892,18.915094,24.3294,21.454252,17.339422,15.694076,28.57259,24.361412,22.86718,14.516351,5.8234806,9.290175,18.28296,13.802901,27.62704,25.072523,16.54958,11.393266,20.473583
866,21.284994,30.578182,22.367321,4.406526,9.322357,3.617497,19.276503,16.123062,7.9073076,7.1739254,27.658264,12.308005,13.697775,27.201237,9.840536,18.229555,32.901905,18.928473,22.04088,17.064707,9.053293,5.7958016,28.7416,28.512758,29.769484,22.98904,3.69204,12.991383,9.79652,31.104465,27.089676,25.010563,17.620518,11.728603,20.897137
867,22.517754,30.222063,24.27449,8.634331,26.446075,6.275726,20.351137,11.752995,9.775594,4.483672,17.85112,12.638143,11.594463,22.139597,12.106858,23.229637,31.462597,19.036703,21.25652,20.275549,13.302462,11.609261,28.789978,25.120398,25.22805,16.288296,6.234974,9.94568,13.666728,16.854395,27.371834,25.082624,14.971166,11.896024,20.425495
868,25.725492,28.94127,27.109257,14.898211,27.50082,6.228945,20.672523,11.135374,7.488155,2.9867783,14.329791,12.572517,10.898398,21.19207,10.570853,21.166977,30.010534,22.262314,21.601162,20.94157,15.096314,13.76429,28.291967,27.357134,21.608732,16.257326,4.7765484,9.346179,12.630538,14.149768,27.310919,25.163109,15.012921,14.161882,21.251198
869,21.687298,30.462833,22.513351,5.043852,12.685986,5.460991,19.034634,15.001291,10.533931,7.1847663,26.003864,12.526,13.170594,25.970417,11.491001,20.80523,32.064823,18.322744,20.622034,17.185148,9.056507,6.018738,28.613815,26.930737,29.458467,21.046995,5.505435,12.392403,9.884603,28.094326,26.926193,24.765085,16.119707,11.446759,20.397282
870,21.359388,30.4154,22.39246,4.829222,11.803085,4.428636,19.157534,15.282621,9.070689,6.95895,26.521692,12.246031,13.326088,26.207985,10.585587,19.557186,32.370148,18.4902,21.24444,17.318083,9.228809,6.1892977,28.588648,27.406467,29.17268,21.61696,4.457416,12.312862,9.985728,28.766668,26.922417,24.767298,16.67249,11.446604,20.488285
871,21.297382,30.621653,22.42035,4.4364305,9.351137,3.4809103,19.335478,16.156158,7.712338,7.119216,27.734467,12.271039,13.737258,27.252748,9.718478,18.104252,33.000572,18.997692,22.154848,17.146667,9.111324,5.871569,28.790318,28.618845,29.741987,23.079773,3.528607,12.9580765,9.815344,31.158043,27.137596,25.052608,17.70299,11.741931,20.94192
872,33.944065,24.707237,32.250423,30.59117,32.32818,18.478827,19.461609,7.561537,21.233168,3.9397278,4.2040286,15.168162,6.854785,15.013831,18.373795,28.972065,21.075903,25.867239,14.118478,19.40774,16.698204,15.790269,25.087368,24.390547,12.733726,9.542333,16.138561,6.915167,8.714998,3.5291495,24.937382,22.754814,9.118208,14.936401,20.059322
873,29.944868,25.610594,29.986069,24.83932,29.980202,10.021763,20.296812,8.856022,10.093929,1.6972334,5.8846784,13.422044,8.219391,16.57055,12.548003,22.737274,24.369791,25.088923,19.32495,20.495226,18.30996,16.806416,25.88479,26.413525,13.657991,11.795422,7.837948,7.6830935,12.869031,6.039328,25.75322,23.701902,12.769628,15.799671,20.827856
874,31.504763,24.999916,30.882774,27.5614,30.302303,12.351514,19.99783,8.343128,13.29258,2.0717337,5.0647416,13.714033,7.671707,15.764268,14.129252,24.437744,22.869307,25.626656,17.49088,20.156813,17.939297,16.56741,25.443647,25.904406,12.661701,10.8911085,9.916812,7.148246,11.292982,4.934197,25.358313,23.257065,11.4798565,15.7459135,20.530521
875,19.125738,23.644152,20.40939,8.471771,9.885524,31.199905,16.621384,12.363455,32.989113,27.143219,5.1386285,29.317734,8.113114,20.349245,33.00406,34.98035,5.950633,19.014559,8.593203,20.926468,5.0949125,2.8935354,22.26479,15.805864,13.601596,14.165696,31.788605,21.988276,22.813734,2.7923265,18.392206,24.949434,15.497451,13.595116,24.878447
876,22.862944,30.285093,23.371582,7.195379,22.66061,10.309891,18.857573,12.060579,16.605516,7.035298,21.082785,13.314058,11.689932,22.712345,15.465785,26.581814,30.389269,17.365198,17.682333,18.238678,9.791268,7.670329,28.481403,23.194828,27.87462,16.192337,10.49401,10.6662655,10.592055,19.459923,26.758018,24.362133,12.664406,10.760672,19.41697
877,21.431547,30.041624,22.114616,4.937365,12.728894,5.9758973,18.632715,14.646833,11.302803,7.2245455,25.529001,12.469188,12.875678,25.417587,11.862508,21.197283,31.423656,17.81536,19.925371,16.787003,8.777943,5.72474,28.164965,26.130362,29.161783,20.366837,6.094775,12.162491,9.739414,27.370562,26.48206,24.329138,15.540999,11.155952,19.940807
878,31.487673,25.490528,30.931133,26.910217,29.624392,11.949566,20.035769,8.721645,12.917968,1.9696119,6.026778,13.739504,8.072825,16.355474,13.851402,24.267517,23.481968,25.671526,17.612707,20.333427,17.46352,15.826222,25.871534,26.432528,13.639788,11.435827,9.284457,7.4643507,11.288252,5.635656,25.68449,23.6467,11.640319,16.108625,20.798346
879,22.695213,30.573744,23.167576,6.524667,20.774944,9.891569,18.868023,12.656385,16.40807,7.2830853,22.31986,13.250105,12.016712,23.495552,15.236324,26.248287,30.896528,17.354874,18.092667,17.96143,9.473764,7.1650515,28.68288,23.70358,28.675362,17.082787,10.142634,11.057785,10.506108,21.35691,26.906239,24.50429,13.248852,10.733989,19.544151
880,19.862558,30.27313,22.628712,5.869096,29.867144,4.5033727,21.17813,11.484892,6.7484426,3.230787,15.40021,12.577484,11.124091,21.321014,11.034703,22.17388,32.735447,17.84811,24.065006,20.485073,15.994248,14.11926,28.42776,24.316816,24.702492,15.17667,5.88801,9.635353,17.607601,15.661022,27.339102,24.850378,16.59521,10.666597,20.05911
881,21.979532,30.073591,24.417519,9.016526,29.790125,4.743034,21.282568,11.426449,6.4974155,2.9927654,15.032092,12.423118,11.179419,21.575954,10.598231,21.783787,32.33623,19.615128,23.860773,21.025545,16.04198,14.671012,28.668465,25.759632,23.816809,15.950045,5.06528,9.513078,16.088161,15.362197,27.584017,25.174751,16.554016,11.902169,20.6742
882,21.950686,29.740526,24.479885,9.611499,30.06014,4.645821,21.393919,11.269222,5.9900346,2.726348,13.832972,12.517856,10.871829,21.000723,10.584114,21.615046,31.810154,19.83153,24.115793,21.204731,16.775143,15.372002,28.412754,25.574585,22.709187,15.468754,5.06044,9.382906,16.873463,14.336331,27.430984,25.057104,16.706717,12.048538,20.696138
883,19.28163,30.576096,22.498802,6.3761196,32.36737,4.2786236,22.509268,11.152937,6.449941,2.8693612,12.616404,13.288808,10.244323,19.559837,12.5612,24.027622,31.854275,17.81208,24.942568,22.117044,18.731281,16.469728,28.638058,22.419836,22.053062,12.908209,6.657798,9.07447,20.975481,12.573546,27.861454,25.068878,16.458344,10.522377,20.317879
884,24.731041,29.374557,26.659744,13.705685,29.50607,5.700166,21.399923,11.143072,6.517816,2.8475406,13.0261345,12.954848,10.75234,20.91325,10.772033,21.513914,30.725468,21.926752,23.377363,21.546665,16.859613,15.556254,28.53963,26.893393,21.21087,15.756162,5.139351,9.461875,15.387582,13.338024,27.654339,25.412786,16.145687,13.705761,21.431839
885,21.10675,30.449472,23.20787,6.5023317,25.749832,5.177458,20.495361,12.1642685,8.647821,4.51941,18.754063,12.446869,11.832678,22.53097,11.551758,22.513687,32.24263,18.247877,22.167276,20.043827,13.442717,11.53376,28.768728,24.954153,25.928598,16.67595,5.6968145,10.135111,14.489407,18.274267,27.365088,24.998749,15.684202,11.193417,20.257101
886,20.628334,30.66839,23.150192,6.4236813,30.195892,5.3775573,21.181746,11.425217,8.359047,3.6765687,15.907815,12.718214,11.267961,21.468077,12.011905,23.624317,32.63301,18.011889,23.318918,20.798584,15.496024,13.7712,28.87871,24.186848,25.156887,15.124994,6.489586,9.685977,17.0199,15.472294,27.646093,25.136084,16.037205,10.921645,20.210173
887,21.063639,30.518328,22.198597,4.1695414,8.761466,3.225774,19.241678,16.244282,7.427649,7.0307517,27.972624,12.141589,13.750631,27.295994,9.462778,17.723953,33.03943,18.874895,22.20617,16.983393,9.002997,5.705078,28.666006,28.65236,29.776005,23.198599,3.309886,12.93043,9.75577,31.505001,27.02045,24.934149,17.80101,11.64634,20.835384
888,21.534113,30.286024,22.694366,5.596093,15.382871,4.860781,19.2807,14.27956,9.470981,6.411939,24.72119,12.131937,12.930004,25.100122,10.998927,20.612003,31.988434,18.368654,20.819563,18.000872,9.850901,7.219985,28.567085,26.540071,28.241545,20.174261,4.7670717,11.5610895,10.478521,25.71856,26.915058,24.703743,15.889722,11.414419,20.285286
889,28.897942,26.078907,29.335651,23.451815,31.17768,9.766889,20.79784,8.901997,10.111637,1.7296324,5.589922,13.6779995,8.182714,16.224642,13.183543,23.601349,24.723845,24.42219,19.979237,20.948856,19.19029,17.452795,26.135668,25.595074,13.634896,11.077448,8.312083,7.6470003,14.70724,5.464161,26.016567,23.86312,13.079128,15.224648,20.816135
890,21.86967,30.507612,22.767529,5.461149,14.060494,5.5596857,19.167091,14.68018,10.590054,6.9865255,25.466822,12.490347,13.085263,25.64439,11.600925,21.166,32.020103,18.411808,20.555593,17.572268,9.337501,6.4734983,28.711023,26.754486,29.093103,20.631414,5.508401,12.099182,10.056855,27.016787,27.018087,24.833803,15.904565,11.48951,20.41648
891,19.87128,30.61524,22.651554,6.1421075,30.945877,4.8852267,21.747227,11.32674,7.6790752,3.480051,14.662621,12.9343815,10.783374,20.650301,12.380405,23.89191,32.2636,17.733597,23.958227,21.259537,16.82768,14.884266,28.734715,23.22159,23.921736,14.130806,6.694641,9.442496,18.591501,14.534974,27.71086,25.031616,16.150509,10.585334,20.173708
892,24.790869,29.447021,26.541725,13.448275,28.305782,5.7121506,21.114809,11.318939,7.071099,3.033479,14.413211,12.705066,11.0125885,21.253864,10.777948,21.54336,30.69082,21.739592,22.496147,21.30411,15.766289,14.339563,28.607965,27.002836,21.97291,16.095587,4.8520803,9.472292,14.115939,14.258169,27.61514,25.385786,15.610801,13.716235,21.320686
893,20.784956,30.781534,23.45337,6.8164115,31.306507,5.115498,21.519897,11.352156,7.6686616,3.2628949,15.212,12.733505,11.209852,21.385519,11.722503,23.450909,32.951874,18.355505,23.967415,21.138348,16.241247,14.583055,29.016193,24.50834,24.85736,15.059799,6.2213383,9.57813,17.57907,14.9895,27.865505,25.308836,16.385077,11.079581,20.400114
894,22.426842,29.27132,24.978176,11.370532,31.310162,5.104835,21.769783,10.756029,5.8934994,2.4421496,11.224313,13.109718,10.155758,19.556852,11.31806,22.175055,30.50032,20.388449,24.183142,21.771646,18.367943,16.699791,28.095478,24.789204,20.22469,13.900356,5.784672,9.068926,18.451202,11.478852,27.371628,24.97879,16.323563,12.521094,20.845068
895,32.272083,25.721643,31.292477,27.227287,29.284828,13.985938,19.627914,8.723558,15.984661,2.681865,7.216276,14.094184,8.159387,16.613523,15.206759,25.830942,23.245108,25.506891,15.969272,19.97879,16.047798,14.340328,26.000076,26.08631,14.692964,11.43565,11.059109,7.4328103,9.662806,6.035808,25.638786,23.599346,10.579524,15.821918,20.613531
896,21.37866,30.302435,22.733639,5.685051,17.438993,4.8811035,19.4941,13.82473,9.353983,6.0703516,23.607447,12.154576,12.728339,24.540382,11.155386,21.061121,31.95245,18.269115,20.94062,18.425585,10.464119,7.9736977,28.600351,26.10953,27.775137,19.402529,4.8953304,11.2618885,11.197143,24.159151,26.98327,24.745907,15.714715,11.358213,20.254324
897,22.034395,30.50013,23.490036,6.981579,24.6515,6.9339695,19.89175,12.105717,11.495839,5.3697677,19.88536,12.682513,11.8889,22.692518,12.899634,24.055841,31.644947,18.062119,20.354511,19.47017,11.931646,9.944408,28.82767,24.535622,26.821472,16.567625,7.1208086,10.323307,12.72558,18.701885,27.281904,24.903435,14.400948,11.307365,20.045164
898,30.030558,26.333496,30.152405,24.093489,29.733084,9.729146,20.456152,9.264248,9.975385,1.8803246,7.3215823,13.446343,8.74557,17.4625,12.363689,22.7423,25.330463,25.144697,19.52332,20.763556,17.735857,16.207682,26.52607,27.031948,15.018996,12.644535,7.3717794,8.011436,12.51419,7.2107453,26.252338,24.200481,12.990125,15.9934435,21.156998
899,19.774612,30.396017,22.805225,6.380165,32.000706,4.4090066,21.833504,11.17285,6.286251,2.749278,13.579106,12.820625,10.696156,20.51383,11.432651,22.864742,32.580975,18.030973,24.781336,21.30954,17.522013,15.67108,28.546835,23.762455,23.523378,14.193652,6.098364,9.307306,19.23423,13.877305,27.616377,24.99936,16.745459,10.708266,20.2237
900,25.217516,29.195717,25.523598,12.010328,24.702116,11.712155,18.805193,11.00985,16.708921,6.817066,17.652174,14.078951,10.920231,21.012148,15.873018,26.506218,27.828354,19.320568,16.383299,19.26607,10.550505,8.69854,27.99092,23.239729,24.145144,14.847175,10.9026785,10.1198,10.262775,14.525327,26.40005,24.41449,11.479289,12.295239,19.980755
901,32.426674,25.71202,31.213993,26.937038,29.377373,16.702896,19.1898,8.61488,19.481043,3.8393762,7.167874,14.963157,7.94736,16.515373,17.235529,27.854145,22.49088,25.0282,14.532286,19.54691,15.034886,13.40226,25.80019,24.979534,15.261884,11.046467,14.023432,7.785426,9.139726,5.757056,25.287848,23.403196,9.749927,15.214339,20.391315
902,19.857445,23.814665,20.857502,8.928353,10.833135,28.14394,16.374733,12.080488,30.044323,23.864109,6.310223,26.987024,8.416894,20.33791,29.89093,32.9255,8.786958,18.957651,9.623906,20.011631,5.5001473,3.2420592,22.526611,16.988106,14.962161,14.242559,28.386452,20.488718,21.111761,4.36701,19.00834,24.490314,14.974836,13.645904,23.89902
903,21.350056,30.530506,22.299164,4.454867,9.714169,4.2449255,19.150864,15.920223,8.844371,7.341263,27.369425,12.448479,13.548392,26.931627,10.439208,18.975838,32.583878,18.700392,21.568941,16.926771,8.944502,5.6524444,28.667368,28.044287,29.796055,22.509966,4.3928165,12.960861,9.760719,30.613413,27.007893,24.917852,17.20544,11.632234,20.74639
904,22.286722,29.949596,24.52441,9.663842,29.938593,5.584872,21.156605,11.153585,7.8699136,3.1304412,14.460415,12.632415,10.914242,20.897951,11.636864,23.011255,31.504124,19.521177,22.978987,21.1255,16.02223,14.505136,28.588488,25.01189,23.218412,15.030725,5.9093485,9.333328,16.26448,14.091154,27.487858,25.081287,15.792357,12.049889,20.531572
905,25.9738,28.608063,26.48552,15.044228,29.168362,10.852658,19.743975,10.004381,14.8098755,4.223148,13.815084,13.342591,10.005026,19.327604,14.8737335,26.260122,27.913334,20.44667,17.75211,20.020733,13.700675,12.061425,27.658207,23.874807,21.715126,13.153767,9.934142,8.572375,11.669332,11.4264765,26.55571,24.204985,11.859205,12.707968,19.878918
906,20.983706,30.322437,23.614899,7.382466,30.207092,4.613048,21.323391,11.461439,6.6282973,3.1863353,15.322454,12.502931,11.231837,21.57726,10.848862,22.127714,32.71777,18.767103,24.069147,20.901997,16.02303,14.51228,28.697393,25.105127,24.448545,15.688221,5.431837,9.615829,16.820732,15.588092,27.585062,25.119987,16.63932,11.280334,20.449486
907,21.270348,30.449707,22.241692,4.442077,9.7234,4.1647744,19.123032,15.880098,8.721938,7.3102655,27.296095,12.398227,13.519437,26.854923,10.3664465,18.873928,32.509136,18.661875,21.558876,16.923172,8.95792,5.691438,28.595417,27.978613,29.665255,22.465244,4.31178,12.906563,9.770278,30.513464,26.940289,24.855854,17.192831,11.592822,20.701408
908,32.426964,24.9805,31.457088,28.771484,31.073544,14.10563,19.92938,8.090894,15.720711,2.4390497,4.8025293,14.017517,7.436494,15.571678,15.3416605,25.912445,22.504284,25.82672,16.620203,19.986841,17.739061,16.538645,25.423872,25.602522,12.663592,10.497536,11.652839,6.9167423,10.538903,4.576452,25.324553,23.134747,10.872688,15.495909,20.389133
909,22.457523,30.325296,24.266758,8.475739,26.153816,6.1943665,20.354746,11.833527,9.826965,4.672139,18.327284,12.645246,11.723766,22.205898,12.180607,23.28582,31.39524,18.992123,21.061386,20.443464,13.0492935,11.329869,28.888441,25.017883,25.226103,16.387722,6.0823736,9.933544,13.548234,16.909971,27.406988,25.1468,14.846548,11.870709,20.476347
910,25.414656,26.969534,25.226158,16.509123,30.87441,21.829447,19.754295,8.555979,26.983278,14.530097,8.835231,19.83703,7.1218085,15.838054,25.903416,33.650978,19.106827,18.574085,13.228788,20.705538,13.568645,12.750533,25.457033,15.678395,14.545763,8.902868,24.43552,9.914475,14.889031,4.2983756,24.28243,22.835157,9.484547,9.594871,19.675863
911,21.80323,30.281511,22.42781,5.186395,13.25424,6.287626,18.760557,14.644655,11.690445,7.282236,25.523922,12.634594,12.937818,25.551725,12.116065,21.617819,31.603258,18.007374,19.900957,16.910616,8.811213,5.753013,28.408964,26.304905,29.454075,20.381508,6.344618,12.268669,9.652415,27.319683,26.720087,24.546743,15.460479,11.325375,20.110653
912,20.06044,23.934048,20.890106,9.220332,12.736421,30.727253,16.567196,11.631945,33.191174,26.177792,6.0591993,28.189331,7.866116,19.674845,32.442345,34.904438,7.6411357,18.412016,8.591356,20.301008,5.4655113,3.6203375,22.441349,15.142153,14.069616,13.393083,31.82183,20.35614,20.959398,3.1988676,18.93792,24.272387,14.019623,12.623752,23.737997
913,22.593151,30.302444,22.75481,5.8749185,16.689543,10.463736,18.291462,13.478092,17.097425,8.211813,23.417547,13.65905,12.206448,24.398127,15.459676,25.743355,30.356556,17.392023,17.68807,16.916939,8.260588,5.635238,28.346306,24.057594,29.493307,18.289219,10.748654,12.177236,9.625311,23.932142,26.51089,24.37032,13.541925,10.899245,19.654966
914,34.404083,24.798187,32.64772,31.281452,32.985447,18.726986,19.676992,7.499031,21.454756,3.9335032,3.8851032,15.267534,6.787812,14.982494,18.553923,29.250196,21.15744,26.201271,14.299419,19.56348,17.105753,16.287123,25.222878,24.585917,12.528969,9.483705,16.397593,6.848578,8.770503,3.3327491,25.121565,22.872837,9.194311,15.03312,20.190369
915,29.595924,27.795969,29.53717,21.002926,27.02051,11.178009,19.810144,10.138996,13.536412,3.7523746,12.436823,13.865989,9.896355,19.18789,13.93776,24.510544,26.007372,23.811768,17.041245,20.570341,13.963789,11.998605,27.577509,26.321701,18.813923,13.898073,8.494828,8.7104845,9.911941,10.071485,26.682648,24.745205,11.520113,15.339434,21.153292
916,21.159533,30.253714,22.362904,4.8863754,11.749577,3.6742911,19.251863,15.292711,7.9020667,6.7170687,26.434008,12.005191,13.346209,26.170496,9.918349,18.682173,32.40513,18.654083,21.609825,17.5059,9.459742,6.540042,28.505325,27.64153,28.714586,21.816109,3.6430485,12.192959,10.021057,28.73508,26.874102,24.735308,16.929846,11.508308,20.549452
917,20.496893,23.95979,21.147377,9.66756,13.87547,30.792416,16.494408,11.324236,33.50837,25.752884,6.308627,27.798729,7.736523,19.30146,32.348194,35.00293,8.089307,18.23577,8.3576,20.047556,5.5538044,3.848381,22.439245,14.80251,14.153801,13.005145,32.01075,19.72101,20.048084,3.1724358,19.077759,23.9771,13.285542,12.242227,23.299833
918,27.408413,28.403212,28.250809,17.822805,27.944197,7.7994695,20.484388,10.562855,9.15971,2.9675822,12.910465,13.019364,10.3857155,20.049618,11.685221,22.30441,28.3234,23.111406,20.029177,21.079535,15.178041,13.613911,28.020857,27.028543,19.918476,15.003359,5.81347,8.970493,11.934691,11.720907,27.155363,25.06151,13.600074,15.007516,21.297417
919,21.715815,30.374113,22.428658,5.065867,13.102518,6.076352,18.87816,14.777729,11.444194,7.3567843,25.668678,12.651128,13.020659,25.691013,12.05406,21.522825,31.727913,18.071928,20.159628,17.046371,8.920004,5.8883467,28.498547,26.42712,29.44849,20.58472,6.182886,12.347404,9.876318,27.557919,26.792128,24.637554,15.729621,11.310999,20.221504
920,21.268824,30.43971,22.348003,4.5947466,10.432044,3.9064488,19.219774,15.730656,8.297034,7.1076803,27.069925,12.26393,13.516502,26.725237,10.125282,18.733046,32.58194,18.73467,21.699276,17.177214,9.15581,6.027405,28.624428,27.990294,29.400482,22.379322,3.9615939,12.704397,9.870112,30.036911,26.973831,24.872402,17.205034,11.595799,20.716637
921,28.300781,27.81182,29.085175,19.768559,28.33582,7.694007,20.645445,10.385054,7.895728,2.517462,10.977598,13.152889,10.022607,19.81973,10.964239,21.21141,27.994566,24.251646,20.961174,21.063457,16.348211,15.016644,27.678406,27.90678,18.520422,15.150482,5.56909,9.040935,12.337574,11.057509,27.039606,25.011627,14.308036,15.666577,21.611279
922,23.066736,30.156128,23.160172,6.8697186,20.333239,11.837239,18.261368,12.412001,18.6784,8.08641,21.856073,13.792818,11.708446,23.181822,16.504904,27.314259,29.81164,17.142328,16.749672,17.413734,8.5901,6.377074,28.256157,22.888056,28.626757,16.672207,12.074548,11.360728,9.726839,20.787964,26.422556,24.174479,12.358331,10.648334,19.297424
923,21.337881,30.421127,22.270397,4.6209855,11.062308,4.65726,19.077246,15.461126,9.448377,7.252776,26.75889,12.405396,13.348919,26.386047,10.833616,19.685167,32.281338,18.422419,21.146103,17.050028,9.032225,5.870079,28.559147,27.405169,29.466082,21.769028,4.7939024,12.5961275,9.874355,29.36794,26.891407,24.760036,16.698004,11.438452,20.506344
924,21.760653,30.451883,22.506752,5.123933,13.374276,6.02107,18.95893,14.759956,11.37064,7.300682,25.656183,12.639948,13.042365,25.69036,12.036086,21.564104,31.82597,18.125639,20.239563,17.175121,9.017027,6.0129733,28.582506,26.475952,29.431004,20.571335,6.1143656,12.299261,9.951871,27.44063,26.87371,24.703695,15.758447,11.337082,20.268162
925,20.51462,30.21921,23.329845,7.183881,30.827797,4.476857,21.522495,11.328903,6.2819886,2.990045,14.327173,12.653323,10.958142,21.024143,11.036539,22.279268,32.460987,18.577278,24.408812,21.1085,16.762148,15.132648,28.549427,24.579327,23.741104,15.047074,5.6309195,9.50709,17.950472,14.668171,27.525558,25.037966,16.763262,11.142402,20.390507
926,20.334131,30.060173,23.560932,8.422068,33.373737,4.325849,22.531345,10.809401,5.2390046,2.0873678,10.851739,13.345426,10.038453,19.181597,11.695385,22.925247,31.50319,19.002758,25.369999,22.25129,19.575151,17.427261,28.407808,23.463436,20.783054,12.872166,6.1476116,8.945823,21.051683,11.060781,27.784945,25.14026,16.762703,11.391943,20.649809
927,22.027712,30.552874,23.08733,6.131031,18.027426,6.024956,19.402674,13.6610565,11.091247,6.343797,23.691143,12.411145,12.697685,24.520226,12.107947,22.412962,31.857227,18.25274,20.2288,18.361937,10.113841,7.6054134,28.825274,25.869179,28.277525,19.065403,5.9336185,11.275355,10.758201,23.837135,27.150269,24.863792,15.117215,11.431396,20.229925
928,19.523355,30.36994,22.340164,5.6938143,30.519352,4.663744,21.476349,11.3270645,7.287687,3.429108,14.738346,12.761417,10.810263,20.750273,11.9268055,23.288408,32.299454,17.506939,23.998644,20.918999,16.527912,14.651518,28.470554,23.271877,24.10854,14.363679,6.44627,9.4885235,18.439808,14.861277,27.425804,24.81196,16.308386,10.426327,19.98651
929,26.832735,28.68647,27.773384,16.638407,27.514988,7.6628165,20.414806,10.754274,9.417898,3.2004983,13.820773,12.9428425,10.595971,20.380783,11.790753,22.49843,28.697947,22.581667,19.985624,21.008205,14.709546,13.122996,28.171339,26.775288,20.707445,15.242722,5.8294373,9.071037,11.932559,12.462601,27.19348,25.087204,13.6586685,14.6291895,21.187748
930,21.681261,30.318663,22.224487,4.8493137,12.426279,6.630002,18.660099,14.831865,12.313772,7.57351,25.724998,12.794969,12.94675,25.731201,12.495915,21.929358,31.52648,17.863226,19.797071,16.66658,8.586137,5.42327,28.388147,26.18001,29.77742,20.499357,6.850852,12.539657,9.726869,27.874289,26.66754,24.527817,15.546364,11.230323,20.084791
931,21.362247,29.893806,21.908241,4.779264,12.213436,6.3448396,18.405544,14.637119,11.864009,7.3861785,25.508488,12.546496,12.78468,25.361065,12.135732,21.411442,31.168169,17.598919,19.592304,16.430237,8.503393,5.3559914,27.982552,25.88275,29.315367,20.24047,6.5378695,12.2732115,9.577635,27.528236,26.29866,24.16666,15.344798,11.072867,19.777472
932,23.061378,29.239412,22.068672,5.86935,18.175636,18.33904,16.387121,11.965012,26.818897,10.701185,20.302055,15.734924,10.689938,22.512793,21.261295,31.625711,26.90077,15.625497,12.9833145,15.165457,5.9869184,3.6511052,27.016851,19.711569,29.694021,15.163712,19.321703,12.906918,8.621055,20.033121,25.004307,23.179983,10.057515,9.868042,18.343916
933,23.925955,29.571442,25.940693,12.229696,28.966042,5.336104,21.208092,11.295172,6.6689925,2.9576163,14.260267,12.616168,10.999638,21.251007,10.657476,21.535109,31.135612,21.170109,23.105104,21.324486,16.091513,14.769931,28.58888,26.596573,22.245705,16.001213,4.853051,9.44314,14.968119,14.315919,27.580494,25.306023,16.025915,13.196685,21.148348
934,29.404657,27.63881,29.560223,20.995012,26.371504,9.316871,19.983156,10.354187,10.664194,3.2755501,12.546239,13.465481,10.1064625,19.486895,12.313621,22.470636,26.432604,24.27813,18.061998,20.75454,14.364861,12.457409,27.584093,27.346329,18.5018,14.640492,6.4790535,8.885046,9.983231,10.657016,26.79203,24.89689,12.221881,15.986,21.463245
935,22.453218,30.25412,22.498405,5.4652433,15.923118,11.027487,18.080856,13.599628,17.862438,8.594046,23.583078,13.879511,12.172765,24.507858,15.907852,26.059671,30.175167,17.158167,17.417135,16.561329,7.903973,5.199128,28.22588,23.811165,29.821047,18.34347,11.477428,12.478472,9.545378,24.377056,26.365885,24.273497,13.461464,10.772248,19.564243
936,21.396057,30.459888,22.326084,4.6360874,10.857716,4.5833273,19.100473,15.549015,9.312045,7.241625,26.84417,12.419523,13.396797,26.520311,10.733061,19.543152,32.3771,18.520811,21.247252,17.036314,9.017288,5.836118,28.604317,27.589325,29.5719,21.937832,4.6942596,12.687991,9.83682,29.60547,26.940166,24.81731,16.806257,11.522831,20.57832
937,25.926825,28.855787,27.41019,15.732131,28.939293,6.4089217,21.101627,10.882572,7.2180195,2.7334242,12.486571,12.957936,10.511844,20.493769,10.973714,21.617634,29.710155,22.631454,22.30422,21.358652,16.532402,15.152799,28.261667,27.153578,20.394966,15.438834,5.2854385,9.300476,14.214024,12.570347,27.447596,25.267706,15.336127,14.402698,21.439585
938,26.224085,27.4573,24.992992,14.262748,28.806408,24.051355,17.618294,8.693483,31.148998,14.318814,13.555311,19.141857,8.02811,17.065516,26.207666,34.67857,20.741245,17.035889,9.905474,17.971598,9.154937,7.92104,25.635633,15.63693,19.909777,9.690741,25.986734,10.259709,9.606885,7.703314,24.163668,22.385326,6.5950375,9.103467,18.463226
939,20.8016,30.20158,23.269665,6.7913365,27.662485,4.562063,20.846704,11.838539,7.053486,3.9132254,16.996664,12.428441,11.535724,22.053225,10.870021,21.74678,32.35184,18.489338,23.234713,20.467777,14.681673,13.042389,28.581003,25.047638,24.93652,16.345728,5.2500153,9.919884,15.692792,16.970087,27.316767,24.974092,16.338554,11.19069,20.352713
940,25.30686,28.929585,27.04171,14.870305,29.322464,6.056998,21.222027,10.943092,6.619667,2.7403202,12.290877,13.004542,10.514016,20.57861,10.7397995,21.311504,30.098108,22.336727,23.039772,21.383768,16.920382,15.641423,28.232086,26.994757,20.464846,15.554485,5.272274,9.366933,15.011892,12.740213,27.423191,25.23275,15.888717,14.019343,21.408161
941,29.06707,27.202444,29.590534,21.81219,29.485352,8.682044,20.711655,9.818718,8.920966,2.113326,8.88996,13.349753,9.351472,18.580679,11.790041,22.242384,26.84113,24.655743,20.564291,21.032116,17.424648,15.984787,27.192232,27.410587,16.73033,13.746052,6.5879126,8.512802,12.99897,8.955319,26.75321,24.679743,13.855837,15.759852,21.412502
942,20.537678,30.084381,23.39951,7.5018325,31.127405,4.39601,21.605541,11.238659,5.95644,2.7617102,13.725269,12.655167,10.808119,20.791754,10.928643,22.14073,32.329845,18.71602,24.61955,21.19252,17.166742,15.548976,28.446537,24.575623,23.276445,14.8565235,5.5698843,9.404431,18.279202,14.227165,27.484884,24.992405,16.8785,11.2012615,20.401505
943,32.35104,25.38959,31.548706,28.48628,31.215115,13.594082,20.284344,8.321725,15.049858,2.4452069,5.0230536,14.16841,7.636166,15.790869,15.243649,25.809954,22.894869,25.993595,17.130516,20.393354,18.080359,16.73441,25.813648,25.884464,12.805048,10.669544,11.233962,7.1398344,11.133751,4.702962,25.716963,23.520555,11.174163,15.751768,20.729782
944,22.963713,29.357359,24.819042,13.663222,32.482033,9.44992,22.631819,9.758671,13.883428,7.136046,12.983368,15.348408,8.875826,15.7321415,18.634115,28.715614,24.947042,18.830223,18.527073,23.649895,18.054249,15.582711,27.932573,18.238527,14.847153,8.989282,11.731872,7.075515,17.312511,6.472387,27.298134,24.31697,10.85508,10.266125,20.240252
945,21.236252,30.367271,22.218807,4.493363,10.057745,4.1901636,19.085669,15.747196,8.736116,7.253607,27.106775,12.34714,13.461465,26.697355,10.36531,18.922768,32.407303,18.595049,21.462591,16.94659,8.97437,5.7644267,28.523336,27.82588,29.518686,22.29567,4.3124456,12.789878,9.759214,30.179031,26.870697,24.781874,17.069166,11.537377,20.624601
946,19.25029,29.551512,22.507828,10.251145,34.34694,6.517819,24.04275,9.999006,9.824178,4.0685205,7.522746,15.069069,7.864437,14.641066,17.69192,28.815853,26.334625,17.759954,23.30099,24.453661,22.683302,19.542486,27.662355,16.992247,13.798386,7.303351,10.550549,7.1996713,25.253004,5.0912757,27.443535,24.300959,14.192657,9.49596,20.100555
947,25.050152,29.052895,26.704136,14.424788,29.274862,6.222795,21.114279,10.86931,7.459102,2.7571862,12.858819,12.851678,10.549082,20.357506,11.242431,22.085642,29.930227,21.85172,22.253826,21.371141,16.44559,14.971114,28.29081,26.470623,20.82376,15.075406,5.4251623,9.177483,14.712927,12.561799,27.420954,25.176151,15.2239275,13.855369,21.168362
948,20.825853,30.480215,23.007484,6.3454676,28.590765,6.1546392,20.603445,11.470745,9.812458,4.306515,17.00544,12.713849,11.345553,21.600517,12.564787,24.043098,32.089973,17.692787,22.06775,20.260632,14.227876,12.438699,28.692162,23.822401,25.576902,15.228911,7.0890703,9.77551,15.768339,16.064034,27.33378,24.880808,15.284195,10.810934,19.93781
949,28.000422,27.851057,28.964226,19.827597,29.97399,7.9794226,21.062485,10.154299,8.17725,2.2761996,9.527048,13.458843,9.654573,19.094856,11.621075,22.123857,27.934166,24.06998,21.637068,21.328953,17.70215,16.281487,27.613037,27.27651,17.666027,14.156044,6.421152,8.799235,14.163052,9.7516,27.098278,24.968332,14.629022,15.264057,21.535872
950,21.810692,30.658497,23.102665,6.2159743,23.3232,7.4008565,19.666327,12.3803425,12.619007,5.8100057,20.96268,12.744196,12.020223,22.991795,13.436568,24.57684,31.696728,17.61887,19.882246,19.040916,11.265406,9.043325,28.848125,24.23333,27.563675,16.722979,7.7438564,10.50566,12.3575535,19.760517,27.232347,24.809801,14.165739,10.991616,19.853792
951,21.270506,30.42593,22.249462,4.4542027,9.639731,4.1097183,19.108696,15.895948,8.618821,7.280295,27.306734,12.375623,13.529348,26.881058,10.277427,18.762941,32.518044,18.687687,21.58541,16.909819,8.938319,5.6771984,28.575684,28.030598,29.656801,22.52508,4.225987,12.907845,9.738656,30.566463,26.92133,24.84425,17.226099,11.605517,20.703802
952,21.307823,30.199276,21.932629,4.3440757,10.125567,5.446859,18.618837,15.441315,10.652735,7.419824,26.694672,12.536295,13.18379,26.349672,11.346514,20.181965,31.934732,18.03445,20.481483,16.315998,8.438925,5.0769744,28.267393,27.049036,30.009151,21.54006,5.6776657,12.832926,9.502109,29.718199,26.596424,24.49059,16.307886,11.360202,20.194256
953,19.169134,30.428688,22.37284,6.7736974,32.376,4.5266542,22.725994,11.022335,6.960902,3.1215012,11.9500475,13.556309,9.887789,18.8063,13.420946,24.845016,30.967545,17.69578,24.650742,22.446167,19.277597,16.84418,28.494242,21.455942,20.833595,12.018435,7.218362,8.866204,21.680151,11.562959,27.799046,24.944258,16.066507,10.362841,20.266315
954,21.75116,30.486513,23.506886,7.050242,25.849213,6.379871,20.199133,11.937124,10.509129,4.9528866,18.942371,12.617317,11.773674,22.404915,12.541059,23.774134,31.773973,18.182875,21.051704,19.929762,12.747429,10.903913,28.843122,24.532595,26.192263,16.322323,6.6812,10.120142,13.701676,17.80948,27.341385,24.98009,14.845202,11.299628,20.14382
955,22.653973,27.90757,21.440117,6.370864,17.390388,20.666113,15.616852,11.3984375,28.867573,12.552517,18.34383,16.935888,9.830134,21.375902,22.915712,32.034683,24.012268,15.115626,11.270038,14.668837,5.233142,2.9870186,25.692095,17.937738,27.702473,14.101819,21.952438,13.212565,8.750122,17.82538,23.64815,22.34003,9.242787,9.5061245,17.965845
956,22.164257,28.368769,21.406826,5.9103837,19.098778,17.249727,16.289156,11.362732,25.25168,10.641061,19.685658,15.24345,10.259503,21.364296,20.511683,30.37171,25.99603,15.041278,12.856841,15.302592,6.384371,4.326612,26.205761,18.782232,27.848791,14.380679,18.429575,11.958048,8.63126,18.612215,24.318226,22.428524,9.6931715,9.213227,17.771828
957,21.10597,30.735943,23.686718,7.029234,29.433308,4.7772646,21.384014,11.792292,7.1864944,3.754132,16.354076,12.735352,11.531594,22.045498,11.274861,22.536955,32.90881,18.766428,23.88754,21.015392,15.548158,13.925092,29.071081,25.210335,25.064001,16.094551,5.6290293,9.968028,16.648785,16.355688,27.851055,25.413666,16.618269,11.369667,20.67559
958,21.053427,29.353611,23.272331,11.407044,32.07935,9.2279415,22.733595,9.799751,14.148744,8.1215315,12.978164,15.615354,8.592416,15.293649,19.472874,29.256243,24.41727,17.422419,18.695307,23.790854,18.169142,15.607145,27.607588,16.311659,14.387966,8.403078,12.518109,7.058324,18.867746,6.442615,26.941088,23.91568,10.996728,9.037954,19.802082
959,20.98358,30.411879,22.15216,4.274567,9.146129,3.2319553,19.239069,16.076052,7.4165883,7.03037,27.706047,12.103177,13.6518,27.02386,9.533388,17.802925,32.81614,18.797092,22.107677,17.078756,9.13525,5.896077,28.579082,28.376629,29.390476,22.914812,3.3409522,12.76104,9.869704,30.97937,26.941393,24.849182,17.65311,11.566764,20.756544
960,21.628277,30.454636,22.676151,5.297119,13.480902,4.803644,19.26139,14.875776,9.493822,6.8599715,25.755104,12.308225,13.191741,25.821205,10.954935,20.259907,32.21649,18.543398,21.020355,17.66498,9.470767,6.631348,28.687786,27.105595,28.904837,21.052391,4.753169,12.105975,10.127183,27.504866,27.015615,24.84429,16.31349,11.522252,20.50627
961,25.67031,29.071518,27.254139,15.139356,28.867308,6.179173,21.169292,11.039793,7.03371,2.8141658,12.964601,12.927861,10.672337,20.799791,10.844156,21.511353,30.109549,22.484423,22.562563,21.388006,16.434996,15.081105,28.411884,27.250935,20.861166,15.743966,5.1393538,9.401645,14.283191,13.123052,27.554102,25.362131,15.575526,14.248618,21.48311
962,29.94527,27.112875,29.907948,22.483313,27.512371,10.019147,19.97768,9.8654175,11.30795,2.9234807,10.849414,13.435563,9.58376,18.718851,12.68816,23.058971,25.766981,24.57407,17.999268,20.65423,15.160612,13.454068,27.162863,27.071465,17.346146,13.840909,7.169878,8.453191,10.291682,9.35325,26.50529,24.552517,12.112936,15.927108,21.236618
963,22.618793,30.43424,23.276726,6.828719,21.786573,9.327667,19.032042,12.421738,15.422572,6.8824244,21.67187,13.114906,11.932865,23.142866,14.776404,25.785147,30.842747,17.50972,18.348967,18.316078,9.930136,7.737284,28.62892,23.759205,28.061123,16.812588,9.514676,10.805488,10.800941,20.44583,26.905006,24.516605,13.276536,10.87053,19.603596
964,33.433666,24.787985,31.83931,29.448793,31.217192,18.060713,19.147238,7.8100524,20.75627,3.8191602,4.9815435,15.066567,7.1335874,15.39936,17.899136,28.455542,21.363632,25.508095,14.01706,19.208302,15.912816,14.797482,25.070324,24.51838,13.541321,9.9762535,15.541475,7.1641455,8.631121,4.148128,24.809006,22.763403,9.189678,14.986981,20.003845
965,21.365181,30.38574,22.668201,5.1337333,11.942063,3.2506623,19.467653,15.407452,7.1430197,6.5745015,26.447252,11.977823,13.4805355,26.420038,9.494353,18.210335,32.711548,19.049946,22.032335,17.769318,9.662586,6.8258247,28.703934,28.176792,28.72216,22.197866,3.089358,12.297289,10.011253,28.92728,27.09094,24.96256,17.234198,11.7805,20.82794
966,22.912897,29.986568,25.106682,10.348276,29.277426,5.118012,21.203352,11.423452,6.9402976,3.023067,15.083866,12.4418125,11.185355,21.593122,10.739869,21.915024,31.937733,20.243124,23.346668,21.139751,15.795952,14.470444,28.749958,26.157658,23.48234,16.087921,5.006688,9.478214,15.32351,15.176909,27.645832,25.280046,16.218096,12.456138,20.862324
967,22.109798,30.832092,23.654053,6.8681655,22.66776,6.0187845,20.13775,12.800896,10.573612,5.6152906,21.208458,12.677416,12.349943,23.450949,12.444345,23.312597,31.973673,18.530266,20.823189,19.700415,11.753067,9.555191,29.202375,25.38306,27.080404,17.596624,6.120988,10.729032,12.635295,20.274328,27.596767,25.286674,15.011917,11.681603,20.519327
968,22.134037,30.23019,23.735634,7.7793403,26.797623,7.223819,20.052668,11.536785,11.353759,4.942135,18.047922,12.839377,11.463463,21.852266,13.053803,24.306675,31.236057,18.210033,20.463102,19.876043,12.784905,10.981898,28.639431,24.141788,25.749079,15.633564,7.493205,9.947167,13.557922,16.57878,27.179138,24.831217,14.28069,11.3599,20.010279
969,20.459686,24.325249,21.325344,9.3832855,12.215365,28.133713,16.680239,11.933809,30.36803,23.834986,6.7993155,26.840534,8.409056,20.304388,30.059147,33.305916,9.596926,18.975672,9.87895,20.186472,5.8697147,3.7122176,22.9725,16.920023,15.216474,14.105512,28.627968,19.990278,20.733612,4.58156,19.56908,24.579906,14.629403,13.440915,23.783682
970,31.420303,26.26683,30.831108,25.523851,28.523346,12.168288,19.808939,9.175777,13.827839,2.6492696,8.692424,13.767697,8.7632475,17.42622,14.031953,24.570827,24.202023,25.259268,16.770084,20.327234,15.736065,13.971904,26.488825,26.60971,15.616397,12.387053,9.172775,7.783647,9.854907,7.271569,26.02041,24.026455,11.158516,16.001423,20.922642
971,19.775566,23.782747,20.512318,8.500347,11.268128,28.999973,16.026104,11.769491,31.50213,24.223185,6.4756017,26.913984,8.151063,20.066723,30.59401,33.644592,8.826149,18.238182,9.0313015,19.450338,5.0916705,2.9708188,22.365517,16.038748,15.418158,13.766472,29.66388,20.238256,20.474817,4.5204835,18.89372,24.07145,14.247678,13.038729,23.307587
972,20.272383,30.739748,23.082561,6.7814517,31.579266,4.891682,21.97129,11.275633,7.518678,3.2261765,14.219777,12.986296,10.764573,20.572016,12.379387,24.048143,32.349125,18.134928,24.189129,21.606373,17.255436,15.340669,28.919586,23.481821,23.631323,14.047489,6.567505,9.363321,18.882967,14.010095,27.925064,25.228529,16.24491,10.886649,20.37521
973,20.364376,30.34623,22.67331,5.7060537,25.17529,4.439004,20.53499,12.32745,7.708794,4.3330736,18.892023,12.285883,11.848034,22.515213,11.060584,21.792969,32.39701,17.957531,22.631823,19.93153,13.667415,11.604453,28.588459,24.891026,25.807629,16.749619,5.2101936,10.111528,14.99551,18.681423,27.229326,24.856236,16.055735,10.928133,20.142418
974,21.679607,30.368814,22.675785,5.497412,14.61544,5.282958,19.164661,14.463814,10.189532,6.7470717,25.177773,12.291221,12.994296,25.339508,11.370562,20.967026,31.94641,18.310215,20.577738,17.736124,9.505214,6.760128,28.602554,26.551388,28.67347,20.362724,5.217883,11.793062,10.205805,26.373594,26.918327,24.715313,15.828475,11.39525,20.285542
975,21.699438,30.421518,22.429111,4.9880385,12.628478,5.808351,18.912191,14.938522,11.069126,7.283927,25.949677,12.592923,13.104776,25.89227,11.777532,21.145672,31.917746,18.170004,20.358196,17.008038,8.907469,5.8180094,28.544254,26.706732,29.572416,20.865402,5.893094,12.415915,9.808861,28.025915,26.850002,24.686808,15.919268,11.37988,20.287857
976,22.19958,30.453127,22.953362,6.005069,16.297953,6.7638025,19.047436,13.950415,12.275922,6.9785056,24.344666,12.661937,12.737825,24.845716,12.665127,22.769236,31.508827,18.120861,19.66837,17.751152,9.369802,6.697225,28.67176,25.788067,28.812376,19.402521,6.709116,11.690779,10.125568,24.96639,26.945402,24.721647,14.957242,11.36552,20.14191
977,27.338215,28.34068,28.24501,17.602867,25.659533,7.507692,20.393639,11.023743,8.619464,4.1869497,14.189049,13.635901,10.708476,20.095098,11.917559,21.560038,27.305891,23.251268,19.363617,21.434359,14.396037,12.464322,28.058521,26.765362,19.125042,15.371211,5.4908066,9.53323,11.625714,11.796401,27.111193,25.253153,13.219887,15.358585,21.736454
978,20.381247,23.9516,21.015446,9.392924,13.2850895,30.946402,16.359705,11.43705,33.763824,25.69219,6.2660675,27.841833,7.7896843,19.450422,32.45856,35.177658,8.026753,18.207067,8.242601,19.904264,5.3301296,3.5396786,22.433365,14.853156,14.4987545,13.07942,32.11514,19.990261,20.125334,3.368043,19.015882,24.028904,13.373059,12.374715,23.339025
979,33.358494,24.844435,31.930016,29.80206,31.298721,15.951588,19.582428,7.8509593,18.215685,2.8344238,4.971999,14.271047,7.2557516,15.4524,16.417763,27.107626,22.014791,25.910666,15.244333,19.5729,16.933159,15.788275,25.290892,25.354036,13.015451,10.199262,13.2860565,6.753827,9.078644,4.413723,25.157028,22.928253,9.904712,15.364937,20.156504
980,21.10494,30.355925,23.433495,7.059398,28.534454,5.255654,20.862288,11.6200905,8.119644,3.969493,16.637896,12.572968,11.423491,21.83336,11.574161,22.809502,32.259193,18.413492,22.882553,20.55146,14.729458,13.116188,28.719738,24.706451,25.0709,15.859703,5.95166,9.852447,15.786719,16.318686,27.437254,25.040794,15.9523325,11.230728,20.301231
981,22.118248,30.44949,23.104847,6.3245,18.555552,6.402473,19.292942,13.413139,11.606455,6.324491,23.288345,12.430342,12.55655,24.236101,12.403922,22.843294,31.603592,18.142838,19.87817,18.338305,10.061829,7.6156106,28.739805,25.54092,28.144733,18.666721,6.286456,11.150547,10.702913,23.193987,27.05865,24.770376,14.780842,11.411099,20.100477
982,21.561707,30.417747,22.448212,4.9749465,12.458364,5.197168,19.054726,15.057596,10.166345,7.150449,26.114506,12.450928,13.193437,25.987919,11.27838,20.487984,32.085037,18.334133,20.755026,17.21711,9.103531,6.073696,28.574556,26.99041,29.3204,21.157679,5.2536,12.351246,9.920297,28.220707,26.891605,24.736061,16.241983,11.412248,20.39885
983,18.749775,30.526724,22.26728,7.111914,34.166653,4.573501,23.455381,10.672134,6.911478,2.6665094,10.00755,14.09491,9.306167,17.41233,14.385781,25.995321,30.24648,17.590393,24.957481,23.336412,21.038567,18.06021,28.494429,20.165403,18.967064,10.152275,7.8595896,8.365574,24.024025,8.921975,28.020004,25.024815,15.740054,10.264436,20.33301
984,27.910316,27.22993,26.830105,18.082506,31.226435,24.006695,18.729042,8.368252,29.934479,14.534544,11.838838,19.660002,7.6354055,16.356834,26.104118,34.14065,19.860424,18.916985,10.724088,19.4758,11.149486,10.272971,25.718266,16.601078,16.813196,9.51618,25.60065,9.475134,10.146873,5.524314,24.48088,22.727667,7.1014333,9.758864,19.288319
985,21.183538,30.668596,22.25029,4.152931,8.83977,3.6081545,19.283495,16.281971,8.028802,7.261359,27.986933,12.339631,13.754555,27.342335,9.919593,18.27499,33.02044,18.848223,22.109718,16.982195,8.993342,5.6445146,28.785707,28.546846,29.981022,23.116615,3.7810502,13.077824,9.875394,31.538279,27.121077,25.032137,17.744162,11.661284,20.894691
986,21.277977,30.524,22.377102,4.6944146,11.292617,4.160239,19.302814,15.52154,8.744914,7.1179366,26.847582,12.299667,13.431309,26.41911,10.513689,19.331703,32.48617,18.601614,21.539963,17.402954,9.345012,6.260211,28.692509,27.611837,29.177015,21.923613,4.2817125,12.468608,10.1308565,29.297094,27.026266,24.881632,16.97257,11.47081,20.646523
987,30.215874,26.301237,29.5895,23.69457,29.815182,14.177194,19.56427,8.750565,17.218576,4.188238,9.45186,14.460564,8.4012,16.309206,16.52513,26.917698,23.336887,23.307594,15.067559,20.002167,15.099378,13.281075,26.124783,23.761637,15.548381,10.66283,12.3310375,7.342065,9.960453,6.1786904,25.575527,23.343485,9.58758,14.092558,20.013817
988,21.33249,30.397339,22.352592,4.6690536,10.713592,4.1885996,19.152777,15.608387,8.679739,7.1459155,26.86757,12.3160925,13.444713,26.59377,10.351334,19.042042,32.4346,18.657246,21.47602,17.121744,9.097528,5.9770436,28.580523,27.801529,29.407833,22.160711,4.238572,12.682727,9.8132105,29.746822,26.92853,24.826496,16.999195,11.578269,20.65095
989,22.656803,29.407034,25.10815,11.749605,31.429892,5.2560854,21.958805,10.774946,6.322835,2.5035326,11.13614,13.132727,10.072257,19.47991,11.743368,22.76866,30.42895,20.500118,24.170095,21.957823,18.634148,16.982906,28.248842,24.688345,20.077744,13.719544,6.0014696,9.027212,18.569983,11.426604,27.546663,25.07598,16.263685,12.583034,20.908276
990,22.079975,30.620178,23.891445,7.6456184,27.492311,6.8246164,20.436928,11.62899,10.875786,4.760173,18.072111,12.854293,11.604272,21.970495,12.968255,24.433805,31.70282,18.365257,21.021893,20.361843,13.279702,11.460907,29.000256,24.340603,25.773958,15.691864,7.14003,9.905449,14.214299,16.439318,27.531128,25.145618,14.613712,11.44043,20.251272
991,21.49425,30.513653,22.85558,5.9752917,22.897596,7.093876,19.634691,12.437504,12.246407,5.8465247,20.917372,12.697886,11.992593,22.916563,13.301036,24.288784,31.564524,17.49748,20.016693,18.993984,11.329589,9.095099,28.702702,24.131361,27.340317,16.735783,7.56178,10.533511,12.613481,19.851393,27.091492,24.703922,14.337049,10.905912,19.79942
992,21.481583,30.397936,22.814259,5.755867,17.644539,5.063768,19.526659,13.803413,9.6529665,6.099205,23.642162,12.2042055,12.735079,24.53027,11.341928,21.349405,31.985355,18.270563,20.869026,18.485188,10.4686365,7.9716825,28.680601,26.062302,27.83765,19.327187,5.072365,11.224222,11.220585,24.052132,27.04788,24.7949,15.645182,11.345969,20.265312
993,21.960445,30.26222,23.26593,7.5980167,29.24086,10.264303,20.017807,10.761612,15.778606,6.0396276,16.87022,13.751393,10.669971,20.399849,16.28014,27.897558,29.984562,17.037052,18.795013,19.832773,12.987281,11.074545,28.41112,21.378061,25.16714,13.267036,11.429039,9.520816,14.148267,14.193695,26.98252,24.392927,12.566242,10.179242,19.347023
994,21.345814,30.394455,23.537834,7.15133,27.575974,5.434488,20.654509,11.734238,8.649393,4.2587595,17.529295,12.518068,11.600736,22.064093,11.705649,22.90907,32.087505,18.435112,22.270214,20.465527,14.008792,12.357531,28.787336,24.746113,25.324652,16.128757,5.893279,9.879583,14.984927,16.774054,27.409473,25.053951,15.598841,11.304336,20.301823
995,30.090654,27.092216,30.270786,23.040773,28.168835,9.042841,20.48142,9.940905,9.291554,2.4873621,9.763176,13.507007,9.530089,18.726856,11.861384,21.980688,26.162819,25.284836,19.406334,21.031517,16.463892,14.807121,27.269117,27.902107,16.624897,14.058472,6.3424397,8.679214,11.36903,9.096971,26.800852,24.835192,13.03533,16.508173,21.686474
996,20.264702,23.733133,20.991333,9.60031,13.438686,30.728617,16.41788,11.350197,33.279892,25.792553,6.0594807,27.844774,7.700561,19.224567,32.276688,34.803207,7.6782784,18.255713,8.277235,20.067879,5.4999447,3.7718332,22.247028,14.768092,13.853528,13.018481,31.859312,19.831896,20.193346,2.97722,18.856373,23.923018,13.399976,12.306033,23.3493
997,21.4945,30.434832,22.304775,4.6835346,11.186809,5.1291223,18.989975,15.395685,10.113974,7.3688736,26.60052,12.544675,13.290594,26.352903,11.21702,20.173075,32.157383,18.360296,20.863289,16.902582,8.887971,5.688357,28.558731,27.263178,29.692627,21.597836,5.275894,12.7045765,9.760108,29.272928,26.885107,24.757856,16.479095,11.470767,20.472559
998,21.957243,30.388258,22.566666,5.4642196,14.504617,6.926118,18.816813,14.307665,12.689613,7.2812533,24.946484,12.731727,12.7875185,25.178658,12.798813,22.675055,31.413895,17.904295,19.563173,17.191832,8.961451,6.0237346,28.515047,25.771276,29.26051,19.752401,7.0125074,12.024965,9.950931,26.20018,26.782356,24.580364,15.103404,11.217379,20.031364
999,21.357996,30.352043,22.434708,4.893826,11.676966,4.2061353,19.19567,15.334204,8.663733,6.962506,26.438604,12.230026,13.34948,26.279667,10.379539,19.240273,32.34405,18.630375,21.389727,17.353432,9.28183,6.292384,28.569868,27.577269,29.078436,21.791681,4.1990843,12.414033,9.941062,28.901049,26.918962,24.795748,16.807543,11.549096,20.585262
1000,19.685698,30.264322,22.91964,7.765614,32.816353,4.28662,22.811348,10.931807,6.1046824,2.5420227,11.196552,13.421304,9.8340845,18.771446,12.785541,24.184381,31.043047,18.358395,25.051365,22.593046,19.742245,17.424364,28.477842,22.19001,20.389927,12.189374,6.6444883,8.772946,21.676367,11.108284,27.852894,25.038696,16.381275,10.854752,20.465944
1001,20.038378,23.888622,20.861702,9.125462,12.219064,30.99951,16.45043,11.7352295,33.51732,26.117886,5.920551,28.29661,7.9040604,19.760616,32.61892,35.130863,7.4447293,18.48503,8.393581,20.217972,5.267336,3.3426456,22.417288,15.190716,14.273472,13.435325,31.995628,20.628561,20.975378,3.238498,18.860394,24.338936,14.049348,12.791223,23.830748
1002,22.155205,29.985903,23.661324,8.185553,27.925573,8.066694,20.066387,11.150129,12.393118,5.111151,17.118748,13.04455,11.066317,21.13705,13.896301,25.174475,30.6274,18.005981,20.066534,19.845457,13.215932,11.458576,28.389679,23.364166,25.079462,14.717647,8.616446,9.693716,13.780398,15.446339,27.007412,24.589706,13.800809,11.066721,19.781723
1003,19.666618,23.563938,20.292652,8.335907,11.306183,29.196688,15.734047,11.589754,31.875473,24.098928,6.4655614,26.70279,8.010645,19.821007,30.630909,33.697994,8.745016,17.892324,8.666739,19.057442,4.848472,2.7864354,22.120003,15.615183,15.531697,13.505334,29.943527,20.048178,19.995117,4.5346804,18.68447,23.745098,13.831068,12.759618,22.936104
1004,20.764406,30.354382,22.99379,6.406654,28.186724,5.7250924,20.593225,11.545387,9.156688,4.1886344,17.034346,12.591585,11.382843,21.691906,12.115452,23.446962,32.087498,17.824932,22.265915,20.23184,14.244289,12.476279,28.608019,24.070028,25.431046,15.479073,6.5895395,9.791829,15.674212,16.32182,27.26687,24.849249,15.489986,10.883374,19.980663
1005,23.211668,29.63935,22.86914,6.805284,20.2979,14.514341,17.46391,11.955887,21.811989,8.922863,20.78293,14.507597,11.198461,22.653708,18.283201,28.96145,28.500048,16.606617,15.031998,16.596582,7.5678725,5.4272413,27.674026,21.55964,28.818817,15.805164,14.900226,11.8117,9.015667,19.768785,25.798094,23.722965,11.128021,10.436627,18.874737
1006,23.165758,29.649746,25.240498,11.069064,29.036583,5.424309,21.027416,11.220608,7.3206463,3.0125318,14.649154,12.453862,10.98714,21.102188,11.013066,22.118612,31.181993,20.343676,22.736078,21.152052,15.7185545,14.349666,28.510122,25.824835,22.730759,15.630282,5.1550856,9.279704,15.120628,14.335197,27.419495,25.098846,15.728504,12.624517,20.758968
1007,21.417406,30.489628,22.977009,6.173001,24.351412,6.70429,19.87376,12.190523,11.35313,5.336101,19.985706,12.624534,11.861687,22.652649,12.870396,23.979748,31.782711,17.64309,20.578575,19.290478,12.0368805,9.926287,28.706928,24.250164,26.948343,16.468822,7.1832895,10.324708,13.204347,18.994202,27.17568,24.765762,14.5832,10.971192,19.863075
1008,20.84384,24.423512,21.457542,9.898855,14.305832,29.711927,16.797123,11.357731,32.569023,25.007029,6.7822585,27.267277,7.9282646,19.524332,31.632347,34.598454,9.203873,18.429844,9.05159,20.172989,6.0069942,4.2346635,22.934282,15.35162,14.551227,13.116147,30.976412,19.35287,20.011509,3.746462,19.669586,24.182278,13.42134,12.437301,23.292799
1009,21.511969,30.27257,23.721947,7.5189285,27.531404,5.228958,20.69171,11.756315,8.086933,4.1215286,17.278568,12.4842205,11.578418,22.116356,11.334094,22.399632,32.088123,18.724047,22.511782,20.488567,14.168137,12.589491,28.729197,25.076744,25.096338,16.343632,5.5779896,9.909593,14.900145,16.821323,27.394176,25.063532,15.802031,11.472369,20.405432
1010,22.443007,30.308674,23.989746,8.006166,24.897636,6.517621,20.014397,12.008923,10.582521,5.013049,19.218657,12.617125,11.832288,22.554436,12.371354,23.407698,31.4046,18.688293,20.560295,19.844196,12.262455,10.413869,28.813517,25.000973,26.043674,16.664522,6.4164667,10.190382,12.744065,18.027561,27.292538,25.014538,14.593818,11.757868,20.297195
1011,21.579405,30.328268,22.640896,5.3180175,13.280903,4.639986,19.198908,14.874842,9.190589,6.7812905,25.695063,12.232986,13.179493,25.81882,10.719152,19.933762,32.161026,18.573029,21.048248,17.598509,9.428459,6.6092496,28.583975,27.175276,28.809525,21.134735,4.535204,12.102354,10.028718,27.559603,26.925167,24.773922,16.351614,11.548767,20.48076
1012,23.890245,29.36888,25.921242,12.624424,30.14902,5.655289,21.302685,10.940098,6.834495,2.6577635,12.796424,12.737469,10.608136,20.589403,10.997105,22.026274,30.82686,21.123737,23.327616,21.404085,16.914581,15.6205845,28.389599,26.11339,21.47805,15.185085,5.391568,9.240616,15.936764,12.997407,27.485434,25.167915,16.010595,13.154161,21.008448
1013,18.808113,29.81779,22.313362,9.361055,34.52957,5.8717375,24.16218,10.207075,8.834614,3.0939093,7.079859,14.990277,8.021308,14.929519,17.006802,28.440268,27.28831,17.71432,24.182732,24.31124,23.107943,19.683773,27.844,17.483076,14.643644,7.4041743,9.983496,7.49819,26.27294,5.4195237,27.659496,24.526283,14.813628,9.658083,20.202925
1014,30.181795,26.243177,30.14103,24.13697,28.84607,9.939015,20.15076,9.303913,10.472157,2.1339753,8.144313,13.371424,8.869554,17.566381,12.440341,22.70849,24.981026,25.06499,18.634827,20.600494,16.817951,15.212713,26.468033,26.966112,15.307122,12.794256,7.2929134,8.012016,11.421286,7.514692,26.115026,24.117973,12.397799,16.071033,21.071918
1015,21.133291,30.689598,22.215694,4.0922976,8.69171,3.5165708,19.30097,16.325024,7.9337983,7.2517,28.120527,12.313023,13.775925,27.366499,9.864277,18.187092,33.06401,18.838095,22.162298,16.991766,9.01167,5.633962,28.797058,28.57031,29.963615,23.157373,3.7081523,13.05259,9.900725,31.63815,27.132658,25.034668,17.790972,11.637496,20.89249
1016,33.11704,24.928114,31.58715,28.82097,30.903645,17.747255,19.106798,7.9076824,20.548782,3.823892,5.4950542,14.976886,7.2657976,15.521824,17.768251,28.333998,21.572983,25.237257,14.017339,19.19332,15.685524,14.482351,25.15312,24.427053,13.865655,10.057907,15.261622,7.184592,8.669962,4.4351277,24.848942,22.784084,9.1673,14.887507,19.951849
1017,20.39538,30.45466,22.899223,6.124017,28.63171,4.9951916,20.932436,11.65941,7.9565444,3.8334053,16.66609,12.564555,11.398654,21.720037,11.57923,22.828154,32.507065,17.93421,23.16842,20.473316,14.970042,13.15472,28.67272,24.352053,25.205812,15.583557,6.0565977,9.782913,16.52409,16.337587,27.408363,24.969694,16.118078,10.850385,20.132048
1018,21.269926,30.355688,23.587334,7.203588,27.969341,5.0412564,20.811228,11.745024,7.8018103,3.9702473,17.1356,12.473984,11.568325,22.08871,11.222073,22.333658,32.3272,18.612907,22.817911,20.541246,14.434784,12.826495,28.760124,25.048595,25.158497,16.260529,5.525688,9.871714,15.270523,16.76015,27.454273,25.088053,15.965019,11.3505125,20.391293
1019,21.199602,30.57759,22.320248,4.464279,10.237266,3.7696044,19.328566,15.857893,8.210739,7.1580586,27.397,12.269505,13.586743,26.817759,10.129558,18.70655,32.74117,18.732721,21.862656,17.266203,9.247809,6.0629253,28.730843,28.05173,29.427229,22.48379,3.9055045,12.686584,10.012244,30.288885,27.073053,24.944042,17.342054,11.5371895,20.765062
1020,21.06614,30.372162,22.193947,4.3439913,9.154724,3.3274832,19.18361,16.050009,7.488575,7.00654,27.579107,12.123561,13.634688,27.043428,9.530948,17.815348,32.78642,18.830374,22.042831,17.003199,9.06007,5.828666,28.552423,28.420473,29.477592,22.922352,3.3880134,12.825596,9.773369,30.967167,26.919289,24.84153,17.610924,11.638382,20.757862
1021,21.427563,30.444069,22.349453,4.6485314,10.612415,4.5472593,19.095577,15.622681,9.221957,7.286336,26.892738,12.445987,13.422899,26.620245,10.672844,19.408401,32.37268,18.594847,21.28337,16.986765,8.971735,5.7817607,28.599836,27.71112,29.629583,22.08317,4.642316,12.791865,9.7437525,29.835798,26.939842,24.837744,16.872442,11.581006,20.633692
1022,21.059063,30.554258,22.13551,4.121505,8.799576,3.547507,19.211226,16.20543,7.9580975,7.2023387,27.981672,12.249378,13.699747,27.191046,9.842169,18.154106,32.900345,18.735558,22.011524,16.93843,8.97572,5.620971,28.665787,28.386671,29.78036,22.9848,3.7231336,12.922299,9.83837,31.364922,27.007215,24.909485,17.642757,11.555517,20.772566
1023,22.131168,30.401436,23.231823,6.6746655,22.866264,7.750734,19.401606,12.299002,12.988508,5.8653703,20.922985,12.682301,11.945258,22.987514,13.427106,24.495129,31.35058,17.729975,19.43241,18.766108,10.870695,8.719902,28.654577,24.253565,27.515127,16.804283,7.8609505,10.499939,11.628806,19.850542,27.038927,24.64185,13.880945,11.072135,19.753754
1024,23.395172,29.411638,25.359432,11.892536,30.338268,6.243553,21.071573,10.740902,8.267624,2.7947862,13.089823,12.704513,10.499596,20.1327,11.881454,23.238863,30.461908,20.298628,22.387373,21.277617,16.430262,14.966444,28.29181,25.058418,21.74633,14.383037,6.13171,8.953722,15.938639,12.445469,27.299898,24.937025,15.243807,12.652821,20.570005
1025,21.988668,30.430134,22.574688,5.4510036,14.763398,7.1545687,18.822325,14.258856,13.018282,7.3872943,24.849346,12.822804,12.7589,25.13463,13.038646,22.958841,31.392338,17.851923,19.480206,17.214924,8.949967,6.0440626,28.547632,25.64768,29.32992,19.640707,7.303338,12.058637,10.008522,26.049904,26.803104,24.598036,15.028434,11.189973,20.024805
1026,27.66314,28.33366,28.425842,18.314579,28.081282,8.089538,20.51307,10.476027,9.51833,2.9605055,12.668882,13.153233,10.285087,19.766737,11.986811,22.6119,27.996986,23.226845,19.743298,21.123518,15.290955,13.593899,27.979,26.910423,19.55382,14.651547,6.0828934,8.879022,11.943084,11.220868,27.151001,25.051073,13.322726,15.10183,21.309448
1027,21.579805,30.574286,22.951702,5.988333,21.131798,6.1138144,19.684277,12.948538,11.033009,5.7494235,21.977308,12.444568,12.32994,23.569086,12.40731,23.143229,31.868162,17.896385,20.42047,18.916183,11.084401,8.718467,28.815153,25.036182,27.610077,17.726906,6.32271,10.746571,12.066378,21.397783,27.201494,24.848267,14.835218,11.205502,20.05313
1028,28.11673,28.034636,29.01107,19.395147,28.71743,7.570037,20.814974,10.453236,7.7820535,2.4873412,10.987474,13.192621,10.078036,19.937183,10.988397,21.342205,28.355768,24.17131,21.34945,21.194672,16.596193,15.28331,27.841955,27.92442,18.745037,15.201714,5.6011496,9.088865,12.788832,11.17926,27.19561,25.131739,14.576513,15.5602,21.672234
1029,21.27778,30.067135,22.05634,4.6248903,10.828363,5.0195656,18.709635,15.259024,9.876918,7.1938076,26.400612,12.357683,13.160668,26.131481,10.908536,19.726267,31.872215,18.16876,20.637598,16.618196,8.682149,5.490674,28.202991,27.070559,29.453508,21.468052,5.102723,12.551851,9.531021,29.104666,26.55152,24.447096,16.312935,11.370772,20.21078
1030,20.72067,24.397118,21.2542,10.025346,16.324602,27.831505,16.848064,10.769102,30.945232,23.691933,7.408422,25.719189,7.698346,18.746695,30.220177,33.548664,10.500898,17.704681,9.625004,19.899494,6.765067,5.3006697,22.84851,14.789554,14.325207,12.508582,29.470583,17.670517,19.03716,4.0322766,19.915552,23.45004,12.706188,11.517274,22.220833
1031,20.5839,30.575657,22.938435,6.1977596,29.967638,6.098068,20.85521,11.2662945,9.568936,4.0199275,16.190863,12.776311,11.194165,21.265802,12.646165,24.322695,32.251385,17.588919,22.495592,20.53234,14.922821,13.147781,28.735405,23.556211,25.301775,14.744068,7.224807,9.614109,16.635744,15.212137,27.438835,24.927961,15.404105,10.695961,19.924177
1032,21.704668,30.452387,22.611065,5.295017,13.9157095,5.4743333,19.110619,14.667572,10.535826,6.9487514,25.550014,12.414799,13.062224,25.580175,11.54134,21.077072,32.00951,18.270075,20.534428,17.508732,9.305095,6.4221525,28.634466,26.64239,29.05725,20.575512,5.47194,12.015845,10.0885105,27.032303,26.941696,24.742695,15.889085,11.383635,20.31
1033,24.683352,28.734404,26.499065,14.347142,29.861477,6.073763,21.153414,10.683031,6.790416,2.5975819,11.593667,12.919863,10.256552,20.021416,11.024579,21.72501,29.803503,21.792912,22.98586,21.322014,17.226088,15.929297,27.971731,26.20833,20.093218,14.827273,5.5700083,9.160739,15.733763,11.938204,27.191202,24.96641,15.745318,13.663165,21.07691
1034,21.543327,30.285738,23.689213,7.3860893,26.395178,5.086165,20.583532,11.99947,8.0778,4.411078,18.098606,12.458696,11.763863,22.422668,11.250045,22.123943,32.047943,18.753984,22.311228,20.359657,13.69626,12.045155,28.757858,25.270756,25.32831,16.761671,5.36078,10.081616,14.402345,17.605135,27.374678,25.081148,15.78955,11.523399,20.465477
1035,22.20419,30.358406,22.71014,5.803136,16.266878,8.04885,18.732044,13.780664,14.119153,7.4383035,24.097475,12.95087,12.514102,24.637215,13.710225,23.87871,31.083817,17.687685,18.922707,17.327795,8.949981,6.2446017,28.489796,25.024614,29.103386,18.914442,8.204872,11.807241,9.975277,24.730103,26.730276,24.493607,14.432279,11.054408,19.84144
1036,28.437796,27.743345,29.18565,20.278242,29.095774,8.095833,20.792303,10.185225,8.428854,2.4031756,10.155805,13.297524,9.777068,19.314013,11.49989,21.941757,27.671186,24.276001,20.94209,21.179226,16.935356,15.52894,27.60609,27.552624,17.906448,14.474003,6.115387,8.84908,12.996848,10.136138,27.03297,24.962666,14.206274,15.592279,21.552202
1037,33.076687,24.864315,31.82349,29.715965,31.776241,16.068377,19.84276,7.8517694,18.307228,3.4731712,4.5817266,14.671214,7.160184,15.150654,16.983442,27.450497,21.59285,25.804237,15.3936205,19.9273,17.362173,16.328884,25.287514,24.74302,12.297817,9.917139,13.800188,6.8660364,9.863974,3.8763893,25.160519,22.945532,9.981437,15.092412,20.263792
1038,31.581337,25.857449,31.018219,26.42725,28.62866,12.099889,19.985868,9.028524,13.339429,3.097384,8.201199,14.2831335,8.5365505,16.52344,14.346894,24.24021,23.08777,25.453293,16.337547,20.581978,16.191069,14.177114,26.181635,26.120028,13.930321,11.614994,9.360366,7.6777368,10.102586,5.948548,25.870264,23.89357,10.576521,16.142704,21.036219
1039,20.564404,24.059736,21.09026,9.451999,13.678796,30.640198,16.326256,11.321159,33.63767,25.248304,6.5353584,27.479893,7.812461,19.446297,32.122314,35.03901,8.602645,18.098555,8.326371,19.696838,5.3426194,3.5721788,22.528822,14.927931,14.844251,12.992649,31.844734,19.669912,19.742516,3.6489003,19.175953,23.928614,13.149641,12.26575,23.100689
1040,21.5571,30.511076,23.08625,6.28311,23.503767,6.350494,19.866037,12.4121895,10.932567,5.311505,20.517235,12.507486,12.02355,22.969263,12.496409,23.496399,31.884457,17.868763,20.64948,19.241718,11.827578,9.668428,28.765675,24.676083,27.094265,16.940977,6.6557627,10.418386,12.782708,19.708668,27.226578,24.832327,14.720536,11.137002,19.982035
1041,21.112518,30.57099,22.30637,4.2786436,8.944884,3.031789,19.343641,16.25738,7.1142807,6.9541636,27.9837,12.101032,13.79021,27.339163,9.292271,17.542671,33.155792,19.004381,22.36753,17.128536,9.125515,5.873655,28.742323,28.806286,29.69342,23.292627,3.076888,12.891108,9.778766,31.482452,27.103893,25.009342,17.892832,11.702959,20.920435
1042,21.779594,24.932913,22.360252,10.517255,13.340956,24.47632,16.784012,11.8207245,27.079176,19.548502,8.301349,24.12258,8.925772,20.221476,26.832754,31.552124,12.970282,19.479713,11.01502,19.509031,6.9017954,4.481839,23.824127,18.496777,16.732214,13.953626,24.57447,18.366575,18.619528,6.3773713,20.871117,24.543005,13.7961445,13.972327,23.063643
1043,26.506294,28.45312,27.853302,16.929218,29.277233,6.809561,21.001896,10.60084,7.279969,2.563474,11.452729,13.045416,10.228818,20.09178,10.965848,21.516733,29.172598,23.06337,22.169878,21.31022,16.837011,15.562119,27.986662,27.19208,19.533846,15.147319,5.5078983,9.143233,14.121689,11.680463,27.255861,25.113409,15.172022,14.677134,21.431097
1044,20.06215,30.19788,22.552544,5.6534824,26.38743,4.1633387,20.710281,12.106663,6.8804054,3.8917305,17.76391,12.307176,11.614162,22.173439,10.706138,21.399635,32.525997,17.938395,23.25485,19.998037,14.440996,12.416178,28.423368,24.849041,25.393229,16.383558,5.143857,9.999867,15.784966,17.934973,27.186947,24.788424,16.370071,10.853788,20.104757
1045,21.41745,30.192036,22.557049,5.368848,13.675127,4.3553843,19.174072,14.68795,8.789865,6.4824195,25.525185,12.002365,13.101704,25.54818,10.425382,19.660109,32.126793,18.482899,21.044453,17.70769,9.545323,6.8033743,28.468637,27.031933,28.438107,20.908459,4.2049875,11.764397,10.07177,27.037558,26.823112,24.641735,16.257761,11.449876,20.330421
1046,19.691727,30.329372,22.744125,6.2858987,31.843945,4.3159113,21.79967,11.213993,6.069752,2.732427,13.580494,12.805595,10.6999445,20.583593,11.251981,22.589098,32.63685,18.025114,24.912762,21.198662,17.522612,15.681248,28.472094,23.86793,23.55898,14.325287,6.032465,9.349677,19.228691,14.0862465,27.552546,24.952265,16.895744,10.659533,20.209686
1047,20.390768,30.448746,22.929981,6.50294,30.025015,5.2175474,21.285526,11.384983,8.12406,3.7424133,15.448568,12.7756,11.023582,21.114933,12.145385,23.565311,32.218246,17.932983,23.397484,20.828041,15.8771515,14.106428,28.668886,23.784483,24.497807,14.78992,6.584962,9.620428,17.323242,15.261454,27.527782,24.973429,16.003935,10.8048935,20.149755
1048,21.10826,29.975525,23.948868,8.473636,31.122612,4.370019,21.659151,11.210764,5.6089973,2.5598521,13.470443,12.660128,10.817765,20.745579,10.671697,21.797823,32.142185,19.298624,24.60631,21.385862,17.319378,15.72347,28.473137,25.050335,22.781422,14.9784,5.228059,9.329165,18.02837,13.8517275,27.537262,25.098837,16.885433,11.623659,20.6187
1049,24.960394,29.168306,26.048653,12.813951,24.515177,7.112264,19.81659,11.518013,10.04434,4.425617,17.306032,12.667866,11.332643,21.642351,11.841045,22.331884,29.443079,20.851725,19.482782,20.24498,12.534855,10.860415,28.292122,26.0761,23.175407,16.450424,5.7121067,9.674257,11.105626,15.708563,26.951736,24.905378,13.7771435,13.400111,20.749903
1050,31.348461,25.945469,30.844666,25.970356,28.74121,11.416081,19.943895,9.067549,12.4813175,2.2432911,7.67798,13.586083,8.584405,17.172407,13.395778,23.808159,24.09685,25.548985,17.508959,20.40974,16.533745,14.890087,26.284609,26.862421,14.800958,12.31669,8.470214,7.753998,10.50212,6.8535867,25.942795,23.952364,11.657952,16.251665,20.981228
1051,20.369856,30.576925,22.718552,7.06263,31.133892,7.6107945,21.64683,10.866999,12.043125,4.8384194,14.196795,13.940352,10.18361,19.205559,15.72643,27.488476,30.141153,17.15675,21.635212,21.621525,16.51835,14.170728,28.60761,20.628513,22.474834,11.999641,9.820445,9.072487,18.898495,12.092244,27.521454,24.7669,14.141797,10.092942,19.844017
1052,24.151081,29.65399,26.127193,12.441545,28.848509,5.3470592,21.258507,11.378489,6.6624193,2.9684153,14.43834,12.638005,11.070558,21.417273,10.607704,21.48385,31.251905,21.3587,23.141853,21.350046,16.052452,14.723502,28.691639,26.86835,22.37825,16.19661,4.7863445,9.506083,14.786195,14.564721,27.682056,25.406694,16.08481,13.326039,21.25751
1053,27.840675,27.099,28.69991,20.720823,30.752863,8.45969,20.978634,9.564091,8.806156,2.0008893,7.867522,13.462425,8.996959,17.655554,12.326086,22.85827,26.58072,23.803274,20.987587,21.199059,18.463606,16.848495,26.918379,26.173664,15.921111,12.539964,7.1415052,8.204674,14.813286,7.71557,26.574892,24.407059,13.947972,14.987195,21.072779
1054,27.330574,28.450222,28.279266,17.657389,28.005878,7.3259544,20.583546,10.676361,8.311766,2.7913227,12.813754,12.876695,10.467854,20.436293,11.076503,21.646793,28.843285,23.296663,20.760689,21.058155,15.423107,14.052146,28.08057,27.54056,20.172401,15.536879,5.3495493,9.1161995,12.077689,12.325969,27.235437,25.140852,14.214488,15.067297,21.415758
1055,26.478262,25.963919,25.369987,16.49569,28.013952,27.577826,17.722813,8.544806,32.72484,18.074343,8.95079,22.103369,7.0658345,16.893019,28.535572,35.018097,16.6572,18.422123,9.871082,18.739544,9.577117,9.083273,24.385721,15.461595,16.241821,10.045102,29.542795,12.149863,12.295393,4.6735926,22.715363,22.470774,8.450722,9.85769,19.751001
1056,33.567448,24.512388,31.88229,29.966568,31.470919,18.370625,19.10642,7.607785,21.083628,3.8091521,4.4280615,15.042892,6.904283,15.100089,18.087397,28.604424,20.978315,25.585571,13.845803,19.089066,16.12626,15.111229,24.854752,24.341345,13.078997,9.679476,15.90579,7.0222692,8.471803,3.787381,24.653511,22.589367,9.043595,14.928389,19.894043
1057,26.017218,28.48957,27.429996,16.301811,29.524784,6.752299,20.998602,10.542543,7.4590945,2.5169876,11.370059,12.956363,10.166502,19.93147,11.162192,21.866236,29.219696,22.631119,22.193537,21.270578,16.926186,15.624529,27.941717,26.769392,19.662186,14.839757,5.6576757,9.071705,14.54809,11.555256,27.199465,25.018116,15.16695,14.382311,21.238913
1058,20.849764,30.760935,21.988705,3.620223,7.6651387,3.001429,19.31064,16.63477,7.389614,7.139387,28.8221,12.156324,13.926735,27.689182,9.429884,17.577206,33.43923,18.785135,22.491037,16.867622,8.914807,5.4167833,28.819826,28.89744,30.248177,23.604012,3.2718687,13.09965,9.893215,32.5655,27.151901,25.036629,18.164164,11.552711,20.885033
1059,22.181376,30.180529,24.193745,8.511069,27.51822,5.7204647,20.617619,11.640984,8.680852,4.0221076,17.007881,12.528901,11.476689,21.975206,11.584381,22.74023,31.775465,19.09656,22.095081,20.499334,14.112923,12.53789,28.733603,25.221733,24.844582,16.189133,5.816181,9.800199,14.480343,16.410141,27.40605,25.082912,15.480065,11.805521,20.454987
1060,20.953934,30.47359,23.040741,6.1460176,24.58905,4.8203106,20.414019,12.437492,8.357513,4.5920644,19.58738,12.315973,12.013403,22.841192,11.255167,22.048145,32.363533,18.200275,22.142042,19.859503,13.08877,11.03482,28.765362,25.167383,26.213638,17.094292,5.2893515,10.230548,14.102284,19.191881,27.344673,24.977074,15.744665,11.167907,20.253326
1061,20.866528,30.37326,21.987946,4.079395,8.673586,3.2967606,19.14866,16.14275,7.588064,7.0984287,27.869095,12.114404,13.637647,27.046547,9.60745,17.808346,32.770355,18.664343,22.025667,16.903412,9.012039,5.689769,28.50804,28.296816,29.495182,22.920517,3.4842963,12.808705,9.847885,31.229374,26.86773,24.776781,17.644728,11.492482,20.675207
1062,28.339113,27.948065,28.979145,19.727827,28.572979,8.323477,20.553652,10.250132,9.286373,2.6661797,11.439899,13.177236,10.001289,19.48208,11.79969,22.381758,27.651342,23.85384,20.000933,21.089426,15.91406,14.382923,27.738564,27.260254,18.661325,14.516852,6.145746,8.758407,12.035037,10.556768,27.032814,24.952929,13.502697,15.412049,21.384932
1063,22.05296,30.34668,22.439384,5.2371426,13.937855,8.145315,18.517517,14.3456,14.249861,7.840907,24.878618,13.1518955,12.683206,25.268223,13.687555,23.477915,31.057943,17.702007,18.962326,16.755356,8.424363,5.4361167,28.399776,25.373285,29.72639,19.681055,8.374972,12.440738,9.684203,26.43647,26.624502,24.496874,14.780452,11.126631,19.944979
1064,21.073479,29.773302,24.083012,10.052753,32.968967,4.6647058,22.687086,10.686689,5.708857,2.1980834,10.030307,13.51197,9.686416,18.593327,12.326155,23.49306,30.532536,19.569365,25.034948,22.583033,20.090624,17.937757,28.297297,23.162434,19.346493,12.332719,6.442195,8.753922,21.160217,10.168616,27.766542,25.0849,16.407616,11.789451,20.776073
1065,24.022354,29.674461,24.04412,8.928766,23.294336,13.157117,18.250517,11.424288,19.619505,7.9058022,19.559412,14.208753,11.1286745,21.851309,17.308691,28.248856,28.548147,17.637796,15.7522745,18.032616,9.083529,7.162275,28.004978,22.173712,26.9075,15.185899,13.081403,10.817809,9.726314,17.20823,26.240664,24.094763,11.235612,11.038035,19.318165
1066,21.546625,30.43239,22.580498,5.1262527,12.7322855,4.63427,19.218668,15.06271,9.27588,6.90169,26.067886,12.288783,13.255612,26.018272,10.770046,19.918552,32.285374,18.560505,21.125818,17.502016,9.357741,6.4347777,28.649267,27.288992,29.047903,21.3358,4.6010275,12.234325,10.016876,28.100943,26.985073,24.825216,16.476427,11.529199,20.523804
1067,25.914536,28.679214,27.312546,16.038525,29.714571,6.981628,21.010906,10.505945,8.150845,2.6613991,11.898997,13.021693,10.23348,19.723192,11.672194,22.532257,29.068165,22.32509,21.583261,21.42471,16.616089,15.116573,28.066736,26.32347,19.800608,14.436433,5.897687,8.908785,14.403507,11.21325,27.272715,25.055908,14.595929,14.236683,21.154467
1068,22.340263,29.645065,24.949848,10.695428,31.616129,5.010997,21.775713,10.913813,5.8459377,2.3943534,11.893757,12.994407,10.459376,20.16691,11.02338,22.079662,31.340807,20.290304,24.506876,21.666111,18.088125,16.513685,28.38988,25.295515,21.351456,14.466172,5.621908,9.2539425,18.266197,12.318967,27.583696,25.18851,16.67396,12.439182,20.908255
1069,23.641483,30.210928,24.783508,9.168063,19.37114,6.2126856,19.77021,13.336565,10.056431,6.272252,21.854088,12.951107,12.507131,24.035656,11.854753,21.706215,30.877363,19.984957,20.238634,19.436749,10.883247,8.675905,28.92568,26.743198,26.19254,18.997574,5.4835997,11.268784,10.769323,21.45043,27.319883,25.324781,15.103152,12.708402,21.081987
1070,21.567486,30.494946,22.521599,5.0269766,12.631377,5.04208,19.193373,15.092068,9.942128,7.1760926,26.085913,12.472096,13.226991,26.008825,11.258478,20.458519,32.143993,18.439735,20.93875,17.404697,9.28626,6.2953887,28.673094,27.06902,29.202015,21.205761,5.1269035,12.372301,10.096223,28.168392,26.991056,24.837032,16.373283,11.463851,20.5127
1071,21.162514,30.453852,22.184708,4.3743706,9.833818,4.0093317,19.156717,15.854359,8.552719,7.2462115,27.34713,12.320148,13.520993,26.792105,10.276924,18.794214,32.5577,18.60658,21.631737,17.000584,9.038797,5.790925,28.592434,27.922544,29.546162,22.419327,4.181143,12.787003,9.872183,30.412369,26.93658,24.831598,17.21993,11.514023,20.661423
1072,21.863232,30.450874,22.979134,5.8965764,15.807763,5.114115,19.38511,14.259911,9.813746,6.558191,24.677816,12.25567,12.978406,25.183485,11.27007,21.026567,32.02837,18.552174,20.775824,18.183279,9.871508,7.3245587,28.765541,26.630693,28.340734,20.1999,4.951516,11.65033,10.437577,25.581121,27.08716,24.87914,15.846933,11.559732,20.442064
1073,30.549873,26.196562,30.357323,25.343351,31.17183,12.037635,20.59181,8.777868,13.480796,2.5747092,6.6126895,14.175672,8.173124,16.151962,14.83325,25.355927,23.937704,24.857512,17.861435,20.841734,17.963,16.193783,26.30805,25.422148,13.909922,10.8124075,10.200395,7.405276,12.437871,5.3385634,26.092094,23.878412,11.535604,15.284471,20.804987
1074,29.047293,27.41696,29.555279,21.345833,28.71359,8.463908,20.609247,10.051405,8.751201,2.3677723,9.881612,13.304523,9.639618,19.08334,11.566115,21.901663,27.084442,24.636412,20.365723,21.027807,16.744913,15.290228,27.405651,27.684671,17.426596,14.319799,6.1909666,8.765686,12.332646,9.76507,26.87747,24.848076,13.786138,15.92282,21.53961
1075,19.548428,23.694017,20.619385,8.830334,11.157188,29.152002,16.472666,11.946968,31.025097,25.279247,5.8521748,27.733427,8.150181,20.125084,30.964893,33.4664,7.8276544,18.72347,9.320075,20.338974,5.423933,3.363359,22.326048,16.203245,14.169708,14.05572,29.72674,20.648657,21.613642,3.627848,18.743849,24.416595,14.986801,13.289867,23.991291
1076,25.26742,28.996899,26.487705,14.262929,28.045494,7.3898864,20.418358,10.753696,9.937639,3.26915,14.559833,12.759245,10.657119,20.206667,12.261704,23.30579,29.178762,21.16724,19.986212,20.879816,14.572726,12.839597,28.168638,25.651316,21.608114,14.67015,6.2237825,8.869998,12.751071,12.735251,27.102295,24.866192,13.592473,13.5504,20.67213
1077,34.29247,24.735865,32.531807,31.088522,32.763447,18.821037,19.561573,7.5035677,21.557354,3.9820437,3.930927,15.288605,6.78566,14.983838,18.581274,29.232649,21.069403,26.09327,14.154261,19.463312,16.90973,16.071398,25.142242,24.494564,12.615901,9.490008,16.483818,6.9042816,8.695003,3.363511,25.022293,22.814123,9.125043,15.000662,20.136362
1078,21.07236,30.466219,23.46104,6.834791,27.604471,4.7367053,20.88847,11.934793,7.440417,3.962379,17.51357,12.464994,11.681477,22.305882,10.999662,22.008705,32.61496,18.575747,23.102716,20.49345,14.46602,12.753585,28.82107,25.244722,25.381464,16.505054,5.327257,9.960775,15.386228,17.299187,27.524086,25.145271,16.215574,11.277854,20.441826
1079,28.23586,27.825794,28.92429,19.804846,28.670967,8.191291,20.618248,10.207838,8.970927,2.6092393,11.010767,13.231846,9.899836,19.27937,11.76658,22.247053,27.494738,23.88872,20.18479,21.12857,16.239609,14.670714,27.63774,27.18683,18.275137,14.332939,6.128827,8.770299,12.413459,10.245447,26.98602,24.912575,13.608588,15.449222,21.399742
1080,19.907902,30.118711,22.586143,6.3263497,25.743135,4.163862,21.172737,12.155886,7.3033648,4.701538,17.466026,12.812987,11.371866,21.262915,12.004375,22.36633,31.047182,18.06166,22.77464,20.977365,15.076349,12.832832,28.4539,23.67444,23.293207,15.46986,5.5571976,9.825752,16.838085,16.537836,27.207577,24.875998,15.96843,10.851314,20.39275
1081,22.461985,29.855026,22.20784,5.2950344,15.5537195,12.757642,17.47033,13.354071,19.868773,9.222399,23.060097,14.329901,11.842702,24.199846,17.00363,26.975874,29.309023,16.71009,16.28994,15.888337,7.1334667,4.457827,27.754284,22.919,29.96332,17.869318,13.324632,12.772281,9.041187,23.932861,25.8604,23.88856,12.693852,10.545433,19.211636
1082,20.58794,30.364843,23.141068,6.99546,30.177729,5.086207,21.391256,11.352043,7.787657,3.5775492,15.075662,12.750961,10.954098,21.006683,12.005846,23.400436,32.131836,18.208664,23.584192,20.971807,16.19578,14.472134,28.64944,23.952406,24.088676,14.763365,6.3891973,9.550609,17.449306,14.999206,27.553581,24.996483,16.119263,10.973113,20.239754
1083,30.076387,25.834475,30.167023,25.720165,31.592758,11.53172,20.98717,8.657814,12.573006,2.5733688,4.8213267,14.313357,7.759654,15.567992,14.873516,25.210997,23.351091,25.017262,18.835068,21.173615,19.34861,17.773636,26.007708,24.902971,12.2824335,10.361336,10.202402,7.3829484,14.133427,4.4846764,25.930937,23.732285,12.25752,15.096487,20.879442
1084,23.728106,29.566534,25.653713,11.853408,28.55701,5.5615587,20.995865,11.284645,7.3609567,3.0514011,14.727319,12.498699,11.015051,21.215414,10.941645,21.93423,31.0058,20.785965,22.549797,21.121117,15.582402,14.194922,28.526514,26.244757,22.59013,15.859817,5.0604725,9.356907,14.607417,14.500348,27.45384,25.167566,15.655355,12.972953,20.915312
1085,20.792925,30.613482,23.348785,7.0822697,30.372147,5.172672,21.526802,11.422571,7.979226,3.6343682,15.326138,12.834756,11.067935,21.15561,12.157985,23.664196,32.325554,18.344406,23.606936,21.153364,16.20959,14.453809,28.893675,24.106884,24.29148,14.84715,6.432332,9.595164,17.444105,15.062162,27.771849,25.198774,16.114119,11.081389,20.391827
1086,19.443512,30.657145,22.45689,5.8924704,31.838442,4.5847936,22.04758,11.231232,7.0747557,3.1066058,13.732991,13.051357,10.573898,20.256956,12.342982,23.916447,32.33941,17.619709,24.528698,21.555222,17.636185,15.572813,28.703178,22.893593,23.433691,13.631226,6.6817217,9.308996,19.761145,13.749144,27.777237,25.04363,16.386831,10.480721,20.175749
1087,22.854033,29.422163,21.962322,5.48201,17.243147,17.509706,16.52878,12.338493,25.865892,10.556413,20.920195,15.546253,10.920484,22.981153,20.669626,30.948236,27.387592,15.742751,13.5762,15.183997,6.052412,3.6275806,27.184195,20.26474,30.030537,15.781385,18.497759,13.07466,8.758473,21.096733,25.16771,23.33636,10.619557,9.9829645,18.503504
1088,25.751514,28.81843,26.943565,15.261537,28.15312,7.4149165,20.54178,10.685886,9.551788,3.2398293,13.884261,12.947156,10.5358,19.940489,12.228885,23.077816,28.74637,21.702684,20.051455,21.129208,14.983763,13.227133,28.121576,25.840626,20.742142,14.535696,6.118788,8.885617,12.924016,12.014786,27.131649,24.947515,13.5791645,13.977936,20.899975
1089,24.55645,29.225742,26.254417,13.393085,28.875921,6.1037974,20.949408,10.9991665,7.7135477,2.8714569,13.742688,12.636383,10.731642,20.718277,11.171923,22.13738,30.32252,21.343027,22.135815,21.156092,15.864353,14.447033,28.345966,26.322153,21.68802,15.386659,5.3505135,9.195128,14.384189,13.421237,27.369905,25.105902,15.240558,13.4522915,20.972475
1090,21.315996,30.435991,22.2919,4.5044885,9.887272,4.156229,19.125168,15.842926,8.659418,7.277118,27.182287,12.393039,13.516113,26.85249,10.3213625,18.854057,32.514587,18.703403,21.571766,16.9463,8.967793,5.7392573,28.59809,28.013931,29.665018,22.467712,4.264578,12.918395,9.750549,30.425423,26.945839,24.867306,17.187702,11.638705,20.72075
1091,22.866152,29.64346,22.336056,5.814981,18.138517,15.291345,17.095596,12.427944,22.99268,9.698357,21.562313,14.864939,11.274549,23.169685,18.920263,29.300764,28.363766,16.199419,14.762326,15.858232,6.8263283,4.476801,27.50838,21.334288,29.65543,16.30822,15.976547,12.478876,8.867587,21.351768,25.563805,23.585192,11.270155,10.164204,18.763836
1092,21.341679,30.421185,22.246204,4.5692606,10.685239,4.6762657,19.06164,15.563406,9.474221,7.346784,26.860146,12.461424,13.370223,26.492779,10.859384,19.6254,32.265846,18.452274,21.160105,16.960026,8.969886,5.7619643,28.556356,27.48664,29.568235,21.896816,4.842881,12.730882,9.8202715,29.668877,26.89112,24.777578,16.76306,11.478175,20.548082
1093,32.508125,25.33873,31.347115,27.891272,29.97219,15.012026,19.454433,8.36279,17.28084,2.8658793,6.4273324,14.1866045,7.790288,16.134546,15.865485,26.537659,22.705305,25.388863,15.459493,19.681946,16.105713,14.640499,25.622282,25.507097,14.223599,10.893967,12.226332,7.168269,9.4117775,5.42887,25.305721,23.203388,10.191423,15.416233,20.276657
1094,29.789692,25.95901,30.022514,24.712679,30.95262,10.140364,20.771423,8.896473,10.285516,1.7512391,5.4519143,13.829595,8.163119,16.268364,13.164106,23.462639,24.445616,25.067036,19.694044,20.943909,19.096819,17.353823,26.146072,26.108643,13.33441,11.257206,8.349693,7.6908436,14.054028,5.363687,26.06697,23.956858,12.883853,15.698356,21.03058
1095,21.895758,30.55452,22.986713,5.8747244,16.361805,5.4523125,19.42797,14.150864,10.369423,6.636667,24.53823,12.369161,12.927704,25.039742,11.684425,21.60837,31.996332,18.4271,20.620626,18.247616,9.935236,7.377747,28.837837,26.374023,28.408844,19.89379,5.3817453,11.603384,10.594574,25.223492,27.146997,24.911657,15.668953,11.478184,20.408329
1096,21.17291,30.367516,22.197521,4.489884,10.342019,4.1194096,19.11362,15.669212,8.665851,7.180678,27.047323,12.285048,13.442017,26.5851,10.340461,18.95815,32.414997,18.54171,21.482924,17.04562,9.064713,5.8885374,28.52151,27.721676,29.377014,22.171928,4.2448063,12.653688,9.875654,29.91704,26.866192,24.758518,17.041533,11.472171,20.57912
1097,19.817524,30.727417,22.648281,6.1802273,31.164824,4.8963375,21.945862,11.32196,7.7894993,3.5180514,14.483962,13.062927,10.706525,20.449379,12.699769,24.26593,32.140038,17.720043,23.994677,21.515453,17.12927,15.092079,28.826963,22.936455,23.614038,13.829982,6.8480253,9.380717,19.004116,14.187182,27.829226,25.105398,16.071259,10.566135,20.235815
1098,20.303001,30.55387,23.052216,6.3918715,31.388988,4.9369597,21.436447,11.254206,7.30358,3.1349678,14.788983,12.689765,11.052343,21.136976,11.546936,23.144861,32.82706,18.051214,24.092218,20.951956,16.399248,14.700189,28.741669,24.20292,24.65127,14.812247,6.22863,9.525174,17.916567,14.776401,27.644335,25.08983,16.44161,10.849097,20.203642
1099,21.603504,30.508028,22.88443,5.8230934,18.564636,5.5411396,19.550135,13.584866,10.329889,6.0671587,23.27437,12.330748,12.638396,24.32286,11.785906,22.051344,31.966736,18.154799,20.645456,18.531807,10.556642,8.040774,28.760015,25.771498,27.950134,18.87697,5.5983076,11.145409,11.360635,23.425947,27.129179,24.838135,15.340853,11.318041,20.2101
1100,32.38416,25.790989,31.296726,27.19646,29.618826,14.815863,19.526016,8.630449,17.230762,2.894099,7.314855,14.231064,8.086545,16.557104,15.83095,26.600763,23.200987,25.287354,15.508463,19.821491,15.7749195,14.100665,25.992481,25.725662,15.001119,11.216244,11.962243,7.3478456,9.398691,5.98951,25.591635,23.502357,10.236655,15.511766,20.446661
1101,24.601406,29.313128,26.449978,13.505394,29.30858,5.7740035,21.234083,11.090431,6.858492,2.801764,13.23363,12.785933,10.736528,20.87195,10.844948,21.69025,30.649141,21.682283,23.011364,21.367453,16.530743,15.209109,28.457718,26.717894,21.461998,15.647763,5.1585684,9.383217,15.061785,13.447409,27.54606,25.289713,15.890076,13.602286,21.24244
1102,22.54647,29.176659,24.91978,12.304249,32.464844,5.9310355,22.08322,10.3141,7.5633793,2.4012039,9.921749,13.254508,9.510033,18.3209,12.898297,24.289967,29.494728,20.117617,23.616608,22.212801,19.315258,17.555737,27.967382,23.30792,18.804764,12.217948,6.970503,8.415973,19.431946,9.621195,27.352654,24.753502,15.558526,12.167868,20.540298
1103,19.656048,30.354378,22.662308,6.1800017,31.584084,4.3679194,21.762247,11.239954,6.331157,2.8953502,13.819577,12.797715,10.715585,20.595295,11.436371,22.7939,32.544247,17.91646,24.718773,21.196081,17.339016,15.4995575,28.489544,23.693228,23.623253,14.308376,6.1070337,9.364822,19.093592,14.218068,27.544168,24.930656,16.751978,10.607668,20.17056
1104,23.464043,29.89617,25.106232,10.512152,26.853907,6.4143434,20.458525,11.534258,9.475965,4.1243215,16.902592,12.664107,11.375597,21.679947,11.980852,23.023737,30.850218,19.892687,21.09151,20.62022,13.788375,12.164998,28.688587,25.50892,24.02508,16.033726,5.9614944,9.663141,13.417387,15.706759,27.367828,25.113108,14.745702,12.525762,20.641579
1105,21.059492,30.33196,22.52433,5.2524586,16.499233,4.2423835,19.548014,14.132866,8.499454,5.9124255,24.134514,12.017749,12.859387,24.829388,10.5751295,20.230206,32.303097,18.279474,21.402351,18.320963,10.508239,7.8815937,28.583044,26.476292,27.910036,19.862309,4.332486,11.318701,11.283471,25.03118,26.992916,24.742287,16.141525,11.302458,20.284727
1106,21.207094,30.215885,22.035332,4.3699703,9.60118,4.568523,18.8361,15.714256,9.280107,7.331517,27.042662,12.406729,13.364021,26.636349,10.587415,19.111727,32.187004,18.388823,21.108238,16.570456,8.674076,5.3605795,28.33999,27.622725,29.73041,22.149996,4.7275076,12.887741,9.559347,30.284126,26.69135,24.617626,16.84617,11.499309,20.449045
1107,21.125265,30.171017,23.745136,8.360691,30.85153,4.8874598,21.685404,11.200008,7.0233746,3.03445,13.843508,12.767087,10.717206,20.566616,11.7482815,23.12743,31.832472,18.930979,23.991663,21.439371,17.107674,15.439926,28.61164,24.274036,22.899973,14.488412,5.996361,9.301557,17.976093,13.881831,27.63631,25.081112,16.309332,11.451067,20.47496
1108,21.240723,30.393831,23.018505,6.273195,23.680756,5.537796,20.06443,12.436289,9.651167,5.0173593,20.070385,12.381659,12.007887,22.87389,11.885728,22.73183,31.93211,18.029924,21.275055,19.51167,12.346016,10.24733,28.696932,24.872885,26.545435,17.031672,5.9001503,10.349051,13.3646345,19.479918,27.201504,24.852726,15.200059,11.193502,20.097118
1109,21.715181,30.490248,22.51292,5.0384316,12.758509,5.6354504,19.028471,14.984163,10.807529,7.277389,25.996597,12.591545,13.155573,25.944218,11.681607,21.031912,32.013344,18.278744,20.530949,17.169945,9.033311,5.9832954,28.62765,26.831171,29.498405,20.969023,5.7137938,12.411208,9.895771,28.044924,26.931858,24.770021,16.047253,11.414599,20.387102
1110,21.84317,30.597584,22.934505,5.8699403,17.670706,5.959064,19.4439,13.789515,11.124444,6.534491,23.852953,12.470336,12.728939,24.579794,12.245973,22.488148,31.86242,18.154915,20.356411,18.366531,10.154667,7.6246443,28.84249,25.794643,28.296257,19.139845,6.0245905,11.384871,11.023183,24.106092,27.149506,24.873728,15.298146,11.337817,20.247217
1111,22.24411,30.474272,22.817719,5.8555493,16.248589,7.7136,18.862547,13.873053,13.676441,7.328129,24.281048,12.888595,12.610961,24.759064,13.468186,23.663656,31.280077,17.829683,19.174927,17.481049,9.09466,6.363663,28.614058,25.277258,29.090132,19.0885,7.8074656,11.777879,10.073712,24.877768,26.856016,24.611341,14.622468,11.143377,19.957153
1112,31.568584,26.401932,30.635464,24.910856,28.475649,15.652548,19.236794,9.089907,18.542,4.084937,9.195053,14.916185,8.544804,17.171165,16.77843,27.290869,23.29825,24.406693,14.624324,19.75164,14.265746,12.27162,26.31206,25.01354,16.491356,11.618144,13.002402,8.06672,9.10828,6.8483095,25.648512,23.774485,9.74106,15.116548,20.544851
1113,19.966496,23.863472,20.854553,9.163655,12.192037,31.020758,16.528473,11.766689,33.44137,26.296583,5.8338556,28.422165,7.8926396,19.736174,32.702686,35.123432,7.232354,18.548096,8.418081,20.37633,5.345413,3.4226959,22.398722,15.176921,14.029309,13.459474,32.007008,20.682865,21.155506,3.0763397,18.82604,24.389067,14.153425,12.81378,23.938993
1114,26.211811,27.936024,27.338943,17.454493,29.904902,7.9954085,20.837523,9.967272,9.6070385,2.8883796,10.92629,13.309395,9.650595,18.164156,12.940093,23.628414,27.121424,22.18732,20.036596,21.376768,16.841343,14.956423,27.428797,25.03979,17.829704,12.697914,6.995929,8.309324,14.27975,8.9946375,26.762426,24.549711,13.224098,14.088414,20.796383
1115,31.658802,25.514156,30.97467,27.073011,30.288757,13.117529,19.980404,8.546202,14.573075,2.3725455,5.9049582,14.023039,7.8975577,16.134771,14.802314,25.318195,23.242397,25.441011,17.026985,20.190128,17.307226,15.751282,25.810669,25.837774,13.711124,11.010233,10.655208,7.3347263,11.064286,5.3315406,25.603607,23.495491,11.179893,15.662136,20.600243
1116,21.545195,30.43594,22.515152,5.058875,12.713605,4.9086704,19.14843,15.029751,9.725135,6.9932313,26.078722,12.350803,13.216661,25.962416,11.02863,20.235231,32.19793,18.429832,20.935856,17.3966,9.260103,6.2913146,28.62084,27.104992,29.148546,21.193266,4.921715,12.237643,9.999651,28.059383,26.946043,24.778622,16.336128,11.451867,20.444979
1117,31.423876,26.141294,30.834637,25.664154,28.594917,11.585701,19.820974,9.118706,12.904824,2.2231655,8.237394,13.44581,8.724632,17.56939,13.358246,23.95809,24.475945,25.458292,17.336542,20.246077,16.056639,14.475036,26.445868,27.049425,15.63234,12.631997,8.502087,7.8132944,9.921041,7.485168,26.03651,24.020538,11.597073,16.231653,20.938763
1118,21.086206,24.10637,21.373928,9.951642,15.281537,30.54654,16.204283,10.899,33.885994,24.550537,7.0697103,26.823929,7.6646605,18.986849,31.781425,35.009068,9.371802,17.77257,8.05568,19.296204,5.4118385,3.8140595,22.511932,14.559317,15.1144,12.527687,31.875395,18.69147,18.39538,3.7666264,19.351334,23.491488,12.168666,11.678089,22.434788
1119,29.373701,26.513664,29.717026,23.11656,29.928888,9.274479,20.588774,9.352594,9.505956,1.9052572,7.47825,13.417413,8.82056,17.52064,12.272497,22.665613,25.669256,24.768084,19.972456,20.877304,17.945683,16.405302,26.611118,26.80962,15.229083,12.646452,7.205021,8.071409,13.168661,7.3800135,26.31831,24.242764,13.296937,15.72591,21.131647
1120,24.677637,28.910585,26.645355,14.344215,30.619745,6.0502,21.439447,10.703768,6.443719,2.487887,11.099245,13.174876,10.217096,19.996126,11.002893,21.684093,30.103851,21.940323,23.60492,21.522444,17.850145,16.509233,28.1,26.310005,19.926435,14.76161,5.753458,9.20623,16.492483,11.656076,27.38098,25.125954,16.104359,13.645672,21.251648
1121,22.430466,29.59389,24.967987,11.205947,31.391373,5.0919423,21.977419,10.883589,6.2298427,2.5687332,11.63048,13.0995245,10.239558,19.71387,11.645865,22.705046,30.734339,20.340166,24.247215,21.977617,18.43961,16.769718,28.37909,24.750526,20.52136,13.933042,5.8616343,9.094767,18.540163,11.808737,27.62646,25.1594,16.356731,12.466199,20.928925
1122,21.025444,30.382355,22.90799,5.9255614,21.896189,4.551162,20.105577,12.961473,8.324633,5.044367,21.12684,12.1870365,12.317469,23.461498,10.991983,21.385614,32.223297,18.266273,21.741007,19.395351,12.1285095,9.888762,28.700842,25.591105,26.699411,17.983358,4.821521,10.591634,12.986403,21.009218,27.21857,24.907362,15.7253,11.298491,20.291956
1123,21.554117,30.683134,22.9268,5.8607435,21.453533,6.349655,19.730116,12.919941,11.385158,5.8242555,21.908281,12.549198,12.305819,23.529387,12.684858,23.508488,31.941044,17.794931,20.42089,18.946424,11.163203,8.781646,28.882586,24.88638,27.718063,17.577635,6.6671543,10.76261,12.288365,21.258348,27.262537,24.886402,14.80613,11.127283,20.039488
1124,20.004822,30.070963,23.241257,7.9484277,32.98997,4.206394,22.464155,10.862476,5.394066,2.1961975,11.242649,13.219021,10.05766,19.206263,11.782987,23.04719,31.474663,18.68902,25.198603,22.19957,19.31981,17.181469,28.369452,23.171034,20.960247,12.875231,6.101572,8.898838,20.932083,11.380743,27.707,25.038397,16.66547,11.155806,20.50738
1125,21.804264,30.544838,22.660225,5.3072686,14.070711,5.7529736,19.130478,14.661175,10.970009,7.075486,25.537903,12.531879,13.059795,25.594229,11.843247,21.46881,31.996468,18.247679,20.430922,17.5021,9.28261,6.3767753,28.709301,26.562815,29.206945,20.492397,5.7897816,12.088416,10.10968,27.007198,27.00511,24.7998,15.8051405,11.3838,20.336401
1126,20.218584,23.84251,20.935059,9.357015,13.026298,30.761763,16.393883,11.4743595,33.375275,25.801634,6.106567,27.911993,7.793967,19.474028,32.318295,34.907604,7.8134704,18.277853,8.364276,20.017801,5.374477,3.5748453,22.35024,14.957579,14.2184305,13.17741,31.868902,20.082525,20.40386,3.235843,18.909615,24.05344,13.60683,12.4644,23.448717
1127,21.287134,30.342789,22.197395,4.5411158,10.477265,4.5785007,19.009302,15.579168,9.309391,7.303866,26.857956,12.413178,13.365126,26.503588,10.718432,19.42292,32.238186,18.44793,21.176592,16.895725,8.922874,5.7170157,28.484343,27.522379,29.533346,21.96008,4.722911,12.733761,9.772272,29.75216,26.823841,24.723995,16.80165,11.477496,20.519028
1128,27.504353,28.173826,28.467731,18.467737,28.704527,7.459794,20.781815,10.451939,8.108555,2.6095836,11.469437,13.113481,10.130717,19.778849,11.324406,21.809408,28.318235,23.569853,21.007318,21.233316,16.337809,14.875873,27.879457,27.336176,19.037725,14.84735,5.6674147,9.019468,12.963279,11.102921,27.177578,25.080074,14.270196,15.248051,21.475132
1129,19.718382,30.477728,22.78181,6.2338176,32.072792,4.3745756,21.878595,11.214235,6.255921,2.7474215,13.670689,12.843777,10.736922,20.587246,11.416912,22.864946,32.723763,18.003387,24.883331,21.317852,17.553476,15.677223,28.60136,23.811832,23.661152,14.241577,6.109274,9.333161,19.31975,13.9917,27.667387,25.04375,16.823133,10.67069,20.247263
1130,20.886122,30.67008,22.042171,3.7645617,7.9179273,2.9482503,19.281794,16.532959,7.2231326,7.0342593,28.624294,12.095391,13.892218,27.598534,9.291302,17.450792,33.373894,18.825294,22.458809,16.896578,8.930428,5.4950128,28.757526,28.892199,30.101068,23.54703,3.1351552,13.017295,9.818568,32.31188,27.099052,24.990692,18.099676,11.578767,20.860497
1131,22.028759,30.35467,22.633644,5.606772,14.884997,7.1157455,18.80314,14.191597,12.894639,7.3093038,24.715582,12.779856,12.731438,25.055923,12.941549,22.858442,31.29962,17.907408,19.437992,17.254015,8.969395,6.0978565,28.49698,25.645292,29.155025,19.598375,7.1854944,11.977668,9.949048,25.839691,26.756193,24.5668,14.980109,11.2162895,20.016638
1132,21.50904,30.545849,23.254013,6.610512,26.485687,6.807266,20.171497,11.795177,11.109689,4.974552,18.704609,12.74044,11.646718,22.196407,12.951682,24.303108,31.851568,17.799763,20.954573,19.785936,12.844214,10.924474,28.797108,24.099026,26.405521,15.881183,7.3532543,10.07419,14.02572,17.483637,27.317438,24.893026,14.658568,11.029552,19.954718
1133,22.259657,30.202044,23.073772,6.3246427,15.937914,6.039518,19.027344,13.980022,10.902229,6.6504016,24.287842,12.425452,12.771169,24.916893,11.730141,21.537224,31.49158,18.459549,19.926369,17.726795,9.441136,6.7743034,28.521275,26.299404,28.449984,19.745834,5.7173443,11.658692,9.732312,25.118488,26.874403,24.677164,15.097139,11.651944,20.236963
1134,22.450514,30.903162,23.408497,6.5619345,23.520086,9.012937,19.520538,12.322754,14.955291,6.495821,21.209341,13.183777,11.98,23.071062,14.765122,26.127144,31.490873,17.553265,19.057798,18.902704,10.73842,8.547762,29.036102,23.818752,28.09641,16.517513,9.376993,10.665585,11.877559,19.708773,27.331167,24.874014,13.599821,10.877286,19.814276
1135,21.404667,30.29589,23.813152,7.730559,29.133924,4.901014,21.088535,11.584324,7.2457657,3.5535705,16.04646,12.485096,11.369065,21.838465,11.044437,22.25932,32.471294,18.910353,23.478647,20.753584,15.3300295,13.84481,28.741587,25.251276,24.678818,16.021395,5.47635,9.754697,15.964637,16.11934,27.54565,25.132765,16.343761,11.480272,20.48499
1136,20.636444,30.479322,22.562664,5.268154,20.990929,4.2336373,20.082354,13.2021675,8.183683,5.071588,21.768759,12.103426,12.440413,23.656128,10.887656,21.193565,32.41938,18.028582,21.829834,19.243523,11.967497,9.536095,28.718307,25.584225,27.010958,18.167625,4.64244,10.666458,13.071566,21.724339,27.220385,24.887388,15.853745,11.150018,20.229078
1137,21.1519,30.36454,22.183578,4.4266286,9.817467,3.9303968,19.10826,15.818842,8.3829975,7.1673217,27.27428,12.260068,13.505261,26.760582,10.12276,18.609173,32.512157,18.623812,21.615276,16.971102,9.004774,5.7837524,28.518797,27.947687,29.466236,22.436604,4.0414248,12.744557,9.7824135,30.356749,26.869612,24.776142,17.204891,11.522896,20.63042
1138,31.380161,25.812252,30.833656,26.21253,29.370693,11.908328,19.947266,8.8858795,13.0456915,2.094748,6.922584,13.658197,8.337094,16.888521,13.712226,24.245806,24.004261,25.485258,17.57812,20.275175,16.89881,15.309886,26.116987,26.610699,14.582928,11.927956,9.131267,7.6052794,10.86036,6.418354,25.825214,23.790178,11.692571,16.02934,20.81935
1139,29.265892,27.04947,29.515102,21.961554,28.687109,9.459918,20.265787,9.710642,10.40733,2.5517323,9.833661,13.367707,9.382578,18.336592,12.462886,22.914421,26.018501,24.312609,18.934187,20.813173,16.202276,14.56425,27.033367,26.780499,16.850956,13.398567,7.0451775,8.306776,11.663888,8.739229,26.481188,24.457102,12.657971,15.610797,21.136925
1140,28.792046,27.74259,29.360817,20.370216,28.094934,8.015167,20.482138,10.329258,8.370609,2.4703622,11.174561,13.05406,10.026744,19.882666,11.003963,21.329592,27.84991,24.448189,20.453716,20.919796,15.948257,14.62917,27.670746,28.11677,18.680914,15.2191515,5.588623,8.977737,11.542607,11.148768,27.018791,24.993383,13.95241,15.880529,21.580112
1141,22.471512,30.144863,22.370514,5.3246846,15.648952,11.949444,17.825108,13.545076,18.980633,8.976453,23.367746,14.171655,12.042358,24.444004,16.566032,26.647701,29.79749,16.970266,16.915,16.26557,7.5354304,4.830209,28.072296,23.399578,29.990038,18.170044,12.499243,12.722522,9.397086,24.273584,26.183624,24.15937,13.15795,10.688703,19.456095
1142,21.664623,30.461311,23.46492,6.7804074,22.975231,5.0643682,20.193491,12.725117,8.799811,5.0704927,20.609495,12.35228,12.249835,23.327503,11.314843,21.904991,32.100243,18.622519,21.539762,19.698248,12.241802,10.187789,28.87235,25.666807,26.51173,17.78556,5.1377335,10.530718,12.851595,20.180145,27.375189,25.078733,15.497298,11.582578,20.4569
1143,20.619745,30.364946,23.089626,6.312687,27.020672,4.3591156,20.86525,12.065819,6.968825,3.9248142,17.644274,12.408953,11.681469,22.309647,10.761319,21.578566,32.640793,18.367445,23.31717,20.313082,14.531299,12.677966,28.668747,25.190744,25.367386,16.557365,5.1326313,10.0203285,15.617925,17.690744,27.407928,25.026443,16.41044,11.120844,20.356565
1144,22.002163,30.54323,22.832657,5.641218,15.152785,6.1926537,19.130379,14.3494625,11.535276,7.0407896,25.002682,12.600314,12.934158,25.275368,12.225157,22.100515,31.803207,18.21961,20.137476,17.675089,9.368118,6.5775967,28.73145,26.234402,29.011347,20.018822,6.175414,11.908384,10.188545,26.057104,27.010193,24.801397,15.467368,11.383034,20.282757
1145,21.137306,30.554993,23.211319,6.550526,27.784967,6.184998,20.5142,11.636194,9.996804,4.4802547,17.729177,12.685244,11.526385,21.910913,12.513735,23.931587,32.093082,17.878498,21.7805,20.207401,13.758295,11.931622,28.804499,24.114584,25.825626,15.61342,6.9078064,9.863264,15.119462,16.633467,27.392405,24.9677,15.163227,10.968394,20.038727
1146,19.979542,30.531847,22.945793,6.3224835,31.839012,4.532849,21.733446,11.2619095,6.52943,2.8776915,14.138611,12.7759075,10.899793,20.880672,11.362151,22.858192,32.857685,18.092804,24.686949,21.19643,17.13417,15.352663,28.685186,24.101042,24.081657,14.582491,6.0668125,9.426823,18.777136,14.386206,27.68431,25.097256,16.782215,10.759608,20.275497
1147,21.30215,30.529236,22.250214,4.3829975,9.522204,4.1858726,19.135082,15.961367,8.786207,7.3250012,27.469366,12.426225,13.56051,26.963757,10.382353,18.8847,32.623493,18.675303,21.600561,16.885878,8.921564,5.5998173,28.655102,28.070772,29.82592,22.556211,4.3520226,12.960856,9.76821,30.738375,26.99652,24.902128,17.246853,11.613731,20.727083
1148,29.197365,27.28956,29.384853,21.331728,26.817097,9.379596,20.069525,10.072361,10.706599,3.4822764,11.93498,13.728067,9.833762,18.444803,12.903808,22.83518,25.357653,24.06676,17.528244,21.024107,14.80269,12.614942,27.282625,26.43693,17.09458,13.504019,6.762577,8.623994,10.540518,9.019899,26.593613,24.68781,11.567721,15.889049,21.359535
1149,21.837652,30.240843,22.539848,5.4770727,14.396161,6.4273996,18.813128,14.314489,11.864172,7.1398168,24.978462,12.578985,12.813902,25.15807,12.294768,22.02508,31.419834,17.968256,19.754398,17.22576,9.033955,6.144151,28.404512,25.949415,29.000282,19.907625,6.429079,11.945203,9.892573,26.228662,26.696375,24.518162,15.236122,11.255339,20.039722
1150,29.627005,26.964924,29.844704,22.425209,28.559181,8.982334,20.286009,9.78124,9.330859,2.1462026,9.497846,13.1368,9.417168,18.790157,11.560574,21.920029,26.54828,24.848534,19.675997,20.662363,16.456436,15.054621,27.05495,27.727947,17.06335,14.086804,6.375594,8.483965,11.433389,9.404068,26.571457,24.549606,13.276638,16.046951,21.312279
1151,20.117937,30.649347,22.61235,5.829251,29.787107,5.7068777,21.18187,11.412046,9.185741,4.0941577,16.013523,12.915465,11.05469,21.08152,12.826207,24.362127,32.180313,17.432877,22.906916,20.735462,15.476251,13.548193,28.74157,23.18174,24.892015,14.511656,7.2689304,9.620579,17.367702,15.334425,27.527723,24.935587,15.61844,10.477903,19.974764
1152,33.76167,24.544027,31.989151,30.21267,31.684408,18.591322,19.120476,7.5474215,21.449272,3.6875327,4.309594,14.993608,6.8458176,15.106202,18.204159,28.86124,21.068453,25.65026,13.828124,19.021753,16.212397,15.224603,24.892025,24.40311,13.190218,9.606125,16.12106,6.9371758,8.367584,3.8054783,24.703844,22.587894,9.02734,14.923446,19.853743
1153,27.242659,27.80884,26.975277,16.081926,24.034233,14.0712805,18.294624,10.396389,18.249365,6.5081677,14.3985195,14.895578,9.976978,19.69856,16.708473,26.72504,25.117289,20.95847,14.666142,18.886461,10.726807,8.577224,27.011578,23.320162,21.507372,13.744001,12.527546,10.143633,9.371096,11.740938,25.67121,24.061424,10.29509,13.607931,20.178467
1154,26.895115,28.737381,27.963837,16.697212,27.345444,7.1157446,20.58812,10.945642,8.370604,3.266039,13.929603,12.96061,10.752151,20.733408,11.224033,21.693111,28.984142,22.945002,20.61457,21.184216,14.915238,13.453046,28.278622,27.325615,20.632929,15.832847,5.2389803,9.288354,12.011143,12.931677,27.319529,25.257776,14.188559,14.826218,21.472607
1155,27.053938,28.135813,28.29729,18.29196,30.20252,7.4663672,21.161167,10.284277,7.7490897,2.3534396,9.936096,13.382188,9.79516,19.292353,11.5056925,22.071173,28.495047,23.441322,22.149515,21.403978,17.748896,16.360113,27.738117,26.929998,18.24739,14.2643795,6.2732353,8.889696,14.848262,10.188621,27.162992,24.995926,15.002429,14.792623,21.43546
1156,20.905718,30.442112,23.125774,6.494422,27.507189,5.4932795,20.631691,11.76096,8.921802,4.276506,17.538807,12.566014,11.545811,21.9854,11.93171,23.170218,32.191795,18.030436,22.338833,20.27076,14.080491,12.28468,28.725286,24.419146,25.562408,15.888696,6.2561398,9.911133,15.424414,16.902493,27.357746,24.963833,15.64525,11.024526,20.133665
1157,18.657215,30.105074,22.200169,7.8710732,34.015,4.6964993,23.638626,10.496389,6.994835,2.8041697,8.908171,14.331548,8.843386,16.484026,15.006029,26.403913,29.068346,17.647839,24.775444,23.643457,21.795149,18.679016,28.138123,19.276007,17.19034,9.2471,8.235287,8.0975685,24.831093,7.648668,27.786333,24.78329,15.499609,10.149365,20.284927
1158,24.418148,29.37466,26.44609,13.282443,29.816011,5.5934305,21.404665,11.1047325,6.304881,2.7288377,12.852258,12.929759,10.714536,20.899141,10.623982,21.378391,30.914154,21.72403,23.622206,21.473585,16.988737,15.703406,28.476624,26.777027,21.317392,15.714173,5.160555,9.427364,15.668392,13.335592,27.605066,25.345987,16.294054,13.498871,21.341156
1159,21.388208,30.415285,22.423302,4.84511,11.596402,4.417882,19.19773,15.372435,9.016179,7.10946,26.524044,12.33317,13.351962,26.303797,10.630357,19.514074,32.307785,18.582779,21.303457,17.31246,9.241299,6.201188,28.607197,27.49608,29.187473,21.753637,4.470237,12.481784,9.964191,28.990406,26.94573,24.82085,16.76202,11.515776,20.593363
1160,30.362476,26.185415,30.178108,24.508558,29.108627,10.80129,20.082468,9.139727,11.874828,2.195757,7.8624225,13.527382,8.676354,17.186224,13.255217,23.723345,24.547926,24.925034,18.012424,20.514414,16.752796,15.036533,26.369108,26.446299,15.138112,12.198075,8.231625,7.7898264,11.389637,6.965294,26.003813,23.973417,11.93435,15.832906,20.884148
1161,31.937273,25.242523,31.120571,27.536022,29.750916,12.930273,19.764147,8.513937,14.166769,2.1376016,5.8418202,13.774007,7.8858356,16.225042,14.314549,24.793737,23.132133,25.684938,16.972622,20.00833,17.100445,15.6251745,25.645016,26.240053,13.651339,11.286692,10.144122,7.320622,10.540013,5.5049214,25.448566,23.396149,11.2395935,15.943983,20.572327
1162,20.836962,30.524204,23.223469,6.6127543,28.98251,5.3821564,20.927143,11.563847,8.489779,3.9381053,16.613813,12.622627,11.40016,21.707714,11.885701,23.305016,32.387394,18.113409,22.867704,20.604895,14.837217,13.132603,28.799358,24.365509,25.247608,15.535159,6.2598276,9.775353,16.195292,16.074278,27.503368,25.060556,15.86247,11.030714,20.207043
1163,18.987673,31.108292,22.049484,5.4560685,32.234226,5.147407,22.598118,11.20426,8.615121,3.6959958,13.631958,13.6570425,10.270592,19.45295,14.196491,26.004803,31.666262,17.039389,24.081415,22.170864,18.311502,15.728673,28.971413,21.249008,22.664246,12.208914,8.0170145,9.112194,21.07354,12.725012,28.098623,25.174074,15.678268,10.0244875,20.16948
1164,22.30871,30.22539,23.980469,8.08163,21.67389,5.492763,20.186655,12.871515,9.419907,5.866062,20.862907,12.717778,12.239709,23.036005,12.046219,22.240993,30.914484,19.143557,20.831356,20.079088,12.0727415,9.97138,28.820082,25.51477,25.237404,17.753225,5.411438,10.57922,12.6315155,19.684969,27.253355,25.12392,15.212101,11.90571,20.73674
1165,22.024454,30.586048,22.973385,5.517733,13.067077,5.0050325,19.280666,15.07729,9.616778,6.988842,25.967148,12.49331,13.315748,26.210966,10.948619,20.196777,32.35389,18.860514,21.045742,17.54577,9.291692,6.3676972,28.831509,27.567074,29.330864,21.462206,4.81773,12.434319,9.765077,28.12379,27.16506,25.027714,16.394386,11.793473,20.734056
1166,19.359425,23.68823,20.444683,8.632543,11.013932,29.692606,16.509407,11.96118,31.67209,25.889593,5.7478476,28.087383,8.065272,20.07708,31.601896,33.932526,7.363169,18.610538,9.095723,20.42549,5.3745446,3.3175764,22.29099,15.852127,13.973137,13.9364805,30.430649,20.864714,21.85741,3.4281135,18.662834,24.459105,14.976999,13.1907015,24.083107
1167,19.212177,23.761002,20.431046,8.384787,9.797121,31.194326,16.585836,12.391935,33.140575,26.979122,5.2703424,29.236025,8.164824,20.454327,33.004055,35.107845,6.2147675,18.991034,8.605641,20.800364,5.0320425,2.7893085,22.375692,15.878091,13.9582405,14.172007,31.811272,22.026705,22.727312,3.04337,18.504671,24.99083,15.452856,13.648271,24.8414
1168,27.79155,28.0588,28.680862,18.872576,28.51222,7.525829,20.692846,10.438801,8.029674,2.5516016,11.36574,13.060246,10.118523,19.905352,11.1094055,21.544195,28.304379,23.808025,21.021675,21.120304,16.25525,14.896724,27.820559,27.613731,19.014986,15.079931,5.5723114,9.043036,12.62966,11.267961,27.125288,25.053493,14.336175,15.392836,21.508354
1169,22.149073,30.465908,23.009106,6.214861,18.521395,7.1360793,19.166428,13.371056,12.730722,6.7645564,23.33015,12.648226,12.481526,24.155136,13.125756,23.605766,31.38601,17.897856,19.501589,18.20635,9.831649,7.418259,28.704798,25.099037,28.281075,18.458677,7.182929,11.234726,10.72358,23.116257,26.973503,24.686876,14.565533,11.198506,19.97712
1170,21.159237,30.357748,23.122002,6.5050797,25.298075,5.495843,20.294239,12.1334915,9.250694,4.7212358,18.93568,12.447502,11.803578,22.484072,11.850545,22.82836,31.969711,18.099493,21.71974,19.857979,13.0779705,11.159849,28.6808,24.71929,26.018627,16.588322,5.980544,10.160866,14.168203,18.33939,27.239655,24.886528,15.399385,11.161011,20.132515
1171,21.003214,30.427929,22.167603,4.2549877,8.95325,3.1835186,19.238308,16.14222,7.3391895,7.021565,27.785168,12.105887,13.6838045,27.123777,9.458742,17.692286,32.883415,18.845507,22.16396,17.043287,9.096821,5.8431754,28.596462,28.498682,29.487997,23.040958,3.280764,12.825853,9.823471,31.18216,26.959364,24.874973,17.727507,11.608586,20.791792
1172,27.12876,28.49755,28.286259,17.510647,28.587435,6.943692,20.864975,10.729235,7.472928,2.629552,12.199138,12.964854,10.422558,20.502426,10.74992,21.251608,29.233377,23.447298,21.740416,21.19882,16.203417,14.938863,28.109568,27.776163,19.949661,15.679124,5.2353992,9.210581,12.970646,12.346222,27.335165,25.222061,14.938012,15.004014,21.5668
1173,21.2515,30.5679,22.257648,4.25691,9.144534,3.886027,19.190828,16.137026,8.349988,7.3099775,27.63949,12.39922,13.664187,27.208836,10.112643,18.530857,32.813194,18.794512,21.882555,16.89995,8.919881,5.6128254,28.703505,28.372946,29.97428,22.912777,4.0354795,13.115949,9.798117,31.21414,27.04225,24.974062,17.548162,11.686226,20.84187
1174,20.7292,30.373169,23.23368,6.6207757,28.17416,4.6846333,20.961061,11.799892,7.3095546,3.874099,16.883106,12.501564,11.519837,21.985256,11.113863,22.15516,32.507584,18.377243,23.319147,20.570297,14.871905,13.188941,28.698854,24.894468,25.052467,16.130798,5.494293,9.882677,16.048254,16.751202,27.434975,25.049458,16.325638,11.112321,20.347446
1175,24.5929,29.37738,26.461884,13.340772,28.908186,5.6091347,21.191849,11.192596,6.7352757,2.919324,13.873574,12.746413,10.902152,21.052628,10.692887,21.445845,30.704847,21.679897,22.821592,21.393415,16.162277,14.800081,28.524416,26.83136,21.661291,15.892785,4.8882074,9.397028,14.618577,13.794762,27.570763,25.3331,15.765435,13.615429,21.291206
1176,21.431322,30.600296,22.358421,4.4967737,9.907398,4.378065,19.170355,15.895927,9.045033,7.3533463,27.387987,12.486507,13.554154,26.930191,10.554242,19.165333,32.62674,18.698078,21.517487,16.95255,8.940806,5.6391783,28.724424,28.022013,29.874294,22.453424,4.518512,12.941565,9.75271,30.539013,27.059082,24.95368,17.139156,11.630297,20.752018
1177,20.086256,23.901186,20.967968,9.338018,12.58039,31.013788,16.605392,11.706774,33.40217,26.349154,5.8585463,28.427969,7.870835,19.68305,32.689915,35.093292,7.313832,18.576574,8.47905,20.451399,5.4495754,3.5847945,22.429613,15.159118,13.904653,13.43092,32.032818,20.55099,21.102987,2.9848793,18.884867,24.375849,14.097085,12.74084,23.9232
1178,21.395847,30.52499,23.186375,6.47154,25.499626,6.2017536,20.196001,12.073265,10.353434,4.926869,19.18096,12.589804,11.801758,22.516844,12.430703,23.60267,32.004948,17.94192,21.272009,19.71554,12.772642,10.80531,28.792442,24.507364,26.485817,16.40746,6.690486,10.193912,13.874948,18.343304,27.317364,24.914608,15.016242,11.097511,20.050993
1179,20.984333,30.622768,22.87046,5.791235,20.77697,4.764569,20.293919,13.347963,8.95205,5.8008933,21.614893,12.600005,12.432553,23.59128,11.825737,22.053415,31.940042,18.29645,21.772745,19.609177,12.211893,9.793391,28.920506,25.413479,26.531954,18.089136,5.3589144,10.97301,13.641277,21.440367,27.366697,25.122816,15.989826,11.326722,20.549778
1180,28.093525,27.552427,28.80679,20.108223,29.14597,8.241033,20.699183,9.998621,8.946773,2.458639,10.19046,13.319958,9.626745,18.632292,12.017429,22.451796,27.005514,23.810097,20.143072,21.173761,16.788801,15.083334,27.379887,26.765331,17.443747,13.615822,6.386835,8.566822,13.0079775,9.296598,26.830631,24.732262,13.457658,15.364962,21.277042
1181,21.8245,30.29655,23.712734,8.350924,28.530413,7.411292,20.83467,11.228657,11.727816,5.2003226,16.810358,13.37045,10.975185,20.469584,14.40493,25.670952,30.192732,18.11572,20.438189,20.970486,14.314908,12.281228,28.676985,22.644672,23.579552,13.985694,8.317027,9.365618,15.240402,14.230636,27.364046,24.868004,13.76687,10.995235,20.112549
1182,21.00749,30.39341,23.211311,6.718222,27.865784,5.6186843,20.632706,11.634003,9.032703,4.27893,17.256458,12.604398,11.478405,21.807062,12.064885,23.346102,32.008583,18.067598,22.198765,20.367632,14.1397,12.377701,28.710165,24.289618,25.3581,15.677626,6.339982,9.860577,15.44647,16.443504,27.347694,24.96124,15.478117,11.105007,20.136967
1183,28.025972,27.815937,28.926975,19.870872,29.784658,8.040809,20.989134,10.1292305,8.39182,2.330184,9.692393,13.409043,9.660798,19.03113,11.739495,22.270777,27.75321,24.013891,21.31753,21.311401,17.493065,16.02819,27.594326,27.177021,17.676594,14.060876,6.4054327,8.770767,13.922396,9.691526,27.061728,24.941051,14.400342,15.305039,21.488632
1184,21.500874,30.395046,22.364716,4.86102,12.052118,5.1853194,19.025967,15.150589,10.172411,7.254051,26.240711,12.485196,13.206507,26.061686,11.296872,20.412891,32.046593,18.308388,20.762486,17.109016,9.043338,5.9608536,28.541574,27.011023,29.38549,21.253717,5.2926416,12.45895,9.886828,28.515732,26.86317,24.718626,16.295122,11.403102,20.404543
1185,21.970291,30.361382,22.744595,5.7424445,15.610487,6.424376,18.981369,14.077227,11.848094,6.9290633,24.594254,12.530228,12.771371,24.940893,12.363084,22.335762,31.539032,18.041183,19.803675,17.590439,9.318681,6.5781126,28.564514,25.872982,28.8158,19.594234,6.387101,11.719889,10.1078005,25.419033,26.85334,24.631842,15.12259,11.309947,20.08284
1186,22.191746,30.51277,23.311928,6.7765126,24.16213,8.422926,19.508081,12.034836,13.846855,6.0576925,20.330343,12.962673,11.788652,22.622623,14.163798,25.416262,31.209402,17.587343,19.259514,19.018795,11.132573,9.066032,28.735182,23.739004,27.324705,16.209436,8.725583,10.410349,12.135668,18.815039,27.102392,24.688576,13.642915,10.935359,19.725262
1187,26.442163,28.707403,27.814423,16.556274,28.787445,6.604867,21.073689,10.838518,7.2265763,2.7442176,12.257698,13.06108,10.459779,20.41683,10.951075,21.467121,29.411482,23.038752,22.123566,21.386938,16.53809,15.151733,28.212248,27.39044,20.001337,15.463626,5.2884893,9.304321,13.895488,12.307246,27.432253,25.291729,15.19655,14.719334,21.564528
1188,21.464323,30.627272,23.463448,6.635595,23.447096,4.795204,20.449461,12.752075,8.449841,5.015582,20.406582,12.420943,12.276433,23.250784,11.340501,21.976074,32.240864,18.655596,21.92973,20.058155,12.678932,10.612982,29.020098,25.617397,26.250229,17.676512,5.0161667,10.49089,13.572603,19.82207,27.518053,25.228844,15.763172,11.555794,20.588352
1189,20.32937,24.107244,20.944397,9.124819,12.957823,30.543386,16.373034,11.531029,33.420307,25.468544,6.4939656,27.679148,7.9204288,19.72669,32.15197,34.988068,8.46212,18.197817,8.523729,19.815964,5.299609,3.4219787,22.588783,15.180819,14.926268,13.258677,31.69449,20.072887,20.27265,3.8047605,19.156338,24.137024,13.599739,12.524959,23.363977
1190,27.609907,27.29102,26.904995,18.550812,31.596897,21.144762,19.360281,8.392963,26.831568,12.796466,12.04258,18.413866,7.768966,15.890051,24.375114,32.802944,20.484903,19.261019,11.79942,20.227596,12.5028,11.460641,25.961525,17.122974,15.747782,9.275605,22.5216,8.464228,10.584834,5.3368945,24.896578,22.799934,7.4333024,9.955118,19.305145
1191,30.360315,26.080898,30.257973,25.091421,30.200006,10.998242,20.47036,8.947159,11.99127,2.2126298,6.909539,13.878843,8.362122,16.388594,13.852167,24.219494,24.073317,24.98842,18.16967,20.833595,17.774136,15.8996935,26.263706,25.945486,13.9540205,11.282916,8.867333,7.528125,12.3588915,5.721859,26.040659,23.928282,11.818885,15.681061,20.91236
1192,28.165182,28.615984,29.337498,19.18232,29.905113,7.4054427,21.40025,10.659971,7.290441,2.4224646,10.791462,13.553319,10.221126,20.262457,10.959332,21.42476,29.265676,24.455082,22.542206,21.67152,17.50443,16.208326,28.32461,28.336988,18.94407,15.466802,5.7560015,9.233583,13.931592,11.298768,27.711842,25.572525,15.362723,15.509576,22.077044
1193,32.71411,26.22222,31.901733,27.494,29.269083,13.3483515,20.120573,9.021229,14.956364,3.154111,8.786918,14.741162,8.64342,16.61145,15.091299,25.120493,23.167969,25.968885,15.35726,20.644949,15.749567,13.365359,26.537104,26.548754,14.490731,11.428941,10.343839,7.6019735,8.931788,5.7991056,26.245438,24.213884,9.686809,16.477358,21.280834
1194,21.636929,30.36642,22.710941,5.490226,14.343901,4.917731,19.240467,14.588558,9.620704,6.700619,25.297724,12.234798,13.070342,25.486979,11.041963,20.510258,32.06397,18.461039,20.846455,17.810059,9.578893,6.859373,28.626526,26.8184,28.609768,20.646349,4.822028,11.853574,10.219985,26.667414,26.951218,24.767618,16.07503,11.467908,20.393871
1195,21.280079,30.437593,22.290249,4.5154676,9.973496,4.0724,19.160212,15.829741,8.556366,7.250804,27.198017,12.357861,13.518052,26.812674,10.279026,18.811956,32.51745,18.704643,21.608664,17.01468,9.029359,5.8182282,28.60221,27.993282,29.5609,22.447193,4.1810646,12.8498535,9.788887,30.352058,26.950232,24.864508,17.198902,11.60502,20.71886
1196,20.68175,30.424982,22.902634,5.9195623,24.684963,4.4073915,20.52299,12.494558,7.620817,4.421709,19.365849,12.279772,11.993964,22.8551,10.873419,21.535746,32.547928,18.205915,22.624044,19.867268,13.421017,11.356917,28.697117,25.307777,26.09088,17.19156,5.000967,10.252809,14.474067,19.30409,27.33052,24.959455,16.095871,11.105107,20.278912
1197,21.815325,30.552635,22.689648,5.2830825,13.519289,5.4675193,19.145811,14.832851,10.513923,7.011501,25.801748,12.481466,13.148389,25.814007,11.50287,20.984444,32.15051,18.391819,20.632576,17.448544,9.244072,6.2869854,28.724762,26.890423,29.294575,20.83086,5.4473114,12.178553,9.987877,27.503342,27.035011,24.839142,16.011526,11.479616,20.418333
1198,22.162346,27.621107,23.324234,13.685146,31.11087,16.7426,21.474419,8.871286,21.999908,14.902645,11.281798,19.119606,7.245487,14.372566,24.973616,32.02367,18.7555,17.008072,14.447353,23.166962,15.4635935,14.006923,25.865847,13.104809,11.327745,7.691563,20.6378,8.212249,17.114452,3.5535235,24.887913,22.818146,9.203529,7.966807,19.627275
1199,23.467815,29.338932,25.707233,12.281792,30.464846,5.380955,21.509552,10.956575,6.213575,2.619444,12.184966,12.926533,10.499048,20.38089,10.94293,21.81162,30.818083,21.050888,23.901564,21.52808,17.54129,16.152004,28.316969,25.94017,21.040743,14.974272,5.444524,9.3245735,16.916239,12.652942,27.483473,25.175917,16.402338,13.042994,21.076448
1200,21.213652,30.523144,22.882973,6.0073466,24.596243,6.4965315,19.990469,12.194216,11.053732,5.249196,19.772825,12.639529,11.838743,22.579786,12.810656,23.916712,31.866192,17.602776,20.851244,19.407192,12.315925,10.191401,28.722082,24.208961,26.818098,16.382896,7.1037817,10.308441,13.645706,18.834463,27.206728,24.79555,14.771902,10.92323,19.888563
1201,20.556787,30.216705,23.105087,6.4978995,27.858644,4.3466907,20.91402,11.843189,6.689158,3.6991062,16.873178,12.406001,11.506768,22.018648,10.658443,21.500328,32.55469,18.386665,23.499662,20.403002,14.90763,13.163946,28.544878,25.076406,24.987885,16.26304,5.164688,9.884868,15.966144,16.98998,27.331568,24.955505,16.475641,11.095818,20.311592
1202,31.903183,25.925798,30.738419,25.67471,29.46156,17.849545,19.04622,8.613506,20.940765,5.620094,8.719486,15.977617,8.052634,16.219494,18.57495,28.403683,21.75469,24.086363,13.03111,19.52954,13.873946,12.017364,25.764532,23.564383,15.346262,10.5724535,15.731024,8.001915,8.383746,5.400546,25.182598,23.317577,8.381127,14.488081,20.284098
1203,21.374285,30.399107,22.321339,4.718922,11.340029,4.674787,19.086641,15.385103,9.436621,7.2048507,26.594336,12.392187,13.323711,26.313166,10.834921,19.735422,32.24308,18.44567,21.123352,17.113914,9.076098,5.9629126,28.554447,27.369509,29.380314,21.689505,4.77579,12.54788,9.892504,29.13438,26.88678,24.758684,16.653608,11.456185,20.506176
1204,28.426823,26.685068,27.83464,20.061983,28.710218,16.066477,18.981798,8.96352,20.21026,7.3103724,11.267,15.6583395,8.507564,16.661924,18.896612,28.58379,22.652996,21.18243,13.921699,19.577902,13.2500305,11.562498,25.999481,21.239832,16.759409,10.704177,15.389172,8.29814,10.292175,7.0137506,25.12267,23.068678,9.033278,12.524255,19.573744
1205,20.750849,30.308014,21.98563,4.1946526,9.434526,2.9977844,19.244892,15.936838,7.1506553,6.913593,27.6564,11.945602,13.580317,26.761106,9.407974,17.655277,32.733555,18.63375,22.092726,17.160099,9.270586,6.067047,28.477737,28.137465,29.042542,22.666948,3.1669874,12.495155,9.958913,30.598616,26.856562,24.725393,17.549273,11.403229,20.616194
1206,21.501534,30.465673,22.548618,5.1094885,12.997408,4.6969466,19.247978,14.993006,9.431025,6.904275,26.05606,12.281987,13.224613,25.895794,10.905155,20.116432,32.260384,18.474203,21.065638,17.578957,9.425892,6.507695,28.668304,27.122904,28.95645,21.158861,4.711993,12.11619,10.114736,27.858671,26.99719,24.8138,16.388142,11.444925,20.475338
1207,22.763327,30.426716,24.033413,8.035596,24.942574,7.7921715,19.815758,11.933208,12.46938,5.5099387,19.418348,12.903378,11.754179,22.537012,13.419298,24.628683,31.197372,18.449213,19.82842,19.582563,11.799745,9.917653,28.854158,24.505714,26.501078,16.384203,7.7527456,10.283338,12.355509,18.015001,27.280563,24.953703,14.0508,11.5552225,20.135977
1208,29.339996,26.664694,28.451843,20.295986,26.17053,16.39306,18.309315,9.421291,20.09099,6.6732454,12.212868,15.92383,9.0045595,17.494114,18.144869,27.527248,22.731173,21.944748,12.678182,18.75361,11.537876,9.041231,26.116747,22.704643,18.400234,11.479838,14.802427,9.283188,8.2738285,8.112365,25.200472,23.495577,8.174207,13.999851,20.043392
1209,23.111156,27.914103,22.513126,7.9122186,15.733492,18.078299,16.55719,12.154423,24.389671,12.285981,17.587204,17.312334,10.370333,22.064949,21.047142,29.407951,23.77828,17.199379,13.235956,16.043486,6.6000023,4.1277256,26.150442,20.307552,25.798532,15.425646,18.759779,14.065113,10.552198,17.588142,24.11281,23.42854,11.280303,11.348562,19.587952
1210,23.018002,29.069784,21.872952,5.748266,17.88352,19.180872,16.119114,11.881525,27.8979,11.045889,20.040356,15.985327,10.515156,22.348835,21.903223,32.172268,26.465385,15.37103,12.460854,14.841002,5.6588926,3.2978175,26.80395,19.223835,29.770626,14.885989,20.308634,13.067961,8.523274,19.859245,24.772764,22.997267,9.736634,9.732873,18.16767
1211,22.88045,30.228657,24.878494,9.7640915,28.157293,5.86458,20.882038,11.529316,8.694709,3.827087,16.489885,12.653827,11.403729,21.646166,11.794043,23.04902,31.468925,19.711212,21.998367,21.048702,14.577777,12.994276,28.91466,25.414005,24.062658,15.895784,5.712599,9.586515,14.596337,15.395818,27.62293,25.298252,15.275108,12.287025,20.730627
1212,19.526644,30.3107,22.517765,5.953831,31.586012,4.419647,21.641434,11.184288,6.470934,2.9174306,13.893389,12.734751,10.723732,20.58785,11.442701,22.832531,32.537632,17.743744,24.584879,21.070436,17.168163,15.342489,28.428247,23.582663,23.7837,14.263727,6.1594944,9.354438,19.00024,14.22025,27.459589,24.857489,16.66342,10.5264845,20.061815
1213,24.335238,29.623362,26.130547,12.6786995,28.835438,5.9647408,21.068232,11.212423,7.7892504,3.0060546,14.46792,12.642154,10.968079,21.131868,11.206017,22.301582,30.863983,21.166847,22.352085,21.255928,15.693058,14.26593,28.649574,26.419954,22.394564,15.721961,5.2973576,9.324885,14.464425,14.087336,27.598312,25.305702,15.449855,13.291909,21.05998
1214,20.924177,30.454958,22.642807,5.471897,19.77396,4.6763616,19.92334,13.429977,8.960221,5.659971,22.308052,12.269067,12.516491,23.897236,11.363114,21.555908,32.083893,18.099846,21.462246,19.055828,11.510365,9.076933,28.72068,25.5974,27.156597,18.48884,5.045657,10.956473,12.666279,22.414946,27.154625,24.881279,15.82463,11.210324,20.2902
1215,20.60911,30.778042,23.13274,6.716078,30.607407,5.632493,21.542355,11.335411,8.934813,3.8407054,15.439168,12.98963,10.981088,20.90178,12.891849,24.589691,32.150497,17.94586,23.168234,21.227045,16.10477,14.211748,28.96175,23.402763,24.359251,14.323781,7.0847683,9.486668,17.64321,14.693768,27.812082,25.170483,15.659998,10.821489,20.248114
1216,29.526783,27.106594,29.204979,21.222067,26.510883,12.277463,19.316881,9.798956,14.745971,4.4371963,12.623238,14.586105,9.548284,17.90031,14.958436,24.702307,24.245953,23.211407,14.920918,20.074423,13.142994,10.410689,26.852257,25.034409,17.782803,12.418982,9.799689,8.530064,8.95059,8.465326,26.086138,24.21442,9.602097,15.164596,20.763275
1217,20.535683,30.267382,22.860683,6.083866,25.003918,4.345015,20.62942,12.404196,7.399229,4.520071,18.744722,12.381612,11.844629,22.555208,11.012855,21.555574,32.22844,18.24219,22.805344,20.061352,13.83043,11.867541,28.58907,25.089352,25.467121,16.953245,5.1065598,10.245512,15.011387,18.742317,27.243837,24.92002,16.263662,11.080279,20.323942
1218,21.062433,30.482464,22.916626,5.937281,21.939758,4.8748155,20.108438,12.919756,8.984852,5.264194,21.157898,12.318549,12.307755,23.329283,11.523866,22.033762,32.015358,18.167141,21.442823,19.52735,12.056357,9.774815,28.794104,25.272846,26.635742,17.714035,5.2093086,10.5923815,13.183111,20.651297,27.257675,24.963594,15.518334,11.295291,20.295425
1219,20.804682,30.752708,23.363495,6.6879,30.66831,5.3405857,21.312778,11.386513,8.211627,3.5484817,15.710312,12.719633,11.274838,21.462606,11.958143,23.672329,32.741417,18.200047,23.48282,20.996754,15.713377,14.045966,28.988161,24.327578,25.060396,15.12488,6.374649,9.631632,17.130032,15.24034,27.766546,25.242098,16.105947,11.033658,20.31364
1220,20.240324,30.371952,22.802982,6.156334,29.62972,5.104909,21.035011,11.42473,7.9643683,3.6749015,15.795926,12.613195,11.170892,21.32579,11.77613,23.160204,32.381157,17.809715,23.330782,20.592844,15.453878,13.718811,28.5787,23.985859,24.866133,15.094922,6.321391,9.661704,17.08207,15.567244,27.37155,24.892132,16.102657,10.755631,20.043999
1221,20.65655,30.290392,22.95483,6.1874313,25.990547,4.5722704,20.583944,12.149376,7.5862174,4.1902943,18.351131,12.301452,11.760212,22.435669,10.9501295,21.756067,32.412693,18.183653,22.744871,20.035908,13.876483,11.987498,28.587172,25.03021,25.636402,16.702375,5.222101,10.043845,14.948876,18.228802,27.258303,24.886047,16.076397,11.043446,20.20002
1222,21.659279,30.410765,22.397938,4.9432135,12.60383,5.8167195,18.920216,14.953909,11.087016,7.3680563,25.946991,12.627589,13.104329,25.888971,11.832456,21.171339,31.873053,18.149027,20.364588,17.010193,8.913201,5.833495,28.532042,26.66758,29.55283,20.871565,5.939396,12.456584,9.844198,28.05642,26.834953,24.682825,15.939394,11.354466,20.29831
1223,21.46251,30.453209,22.869667,5.778902,18.160042,4.9727774,19.63642,13.7355385,9.466611,5.9897885,23.402182,12.215453,12.7212,24.463163,11.299437,21.367142,32.07307,18.316286,21.01882,18.640623,10.677991,8.211927,28.74352,26.070696,27.753668,19.225271,5.0030527,11.184299,11.439751,23.753004,27.12428,24.863794,15.690043,11.378056,20.319777
1224,27.94233,28.135616,28.525833,18.480701,26.684155,8.183354,20.099567,10.596989,9.626744,3.2959638,13.458824,13.028513,10.440531,20.157597,11.702332,22.06911,27.732737,23.344713,19.161127,20.832066,14.311136,12.739768,27.862505,27.147375,19.821253,15.291945,5.7875137,9.040439,10.732563,11.967395,26.939137,24.95072,13.090168,15.268312,21.291824
1225,20.768642,30.552385,22.679123,5.0763216,16.067205,2.663442,20.128838,14.605324,6.0131717,5.49457,24.352201,11.933384,13.127409,25.28272,9.342818,18.522326,33.017365,18.916372,22.788973,18.85867,11.317779,8.607474,28.875103,27.555632,27.594868,20.677277,2.852016,11.514626,11.948016,25.78064,27.37298,25.151503,17.22504,11.669797,20.847057
1226,28.031939,28.137104,28.830963,18.995403,27.786327,7.614283,20.603615,10.573713,8.27939,2.894288,12.232683,13.163685,10.307417,20.02113,11.251971,21.525517,28.045141,23.890211,20.383387,21.204082,15.62309,14.10889,27.93411,27.664268,19.133108,15.244149,5.4474106,9.123029,11.890905,11.4642,27.178276,25.157372,13.880339,15.583477,21.624994
1227,21.82357,30.181833,23.638634,7.4485617,24.672325,5.6063313,20.13557,12.139009,9.247338,4.8924627,19.200918,12.413877,11.886384,22.61206,11.687367,22.495161,31.571115,18.600504,21.23912,19.932617,12.600293,10.817923,28.673098,25.094872,25.733887,16.9495,5.644554,10.188874,13.221878,18.352156,27.186323,24.92834,15.139958,11.571613,20.304022
1228,24.305603,29.264925,26.22047,13.337211,29.794695,5.8322873,21.309376,10.945044,7.0188437,2.7461212,12.716647,12.847121,10.57192,20.449257,11.183059,22.112988,30.425482,21.438795,23.017397,21.47054,16.902512,15.505952,28.374866,26.221935,21.073753,15.084541,5.4394474,9.262485,15.716749,12.749184,27.495583,25.21037,15.793729,13.450932,21.126694
1229,31.443924,25.514856,30.820805,26.581717,29.256788,11.943893,19.838804,8.755934,12.987567,1.9774346,6.5003505,13.596795,8.175007,16.621407,13.654653,24.09691,23.663908,25.533657,17.436304,20.130709,16.983831,15.393264,25.87747,26.53599,14.174002,11.711648,9.1476145,7.5154123,10.770925,6.1122036,25.640562,23.610958,11.576072,16.084196,20.710081
1230,21.329767,30.469578,22.337215,4.538717,9.970426,4.0105476,19.173872,15.851728,8.44101,7.18824,27.243998,12.340827,13.545509,26.875267,10.174976,18.708092,32.619423,18.757223,21.668884,17.01751,9.026357,5.806822,28.63714,28.111929,29.637108,22.51986,4.088134,12.861522,9.749485,30.427399,26.990986,24.896498,17.233727,11.659878,20.74536
1231,21.587418,30.414806,22.443024,4.9719133,12.440533,5.285937,19.014223,15.042574,10.292059,7.13884,26.106869,12.459215,13.182651,25.984877,11.318764,20.554953,32.081337,18.305632,20.691782,17.162523,9.049048,5.9997306,28.562645,26.96817,29.38718,21.125694,5.331501,12.353566,9.887728,28.210608,26.878094,24.7199,16.194675,11.412898,20.36856
1232,20.964476,30.516685,22.088413,4.0521927,8.582917,3.2883332,19.226675,16.265547,7.5915546,7.133576,28.039055,12.17384,13.72775,27.249355,9.613294,17.845932,32.96307,18.7715,22.162834,16.946804,9.00696,5.6673703,28.642271,28.505945,29.734207,23.123692,3.463651,12.9341135,9.860359,31.53414,26.991009,24.90147,17.78705,11.568242,20.791855
1233,30.39284,25.857723,30.385456,25.280708,30.131886,10.268951,20.472052,8.953814,10.400815,1.8243475,6.0598164,13.647967,8.319266,16.679781,12.828904,23.083263,24.413153,25.402452,19.24749,20.74071,18.34395,16.74501,26.15028,26.646694,13.715806,11.850059,7.9871845,7.7762704,12.832409,5.9630976,26.007183,23.962004,12.698748,16.048403,21.074919
1234,26.870453,27.990889,27.59373,17.0327,24.143196,8.851213,19.74314,10.9718075,10.871399,5.2028933,14.572017,14.093285,10.513033,19.53262,13.390165,22.817905,25.802933,22.364132,17.692871,21.014912,13.2932415,11.057422,27.572578,25.181177,18.732033,14.609417,6.948387,9.565126,11.50129,11.113102,26.449795,24.813179,12.238347,14.744082,21.283773
1235,20.71471,30.41188,23.203308,6.537349,28.304918,4.7307043,20.945501,11.771259,7.383283,3.7671895,16.909527,12.472049,11.51376,22.001171,11.07938,22.179703,32.630207,18.318403,23.316578,20.49563,14.86281,13.138934,28.707273,24.89931,25.196117,16.082249,5.5449944,9.833482,16.017344,16.76811,27.45338,25.042368,16.28693,11.059888,20.295267
1236,30.260763,26.231041,30.163597,24.345062,29.22178,10.464247,20.157454,9.180199,11.306294,2.1561525,7.856974,13.482057,8.735656,17.30081,12.962955,23.395157,24.748423,24.968815,18.356745,20.596575,16.905905,15.2513685,26.420237,26.606115,15.142182,12.377798,7.8976603,7.8540454,11.572994,7.0688024,26.065176,24.041128,12.174,15.878388,20.962246
1237,21.50194,29.723164,21.721287,4.5905824,11.630306,8.4581,17.891716,14.539423,14.466421,8.235617,24.924706,13.269773,12.507269,25.249357,13.715638,22.886122,30.298729,17.28807,18.477491,15.864241,7.7217054,4.554814,27.72686,25.021107,29.710104,19.84721,8.859226,12.8812275,9.342815,27.221756,25.964684,24.012077,14.701529,11.000024,19.630106
1238,23.968388,24.862803,23.37294,12.999382,22.811897,30.420149,16.533998,9.445404,34.54156,22.202625,8.153046,24.889944,7.1478724,17.784687,30.687628,35.247334,12.923378,17.52268,8.441739,18.487535,6.8920946,6.259424,23.098745,14.1578,15.960164,11.27859,32.283546,15.352986,14.454609,4.163781,20.698597,22.522224,9.664733,9.915067,20.655272
1239,27.35211,28.386726,27.956692,17.375982,26.424925,8.517644,19.983652,10.649679,10.743679,3.6225383,14.2523,13.0920725,10.520655,20.059494,12.456764,23.014914,27.675789,22.581402,18.56061,20.77623,13.802322,12.030204,27.949366,26.340855,20.363562,14.904482,6.3701677,8.981575,10.844488,12.045976,26.910824,24.887266,12.654085,14.76613,21.038952
1240,19.804382,23.92884,20.749485,8.638988,10.564127,27.989527,16.309643,12.147182,30.059877,23.62959,6.550715,26.817612,8.490358,20.479395,29.792042,32.98349,9.107466,18.850779,9.68222,19.825508,5.4291835,3.0964146,22.623344,17.072393,15.425752,14.2831955,28.263874,20.551048,21.060926,4.767254,19.10507,24.52069,14.986505,13.68286,23.82783
1241,21.31778,25.000095,22.009525,9.972165,13.207302,23.295044,16.92769,11.966322,25.871946,19.409286,9.311003,23.605606,9.017374,20.372314,25.97079,30.596577,13.583724,19.14225,11.631713,19.427256,7.09365,4.645812,23.77959,18.68445,16.859768,14.350146,23.559954,17.916445,18.466543,7.458809,20.906162,24.342165,14.13947,13.444013,22.823769
1242,22.039253,30.457226,23.212646,6.441144,19.44634,6.0002294,19.494127,13.283121,10.871681,6.0579863,22.831938,12.368263,12.534467,24.08407,12.081112,22.535109,31.72622,18.288343,20.222174,18.67702,10.469293,8.135348,28.79396,25.6367,27.798069,18.558252,5.874729,11.017383,11.046804,22.609438,27.143553,24.857698,14.924729,11.488586,20.208271
1243,19.432589,30.598156,22.478794,5.9649396,31.914732,4.4782815,22.062511,11.218927,6.815879,3.0049076,13.579841,13.020471,10.552161,20.234596,12.175037,23.705442,32.358673,17.683022,24.660336,21.557419,17.74702,15.708355,28.656721,22.98443,23.32071,13.663504,6.558134,9.284561,19.821201,13.697429,27.750328,25.024286,16.487724,10.495799,20.184341
1244,21.923918,30.52664,22.737213,5.504931,14.854374,6.203926,19.090422,14.4097805,11.594331,7.113412,25.10786,12.615791,12.940747,25.319042,12.258932,22.088926,31.784254,18.15251,20.130257,17.580462,9.304657,6.475273,28.695972,26.205154,29.0815,20.067663,6.235079,11.968648,10.196321,26.262884,26.971817,24.768429,15.502892,11.338368,20.254972
1245,23.031572,29.699308,25.338219,11.173321,30.073227,5.1101546,21.459364,11.200842,6.360966,2.7604063,13.468886,12.709786,10.8239355,20.923681,10.823614,21.851374,31.435934,20.615776,23.836792,21.441456,16.898483,15.524403,28.552038,26.002033,22.158348,15.45997,5.181761,9.394094,16.476276,13.787071,27.597609,25.255539,16.454357,12.7077465,20.996422
1246,30.466272,26.634918,30.420765,24.079544,28.946684,9.957436,20.288803,9.493252,10.499632,2.1659558,8.575427,13.39661,9.0837965,18.125427,12.338757,22.764067,25.60259,25.300175,18.979359,20.717413,16.742558,15.242017,26.840778,27.482027,16.004915,13.344191,7.2071085,8.209539,11.28882,8.187808,26.434704,24.422016,12.722235,16.229712,21.300602
1247,25.595844,28.838846,27.08179,15.2419615,28.85027,6.376748,20.972515,10.841703,7.442434,2.7062423,12.759771,12.800502,10.518142,20.444265,11.021604,21.754997,29.719429,22.263212,22.051228,21.220448,16.257431,14.8548765,28.188307,26.868797,20.657253,15.312991,5.290847,9.197005,14.066402,12.679668,27.340248,25.137257,15.140275,14.166105,21.231636
1248,21.19303,30.282572,22.049572,4.3181148,9.426552,4.425076,18.895725,15.810205,9.102094,7.3207936,27.215483,12.396199,13.421717,26.741392,10.490217,18.979263,32.312878,18.44326,21.2518,16.612635,8.713013,5.3768187,28.400362,27.757198,29.777866,22.292206,4.5952206,12.915293,9.604095,30.503485,26.751097,24.671244,16.977034,11.5173645,20.505001
1249,20.809065,30.932823,21.982635,3.419734,7.210346,2.7489462,19.400364,16.848772,7.1353707,7.0939636,29.300455,12.120358,14.062241,27.957897,9.239336,17.342276,33.77615,18.846481,22.751795,16.890997,8.917126,5.3390408,28.9599,29.18539,30.497314,23.913408,3.050292,13.155009,9.934896,33.1295,27.283487,25.146011,18.41877,11.565178,20.967905
1250,28.972193,27.523487,29.537102,21.179665,28.873663,8.403808,20.690392,10.09222,8.687232,2.372889,9.920247,13.331862,9.676687,19.152468,11.568612,21.941013,27.254808,24.611689,20.549578,21.097986,16.847303,15.40688,27.485384,27.705366,17.524715,14.371568,6.1985064,8.789103,12.523897,9.84205,26.95049,24.90771,13.917761,15.869186,21.578667
1251,22.693144,30.069689,23.011135,6.784316,21.67276,11.122351,18.421585,12.0689125,17.757694,7.492097,21.244797,13.424528,11.583392,22.746395,15.999297,27.007822,29.987463,16.968245,17.099318,17.696115,9.163221,7.045901,28.192883,22.68528,28.150143,16.179573,11.391485,10.859011,10.247917,19.841991,26.41181,24.071863,12.396723,10.486674,19.130089
1252,19.91052,24.071997,21.012844,8.968172,11.353948,26.813267,16.697176,12.188351,28.484129,23.38856,7.2297134,26.444021,8.6099825,20.496872,28.856436,31.982086,9.713806,19.027739,10.423612,20.174911,6.015082,3.7176347,22.75401,17.564693,15.022816,14.608909,27.033844,19.991692,20.94223,5.098361,19.356836,24.54675,15.240812,13.500266,23.866884
1253,21.705107,30.40563,22.581627,5.204444,12.987127,5.2723346,19.061802,14.905418,10.190101,7.0093384,25.838253,12.421571,13.147589,25.872921,11.266514,20.584526,32.06604,18.401613,20.680264,17.30241,9.161244,6.1891317,28.594076,26.975565,29.23728,20.996174,5.237133,12.257134,9.875152,27.792734,26.919964,24.754642,16.105673,11.495804,20.39724
1254,21.625092,30.474253,22.475174,5.0147657,12.797409,5.443968,19.070536,14.977409,10.553062,7.2146163,26.002619,12.524455,13.1545515,25.896038,11.559861,20.879436,32.031475,18.276106,20.624037,17.24959,9.129013,6.0978475,28.620895,26.829792,29.354265,20.959139,5.5382786,12.335961,9.978971,27.975948,26.93135,24.76038,16.102097,11.3916,20.382996
1255,21.646112,30.431065,22.393822,4.9269037,12.59977,5.782921,18.938541,14.965088,11.055824,7.3586555,25.989412,12.618503,13.112862,25.89449,11.819936,21.158468,31.902876,18.14792,20.391356,17.03103,8.934345,5.8483257,28.549046,26.6766,29.549097,20.8778,5.914979,12.4409485,9.866908,28.072168,26.851892,24.692883,15.955922,11.347186,20.302338
1256,28.45455,28.055008,29.35719,19.92274,29.082504,7.6890364,20.968613,10.456413,7.666821,2.4115021,10.627701,13.353641,10.033787,19.933634,10.952254,21.26954,28.440405,24.507177,21.656496,21.29365,16.971012,15.680302,27.887774,28.191622,18.489595,15.2515335,5.7288017,9.084892,12.992275,11.021215,27.291119,25.21916,14.775846,15.672974,21.825018
1257,21.069107,30.506838,23.19482,6.6156745,28.132744,6.104606,20.604969,11.579153,9.789991,4.433143,17.309328,12.733717,11.443622,21.752792,12.538495,23.946182,32.01492,17.903622,21.954552,20.310276,14.049092,12.251002,28.774462,24.049221,25.592367,15.458662,6.914339,9.872541,15.450346,16.326166,27.39432,24.97106,15.260592,11.001706,20.07087
1258,27.569334,28.188204,28.190022,17.808151,26.139212,8.13571,19.964437,10.692556,9.817288,3.5786653,14.06194,13.019847,10.5471525,20.23688,11.830282,22.12723,27.666384,22.980877,18.886875,20.779251,13.864144,12.251591,27.856611,26.826029,20.076267,15.362144,5.799901,9.100487,10.605448,12.250388,26.855806,24.895805,12.944184,15.050261,21.193552
1259,19.588966,23.884556,20.731007,8.915653,11.007303,31.140572,16.737629,12.168314,33.262474,26.84988,5.444789,29.029987,8.041677,20.095196,33.05448,35.254993,6.4977365,18.94328,8.594786,20.889486,5.367542,3.2715015,22.47151,15.551067,13.718814,13.861952,31.945637,21.456562,22.235435,2.8784678,18.727003,24.847256,14.960386,13.327632,24.60795
1260,21.320961,30.549194,22.316051,4.434503,9.532005,4.040051,19.189457,15.998474,8.548393,7.2903485,27.511425,12.397878,13.601601,27.020832,10.242795,18.725729,32.685574,18.767832,21.718882,16.970795,8.973838,5.6832423,28.687729,28.18876,29.771687,22.674837,4.161557,12.950195,9.771563,30.797201,27.027952,24.939837,17.342749,11.642431,20.786798
1261,22.048872,30.437185,23.03238,6.0720167,16.45475,5.748481,19.274828,14.012922,10.722279,6.6047096,24.366007,12.363641,12.847464,24.92864,11.785567,21.76091,31.805717,18.398666,20.294184,18.096718,9.75257,7.198615,28.736391,26.259813,28.423193,19.73115,5.5739565,11.5569725,10.292987,24.991991,27.050474,24.818777,15.387033,11.5140705,20.309584
1262,21.887663,30.561123,22.763916,5.4119477,14.016507,5.71096,19.16975,14.711506,10.844541,7.096206,25.519306,12.566391,13.09501,25.677647,11.780265,21.37605,32.01249,18.378067,20.516853,17.554266,9.306746,6.4205174,28.744013,26.700012,29.185001,20.623955,5.700508,12.155831,10.107787,27.083746,27.037254,24.856932,15.900371,11.460483,20.4263
1263,21.390535,30.304039,23.714622,7.510256,28.33847,5.019471,20.918793,11.703196,7.5948195,3.861598,16.654354,12.507845,11.479403,22.016733,11.174815,22.294094,32.35307,18.788536,23.11543,20.59532,14.811651,13.274428,28.740705,25.188438,24.948835,16.216438,5.551752,9.887146,15.541098,16.582073,27.484129,25.107218,16.173166,11.445351,20.455133
1264,23.893633,30.3177,24.762035,9.096374,19.979227,7.224536,19.499567,13.0645485,11.68452,6.258683,21.95483,12.994675,12.406283,23.910154,12.533725,22.802263,30.892693,19.599567,19.444693,19.060526,10.382962,8.108539,28.933336,26.287928,26.9081,18.507784,6.440029,11.101412,10.17382,21.225283,27.294706,25.202385,14.350649,12.507202,20.76384
1265,21.302574,30.508518,22.316757,4.540076,10.385181,4.1897693,19.207958,15.746603,8.769505,7.2574134,27.14892,12.376909,13.498201,26.711308,10.448962,19.09543,32.529087,18.646965,21.554155,17.1128,9.105659,5.907922,28.659689,27.852167,29.527302,22.268204,4.3251467,12.754619,9.889911,30.074228,27.000477,24.886524,17.09854,11.550257,20.696074
1266,21.9319,30.339535,22.739624,5.6977234,15.097735,6.042447,19.015131,14.238216,11.253339,6.852353,24.814764,12.449689,12.852461,25.132914,11.970055,21.78356,31.665764,18.179325,20.039555,17.545677,9.329873,6.5455346,28.560852,26.193108,28.842457,19.915653,5.9579144,11.810214,9.996394,25.900677,26.876656,24.65952,15.340142,11.401951,20.16747
1267,22.385893,30.794127,23.24461,6.311277,20.495667,8.061777,19.335566,13.025581,13.880686,6.702626,22.731018,12.927195,12.340387,23.870989,13.889461,24.781477,31.60874,17.776073,19.318054,18.451227,10.131342,7.746168,28.951458,24.682444,28.487362,17.774021,8.227687,11.050751,11.104954,21.99411,27.222672,24.841183,14.171991,11.0675955,19.947754
1268,22.36548,30.276747,24.143757,8.459123,27.272797,6.522954,20.407568,11.572788,10.152714,4.417151,17.461435,12.71731,11.469118,21.84106,12.455887,23.758675,31.441338,18.79384,21.197823,20.335218,13.534744,11.803115,28.787054,24.72489,25.19249,15.796812,6.6408596,9.823263,14.061366,16.253077,27.389387,25.049557,14.787625,11.745403,20.309193
1269,21.91171,30.633604,23.488739,6.913853,26.23107,7.2433705,20.117376,11.857119,11.729818,5.185589,18.956566,12.866228,11.695928,22.36521,13.247071,24.631527,31.812202,17.94836,20.676735,19.701685,12.575285,10.640467,28.90362,24.224964,26.677265,16.012516,7.685999,10.213118,13.599341,17.751108,27.402647,24.974138,14.490589,11.163299,20.029434
1270,21.936378,30.381931,22.900185,5.7347574,14.350114,5.26817,19.19766,14.588488,9.989101,6.8074503,25.213621,12.386179,13.068242,25.572317,11.22331,20.710888,31.972553,18.599957,20.655418,17.696587,9.445709,6.6806884,28.657293,26.917603,28.797075,20.67773,5.0809307,12.016519,9.934372,26.740011,26.99267,24.827408,15.919347,11.623124,20.474173
1271,21.490316,30.438408,22.248535,4.5906267,10.781176,5.193191,18.935963,15.484362,10.228416,7.4225364,26.743267,12.581109,13.304072,26.450907,11.250097,20.147528,32.17245,18.336359,20.829947,16.75963,8.77753,5.506175,28.54435,27.316906,29.862017,21.688427,5.3704977,12.807283,9.683427,29.576344,26.872152,24.750023,16.501219,11.486356,20.464333
1272,21.799932,30.217937,23.882477,7.8114715,26.500956,5.341132,20.5089,11.879356,8.406926,4.387555,17.955708,12.461162,11.708033,22.27627,11.399949,22.335848,31.800577,18.86243,21.979641,20.430376,13.579135,11.966841,28.738617,25.186035,25.121758,16.612158,5.455514,9.961652,14.177836,17.184458,27.333847,25.062626,15.523755,11.635779,20.452013
1273,32.52861,24.832298,31.358791,28.608364,30.299107,14.752486,19.462872,8.110379,16.649208,2.6663601,5.2785263,14.0102625,7.4780774,15.724664,15.563879,26.123758,22.277525,25.595598,15.835164,19.620525,16.76107,15.567946,25.240726,25.456045,13.22786,10.671265,12.039325,7.0047593,9.735071,4.8822017,25.036901,22.93237,10.4755745,15.424544,20.16761
1274,31.019785,26.32513,30.651543,25.029184,28.722342,10.984591,19.994385,9.249144,12.045091,2.2656715,8.398278,13.4526,8.864133,17.72233,13.046375,23.577967,24.80307,25.353525,17.874758,20.46331,16.289192,14.715082,26.58767,27.10022,15.683645,12.831481,8.024822,7.9466233,10.476537,7.633547,26.170069,24.16648,11.951551,16.195337,21.07031
1275,28.396914,27.747717,29.044136,19.83545,28.008057,7.8749776,20.450153,10.333553,8.33337,2.547953,11.314726,13.02957,10.037845,19.79959,11.068799,21.37508,27.802265,24.143236,20.399302,20.917143,15.873206,14.50466,27.628231,27.807076,18.716658,15.087967,5.5741034,8.9713335,11.733423,11.115676,26.954786,24.930552,13.899017,15.694399,21.484236
1276,27.43674,28.108166,28.507412,18.565813,29.284718,7.435829,20.919134,10.384113,7.802636,2.449636,10.706043,13.184805,9.987842,19.688967,11.220187,21.72152,28.462212,23.662909,21.64077,21.25859,16.966072,15.630934,27.799416,27.360558,18.70447,14.788766,5.8289213,8.997496,13.677804,10.859629,27.154083,25.043325,14.736629,15.125171,21.494425
1277,28.660267,27.57984,29.427917,20.965788,29.932629,8.339417,20.968529,10.0088005,8.424122,2.1183565,9.040407,13.448273,9.502923,18.935034,11.606061,22.096666,27.575283,24.518087,21.383194,21.20832,17.761204,16.384176,27.45644,27.538353,17.206911,14.076746,6.5259438,8.681168,13.722445,9.425072,26.99661,24.884647,14.452596,15.545645,21.552341
1278,20.761404,30.436861,21.919834,3.876409,8.179816,3.0077424,19.185543,16.318218,7.2505074,7.041635,28.219221,12.046719,13.732293,27.2413,9.367293,17.485851,32.99104,18.688942,22.247269,16.879185,8.997552,5.6199107,28.552052,28.51772,29.639544,23.188663,3.2188587,12.855364,9.870392,31.717897,26.911102,24.811481,17.873652,11.487427,20.711584
1279,23.024637,29.788317,24.542011,9.454305,24.602295,6.4519153,19.90915,11.843887,9.991097,4.945614,18.563383,12.604375,11.668915,22.166203,12.032375,22.711767,30.54997,19.338108,20.242191,20.096281,12.313875,10.625459,28.523682,25.201399,24.73104,16.657614,5.9333305,9.990215,12.327993,17.086346,27.03036,24.897667,14.412259,12.205495,20.436646
1280,22.730726,30.050673,24.764149,9.596277,27.597582,5.3805103,20.81767,11.67885,7.816273,3.7418091,16.555485,12.481537,11.451847,21.9851,11.093097,22.100466,31.733187,19.815193,22.506119,20.771585,14.586184,13.132051,28.756615,25.887173,24.207659,16.465899,5.2339554,9.750068,14.42599,16.236193,27.501793,25.203684,15.795857,12.256238,20.74047
1281,22.009226,30.621794,22.987194,5.9950213,18.862995,6.8240123,19.32066,13.409176,12.262594,6.4924827,23.375795,12.600275,12.533169,24.20136,12.860508,23.406023,31.729761,17.893549,19.830845,18.303125,10.099504,7.5787764,28.810421,25.257633,28.381872,18.45843,6.904682,11.151306,11.005121,23.128773,27.111727,24.783833,14.723244,11.184875,20.023048
1282,20.213114,23.93538,21.047855,9.42848,12.645077,31.253769,16.564896,11.7043,33.787346,26.252947,5.8792562,28.424232,7.8565235,19.61388,32.89023,35.383595,7.294387,18.588139,8.284545,20.392435,5.414714,3.5357509,22.463295,15.041632,14.027802,13.324185,32.285606,20.546463,20.877132,2.9926047,18.927483,24.37275,13.888745,12.72556,23.889553
1283,22.79414,30.305279,24.280468,8.691085,27.13945,7.7794785,20.103163,11.439356,12.056547,4.996938,17.994114,12.998043,11.442124,21.691378,13.477204,24.837624,30.943596,18.570908,19.972618,20.153784,12.7045355,10.895319,28.784685,24.152727,25.456875,15.444171,7.791463,9.790321,13.187731,15.961485,27.301266,24.955568,13.839494,11.615052,20.142544
1284,24.868444,29.385166,26.673492,13.67168,28.574377,5.6366544,21.210445,11.295563,6.6789546,2.984028,13.960799,12.799619,10.947902,21.218746,10.629347,21.301231,30.705622,21.93677,22.860424,21.378384,16.125149,14.760073,28.576591,27.141336,21.684855,16.133106,4.826689,9.524577,14.428201,14.0674095,27.62919,25.415545,15.867858,13.808279,21.42388
1285,22.488794,30.63967,23.149979,6.0965595,15.6445055,6.874552,19.093784,14.214621,12.350979,7.11492,24.752892,12.821223,12.87335,25.230396,12.666033,22.68993,31.695442,18.363493,19.770782,17.63943,9.261451,6.4217014,28.836891,26.196405,29.191145,19.794067,6.7500544,11.966606,9.927928,25.679672,27.11947,24.90089,15.09489,11.577544,20.334934
1286,21.63514,30.503174,22.595226,5.164247,13.186684,5.097065,19.17946,14.924711,10.005637,6.972316,25.96979,12.38266,13.188218,25.857162,11.2137575,20.55382,32.1971,18.40618,20.835169,17.494442,9.308704,6.3623724,28.680605,26.984512,29.130886,21.002003,5.099737,12.138358,10.056468,27.71287,26.995068,24.807947,16.203512,11.4321785,20.427876
1287,29.298687,27.53503,29.388962,20.919258,25.77347,10.624365,19.869686,10.337465,12.365471,4.3886223,12.922057,14.685802,9.963504,18.375706,14.078915,23.593145,24.639978,23.785624,16.217081,20.938904,13.795718,10.913162,27.365154,25.806553,17.356703,13.201941,8.068569,8.967575,10.166114,8.770517,26.576805,24.857168,10.655228,15.777685,21.497505
1288,22.010923,30.405083,22.702091,5.633744,14.986665,6.779512,18.909023,14.233139,12.396785,7.2158318,24.803335,12.713271,12.797298,25.102636,12.686531,22.594898,31.440992,18.007294,19.673445,17.41217,9.119378,6.274896,28.563063,25.825272,29.046059,19.721367,6.8080244,11.92839,10.063304,25.85109,26.82594,24.638077,15.144427,11.269682,20.10071
1289,24.630342,29.065325,26.510616,13.899653,29.762833,5.8821,21.261774,10.899704,6.6695995,2.6850479,12.284151,12.902634,10.495703,20.483498,10.880502,21.642736,30.335724,21.786283,23.223623,21.397713,17.043386,15.76576,28.248331,26.517956,20.748514,15.287319,5.3720684,9.302869,15.60189,12.676168,27.41173,25.169739,15.976733,13.62679,21.212257
1290,24.09995,28.199978,24.842068,12.995726,27.61677,10.928343,19.57427,9.951296,15.46254,7.5805454,15.841967,14.351787,9.890873,18.109232,16.716974,26.47848,25.372997,18.62029,16.087536,20.43489,12.778278,10.97744,27.047861,20.57204,19.321404,12.101497,11.222908,8.507925,11.8774805,10.348618,25.840534,23.574411,10.405568,11.131373,19.474964
1291,21.939407,30.469994,22.836414,5.652216,14.785192,5.682062,19.163706,14.454199,10.721535,6.861213,25.144678,12.448264,12.998523,25.404402,11.679799,21.379036,31.932898,18.376257,20.400911,17.680864,9.416995,6.6279807,28.695862,26.5687,28.917364,20.315895,5.583498,11.912151,10.056499,26.384064,27.008219,24.801903,15.674965,11.483397,20.34768
1292,22.41527,30.731499,23.626923,6.8206277,20.206068,6.081575,19.72408,13.26601,10.895115,5.9947495,22.798536,12.466164,12.622821,24.189487,12.143383,22.76684,31.986355,18.59402,20.369112,19.023247,10.665614,8.387558,29.094374,25.90302,27.863409,18.613504,5.8426456,10.99197,11.098995,22.349644,27.432589,25.127068,14.956918,11.683165,20.437807
1293,23.279459,29.844542,25.096443,10.334644,26.179111,5.6258674,20.53017,11.7833,8.203773,4.1015735,17.196268,12.501326,11.5504055,22.07429,11.179061,21.927792,31.101746,20.135258,21.682222,20.699024,13.820417,12.326963,28.684502,26.029686,23.95049,16.755405,5.084379,9.820915,13.382779,16.443087,27.360588,25.170134,15.329592,12.602229,20.825022
1294,21.614574,27.462229,22.186375,7.709274,12.755151,11.682944,17.631916,13.296278,15.659081,10.964604,18.615986,16.043373,11.128037,22.771488,16.355677,23.719753,24.402124,18.413118,16.710062,17.323862,8.431614,5.709858,26.025835,23.089888,23.570421,17.630627,11.87379,13.87572,12.447565,19.401903,24.102222,23.809155,14.468614,12.158131,20.58836
1295,29.330294,27.670143,29.548122,21.08682,26.781229,9.335714,20.178253,10.269949,10.745103,3.509788,12.523237,13.751144,10.063784,18.929218,12.816952,22.861458,25.915712,24.176449,17.722351,21.123487,14.618741,12.439871,27.620413,26.815706,17.779726,13.955356,6.649372,8.769717,10.378201,9.659297,26.872164,24.95008,11.741398,15.974705,21.537643
1296,24.40351,29.333368,25.862427,12.402248,26.785892,6.450645,20.33918,11.29981,8.849141,3.4715543,15.822259,12.452089,11.107261,21.436089,11.296078,22.19137,30.361189,20.801273,20.999422,20.533136,14.057401,12.562468,28.366516,26.234137,23.08878,16.103601,5.437748,9.411841,12.706015,15.115704,27.173775,24.975672,14.691601,13.169647,20.727774
1297,20.555176,30.89311,23.296223,6.399209,31.476145,5.0049105,21.586552,11.413071,7.459473,3.1665819,15.261828,12.76566,11.235614,21.500658,11.565223,23.282808,33.282154,18.224016,24.270956,21.048733,16.369068,14.631871,29.044277,24.562332,25.109968,15.116977,6.2505875,9.610911,17.841463,15.221096,27.919611,25.336071,16.58987,10.91056,20.379032
1298,29.05544,27.465437,29.50328,21.29145,28.56828,8.708773,20.536818,10.0300255,9.344303,2.568992,10.386466,13.373246,9.687972,18.904345,11.958423,22.321772,26.78306,24.438677,19.706226,21.07765,16.343693,14.719164,27.42753,27.338858,17.432083,14.042219,6.37718,8.647543,11.980342,9.532785,26.85609,24.82433,13.234565,15.832786,21.465357
1299,20.448528,30.13706,23.042225,6.606889,29.095648,4.64146,21.008091,11.551535,6.9457936,3.612157,15.773654,12.488283,11.239859,21.577366,11.041091,22.11491,32.38347,18.2492,23.680029,20.564474,15.454718,13.894913,28.458122,24.60762,24.602167,15.713749,5.6273985,9.777188,16.70927,16.02469,27.279161,24.875677,16.503658,10.981956,20.20859
1300,21.410173,30.281061,22.586872,5.2691536,13.194688,4.2419286,19.29523,14.92474,8.620698,6.7655506,25.671352,12.15687,13.200302,25.809877,10.481856,19.574293,32.15531,18.637941,21.300116,17.74912,9.609947,6.8538375,28.57063,27.245916,28.533028,21.24501,4.175884,12.091092,10.209375,27.580877,26.91914,24.787273,16.566368,11.54967,20.54726
1301,21.943216,29.585962,24.59362,10.696495,31.845736,5.014705,22.033136,10.756969,6.2270226,2.4224064,11.2634735,13.097495,10.087986,19.38446,11.799808,22.955942,30.679821,19.95115,24.292469,22.032461,18.676043,16.923082,28.283737,24.192501,20.358335,13.4563465,6.014228,8.932758,19.09384,11.343196,27.562399,25.039078,16.249613,12.182462,20.748724
1302,20.712322,30.226465,21.851288,4.076411,9.005817,3.282995,19.071949,15.948631,7.5932045,7.004374,27.720442,11.997478,13.532513,26.745396,9.592171,17.812983,32.58819,18.475851,21.846985,16.905735,9.04031,5.750514,28.357681,27.980827,29.18545,22.600018,3.4839277,12.543757,9.846395,30.736849,26.72563,24.610477,17.424238,11.325408,20.49039
1303,21.37765,30.285753,22.678402,5.483287,15.418971,4.3004413,19.403755,14.351446,8.555427,6.124243,24.697262,12.018813,12.981443,25.184399,10.438068,19.917372,32.26197,18.494572,21.24195,18.08337,10.081504,7.427561,28.576557,26.85193,28.16649,20.36877,4.206582,11.535404,10.6069975,25.868534,26.972975,24.751347,16.152164,11.48026,20.36635
1304,25.843363,27.62284,27.256409,18.368408,31.430634,7.588086,21.716274,9.674135,8.624051,2.3538089,8.129184,13.633316,8.815963,16.89131,13.35957,23.995068,26.482506,22.461922,21.373621,22.022161,19.395866,17.383541,27.119738,24.18351,15.355577,11.299284,7.4289103,7.8957343,16.865389,7.1603246,26.817236,24.406872,13.8173,13.879376,20.875286
1305,21.375484,30.488209,22.897469,5.923374,20.883808,5.480952,19.781866,13.048145,10.0784645,5.5848684,21.949898,12.3162985,12.381845,23.627193,11.881744,22.444223,31.938894,18.02951,20.808552,19.026346,11.284557,8.937651,28.766348,25.281075,27.3455,17.962555,5.6807146,10.748558,12.229571,21.568476,27.17972,24.856434,15.156025,11.258706,20.143559
1306,21.769964,30.4968,22.58289,5.133461,12.994511,5.5960803,19.06418,14.941072,10.712539,7.229705,25.94693,12.575077,13.157321,25.919453,11.625061,20.989689,32.032536,18.33381,20.536568,17.235373,9.075178,6.054862,28.651947,26.872967,29.454662,20.949108,5.638218,12.370053,9.833817,27.926956,26.963324,24.794725,16.01009,11.448367,20.41471
1307,19.863552,23.836287,20.823666,9.124902,11.779417,31.111624,16.558977,11.890011,33.470356,26.396431,5.677035,28.592144,7.926587,19.795815,32.84765,35.22333,6.934586,18.680952,8.380788,20.508078,5.3322434,3.3463478,22.395874,15.24373,13.927362,13.538303,32.02518,20.921524,21.401598,2.9871383,18.77203,24.510738,14.327668,12.976823,24.130516
1308,20.934883,30.389595,22.114414,4.169845,8.708883,2.9766653,19.20851,16.191952,7.0488253,6.9030657,27.911545,12.01119,13.714313,27.192938,9.2084,17.384161,32.980854,18.850286,22.2449,16.983395,9.047449,5.7777452,28.559258,28.63111,29.54214,23.168764,3.0439851,12.81073,9.736525,31.388075,26.93113,24.843523,17.807844,11.61315,20.769333
1309,20.527529,30.39408,23.308456,7.447253,31.24805,4.6847053,21.86769,11.249222,6.9066973,3.054306,13.844449,12.851569,10.702268,20.535774,11.890703,23.355385,32.129753,18.501009,24.328949,21.521889,17.353094,15.579738,28.692837,23.871487,23.138647,14.283575,6.151127,9.334262,18.668226,13.955859,27.735994,25.107368,16.455288,11.102594,20.408518
1310,28.19198,27.81509,28.92815,19.61867,28.05198,7.7753425,20.581295,10.381746,8.231519,2.6868513,11.271481,13.1808195,10.0373125,19.653042,11.272214,21.512743,27.687328,24.058239,20.483328,21.095598,16.07853,14.596511,27.674757,27.597534,18.48933,14.897164,5.643737,9.031141,12.200353,10.867336,27.010117,24.993135,13.933771,15.663471,21.55216
1311,22.899467,30.077513,24.630157,8.770268,20.0335,4.1256447,20.179518,13.338282,6.7907963,5.3092117,21.323755,12.39384,12.604825,24.062922,10.013966,19.54044,31.515268,20.31105,21.599735,19.98978,11.751785,9.738862,28.921972,27.493334,25.560741,19.402842,3.3841872,11.076436,11.430779,21.25939,27.422523,25.437134,16.007427,12.922806,21.328035
1312,25.151592,29.214655,26.782177,14.319812,29.040314,6.222701,21.10357,10.986618,7.577545,2.839632,13.384224,12.816589,10.7002535,20.646816,11.193286,22.080654,30.153292,21.886284,22.188076,21.367659,16.15773,14.699296,28.438808,26.670595,21.231688,15.376627,5.3249035,9.238238,14.368273,13.034861,27.52015,25.274084,15.224849,13.87358,21.229702
1313,28.779581,27.698912,29.422585,20.71615,28.724878,8.207721,20.739065,10.222332,8.502012,2.5006473,10.354892,13.368598,9.81778,19.341413,11.511393,21.831223,27.459202,24.505463,20.62403,21.183416,16.696611,15.216652,27.62346,27.732143,17.82893,14.559741,6.0524855,8.905759,12.533269,10.147482,27.053356,25.014868,13.974055,15.843906,21.651833
1314,22.745909,30.720964,23.56158,7.0170574,23.470673,9.439054,19.344957,12.188517,15.436854,6.620599,21.066597,13.2177305,11.889961,22.94071,14.9562,26.282228,31.119234,17.630747,18.608353,18.801947,10.482013,8.359383,28.907969,23.69359,27.917017,16.409222,9.648488,10.619885,11.414681,19.42732,27.1944,24.763132,13.270642,10.936519,19.746313
1315,24.61363,29.210417,26.437408,13.805589,29.81315,6.0231133,21.280882,10.884991,7.221408,2.7029114,12.612599,12.875623,10.533596,20.361774,11.263271,22.209614,30.259792,21.614042,22.789366,21.478973,16.85609,15.429572,28.36551,26.293617,20.931095,14.994457,5.502265,9.210904,15.484941,12.526638,27.500393,25.219082,15.594701,13.61653,21.152424
1316,21.501966,30.477442,23.231705,6.567997,24.972187,6.1072364,20.124933,12.163158,10.240988,4.9461184,19.440346,12.528346,11.861392,22.663181,12.265301,23.362762,31.97841,18.039495,21.203012,19.60898,12.577486,10.590752,28.7711,24.694105,26.571106,16.6357,6.484977,10.254892,13.532251,18.720993,27.29365,24.903502,15.01424,11.187345,20.075365
1317,21.596855,30.367197,22.270794,4.7777867,12.0833025,5.9112635,18.810575,15.036257,11.263667,7.442333,26.083878,12.653614,13.101061,25.969795,11.881922,21.154324,31.840534,18.056633,20.286116,16.7946,8.746228,5.590094,28.46114,26.652214,29.732761,20.945103,6.0791492,12.564535,9.763082,28.391098,26.762335,24.620554,15.9444065,11.32391,20.237976
1318,24.62736,28.304422,26.358261,15.763344,31.860935,7.0414643,21.65271,9.941217,8.413266,2.2532597,9.137451,13.264447,9.244115,17.867014,12.911815,24.02732,28.130316,21.500877,22.28031,21.838846,18.95082,17.22748,27.51292,24.22693,17.525726,12.09689,7.169196,8.177008,17.437136,8.702062,27.006565,24.54516,14.668401,13.202772,20.661283
1319,21.441233,30.766235,22.5001,4.4422617,9.432551,3.7551389,19.379711,16.195509,8.126554,7.258291,27.753305,12.422557,13.75756,27.34228,10.0215845,18.48808,33.056305,19.022898,22.109545,17.139183,9.097641,5.8115983,28.91906,28.63179,29.989567,23.059748,3.8511512,13.108811,9.86167,31.238878,27.257824,25.166454,17.67381,11.814893,21.019283
1320,21.252766,30.033457,21.939419,4.4940643,10.434454,5.2864747,18.606674,15.311192,10.299121,7.372684,26.44649,12.467594,13.126526,26.160036,11.166979,19.935165,31.742483,18.056751,20.462929,16.406435,8.522029,5.2512283,28.143076,26.957254,29.633318,21.437315,5.4555006,12.705141,9.467908,29.328224,26.487906,24.401205,16.239075,11.344567,20.162931
1321,34.415417,24.835129,32.65749,31.222334,32.83657,18.707106,19.659391,7.539322,21.440744,3.884554,3.970015,15.263222,6.8290105,15.057804,18.514034,29.232016,21.215748,26.224741,14.295812,19.550646,17.034407,16.173777,25.256985,24.674353,12.652471,9.550182,16.33784,6.8938017,8.744773,3.4265158,25.144735,22.914259,9.215118,15.098688,20.219696
1322,24.897554,28.685884,26.61919,14.838908,30.153767,6.3295546,21.214916,10.562811,7.218517,2.5317156,11.260855,12.956585,10.126943,19.703215,11.394731,22.217192,29.509531,21.87121,22.721767,21.407196,17.424006,16.042175,27.957113,26.059244,19.768764,14.403699,5.820138,9.034736,15.819631,11.402986,27.212845,24.962036,15.489167,13.769926,21.052557
1323,26.001213,27.946455,26.02377,16.999706,32.17972,16.764507,20.461988,8.664715,22.555462,10.360044,12.660745,16.787098,8.030701,15.482788,22.31313,31.63664,22.212166,18.799965,13.962143,21.219648,14.581111,13.040325,26.57763,17.157415,15.370503,8.713831,18.550165,7.372582,12.533081,5.8081045,25.733673,23.028254,8.227166,9.686085,19.192358
1324,22.019375,30.34543,23.820015,7.58163,24.873457,5.713981,20.243664,12.186693,9.369227,4.891232,19.237623,12.50308,11.933428,22.725306,11.777767,22.659634,31.744354,18.739742,21.336298,20.023632,12.6843,10.885735,28.833145,25.262732,25.888477,17.01716,5.7393675,10.2473,13.264382,18.411701,27.346682,25.071571,15.200467,11.666023,20.421112
1325,25.939413,27.353504,27.304043,20.800913,34.301727,10.090329,23.04329,8.858616,12.570066,3.4215777,4.5352163,15.031443,7.14133,14.122382,17.441996,28.191223,23.746191,22.272465,20.645275,23.175287,22.244705,20.094528,26.695538,20.465734,11.039446,7.7169423,11.714954,6.6976433,19.521393,3.348808,26.795382,23.87394,12.57149,12.363979,20.569342
1326,26.252872,29.123821,27.855526,15.913991,29.080652,6.2106566,21.351238,11.106752,6.614417,2.8032253,12.753296,13.139897,10.722225,20.988602,10.584674,21.095856,30.255348,23.09796,22.962286,21.57355,16.746044,15.460772,28.540323,27.821756,20.579666,16.099129,5.046274,9.481887,14.243324,13.119923,27.724922,25.558823,15.856543,14.559852,21.806961
1327,20.836018,30.344042,22.00182,4.064693,8.542183,3.0317333,19.155563,16.191326,7.1759276,6.961256,27.933174,12.016658,13.684068,27.136173,9.295966,17.449774,32.89238,18.740343,22.178383,16.91424,9.009752,5.7133255,28.494581,28.491919,29.504723,23.099976,3.154698,12.798569,9.790498,31.393621,26.861431,24.776205,17.778715,11.5322695,20.699171
1328,19.113861,30.032692,22.520046,7.219334,33.205456,3.9747632,22.68784,10.762066,5.4542236,2.1141067,10.749388,13.30029,9.719787,18.483036,12.3148155,23.603704,31.053558,18.03542,25.15448,22.405735,19.857685,17.426632,28.186714,22.003027,20.287924,11.887561,6.4115734,8.599668,21.963154,10.654679,27.613804,24.821304,16.370667,10.661063,20.242718
1329,28.471764,27.872702,29.180683,20.085388,28.552528,8.013282,20.731043,10.317823,8.477995,2.6047013,10.905593,13.304753,9.960582,19.502417,11.5062685,21.862543,27.652298,24.24916,20.55635,21.225138,16.424406,14.905742,27.742815,27.627335,18.24046,14.670822,5.8981304,8.956514,12.464856,10.468747,27.115946,25.070662,13.929096,15.731498,21.628819
1330,20.079605,30.363342,22.753128,6.1742415,30.26109,4.8734727,21.276459,11.362968,7.455667,3.5052888,15.188921,12.67608,11.016541,21.114079,11.700819,23.060547,32.40981,17.844599,23.753107,20.77977,16.032106,14.298716,28.558393,23.874144,24.497782,14.867574,6.2686033,9.607599,17.609299,15.223224,27.442482,24.9067,16.275051,10.716542,20.09539
1331,24.375362,28.774492,26.168438,14.290283,31.093788,6.63942,21.2842,10.323725,8.074929,2.4941983,11.057792,12.996315,9.944023,19.085152,12.140092,23.287119,29.280031,21.208988,22.315454,21.55125,17.597725,16.058968,27.903103,25.047869,19.588116,13.451838,6.4238167,8.650828,16.41634,10.46921,27.152716,24.805098,14.973846,13.248008,20.73119
1332,21.256826,29.872955,24.15084,10.043101,32.495758,4.743713,22.56816,10.804411,6.071767,2.3729541,10.694374,13.367113,9.851235,18.935623,12.352338,23.608725,30.681446,19.587122,24.811604,22.494434,19.617527,17.589,28.415648,23.386114,19.852282,12.723103,6.354396,8.833008,20.560764,10.815477,27.801474,25.129805,16.376719,11.824187,20.777967
1333,21.361835,30.391119,22.325352,4.650728,10.750602,4.428543,19.08633,15.566217,9.044313,7.2014575,26.822495,12.367912,13.409106,26.550158,10.546781,19.295326,32.366196,18.570032,21.316492,17.033463,9.007398,5.8651648,28.554176,27.670763,29.500084,22.047733,4.4966516,12.692485,9.783828,29.677893,26.893444,24.790081,16.879433,11.53713,20.590544
1334,19.941286,29.93917,22.746384,6.6539764,30.757273,4.5356636,21.289545,11.093296,6.63596,3.0474567,14.097012,12.52633,10.742565,20.541258,11.320738,22.586382,31.966366,17.970243,23.933117,20.929554,16.583261,14.923928,28.218906,23.690582,23.452806,14.442769,5.867716,9.298233,18.051521,14.1619215,27.193785,24.682966,16.308212,10.778269,19.997713
1335,22.043978,30.493725,22.964058,5.9309263,16.12419,5.991338,19.219305,14.094101,11.156487,6.7502403,24.585375,12.450298,12.863306,25.002052,12.022897,22.015408,31.794725,18.294418,20.173582,17.960226,9.614462,6.9717727,28.74246,26.176207,28.631508,19.74622,5.8738346,11.625183,10.265577,25.257116,27.038656,24.803587,15.347988,11.431028,20.268864
1336,19.398582,23.615356,20.402454,8.443258,10.290651,30.43369,16.26085,12.062809,32.55302,25.94575,5.49603,28.358698,8.10126,20.264843,32.026653,34.42703,7.1082373,18.652872,8.692879,20.164112,4.9147534,2.7718136,22.23096,15.888785,14.429736,13.973415,31.055346,21.338236,21.858353,3.475735,18.506538,24.521065,14.969937,13.388455,24.172716
1337,21.458433,30.467505,23.154034,6.365065,22.70881,5.440483,20.024738,12.691925,9.631432,5.20892,20.802208,12.359844,12.194775,23.23158,11.772576,22.497385,31.992348,18.215807,21.1775,19.443056,11.984871,9.838154,28.796734,25.221954,26.79603,17.515669,5.6554537,10.508289,12.848123,20.277588,27.266954,24.935743,15.240972,11.331367,20.221777
1338,22.481176,29.89847,24.695374,9.634081,28.244648,4.9118466,21.002502,11.588646,6.849744,3.3902578,15.772378,12.418729,11.310529,21.765705,10.661869,21.586473,31.810505,19.911123,23.134462,20.90469,15.267531,13.87586,28.62257,25.975672,23.71511,16.339083,4.891183,9.659602,15.059964,15.82516,27.46392,25.15437,16.190388,12.247696,20.766531
1339,20.860022,29.298391,23.751842,10.874631,33.19632,5.3070545,22.838223,10.263842,7.0704,2.4763649,8.858111,13.696436,8.975575,17.109621,13.838307,25.113028,28.861115,19.157959,24.172709,22.91757,20.83512,18.519444,27.822834,21.312744,17.239613,10.596374,7.5112057,8.080036,21.98642,8.259651,27.408543,24.6056,15.499726,11.255867,20.382944
1340,29.874422,26.233425,29.940079,23.732172,29.190235,9.686148,20.178963,9.2815075,10.027004,1.8902178,7.751637,13.2273,8.811627,17.690498,12.100227,22.446962,25.403759,24.942327,19.271694,20.47877,17.161722,15.730493,26.412155,27.052782,15.483719,12.941802,7.19648,8.023146,11.893169,7.754114,26.081257,24.053364,12.896915,15.887655,20.986217
1341,21.349773,30.83208,23.316933,6.532158,29.16338,7.223987,20.587915,11.385132,11.435309,4.6763787,17.373198,13.020497,11.388724,21.626251,13.531547,25.306534,32.123875,17.630188,21.40528,20.29781,13.880235,12.018081,28.993773,23.574757,26.115528,14.93537,8.121878,9.823108,15.405078,15.8141165,27.576033,25.059315,14.683488,10.840633,19.96443
1342,25.707144,28.801992,27.314709,15.500331,29.189714,6.267946,21.14841,10.880991,6.807067,2.7154539,12.165584,13.006163,10.464073,20.516548,10.765526,21.316957,29.862223,22.589453,22.779587,21.344662,16.826283,15.559961,28.177364,27.14132,20.266226,15.5425415,5.299279,9.32696,14.635904,12.585489,27.38326,25.212418,15.704042,14.230629,21.43657
1343,22.330713,30.492777,23.533253,6.709866,17.324913,5.1541486,19.604147,13.96401,9.529189,6.3904233,23.960623,12.320597,12.931548,24.952705,11.222005,21.131264,31.946383,18.981268,20.818724,18.701221,10.235839,7.903307,28.928972,26.76118,27.848726,19.969526,4.7619123,11.489676,10.480442,24.445898,27.265566,25.078754,15.698571,11.871789,20.674349
1344,19.152412,29.914541,22.628002,8.09567,33.71952,4.2279754,23.192902,10.566191,5.6965003,2.2190735,9.254619,13.845842,9.195001,17.382805,13.360066,24.57733,29.953096,18.201366,25.148272,23.079872,21.094622,18.332914,28.09776,20.92857,18.351162,10.578148,7.093704,8.373787,23.4611,8.795712,27.700342,24.830286,16.033604,10.731803,20.385279
1345,29.48059,27.33232,29.82154,22.02477,28.926926,8.9484,20.539124,9.902264,9.447053,2.3099654,9.766262,13.323464,9.542904,18.85896,11.876372,22.350622,26.788307,24.75704,19.864176,20.98047,16.638319,15.133371,27.351387,27.606405,17.232336,14.020073,6.503583,8.562174,11.948882,9.34787,26.834877,24.787151,13.362977,15.972911,21.466692
1346,21.917704,30.456203,23.840725,7.4703717,25.017006,5.402147,20.405933,12.266636,8.918483,4.8325443,19.276659,12.488551,12.005307,22.811134,11.595626,22.466095,31.943222,18.821156,21.671904,20.21338,12.90683,11.116943,28.938341,25.405834,25.833315,17.14576,5.464634,10.257372,13.545244,18.474115,27.455538,25.178717,15.445055,11.677772,20.53324
1347,21.249352,30.396646,22.3498,4.766953,11.574143,4.1438456,19.221039,15.368065,8.675195,6.9731493,26.637932,12.199077,13.363492,26.261282,10.399898,19.250277,32.39534,18.544382,21.419146,17.379204,9.312607,6.2866616,28.585182,27.50603,29.044933,21.767426,4.2023554,12.328468,10.026616,28.96095,26.926691,24.78055,16.829237,11.441984,20.543081
1348,23.92891,29.770668,25.259014,10.867716,25.712008,7.053759,20.04049,11.554417,10.510176,4.4285493,17.57891,12.674551,11.433859,21.852278,12.259059,23.244701,30.458578,19.914242,20.126394,20.225824,12.824407,11.130011,28.6038,25.506226,24.376833,16.203945,6.2921305,9.737098,12.246461,16.129124,27.205233,25.008097,14.156401,12.654525,20.534739
1349,19.064528,30.780376,22.540092,7.140722,34.148434,4.6045036,23.463242,10.820574,7.0013213,2.7500565,10.612873,14.03026,9.560217,17.916822,14.235227,25.95951,30.72445,17.793903,25.060087,23.352848,20.749128,17.912426,28.766638,20.711475,19.632994,10.718798,7.7006607,8.515148,23.573387,9.583307,28.21752,25.235062,15.931798,10.402388,20.48993
1350,24.112406,29.543793,26.006153,12.355539,28.192055,5.412973,21.050423,11.406937,6.9215117,3.0972939,14.840093,12.54052,11.107207,21.457132,10.632417,21.449383,31.043056,21.22815,22.722212,21.17463,15.585544,14.237484,28.588968,26.763903,22.488344,16.274986,4.747182,9.498152,14.30903,14.819148,27.534803,25.290236,15.851753,13.274952,21.143316
1351,19.76139,30.345387,22.346748,5.628663,29.414242,5.1545377,21.049837,11.40889,8.285735,3.7972655,15.714909,12.696206,11.00885,21.042635,12.179288,23.535606,32.15705,17.37543,23.210451,20.527267,15.555451,13.65575,28.4586,23.333313,24.703663,14.645781,6.714367,9.603545,17.517042,15.4465,27.279272,24.743034,15.934344,10.449448,19.85839
1352,29.90301,26.331581,30.131409,24.042269,29.958351,9.468607,20.610035,9.284355,9.432536,1.8064284,6.9959025,13.513614,8.692636,17.396734,12.2034025,22.470684,25.440296,25.20731,19.98892,20.836508,18.197523,16.664072,26.522417,27.100922,14.746662,12.620337,7.2788534,8.048131,13.009841,7.114551,26.306805,24.24075,13.277152,16.00054,21.238504
1353,22.168558,30.207075,22.617859,5.751594,15.59267,8.062457,18.575605,13.857424,14.063852,7.4673696,24.22065,12.929327,12.506054,24.712324,13.570959,23.59115,30.943523,17.674376,18.80815,17.073162,8.740167,5.9617887,28.33363,25.07643,29.141912,19.066454,8.161102,11.890021,9.698042,25.086658,26.587536,24.381569,14.405065,11.061051,19.784184
1354,23.32851,28.544235,24.065674,13.960491,32.807964,18.376978,21.542448,8.835684,24.71292,14.394926,11.9609,19.158823,7.4060163,14.814074,26.047832,34.126545,20.199423,17.06878,14.122583,22.791391,15.34476,13.873974,26.626875,13.397498,13.407452,7.509217,22.361631,8.1530075,16.24129,4.274732,25.645527,23.17929,8.598687,7.8720713,19.533484
1355,28.787277,27.625456,29.385849,20.794983,28.719337,8.294631,20.677029,10.153715,8.689401,2.483085,10.315528,13.318718,9.772174,19.224947,11.600897,21.965563,27.30544,24.445772,20.420713,21.139118,16.626411,15.132616,27.557915,27.607294,17.752268,14.411804,6.1031914,8.829783,12.428563,9.994877,26.98674,24.946352,13.815595,15.81994,21.573074
1356,20.824652,30.261295,23.010082,6.2711964,24.705132,4.5433893,20.465792,12.411789,7.690478,4.536194,19.042717,12.324494,11.911395,22.728418,10.967927,21.567936,32.24701,18.315163,22.509161,19.906315,13.4210615,11.480792,28.601988,25.249254,25.77942,17.143286,5.086706,10.276273,14.433525,19.009789,27.228186,24.906626,16.06694,11.191939,20.29759
1357,22.254465,30.686485,23.558716,6.979131,25.219936,7.967409,19.831018,11.97234,12.990966,5.615313,19.795135,12.923443,11.796775,22.621618,13.75773,25.162378,31.616947,17.874533,19.908289,19.388111,11.768494,9.767167,28.936033,24.110025,27.180973,16.20781,8.243051,10.326157,12.685425,18.39491,27.353954,24.919594,14.019687,11.12616,19.936594
1358,27.511118,28.075136,28.60529,18.67336,29.335077,7.3788986,20.935165,10.398563,7.548895,2.3951592,10.589648,13.20754,9.984388,19.765064,11.019066,21.4417,28.568071,23.787062,21.84951,21.23136,17.061863,15.779887,27.777447,27.535645,18.66915,14.941919,5.767001,9.0204315,13.676584,10.955535,27.151756,25.044563,14.890309,15.15426,21.541342
1359,28.676863,27.559566,29.37687,20.903122,29.464468,8.344315,20.843636,10.044144,8.560213,2.2683067,9.460108,13.404407,9.577168,18.984121,11.6476,22.082932,27.399046,24.458897,20.984615,21.170834,17.3478,15.920276,27.45785,27.493929,17.340395,14.137048,6.4061394,8.726492,13.275934,9.560963,26.959675,24.878181,14.186604,15.628415,21.53531
1360,22.213318,30.348265,22.538345,5.480759,15.39104,8.998777,18.475765,13.922148,15.3588505,7.942012,24.244167,13.302352,12.46944,24.80481,14.416685,24.473852,30.81685,17.501188,18.485115,16.910942,8.474652,5.6607013,28.394196,24.73987,29.54348,18.976261,9.2908945,12.206445,9.793226,25.206762,26.596567,24.428383,14.259461,10.959319,19.780043
1361,20.893127,30.32428,23.238754,6.845068,29.021803,5.396198,20.87278,11.494268,8.297006,3.8763897,16.184456,12.622323,11.282123,21.608631,11.76419,23.087917,32.242836,18.1951,22.951862,20.48446,14.97068,13.323423,28.639507,24.418518,25.041063,15.501818,6.2768908,9.810115,16.199078,15.9608965,27.39118,24.962896,15.934229,11.094194,20.178196
1362,20.221287,30.377382,22.859528,6.2051578,30.001268,4.9320517,21.12619,11.398891,7.561795,3.4933724,15.538101,12.589914,11.160314,21.312048,11.551145,22.938347,32.523067,17.907267,23.612574,20.67138,15.706485,13.997844,28.59012,24.137331,24.776651,15.112872,6.1410847,9.634619,17.293344,15.422605,27.413742,24.931396,16.279247,10.797203,20.094746
1363,25.201864,29.339497,26.887459,14.181178,28.72367,5.9133983,21.173187,11.187304,7.0493484,2.8940415,13.777219,12.79533,10.878301,21.08582,10.793809,21.567993,30.530617,22.081793,22.569683,21.375053,16.092007,14.705125,28.573582,27.154129,21.567812,15.947501,4.963773,9.432378,14.197218,13.752802,27.64038,25.414904,15.6043825,13.964632,21.410206
1364,22.13916,30.197382,24.059544,8.020848,24.96231,5.249146,20.3319,12.182766,8.385299,4.6933804,18.966421,12.426931,11.943176,22.733679,11.188266,21.852554,31.719603,19.117565,21.639805,20.227827,12.897507,11.2059965,28.78413,25.657738,25.42108,17.258205,5.111759,10.201803,13.224571,18.218533,27.331638,25.116825,15.440131,11.88917,20.588783
1365,26.968542,28.862556,27.940815,16.941376,28.771944,8.017076,20.688393,10.575424,9.941041,3.0256553,13.225626,13.103821,10.45516,20.013983,12.312058,23.347237,28.730524,22.591349,20.091396,21.274918,15.324442,13.665327,28.303053,26.52091,20.443342,14.632004,6.33714,8.853463,12.603212,11.61388,27.371124,25.183086,13.571045,14.5426655,21.201897
1366,23.13932,30.280102,23.881199,7.9622707,23.00821,9.18837,19.147886,12.05266,14.8259,6.343311,20.633162,12.988819,11.796551,22.82111,14.390397,25.537355,30.606888,18.087376,18.351498,18.776817,10.310522,8.336238,28.659245,24.015263,27.300735,16.566385,8.970897,10.506168,10.734673,19.116848,26.966421,24.633831,13.149244,11.320758,19.784883
1367,28.009949,27.952621,28.726662,19.242994,28.379852,8.039868,20.526728,10.305365,8.9649515,2.6910129,11.61392,13.105251,10.050618,19.553932,11.632472,22.14116,27.754534,23.670216,20.114702,21.060238,15.837068,14.313671,27.718302,27.19978,18.812176,14.616293,5.946205,8.820834,12.109049,10.783224,26.999062,24.924091,13.601726,15.32885,21.344927
1368,21.254976,30.539223,23.346493,6.6956096,26.578484,5.502069,20.533363,11.959734,9.101264,4.437012,18.435047,12.4985,11.761483,22.34165,11.842626,23.031462,32.22011,18.228418,21.997261,20.200405,13.537316,11.673529,28.856031,24.750587,25.87978,16.33041,5.991748,9.985267,14.612422,17.608582,27.436834,25.052635,15.458,11.198923,20.232655
1369,22.635466,29.895264,22.4268,5.619844,16.29897,12.756749,17.572256,13.198236,19.804918,9.109982,22.787998,14.31219,11.822494,24.071257,16.997475,27.099812,29.303272,16.845694,16.294119,16.134214,7.30408,4.7215295,27.837162,22.9166,29.753984,17.71391,13.224281,12.620802,9.086646,23.391705,25.94223,23.96131,12.609945,10.619761,19.272694
1370,21.818619,30.174904,24.296627,8.646751,29.598143,4.659642,21.264278,11.496965,6.557815,3.1305003,15.518558,12.409326,11.29933,21.689146,10.619367,21.800142,32.419666,19.458761,23.742296,21.037432,15.793883,14.381815,28.732817,25.683216,24.049957,16.044674,4.998411,9.52811,15.944319,15.61372,27.60554,25.197018,16.474533,11.787273,20.662853
1371,26.283882,28.849848,27.510406,15.871971,27.570541,6.799533,20.698915,10.99888,8.152139,3.1563985,13.903996,12.887133,10.746932,20.712374,11.211347,21.764984,29.293886,22.55364,21.003527,21.165213,15.186393,13.675696,28.28856,27.09741,20.85798,15.705513,5.238966,9.286648,12.65246,13.110656,27.338108,25.222073,14.464053,14.505553,21.359064
1372,22.979624,29.836334,25.045296,10.579564,29.05028,5.5794907,21.058975,11.295557,7.74322,3.2250357,14.91476,12.56477,11.042281,21.199066,11.34446,22.53389,31.349386,20.08916,22.743319,21.091967,15.652631,14.216364,28.618187,25.647577,23.124718,15.580729,5.5125446,9.409877,15.332086,14.594095,27.500652,25.151201,15.750194,12.456886,20.730629
1373,21.558996,29.76771,23.913124,9.292763,27.699165,5.3070574,21.350163,11.473085,8.166087,4.4999566,15.558645,13.129985,10.856557,20.153915,12.81585,23.416498,29.771059,19.081907,21.949924,21.663015,15.791584,13.747082,28.407581,23.459284,21.4402,14.364835,6.1308775,9.329153,16.522367,13.768198,27.291931,24.941717,14.97406,11.643329,20.616816
1374,22.744505,29.551636,22.096222,5.4636946,17.025246,15.824127,16.855137,12.606016,23.682825,10.061784,21.631273,15.085438,11.243355,23.352259,19.314358,29.526186,28.079388,16.066729,14.495723,15.470827,6.4237514,3.9857183,27.367777,21.176685,29.97046,16.47416,16.60961,12.888288,8.759718,21.91786,25.393463,23.508898,11.263148,10.148796,18.730392
1375,21.725483,30.47565,23.399868,6.900694,25.863783,6.673016,20.126545,11.911371,10.901813,5.0596747,18.915932,12.727042,11.716892,22.353968,12.780652,23.997395,31.738806,18.025745,20.901451,19.741865,12.668203,10.749546,28.792397,24.380009,26.37882,16.170885,7.083802,10.198648,13.671464,17.841312,27.309273,24.924608,14.699414,11.234619,20.062428
1376,24.205566,29.441854,26.012669,12.685178,28.745285,5.8455,21.010052,11.160896,7.571383,2.962719,14.281143,12.585117,10.893982,20.990759,11.087726,22.08746,30.696676,21.113039,22.346016,21.17703,15.740793,14.323026,28.484585,26.33708,22.164965,15.636539,5.208041,9.281823,14.486803,13.980237,27.460022,25.179253,15.446998,13.247917,20.981112
1377,26.092937,28.51609,27.37281,16.456882,29.710316,7.3664412,20.907585,10.375175,8.733683,2.6859014,11.719212,13.062202,10.102688,19.413618,12.009922,22.911808,28.643896,22.29857,21.112427,21.346807,16.534275,14.961241,27.920963,26.061096,19.48493,14.070792,6.2270193,8.751264,14.23639,10.768824,27.137959,24.92356,14.225573,14.203926,21.033577
1378,30.008955,27.236027,29.822426,22.324217,27.812584,11.195907,19.81109,9.733282,13.230091,3.2576945,11.081441,13.653395,9.499889,18.543716,13.732542,24.368322,25.497536,24.168356,17.141438,20.502565,14.682903,12.892641,27.167843,26.361904,17.702803,13.359647,8.415191,8.311919,10.005993,9.065265,26.426258,24.439323,11.490823,15.478889,20.994448
1379,22.454622,30.195744,22.380775,5.287185,15.440081,11.708994,17.882282,13.641558,18.695448,8.922952,23.535479,14.125291,12.106499,24.556036,16.393446,26.453115,29.923021,17.032701,17.07645,16.289558,7.5811524,4.8386617,28.124348,23.573275,30.043715,18.323679,12.247194,12.7460785,9.423535,24.528622,26.239992,24.20991,13.3013935,10.73129,19.512548
1380,22.034525,30.569572,22.878803,5.7432737,15.730772,6.224792,19.167517,14.198902,11.587008,6.911254,24.831007,12.548688,12.887839,25.112255,12.265753,22.265915,31.821417,18.18626,20.08144,17.798372,9.472642,6.726174,28.765816,26.120598,28.909214,19.787043,6.1880636,11.742468,10.249624,25.607515,27.0482,24.80545,15.332105,11.370144,20.239231
1381,21.465908,30.247734,22.2585,4.8237085,11.866309,5.3250184,18.850042,15.08292,10.344435,7.2094407,26.151663,12.447071,13.1394825,25.98665,11.287279,20.38956,31.91235,18.18643,20.553593,16.890335,8.856234,5.750256,28.384361,26.893665,29.434597,21.164642,5.400154,12.438287,9.714628,28.48713,26.710909,24.574371,16.14533,11.361679,20.26266
1382,23.58851,29.690641,25.535896,11.229863,27.177174,5.101298,20.858938,11.677027,6.877325,3.4140928,16.092142,12.380008,11.3915825,21.949373,10.421778,21.133402,31.351141,20.777369,22.573519,20.949295,14.809831,13.459308,28.640291,26.725605,23.314878,16.824814,4.461322,9.664187,13.803423,15.991256,27.471598,25.25036,15.901263,12.939528,21.038631
1383,25.327208,29.383913,26.699406,13.915377,27.416988,6.8075485,20.62441,11.198036,9.037924,3.4288583,15.265503,12.74606,11.027234,21.096272,11.655799,22.582369,29.950348,21.540257,20.82878,21.059734,14.531579,12.964557,28.560421,26.472897,22.216766,15.78541,5.5526247,9.287671,12.780087,14.043833,27.427063,25.2365,14.415726,13.7282715,21.075163
1384,19.021814,30.586073,22.534466,7.7400513,32.88598,4.6501093,23.66102,10.927374,7.5595517,3.5555704,11.048069,14.252648,9.439267,17.318796,15.1828985,26.605717,29.387917,17.838884,24.360744,23.90037,20.844225,17.864174,28.654799,19.752644,17.973272,10.242504,7.901409,8.252192,23.66893,9.073155,28.078949,25.126629,15.447926,10.173085,20.584358
1385,28.002113,28.235737,28.684944,18.952503,28.18601,8.453378,20.533293,10.384144,9.942688,3.1285856,12.481578,13.345714,10.200823,19.453718,12.371583,22.959242,27.502714,23.39204,19.36903,21.252668,15.350668,13.570039,27.92719,26.713043,18.97943,14.322224,6.371168,8.779028,11.907396,10.588114,27.115316,25.03923,12.994061,15.17565,21.357313
1386,22.04632,30.3991,23.185997,6.1458764,15.464016,4.7174706,19.4151,14.384132,9.034309,6.376229,24.860403,12.165019,13.078617,25.41611,10.672371,20.227701,32.18667,18.8847,20.973083,18.16917,9.827016,7.2736306,28.771355,27.167105,28.35475,20.626375,4.356917,11.7089815,10.014671,26.004457,27.133524,24.940176,15.987428,11.791396,20.591982
1387,33.21787,24.691835,31.735744,29.585932,31.08116,16.31862,19.354053,7.7928386,18.705135,2.9154522,4.916824,14.289078,7.181933,15.388481,16.598963,27.268301,21.818693,25.688107,14.911099,19.339497,16.610083,15.474905,25.10217,25.097435,13.155244,10.108713,13.657365,6.7758493,8.900552,4.3926167,24.939962,22.754929,9.727737,15.215048,19.98137
1388,30.305119,25.081732,30.129978,25.946405,30.07722,10.60438,20.150753,8.524124,10.804447,1.6175911,5.0627933,13.418722,7.835731,15.886241,12.948709,23.05182,23.47756,25.228886,18.68671,20.295685,18.47936,16.952982,25.464823,26.035969,12.695767,11.111334,8.399596,7.349338,12.506162,5.1730447,25.429707,23.356966,12.233808,15.781073,20.60433
1389,19.94261,23.833887,20.884201,9.25824,12.317633,30.763765,16.623932,11.745125,33.003998,26.353931,5.7818184,28.424429,7.8994956,19.749123,32.482517,34.813774,7.2447977,18.621374,8.621559,20.50792,5.4667325,3.5780866,22.384005,15.312775,13.774094,13.536474,31.719618,20.616165,21.323732,2.9666405,18.819254,24.4022,14.312324,12.833784,23.997232
1390,21.054825,30.428598,22.196674,4.299521,9.05165,3.300764,19.222172,16.110237,7.4877553,7.0460086,27.7111,12.140838,13.668208,27.100288,9.549334,17.82166,32.84133,18.842262,22.098011,17.032896,9.076488,5.825853,28.596981,28.455938,29.50919,22.986908,3.3852537,12.839518,9.812007,31.095434,26.956867,24.876076,17.671108,11.621558,20.788286
1391,19.441229,23.563398,20.506203,8.834906,10.860584,30.856169,16.411535,11.9935055,33.059837,26.280554,5.41506,28.554512,7.9321513,19.79448,32.63511,34.91603,6.488492,18.670605,8.320021,20.462297,5.1926312,3.112962,22.168129,15.295138,13.753922,13.619321,31.625036,21.140125,21.65398,2.9364867,18.485703,24.467752,14.569122,13.1358595,24.191254
1392,28.970875,27.518042,29.477829,21.030668,28.667519,8.386504,20.537443,10.093077,8.764626,2.3031046,10.249865,13.146676,9.739499,19.347233,11.374285,21.805037,27.415909,24.527702,20.390577,20.926064,16.480762,15.11469,27.472824,27.815252,17.935598,14.586637,6.0477743,8.760664,12.027222,10.236767,26.902128,24.852566,13.833348,15.837238,21.47989
1393,21.57368,30.624634,23.5551,7.0319157,27.193806,6.132146,20.548641,11.807924,9.950284,4.645065,18.097656,12.731629,11.670066,22.171879,12.475835,23.821085,32.033848,18.256481,21.689417,20.3087,13.550423,11.737702,28.963701,24.529078,25.888193,15.995358,6.654113,10.040047,14.686518,17.037958,27.52291,25.138533,15.193403,11.305187,20.274775
1394,28.229284,27.917702,28.995033,19.526022,28.227976,7.680185,20.613768,10.422037,8.046859,2.5533395,11.289384,13.092809,10.094988,19.920998,11.017943,21.340433,28.087702,24.133535,20.818819,21.055908,16.131704,14.778284,27.762825,27.875683,18.825054,15.1950035,5.5231934,9.067882,12.178799,11.242485,27.089539,25.051794,14.208017,15.656028,21.58731
1395,22.459969,30.100843,24.59505,9.372961,28.506432,5.4508667,20.940895,11.494308,7.9406447,3.5757537,16.000475,12.534875,11.309624,21.622168,11.3582325,22.548943,31.714586,19.583096,22.600914,20.929466,14.995656,13.494645,28.75207,25.46634,24.010212,15.924424,5.4947233,9.592306,15.07697,15.493342,27.527504,25.18275,15.714653,12.108183,20.645472
1396,22.077827,28.620062,22.834751,10.830288,31.733227,16.97814,20.439875,9.100401,23.347641,11.62272,11.874559,17.56033,7.883602,16.078814,23.739056,33.15793,22.893147,16.098759,15.379779,20.946672,14.517626,12.958726,26.535107,14.638249,17.48769,8.504236,20.59041,8.8643,16.446365,6.9093385,25.452702,22.965916,9.745573,8.035779,18.778294
1397,21.484585,30.4811,23.052197,6.118017,20.559397,5.1880803,19.857105,13.178768,9.564469,5.611044,22.084332,12.297154,12.47039,23.79659,11.592744,22.011086,31.97859,18.287258,21.018047,19.13568,11.324157,9.018828,28.812014,25.607258,27.215387,18.293526,5.29364,10.836363,12.145208,21.835453,27.228624,24.940018,15.376674,11.410986,20.306103
1398,21.17495,30.496122,22.235367,4.3893833,9.774701,3.8530517,19.221462,15.918127,8.316686,7.2254577,27.434258,12.304334,13.569854,26.87739,10.148543,18.630295,32.652203,18.696875,21.771902,17.069696,9.094612,5.8565826,28.644415,28.065948,29.540236,22.555292,4.008668,12.809111,9.887139,30.547754,26.99083,24.887344,17.33567,11.55563,20.732876
1399,19.450651,31.053091,22.327023,5.7030563,31.51615,5.3944035,22.242968,11.289867,8.983833,3.9426262,14.538682,13.468181,10.535584,19.954596,13.958943,25.713411,31.773863,17.217997,23.619417,21.868202,17.430744,15.063361,28.997704,21.787544,23.28447,12.909047,7.850648,9.234206,19.822987,13.531843,28.007227,25.163116,15.554465,10.163477,20.171358
1400,23.23008,29.918093,24.93679,10.019984,26.16679,6.016264,20.379274,11.7311325,8.960062,4.186482,17.440126,12.513473,11.545612,22.10418,11.506847,22.408348,31.152502,19.84241,21.334276,20.464918,13.495166,11.944329,28.692116,25.79208,24.425615,16.604895,5.5290604,9.82235,13.158935,16.586681,27.332914,25.109627,15.063091,12.440761,20.661465
1401,20.268188,23.93526,21.23537,9.889896,13.313363,28.90919,16.883125,11.546272,30.910181,25.207705,6.3149395,27.468105,7.9909573,19.55026,30.928291,33.443565,8.3146925,18.779045,9.388124,20.614647,6.13011,4.2738624,22.553553,15.844379,13.476504,13.532309,29.789888,19.631535,20.804379,3.230112,19.199677,24.259592,14.205548,12.798917,23.722435
1402,21.566227,30.687489,23.173244,6.306865,25.313047,6.934077,20.044994,12.077353,11.579844,5.267287,19.690397,12.744292,11.837184,22.579292,13.092062,24.391016,31.966953,17.711031,20.693163,19.526703,12.311467,10.2432785,28.88743,24.219353,26.972351,16.263868,7.4456625,10.258775,13.505269,18.50471,27.358746,24.91607,14.568663,10.991816,19.94678
1403,21.86546,30.144136,22.728355,5.8344555,15.266009,5.8042645,18.967335,14.12109,10.783591,6.710577,24.590374,12.326821,12.796463,24.977753,11.657892,21.374332,31.52338,18.214193,20.033134,17.58157,9.365418,6.6639767,28.413898,26.185055,28.519264,19.867838,5.635846,11.677985,9.884199,25.599876,26.750761,24.553356,15.292091,11.417832,20.118734
1404,20.677982,24.135162,21.151657,9.455996,13.848619,30.83168,16.29159,11.3078785,33.945942,25.220137,6.671812,27.47547,7.8185472,19.458294,32.23865,35.237125,8.7325325,18.050844,8.221395,19.62072,5.265969,3.497691,22.577835,14.881476,15.070665,12.962746,32.0546,19.633951,19.54642,3.7414968,19.23001,23.92248,13.001538,12.207378,23.04372
1405,23.07932,30.425596,23.92838,7.773663,20.779276,7.644628,19.330269,12.790352,12.943116,6.434517,22.149544,12.738796,12.299273,23.645939,13.273617,24.037107,31.058956,18.529247,19.124323,18.853666,10.159716,8.061785,28.860643,25.14467,27.503172,17.888662,7.2533226,10.842331,10.453258,21.110466,27.144855,24.87988,13.99985,11.66494,20.186104
1406,27.894262,27.90912,28.75243,19.396202,29.242317,7.907456,20.802435,10.210913,8.482112,2.434134,10.500746,13.206248,9.846856,19.333485,11.590266,22.156477,27.890715,23.813065,20.953863,21.201385,16.821974,15.378356,27.672503,27.214201,18.294538,14.366066,6.0969515,8.8221,13.237903,10.271202,27.05315,24.947947,14.185053,15.295305,21.418337
1407,20.374523,30.183897,22.382492,5.092737,19.50146,3.3166714,19.978659,13.498005,6.7416406,4.904796,22.20405,11.851315,12.549549,23.955135,9.875315,19.656645,32.47682,18.217573,22.193048,19.005259,11.812671,9.332798,28.485737,26.160872,26.888556,18.852755,3.635887,10.806756,12.670024,22.727793,27.039223,24.76277,16.27328,11.282461,20.281334
1408,21.342201,30.418201,22.466328,4.8490005,11.429996,3.9639766,19.286175,15.468138,8.320932,6.975817,26.636246,12.219787,13.428998,26.438654,10.204145,18.97586,32.485718,18.74383,21.608175,17.414871,9.34671,6.3465056,28.643982,27.79435,29.109762,22.026571,3.9668226,12.4902935,9.962597,29.228535,26.99839,24.877277,17.002314,11.604011,20.692648
1409,22.18807,30.535614,23.014946,5.9179435,15.512599,6.2379384,19.162937,14.266922,11.467228,6.9745216,24.786482,12.623197,12.91622,25.235022,12.18348,22.084816,31.771402,18.373184,20.109642,17.767609,9.421922,6.678609,28.765755,26.32246,28.92389,19.979801,6.1239862,11.894539,10.0965395,25.785564,27.056334,24.856544,15.392297,11.52084,20.352942
1410,21.828175,30.521011,22.579544,5.1620827,13.302305,5.966286,19.005825,14.821035,11.283374,7.27288,25.766136,12.645273,13.0882015,25.785572,11.970644,21.493832,31.933384,18.211214,20.32153,17.210062,9.035709,6.0095224,28.65208,26.61757,29.49893,20.680141,6.032626,12.324287,9.93232,27.579046,26.944693,24.76833,15.825679,11.3936615,20.330061
1411,21.649925,30.476748,22.910496,5.916295,18.795763,5.6531553,19.529425,13.498156,10.4931965,6.0897665,23.123636,12.3398905,12.595948,24.226332,11.904614,22.21666,31.877647,18.135485,20.535652,18.565947,10.543637,8.089716,28.748692,25.67097,27.893623,18.755228,5.7062473,11.118149,11.346275,23.18879,27.109465,24.821486,15.242609,11.328433,20.18724
1412,21.4477,30.363823,22.472416,5.025929,12.488186,4.6082053,19.15925,15.078938,9.260126,6.926454,26.092842,12.268023,13.236299,25.999744,10.750891,19.84576,32.21574,18.486473,21.096155,17.412548,9.30776,6.361868,28.572653,27.226786,29.024921,21.33462,4.6044254,12.246983,10.014736,28.186718,26.910805,24.758234,16.481153,11.483348,20.468903
1413,32.429688,25.340105,31.504303,28.45159,31.206291,14.285831,20.068544,8.253442,16.059647,2.5414004,5.039448,14.208794,7.5663967,15.79717,15.636415,26.329756,22.817883,25.807837,16.715475,20.151659,17.70541,16.40265,25.708675,25.654465,13.1439495,10.585574,11.893194,7.100423,10.842819,4.7488832,25.562244,23.370346,10.958761,15.5365095,20.535648
1414,21.20067,30.394539,22.244862,4.4774485,9.917424,3.9274666,19.156042,15.829876,8.35346,7.2024236,27.214624,12.295628,13.519318,26.793377,10.147799,18.644234,32.521374,18.690542,21.665632,17.028387,9.051533,5.8573503,28.563335,27.998034,29.471077,22.474068,4.032798,12.80086,9.809383,30.354433,26.914085,24.828959,17.243994,11.5738735,20.69589
1415,21.638342,29.993689,24.184464,8.854956,30.246847,4.72957,21.387695,11.305246,6.4264736,2.9081135,14.319024,12.533793,10.983557,21.132122,10.856685,22.051012,32.088223,19.423391,24.00482,21.161938,16.524458,15.072958,28.560308,25.302034,23.320185,15.414486,5.299121,9.446109,16.921991,14.607687,27.523773,25.105082,16.579218,11.802839,20.602568
1416,19.344862,23.600641,20.521317,8.818973,10.491789,30.928526,16.552092,12.15242,32.98025,26.557623,5.2397614,28.848495,7.9957623,19.947054,32.80436,34.980545,6.1934423,18.886719,8.42724,20.739561,5.25374,3.1150684,22.231033,15.482943,13.559275,13.790475,31.619919,21.44853,22.131044,2.7955174,18.48052,24.690416,14.919195,13.359915,24.509684
1417,28.425999,27.097298,29.020248,21.244204,30.13203,8.779981,20.704268,9.5676155,9.457694,2.0557308,8.730267,13.304944,9.162671,17.876509,12.330544,22.933784,26.432177,23.975658,20.05773,21.051826,17.526619,15.876093,26.98576,26.445673,16.4011,12.77819,6.9783287,8.135839,13.389249,8.071508,26.569618,24.418304,13.283057,15.258746,21.046164
1418,21.416155,29.95812,22.67152,5.809655,15.360659,4.4815574,19.22879,14.17976,8.77409,6.4442263,24.300358,12.008296,12.865304,24.942305,10.665856,20.087301,31.621168,18.483393,20.883593,18.111809,9.909183,7.500977,28.353899,26.521019,27.660898,20.24087,4.299794,11.561184,10.456135,25.398232,26.70551,24.58249,15.997051,11.485503,20.308922
1419,29.185352,27.266127,29.619427,21.739119,28.882658,8.714332,20.57184,9.913395,9.095947,2.3443933,9.618627,13.338924,9.512221,18.762794,11.808746,22.175247,26.726511,24.641914,20.0526,21.014114,16.803986,15.289641,27.277102,27.468037,17.046389,13.953622,6.414647,8.606015,12.29129,9.263213,26.777042,24.742111,13.504494,15.903857,21.45377
1420,27.210772,28.206566,28.280453,18.165579,29.113895,7.397645,20.888102,10.405176,8.053532,2.5747938,11.189929,13.164449,10.063904,19.601427,11.453144,21.993963,28.34383,23.385502,21.226854,21.317476,16.660234,15.1699,27.861534,27.069448,18.877533,14.587838,5.8065577,8.9685,13.532485,10.805507,27.177984,25.057596,14.383305,15.05889,21.427876
1421,26.636257,28.689358,27.763016,16.573847,28.163437,7.102668,20.683437,10.761202,8.384192,2.91016,13.226037,12.880086,10.55566,20.409628,11.306624,21.980072,29.07511,22.74721,20.866388,21.159428,15.432046,13.955782,28.184038,27.078743,20.492147,15.353886,5.435644,9.103877,12.62161,12.441816,27.290823,25.153755,14.261959,14.656294,21.30629
1422,23.016617,29.744053,22.367996,5.7709994,17.512472,16.013657,17.017302,12.56642,23.952223,9.992985,21.456219,15.151274,11.257043,23.374264,19.517288,29.904583,28.18303,16.279327,14.544941,15.712557,6.6093855,4.188071,27.586607,21.250542,29.96155,16.392326,16.748093,12.866706,8.888543,21.630556,25.606186,23.692493,11.258548,10.277012,18.869617
1423,20.830502,30.353355,23.350712,6.8337755,28.867884,4.7072506,21.03255,11.6687565,7.123548,3.6599083,16.4104,12.486236,11.431104,21.888916,10.995185,22.122948,32.598648,18.476885,23.506588,20.630968,15.142357,13.542416,28.692081,24.961397,24.957014,16.023829,5.479451,9.80768,16.164501,16.411995,27.472645,25.060461,16.376774,11.157132,20.356548
1424,21.338127,29.69455,24.111427,9.48947,31.490377,4.6288176,21.877176,10.961002,5.7999625,2.445525,12.041784,12.899384,10.333008,19.911306,11.270464,22.373356,31.311548,19.528196,24.582964,21.687382,18.213259,16.517231,28.273445,24.432829,21.355408,14.051012,5.6982384,9.117956,18.888052,12.47014,27.483274,24.985886,16.6488,11.814567,20.622566
1425,22.572153,30.189016,22.500511,5.531422,16.435858,11.964775,17.907444,13.371435,19.016796,8.848726,23.17001,14.115827,12.005098,24.274612,16.600962,26.83714,29.848545,16.984074,16.892605,16.454742,7.691581,5.071325,28.135702,23.313433,29.848082,17.942245,12.473259,12.513501,9.452161,23.765127,26.248642,24.180685,13.033421,10.662527,19.435022
1426,22.259645,30.68462,23.15443,5.879839,14.965436,5.7756443,19.323517,14.569359,10.75984,6.9555607,25.258968,12.606174,13.11538,25.65054,11.740623,21.481133,32.130524,18.661911,20.540575,17.831482,9.467625,6.6771307,28.926165,26.900522,29.13554,20.55811,5.6020775,12.08297,9.986269,26.597376,27.23202,25.034964,15.782792,11.675882,20.591364
1427,20.20463,23.880646,21.017097,9.427811,12.784288,31.004362,16.530037,11.617636,33.481632,26.12428,5.9243617,28.259836,7.840743,19.587349,32.602116,35.08965,7.470804,18.514277,8.384111,20.299719,5.423545,3.5804698,22.410053,15.089035,14.007926,13.315272,32.03476,20.38367,20.78638,3.032824,18.905285,24.27054,13.867084,12.660077,23.767803
1428,20.146065,30.442,22.71365,6.0810175,29.866426,5.204266,21.149755,11.375999,8.211313,3.7656982,15.625988,12.729993,11.071172,21.126287,12.131411,23.574636,32.238575,17.686625,23.260452,20.729862,15.625476,13.82038,28.618587,23.617218,24.699905,14.767339,6.579509,9.626311,17.351671,15.277605,27.434824,24.905655,15.930817,10.691382,20.033691
1429,21.814667,30.499928,22.888535,5.9122496,18.04276,6.0931015,19.3558,13.614019,11.268608,6.394641,23.587431,12.422945,12.631096,24.377804,12.270528,22.585632,31.752865,18.044094,20.17169,18.311367,10.1360235,7.6141095,28.739971,25.600145,28.21269,18.872557,6.1278906,11.2377,10.978088,23.685263,27.057419,24.771498,15.085519,11.28524,20.117672
1430,21.268274,30.42069,22.276016,4.56463,10.625462,4.241511,19.123089,15.612576,8.83395,7.1424165,27.004284,12.298146,13.441182,26.56651,10.414002,19.130941,32.461185,18.549713,21.425156,17.081827,9.059396,5.8951354,28.569767,27.70529,29.442102,22.100351,4.3294706,12.609553,9.851788,29.76696,26.908438,24.786674,16.962227,11.481514,20.57638
1431,31.580233,24.955313,30.90498,27.690502,30.334702,12.477696,19.965967,8.286243,13.488354,2.0378346,5.031518,13.688698,7.625646,15.705878,14.195488,24.519468,22.805738,25.631165,17.354269,20.08615,17.914663,16.534689,25.411127,25.875046,12.650689,10.799594,10.036838,7.0913844,11.1163435,4.895229,25.339827,23.216276,11.355902,15.740686,20.484884
1432,21.443094,30.331928,22.551064,5.1337533,12.572101,4.262595,19.225512,15.085253,8.690111,6.765672,26.071142,12.156873,13.271953,26.027077,10.391148,19.421618,32.310093,18.630768,21.292154,17.542095,9.412569,6.5336237,28.579954,27.427887,28.85867,21.476875,4.178865,12.17613,9.990038,28.161589,26.930868,24.783546,16.610611,11.552685,20.531609
1433,24.806732,25.626202,23.912086,13.504536,24.347155,29.062424,16.765291,9.185377,34.07642,20.410234,9.467498,23.537363,7.3166986,17.664965,29.744495,35.153397,15.041605,17.38837,8.7630415,18.201075,7.3659325,6.6404557,23.844187,14.392978,17.061668,10.828085,31.122519,14.074244,13.048375,5.181848,21.712923,22.46695,8.712095,9.69543,20.027885
1434,21.17519,30.416967,22.9948,6.229602,24.13879,5.586092,20.091002,12.323547,9.725214,4.920706,19.90451,12.375313,11.965192,22.730553,11.950958,22.886127,31.938072,17.947151,21.234669,19.586903,12.438435,10.3353405,28.702908,24.717619,26.479239,16.809326,5.972581,10.229374,13.50303,19.109219,27.209587,24.845087,15.094863,11.132674,20.048859
1435,21.786764,30.631659,22.766083,5.1520176,12.32118,4.7670345,19.30708,15.307375,9.419744,7.1180344,26.375011,12.488736,13.392155,26.388119,10.878879,19.97913,32.46784,18.773943,21.252176,17.45851,9.277016,6.2680387,28.83557,27.640493,29.453075,21.707912,4.7226877,12.557802,9.901883,28.756811,27.16532,25.024426,16.648592,11.6996155,20.746073
1436,28.282625,27.877962,28.896103,19.67197,28.397177,8.349667,20.469051,10.22896,9.374396,2.694543,11.519242,13.144072,9.987203,19.430208,11.822632,22.37671,27.532417,23.766945,19.821163,21.016336,15.76624,14.214511,27.66931,27.161148,18.658947,14.466248,6.1555777,8.734848,11.888905,10.553362,26.9558,24.883669,13.37768,15.37891,21.316751
1437,21.0954,30.567598,22.161438,4.1102037,8.722198,3.5282717,19.212143,16.242838,7.910241,7.189716,27.955334,12.2646,13.721171,27.273554,9.804523,18.118036,32.952885,18.786833,22.063482,16.912758,8.953268,5.5993032,28.689238,28.493454,29.89483,23.0709,3.689135,13.017936,9.826173,31.485962,27.032545,24.946213,17.708183,11.628866,20.816988
1438,22.31279,24.731695,22.277687,11.105818,18.196373,30.145828,16.545076,10.450281,33.937454,23.582512,7.8592157,26.031258,7.613797,18.713715,31.302872,35.12882,11.154011,17.779337,8.453978,19.182135,6.1197658,4.7954793,23.067461,14.614879,15.649956,12.135656,31.74587,17.385933,17.032146,4.1811857,20.204157,23.338892,11.293663,11.136839,21.877
1439,20.16964,30.872547,22.934547,6.9015117,31.599728,5.549816,22.213182,11.181232,8.91459,3.7889469,14.120518,13.444351,10.49628,19.82007,13.852392,25.61576,31.432306,17.799341,23.437529,22.056875,17.493765,15.25189,28.980356,22.15034,22.708754,12.952274,7.6082983,9.138302,19.497324,12.94683,27.998499,25.21244,15.44315,10.612792,20.325302
1440,20.252052,30.347864,23.000923,6.6488814,30.904657,4.7204328,21.489294,11.294708,6.9594736,3.1819634,14.5089,12.698156,10.908176,20.962841,11.51142,22.91367,32.48372,18.148052,24.180096,21.009165,16.608572,14.920762,28.583305,24.07633,24.084011,14.762311,6.097498,9.516841,18.047194,14.756706,27.540276,24.981258,16.511517,10.883838,20.217985
1441,21.263742,30.488834,23.048248,6.269277,24.418339,5.838501,20.125786,12.295364,10.051551,5.003076,19.772985,12.479615,11.933002,22.71663,12.197143,23.206425,31.972254,17.937014,21.235563,19.605213,12.504694,10.43061,28.762236,24.659897,26.568659,16.725462,6.285899,10.280902,13.62313,19.009218,27.266426,24.88848,15.091988,11.125769,20.066135
1442,20.767992,29.992653,23.550327,7.7294188,30.777328,4.4060698,21.44616,11.257328,5.9308214,2.7765398,14.020499,12.529295,10.902575,20.991156,10.684493,21.851854,32.342625,18.864237,24.466625,21.046427,16.837652,15.313717,28.410076,24.88468,23.440012,15.172139,5.3594704,9.427962,17.707956,14.545187,27.415174,24.964449,16.861671,11.307964,20.405874
1443,21.504747,30.566856,22.594238,4.7757664,10.581931,3.8106499,19.317207,15.797028,8.047043,7.017707,27.10549,12.286321,13.611506,26.936678,9.93446,18.57518,32.821953,18.986168,21.882004,17.278124,9.189195,6.085655,28.779535,28.356176,29.586746,22.621834,3.746165,12.804768,9.772878,30.198065,27.134495,25.035067,17.331999,11.798732,20.886696
1444,22.909624,29.939203,22.50301,5.7996345,18.04442,14.545967,17.40056,12.655163,22.158913,9.472571,21.953499,14.718396,11.49528,23.508444,18.461437,28.92988,28.887245,16.470964,15.358109,16.145605,7.122013,4.728244,27.826267,21.882578,29.821468,16.705296,15.187373,12.50026,9.103344,21.873863,25.88305,23.861856,11.733198,10.338929,19.014278
1445,21.226082,29.897346,23.148632,8.083335,27.503687,7.264793,20.731434,11.206381,11.833585,5.622126,16.881948,13.396496,10.763723,19.948635,14.752851,25.652662,29.30323,17.689138,20.017498,20.874678,14.285037,12.129679,28.26222,21.733042,22.607166,13.516174,8.512595,9.192162,15.404017,14.0293665,26.974573,24.487984,13.467919,10.549198,19.854506
1446,20.841505,30.218243,22.01696,4.2425556,9.038625,3.112089,19.117954,15.990839,7.214785,6.918366,27.586424,11.982666,13.58356,26.88147,9.343506,17.544872,32.671944,18.696545,22.021742,16.973875,9.074891,5.8553042,28.3966,28.265604,29.205034,22.827513,3.1937227,12.648801,9.787614,30.834663,26.772348,24.688358,17.580652,11.497996,20.621933
1447,21.701113,28.19665,24.063217,13.523947,33.18989,7.267393,22.563295,9.509043,9.968883,2.9982054,7.042506,14.014404,8.021758,15.248604,15.889476,27.09593,26.0941,19.28372,22.211676,22.843243,21.161697,18.826855,26.924074,19.467314,14.377155,8.569918,9.548314,7.254489,21.655128,5.6078744,26.628231,23.802486,13.943132,10.899405,19.861977
1448,21.086927,30.468206,22.241192,4.330776,9.201454,3.3101404,19.26631,16.106905,7.497096,7.067455,27.692215,12.163565,13.679155,27.108585,9.584796,17.881802,32.86831,18.871347,22.127438,17.091978,9.118543,5.8881197,28.639912,28.469835,29.514193,22.98834,3.3971708,12.847538,9.840511,31.0585,26.99811,24.914345,17.679956,11.632687,20.824373
1449,23.535961,30.189697,23.659359,7.645973,21.526707,12.140738,18.40044,12.130793,18.805626,7.9008207,21.063223,13.886084,11.616533,22.960629,16.655636,27.657204,29.627476,17.54549,16.63715,17.82885,8.852431,6.800355,28.401255,22.922804,28.219276,16.382994,12.151905,11.263143,9.763456,19.682295,26.571943,24.360947,12.151981,10.971945,19.49241
1450,21.41657,30.15033,22.568901,5.420419,13.8037405,4.3084774,19.172112,14.640903,8.689131,6.4394155,25.42328,11.974092,13.0827265,25.499022,10.365879,19.597404,32.094868,18.498432,21.042295,17.7318,9.571234,6.861559,28.44405,27.025059,28.360718,20.873535,4.1368275,11.734477,10.053661,26.915127,26.805002,24.62614,16.234676,11.466359,20.325155
1451,21.56418,30.491888,22.510975,4.9601736,12.246903,4.9221883,19.153929,15.191431,9.761829,7.126997,26.310242,12.425721,13.283789,26.159285,11.050495,20.18205,32.259663,18.475794,21.005484,17.307629,9.178349,6.149778,28.658962,27.245867,29.340181,21.419237,4.961977,12.407487,9.95156,28.527834,26.97873,24.827044,16.461998,11.477973,20.515774
1452,32.17376,25.226368,31.178986,27.592192,29.206413,13.27307,19.515787,8.536063,14.709444,2.2145944,6.3851295,13.738468,7.9575195,16.38479,14.381261,24.85317,23.071648,25.653421,16.413738,19.780949,16.460539,14.924135,25.63239,26.321003,14.08556,11.427524,10.277258,7.337953,9.742024,5.818668,25.38748,23.352234,10.889318,16.017767,20.493471
1453,21.511477,30.362923,22.561348,5.1429834,12.688628,4.561821,19.190512,15.046873,9.137901,6.869275,25.998272,12.253961,13.241472,25.99198,10.674208,19.787369,32.234753,18.567202,21.135166,17.490364,9.351437,6.452473,28.592411,27.291817,28.964346,21.35093,4.5049734,12.220336,10.002204,28.064865,26.93135,24.78543,16.493624,11.531024,20.50767
1454,21.668047,30.139582,23.94725,8.479122,29.822624,5.5424404,21.143805,11.278589,8.1158085,3.450515,14.982314,12.673988,10.998772,21.133926,11.833409,23.22095,31.864712,18.94366,23.142712,20.86274,15.856428,14.288121,28.628052,24.707788,23.939217,15.098287,6.2577267,9.542928,16.477888,14.851844,27.501453,25.044003,15.94499,11.595416,20.387417
1455,23.809124,29.862562,25.291965,10.467147,22.891773,5.8467317,20.066494,12.344797,8.922018,5.0623975,19.502415,12.689409,12.025594,22.73053,11.370847,21.517439,30.498472,20.338614,20.289448,20.376547,12.037885,10.168006,28.794132,26.385193,24.477697,17.624285,4.873864,10.310066,11.485003,17.974224,27.30743,25.288002,14.611409,13.018436,21.045465
1456,22.265991,30.482944,23.040016,6.2019253,17.489222,7.0612617,19.081238,13.621645,12.661569,6.8602867,23.896711,12.633081,12.608277,24.488699,12.945868,23.299444,31.44469,18.011574,19.484783,17.986067,9.549367,7.013924,28.710043,25.42169,28.559868,18.89455,6.995799,11.395897,10.327438,23.956568,26.971462,24.704296,14.673616,11.281346,20.034721
1457,29.44225,27.264067,29.627048,21.60596,27.32814,9.045123,20.076574,10.071903,9.905872,2.8044252,11.202206,13.22179,9.794782,19.170485,11.868373,22.098577,26.450727,24.491514,18.808336,20.709846,15.26229,13.683388,27.293262,27.48813,17.79999,14.455058,6.2853327,8.678939,10.553982,10.135887,26.631208,24.67777,12.723927,15.976899,21.350735
1458,26.104996,29.16838,27.59734,15.576145,28.638803,6.2841325,21.182634,11.122751,7.156327,2.8606982,13.325033,12.957401,10.788454,21.009014,10.8073635,21.468729,30.164576,22.784744,22.386265,21.436552,16.209278,14.834756,28.556688,27.609074,21.02114,15.999065,5.0339947,9.448843,13.779381,13.373812,27.682005,25.500069,15.466279,14.489745,21.63431
1459,21.066414,29.588083,21.439339,4.218405,10.02764,6.615295,17.97215,14.977842,12.109048,7.720034,25.84372,12.717879,12.750912,25.636757,12.165586,20.94403,30.831762,17.401794,19.33217,15.691886,7.8791595,4.5085545,27.621273,25.911459,29.69388,20.64073,6.9477835,12.807396,9.2459955,28.661655,25.940409,23.943005,15.432203,11.10881,19.66036
1460,22.637478,30.598684,23.52803,6.6960077,17.124819,6.3066344,19.360275,13.920988,11.26276,6.736474,24.083067,12.6469,12.844652,24.945076,12.151248,22.252682,31.742617,18.72803,20.120754,18.270557,9.791997,7.2487006,28.933123,26.375587,28.446775,19.643276,5.979229,11.648421,10.175162,24.537447,27.241264,25.03184,15.170786,11.801673,20.514378
1461,21.1056,30.471865,23.295963,6.7827854,27.84272,5.659833,20.709759,11.71159,9.062717,4.347695,17.30728,12.673604,11.505691,21.91885,12.116107,23.38129,32.108715,18.16513,22.329351,20.385744,14.217505,12.463491,28.790438,24.433422,25.447355,15.799108,6.419568,9.952263,15.472708,16.654507,27.434114,25.040686,15.609792,11.138077,20.224966
1462,21.926079,30.366066,22.6002,5.544599,15.08168,6.8385487,18.862942,14.166336,12.530778,7.2049522,24.734726,12.687011,12.749926,25.005844,12.763031,22.701735,31.3916,17.883276,19.584698,17.364468,9.096492,6.2570686,28.513872,25.670267,29.045797,19.579674,6.9145994,11.880564,10.085202,25.72518,26.777523,24.574596,15.054835,11.200102,20.013876
1463,20.829727,30.28048,23.470127,7.2151093,30.277887,4.6331944,21.29329,11.4174,6.681085,3.1932395,15.192057,12.50426,11.178838,21.478882,10.9200115,22.205698,32.66158,18.625645,24.055185,20.855894,16.055922,14.536358,28.635296,24.931273,24.421177,15.55123,5.532526,9.60826,16.969456,15.4726,27.528069,25.059057,16.613256,11.199205,20.373976
1464,27.5644,28.157244,28.537178,18.766869,29.51827,7.754472,20.919567,10.283012,8.4654665,2.44497,10.751284,13.200724,9.938826,19.446148,11.65765,22.349527,28.236565,23.56808,21.169308,21.308266,16.882563,15.417431,27.837214,27.096697,18.656166,14.374454,6.1014833,8.8475,13.576024,10.445826,27.186409,25.042282,14.314848,15.111542,21.41517
1465,23.840048,24.711231,23.50235,14.284532,25.230669,27.698483,17.418102,8.935438,31.313217,20.62564,6.6819067,23.477459,6.7729154,16.978022,28.988766,33.983025,13.759157,17.887802,10.572526,19.299202,9.39306,9.34931,23.158657,14.438254,14.085085,10.794046,29.84412,13.935524,15.644438,3.4140353,21.099356,22.270483,10.700648,9.704392,20.3657
1466,21.698051,30.429909,22.517078,5.131729,13.198341,5.667296,19.010931,14.82719,10.837185,7.1739697,25.74591,12.534769,13.08808,25.755383,11.70091,21.137411,31.92625,18.226845,20.44696,17.249575,9.096562,6.1113553,28.582262,26.669157,29.314238,20.749563,5.717304,12.260667,9.962452,27.582842,26.885,24.717085,15.929496,11.378188,20.316236
1467,25.287785,28.834435,27.02615,15.107195,29.986252,6.2892704,21.292534,10.745174,6.845888,2.5957935,11.497657,13.096211,10.290094,20.154604,11.044766,21.724699,29.87443,22.285107,23.092808,21.45118,17.385984,16.085005,28.131548,26.655552,19.996452,15.014335,5.647274,9.231655,15.595797,11.937824,27.379673,25.158106,15.820558,13.970983,21.322977
1468,20.292246,30.89964,22.817661,5.9892883,30.15093,5.756594,21.428528,11.46677,9.306501,4.135146,16.065168,13.051791,11.094881,21.110096,13.05915,24.698328,32.30599,17.5871,23.024086,21.017654,15.715335,13.736146,28.98382,23.224522,24.873482,14.4579735,7.360922,9.622354,17.556898,15.24377,27.77822,25.142052,15.624912,10.554669,20.151154
1469,20.94928,30.570179,22.033024,3.9341226,8.375089,3.3939745,19.214266,16.32484,7.8054028,7.215598,28.164747,12.230671,13.739508,27.30502,9.755369,17.987398,32.98708,18.715477,22.12897,16.874254,8.954629,5.551034,28.671753,28.482924,29.887556,23.128714,3.6325686,13.011307,9.882123,31.71008,27.015331,24.92025,17.789246,11.556874,20.788132
1470,20.927557,30.38757,23.60913,7.3252625,30.544647,4.607335,21.411335,11.436504,6.591413,3.098599,15.1586275,12.534318,11.206752,21.521313,10.880736,22.222519,32.813263,18.747252,24.21174,20.976994,16.216423,14.688037,28.737677,25.065453,24.42094,15.584026,5.487874,9.5754385,17.077093,15.425842,27.640268,25.154943,16.702948,11.235684,20.459835
1471,28.860495,27.500456,29.456135,21.111004,28.978727,8.429889,20.723251,10.063656,8.726953,2.4204533,9.818148,13.415921,9.631233,18.975306,11.715106,22.051283,27.107134,24.520655,20.492615,21.148785,16.943716,15.426286,27.44634,27.501665,17.32925,14.154916,6.3144255,8.760004,12.73322,9.568077,26.92629,24.882444,13.8317,15.804367,21.558298
1472,22.0221,30.457573,22.902615,5.6602297,14.004997,5.496456,19.152102,14.689108,10.348142,6.9290295,25.435097,12.484494,13.104232,25.717323,11.394061,20.882664,32.012066,18.580906,20.557629,17.543562,9.290621,6.428049,28.697468,26.964397,29.09018,20.76829,5.3258867,12.14647,9.803984,27.093586,27.025364,24.857336,15.887215,11.635176,20.485958
1473,27.274261,28.21458,28.353298,18.126104,28.781988,7.2108245,20.844196,10.510677,7.682596,2.5729222,11.356293,13.091893,10.154716,19.926546,11.092807,21.541101,28.585756,23.532867,21.471191,21.243553,16.537615,15.171872,27.895054,27.422432,19.127302,15.048683,5.539178,9.104737,13.308006,11.3360815,27.194525,25.098803,14.650047,15.16197,21.50724
1474,21.474974,30.351059,22.47599,4.97583,12.021396,4.5608783,19.121857,15.208393,9.154929,6.9791613,26.247538,12.293706,13.289873,26.18173,10.636633,19.636192,32.259666,18.555248,21.154394,17.289366,9.192048,6.207891,28.55789,27.41101,29.186052,21.578545,4.5301933,12.396396,9.880267,28.615099,26.898565,24.769238,16.592052,11.54062,20.518545
1475,28.123215,27.943352,28.820568,19.295607,27.886,7.8745346,20.476658,10.415173,8.64329,2.7723649,11.89983,13.09953,10.152926,19.773748,11.381189,21.723333,27.783504,23.834843,20.103855,21.03916,15.608598,14.092745,27.754,27.481098,18.934055,14.953005,5.663376,8.969471,11.760829,11.140895,27.023087,24.988117,13.645164,15.530253,21.457539
1476,21.066454,30.124706,22.350166,4.8443356,11.03665,3.007121,19.258787,15.486305,6.8173685,6.5558743,26.608784,11.83893,13.448223,26.433628,9.18448,17.665741,32.562473,18.881388,21.98992,17.44117,9.450443,6.5529127,28.431713,28.140491,28.674986,22.336245,2.8765051,12.324529,9.825374,29.3659,26.837236,24.733763,17.286295,11.666537,20.661507
1477,28.325504,27.898024,28.985039,19.61542,27.787905,7.911994,20.489408,10.424425,8.582383,2.7869704,11.813694,13.150212,10.142675,19.771393,11.355578,21.63144,27.687757,24.021313,20.090961,21.062025,15.645271,14.1226225,27.75069,27.618889,18.783184,14.998737,5.6378565,9.004869,11.675167,11.090616,27.036982,25.019161,13.645698,15.677282,21.534708
1478,21.305513,30.417807,22.250648,4.517696,10.142824,4.3659782,19.093761,15.739105,8.997938,7.3252497,27.090082,12.421576,13.452942,26.695826,10.548857,19.150385,32.38665,18.586384,21.385836,16.936869,8.96087,5.728065,28.565533,27.77996,29.601658,22.231564,4.5104985,12.833964,9.759875,30.146795,26.909359,24.81643,17.003757,11.552735,20.640432
1479,26.665178,28.906713,27.65664,16.228764,27.54869,7.809684,20.461195,10.803072,9.869113,3.4965563,14.287229,13.098603,10.696589,20.32301,12.228853,22.990433,28.62511,22.33221,19.704037,21.206442,14.516183,12.820857,28.328716,26.386196,20.798428,15.063754,6.0595617,9.067866,12.066112,12.281244,27.284697,25.177862,13.401094,14.476731,21.202436
1480,30.755386,26.902403,30.377441,23.785353,28.217634,11.5015745,19.846298,9.516565,13.276921,2.84825,9.98844,13.608639,9.222661,18.28691,13.6323395,24.322618,25.225632,24.792772,17.260113,20.418612,15.2195635,13.54043,26.979462,26.774923,17.037756,13.179527,8.548191,8.146414,9.9093,8.545837,26.3582,24.353409,11.579016,15.8309,21.03416
1481,24.860281,27.65846,26.454033,17.113598,32.13006,7.6351194,21.694672,9.521315,9.045137,2.137686,7.500544,13.463269,8.61063,16.703745,13.63093,24.647957,26.766745,21.653545,21.78846,21.870495,19.72296,17.834288,26.9625,23.343582,15.652614,10.848213,7.930647,7.743259,17.960657,7.0127044,26.634277,24.139961,14.139648,13.118316,20.45308
1482,33.075756,24.870699,31.423641,28.369629,30.737623,19.389261,18.746588,7.897841,22.430513,4.6755,5.4688063,15.63973,7.1571193,15.532485,18.905943,29.288004,21.031055,24.890175,13.126819,18.8713,14.887293,13.708201,24.969032,23.76093,14.330157,9.954506,17.053879,7.614294,8.323648,4.31862,24.566187,22.674835,8.694116,14.599547,19.862513
1483,23.246157,24.772974,23.101067,12.546156,20.77732,30.378136,16.881435,10.010853,33.886528,23.42699,7.6385703,25.916492,7.3602724,18.20546,31.184757,35.09359,11.52712,18.081812,8.685242,19.40214,6.913335,5.9925284,23.114408,14.553404,14.9358015,11.833722,32.04772,16.52193,16.269651,3.5836735,20.466087,23.161627,10.833369,10.704677,21.702099
1484,23.572762,29.38799,25.133926,10.499917,21.618927,4.9998765,19.89677,12.51803,7.4156556,4.9775248,19.51244,12.427935,12.044126,22.922802,10.346456,19.947397,30.309633,20.564398,20.649239,20.134785,11.938214,10.174931,28.429346,26.86546,24.065878,18.26218,3.891626,10.464558,11.132851,18.669327,26.991789,25.080486,15.0794325,13.144439,21.074743
1485,28.402779,26.768318,28.917759,23.059282,32.312916,11.290055,21.603893,8.865608,13.472575,3.3751507,6.342345,14.627619,7.8760104,15.270108,16.287611,26.850079,23.677898,23.524609,18.714218,21.908367,19.497154,17.586073,26.533983,22.978638,12.688737,9.456118,11.027919,7.127113,15.335788,4.5256963,26.367281,23.882748,11.778479,13.814663,20.688038
1486,21.449732,30.417904,22.453777,4.7509913,10.734593,4.2236514,19.16819,15.637737,8.643182,7.1753063,26.746191,12.378678,13.467533,26.697836,10.340374,19.037865,32.46181,18.775518,21.53446,17.120903,9.087674,5.9909744,28.624302,27.946365,29.520912,22.271141,4.2290897,12.833806,9.794987,29.82486,26.974892,24.897535,17.067253,11.712436,20.745321
1487,23.455774,29.616177,25.408817,11.149175,27.47888,5.152988,20.837196,11.570639,6.944707,3.31579,15.784878,12.3506,11.289992,21.78562,10.474582,21.24524,31.314837,20.641083,22.597483,20.881762,14.946149,13.605957,28.544617,26.545845,23.242483,16.601955,4.598751,9.588788,13.993291,15.756682,27.399164,25.156818,15.873517,12.83528,20.92547
1488,19.73184,23.815147,20.721497,9.038533,11.946502,30.422714,16.630938,11.810566,32.6065,26.309307,5.824537,28.349571,7.94483,19.842907,32.267326,34.56805,7.2629743,18.59274,8.784411,20.514997,5.4806776,3.5350535,22.374285,15.436739,13.783018,13.637117,31.363346,20.681604,21.536371,3.1075456,18.792013,24.431046,14.524043,12.9086895,24.032185
1489,20.475937,30.548132,22.995743,6.2116714,29.15023,5.077933,21.018517,11.587776,8.033024,3.7246468,16.496857,12.58451,11.378534,21.668463,11.639564,23.018543,32.619495,17.96832,23.240452,20.575562,15.133262,13.329403,28.75252,24.339851,25.20884,15.461218,6.1302395,9.70702,16.658115,16.084322,27.499601,25.030548,16.094183,10.85122,20.151009
1490,21.733795,30.372324,22.716759,6.044717,22.181368,8.740141,19.22221,12.380873,14.68708,6.7203007,21.052607,13.101401,11.802189,22.76833,14.703411,25.67363,30.843029,17.111856,18.96471,18.501713,10.631119,8.370886,28.485268,23.276928,27.52811,16.38757,9.373512,10.709849,12.180964,19.9013,26.796305,24.420164,13.709649,10.540621,19.497932
1491,30.940584,26.232948,30.550873,25.053247,28.587608,11.261559,19.92898,9.204836,12.550853,2.3739955,8.39219,13.557456,8.782516,17.447891,13.40806,23.901394,24.450716,25.187578,17.483786,20.425682,16.178335,14.481625,26.466387,26.720757,15.447279,12.50027,8.381823,7.831778,10.4955845,7.3292656,26.03868,24.042278,11.646819,16.033846,20.956253
1492,22.055235,30.498446,22.799606,5.7395844,15.826962,6.722668,19.02644,14.073883,12.327656,7.0665,24.598158,12.664813,12.77502,24.949291,12.708066,22.781406,31.563597,18.010906,19.731562,17.652401,9.32295,6.5689454,28.674232,25.76609,28.949835,19.496822,6.7493086,11.763761,10.236111,25.322613,26.93801,24.709879,15.07274,11.289778,20.11319
1493,21.580318,30.418335,22.590275,5.2008677,13.187086,4.8969083,19.19262,14.914013,9.659967,6.933799,25.832773,12.333942,13.180982,25.83895,11.033643,20.304018,32.148655,18.468016,20.937023,17.539011,9.371585,6.484723,28.631645,27.042862,28.973324,21.060726,4.8782673,12.154044,10.0820875,27.66568,26.956163,24.792583,16.28957,11.473924,20.458946
1494,25.57949,29.110338,27.1231,14.799898,28.641224,6.1465683,20.994505,11.057602,7.206501,2.7747593,13.58091,12.704493,10.791079,21.033968,10.655852,21.411472,30.326717,22.284636,22.293097,21.198418,15.910565,14.612635,28.41341,27.302511,21.422031,15.981176,4.966364,9.319463,13.63921,13.645489,27.496653,25.288416,15.405587,14.095178,21.339216
1495,20.755405,30.44935,23.106113,6.564928,29.04035,5.5402584,20.89794,11.505114,8.708333,4.0469155,16.417112,12.697551,11.304764,21.554668,12.107752,23.488432,32.206093,17.996738,22.773369,20.52648,14.898257,13.169745,28.718761,24.148336,25.150312,15.326395,6.5409155,9.806506,16.295269,15.919461,27.44129,24.994997,15.772778,10.974114,20.146547
1496,21.295877,30.404797,22.285336,4.583364,10.525284,4.2855673,19.118477,15.639393,8.867985,7.2099676,26.951353,12.34944,13.436317,26.598166,10.464298,19.143793,32.40756,18.584642,21.41621,17.047678,9.044335,5.8763666,28.565056,27.732288,29.46975,22.135468,4.3856153,12.706814,9.830892,29.84282,26.90777,24.803398,16.977757,11.531875,20.614511
1497,21.938814,30.0882,24.109787,8.396222,27.409733,5.1400523,20.738894,11.735954,7.7402167,3.9713416,16.935217,12.452658,11.513257,22.011763,11.129557,22.081972,31.84345,19.189808,22.555067,20.620256,14.381841,12.8705015,28.667524,25.407267,24.541798,16.41646,5.2932873,9.83334,14.742887,16.564789,27.373402,25.073805,15.853821,11.793819,20.542065
1498,22.10738,29.729153,24.609066,10.282468,30.961912,5.037826,21.666735,10.9972,6.559616,2.638942,12.712018,12.777117,10.511101,20.211655,11.420957,22.63935,31.215822,19.8856,23.955343,21.62619,17.559738,16.006142,28.427889,24.86749,21.700403,14.424405,5.668269,9.147321,17.782417,12.824378,27.538351,25.08494,16.307459,12.175588,20.704601
1499,26.170273,28.422693,27.634914,16.90712,30.595915,7.082463,21.27332,10.348503,7.6205745,2.3595319,10.189478,13.254145,9.876482,19.379604,11.586895,22.368107,28.980532,22.795097,22.54504,21.487099,17.869837,16.500679,27.872038,26.503954,18.80788,14.173935,6.243518,8.919429,15.588992,10.445925,27.241785,25.017517,15.286624,14.345551,21.285969
1500,32.897633,24.844915,31.384212,28.570341,31.17169,18.27717,19.067083,7.8156023,21.082222,4.5422726,5.4896326,15.311677,7.1355567,15.318415,18.312363,28.5861,21.14153,24.941067,13.734004,19.20539,15.571936,14.487679,25.003866,23.814726,13.548705,9.877188,16.048422,7.231958,8.676135,4.138219,24.691927,22.650871,8.943503,14.5291605,19.870064
1501,20.957027,30.389473,22.623154,5.581424,21.165438,5.171333,19.827961,12.971483,9.605237,5.4090033,21.576166,12.261908,12.292112,23.41606,11.707247,22.214886,31.929071,17.846304,21.04947,19.055025,11.578579,9.199347,28.640356,25.08202,27.098194,17.734339,5.5377293,10.669667,12.716765,21.24688,27.091463,24.767956,15.2794485,11.126342,20.058336
1502,28.425604,27.747555,29.156734,20.182953,28.837889,8.025052,20.72958,10.223957,8.36199,2.4283183,10.3687725,13.249937,9.831988,19.419756,11.398772,21.801178,27.693888,24.265635,20.852247,21.132067,16.736029,15.324221,27.6183,27.619804,18.062134,14.603293,5.9806223,8.899265,12.770474,10.334028,27.027712,24.971096,14.1593,15.645384,21.555853
1503,21.973495,30.536974,23.007935,6.0759983,17.954487,6.189743,19.388313,13.6553955,11.418815,6.5791426,23.619778,12.504802,12.659403,24.442247,12.431778,22.729582,31.693846,18.156927,20.150248,18.381153,10.106892,7.646668,28.813581,25.655712,28.200178,18.959787,6.2229643,11.355984,10.944573,23.746689,27.112707,24.846825,15.113852,11.382626,20.215199
1504,20.476967,30.296366,22.815918,5.9855886,25.296387,4.392749,20.63382,12.341846,7.467532,4.4275665,18.633081,12.37543,11.816644,22.500324,11.037234,21.659222,32.302334,18.159386,22.817644,20.052261,13.882563,11.905477,28.591528,25.01249,25.53753,16.829828,5.1842546,10.192944,15.113013,18.591717,27.252714,24.90992,16.225994,11.027162,20.274265
1505,24.002691,28.746216,25.899605,13.765557,31.148266,6.421965,21.253292,10.338699,7.69906,2.4492297,10.834566,12.930503,9.927562,19.191414,11.913212,23.042818,29.502815,21.026491,22.746988,21.454916,17.741896,16.321346,27.835308,25.012424,19.731216,13.590364,6.3483706,8.752671,16.82719,10.655777,27.07945,24.746027,15.358779,13.0932455,20.667038
1506,28.298586,27.935236,28.910473,19.332512,26.393394,7.9506874,20.302303,10.662724,8.811798,3.439139,12.978912,13.372404,10.379051,19.875923,11.5993,21.491323,27.192253,23.914124,19.302828,21.123804,14.770564,13.013312,27.802267,27.392548,18.78051,15.19871,5.5511103,9.213137,11.019669,11.361782,26.990494,25.08026,13.132709,15.765379,21.641006
1507,21.306417,30.436516,22.316753,4.6157904,10.702852,4.277479,19.169216,15.620787,8.8616295,7.225566,26.925278,12.360211,13.438311,26.56919,10.504551,19.209839,32.41015,18.60039,21.439945,17.126831,9.113197,5.964244,28.600895,27.70912,29.415003,22.09812,4.386299,12.682159,9.88307,29.746304,26.942945,24.831818,16.973185,11.527051,20.639694
1508,21.03049,30.607138,22.183968,4.0668178,8.555431,3.128564,19.301254,16.352896,7.3525953,7.0579243,28.188244,12.149661,13.807842,27.410942,9.43575,17.666613,33.17354,18.89406,22.330221,17.007202,9.0276375,5.6943045,28.73842,28.755152,29.87441,23.328318,3.2585795,12.9735155,9.813268,31.770897,27.088644,24.99242,17.923288,11.639101,20.883615
1509,21.318579,30.388628,23.471024,6.9784184,26.794485,5.2472415,20.588354,11.929583,8.413465,4.277938,18.003796,12.463569,11.704779,22.339388,11.429601,22.479319,32.237694,18.465355,22.338264,20.244236,13.796107,12.050531,28.7649,25.023706,25.599422,16.488194,5.6798306,10.004608,14.673338,17.5181,27.396847,25.040562,15.722634,11.313102,20.316362
1510,20.067457,30.622656,23.02164,6.315209,31.843298,4.5903845,21.741993,11.299736,6.6332426,2.9245272,14.317235,12.802072,10.972033,20.99831,11.3853,22.913733,32.970646,18.133902,24.679249,21.202389,17.057129,15.26756,28.77085,24.20963,24.256193,14.68177,6.0917377,9.471572,18.699673,14.509618,27.7507,25.167791,16.791742,10.794857,20.323118
1511,20.832493,30.53113,23.486835,6.784596,28.449602,4.281759,21.26424,11.955801,6.4640765,3.6476662,16.770918,12.57735,11.601984,22.17465,10.694094,21.634521,32.885605,18.750431,23.952065,20.801857,15.341427,13.610311,28.870275,25.436644,24.98955,16.418938,5.0976048,9.958223,16.353985,16.93136,27.666807,25.273031,16.783947,11.29165,20.628922
1512,22.030916,30.486242,22.79367,5.723506,15.757591,6.6233673,19.038292,14.099762,12.175788,7.05633,24.616833,12.647199,12.789337,24.976078,12.623934,22.663982,31.583607,18.034931,19.79597,17.659918,9.340777,6.594826,28.669065,25.82151,28.929659,19.557741,6.6475897,11.781553,10.244523,25.39096,26.936386,24.713964,15.131159,11.304139,20.13243
1513,21.330935,24.699322,21.761295,9.802068,13.1763735,25.464102,16.384802,11.618893,28.433327,20.25834,8.224525,24.30885,8.663371,20.048328,27.59156,32.133602,12.503907,18.764662,10.394912,19.031313,6.342614,4.0313067,23.460001,17.585321,16.951555,13.65596,25.872002,18.435081,18.419003,6.3615475,20.467468,24.142126,13.419745,13.421148,22.636213
1514,28.554905,27.692823,29.2173,20.281637,28.42267,8.00217,20.608912,10.264109,8.324396,2.4824584,10.66378,13.18038,9.895561,19.563183,11.244779,21.566418,27.6545,24.33982,20.65325,21.04071,16.408554,15.025191,27.599268,27.783152,18.210604,14.82876,5.806631,8.945368,12.278831,10.616159,26.987135,24.956259,14.057926,15.758152,21.563097
1515,28.163836,28.53152,28.705769,18.332954,26.142532,8.5779295,20.141653,10.829771,10.452162,3.8445697,14.513678,13.362723,10.706068,20.362572,12.316532,22.666328,27.623356,23.32903,18.560795,21.075062,13.729546,11.925215,28.210722,27.003902,20.144077,15.388273,6.0941324,9.199271,10.409703,12.135735,27.173431,25.22842,12.66341,15.320298,21.499496
1516,19.830112,30.801748,22.79358,5.981642,32.097298,4.730484,21.890152,11.263554,7.1198306,3.009327,14.216313,12.9295435,10.861791,20.763939,11.945529,23.638588,32.881897,17.845987,24.563139,21.368774,17.23622,15.308328,28.875425,23.652489,24.23512,14.201859,6.4910374,9.424989,19.150818,14.206714,27.868004,25.202888,16.561077,10.660932,20.267561
1517,23.537512,29.672968,23.126808,7.204247,20.59047,15.119867,17.460102,11.852873,22.472445,9.013784,20.330515,14.71967,11.113805,22.57482,18.729065,29.498379,28.260654,16.798899,14.801001,16.68682,7.587101,5.4771385,27.740828,21.448244,28.694344,15.621531,15.434876,11.911205,9.058906,19.270477,25.853157,23.821783,10.955831,10.603707,18.975178
1518,28.754667,27.756325,29.379013,20.588427,28.674564,8.202453,20.704626,10.233221,8.606836,2.5015583,10.560697,13.299858,9.865111,19.42167,11.514968,21.902664,27.534021,24.438778,20.524958,21.163942,16.537918,15.065237,27.670527,27.734411,18.044703,14.609432,6.001526,8.902166,12.372397,10.287397,27.075216,25.02973,13.90881,15.833383,21.624487
1519,29.134254,27.46271,29.45435,21.461075,29.066101,9.480302,20.453798,9.812708,10.741443,2.5613863,10.295301,13.421397,9.53237,18.503864,12.730272,23.417133,26.454325,24.143412,19.004993,20.99525,16.203346,14.46496,27.35592,26.739773,17.40587,13.3702545,7.1870165,8.321384,11.871352,8.942946,26.760414,24.667955,12.651389,15.5015135,21.20231
1520,25.958,26.610958,24.839191,14.309235,25.950743,24.29478,17.050467,8.995987,30.31306,15.035041,12.423611,19.920715,8.044596,17.404047,25.855297,33.32718,19.27553,17.545542,9.633029,17.715273,8.291113,6.874059,24.971807,16.145527,19.156706,10.369738,25.756607,11.448838,10.208509,7.329568,23.349882,22.384262,7.23649,10.027422,18.959711
1521,18.793537,23.2622,19.979836,8.042982,9.298301,30.72022,16.147285,12.225151,32.561504,26.485806,5.1614943,28.751842,8.056634,20.219643,32.31775,34.37801,6.0987167,18.609753,8.41219,20.282967,4.7136955,2.49792,21.887712,15.685911,13.928324,14.063953,31.250072,21.786663,22.33331,3.1170683,18.050634,24.514465,15.273364,13.438551,24.383984
1522,21.984253,30.623394,22.97734,5.87948,17.042961,6.0194983,19.351578,13.932211,11.208248,6.5554376,24.293495,12.455676,12.810575,24.811142,12.128445,22.31065,31.951056,18.211748,20.260944,18.154036,9.894143,7.2520003,28.84497,26.01767,28.590405,19.405304,5.979395,11.455518,10.616169,24.679472,27.154572,24.868483,15.272118,11.378663,20.246351
1523,26.357689,26.169123,26.433277,17.051432,22.683258,12.425675,18.154276,10.127344,15.103562,6.8838434,12.668855,15.226642,9.405182,17.724907,16.019978,24.582354,22.28615,20.9994,14.636196,19.289404,11.864977,9.376694,25.653471,22.226278,17.14155,12.50089,11.076744,9.835284,10.954717,8.764382,24.541336,23.344173,10.236838,13.787939,20.134256
1524,32.769077,25.266352,31.829018,29.345676,31.960905,14.601906,20.370522,8.093664,16.40537,2.8030996,4.4150853,14.449364,7.3670683,15.412022,16.13163,26.751825,22.403547,26.108816,16.725508,20.403605,18.32695,17.1409,25.709806,25.4294,12.267282,10.183664,12.438623,6.9715333,11.073103,4.115151,25.649424,23.386986,10.854972,15.495296,20.646872
1525,23.094221,29.889824,25.12899,10.547455,28.777557,5.519733,20.994564,11.377321,7.6430235,3.203793,15.292463,12.484788,11.155567,21.490068,11.087069,22.25675,31.56346,20.174837,22.73264,20.988947,15.375841,13.972428,28.674408,25.93899,23.478556,15.931119,5.31244,9.463761,14.890767,15.084833,27.533663,25.192238,15.791389,12.502826,20.766792
1526,19.47549,30.42839,22.71183,7.385463,31.180178,4.398844,22.823475,11.242195,7.0908203,3.675499,12.943727,13.624044,10.09785,18.805658,13.698223,24.861567,30.311888,18.056252,24.10976,22.877077,18.972769,16.464474,28.614435,21.438105,20.061134,12.237198,6.8789415,8.768836,21.13184,11.668314,27.83197,25.064432,15.797613,10.482674,20.535404
1527,22.377518,30.99777,23.737652,7.0368805,26.74883,8.62653,20.058205,11.753599,13.865134,5.6861234,19.315342,13.2219715,11.704063,22.358625,14.495717,26.20115,31.736124,17.792265,19.861807,19.74226,12.136678,10.15085,29.185349,23.72142,27.175907,15.637528,9.084506,10.215076,13.300707,17.406693,27.587675,25.10216,13.824935,11.022994,19.984802
1528,21.613062,30.348478,23.86301,7.706836,28.01241,5.1826186,20.850843,11.737198,7.9200478,3.9689407,16.986612,12.515546,11.549385,22.093447,11.298434,22.437521,32.249943,18.872837,22.797941,20.617569,14.515838,12.958339,28.810934,25.226166,25.02365,16.298906,5.5666704,9.884437,15.171395,16.66135,27.51147,25.152252,15.966698,11.544667,20.491974
1529,27.95111,28.263538,28.737614,18.710842,28.04498,7.7279115,20.554842,10.542978,8.629032,2.8164065,12.436335,13.030139,10.3459,20.153215,11.295916,21.79639,28.322966,23.696283,20.346354,21.123636,15.462605,14.033055,28.00172,27.603374,19.579258,15.289581,5.54078,9.03495,11.763233,11.687356,27.201645,25.137957,13.852228,15.390803,21.505232
1530,28.745121,27.724144,29.316517,20.352928,27.966595,8.016387,20.485678,10.334448,8.413238,2.5610707,11.196338,13.104554,10.020351,19.786993,11.127376,21.409859,27.67901,24.413588,20.334232,20.968237,15.932623,14.5491,27.659445,27.990952,18.54015,15.106811,5.613765,8.997574,11.608013,11.005979,27.006168,24.994822,13.859785,15.901484,21.591145
1531,21.647804,30.084463,24.188137,8.6390295,29.698927,4.586152,21.363358,11.4932,6.2908034,3.1107216,14.924344,12.53169,11.160312,21.4891,10.690317,21.77506,32.27687,19.464094,24.0542,21.085266,16.232134,14.785226,28.64441,25.568037,23.678162,15.850292,5.120535,9.618223,16.594982,15.311676,27.571014,25.17669,16.719582,11.806307,20.69335
1532,29.073788,27.744308,29.423893,20.970802,28.829857,9.405286,20.446072,9.986992,10.771568,2.7128413,10.977429,13.4033785,9.748923,18.940159,12.645088,23.38757,26.864912,24.06516,19.07017,21.017733,15.847851,14.154384,27.587528,26.920383,18.07068,13.804934,7.055237,8.475515,11.638826,9.591293,26.911598,24.826097,12.76472,15.477008,21.283892
1533,27.823507,28.048342,28.568974,19.041538,28.330923,8.23741,20.618649,10.298214,9.536071,3.0824552,12.070126,13.4270735,10.073962,19.039452,12.389685,22.798721,27.153883,23.366173,19.389662,21.351002,15.705675,13.7865715,27.771725,26.488497,18.356663,13.9114,6.3087854,8.718616,12.286507,9.991694,27.040932,24.96023,12.900252,15.21222,21.34897
1534,21.977013,30.476234,22.981339,6.0429564,17.366854,6.0382953,19.293962,13.764532,11.174376,6.4862814,23.950426,12.395234,12.718261,24.604187,12.114006,22.314798,31.75022,18.195276,20.136488,18.20078,9.919473,7.3791375,28.740286,25.86078,28.320953,19.21303,5.9498854,11.34542,10.60243,24.213177,27.050985,24.783453,15.144353,11.38326,20.180338
1535,23.921724,26.69494,23.339657,11.982073,24.789507,23.08459,17.306347,9.26601,29.233374,16.049007,12.548538,19.98276,8.174044,17.553505,26.079535,33.20187,18.814867,16.665033,10.4219475,18.352417,8.520872,7.2042866,24.989197,15.3063545,18.648258,10.448102,25.129011,11.922294,12.310692,7.3149953,23.15652,22.509878,8.341716,9.62995,19.105963
1536,19.918482,23.846846,20.858799,9.156614,11.970532,31.001213,16.572504,11.835312,33.303005,26.383575,5.705943,28.541996,7.9304585,19.835798,32.683697,35.05101,7.1156387,18.666487,8.503467,20.4821,5.3457036,3.4009573,22.402124,15.333491,13.940553,13.576939,31.915165,20.837975,21.399427,3.0119035,18.794222,24.481321,14.362682,12.946135,24.087416
1537,21.254976,23.55208,21.88633,11.641861,17.6987,30.639914,16.934906,10.503065,32.586586,25.815151,5.516938,27.484308,7.095905,18.121122,31.873545,34.277214,8.035391,18.370903,8.883765,20.447025,6.9872475,6.0652637,22.035675,14.192559,12.118372,12.427536,32.11346,18.182404,19.27735,1.8485091,19.044216,23.325907,12.794245,11.254089,22.800552
1538,20.576351,30.545341,23.016869,6.4019313,29.904488,5.591246,21.072838,11.383965,8.72617,3.8720384,15.900513,12.765126,11.17172,21.332254,12.275335,23.821505,32.3326,17.861565,23.02501,20.679813,15.341036,13.602379,28.753632,23.87523,25.040958,14.962509,6.7722807,9.693267,16.880579,15.439036,27.522556,25.008333,15.815486,10.832343,20.103956
1539,23.204842,29.163828,22.57948,6.8505545,20.93945,16.486345,16.889538,11.400761,24.206585,9.512492,19.784607,14.960888,10.703156,21.880014,19.71784,30.379549,27.387434,16.001837,13.675432,16.115015,7.012329,4.984122,27.14002,20.192587,28.54154,14.740856,17.059084,11.800282,8.74278,18.34216,25.236319,23.23749,10.062675,10.040538,18.380077
1540,21.33016,30.64753,22.703293,4.9228687,11.461002,3.1122339,19.673616,15.730339,7.09088,6.8222003,26.9966,12.109364,13.651997,26.748793,9.586712,18.226816,32.983185,19.147318,22.361614,17.8941,9.751352,6.847263,28.920383,28.414455,28.936056,22.585388,3.0844948,12.479713,10.215955,29.652924,27.28161,25.150444,17.588491,11.733588,21.026312
1541,22.190548,30.646769,23.763126,7.0306373,20.402737,5.1130795,20.102945,13.3822,9.189715,5.834387,22.216171,12.506153,12.649693,24.120796,11.493676,21.758183,31.996353,19.039873,21.239489,19.570694,11.427017,9.233994,29.121944,26.307938,26.976755,18.833834,4.972905,11.072508,11.965797,21.966408,27.5147,25.308786,15.661538,11.932537,20.805027
1542,23.797144,25.738026,22.965382,11.355798,20.709837,29.176775,16.141253,9.931297,34.600945,20.49716,10.011181,23.76862,7.8115087,18.70841,29.986788,35.51667,14.913307,17.052362,8.402797,17.682861,5.965218,4.6405835,23.915052,14.815875,18.893776,11.548032,30.9614,15.575862,13.838996,6.4646397,21.44047,22.861805,9.342683,10.478677,20.35268
1543,21.68819,30.391813,22.418255,4.8214045,10.803082,5.0573807,18.906973,15.47633,9.82625,7.249873,26.671255,12.537531,13.3308,26.547806,10.8954735,19.72776,32.269432,18.53849,20.889118,16.720678,8.723986,5.460204,28.539385,27.632404,29.926813,21.855421,5.071266,12.84787,9.4140625,29.626741,26.897783,24.781261,16.50115,11.702712,20.52956
1544,24.511164,29.542538,26.220463,13.013431,29.113094,6.3034444,21.00599,11.050537,8.254538,2.9429502,14.198273,12.6796665,10.850095,20.86517,11.476781,22.668617,30.601938,21.15978,22.003702,21.244873,15.680063,14.209478,28.583609,26.21035,22.203596,15.367077,5.5791388,9.182959,14.373593,13.5709,27.544086,25.240791,15.11899,13.329199,20.97535
1545,25.977097,27.173433,26.860641,19.684141,32.64943,12.266385,21.756624,8.782928,15.623648,6.437419,8.040322,15.550296,7.5994954,14.678112,18.727673,28.482096,22.560385,21.093481,17.78254,22.52192,18.742254,17.003939,26.357939,19.47789,12.112331,8.589819,13.508459,6.8599725,16.268309,4.124929,25.997631,23.384827,11.016639,11.500598,20.053505
1546,20.519178,23.79947,21.189758,9.929654,14.259181,30.707668,16.504574,11.189928,33.305286,25.724146,6.204864,27.715483,7.632031,19.033758,32.237267,34.805473,7.9120674,18.223621,8.289438,20.092644,5.689016,4.0635777,22.293713,14.629144,13.720471,12.855282,31.928999,19.462622,19.847776,2.8797302,18.984493,23.823195,13.107525,12.090573,23.19618
1547,21.569387,30.455214,22.484634,4.973295,12.343129,5.04777,19.09979,15.124256,9.939774,7.111492,26.197302,12.430422,13.239209,26.078522,11.140214,20.31771,32.1881,18.412222,20.893513,17.260351,9.142567,6.109534,28.618082,27.13705,29.338787,21.292557,5.0855827,12.380252,9.951442,28.366137,26.937487,24.783667,16.364418,11.461408,20.456512
1548,22.179447,30.512203,23.651031,7.246125,24.981747,6.9556394,19.958508,12.050814,11.418529,5.2609477,19.606915,12.693793,11.8547535,22.659609,12.865355,24.079094,31.6613,18.215677,20.457453,19.584492,12.097509,10.167564,28.870052,24.630527,26.695837,16.542126,7.08803,10.288416,12.822776,18.46062,27.333559,24.961485,14.468882,11.398323,20.11061
1549,31.937178,25.491844,31.165024,27.407902,30.210741,13.238833,19.93116,8.544575,14.693568,2.2520142,5.8443623,13.958104,7.899721,16.2388,14.735533,25.34335,23.300432,25.625273,17.023863,20.14139,17.25379,15.74415,25.824734,26.084246,13.813007,11.146211,10.620285,7.335321,10.868229,5.4320536,25.612902,23.514542,11.237745,15.803321,20.624224
1550,21.24344,30.346743,22.581005,5.2996035,14.410294,4.0221705,19.485905,14.665663,8.3314905,6.444133,25.284714,12.03523,13.109916,25.43791,10.426727,19.687174,32.260044,18.553095,21.444992,18.119633,10.053524,7.374277,28.637676,27.003578,28.131607,20.781195,4.0282383,11.706595,10.644643,26.64692,27.005507,24.80971,16.478662,11.438795,20.489931
1551,22.080313,30.117205,23.083164,7.0945754,26.25459,9.9996,19.378046,11.309608,15.698795,6.334484,18.666752,13.398061,11.133642,21.428938,15.557559,26.887165,30.24399,17.03541,18.450508,18.917673,11.553451,9.562818,28.283579,22.269566,26.46398,14.629329,10.73771,10.0471325,12.613703,16.648495,26.734293,24.259878,12.755682,10.378862,19.266594
1552,27.24026,28.405415,28.350872,17.950422,28.909018,7.176876,20.952152,10.574688,7.7526813,2.615972,11.581946,13.141308,10.234092,19.990158,11.215614,21.735146,28.734432,23.497698,21.49482,21.375702,16.55091,15.119731,28.0574,27.423708,19.308912,15.038172,5.5463037,9.139751,13.416088,11.384736,27.341177,25.224428,14.637309,15.172126,21.576641
1553,23.132698,29.951338,25.560562,10.895362,28.771587,4.459564,21.631332,11.78931,5.2416162,3.0983534,14.726523,12.856907,11.262216,21.829927,10.068852,20.580755,31.996212,21.063066,24.39586,21.428436,16.593632,15.117363,28.811935,27.030573,22.720528,16.692411,4.468688,9.875915,15.931629,15.509339,27.840927,25.573002,17.098078,12.893353,21.464647
1554,23.190504,29.208048,21.989681,5.805508,17.737202,19.492548,16.156425,11.985991,28.281517,11.214381,20.12143,16.175442,10.547032,22.488243,22.17212,32.432735,26.513762,15.465717,12.447287,14.838527,5.6218033,3.2065377,26.920687,19.299871,29.959253,14.974579,20.656206,13.239517,8.563782,20.028215,24.877605,23.114346,9.767494,9.817084,18.272417
1555,21.103416,30.620281,22.170376,4.069798,8.637803,3.5269024,19.240175,16.300596,7.931071,7.2270136,28.057056,12.293138,13.751878,27.338793,9.828765,18.136955,33.0156,18.799736,22.111156,16.919731,8.952257,5.579913,28.73067,28.542747,29.971453,23.138159,3.7090464,13.057027,9.849428,31.624834,27.06956,24.980206,17.7603,11.629386,20.847332
1556,29.45455,26.50429,29.69674,22.822348,29.028622,9.047787,20.253231,9.490143,9.245181,1.8757,8.3507805,13.086037,9.052755,18.15325,11.61286,21.950085,26.067421,24.769922,19.809328,20.531702,17.07892,15.720936,26.62112,27.321875,16.121185,13.4631195,6.6320086,8.200985,12.045159,8.530542,26.24185,24.204906,13.323354,15.832696,21.06936
1557,22.065784,30.801943,23.291813,6.3988714,23.735634,7.8321123,19.708845,12.333656,13.1822,5.8900223,20.897945,12.870838,12.010691,23.025269,13.7616625,25.038383,31.76655,17.684574,19.775011,19.09459,11.259556,9.065753,28.97905,24.20939,27.733444,16.649979,8.156544,10.526021,12.311824,19.621534,27.35012,24.901915,14.05551,11.012913,19.898205
1558,21.394493,24.1259,21.670288,10.485564,16.220976,30.565393,16.376238,10.755632,33.734364,24.571877,6.9184823,26.821474,7.570396,18.825006,31.716742,34.931915,9.4837055,17.916325,8.25429,19.452505,5.7732897,4.3405013,22.53639,14.567749,14.755903,12.46603,31.931906,18.406376,18.279072,3.5154722,19.451283,23.452929,12.124827,11.542252,22.418406
1559,21.546072,30.367413,22.393959,4.9436474,12.37981,5.304217,18.979952,15.029371,10.319181,7.159122,26.06257,12.45777,13.159598,25.950193,11.339006,20.556797,32.014587,18.26562,20.65262,17.120506,9.027105,5.977491,28.515465,26.909758,29.356817,21.093128,5.3642416,12.360667,9.887993,28.193594,26.832338,24.680794,16.173737,11.392332,20.338015
1560,20.808996,30.608591,23.409863,6.598802,27.295414,4.2347226,21.23108,12.237167,6.654292,4.0826473,17.471285,12.654528,11.756036,22.446949,10.884444,21.647898,32.786823,18.756079,23.837673,20.745712,15.032567,13.221592,28.953617,25.50286,25.141777,16.754532,5.1114473,10.213799,16.195173,17.66175,27.69405,25.344196,16.865585,11.332545,20.732048
1561,28.886126,28.022877,29.255268,20.037983,27.080969,8.818683,20.229382,10.447199,10.206809,3.1831179,12.742439,13.291589,10.249041,19.795916,12.125351,22.546623,27.247864,23.981499,18.860718,20.959644,14.707102,13.00154,27.867493,27.365686,19.088177,14.878929,6.2317066,8.923025,10.651615,11.121454,27.037136,25.043528,12.784432,15.698299,21.473618
1562,18.543242,29.889957,22.086315,7.3490796,33.315117,4.213432,23.07031,10.526186,6.263995,2.4396367,9.878228,13.770231,9.195667,17.086586,13.779387,25.047888,29.596087,17.563082,24.524359,23.075235,20.690365,17.752748,27.965965,20.0852,18.27797,10.127499,7.245138,8.107169,23.42415,8.6547575,27.50172,24.610971,15.511934,10.252051,20.090715
1563,21.479994,30.334238,22.43697,4.7978168,10.657755,4.301206,19.059273,15.584187,8.723599,7.088236,26.778948,12.328266,13.436951,26.650301,10.267607,18.949163,32.412792,18.730658,21.3667,16.992239,8.9469385,5.822235,28.534391,27.92185,29.544132,22.222198,4.246175,12.748658,9.56257,29.79621,26.891132,24.808426,16.920708,11.684415,20.65108
1564,20.729765,30.232311,23.205158,6.591742,27.183378,4.3081794,20.848995,11.9923935,6.681,3.826662,17.348795,12.390167,11.62364,22.252256,10.558047,21.299229,32.55689,18.518171,23.375284,20.320894,14.612532,12.8337555,28.585888,25.312885,25.159046,16.584,5.000984,9.99578,15.528706,17.501818,27.352045,24.99416,16.45088,11.214717,20.384167
1565,21.860952,30.586187,22.69563,5.2802095,13.661548,5.6819887,19.132372,14.797607,10.848012,7.0856943,25.751505,12.5490675,13.12696,25.7822,11.721121,21.274065,32.10824,18.338259,20.519135,17.423004,9.210836,6.244523,28.74479,26.78318,29.38057,20.724861,5.689885,12.203932,9.995869,27.421354,27.04695,24.846386,15.916936,11.456747,20.401754
1566,21.53526,30.499739,22.744099,5.6240177,17.877453,5.629725,19.457678,13.725611,10.581141,6.2740192,23.606108,12.361993,12.674811,24.4532,11.917402,22.110867,31.92063,18.046913,20.560394,18.348541,10.349232,7.776832,28.722723,25.740602,28.142021,19.025011,5.749943,11.276436,11.264017,23.916958,27.071243,24.788425,15.383541,11.249621,20.166971
1567,28.512291,27.80953,29.300735,20.383045,29.310875,8.094878,20.91267,10.21767,8.306937,2.3805106,10.003033,13.413671,9.772016,19.317102,11.5030365,21.914154,27.771164,24.394121,21.167881,21.26664,17.171988,15.744266,27.66694,27.651615,17.817652,14.481621,6.1830864,8.882331,13.240731,10.067537,27.120752,25.039175,14.341051,15.6276245,21.648363
1568,22.863646,30.285057,23.66428,7.7318916,25.38065,10.007278,19.260536,11.529545,15.75566,6.2882953,19.487633,13.2834835,11.426514,22.035658,15.2149515,26.613323,30.501379,17.566658,18.181889,18.89183,10.874738,8.925714,28.54882,23.089735,27.071947,15.381568,10.212112,10.208241,11.529573,17.475342,26.927637,24.48765,12.69013,10.882041,19.503864
1569,22.501984,30.231028,24.439884,8.921325,27.407257,5.867516,20.665548,11.683168,8.887222,4.0708404,17.052267,12.598591,11.4960165,22.00803,11.728789,22.899832,31.718058,19.316984,22.014292,20.57408,14.126938,12.536285,28.826561,25.382906,24.787846,16.226799,5.8900023,9.83447,14.366337,16.405798,27.497852,25.174866,15.4391,11.987305,20.56457
1570,22.03652,30.287567,22.85624,5.935595,15.707554,6.0092626,19.042187,14.074198,11.087323,6.710068,24.525368,12.412624,12.797378,24.969368,11.876516,21.721664,31.634224,18.249313,19.991093,17.659035,9.420826,6.7165513,28.553299,26.193933,28.684793,19.747704,5.859151,11.696679,9.914715,25.437,26.890879,24.659805,15.193556,11.490502,20.169987
1571,27.761372,27.593836,28.546486,19.671139,29.516628,8.224434,20.7139,9.934067,9.078641,2.3948123,10.138028,13.263099,9.587291,18.517542,12.122988,22.686241,27.11055,23.501963,20.203157,21.158997,16.881952,15.182984,27.349789,26.46644,17.535007,13.402636,6.5202827,8.451275,13.301275,9.177184,26.792044,24.653988,13.457013,15.083383,21.130884
1572,21.537594,30.497831,22.560135,5.088123,12.887059,4.776693,19.235962,15.0321865,9.5511265,6.9459357,26.114557,12.321608,13.241444,25.955719,10.964122,20.185747,32.28356,18.476822,21.051487,17.536806,9.3781185,6.432935,28.688072,27.148968,29.061338,21.202522,4.792733,12.170871,10.101727,27.975677,27.011637,24.831135,16.399792,11.455005,20.487358
1573,32.720554,24.997236,31.493443,28.605606,30.276535,15.086444,19.447205,8.170219,17.144838,2.7583392,5.6406,14.148263,7.5662456,15.846107,15.790423,26.392176,22.368696,25.612835,15.537144,19.612297,16.467012,15.157618,25.370764,25.517529,13.594834,10.703704,12.308604,7.058002,9.441856,4.996982,25.137733,23.031116,10.247339,15.474581,20.21726
1574,19.647213,30.66969,22.704266,6.342475,31.966568,4.462506,22.217941,11.252403,6.7787433,3.0324597,13.483075,13.096722,10.548451,20.177479,12.29945,23.846495,32.25677,17.91145,24.709404,21.816233,17.942759,15.902239,28.770449,23.025188,23.01206,13.633586,6.4990845,9.268818,19.957222,13.489242,27.873333,25.13984,16.495007,10.643877,20.332165
1575,21.348818,30.469328,23.593365,7.4200063,29.223936,5.8365297,20.916592,11.414093,9.074908,3.9467585,16.242403,12.722228,11.287364,21.449907,12.296766,23.834738,31.995718,18.37179,22.468658,20.750498,14.880566,13.185431,28.831308,24.287443,24.889917,15.223601,6.547142,9.688115,16.043854,15.412162,27.537266,25.10087,15.51176,11.313921,20.26438
1576,30.915277,25.52309,30.722698,26.593592,30.621988,11.133994,20.533302,8.681154,11.543605,1.9391625,5.1123633,13.849742,7.9452543,16.053953,13.609071,23.866524,23.60746,25.675352,18.75335,20.747799,18.725424,17.182915,25.899643,26.24333,12.738872,11.17985,8.961854,7.494154,12.782379,5.074585,25.834917,23.748343,12.305252,15.965123,20.975645
1577,21.390802,30.47189,22.351467,4.597429,10.4718895,4.378242,19.133923,15.692577,8.984982,7.2600336,26.973196,12.41789,13.467989,26.710316,10.532428,19.235094,32.474575,18.644636,21.440414,17.025509,9.009319,5.8278217,28.629896,27.831383,29.641348,22.223969,4.4716597,12.823106,9.81788,29.993675,26.96789,24.871338,17.021095,11.601643,20.678295
1578,21.770987,30.445782,22.781391,5.3953204,13.161616,4.824175,19.236359,14.97434,9.425064,6.8931875,25.82277,12.359792,13.23988,25.994223,10.855521,20.088388,32.237072,18.691193,21.04134,17.56983,9.364699,6.4968343,28.692902,27.333666,29.046745,21.279415,4.69351,12.257927,9.926129,27.83136,27.028337,24.884275,16.374949,11.642157,20.592262
1579,28.343422,27.997383,28.96614,19.725325,28.594522,8.414698,20.583012,10.247374,9.512419,2.7155576,11.539923,13.239772,10.002483,19.375029,12.012038,22.620573,27.550997,23.797892,19.813038,21.143991,15.885046,14.25091,27.776443,27.132093,18.63266,14.338986,6.2673607,8.731127,12.051018,10.402676,27.069645,24.977207,13.326438,15.410587,21.38335
1580,24.262074,29.596666,26.342304,12.76046,29.468943,5.3500156,21.429295,11.31843,6.1601663,2.8310668,13.651716,12.848639,10.941408,21.32454,10.417706,21.166193,31.33445,21.629751,23.724669,21.439264,16.671679,15.386038,28.644554,27.028048,21.947273,16.170488,4.9066925,9.536291,15.360297,14.1742115,27.71813,25.451199,16.450884,13.389982,21.397825
1581,22.35973,29.98965,24.77563,9.722536,29.667086,4.7171297,21.350758,11.443359,6.271068,2.8820724,14.792521,12.438665,11.146704,21.535942,10.477469,21.590733,32.1772,20.02575,23.920443,21.175816,16.22071,14.88661,28.676098,26.0531,23.405033,16.044516,4.8728056,9.473944,16.01314,15.177081,27.615318,25.23461,16.633146,12.176829,20.826757
1582,22.027826,30.589535,23.117943,6.114523,17.83582,5.8605766,19.459812,13.760418,10.862776,6.389424,23.829346,12.411086,12.75993,24.63905,12.000738,22.242348,31.939182,18.337233,20.378939,18.41475,10.137382,7.647052,28.873972,26.023943,28.294493,19.252983,5.7728987,11.348369,10.777433,24.073694,27.195166,24.918678,15.272961,11.472279,20.311861
1583,19.871532,30.408846,22.70052,6.0708933,31.35784,4.7559237,21.474733,11.212273,7.0510974,3.102275,14.395027,12.714672,10.872692,20.865873,11.577853,23.068993,32.634552,17.803133,24.235323,20.92373,16.67126,14.906185,28.5513,23.795847,24.305334,14.514025,6.301777,9.47303,18.383451,14.57729,27.511097,24.93078,16.483683,10.648812,20.078726
1584,28.88618,27.441904,29.430866,21.004425,28.552086,8.272958,20.543318,10.104223,8.516957,2.3126626,10.092529,13.176468,9.70929,19.304276,11.289188,21.61482,27.342178,24.54893,20.511538,20.922142,16.5881,15.214778,27.409748,27.808617,17.763533,14.590331,5.9877653,8.809416,12.186585,10.192892,26.857597,24.827381,13.934471,15.859972,21.499681
1585,22.225878,30.419024,22.684708,5.705591,15.912401,8.192209,18.704384,13.881504,14.356192,7.5364656,24.30119,13.009124,12.5468855,24.763636,13.822565,23.979548,31.121672,17.66653,18.890966,17.221598,8.851707,6.069952,28.517925,25.051025,29.293064,19.014587,8.369242,11.900069,9.927334,25.043894,26.750982,24.511044,14.457041,11.034877,19.847069
1586,27.518845,28.135242,28.323437,18.483692,28.849764,8.202904,20.563932,10.25017,9.569917,2.7479444,11.782251,13.11702,10.034083,19.375034,12.0997305,22.860893,27.850256,23.124683,19.995293,21.097416,15.849733,14.249293,27.765326,26.606651,19.05524,14.204691,6.3590794,8.669567,12.558621,10.579295,26.99922,24.866913,13.461276,14.871198,21.14288
1587,21.274632,30.509937,22.273308,4.4009724,9.425964,3.9937649,19.172216,16.008371,8.480249,7.2942624,27.491451,12.387432,13.592469,27.013689,10.20922,18.655157,32.652435,18.754438,21.73096,16.943157,8.969935,5.677616,28.653116,28.183083,29.742424,22.686306,4.1297083,12.9696045,9.78312,30.830885,26.997135,24.916586,17.36681,11.641641,20.777105
1588,21.249788,30.619293,22.326767,4.313011,9.149439,3.6300206,19.281462,16.180931,7.9806294,7.21631,27.788782,12.324922,13.719736,27.250122,9.890651,18.274298,32.94105,18.895384,22.059982,17.0418,9.03325,5.7400837,28.763062,28.511139,29.841406,23.028135,3.7422738,13.017296,9.835757,31.253391,27.10377,25.020796,17.661827,11.696923,20.895868
1589,21.208519,30.330193,22.194447,4.4782624,9.965079,4.1109605,19.051622,15.745077,8.610791,7.170773,27.096876,12.294753,13.459391,26.700003,10.244184,18.79006,32.432217,18.590652,21.489735,16.913967,8.954539,5.7413177,28.488298,27.863144,29.509928,22.320057,4.206965,12.766837,9.757637,30.190847,26.839178,24.751543,17.0991,11.545784,20.595509
1590,19.712498,23.979397,20.843967,8.902974,11.386094,28.820883,16.728619,12.110186,30.590174,25.192986,6.2545004,27.712925,8.308449,20.347816,30.765875,33.403843,8.226175,18.944225,9.712075,20.596989,5.713517,3.5764055,22.59984,16.6301,14.326118,14.3189125,29.312525,20.654762,21.77634,3.8967223,19.026417,24.67641,15.241206,13.427309,24.211279
1591,19.886553,23.819271,20.802502,9.089928,11.973893,30.75963,16.521948,11.790117,33.056057,26.220293,5.776199,28.373632,7.935987,19.845102,32.431194,34.82481,7.3019514,18.589497,8.587632,20.36969,5.3263044,3.3888996,22.37471,15.3866625,14.024146,13.582614,31.674864,20.73286,21.322964,3.131721,18.787186,24.405888,14.354839,12.91352,23.978662
1592,22.325384,30.258972,23.394245,7.0123825,22.129017,7.2008724,19.358318,12.432394,12.146629,5.814738,21.240734,12.546789,12.062534,23.160429,12.858024,23.69978,31.279617,18.034925,19.480253,18.746738,10.697384,8.556056,28.614244,24.74322,27.391708,17.222385,7.0830774,10.58513,11.132112,20.281042,27.013897,24.667448,13.967318,11.392952,19.89349
1593,30.816793,25.871681,30.388512,25.345383,28.946066,11.729015,19.856068,8.965719,13.078718,2.3322911,7.520171,13.67899,8.438262,16.82345,13.841873,24.271263,23.894646,25.00498,17.268904,20.269743,16.520395,14.7757015,26.089825,26.145369,14.7343445,11.811116,9.082844,7.6141872,10.9086685,6.5074687,25.735743,23.72147,11.434998,15.761531,20.702713
1594,20.557316,29.238571,21.41526,4.3091493,9.644994,4.628267,18.28073,15.176184,9.191338,7.3461905,25.763361,12.171217,12.914409,25.781803,10.522557,18.842556,30.958761,17.857485,20.460857,16.183084,8.457083,5.4092617,27.450308,26.605146,28.666754,21.44391,4.786297,12.644659,9.521018,29.057964,25.816347,23.894592,16.414974,11.137743,19.908665
1595,25.110981,28.96646,26.001984,13.200829,25.494528,8.384242,19.61273,11.013683,11.824439,4.872798,16.68714,13.103462,10.983944,20.630716,13.212064,23.813637,28.348766,20.410765,18.225279,20.326746,12.37946,10.542107,28.06378,24.747826,22.424147,15.098361,7.0993786,9.376781,11.189972,13.769772,26.72009,24.667145,12.558844,13.205493,20.447613
1596,23.650782,27.259302,23.889442,14.421312,31.143711,21.280342,20.204184,8.480467,27.168653,16.96487,11.45852,20.284517,7.0525894,14.889139,27.222658,33.984703,17.885347,16.841345,12.161725,21.70893,13.159735,12.304856,25.423353,12.763384,12.896517,8.041694,24.960133,9.052943,14.626016,3.7898052,24.209349,22.455908,8.014704,7.7346954,19.299421
1597,22.33195,30.636292,23.392963,6.716826,22.424913,7.8754025,19.491411,12.512718,13.340367,6.1999,21.447195,12.818306,12.108467,23.264534,13.711451,24.794008,31.442554,17.86055,19.421719,18.904396,10.71827,8.559015,28.888235,24.400291,27.738817,17.091848,7.985239,10.6797695,11.587646,20.296005,27.209637,24.829527,13.982922,11.155189,19.929808
1598,20.139484,29.564318,23.211262,11.060174,32.06013,6.2036676,23.757528,10.272762,9.820282,6.0939803,11.571994,15.205466,8.694223,15.0321245,17.693811,27.692493,25.212267,18.13811,21.113451,24.882963,20.504007,17.372797,27.92339,17.222578,13.177419,8.288946,9.58345,7.051648,21.794518,5.898617,27.474474,24.472815,12.565936,9.825609,20.48861
1599,27.297344,28.227814,28.076302,18.080004,28.198408,8.412323,20.513805,10.317564,10.262167,3.334471,12.821727,13.45706,10.155055,18.939398,12.8811655,23.385418,27.102573,22.716356,18.84066,21.30113,15.227107,13.12603,27.818806,25.846367,18.810518,13.592839,6.6582346,8.638213,12.204985,10.036846,27.004992,24.895138,12.454851,14.802666,21.13688
1600,22.509697,30.386986,23.819645,7.339797,19.82818,5.4020767,19.72636,13.283775,9.540453,5.8095045,22.480824,12.324823,12.617943,24.186264,11.329154,21.553328,31.758745,19.042238,20.623404,19.123106,10.782704,8.62087,28.909157,26.380424,27.228128,18.958136,4.9438744,11.035943,10.843236,22.287693,27.306738,25.093515,15.186461,12.021799,20.613157
1601,20.17135,30.763449,22.956902,6.420659,31.027458,4.8581448,21.834,11.401884,7.5842714,3.4712093,14.821714,12.956305,10.916865,20.852995,12.291794,23.855549,32.44786,18.015284,24.070297,21.41987,16.832083,14.927933,28.923517,23.585167,24.034388,14.380589,6.5158606,9.510281,18.505205,14.62492,27.873737,25.215279,16.2675,10.802318,20.357069
1602,32.739815,25.353382,31.65281,28.585367,30.93394,14.895028,19.847328,8.258059,16.915306,2.8339834,5.637844,14.322506,7.6411276,15.888059,15.951249,26.61706,22.671932,25.751724,16.01184,20.000475,17.017912,15.688214,25.701012,25.582954,13.490493,10.660441,12.31857,7.094087,10.036365,4.896849,25.490578,23.317421,10.472151,15.49477,20.464525
1603,22.373373,30.504057,23.067402,6.224551,17.447664,7.4232917,19.042164,13.632771,13.161614,7.0274754,23.84651,12.775088,12.584464,24.531948,13.236311,23.583565,31.37987,18.005535,19.328974,17.887012,9.426348,6.8802867,28.721375,25.350245,28.739302,18.87299,7.408478,11.530389,10.218902,24.048424,26.977362,24.712837,14.573101,11.27904,20.042488
1604,20.287497,30.573715,22.761314,6.039499,30.072977,5.72207,21.082207,11.318838,9.049081,3.9112828,15.862125,12.806105,11.082528,21.126846,12.568546,24.170004,32.265038,17.55141,22.907103,20.675419,15.398417,13.575897,28.707521,23.426739,24.989155,14.617033,7.089431,9.586249,17.15478,15.203827,27.482954,24.921936,15.643356,10.592064,19.960608
1605,22.506395,30.255306,22.716679,5.868147,16.543507,9.998116,18.323128,13.512163,16.518261,8.023513,23.565214,13.4749155,12.246878,24.417784,15.064216,25.312778,30.461533,17.415737,17.861324,16.924858,8.340657,5.6901193,28.31487,24.220772,29.404741,18.393328,10.228826,12.057113,9.582365,24.099821,26.500542,24.334015,13.657189,10.896712,19.634686
1606,19.954128,30.140583,22.442524,5.1173816,21.130608,2.1559515,20.533022,13.371828,4.32523,3.7310152,20.740866,11.807797,12.345276,23.625072,8.640235,18.174099,33.121315,18.606428,23.625504,19.389776,13.301868,10.691981,28.456003,26.778519,26.193268,18.601307,2.7194993,10.578913,13.954246,21.840452,27.248766,24.913576,17.0616,11.482357,20.51482
1607,20.419382,30.02843,23.229443,7.240469,30.947819,4.4756866,21.451923,11.221506,6.1538806,2.8601072,13.908567,12.59705,10.824804,20.85285,10.939817,22.149118,32.33414,18.522213,24.467505,20.988781,16.903528,15.3161,28.367348,24.481619,23.522621,14.900099,5.665057,9.442402,18.07167,14.4444,27.380226,24.895515,16.802021,11.083736,20.27818
1608,22.710705,30.55072,23.280312,6.699031,20.956615,9.447404,18.96819,12.643311,15.734415,7.0905204,22.226667,13.13331,12.058587,23.485086,14.864107,25.86166,30.95562,17.531597,18.311964,18.157675,9.643804,7.4003167,28.71552,23.921818,28.443655,17.179394,9.597136,10.980859,10.5614395,21.213037,26.94961,24.566244,13.387525,10.868202,19.643711
1609,22.059858,30.543455,23.070671,6.125837,17.698875,6.114688,19.361507,13.726925,11.2877445,6.5423174,23.840157,12.456611,12.720315,24.583292,12.253896,22.516874,31.77664,18.239485,20.155933,18.322918,9.987876,7.5111566,28.824718,25.8485,28.324415,19.15929,6.0509033,11.374727,10.698282,24.038525,27.124699,24.857252,15.1410475,11.430147,20.24123
1610,25.881054,27.207521,27.209713,19.079222,32.217087,8.2392235,21.694468,9.275135,9.441269,2.0357273,6.558189,13.637052,8.304057,16.169716,13.881709,24.74973,25.898434,22.403656,21.335459,21.865194,20.092772,18.151844,26.709175,23.544634,14.435608,10.417717,8.276744,7.5335574,17.558094,6.0490007,26.5093,24.03985,13.746891,13.5674305,20.559443
1611,23.089743,27.555737,23.058823,9.296934,17.24768,14.178083,17.19578,11.850584,19.248386,10.12685,17.278004,15.809617,10.483314,21.340633,17.953075,26.451113,24.452108,17.980564,14.810432,17.06198,8.289278,5.953963,26.126125,21.463886,23.791632,15.3973875,14.322988,12.608891,10.881177,16.491404,24.332623,23.390942,11.885724,11.766261,19.657145
1612,22.93609,29.60638,22.127953,5.5465484,17.247162,16.977615,16.736237,12.480474,25.196444,10.384278,21.198698,15.434111,11.076184,23.206573,20.281208,30.606197,27.748407,15.966681,13.985748,15.38469,6.2603126,3.81616,27.388575,20.687082,30.099224,16.076893,17.88525,13.063988,8.842815,21.428879,25.381914,23.51937,10.910438,10.119535,18.680986
1613,22.682796,30.325531,24.239597,8.358196,24.525005,6.420521,20.02193,12.084299,10.460323,5.0906897,19.529982,12.5982065,11.940864,22.661547,12.2657,23.225286,31.301502,18.942513,20.42534,20.018976,12.086732,10.263963,28.894444,25.202108,25.865448,16.891817,6.125123,10.166318,12.4566555,18.065561,27.330465,25.103546,14.551596,11.931454,20.434155
1614,19.635221,30.805138,22.620747,5.873594,32.16403,4.7456274,22.00088,11.223854,7.2462,3.0546675,13.929418,13.036909,10.711357,20.490145,12.26789,23.969727,32.658066,17.69303,24.53466,21.490984,17.478685,15.448765,28.84718,23.211897,23.921366,13.816086,6.712907,9.377201,19.557209,13.874438,27.880215,25.166851,16.427803,10.579481,20.227753
1615,21.317585,30.45856,22.303432,4.5774717,10.552106,4.331564,19.156729,15.662422,8.955951,7.264423,26.993162,12.391411,13.447791,26.617424,10.554941,19.247276,32.425995,18.592081,21.42631,17.07616,9.072325,5.8906207,28.612452,27.728025,29.503212,22.132107,4.460553,12.733507,9.868134,29.874714,26.952785,24.842274,16.983065,11.534,20.644941
1616,22.578089,24.667797,22.507942,11.567108,19.019045,30.446716,16.618893,10.303328,34.06752,23.674335,7.536181,26.11324,7.4788938,18.557589,31.388033,35.201305,11.120479,17.88351,8.539625,19.234127,6.372167,5.2395496,23.003485,14.556615,15.362029,12.06887,32.06931,17.226105,16.927912,3.896951,20.192673,23.263884,11.261531,10.987162,21.846445
1617,22.329203,24.20685,22.458656,11.993981,19.435917,30.445412,16.771591,10.167198,33.37931,24.319992,6.797439,26.430426,7.22192,18.154224,31.374926,34.693657,10.180059,18.02525,8.726569,19.637402,6.8248644,5.923425,22.585968,14.305848,13.947369,12.046864,32.07074,17.153175,17.398558,3.0036736,19.804682,23.10186,11.576996,10.830218,21.987776
1618,21.820404,30.560665,22.713238,5.370394,14.237909,5.6494985,19.17634,14.641352,10.795346,7.005533,25.484964,12.500194,13.0690155,25.582142,11.749167,21.388903,32.047276,18.303564,20.511944,17.596533,9.35818,6.4869285,28.739466,26.618086,29.134212,20.50187,5.6589203,12.0445385,10.163904,26.896427,27.036623,24.829128,15.848415,11.41613,20.366726
1619,21.310743,30.35676,23.167587,6.6081667,25.471659,5.847361,20.20776,12.038567,9.753164,4.786345,18.881664,12.497502,11.757069,22.427656,12.1024,23.170168,31.884108,18.04361,21.448595,19.76807,12.929892,11.02165,28.678146,24.594973,26.154848,16.439476,6.301386,10.161357,13.971765,18.19261,27.229012,24.8628,15.164957,11.172655,20.072058
1620,21.529137,30.48716,22.670582,5.1704416,12.515278,4.2234607,19.382332,15.222992,8.64366,6.913837,26.237759,12.269756,13.354408,26.181173,10.478561,19.473043,32.40997,18.780293,21.46141,17.680738,9.526586,6.629216,28.738453,27.59301,28.909958,21.647367,4.1814027,12.305006,10.080071,28.402548,27.084263,24.942827,16.765646,11.623741,20.707603
1621,21.58712,30.375471,23.357914,6.842804,24.721155,5.7830424,20.122976,12.181931,9.735122,4.8380632,19.483189,12.414565,11.905562,22.688587,11.914507,22.912489,31.881243,18.247469,21.22875,19.705627,12.546842,10.595859,28.737225,24.903498,26.307142,16.806343,5.9957085,10.194017,13.334397,18.71001,27.258596,24.909681,15.0605345,11.329012,20.149504
1622,21.592783,30.510654,23.010574,6.124933,21.39185,5.9480376,19.708952,12.869865,10.718644,5.5994687,21.769505,12.376238,12.3065,23.491657,12.211579,22.945621,31.843077,17.978552,20.474138,18.99692,11.178682,8.858839,28.787037,25.087456,27.43773,17.687357,6.089203,10.671267,12.05358,21.157585,27.190311,24.843761,14.825096,11.269512,20.070604
1623,23.575348,29.904715,23.14283,6.972087,20.3694,15.2985935,17.525526,12.033007,22.815628,9.235405,20.752537,14.860931,11.231163,22.835749,18.952402,29.755817,28.498806,16.775208,14.884296,16.671608,7.4996915,5.3293986,27.909359,21.535639,29.091925,15.832467,15.698559,12.072563,9.103355,19.766682,25.990694,23.945988,11.072203,10.551709,19.05743
1624,26.892324,28.222786,28.14936,17.721617,29.506866,7.095969,20.980766,10.447058,7.3749123,2.4337516,10.785469,13.139213,10.041445,19.821133,11.011482,21.506174,28.853565,23.348848,22.112011,21.264694,17.101934,15.838068,27.824152,27.237024,18.983908,14.919984,5.721754,9.043071,14.134396,11.141089,27.16148,25.02814,15.081232,14.828733,21.437017
1625,21.3696,30.028555,23.704578,7.985158,29.386036,5.1871977,20.984514,11.366619,7.5711074,3.4699354,15.299804,12.509423,11.106396,21.403484,11.3212805,22.564901,32.06007,18.796293,23.31317,20.63231,15.558585,14.081434,28.495281,24.876461,24.242365,15.517856,5.864608,9.646104,16.24381,15.456862,27.345638,24.929813,16.181286,11.450189,20.305487
1626,22.086628,30.520002,23.32758,6.5441475,19.674898,5.8631034,19.599869,13.2890835,10.62321,5.9816318,22.760517,12.359108,12.565556,24.110952,11.970851,22.448458,31.815285,18.417204,20.38772,18.84102,10.620516,8.31859,28.873829,25.75404,27.699846,18.61289,5.6974564,10.990716,11.166953,22.50094,27.225271,24.943174,15.031496,11.551731,20.300917
1627,21.454397,30.253965,22.445045,4.856384,10.555773,4.4091253,19.068613,15.637003,8.801781,7.336665,26.490314,12.471463,13.407951,26.66871,10.445484,19.059124,32.18552,18.788862,21.417805,17.02096,8.981893,5.944893,28.474728,27.859806,29.399403,22.310663,4.3952074,12.945462,9.768704,29.798063,26.813375,24.812416,17.071722,11.688025,20.736942
1628,21.642897,30.51104,22.76049,5.5554924,15.806527,5.2752156,19.377808,14.266508,10.184524,6.6265993,24.71269,12.323033,12.936912,25.098976,11.5556135,21.368591,32.036793,18.297049,20.733673,18.106178,9.90801,7.2643404,28.753216,26.358522,28.457912,19.99288,5.2974625,11.638828,10.714697,25.572708,27.068426,24.835049,15.814572,11.377737,20.338383
1629,21.128338,30.511646,22.233608,4.2801533,9.05726,3.4530153,19.240788,16.145649,7.726105,7.124492,27.74706,12.223896,13.686725,27.168901,9.712908,18.031246,32.886868,18.850119,22.076998,17.015669,9.050301,5.772023,28.667173,28.4734,29.678215,22.998491,3.5641026,12.931912,9.83017,31.18762,27.020008,24.936758,17.667185,11.654496,20.828627
1630,25.220087,29.271257,26.79626,14.244979,28.608503,6.281415,21.00513,11.066343,7.815617,2.9742477,13.9474325,12.778648,10.8173895,20.807295,11.218339,22.09343,30.150028,21.847746,21.872492,21.314531,15.731283,14.244696,28.490965,26.71402,21.502218,15.556506,5.2645864,9.252565,13.89105,13.372968,27.52045,25.287825,15.036542,13.869476,21.221935
1631,19.03937,30.95209,22.10847,5.580317,31.917175,4.901542,22.490438,11.249123,8.122441,3.6009007,13.7100115,13.500753,10.325921,19.611635,13.728629,25.399128,31.728594,17.184744,24.193695,22.055407,18.173012,15.711551,28.86771,21.590761,22.67661,12.569952,7.6160736,9.135527,20.745676,13.043347,27.990925,25.109175,15.856778,10.096973,20.175209
1632,22.910885,25.72552,22.679604,10.601801,16.885935,26.701168,16.435108,10.934109,31.154264,19.720469,9.748612,23.658918,8.494244,19.719599,28.411118,33.811314,14.626106,18.124271,9.740005,18.476484,6.253591,4.2272224,24.212513,16.7578,18.65474,12.802554,27.67618,16.881758,15.949951,7.055671,21.500364,23.815979,11.400591,12.300198,21.604187
1633,21.71537,30.55424,23.060802,6.2670264,23.561666,7.2840195,19.696087,12.311798,12.356059,5.759408,20.594908,12.748772,11.94284,22.853947,13.360612,24.455162,31.609756,17.623915,20.032015,19.09333,11.466876,9.308046,28.76477,24.180002,27.312277,16.625172,7.690242,10.486357,12.609286,19.490738,27.169254,24.76658,14.277953,10.984138,19.847677
1634,22.7357,29.605154,25.017303,10.960884,30.282436,5.254988,21.404034,11.058434,6.8212156,2.7762973,13.277362,12.642516,10.675103,20.558918,11.210887,22.346266,31.156366,20.253813,23.551455,21.393536,16.95781,15.552004,28.422981,25.460913,21.982018,14.959391,5.4846287,9.230867,16.676756,13.3735485,27.471342,25.09171,16.182531,12.4741535,20.768787
1635,22.224586,30.48205,23.038929,6.0006447,15.479743,6.2607074,19.129715,14.239738,11.465057,6.940391,24.683502,12.608566,12.891435,25.212343,12.156571,22.051147,31.708876,18.407215,20.071173,17.738941,9.404839,6.6766005,28.728373,26.324858,28.866491,19.969576,6.1107244,11.893143,10.047161,25.729944,27.022715,24.834217,15.365326,11.552043,20.344997
1636,30.345783,26.773542,29.689041,22.862482,28.16185,13.90171,19.354038,9.229677,16.890089,4.477608,11.438563,14.732194,9.00299,17.11409,16.13758,26.1576,23.664917,23.372526,14.265143,19.89432,13.661239,11.246492,26.555044,24.434835,16.943754,11.412202,11.651152,7.9338694,8.628012,7.3094163,25.901478,23.82214,8.968724,14.75336,20.402992
1637,21.255917,30.593363,22.902966,5.967019,24.146925,6.434167,19.995987,12.323204,11.083648,5.3452806,20.120428,12.647466,11.930194,22.728271,12.820883,23.89313,31.90201,17.647097,20.818558,19.400747,12.1807375,10.000749,28.792719,24.318874,26.946232,16.555159,7.0193377,10.3884535,13.523909,19.177353,27.257084,24.852636,14.797614,10.973124,19.948317
1638,22.607687,30.645212,23.370865,6.763338,22.263006,9.25712,19.208618,12.433901,15.344392,6.823812,21.642794,13.150675,11.988072,23.190657,14.818911,25.968653,31.08506,17.556562,18.605858,18.557539,10.173135,8.001008,28.81325,23.804049,28.08243,16.803743,9.479233,10.763737,11.183198,20.283888,27.071354,24.670303,13.441849,10.862176,19.704733
1639,30.5674,25.91731,30.321953,24.99456,28.988295,10.715827,19.99381,9.06237,11.463303,2.0969234,7.4496217,13.457023,8.578457,17.134705,12.93725,23.26655,24.364815,25.164793,18.110147,20.404173,16.856497,15.248881,26.185703,26.660732,14.788384,12.298208,8.018354,7.8007135,11.228171,6.8616757,25.870895,23.87712,12.03447,16.011475,20.890097
1640,22.870466,29.714394,23.105099,7.785276,25.679811,13.650874,18.66936,10.946356,20.419088,8.508813,18.834257,14.585413,10.637608,20.838346,18.494293,29.26685,28.254808,16.556711,15.762927,18.11841,10.073604,8.21153,27.812632,20.449055,26.220043,13.72846,14.76474,10.438303,10.731249,16.051516,26.216715,23.777039,10.732402,9.862456,18.88444
1641,22.619518,30.585577,23.286797,6.76527,24.036287,10.360485,19.11871,11.911097,16.628582,6.6737742,20.416962,13.348458,11.607975,22.651567,15.586156,27.039215,30.909792,17.222303,18.192326,18.415808,10.388378,8.26433,28.695663,23.06837,28.155289,15.843279,10.765868,10.622721,11.437575,18.984488,27.01085,24.525393,12.888656,10.646234,19.428581
1642,25.880669,25.851723,24.66333,14.637983,25.990763,29.073114,16.7999,8.85391,34.394962,19.355719,9.863006,22.950796,7.2523756,17.413254,29.35279,35.27948,16.078392,17.558521,8.603881,17.8494,7.5936294,6.8920813,24.06253,14.671012,17.60373,10.480646,31.078934,13.213153,11.653601,5.4398403,22.146679,22.301342,7.8637466,9.553895,19.612885
1643,19.440409,23.877052,20.445782,8.330362,10.39839,30.385357,16.40592,12.158871,32.62936,26.039274,5.7436986,28.39667,8.171847,20.407867,32.170067,34.65099,7.367814,18.66005,8.878067,20.279377,5.043435,2.8696866,22.459171,15.944412,14.668113,14.052707,31.109346,21.400133,22.009634,3.7222786,18.733711,24.685673,15.064208,13.418212,24.261595
1644,20.39257,30.20236,23.1128,6.743647,30.613253,4.630458,21.276276,11.316282,6.641042,3.131544,14.77013,12.545035,11.039504,21.229887,11.009808,22.291664,32.602707,18.28916,24.158588,20.7716,16.257273,14.684501,28.487738,24.534178,24.329168,15.210696,5.758725,9.577598,17.479261,15.140912,27.411734,24.92957,16.63176,10.966806,20.213106
1645,19.728134,23.909767,20.703255,8.849277,11.528007,30.758001,16.586855,11.946362,33.040077,26.413399,5.7680097,28.541807,8.0128975,20.053154,32.554783,34.91624,7.225862,18.645222,8.714564,20.482904,5.3064103,3.2958987,22.461899,15.527065,14.128756,13.749382,31.668365,21.017948,21.72554,3.250146,18.813755,24.57965,14.661698,13.07182,24.171747
1646,26.8855,28.67669,27.919792,17.047697,28.598803,7.604879,20.72043,10.593466,9.123975,2.9501536,12.927632,13.076619,10.41586,19.96229,11.911941,22.697618,28.64623,22.748291,20.384472,21.293089,15.544971,13.908243,28.178402,26.699545,20.085814,14.739191,5.949936,8.9341345,12.735375,11.578552,27.306688,25.148096,13.778216,14.703466,21.271914
1647,21.922367,30.361069,22.549343,5.4519444,14.663471,6.928268,18.824627,14.271557,12.674683,7.3261857,24.824461,12.759559,12.766044,25.127764,12.838324,22.694519,31.375046,17.885557,19.570349,17.230099,8.9862795,6.1016703,28.499378,25.718603,29.21399,19.707607,7.0552588,12.046793,10.013467,26.078701,26.763678,24.574297,15.105422,11.214785,20.035507
1648,33.303032,24.87974,31.991894,29.936775,31.608042,15.9728565,19.80439,7.8948026,18.13771,3.268429,4.616585,14.548689,7.2185817,15.325502,16.736124,27.298191,21.77583,25.994032,15.508435,19.901297,17.304186,16.29956,25.335682,25.097263,12.466463,10.148054,13.515899,6.884976,9.726279,4.0753627,25.200176,22.997553,10.121229,15.285258,20.310825
1649,21.258434,30.454962,22.21658,4.4377933,9.975528,4.2853427,19.115786,15.799915,8.927292,7.3279757,27.228617,12.408535,13.481294,26.748983,10.50912,19.082428,32.45873,18.577856,21.458996,16.939219,8.973197,5.7137127,28.590326,27.822336,29.633177,22.298626,4.4613285,12.838848,9.805022,30.297758,26.932194,24.831482,17.076305,11.533001,20.648396
1650,21.803423,30.501335,22.738327,5.438863,14.280878,5.4851785,19.188883,14.6232605,10.503135,6.9395003,25.409796,12.445636,13.068819,25.562716,11.570791,21.16316,32.0305,18.367273,20.58342,17.648241,9.404635,6.578215,28.706543,26.681923,28.995405,20.54866,5.4512396,12.0107975,10.146833,26.829262,27.011538,24.816591,15.895828,11.446068,20.38595
1651,20.270697,30.19291,22.40086,5.3430114,22.292532,4.109083,20.164648,12.819725,7.7149534,4.8056226,20.47888,12.116796,12.13769,23.01977,10.850827,21.157145,32.099762,17.894999,22.067999,19.470486,12.618856,10.328295,28.462746,25.117615,26.171932,17.50215,4.710294,10.420223,13.923982,20.344263,27.024529,24.725405,15.916305,11.01476,20.112003
1652,21.710012,30.374933,22.79607,5.6559753,15.074948,5.0723453,19.288847,14.404608,9.811374,6.6840696,24.947556,12.264888,13.001008,25.290327,11.235233,20.839441,31.968243,18.452837,20.749924,17.965834,9.705267,7.073375,28.66032,26.637463,28.456726,20.364649,4.97363,11.764554,10.331461,26.087172,26.982395,24.792168,15.91995,11.480277,20.391937
1653,21.142906,29.680002,23.977863,9.3134165,31.549284,4.5419445,21.928007,10.950062,5.679378,2.4355886,11.913426,12.94124,10.282226,19.789377,11.306112,22.371336,31.247463,19.425055,24.646814,21.73139,18.34802,16.590807,28.232811,24.251146,21.201845,13.900321,5.7215033,9.093181,19.144114,12.320613,27.46327,24.956945,16.654757,11.730412,20.599337
1654,22.364964,30.578705,23.157448,6.031853,15.086848,6.2657504,19.174215,14.415333,11.423557,7.0496492,24.91792,12.707528,12.987893,25.467182,12.120324,21.939959,31.824694,18.572144,20.183113,17.70296,9.343856,6.557077,28.822262,26.597904,29.073658,20.266415,6.084942,12.085111,9.94456,26.199863,27.115042,24.947144,15.512041,11.665945,20.487785
1655,19.659922,23.82139,20.65858,8.820245,11.250756,30.259708,16.526417,11.950037,32.412075,26.031584,5.731784,28.299381,8.065326,20.112268,32.038784,34.435886,7.3946953,18.690401,8.888632,20.403751,5.2931437,3.2467773,22.414202,15.789388,14.163501,13.848055,31.044313,20.958048,21.726246,3.367669,18.775192,24.540909,14.796856,13.201619,24.134495
1656,23.84519,30.022087,25.379982,10.871433,26.943634,6.8321233,20.425581,11.488647,10.109071,4.156538,17.042595,12.740158,11.400535,21.689608,12.284436,23.479296,30.778889,20.014355,20.709549,20.692482,13.573763,11.911672,28.828386,25.50117,24.140272,15.952413,6.2060747,9.607948,13.108147,15.503008,27.470022,25.211832,14.429544,12.664994,20.685831
1657,21.01514,30.466133,22.167816,4.273535,9.238816,3.33423,19.257889,16.069967,7.59192,7.070055,27.748827,12.140616,13.652899,27.013891,9.654554,17.96483,32.83071,18.773193,22.06551,17.094404,9.140213,5.8820877,28.619158,28.329468,29.435518,22.860666,3.465623,12.749864,9.886528,30.946918,26.976727,24.871426,17.605007,11.545858,20.755863
1658,20.036814,23.81234,20.800632,9.128284,12.313006,30.967205,16.321815,11.646574,33.633053,25.843832,5.982903,28.063976,7.8397927,19.570358,32.565727,35.16701,7.4884696,18.33344,8.205334,20.024416,5.2289677,3.3180962,22.33532,14.963143,14.34974,13.24639,32.006287,20.431032,20.60284,3.2899234,18.82199,24.16832,13.74357,12.647879,23.605265
1659,21.169657,30.499987,22.220612,4.322364,9.275969,3.7585719,19.194727,16.05155,8.175473,7.225025,27.616453,12.302668,13.621412,27.039768,10.011577,18.402033,32.731186,18.752989,21.861822,16.978033,9.01267,5.7249036,28.641426,28.244766,29.664522,22.776625,3.9016244,12.909492,9.830796,30.935583,26.987152,24.900324,17.475716,11.602173,20.768057
1660,19.455128,24.094027,20.58136,8.390942,10.435742,30.928959,16.7095,12.351097,33.08895,26.836672,5.6731606,29.02128,8.217331,20.574205,32.871986,35.17111,6.9594665,18.89725,8.935271,20.77436,5.191782,2.9990714,22.650597,15.954999,14.398591,14.215022,31.710508,21.780857,22.605236,3.4615486,18.842932,25.030334,15.389067,13.535243,24.708145
1661,20.948824,30.679516,22.067719,3.8232894,8.106469,3.18466,19.276804,16.48245,7.549774,7.1507826,28.470457,12.192989,13.850599,27.53501,9.545985,17.755564,33.25914,18.799416,22.3408,16.893784,8.931041,5.504614,28.766535,28.761185,30.109308,23.418736,3.4029202,13.068929,9.855341,32.151295,27.103382,25.00172,17.998869,11.584448,20.86575
1662,20.991978,30.222301,23.528732,7.2127333,28.922781,4.552666,21.060324,11.643585,6.6797686,3.500658,16.15372,12.439201,11.394073,21.87215,10.693211,21.729397,32.55242,18.727612,23.658407,20.662642,15.297837,13.756458,28.623127,25.214146,24.701017,16.132162,5.2143707,9.774094,16.05793,16.33633,27.443838,25.048729,16.493557,11.299364,20.42822
1663,22.494137,30.799582,23.45502,6.703114,23.218029,8.718987,19.476313,12.343472,14.488472,6.3113117,21.22665,13.036034,12.002788,23.13472,14.383878,25.68715,31.474201,17.690214,19.10203,18.852936,10.691193,8.500533,28.977411,24.038696,28.020943,16.68483,8.929402,10.643279,11.63873,19.860754,27.291739,24.849646,13.638907,11.005425,19.834772
1664,27.013676,28.464735,28.077423,17.221947,28.039993,7.0014253,20.633905,10.737556,7.8533783,2.720829,12.81567,12.801142,10.499004,20.55742,10.806339,21.335888,29.10471,23.183527,21.15612,21.01861,15.57216,14.25378,28.059414,27.608145,20.30832,15.699067,5.1576166,9.162683,12.330484,12.630741,27.223518,25.119253,14.539163,14.922535,21.399952
1665,26.451893,28.843367,27.829433,16.402662,28.779877,6.5786004,21.089466,10.897442,7.290527,2.7574723,12.578453,13.024245,10.556651,20.587948,10.921738,21.505405,29.612982,23.015793,22.114693,21.405954,16.392065,15.013304,28.326323,27.486002,20.30565,15.613197,5.22118,9.320228,13.738357,12.569519,27.516209,25.362246,15.196747,14.701575,21.59017
1666,21.047626,30.4441,23.399578,6.8765883,28.282091,5.1851463,20.841589,11.68998,8.16174,3.9948018,17.048172,12.520869,11.523372,21.957659,11.524575,22.77475,32.361412,18.357904,22.802008,20.559471,14.53517,12.882682,28.782167,24.724857,25.231451,15.982932,5.8391027,9.817229,15.640436,16.546652,27.463104,25.067715,15.914129,11.165313,20.294518
1667,22.233265,30.87069,24.231548,8.085744,29.022045,6.7343507,20.91018,11.506659,10.518389,4.37813,17.179121,13.017941,11.498046,21.657492,13.0903425,24.798315,31.902811,18.666367,21.581678,20.960764,14.230007,12.39884,29.257093,24.38683,25.292513,15.278001,7.12932,9.732232,15.185684,15.413604,27.859785,25.414326,14.81968,11.617621,20.485632
1668,23.449677,29.574478,22.583763,6.3399243,18.782051,17.737593,16.78409,12.069912,25.939333,10.444049,20.482891,15.662227,10.901471,22.760773,20.804146,31.315405,27.396362,16.136354,13.552584,15.662946,6.4289923,4.1156316,27.412828,20.359333,29.624949,15.484507,18.513058,12.831268,8.765639,20.06437,25.417906,23.5487,10.384155,10.184286,18.703804
1669,28.750347,27.596178,29.228321,20.321095,27.220272,8.164122,20.251503,10.356077,8.753564,2.8544009,11.744869,13.117999,10.073731,19.726715,11.277178,21.40114,27.247538,24.273767,19.657063,20.86558,15.315699,13.844883,27.549347,27.754404,18.502731,15.0967,5.622081,8.992666,10.994496,11.051323,26.84103,24.885061,13.397519,15.886644,21.506193
1670,26.757132,28.288738,27.394356,16.225443,24.484493,8.6080065,19.546097,10.941818,10.991767,4.531703,15.631202,13.449484,10.759582,20.18304,12.674466,22.575674,27.010813,22.016006,17.567276,20.520905,12.509945,10.37693,27.762484,25.732965,20.5672,15.117395,6.4824657,9.342214,10.184307,12.524764,26.592766,24.771395,12.05688,14.536107,20.980713
1671,21.29159,30.48051,22.442268,4.8465085,11.8093815,4.044304,19.340961,15.378366,8.52923,6.9559445,26.597271,12.21052,13.3899555,26.271038,10.391914,19.272558,32.471893,18.641214,21.558802,17.55031,9.468994,6.476978,28.685595,27.577787,28.968538,21.784325,4.107133,12.320492,10.1655855,28.865248,27.027664,24.874182,16.91378,11.495511,20.634672
1672,18.977606,30.001856,22.44983,8.404984,33.966873,4.869483,23.605623,10.465469,7.12708,2.836138,8.814199,14.33436,8.812892,16.440872,15.037361,26.411068,28.879362,17.870499,24.644712,23.669844,21.772924,18.74379,28.099846,19.39405,16.943096,9.307785,8.262987,8.045453,24.578062,7.530933,27.746262,24.765425,15.448739,10.244544,20.325418
1673,28.281847,28.001244,28.832249,19.650944,28.665417,8.911902,20.492176,10.133451,10.511275,2.8906708,11.778863,13.354106,9.941952,19.009426,12.674601,23.404343,27.135616,23.465002,19.091488,21.131182,15.619395,13.792956,27.722342,26.524818,18.527658,13.773393,6.818227,8.524482,11.936514,9.897158,26.980354,24.867016,12.724243,15.159902,21.203089
1674,22.053453,30.531643,23.24052,6.6741476,25.025417,8.574027,19.60155,11.880678,13.939557,5.9646654,19.83187,13.059748,11.662697,22.382778,14.33431,25.664984,31.260084,17.453606,19.392088,19.094837,11.461846,9.408367,28.71362,23.50711,27.217789,15.853505,9.048537,10.325526,12.580551,18.275133,27.115936,24.66959,13.63776,10.805442,19.667774
1675,29.912294,26.937826,30.057335,22.946608,28.506691,9.320568,20.33474,9.748211,9.839328,2.3870676,9.548626,13.366169,9.383865,18.476385,12.059687,22.36936,26.019636,24.96672,19.163069,20.852148,16.411737,14.833279,27.064116,27.488348,16.570143,13.725419,6.6616755,8.411588,11.359677,8.824586,26.582254,24.585375,12.848284,16.145798,21.388132
1676,28.225056,28.15963,28.818623,18.927298,26.1838,8.147858,20.247211,10.770943,9.36085,3.687366,13.525169,13.36006,10.509625,20.140982,11.8594265,21.911953,27.380735,23.713306,19.179077,21.128239,14.417265,12.741837,27.963812,27.270119,19.274954,15.413807,5.737672,9.278408,10.910485,11.789985,27.050163,25.141306,13.140456,15.58468,21.609646
1677,21.138947,30.69624,22.664368,5.423255,21.001455,5.7781177,19.83116,13.097055,10.69208,5.717679,22.053102,12.462989,12.368252,23.613562,12.351334,23.058943,32.09397,17.715025,20.841177,18.97094,11.370812,8.8902855,28.856112,24.96919,27.652224,17.74009,6.2381516,10.791434,12.705255,21.63032,27.251425,24.883776,15.178474,11.027839,20.059784
1678,20.774834,30.493252,22.950043,5.936979,24.543545,4.5037985,20.508335,12.530535,7.8292027,4.479115,19.571644,12.29904,12.038869,22.92272,10.968529,21.66505,32.56856,18.21664,22.509418,19.850151,13.300568,11.19539,28.7583,25.32692,26.21787,17.225405,5.061778,10.274638,14.339088,19.421593,27.376963,24.99775,16.008085,11.134392,20.294064
1679,20.880125,30.345795,23.363716,6.7669873,27.686962,4.4812245,20.927406,11.91445,6.9377923,3.8359077,17.21446,12.4433365,11.620458,22.204142,10.759766,21.64908,32.587265,18.58039,23.34136,20.505354,14.696169,12.983565,28.709034,25.262081,25.134626,16.468937,5.1453686,9.942463,15.639684,17.164652,27.451773,25.089136,16.39117,11.253902,20.438385
1680,20.944744,30.417128,22.949627,6.2215943,25.335093,5.514168,20.33611,12.147623,9.391583,4.7401667,18.88601,12.502106,11.776044,22.401669,12.036438,23.048693,31.993542,17.928246,21.77761,19.866837,13.194353,11.199438,28.692324,24.524044,26.035772,16.414204,6.166917,10.166537,14.5350065,18.260113,27.249704,24.883839,15.438281,11.050897,20.088427
1681,22.429335,29.626143,24.99393,11.404841,31.596878,5.10894,22.18372,10.873159,6.24881,2.5481486,11.242339,13.239279,10.094924,19.479122,11.903414,22.96922,30.586103,20.393982,24.388035,22.169687,18.867014,17.115112,28.399883,24.524483,20.096848,13.631212,6.0484476,9.033216,19.000252,11.474587,27.70823,25.188524,16.358889,12.455207,20.98302
1682,22.530853,30.006884,24.619087,9.525343,28.443983,5.4583187,20.928219,11.501244,7.83983,3.532235,15.788652,12.530442,11.251201,21.648394,11.267726,22.405838,31.734585,19.665676,22.764534,20.799515,15.124826,13.6615305,28.6751,25.61098,23.977894,15.9881525,5.540908,9.650653,15.103624,15.631536,27.486738,25.138338,15.876902,12.138707,20.640368
1683,25.104532,27.548784,24.646885,14.554559,30.09529,22.851477,19.145239,8.702032,29.266588,15.798303,11.971219,19.940796,7.6102414,16.291622,26.971838,34.719963,19.43496,17.31317,11.577673,20.147139,11.525501,10.618484,25.776842,14.660887,16.431824,9.09846,25.634989,10.030818,12.95845,5.6325884,24.365215,22.759789,8.0181875,8.773306,19.24213
1684,20.949543,30.564953,23.300419,6.7376633,29.456219,5.596668,20.964937,11.4678135,8.712647,3.8642738,16.305878,12.691913,11.328077,21.612417,12.048036,23.57893,32.404064,18.129398,22.858768,20.622696,14.977686,13.267234,28.83558,24.31113,25.277807,15.342187,6.4916773,9.76488,16.304165,15.786057,27.562197,25.094164,15.786067,11.075125,20.206985
1685,20.07256,30.410954,22.699986,6.100282,30.391268,5.1153183,21.226887,11.28738,7.9456654,3.5430887,15.220885,12.696454,10.986244,21.008451,11.996302,23.491169,32.329758,17.691124,23.490532,20.773623,15.917866,14.147917,28.5791,23.617275,24.583986,14.639474,6.5278177,9.540315,17.596893,15.016402,27.439236,24.883339,16.037207,10.652946,20.009596
1686,30.529837,26.0283,30.338867,24.794752,29.057455,10.37561,20.061113,9.140886,10.917186,1.9845841,7.5284615,13.3438,8.671558,17.427958,12.553881,22.909523,24.79494,25.249727,18.571405,20.420206,16.97016,15.481304,26.301659,27.009058,15.084326,12.65661,7.6643677,7.9110756,11.298408,7.278531,25.989456,23.981018,12.398779,16.096079,20.976532
1687,31.907635,25.390562,31.241524,27.811806,30.832172,13.038511,20.210768,8.435291,14.291925,2.3303144,5.196464,14.047557,7.743796,15.923643,14.803885,25.307587,23.077892,25.790966,17.40943,20.382145,17.976437,16.585781,25.776236,25.929607,12.98995,10.881317,10.660259,7.2442975,11.425504,4.92557,25.648792,23.511496,11.425141,15.742586,20.711264
1688,21.650175,24.678234,21.609406,9.850704,16.248095,30.157358,16.092499,10.759819,34.241253,23.493425,8.063148,25.988544,7.7973475,19.153805,31.356668,35.272045,11.084652,17.41823,8.195627,18.726442,5.3287463,3.7300627,22.981155,14.655754,16.65078,12.3990555,31.665627,18.070951,17.341413,4.888538,19.957815,23.381834,11.530017,11.415809,21.853334
1689,20.445204,30.60128,23.353348,6.710499,31.320713,4.489295,21.688976,11.461855,6.336656,2.9603024,14.724388,12.735302,11.141107,21.373325,10.999159,22.394989,33.11259,18.511868,24.757074,21.150007,16.809532,15.13543,28.824549,24.831966,24.415081,15.287977,5.730467,9.585338,18.133112,15.112231,27.77405,25.248154,17.020777,10.992541,20.487598
1690,22.25329,30.46368,22.998764,6.252044,19.042112,7.953034,19.050505,13.176819,13.835868,6.9729466,23.04523,12.830339,12.335456,23.95351,13.773084,24.374424,31.18932,17.697098,19.077587,18.102463,9.70105,7.3223486,28.659775,24.635674,28.363445,18.063002,8.088621,11.199776,10.693332,22.641582,26.90932,24.59891,14.200138,11.025265,19.8263
1691,32.734283,24.574337,31.496548,29.278376,30.703499,14.99776,19.511515,7.904695,16.858276,2.7732787,4.7528224,14.04943,7.2608385,15.380951,15.764277,26.230253,21.859013,25.738373,15.721605,19.60351,17.086643,16.030113,25.055475,25.261606,12.5468445,10.367981,12.382815,6.83306,9.6280575,4.431428,24.924145,22.780985,10.333669,15.342134,20.107767
1692,21.463984,30.27506,22.249802,4.7530513,11.529574,5.250035,18.858492,15.196228,10.239065,7.2576394,26.313211,12.467533,13.188954,26.129538,11.21504,20.24325,31.983786,18.234152,20.640553,16.833174,8.813797,5.6710896,28.407335,27.035538,29.555252,21.345072,5.337119,12.54846,9.666941,28.826353,26.736744,24.608318,16.2542,11.400447,20.315125
1693,28.618725,27.6597,29.293285,20.418114,28.628632,8.002249,20.639544,10.237024,8.197899,2.3556805,10.396944,13.165587,9.84755,19.58684,11.117285,21.457588,27.774858,24.434566,20.890862,21.00358,16.60293,15.287792,27.569563,27.910088,18.166525,14.883035,5.8239756,8.923258,12.398629,10.627113,26.982216,24.940245,14.236796,15.75075,21.567347
1694,30.323183,27.02963,30.141197,23.12162,27.56445,10.70657,19.93377,9.750803,12.271557,3.014187,10.6325245,13.657443,9.4545555,18.3974,13.282976,23.69588,25.244732,24.684072,17.370453,20.64268,15.071116,13.182606,27.096226,26.812937,17.01525,13.3871975,7.7920055,8.336253,10.091145,8.766356,26.450438,24.512865,11.621873,15.96691,21.212967
1695,19.86779,30.340612,22.898685,6.7490473,31.860825,4.361298,21.942162,11.152914,6.266139,2.768566,13.35678,12.860895,10.591642,20.272757,11.623252,23.030228,32.23219,18.158224,24.67683,21.553942,17.70541,15.832343,28.541105,23.545702,22.972134,13.9799,6.0445366,9.215016,19.366714,13.507557,27.636572,25.001099,16.606407,10.80495,20.282248
1696,21.322887,30.218332,23.689713,7.6673765,29.08201,5.0786595,20.999075,11.511444,7.569643,3.6228395,15.941803,12.510662,11.294493,21.672922,11.272861,22.506166,32.260044,18.752941,23.252846,20.679766,15.256864,13.738532,28.654392,24.977547,24.60112,15.792101,5.707898,9.728284,16.007711,15.903351,27.451786,25.042694,16.167545,11.416302,20.380238
1697,21.227642,30.610912,22.238068,4.266515,9.191738,3.9023337,19.21667,16.11237,8.436183,7.2983274,27.77536,12.3761,13.652247,27.12228,10.173686,18.5998,32.815388,18.73894,21.838638,16.950785,8.975786,5.627677,28.724829,28.26465,29.855415,22.796179,4.0865116,12.970456,9.837978,31.096361,27.062216,24.960823,17.468777,11.60546,20.7934
1698,20.723576,30.439426,23.251469,6.5973573,28.732601,4.7099433,21.035213,11.722042,7.255284,3.6760623,16.635782,12.4947195,11.473329,21.942244,11.060065,22.211594,32.70233,18.36386,23.490612,20.584879,15.086407,13.399586,28.734385,24.9149,25.123766,16.00907,5.5519285,9.811058,16.224648,16.566906,27.503681,25.076942,16.368965,11.073211,20.327274
1699,19.784184,30.336493,22.848152,7.3662286,31.977982,4.4229546,22.500305,11.111431,6.5596485,2.9464605,12.307453,13.271575,10.117523,19.392845,12.681807,24.059858,31.35805,18.218315,24.77028,22.18204,18.860195,16.707664,28.537947,22.522657,21.37645,12.887964,6.640938,9.0254545,20.705973,12.357572,27.793575,25.01783,16.38567,10.770963,20.397322
1700,22.508093,29.77007,24.713917,9.835677,28.854889,4.9563503,20.975237,11.387594,6.77924,3.071681,15.269674,12.302526,11.167185,21.56293,10.524736,21.558062,31.818823,19.904703,23.178228,20.847393,15.476441,14.148953,28.501675,25.92839,23.568678,16.102047,4.8967457,9.460872,15.084724,15.409369,27.390152,25.04535,16.123617,12.214991,20.643091
1701,19.586681,30.307749,22.43703,5.8044806,31.10989,4.6700077,21.426085,11.196701,7.046913,3.1531305,14.370585,12.683964,10.797476,20.728115,11.641314,23.074713,32.462727,17.584324,24.158033,20.860931,16.649818,14.847016,28.423456,23.490149,24.166403,14.359425,6.337412,9.431972,18.496,14.560677,27.391384,24.802128,16.41669,10.493266,19.959917
1702,21.512678,30.36196,22.259636,4.6971817,11.331581,5.3655114,18.877035,15.281771,10.44784,7.348429,26.43374,12.54885,13.218813,26.23672,11.359274,20.391294,32.03998,18.246477,20.643929,16.787006,8.778869,5.5787377,28.477097,27.087456,29.737133,21.408194,5.4983044,12.66478,9.683123,29.053274,26.800995,24.672205,16.292465,11.431363,20.362389
1703,21.756365,30.561083,22.715313,5.2882085,13.5174,5.227689,19.250313,14.893343,10.1495695,7.0576935,25.78931,12.481182,13.186517,25.856718,11.383245,20.785906,32.168613,18.4906,20.8386,17.591066,9.383206,6.481717,28.759815,26.988829,29.140383,20.959162,5.2318716,12.224009,10.120527,27.559496,27.070871,24.896208,16.1911,11.508616,20.521667
1704,20.431698,30.838552,23.239445,6.435538,32.009296,5.0095706,21.67088,11.282181,7.3723016,3.041719,14.684031,12.821373,11.097663,21.200022,11.691807,23.457323,33.13022,18.178064,24.355381,21.182074,16.71598,14.959648,28.994663,24.334148,24.794655,14.753361,6.352873,9.54533,18.294317,14.613925,27.907114,25.315676,16.566202,10.931628,20.361965
1705,29.802017,27.084723,29.926495,22.677708,28.551538,9.663355,20.31936,9.717381,10.660531,2.6452074,10.127296,13.533265,9.437288,18.197477,12.685567,23.072659,25.70206,24.626015,18.423504,20.970762,16.0481,14.2009325,27.139866,26.927109,16.591648,13.24336,7.047492,8.261929,11.195961,8.414117,26.608086,24.589167,12.187089,15.941401,21.30207
1706,21.135178,30.379934,22.79626,5.9890265,24.214417,6.3327546,19.90551,12.222033,10.797603,5.239306,19.791204,12.557309,11.827772,22.59771,12.605934,23.603615,31.769293,17.59816,20.863937,19.292831,12.238522,10.130634,28.597084,24.247623,26.730402,16.497751,6.906929,10.325457,13.518641,19.01803,27.090843,24.700487,14.823783,10.9172735,19.843578
1707,21.698957,30.079365,24.041115,8.493311,29.177067,5.078432,21.09577,11.452976,7.3661885,3.482482,15.43494,12.547461,11.185625,21.457361,11.252914,22.426113,31.975159,19.158363,23.296934,20.874582,15.598588,14.106619,28.621704,25.153082,23.981936,15.677331,5.5897207,9.646544,16.096497,15.40621,27.466984,25.076881,16.178587,11.721518,20.512907
1708,22.364088,24.479555,22.252956,11.209767,18.50928,31.021727,16.333828,10.337263,34.69664,23.85225,7.272058,26.276598,7.4126,18.597786,31.71469,35.51081,10.782949,17.699314,8.231858,18.962437,6.000647,4.8845134,22.785217,14.343881,15.628631,12.088002,32.619835,17.539633,16.962326,3.91977,19.906317,23.157034,11.276405,10.946955,21.774897
1709,22.246035,30.312765,24.34454,8.745268,28.3851,5.698574,20.896563,11.568411,8.570849,3.8416157,16.455698,12.630366,11.394132,21.765306,11.750952,23.055273,31.877474,19.232824,22.441542,20.806458,14.724526,13.139965,28.867485,25.210009,24.562675,15.8876095,5.914341,9.724334,15.131105,15.838905,27.58936,25.219358,15.623772,11.890831,20.56958
1710,28.367203,27.696665,29.205452,20.215427,29.24925,7.9144173,20.835876,10.214266,7.936689,2.2713063,9.906491,13.301558,9.7559805,19.431202,11.142979,21.478447,27.939987,24.362305,21.432844,21.116272,17.184437,15.883215,27.547352,27.768795,17.89231,14.70539,6.023122,8.875181,13.207172,10.343447,27.007353,24.932028,14.577776,15.525049,21.579163
1711,19.543917,23.863945,20.586227,8.71339,11.28633,30.081476,16.598701,11.980143,32.19991,26.125917,5.833559,28.281631,8.071736,20.123518,31.99648,34.360798,7.414541,18.647215,9.028156,20.496738,5.398773,3.3537748,22.439169,15.775781,14.096431,13.899801,30.911022,20.934795,21.85746,3.4269009,18.804438,24.565857,14.894471,13.163392,24.156195
1712,21.144884,30.192484,22.330647,4.761459,10.792524,3.4551725,19.175314,15.542391,7.5129466,6.7616506,26.705036,12.004946,13.446331,26.498793,9.58579,18.14344,32.494797,18.778252,21.79093,17.284683,9.273418,6.2882853,28.44465,28.004456,28.93996,22.297493,3.3691957,12.449679,9.839234,29.530552,26.821508,24.730127,17.204561,11.611037,20.627222
1713,21.378979,30.148075,22.716324,6.2474523,21.640476,6.8403788,19.543518,12.570847,11.961651,6.1761284,20.974663,12.724029,11.931901,22.731264,13.31126,23.910374,30.847906,17.574326,19.854736,18.931509,11.2890215,8.997151,28.420351,23.986387,26.579327,16.791147,7.356819,10.602635,12.564899,20.001194,26.818367,24.52504,14.37745,10.926854,19.808353
1714,21.27367,30.552105,22.316284,4.3786173,9.339826,3.796075,19.225883,16.080162,8.186834,7.2384486,27.565655,12.350295,13.652846,27.135626,10.022848,18.448263,32.79606,18.846373,21.915838,17.000801,9.01069,5.7416873,28.70578,28.365644,29.786444,22.866215,3.9046211,13.011134,9.822112,31.007631,27.048798,24.973873,17.531311,11.69433,20.847675
1715,21.627947,30.527733,22.816795,5.74115,18.09114,5.771992,19.473171,13.675257,10.79909,6.3214383,23.510508,12.404918,12.655175,24.400227,12.084479,22.33993,31.877398,18.064623,20.485489,18.417992,10.358322,7.83453,28.764635,25.679934,28.117054,18.938015,5.8942146,11.268284,11.294943,23.728733,27.098875,24.816917,15.322592,11.275104,20.182436
1716,20.785887,30.648405,23.435444,6.547503,28.25584,4.179518,21.285608,12.064554,6.34089,3.5053723,17.093431,12.573054,11.675893,22.347057,10.504753,21.41127,33.195496,18.719011,24.059233,20.652151,15.29915,13.394599,28.927746,25.63423,25.328526,16.532366,5.0332785,9.980927,16.268969,17.337042,27.75446,25.318943,16.818785,11.264894,20.627668
1717,21.491276,30.347704,22.513107,5.090554,12.563202,4.634855,19.14101,15.052254,9.262494,6.8877697,26.06084,12.258883,13.232572,25.985844,10.717541,19.828447,32.209984,18.505444,21.062986,17.413485,9.282992,6.347609,28.559147,27.240475,29.01412,21.327671,4.587491,12.213079,9.96208,28.119068,26.89597,24.745909,16.448093,11.491372,20.459208
1718,32.527023,25.12175,31.322105,28.056988,29.71188,14.517442,19.34755,8.315506,16.454231,2.3444905,6.0478163,13.875996,7.7340937,16.178839,15.200857,25.884092,22.810484,25.55675,15.759765,19.508259,16.240904,14.783098,25.48648,25.936665,14.234397,11.037755,11.54744,7.1665096,9.318722,5.542909,25.22907,23.144056,10.438769,15.718909,20.249859
1719,19.505566,30.997799,22.471203,5.612594,31.772787,4.8348813,22.131006,11.3504715,7.7586575,3.3802364,14.37349,13.167406,10.722767,20.473835,12.790404,24.527164,32.545105,17.50472,24.347988,21.626036,17.419645,15.26602,28.981663,22.81567,23.93289,13.669912,7.007928,9.39629,19.662264,14.1096735,27.995481,25.221575,16.250938,10.410782,20.244246
1720,22.481745,30.494854,23.919594,7.3050756,19.581623,4.866322,19.91337,13.495487,8.712424,5.7465982,22.744926,12.272774,12.770532,24.453342,10.878683,20.96964,32.04482,19.286488,21.09902,19.299,10.964747,8.805083,29.035,26.814121,27.205048,19.387087,4.3693323,11.123739,10.940895,22.744818,27.446625,25.241812,15.580204,12.129183,20.818415
1721,23.363728,29.494753,24.831158,12.051585,31.350866,9.608422,21.123594,10.10734,14.00953,4.8210077,13.40363,13.909884,9.729582,18.264235,16.241768,27.69939,28.118597,18.890451,19.298498,21.426096,15.983302,14.023577,28.097286,21.288494,20.380955,11.462358,10.580284,8.240194,15.607762,10.146833,27.113274,24.404215,12.329226,11.103975,19.863853
1722,30.43854,26.670546,30.326157,23.936872,28.38205,10.172853,20.166954,9.508366,11.1195,2.5657434,9.524091,13.601747,9.19867,17.78308,12.878988,23.156628,24.969893,25.012733,17.851768,20.822224,16.052996,14.144607,26.856493,26.943516,15.84931,12.883104,7.336561,8.10248,10.701942,7.7545056,26.399902,24.411678,11.750118,16.2153,21.259333
1723,21.20477,30.501888,22.31709,4.4672627,9.891193,3.6571236,19.27684,15.924143,7.9813504,7.131834,27.400187,12.249963,13.604946,26.922379,9.9395275,18.413412,32.738758,18.808456,21.914948,17.166773,9.166447,5.9790916,28.675726,28.216051,29.479616,22.66267,3.749708,12.791647,9.888154,30.536135,27.027693,24.928297,17.432726,11.6186695,20.795052
1724,21.401003,30.28517,22.256107,4.6476436,10.550522,4.722273,18.922382,15.5181675,9.431808,7.2468762,26.720797,12.418972,13.338754,26.500309,10.703453,19.44432,32.197342,18.470644,21.049345,16.795948,8.805779,5.6091094,28.437197,27.54993,29.628588,21.93704,4.7837257,12.756721,9.601487,29.68044,26.780691,24.691793,16.696455,11.539013,20.490234
1725,23.001791,30.220858,24.318417,8.777916,25.95043,7.982835,19.847054,11.594894,12.445105,5.3308616,18.588863,12.978182,11.549777,22.014196,13.504984,24.71211,30.767776,18.639006,19.597395,19.883022,12.075078,10.291892,28.739399,24.30121,25.720623,15.868386,7.837718,9.991889,12.494133,16.674568,27.18957,24.909313,13.759425,11.69045,20.141094
1726,25.900902,26.92789,25.073784,14.912679,28.024315,23.605814,17.944513,8.800207,29.570248,15.455244,12.517236,19.927687,7.934469,16.85575,26.086239,33.48977,19.243229,17.665693,10.290874,18.835314,9.598802,8.434019,25.288061,15.763522,17.687077,9.929536,25.456442,10.662313,10.884981,6.3876476,23.770792,22.543324,7.3821487,9.560486,19.139118
1727,28.410925,28.007496,28.91869,19.44821,27.47716,8.442653,20.266708,10.403891,9.696207,2.9278657,12.457894,13.107248,10.203663,19.828678,11.797909,22.288982,27.607458,23.739037,19.363192,20.879322,14.990652,13.3931,27.798851,27.333447,19.282331,14.89691,6.041156,8.892261,11.074431,11.271676,26.992548,24.959246,13.141156,15.489509,21.351213
1728,18.834904,30.234892,22.016842,7.305222,32.9441,5.4970107,23.07266,10.580002,8.804516,3.6272428,10.631777,14.164268,9.167614,17.116272,15.571116,27.1031,29.11724,17.193598,23.621462,23.089937,20.187029,17.288774,28.242912,19.134157,18.610815,9.796722,8.842848,8.306477,23.100218,8.989297,27.661077,24.685232,14.879276,9.8934555,20.031288
1729,22.125448,30.426363,24.127827,8.212661,27.97357,5.986779,20.70503,11.622501,9.225625,4.095087,17.086483,12.651315,11.496361,21.965868,11.996535,23.3571,31.955473,18.905325,22.045073,20.552862,14.156574,12.500872,28.906837,25.018255,25.185242,15.963347,6.2268896,9.827942,14.7309885,16.311728,27.561716,25.187685,15.374476,11.7086,20.44405
1730,21.044598,30.269321,22.75542,5.6493764,17.000378,3.6542604,19.867971,14.120981,7.4242716,5.9080095,23.560762,12.065092,12.853944,24.69951,10.283519,19.738997,32.153885,18.691135,21.91092,18.86281,11.0950775,8.647213,28.656351,26.690952,27.11514,19.931902,3.765849,11.3681,11.805955,24.47486,27.093685,24.922832,16.527283,11.550997,20.61237
1731,29.169369,27.43457,29.582378,21.345695,28.52559,8.60004,20.453547,10.041161,9.076746,2.3653085,10.326868,13.174324,9.712764,19.225712,11.525793,21.938745,27.141779,24.574436,20.000639,20.89369,16.286005,14.861358,27.417725,27.741457,17.796553,14.457998,6.1468983,8.694119,11.701331,10.046636,26.844164,24.80804,13.529209,15.898458,21.450415
1732,22.41344,29.874826,24.580704,9.702331,29.349594,5.435909,21.036924,11.281483,7.5886183,3.1815841,14.836107,12.517445,11.0168295,21.258595,11.240746,22.47365,31.673422,19.656244,23.064938,20.889168,15.730692,14.310081,28.543509,25.429874,23.526407,15.54538,5.6365137,9.470114,15.71961,14.856324,27.434782,25.052252,15.978624,12.103243,20.55983
1733,21.196629,30.503428,22.285706,4.365844,9.24558,3.5674925,19.229822,16.090794,7.8501234,7.138978,27.625053,12.255275,13.66521,27.127354,9.79072,18.153822,32.832306,18.863235,22.008074,17.027378,9.044226,5.7877827,28.666004,28.429012,29.665676,22.930882,3.6509504,12.931487,9.810346,31.035082,27.016935,24.938932,17.597015,11.675981,20.830269
1734,22.013945,30.522305,22.848854,5.761296,15.916594,6.3177147,19.129114,14.110397,11.723507,6.9038577,24.689606,12.542172,12.836802,25.000582,12.350288,22.390276,31.73223,18.119621,19.979683,17.793509,9.466188,6.7474785,28.721184,25.98039,28.841232,19.642271,6.289132,11.687314,10.266231,25.377962,27.000435,24.758127,15.232751,11.333496,20.180468
1735,20.622278,30.177061,23.295567,7.179781,30.456053,4.674483,21.339514,11.323177,6.7320056,3.1994493,14.650716,12.593643,11.002238,21.130436,11.186711,22.459398,32.37023,18.489363,24.07678,20.929295,16.366705,14.797017,28.52481,24.533175,23.998348,15.135882,5.7609663,9.576571,17.511635,14.9351635,27.45505,24.97835,16.569166,11.153368,20.306707
1736,24.345299,25.472403,23.736858,13.580472,24.967623,28.656094,17.18659,9.1518955,33.153492,20.824593,8.525405,23.720995,7.1531825,17.4728,29.730684,34.95579,14.590553,17.53476,9.584332,18.852367,8.239019,7.803125,23.734358,14.295077,15.931103,10.8616,30.871428,14.116757,14.318297,4.4842176,21.605503,22.531462,9.5873,9.59798,20.285124
1737,21.210066,30.256247,22.099693,4.3957663,9.576604,4.3713837,18.917486,15.775829,8.980268,7.3062305,27.089949,12.383705,13.4185705,26.725067,10.433961,18.928871,32.2803,18.501883,21.290327,16.679813,8.759794,5.48065,28.39783,27.776697,29.680311,22.303736,4.5051217,12.911027,9.624231,30.385109,26.747292,24.684412,17.005604,11.545106,20.539463
1738,20.496851,24.060074,21.166103,9.859986,14.492898,29.645985,16.717215,11.167524,32.34974,25.295687,6.645402,27.231512,7.7290764,19.115757,31.605955,34.29522,8.6637335,18.160538,8.850937,20.144554,6.0576105,4.391478,22.56075,14.863899,13.844164,12.869206,31.015965,19.093433,19.911118,3.3250396,19.335804,23.863764,13.222157,12.083674,23.078484
1739,22.144505,30.638062,23.122173,6.2498493,20.60468,7.580965,19.35364,12.956202,13.160946,6.475149,22.476408,12.772285,12.299167,23.715508,13.500722,24.324036,31.550072,17.757963,19.507101,18.521711,10.320678,7.9686813,28.827494,24.683187,28.155056,17.708685,7.7423277,10.936636,11.292981,21.743925,27.126478,24.76549,14.279951,11.072043,19.914164
1740,22.870304,30.519815,23.38869,6.9576025,22.053576,10.0727215,18.948027,12.329876,16.45379,7.0889163,21.634668,13.279766,11.875246,23.12491,15.332334,26.475342,30.760523,17.44742,17.975172,18.227804,9.734402,7.5533104,28.68398,23.52769,28.290213,16.632496,10.258587,10.831902,10.610742,20.279348,26.932247,24.51951,12.983691,10.804648,19.54499
1741,19.788406,30.304354,22.874882,6.4997845,32.081738,4.2900157,21.841797,11.173271,5.880289,2.5863352,13.345475,12.811981,10.6812725,20.528482,11.135754,22.472406,32.644844,18.168337,25.01698,21.263268,17.687662,15.846643,28.472116,24.000496,23.406487,14.297852,5.946368,9.308478,19.326672,13.848478,27.57146,24.985542,16.961466,10.754302,20.262686
1742,25.883259,29.045149,27.368652,15.372571,28.612823,6.297992,21.065464,11.026102,7.2744703,2.8277178,13.244856,12.8703985,10.714057,20.829168,10.864075,21.543976,29.991863,22.54911,22.18096,21.334627,16.107481,14.72064,28.416948,27.3175,20.956003,15.778247,5.080826,9.357002,13.7690735,13.184538,27.538662,25.354568,15.291611,14.358781,21.466637
1743,22.761442,30.084387,22.481014,5.589695,17.083956,13.540709,17.603043,13.04645,20.949026,9.31861,22.563404,14.537467,11.741706,23.94359,17.758718,28.092745,29.306406,16.69602,16.02437,16.225197,7.2952228,4.78119,27.981071,22.52094,29.955315,17.341284,14.158962,12.635417,9.269711,22.903244,26.050371,24.030413,12.348931,10.49184,19.232733
1744,20.55528,30.38127,23.249977,6.82399,30.898829,4.7852836,21.354015,11.308214,6.953433,3.1289818,14.885957,12.58706,11.087778,21.269852,11.206658,22.644232,32.725136,18.333174,24.088985,20.886425,16.261429,14.66425,28.65572,24.552399,24.493383,15.149504,5.882039,9.554251,17.466522,15.058724,27.562378,25.0501,16.529078,11.02021,20.269472
1745,22.21913,30.57192,23.175617,6.2832203,17.995333,6.328078,19.33282,13.631935,11.553091,6.450234,23.75973,12.462774,12.689782,24.532112,12.337052,22.707312,31.778261,18.25842,19.990126,18.300022,9.943466,7.4449387,28.850193,25.822294,28.400478,19.028204,6.185869,11.298512,10.540225,23.833416,27.155811,24.866274,14.948523,11.466461,20.21184
1746,21.631613,30.242939,22.366146,5.0808616,12.865158,5.810954,18.82484,14.775795,11.007881,7.2093377,25.666998,12.52301,13.003279,25.659403,11.729493,21.080791,31.69962,18.092001,20.209288,16.989523,8.9114275,5.878323,28.389595,26.508986,29.300682,20.649837,5.8662167,12.278108,9.7638855,27.607666,26.70717,24.5522,15.75689,11.334691,20.174006
1747,23.57633,29.124834,25.797989,12.733201,30.768238,5.553591,21.51587,10.794624,6.215247,2.518543,11.475949,13.031909,10.296106,20.014528,11.049411,21.853395,30.478315,21.153534,23.897509,21.53162,17.88312,16.467943,28.140125,25.771156,20.447939,14.609946,5.667406,9.227167,17.212145,11.98542,27.373688,25.071827,16.327332,13.095902,21.041248
1748,22.82417,29.908613,22.269646,5.4423447,16.241571,15.045806,17.186481,13.035984,22.832499,9.860645,22.193243,14.9903555,11.5109625,23.880537,18.8476,29.060434,28.64147,16.458815,15.199952,15.696312,6.709838,4.108118,27.738142,21.917372,30.244062,17.088081,15.802979,13.066895,9.04275,22.890076,25.769766,23.856924,11.907923,10.425257,19.07071
1749,20.598389,30.745329,22.978428,6.342894,29.767189,6.0181437,21.203794,11.430317,9.623193,4.2853246,16.261696,13.009549,11.126885,21.171282,13.074834,24.652756,32.072987,17.695131,22.61663,20.850615,15.297148,13.40175,28.898754,23.341583,24.920284,14.609621,7.4028397,9.660228,16.924763,15.337951,27.65469,25.07012,15.409319,10.678887,20.120829
1750,20.944956,30.336681,22.647999,5.6460643,20.999043,4.9826555,19.847271,13.012529,9.285993,5.384023,21.573784,12.224992,12.310491,23.44656,11.525674,21.946726,31.90813,17.938854,21.155022,19.091026,11.620306,9.261162,28.614061,25.194443,26.961468,17.852009,5.31518,10.683436,12.712574,21.316866,27.072891,24.76873,15.385333,11.1725855,20.104528
1751,18.97971,30.139841,22.410786,7.102045,33.31989,4.0326295,22.860641,10.778381,5.6625586,2.2399602,10.594445,13.466477,9.626492,18.306108,12.703248,24.02747,30.937332,17.921116,25.202314,22.56731,20.124975,17.582458,28.246725,21.636763,20.069653,11.579663,6.695465,8.600767,22.426373,10.444853,27.704378,24.860176,16.308247,10.565838,20.263763
1752,20.926062,30.316587,23.034878,6.2775335,24.78786,4.7678075,20.398556,12.359365,8.093377,4.5339046,19.18305,12.306494,11.918039,22.73541,11.118529,21.838352,32.264008,18.245033,22.272383,19.838877,13.243395,11.283291,28.63908,25.1717,25.985662,17.062666,5.2509384,10.225401,14.202211,18.996075,27.248096,24.90028,15.851497,11.173474,20.23408
1753,33.32343,24.942486,31.801308,29.308834,30.840805,16.526936,19.303118,7.9340734,19.026186,2.8610015,5.334817,14.369447,7.3343935,15.69142,16.672766,27.453756,22.118351,25.69502,14.779725,19.299776,16.257782,14.976151,25.303106,25.331272,13.843842,10.311492,13.746479,6.9526353,8.7059,4.7395463,25.089636,22.933928,9.669713,15.379921,20.075556
1754,20.915329,30.404282,22.947922,6.229558,26.334497,5.766229,20.333084,11.887896,9.608715,4.559806,18.436954,12.4978285,11.648885,22.152796,12.136459,23.311636,32.02342,17.79495,21.704866,19.903887,13.352718,11.413198,28.650343,24.27023,25.967958,16.031942,6.433591,9.964083,14.665514,17.585691,27.228556,24.825552,15.237493,10.925524,19.964527
1755,24.072134,25.598518,23.203194,11.957777,21.674505,29.274801,16.212887,9.691822,34.53995,20.448605,9.737113,23.715384,7.6440377,18.399448,29.894684,35.38312,14.870768,17.11941,8.415491,17.72052,6.245179,5.1139307,23.788244,14.68242,18.406328,11.348092,31.088814,15.181475,13.549166,6.058384,21.400852,22.675854,9.148154,10.23686,20.210785
1756,21.794506,24.935942,21.960968,10.44828,16.835466,29.017714,16.71744,10.803482,32.74964,23.427227,8.120399,25.87105,7.872899,19.095852,30.834105,34.6213,11.314495,17.882235,9.016225,19.483332,6.234322,4.639452,23.322002,15.051847,15.738268,12.498881,30.574377,17.741512,17.890215,4.644911,20.391598,23.673286,11.943104,11.633023,22.195305
1757,25.753498,26.962877,27.15068,19.196323,32.35333,8.032056,21.693882,9.180407,8.8429365,1.7446504,5.8876243,13.633949,8.11354,15.942482,13.541194,24.278217,25.853384,22.426565,21.71978,21.727467,20.535654,18.580935,26.461391,23.529549,13.958504,10.262626,8.180587,7.4362984,17.988377,5.7722483,26.356485,23.87782,13.955186,13.510545,20.483088
1758,22.228071,30.442215,23.19521,6.7846437,25.0058,9.616605,19.358612,11.727898,15.448163,6.376927,19.779566,13.288918,11.511623,22.160498,15.193734,26.56479,30.801674,17.205732,18.630932,18.853613,11.061783,8.979163,28.587082,22.919117,27.284056,15.446192,10.156752,10.331825,12.259606,17.949013,26.955002,24.49971,13.071156,10.610887,19.460447
1759,27.06599,28.557533,28.259914,17.41366,28.224438,6.810938,20.942863,10.85231,7.3264594,2.8219562,12.448747,13.103634,10.4952,20.485739,10.853439,21.200489,29.091497,23.472958,21.676107,21.330978,16.17722,14.763779,28.177763,27.751698,19.82416,15.672795,5.1601086,9.335065,13.075932,12.354926,27.402464,25.317656,14.899178,15.101548,21.690413
1760,21.798336,30.440546,22.80682,5.926105,19.37542,6.9888244,19.2586,13.18264,12.460275,6.51677,22.767881,12.62736,12.355194,23.854006,13.088012,23.642141,31.444193,17.695642,19.704521,18.316572,10.214821,7.796722,28.644815,24.820349,28.073471,18.043766,7.210767,11.088452,11.294625,22.458408,26.953106,24.641796,14.582733,11.06435,19.886095
1761,21.125885,30.398617,23.497948,7.118662,28.66329,5.1558204,20.946451,11.642647,7.9501567,3.9133427,16.588291,12.567204,11.439889,21.858904,11.503291,22.753752,32.34659,18.497246,23.04599,20.645086,14.872273,13.280457,28.767883,24.802198,25.01445,15.909701,5.8523436,9.838495,15.906747,16.311228,27.492481,25.090734,16.071697,11.253672,20.359047
1762,22.29276,30.14109,23.899307,8.381415,28.25038,7.6516886,20.257019,11.19976,11.744889,4.750829,17.016071,12.953906,11.151907,21.256487,13.50711,24.909735,30.973692,18.281393,20.47766,20.092995,13.510112,11.759615,28.570566,23.779121,25.08945,14.883465,8.07237,9.643047,14.008493,15.401039,27.204767,24.775274,14.064083,11.302647,19.95352
1763,21.139889,30.409906,22.62117,5.3269806,16.021755,4.0893116,19.646568,14.32513,8.326169,6.1367345,24.451002,12.061088,12.9679,25.040775,10.564148,20.106285,32.318615,18.45843,21.555601,18.433004,10.512634,7.9163456,28.692724,26.68872,27.880007,20.188347,4.1726885,11.471998,11.249877,25.466053,27.082127,24.857664,16.358475,11.388487,20.454973
1764,21.64863,30.528982,22.512096,4.9745817,12.464386,5.2790456,19.101093,15.108835,10.305431,7.1870723,26.21441,12.509409,13.232217,26.080027,11.370865,20.62379,32.19168,18.374594,20.785105,17.2333,9.106277,6.0416956,28.672968,27.066326,29.479763,21.205305,5.3462086,12.414229,9.936055,28.341484,26.985746,24.817947,16.265718,11.455277,20.455252
1765,21.363302,30.289526,22.418427,4.894442,11.374964,4.11803,19.113657,15.363472,8.496141,6.8471575,26.515814,12.156744,13.36066,26.338554,10.161631,18.972431,32.386738,18.648745,21.394953,17.23799,9.179867,6.1570525,28.505402,27.69069,29.12457,21.898178,4.040412,12.398697,9.809702,29.060123,26.862556,24.742153,16.83077,11.576172,20.541677
1766,24.856873,28.969368,26.137009,13.198232,24.97941,6.7600756,19.985563,11.393824,9.243604,4.3561287,16.609762,12.735778,11.199006,21.163702,11.704541,22.008884,28.986303,21.03224,19.689463,20.705153,13.073754,11.454557,28.170519,25.835238,22.065628,16.141745,5.3433228,9.499999,11.704598,14.637856,26.877184,24.883024,13.818907,13.493896,20.85321
1767,29.865288,26.350641,30.00301,23.700102,29.321194,9.524818,20.334694,9.350718,9.752782,1.9164803,7.706211,13.316473,8.8533325,17.72477,12.092182,22.425072,25.520958,25.034403,19.554161,20.645832,17.415792,15.958064,26.52909,27.147728,15.398793,12.978016,7.1085577,8.102043,12.248899,7.7159624,26.210602,24.181637,13.088589,15.9657755,21.121075
1768,20.088083,30.127096,22.921837,6.455355,30.542253,4.41021,21.29981,11.357122,6.231663,3.0337992,14.657444,12.5421,11.004925,21.194681,10.785322,21.942081,32.656654,18.188156,24.409801,20.708824,16.41734,14.79582,28.370949,24.514639,24.224588,15.2293005,5.6582355,9.556863,17.75622,15.219285,27.32377,24.8527,16.851738,10.805501,20.171043
1769,21.972208,30.40753,22.938126,6.061286,17.44405,6.1843944,19.214212,13.680706,11.391784,6.4967456,23.860722,12.387907,12.663944,24.501554,12.214062,22.444424,31.631895,18.109121,19.965057,18.133663,9.841523,7.312956,28.670277,25.711002,28.294407,19.076296,6.0914116,11.295355,10.524648,24.048359,26.977425,24.709873,14.999872,11.337693,20.096588
1770,21.502163,30.3801,22.504288,5.049314,12.475016,4.6974373,19.142221,15.085611,9.37984,6.9417906,26.121944,12.293919,13.24351,26.029163,10.79433,19.908083,32.22405,18.49475,21.048788,17.380999,9.255755,6.298208,28.58204,27.24212,29.099358,21.349485,4.6751604,12.2634115,9.953234,28.228664,26.915768,24.764645,16.450977,11.488506,20.470753
1771,21.38172,30.112038,23.595531,7.3916817,26.683025,4.900689,20.552742,11.868008,7.682898,4.2281766,17.730816,12.361604,11.667781,22.232801,11.008391,21.831264,31.948875,18.710207,22.386347,20.361973,13.840247,12.240771,28.601639,25.180717,25.041752,16.619822,5.169876,9.9562645,14.5023985,17.251064,27.250187,24.966806,15.794702,11.4774885,20.382421
1772,21.878824,30.405144,22.979935,5.894402,15.404579,5.053057,19.346937,14.355566,9.687188,6.58469,24.827322,12.25905,13.012632,25.291042,11.1445465,20.79286,32.017372,18.609007,20.783953,18.081356,9.772486,7.185793,28.721712,26.768326,28.399017,20.378946,4.8552017,11.7241535,10.264081,25.90281,27.050795,24.859726,15.899273,11.588023,20.466547
1773,21.494831,30.429537,23.610214,7.267024,27.55431,5.6633906,20.651144,11.746405,8.947777,4.338244,17.473267,12.627338,11.578732,22.078114,11.9082,23.125732,32.05629,18.476147,22.19483,20.41234,13.993692,12.305796,28.8255,24.765589,25.42736,16.087463,6.149411,9.976656,14.964073,16.796843,27.454363,25.094263,15.552319,11.379335,20.335556
1774,20.427315,23.803896,21.107372,9.730614,13.788668,30.759548,16.440796,11.2919235,33.374302,25.720362,6.176976,27.780464,7.6925397,19.183931,32.272594,34.85998,7.8658895,18.245245,8.268454,20.041939,5.5419946,3.84532,22.304956,14.743097,13.925556,12.961383,31.92355,19.688702,19.993769,3.0073683,18.947397,23.898325,13.247703,12.231932,23.278744
1775,22.883623,30.582983,23.513252,7.1282563,23.539919,10.188631,19.124344,12.027128,16.44506,6.8165092,20.89202,13.342048,11.737205,22.754297,15.469575,26.809486,30.791698,17.451252,18.043062,18.533789,10.183483,8.052346,28.754505,23.310963,28.010485,16.092678,10.423072,10.620607,11.053673,19.183645,27.041313,24.592876,12.82411,10.8200655,19.557283
1776,22.591627,29.638897,25.001884,10.77775,30.522148,5.0587196,21.520664,11.088331,6.29398,2.672554,12.964402,12.749546,10.6678505,20.590382,10.982209,22.037989,31.33498,20.310743,23.989944,21.455118,17.261585,15.819719,28.432123,25.56633,21.904354,15.015847,5.3906164,9.321846,17.144266,13.305109,27.519913,25.151403,16.489782,12.48242,20.861937
1777,24.114878,28.189228,25.925903,16.00494,30.978659,7.382023,22.143415,9.856651,9.752649,4.5057244,10.648106,14.2488785,8.997171,16.134357,15.323371,25.455448,25.334734,20.801296,20.090595,23.010511,18.849165,16.572067,27.393995,21.270971,14.335282,10.211162,8.302238,7.5619383,17.25091,6.644851,26.919538,24.339035,12.434559,12.3450575,20.688871
1778,28.966398,27.974085,29.529118,20.677986,28.918535,8.576137,20.73765,10.231998,9.341329,2.6115432,10.972903,13.368004,9.943232,19.442999,11.909528,22.509417,27.574518,24.390516,20.162708,21.266293,16.313988,14.7832985,27.845228,27.618807,18.277853,14.503326,6.291683,8.789066,12.142813,10.222388,27.196749,25.12056,13.603376,15.743965,21.624851
1779,21.917938,30.364544,22.51548,5.398855,14.50059,6.9962754,18.796577,14.304152,12.794305,7.366827,24.88491,12.781524,12.768563,25.166601,12.891349,22.734224,31.368828,17.858982,19.530535,17.158,8.9248085,6.0080476,28.491287,25.710281,29.30418,19.730907,7.1419573,12.093254,9.967623,26.212524,26.755163,24.564114,15.093666,11.2024355,20.022518
1780,21.964159,30.570421,22.851177,5.662788,15.462937,6.060499,19.206728,14.30213,11.356301,6.973458,24.896353,12.560516,12.929704,25.210358,12.175856,22.090593,31.853304,18.235544,20.24413,17.819817,9.50926,6.7738423,28.77352,26.222122,28.891563,19.95613,6.0588408,11.840847,10.346192,25.84206,27.05299,24.83337,15.514999,11.386423,20.30464
1781,21.878254,30.373173,22.947792,5.8530607,14.928322,5.028314,19.297686,14.456728,9.62202,6.646102,24.977549,12.281286,13.0381,25.39798,11.071082,20.615099,31.997272,18.636293,20.799692,17.958324,9.685858,7.0312085,28.68156,26.85975,28.455908,20.530802,4.8223095,11.818584,10.173437,26.217667,27.018307,24.841904,15.956571,11.61676,20.477966
1782,19.133884,30.16684,22.599388,7.4933715,33.51569,4.0756145,23.01857,10.744221,5.6733522,2.19558,10.30918,13.58363,9.557609,18.083294,12.897253,24.238277,30.718145,18.102022,25.183378,22.83495,20.41617,17.794245,28.304802,21.534874,19.597822,11.332074,6.7310114,8.510796,22.701605,9.931135,27.791021,24.940033,16.219942,10.689821,20.374128
1783,21.998049,30.580301,22.863708,5.6559315,15.333861,6.0946035,19.193275,14.3394165,11.394998,7.0049644,24.95862,12.584735,12.946649,25.271532,12.179791,22.076012,31.866196,18.256,20.232687,17.77111,9.459255,6.700676,28.780079,26.273703,28.97427,20.01912,6.083541,11.895463,10.276974,25.978582,27.060705,24.84528,15.520488,11.409153,20.322042
1784,21.41581,30.510414,22.448616,4.789779,11.4577675,4.385279,19.223444,15.448925,9.010868,7.0774765,26.736946,12.325573,13.4086485,26.417614,10.582433,19.483831,32.472897,18.602219,21.379297,17.312435,9.218435,6.1369214,28.678686,27.60773,29.332224,21.863855,4.4327555,12.482255,9.967716,29.19703,27.009785,24.867775,16.833038,11.515152,20.613394
1785,23.056149,30.24738,24.256096,8.148554,18.867231,5.5712423,19.650703,13.460442,9.523259,6.0665197,22.59554,12.4926195,12.665909,24.378859,11.276506,21.200537,31.40829,19.559044,20.457497,19.126244,10.555235,8.40737,28.884165,26.8161,26.923674,19.387331,4.8743315,11.2402,10.404796,22.546215,27.261463,25.171394,15.270466,12.385096,20.851847
1786,33.964973,24.776129,32.355824,30.893766,32.479603,17.403198,19.746563,7.5803638,20.03055,3.4133294,4.1376004,14.757094,6.9113274,15.023342,17.67889,28.414053,21.442848,26.1075,14.792068,19.651262,17.31072,16.393005,25.241673,24.806276,12.425378,9.614163,15.011889,6.6560535,9.056926,3.6312637,25.157452,22.849674,9.518336,15.102271,20.138609
1787,22.505224,25.287203,22.91129,11.190165,14.899648,25.078312,16.96756,11.54977,27.99184,19.664886,8.470305,24.145191,8.8070965,20.027575,27.322744,32.16467,13.464002,19.501383,10.894344,19.613234,7.097226,4.8598375,24.129044,18.201838,16.81055,13.637534,25.38714,17.8756,18.028553,6.1924987,21.28037,24.52421,13.203516,13.696122,22.8965
1788,22.463003,30.407173,23.910416,7.638718,22.002422,5.935193,19.858156,12.710785,10.236733,5.5571427,21.198387,12.448202,12.30995,23.40613,11.983908,22.63486,31.480515,18.84771,20.417233,19.600214,11.347444,9.330536,28.927544,25.596989,26.57565,17.861853,5.609723,10.583383,11.744884,20.203304,27.307465,25.087015,14.811755,11.879932,20.478182
1789,29.687231,26.789104,29.868782,22.931618,29.034384,9.484427,20.359646,9.569702,10.084743,2.243082,8.8943405,13.364358,9.172235,18.102695,12.290648,22.700274,25.834665,24.775614,19.226555,20.811243,16.787458,15.215322,26.882477,27.08678,16.207884,13.249578,7.0221186,8.234211,11.863728,8.280343,26.444553,24.411905,12.845977,15.891306,21.210304
1790,28.870592,27.538832,29.455845,20.92949,28.552187,8.247922,20.626074,10.169395,8.491447,2.4403799,10.236763,13.287525,9.764115,19.319176,11.389893,21.671053,27.34427,24.562084,20.536175,21.049236,16.614096,15.189879,27.496956,27.787058,17.739202,14.600266,6.0097923,8.866917,12.304151,10.171565,26.936613,24.912426,13.9409685,15.874468,21.587936
1791,20.260769,30.519526,22.854088,6.2526946,29.247437,4.98959,21.30492,11.613792,7.9326525,3.9799223,16.007183,12.799005,11.173107,21.342793,12.07355,23.318422,32.24497,17.942236,23.453354,20.857698,15.692776,13.874224,28.732573,23.890995,24.55843,15.123941,6.3885345,9.757775,17.27575,15.806146,27.549881,25.035614,16.17123,10.772847,20.246687
1792,22.094711,30.491726,22.861496,5.831913,15.962627,6.636358,19.058743,14.049753,12.164872,6.9969754,24.516869,12.633791,12.77669,24.939953,12.612086,22.69214,31.58418,18.083237,19.784767,17.714916,9.381044,6.660508,28.689901,25.832996,28.881952,19.51044,6.6221237,11.741248,10.229931,25.235172,26.960766,24.733307,15.092082,11.34126,20.146791
1793,19.393839,30.325022,22.623402,7.4476857,32.801315,4.517817,22.893658,10.897924,6.753061,2.909566,11.273437,13.599376,9.720637,18.457178,13.476892,24.910988,30.677092,17.987463,24.74895,22.707277,19.791548,17.348766,28.463953,21.424206,20.103865,11.692973,7.1666565,8.70288,22.011848,10.814768,27.837185,24.970526,16.048674,10.5435505,20.3578
1794,22.02656,30.31679,24.330399,8.429447,27.937634,4.7495418,21.039639,11.853798,6.9692616,3.7364986,16.87685,12.476434,11.620647,22.263365,10.715091,21.669971,32.369675,19.490316,23.206778,20.843336,14.808237,13.30645,28.894365,25.935331,24.691671,16.71508,4.905674,9.910535,14.999022,16.790852,27.650969,25.317698,16.287655,11.940049,20.792372
1795,21.04614,30.525581,22.124603,4.1293974,8.790663,3.5184011,19.205338,16.195738,7.9027143,7.1924925,27.919857,12.242427,13.687193,27.176271,9.818005,18.112944,32.87427,18.742548,22.019796,16.931435,8.987918,5.642027,28.647755,28.388685,29.750145,22.977829,3.6976206,12.93766,9.845772,31.342371,26.994282,24.901768,17.650372,11.574815,20.774416
1796,21.510073,30.553469,22.992329,6.1560817,24.369928,7.1032243,19.8261,12.180347,11.96425,5.521212,20.081827,12.730002,11.850062,22.663313,13.227274,24.39346,31.744318,17.562286,20.369555,19.232662,11.89432,9.782428,28.743477,24.097345,27.110985,16.3955,7.62251,10.365145,13.127968,19.005423,27.187092,24.765038,14.441182,10.901478,19.82598
1797,21.289038,30.490036,22.443092,4.837265,11.749659,4.064971,19.360117,15.4085045,8.560075,7.03147,26.601429,12.253514,13.39652,26.290033,10.454069,19.313341,32.437046,18.655205,21.572655,17.560385,9.4841175,6.487737,28.696314,27.57272,28.958942,21.806871,4.151574,12.3736725,10.200221,28.91619,27.036116,24.893192,16.943592,11.50096,20.667141
1798,30.33412,27.232456,30.129578,22.799564,27.70375,10.618532,19.917175,9.816217,12.241035,2.8118422,10.80282,13.395469,9.553919,18.923344,12.963267,23.625927,25.977549,24.68555,17.852392,20.496355,15.0171585,13.404158,27.271236,27.219221,17.837841,13.910849,7.66955,8.4170265,9.94478,9.599807,26.583126,24.585617,12.084113,15.914884,21.18815
1799,20.114738,23.97231,20.955265,9.292168,12.707143,30.611143,16.621862,11.65695,33.046246,26.108616,6.0633216,28.177776,7.9041457,19.72365,32.35946,34.83811,7.702806,18.50733,8.673728,20.35462,5.52249,3.6522863,22.499939,15.27537,14.056338,13.43156,31.671497,20.3701,21.00637,3.21723,18.99655,24.33594,14.083051,12.710471,23.804829
1800,21.561504,30.256552,23.775642,7.485628,26.53251,4.778171,20.664541,12.023991,7.432044,4.207756,17.958492,12.404414,11.77744,22.498606,10.828972,21.605925,32.217983,18.934357,22.627562,20.400478,13.887517,12.255009,28.751942,25.572348,25.24895,16.93365,5.0019884,10.081979,14.419422,17.672132,27.413612,25.121506,15.999516,11.617189,20.549511
1801,19.681776,23.604227,20.593143,8.967756,11.844127,30.513912,16.361784,11.694307,32.790257,26.020094,5.7574954,28.13324,7.8609953,19.663984,32.16812,34.53035,7.2083416,18.395031,8.484975,20.18079,5.257369,3.3332918,22.16376,15.216006,13.913413,13.465975,31.427256,20.554192,21.118841,3.1183105,18.60535,24.181946,14.217191,12.778156,23.757961
1802,19.741508,23.991154,20.835224,8.711068,10.790384,28.422028,16.57102,12.250063,30.191406,24.515913,6.4467883,27.409958,8.48445,20.582489,30.250483,33.145725,8.640759,19.022625,9.806506,20.313625,5.562774,3.2835102,22.648232,17.087223,14.92138,14.503415,28.702723,20.796713,21.632534,4.375063,19.06355,24.731462,15.348767,13.681032,24.196194
1803,21.45214,30.416485,22.32558,4.7186823,11.342069,4.9279776,19.03064,15.365803,9.806148,7.2690325,26.572357,12.462945,13.302306,26.318623,11.0305395,19.983685,32.20287,18.397558,20.970728,17.008095,8.974132,5.8243756,28.556011,27.3036,29.544575,21.617615,5.037348,12.608569,9.810341,29.150415,26.885054,24.753923,16.537216,11.462124,20.478638
1804,21.030529,30.399145,23.356041,6.84944,28.163467,5.2033453,20.780865,11.678392,8.20152,3.99782,17.105368,12.495431,11.516219,21.950033,11.502304,22.728632,32.322884,18.313498,22.715359,20.481003,14.443088,12.776862,28.73478,24.697962,25.255472,15.974932,5.8457375,9.805137,15.528461,16.58824,27.415756,25.021467,15.852081,11.142477,20.2477
1805,22.940615,30.133581,23.420902,7.3986583,22.905102,10.495127,18.735472,11.883007,16.718042,6.980959,20.763376,13.271408,11.594161,22.5584,15.465063,26.600113,30.17459,17.370676,17.468401,18.20123,9.718469,7.6791787,28.363714,23.051414,27.682034,16.038076,10.564195,10.575268,10.4276495,19.039734,26.640598,24.26685,12.466695,10.787651,19.337696
1806,21.121975,30.418463,23.368862,6.8624454,27.832035,5.3807425,20.689993,11.707325,8.578444,4.1454835,17.384743,12.512038,11.557038,22.00894,11.678447,22.918396,32.231693,18.276688,22.444351,20.412464,14.174542,12.484619,28.75693,24.646881,25.394844,16.005983,5.977663,9.842181,15.274527,16.731884,27.402025,25.01832,15.691001,11.158176,20.22762
1807,21.447395,30.187897,22.627373,5.4490614,13.918693,4.291123,19.240196,14.664661,8.634471,6.523458,25.316551,12.037735,13.10242,25.54674,10.4173,19.651917,32.097042,18.575209,21.143208,17.818047,9.64826,6.9844427,28.50103,27.075203,28.352465,20.929714,4.137046,11.841453,10.167157,26.908558,26.857454,24.7002,16.32999,11.528296,20.42038
1808,19.541037,23.804264,20.536839,8.587905,10.529663,31.042013,16.389702,12.134932,33.434757,26.253094,5.554101,28.636889,8.061878,20.138582,32.79221,35.235043,6.83529,18.702864,8.399686,20.3534,5.024406,2.863032,22.389734,15.530004,14.403786,13.786715,31.81633,21.436548,21.798023,3.343828,18.656471,24.658571,14.725978,13.321136,24.291134
1809,21.898,30.556784,22.78585,5.7355866,17.590624,6.7521577,19.180918,13.669926,12.309085,6.7507353,23.90811,12.600528,12.613259,24.453695,12.836813,23.189386,31.658436,17.816345,19.794962,18.009302,9.793617,7.1732945,28.722055,25.348038,28.600636,18.812046,6.88377,11.373595,10.7975235,24.01136,27.006195,24.705666,14.870059,11.144106,19.993902
1810,21.61876,30.491735,23.279434,6.699613,26.21441,6.9282885,20.09372,11.821529,11.261725,5.071076,18.798847,12.772349,11.646605,22.241455,12.99892,24.293083,31.766665,17.822968,20.81741,19.660307,12.689612,10.756135,28.756464,24.142097,26.486923,15.946048,7.4440165,10.150928,13.783312,17.663942,27.28008,24.86185,14.582384,11.074852,19.946583
1811,29.62526,27.517973,29.72797,21.780075,27.863274,9.945209,20.190203,9.970108,11.539551,3.1210856,11.449387,13.596354,9.752617,18.70671,13.081533,23.580544,25.982548,24.259104,17.949287,20.961565,15.158909,13.259383,27.460854,26.747395,17.621342,13.628873,7.287773,8.450092,10.682853,9.255038,26.75349,24.752686,11.958061,15.732409,21.307608
1812,29.345882,27.29271,29.793972,21.89836,28.830809,8.639389,20.614298,9.986818,8.807954,2.2810767,9.511432,13.346202,9.54394,18.994625,11.555066,21.872328,26.96863,24.871647,20.41277,20.9907,16.928854,15.51814,27.32529,27.818996,17.134762,14.284211,6.310768,8.709727,12.313783,9.577986,26.836603,24.809687,13.825079,16.009382,21.564259
1813,21.442228,30.475035,22.470356,4.9153023,12.074349,4.5707603,19.2273,15.257856,9.265734,7.071031,26.419136,12.342668,13.317194,26.180433,10.797514,19.813553,32.315487,18.531977,21.210657,17.404675,9.301515,6.2828546,28.65881,27.354725,29.159466,21.540499,4.6291695,12.365598,10.034449,28.634722,26.99013,24.837835,16.625061,11.480055,20.557796
1814,22.096596,30.460388,23.034477,6.106697,16.807564,6.0139875,19.237059,13.892321,11.1410265,6.5917745,24.26485,12.387144,12.790441,24.796753,12.017541,22.12106,31.756685,18.291986,20.096863,18.087166,9.721414,7.1653986,28.740328,26.060747,28.460577,19.49,5.849965,11.459159,10.286448,24.685884,27.045427,24.790201,15.184074,11.454361,20.225618
1815,21.442677,30.508024,22.382034,4.711026,11.25892,4.705716,19.15305,15.471884,9.499406,7.280122,26.739676,12.459475,13.375254,26.428583,10.905476,19.805119,32.338463,18.508476,21.19093,17.144535,9.09435,5.947281,28.653189,27.471312,29.505981,21.790808,4.8284893,12.630914,9.907719,29.334448,26.98194,24.848076,16.718267,11.497014,20.588024
1816,32.796005,24.912292,31.480827,28.712315,30.318977,15.300496,19.343954,8.083168,17.445398,2.6219106,5.519029,14.063313,7.4862237,15.807853,15.82339,26.49499,22.350824,25.582666,15.39033,19.438276,16.396654,15.096632,25.290346,25.51249,13.716285,10.617161,12.482509,6.984391,9.201291,5.0051107,25.070433,22.941622,10.140943,15.45017,20.107405
1817,21.784006,30.432718,22.682781,5.3769994,13.702715,5.407424,19.11575,14.735741,10.36128,6.9619613,25.570074,12.435054,13.094156,25.688223,11.421112,20.880299,32.014244,18.396786,20.594786,17.474771,9.279446,6.3871245,28.636454,26.817791,29.086273,20.741072,5.3533335,12.119317,9.973032,27.23773,26.95543,24.776579,15.95906,11.483638,20.387146
1818,31.985172,25.169746,31.136429,27.609385,29.422688,13.010804,19.666557,8.540209,14.2968025,2.2952123,6.0278516,13.789344,7.9168224,16.23563,14.362435,24.774569,22.94224,25.685236,16.737602,19.994465,16.840921,15.382043,25.586805,26.188162,13.595596,11.365124,10.137426,7.3345323,10.313738,5.542867,25.35581,23.347881,11.130101,15.944319,20.557228
1819,19.293362,23.579418,20.276176,8.362576,10.379622,30.642675,16.204794,12.021528,32.95467,26.05905,5.5930905,28.347593,8.007444,20.038542,32.344547,34.73116,6.8869405,18.45444,8.419599,20.103075,4.912201,2.774974,22.160889,15.459237,14.366885,13.749944,31.411758,21.242102,21.644075,3.4293156,18.457504,24.40696,14.68084,13.177008,24.03217
1820,21.65041,30.405035,22.527237,5.1480837,13.134073,5.3869953,19.048727,14.857212,10.407642,7.058124,25.7987,12.442773,13.1176,25.784964,11.4249115,20.794325,32.00675,18.298956,20.59744,17.312912,9.15973,6.1982627,28.576273,26.810122,29.212307,20.865343,5.399499,12.208643,9.953842,27.643982,26.889824,24.720196,16.039362,11.40623,20.34324
1821,23.84566,26.692322,22.77232,10.883319,23.881205,25.451904,16.559898,9.328001,32.402184,17.03976,12.756027,20.559488,8.000678,17.967995,27.59928,34.76718,18.664309,15.839721,9.418473,17.16401,7.227266,5.9341516,24.720867,14.495065,20.364115,10.515194,27.818441,12.655693,11.633604,8.432983,22.781685,22.173937,7.8416314,9.101891,18.645634
1822,19.698254,30.125687,21.996944,4.5795302,20.33879,2.849577,20.176811,13.3458805,5.95877,4.379063,21.386566,11.860078,12.352462,23.4796,9.63389,19.35441,32.604084,17.95127,22.697157,19.147575,12.556217,9.884686,28.351255,25.864988,26.439236,18.247509,3.5361302,10.579734,13.795598,21.872849,27.000889,24.693527,16.481567,11.102182,20.174015
1823,22.70775,29.102076,24.700268,11.088628,25.267622,5.705234,20.707455,11.555189,8.407953,4.9378033,16.247822,13.149438,11.028861,20.14117,12.627628,22.60115,28.434935,19.93023,20.562687,21.441189,14.614898,12.484283,28.07998,24.103975,20.543417,14.850514,5.663329,9.452464,14.799432,13.564028,26.862604,24.834297,14.335372,12.51171,20.805374
1824,21.153112,30.514254,22.274025,4.456731,10.2268915,3.7598865,19.30455,15.8288555,8.18648,7.173359,27.296627,12.264609,13.554178,26.75979,10.1387825,18.68815,32.651596,18.705566,21.833073,17.243423,9.255072,6.083078,28.678837,27.989315,29.351217,22.432417,3.914038,12.695828,10.023716,30.219448,27.026987,24.90707,17.320652,11.532253,20.744003
1825,23.936108,29.198656,25.940258,13.009628,30.184534,5.813142,21.34098,10.839708,7.0079703,2.725176,12.284126,12.863116,10.43735,20.18792,11.334894,22.299725,30.333529,21.174376,23.177753,21.491121,17.206314,15.831786,28.263975,25.823153,20.834099,14.755088,5.6401577,9.191581,16.282612,12.354549,27.40331,25.102741,15.8680725,13.224169,21.001066
1826,21.6343,30.457905,22.858418,5.7386837,16.697392,5.120186,19.470116,14.05789,9.819643,6.388865,24.189268,12.264263,12.864462,24.87656,11.392854,21.285355,32.023872,18.371418,20.840963,18.329998,10.176484,7.6442585,28.744642,26.313358,28.150457,19.760143,5.0947084,11.482815,10.906252,24.87766,27.083536,24.852098,15.776125,11.429279,20.359869
1827,20.808537,30.734179,23.620686,7.063189,31.647755,4.728364,21.711876,11.391352,6.7565465,2.9424167,14.829261,12.716092,11.183399,21.409704,11.184039,22.782135,33.167538,18.64985,24.546759,21.258747,16.717062,15.08806,28.986437,24.897924,24.538893,15.243097,5.8125896,9.51596,17.855778,14.953562,27.912853,25.354874,16.79483,11.126917,20.53436
1828,21.288338,30.397787,22.45988,4.951244,12.08462,4.034149,19.334133,15.277071,8.457003,6.9296827,26.370285,12.191604,13.340442,26.146069,10.377721,19.261866,32.34792,18.650852,21.508018,17.603493,9.518491,6.5883503,28.632105,27.497112,28.790533,21.66978,4.071825,12.2686615,10.162237,28.570284,26.980244,24.840065,16.844229,11.505168,20.621479
1829,20.77104,30.06761,23.555325,8.108392,31.206127,4.58698,21.750013,11.132063,6.4078503,2.7793205,13.350107,12.741539,10.619778,20.367882,11.469899,22.79263,31.84737,18.829592,24.318249,21.499327,17.446255,15.753367,28.479197,24.15195,22.605951,14.324596,5.7934103,9.218946,18.49495,13.516253,27.552967,25.002127,16.502417,11.339582,20.423838
1830,28.71914,27.36393,29.399704,20.87997,28.898746,7.969899,20.62203,10.104122,7.8184314,2.0568328,9.66223,13.118882,9.654086,19.405834,10.795975,21.038845,27.722021,24.619452,21.207365,20.84175,17.003473,15.781198,27.313656,28.062634,17.73199,14.822012,5.828327,8.796038,12.54565,10.413562,26.814363,24.761648,14.451612,15.741174,21.49697
1831,20.954918,30.575872,22.965069,5.983092,24.390018,5.091344,20.34953,12.454121,8.974863,4.725798,19.882032,12.358256,12.040712,22.843983,11.613613,22.516396,32.322968,18.03183,21.842226,19.79209,12.8667345,10.725385,28.827505,24.96306,26.448713,16.967531,5.5967426,10.235677,14.017607,19.26574,27.368275,24.981209,15.524622,11.102865,20.185577
1832,20.992832,30.356318,23.211414,6.7921185,28.358383,5.69474,20.683609,11.531258,9.023724,4.184461,16.81003,12.638104,11.3736315,21.653471,12.131725,23.476656,31.983988,18.057226,22.313793,20.403847,14.386075,12.666539,28.674139,24.198553,25.235374,15.486734,6.473976,9.831391,15.693545,16.116154,27.344042,24.940655,15.512573,11.094196,20.116009
1833,22.343113,30.259901,24.430973,8.909297,28.116611,5.6016507,20.884003,11.625631,8.367464,3.8580523,16.519169,12.606646,11.422015,21.853134,11.593127,22.806822,31.856693,19.371536,22.493973,20.795618,14.687624,13.136903,28.848425,25.387272,24.494392,16.07346,5.7485056,9.765057,14.990571,16.013744,27.572247,25.224197,15.7128105,11.971654,20.624426
1834,18.921782,30.592903,22.193245,5.7213783,32.574837,4.186256,22.417383,11.157225,6.2784863,2.7440145,12.683956,13.21203,10.276975,19.72768,12.291504,23.762642,32.25225,17.526594,25.186272,21.822124,18.667828,16.410685,28.567425,22.50729,22.607584,13.024451,6.6970654,9.135312,21.044392,12.957462,27.792252,24.993835,16.674051,10.301104,20.180553
1835,21.288092,30.332418,22.57148,5.2221193,13.097633,3.8320212,19.435072,15.012135,8.085406,6.6895933,25.866993,12.062124,13.257199,25.84351,10.229368,19.225426,32.29177,18.713808,21.570198,17.926311,9.802736,7.055047,28.633804,27.382172,28.341024,21.37545,3.8041058,12.006696,10.344618,27.699257,26.991785,24.841316,16.762585,11.536974,20.616306
1836,21.530863,30.464289,22.480751,4.9637694,12.295836,4.941756,19.148066,15.159893,9.796115,7.138851,26.248394,12.426636,13.255481,26.090027,11.098862,20.228975,32.191433,18.44193,20.969322,17.31816,9.2034025,6.177919,28.633057,27.164902,29.260143,21.340652,5.001233,12.379655,9.993142,28.416142,26.954048,24.80298,16.427658,11.455358,20.492409
1837,31.626638,25.837736,31.129093,27.111517,31.154255,13.070364,20.481405,8.594187,14.508884,2.9339447,6.114022,14.462371,7.9570594,15.919309,15.327773,25.66535,23.142782,25.500507,17.161736,20.741238,17.8398,16.230343,26.106503,25.526201,13.153539,10.720479,10.980452,7.336017,11.555363,4.8777366,25.936163,23.76339,11.070723,15.529083,20.886763
1838,32.21238,25.065617,31.158298,27.7773,29.324888,13.6877775,19.415194,8.422934,15.263746,2.2809544,6.0929675,13.763921,7.8236313,16.21832,14.6565485,25.157425,22.822798,25.587696,16.171997,19.659918,16.413052,14.940063,25.46998,26.085781,13.950617,11.2403755,10.715743,7.260967,9.657035,5.6166673,25.22545,23.195251,10.748553,15.868344,20.360481
1839,21.523552,30.389673,22.829533,5.7553864,17.34259,5.01342,19.509792,13.883783,9.57521,6.1780467,23.778057,12.213604,12.777921,24.651676,11.281136,21.21913,31.99824,18.329205,20.894356,18.429436,10.3832855,7.887558,28.686697,26.187784,27.926115,19.498177,5.0036926,11.333793,11.091812,24.335165,27.053652,24.81328,15.707288,11.403376,20.311882
1840,28.681795,27.860931,29.188866,19.997156,25.959429,8.438444,20.312853,10.651358,9.479444,3.953011,13.15794,13.816363,10.352985,19.401606,12.349131,21.999151,26.255318,24.065218,18.463625,21.38458,14.602587,12.518736,27.791502,26.93996,17.914864,14.67103,5.9722166,9.206309,10.91247,10.445791,26.979729,25.139343,12.424357,15.947791,21.7905
1841,21.799559,30.607805,22.73954,5.3413057,14.011375,5.418217,19.251873,14.755411,10.46376,6.9976077,25.650791,12.478761,13.135722,25.710224,11.570922,21.12933,32.166565,18.404533,20.70872,17.655788,9.42019,6.541346,28.794283,26.807833,29.131952,20.70551,5.4284153,12.092891,10.192866,27.16206,27.09608,24.891537,16.02507,11.460384,20.453657
1842,21.163664,30.445272,23.024166,6.2743797,24.8611,5.7153444,20.1877,12.205374,9.7632265,4.847666,19.413488,12.46306,11.865839,22.588451,12.071385,23.089851,31.997845,17.936773,21.41669,19.678564,12.748643,10.70464,28.720392,24.62717,26.389341,16.593784,6.206725,10.208014,13.880374,18.689661,27.253609,24.872946,15.17458,11.104596,20.056616
1843,22.258606,30.42148,22.964546,6.209436,18.084946,7.696782,18.989046,13.395388,13.545165,7.067457,23.492498,12.776749,12.443767,24.198984,13.535712,23.982729,31.184278,17.783789,19.133375,17.959492,9.5030775,7.0590982,28.62922,24.897642,28.47074,18.448524,7.765873,11.341419,10.441716,23.33766,26.871109,24.592388,14.36449,11.099891,19.879587
1844,20.13714,30.19947,22.704243,6.1218257,29.181652,4.9271297,20.932941,11.460686,7.65953,3.7003665,15.857186,12.539264,11.169777,21.34802,11.539183,22.746876,32.266037,17.806797,23.334787,20.45855,15.351792,13.634398,28.43119,24.052794,24.749962,15.236239,6.12486,9.692213,16.930086,15.765769,27.230728,24.788094,16.174404,10.74123,20.003935
1845,32.784843,24.974009,31.43023,28.494125,30.239172,15.953416,19.223963,8.1061535,18.345882,2.9124494,5.645278,14.272661,7.4841638,15.862941,16.327719,27.039862,22.24773,25.421618,15.053363,19.345167,16.0708,14.776301,25.283098,25.250702,13.991364,10.589506,13.184479,7.0933414,9.126093,5.0374866,24.99857,22.920645,9.980375,15.28279,20.0574
1846,30.760546,26.354431,30.472744,24.692123,28.746265,10.879772,20.017708,9.264053,11.963957,2.293454,8.431413,13.48864,8.867421,17.642508,13.090859,23.593065,24.796255,25.175121,17.901756,20.49226,16.326534,14.684762,26.5748,26.904564,15.656441,12.714129,8.032013,7.940698,10.72261,7.551901,26.153318,24.148233,11.933859,16.075665,21.035946
1847,21.748423,29.958694,22.024715,4.874158,12.809079,8.649672,18.110186,14.379908,14.756491,8.20771,24.689596,13.334241,12.525045,25.17219,13.978857,23.43281,30.457796,17.417883,18.524069,16.254541,7.964103,4.9340467,27.982176,24.971378,29.675518,19.649044,9.009663,12.748012,9.531068,26.622139,26.195652,24.20209,14.623662,11.028523,19.750824
1848,31.528769,25.462454,30.948181,27.048561,30.213064,12.510056,20.070873,8.591642,13.641984,2.2054167,5.746574,13.899017,7.9295893,16.164623,14.338885,24.786491,23.329838,25.564737,17.482384,20.312675,17.60365,16.08522,25.803654,26.064047,13.454996,11.170342,10.021028,7.36337,11.376609,5.3449078,25.624638,23.544422,11.515227,15.803511,20.697691
1849,21.08004,29.885786,24.091778,9.731272,32.93322,4.648477,22.558252,10.753122,5.6908607,2.2102563,10.512472,13.416919,9.887744,18.951485,12.073167,23.289455,30.897327,19.525045,25.029531,22.443886,19.697718,17.618025,28.390665,23.484356,19.9907,12.726353,6.2801895,8.863632,20.787655,10.640327,27.791601,25.148335,16.501713,11.791278,20.78102
1850,26.221739,28.563168,27.672348,16.584524,29.664845,6.7530093,21.151585,10.603983,7.2816625,2.5651016,11.2913475,13.13666,10.1928625,19.944784,11.168404,21.778124,29.255236,22.874437,22.387007,21.43481,17.152779,15.811953,28.035013,26.947355,19.46134,14.899667,5.6845856,9.125147,14.717806,11.452896,27.32008,25.142706,15.277564,14.506232,21.416988
1851,34.018406,24.489447,32.186935,30.492916,31.990692,19.382738,19.068993,7.50185,22.16507,4.0957136,4.0525427,15.378275,6.7640324,15.046061,18.699821,29.243557,20.788658,25.741762,13.556226,19.004162,16.095016,15.195798,24.821436,24.25374,13.099021,9.559865,16.94581,7.1042566,8.266872,3.5174935,24.62478,22.581732,8.867627,14.897911,19.915398
1852,21.994133,30.188704,23.122124,6.4432526,17.19949,5.468872,19.305592,13.7428055,10.099352,6.458576,23.655706,12.249885,12.72284,24.574059,11.52239,21.458689,31.487331,18.52303,20.368622,18.40237,10.034261,7.7071304,28.590038,26.106108,27.65338,19.499727,5.187278,11.345452,10.516213,24.02291,26.91349,24.741928,15.375301,11.578744,20.314365
1853,27.590025,27.987188,28.22752,18.002638,24.272726,8.823645,19.872433,10.989735,10.386814,4.9924364,14.338635,14.217235,10.545445,19.645618,13.03256,22.308928,25.849487,23.04624,17.781332,21.116747,13.446358,11.134048,27.68784,25.871553,18.537739,14.825042,6.6505976,9.657279,11.08599,11.014691,26.652657,25.026442,12.197439,15.301288,21.594357
1854,32.431908,25.311296,31.235271,27.749664,30.030416,15.307266,19.365402,8.30201,17.761251,2.9989662,6.5232697,14.228173,7.745371,16.049269,16.110136,26.786785,22.60702,25.186615,15.187226,19.567945,15.927154,14.470052,25.554253,25.230232,14.300319,10.74459,12.593537,7.1073523,9.264125,5.386602,25.221542,23.096764,9.975511,15.211934,20.144972
1855,20.95327,30.426144,22.834179,5.8934517,23.276535,5.1060586,20.116554,12.58597,9.119787,4.9275045,20.382248,12.296337,12.096427,22.992662,11.566698,22.295982,32.114452,17.965033,21.51404,19.48734,12.386797,10.175373,28.691416,24.987104,26.60331,17.20559,5.533428,10.361351,13.475323,19.87375,27.211304,24.854372,15.382767,11.1203575,20.10579
1856,21.243372,29.995691,23.788395,8.20446,30.300177,4.7882676,21.296158,11.281807,6.654487,3.0377982,14.364396,12.524013,10.954935,21.135044,10.999583,22.23581,32.183975,19.012526,24.026028,20.943668,16.43478,14.986226,28.478434,24.990734,23.638765,15.306915,5.577531,9.519506,17.11404,14.800387,27.4313,24.99061,16.600777,11.51433,20.420736
1857,21.092464,30.044607,22.531147,5.424281,15.014457,3.680803,19.399532,14.399225,7.6142073,6.027304,24.615225,11.825923,12.978032,25.14526,9.912525,19.145298,32.14119,18.552593,21.500704,18.13859,10.183798,7.634229,28.396883,26.959736,27.735407,20.573225,3.5692117,11.499187,10.662946,25.96652,26.810682,24.637848,16.415493,11.469654,20.369741
1858,22.902369,29.61513,25.101757,11.068515,30.052359,5.44963,21.270115,11.038973,7.200518,2.830226,13.559252,12.626836,10.728125,20.580185,11.324239,22.519073,31.046986,20.239359,23.147451,21.36664,16.577862,15.146712,28.443575,25.41142,22.12109,14.959377,5.517639,9.193747,16.294611,13.338587,27.444944,25.0818,15.886177,12.542965,20.731033
1859,21.013424,30.252789,23.470627,7.076703,28.31897,4.6760893,20.926435,11.726654,7.0556793,3.7622688,16.659246,12.440515,11.48704,22.00306,10.863984,21.871155,32.44332,18.63078,23.32097,20.579176,14.867035,13.305609,28.651825,25.13091,24.912575,16.263031,5.2838173,9.860302,15.717504,16.650984,27.410633,25.041594,16.316336,11.289099,20.401709
1860,29.046993,26.897661,29.396687,22.025242,29.297297,9.235571,20.411604,9.576122,9.962169,2.2539577,8.989613,13.319991,9.186605,18.028297,12.350786,22.831554,26.025663,24.303255,19.428988,20.84875,16.89224,15.294026,26.885836,26.684103,16.380577,13.072044,7.041937,8.19759,12.400106,8.273814,26.425278,24.359112,12.95332,15.531617,21.074432
1861,19.754337,23.859846,20.777615,9.017745,11.426346,31.131653,16.610193,12.007431,33.424065,26.538319,5.5929303,28.7489,7.9770546,19.922636,32.934147,35.262802,6.779405,18.775602,8.447941,20.629457,5.324309,3.285694,22.430107,15.364056,13.9023695,13.662697,32.001358,21.146631,21.711267,2.9804401,18.756823,24.642866,14.56478,13.124321,24.308683
1862,23.443787,30.479925,24.623444,8.432315,18.561737,5.5687766,19.810575,13.710918,9.369411,6.1394377,22.939877,12.669957,12.832192,24.761467,11.171332,21.005907,31.680733,19.959173,20.676888,19.213804,10.568242,8.3197975,29.128149,27.375387,27.18626,19.828115,4.7693615,11.464707,10.2451515,23.086912,27.512316,25.437725,15.481447,12.660774,21.151989
1863,24.827524,27.924479,26.405334,17.334452,32.497066,8.344264,22.102072,9.449562,10.636457,2.9950602,8.040174,14.034536,8.456298,15.891883,15.291372,26.24832,25.760485,21.316433,20.707611,22.508005,19.837204,17.60307,27.142376,21.893135,14.599998,9.684622,9.0875435,7.355456,18.081285,5.9190235,26.824224,24.180468,12.990581,12.618865,20.46236
1864,21.004612,30.39935,23.134743,6.4484377,25.732359,5.1346016,20.511244,12.168398,8.563149,4.566144,18.597303,12.480721,11.793985,22.469778,11.582657,22.492619,32.17536,18.214436,22.258419,20.053171,13.5467825,11.654499,28.72021,24.885359,25.804432,16.635702,5.737692,10.173024,14.695039,18.214703,27.323864,24.970804,15.777143,11.165035,20.254154
1865,19.85366,30.336582,22.80996,6.4233775,31.566618,4.451424,21.714108,11.210375,6.426973,2.9002905,13.85185,12.767178,10.743103,20.616346,11.437598,22.824984,32.481762,18.032629,24.58229,21.217016,17.22959,15.435869,28.514969,23.79018,23.611963,14.358235,6.056225,9.360417,18.876863,14.14379,27.551819,24.955557,16.666176,10.7285385,20.20007
1866,25.543152,28.818045,27.11771,15.428449,29.631275,6.433921,21.18093,10.711563,7.3190503,2.600908,11.904156,12.976247,10.33354,20.087032,11.238299,22.015682,29.617306,22.317156,22.428022,21.429703,16.957851,15.5454035,28.165627,26.650896,20.103777,14.8811655,5.5674496,9.147146,14.941426,11.904597,27.387632,25.161594,15.316099,14.164388,21.276833
1867,30.444696,25.724794,30.40081,25.72461,30.296875,10.647967,20.578808,8.83938,11.053386,2.252063,6.079887,13.94664,8.177877,16.087833,13.547966,23.57275,23.627043,25.331938,18.51111,20.9239,18.358463,16.584696,26.03795,26.02412,12.941215,11.190423,8.571033,7.583349,12.66728,5.217225,25.933199,23.861897,12.011281,15.909381,21.041864
1868,22.0626,30.58848,23.280346,6.6025414,23.504604,7.7153115,19.631521,12.2952385,12.933389,5.910127,20.661303,12.8241825,11.947959,22.935066,13.622731,24.779776,31.50496,17.756197,19.75688,19.063467,11.2546215,9.141039,28.82466,24.204329,27.42388,16.679531,7.9929676,10.535672,12.256145,19.518375,27.202896,24.803827,14.102462,11.068584,19.882309
1869,22.58816,30.327478,23.099945,6.6086416,19.848875,9.138075,18.789118,12.785767,15.349851,7.0586867,22.48906,12.97329,12.0811205,23.61188,14.499218,25.28933,30.806824,17.52803,18.265247,17.860624,9.390959,7.078085,28.51732,24.07456,28.448025,17.462679,9.213353,11.068036,10.202445,21.836685,26.768211,24.41464,13.4605255,10.901978,19.572645
1870,22.4493,30.810272,23.359974,6.6020045,23.821354,9.395266,19.418222,12.170717,15.436561,6.583992,20.998611,13.244218,11.868297,22.866812,15.043644,26.431849,31.290031,17.405533,18.78683,18.835299,10.668028,8.511365,28.927334,23.50491,27.993486,16.244658,9.794883,10.577655,11.843629,19.31886,27.217285,24.757046,13.362408,10.748913,19.6822
1871,23.988861,29.56793,25.88543,12.155301,28.196337,5.456702,21.015202,11.3959255,7.097351,3.123325,14.940327,12.517923,11.10849,21.42577,10.732834,21.598412,31.03956,21.072264,22.615763,21.148455,15.491877,14.130589,28.583233,26.609058,22.587658,16.197931,4.824812,9.465835,14.315232,14.819139,27.509981,25.255705,15.766502,13.170395,21.071217
1872,21.984648,30.489481,23.615406,7.2047324,25.40549,6.5154376,20.095669,11.998547,10.722195,4.998201,19.273325,12.60805,11.832029,22.555521,12.527046,23.73295,31.756199,18.269766,20.80625,19.773834,12.443803,10.540428,28.861677,24.697544,26.426294,16.481474,6.6793528,10.183744,13.199048,18.15275,27.354965,24.989813,14.677085,11.414885,20.156189
1873,27.023624,28.60177,28.043694,17.101492,27.570292,7.2335014,20.611155,10.825933,8.436512,3.1156495,13.445131,13.005272,10.601949,20.432966,11.337715,21.803377,28.741161,23.034714,20.523756,21.184492,15.161775,13.618938,28.176739,27.243692,20.254753,15.490532,5.3781548,9.196074,12.159604,12.435749,27.27881,25.201378,14.043758,14.932272,21.44166
1874,20.57159,30.248083,22.477085,5.2786055,19.008734,3.685779,19.948288,13.611708,7.4197927,5.343311,22.530592,11.978414,12.596514,24.044542,10.357126,20.163065,32.245956,18.245108,21.961493,19.04026,11.621615,9.18159,28.554077,26.039433,26.863062,18.962538,3.9931364,10.90532,12.586642,22.949644,27.040901,24.794807,16.24483,11.248951,20.327785
1875,21.24311,30.050404,23.885277,8.735226,31.062624,4.8416243,21.71332,11.1206455,6.7535095,2.8326657,13.368332,12.7580595,10.623436,20.402899,11.610359,22.96943,31.710407,19.110987,24.097193,21.51947,17.349228,15.704662,28.536905,24.34833,22.534101,14.387195,5.8751354,9.225919,18.145754,13.474068,27.598572,25.059689,16.363304,11.58438,20.503109
1876,21.384394,30.343847,22.30796,4.715412,11.218241,4.680819,19.015299,15.380407,9.410248,7.1557984,26.583221,12.363379,13.319398,26.338326,10.743838,19.63059,32.240604,18.438177,21.084734,17.020569,8.982521,5.8657794,28.49928,27.407743,29.440758,21.732447,4.737713,12.559023,9.789855,29.200026,26.83384,24.713797,16.638088,11.468601,20.469646
1877,24.520334,29.530888,25.311275,10.778946,19.133938,7.2820015,19.31598,12.943815,10.7966795,6.1797805,20.681519,13.293708,12.083115,23.39724,12.10448,21.599586,29.670446,20.44045,19.164276,19.018755,10.615345,8.21034,28.398434,26.628117,25.256021,18.372303,6.185602,11.189738,9.9739,20.11566,26.896336,25.049728,14.235573,13.213299,20.991882
1878,21.396875,30.334492,22.263138,4.68475,11.145121,4.8925796,18.964302,15.368969,9.73873,7.2528305,26.577196,12.430326,13.285772,26.30484,10.949754,19.84638,32.14249,18.363115,20.933979,16.925425,8.908002,5.749165,28.47382,27.289028,29.512424,21.638763,4.990782,12.601725,9.746391,29.20684,26.806208,24.68665,16.530773,11.439574,20.430647
1879,30.721693,26.101177,30.54293,25.123823,29.223797,10.425719,20.2137,9.159544,10.925826,2.0453267,7.4296474,13.514346,8.674579,17.300045,12.739196,23.066523,24.652706,25.432673,18.543121,20.630623,17.16923,15.566742,26.397463,27.022453,14.783531,12.5002985,7.7142925,7.922712,11.492149,6.934298,26.109823,24.10512,12.310277,16.24478,21.12514
1880,21.906357,30.472267,22.609577,5.368467,14.426124,6.5127625,18.94596,14.443789,12.076979,7.2710743,25.172522,12.704055,12.901757,25.34647,12.498712,22.292446,31.65191,18.016346,19.906096,17.318962,9.086124,6.1729636,28.608616,26.06601,29.289423,20.03222,6.605749,12.095271,10.061205,26.50076,26.880642,24.68685,15.381774,11.286722,20.166687
1881,21.468872,30.542526,22.789196,5.622726,18.25532,5.3665943,19.591753,13.708393,10.139139,6.130843,23.436584,12.335509,12.688147,24.428879,11.72188,21.913029,32.05309,18.132242,20.8166,18.527786,10.587649,8.049303,28.779615,25.842817,28.0125,19.026989,5.503194,11.235728,11.493884,23.7353,27.145895,24.860506,15.52752,11.289153,20.246964
1882,32.54632,24.99515,31.355568,28.288122,29.968218,14.83982,19.370762,8.238861,16.803532,2.6466408,5.7814107,14.042372,7.6281943,15.977972,15.525603,26.11801,22.485529,25.544886,15.644655,19.56127,16.34282,14.995597,25.358385,25.632551,13.801195,10.878576,11.98502,7.1192527,9.44324,5.21754,25.103329,23.038477,10.379839,15.519078,20.211748
1883,25.51352,29.02236,27.102345,14.948623,28.860989,6.168546,21.102804,11.001253,7.0854087,2.7904449,12.9587555,12.859909,10.644223,20.753235,10.841004,21.533321,30.089033,22.329105,22.504717,21.309822,16.369205,15.031682,28.34246,27.11305,20.910278,15.678364,5.157383,9.35826,14.279365,13.122189,27.476992,25.279943,15.53444,14.137655,21.38102
1884,29.63773,26.164122,29.83522,23.891762,30.131796,9.832288,20.479725,9.101973,10.16981,1.8766563,6.7680902,13.497895,8.536178,16.998978,12.678603,23.064346,24.989887,24.84025,19.497168,20.765654,18.076546,16.499783,26.314133,26.44618,14.525795,12.082166,7.736307,7.850422,13.092077,6.5752997,26.077702,24.008238,12.911344,15.680375,20.972425
1885,22.564743,29.722813,24.99049,10.401626,29.816378,4.742945,21.40728,11.319847,5.8936186,2.746354,13.903648,12.5891075,10.934107,21.172771,10.422801,21.34551,31.76443,20.34157,24.064043,21.263048,16.701275,15.331467,28.496822,26.061934,22.582167,15.771198,4.907424,9.448026,16.393059,14.442601,27.52633,25.183731,16.684956,12.425643,20.912237
1886,31.316862,25.691174,30.77982,26.266375,28.989637,11.752778,19.901909,8.903929,12.854073,2.192165,7.02029,13.66862,8.339865,16.754417,13.684563,24.068033,23.71364,25.475607,17.395794,20.30793,16.803043,15.143043,26.026783,26.506903,14.279274,11.865265,8.951992,7.596979,10.800359,6.2890444,25.735687,23.737064,11.553827,16.080112,20.819677
1887,21.784595,30.602533,22.724152,5.2883143,13.68588,5.36586,19.23984,14.848333,10.382192,7.047644,25.768097,12.494944,13.171555,25.81629,11.508935,20.99905,32.183933,18.437353,20.765652,17.599787,9.369288,6.465494,28.78427,26.902143,29.192036,20.85844,5.374732,12.176216,10.159408,27.430193,27.084208,24.896568,16.120253,11.473585,20.484919
1888,21.466753,30.57942,22.79187,5.577002,17.953201,5.2623324,19.598629,13.8036995,9.997766,6.0841746,23.651133,12.308952,12.737502,24.541069,11.582082,21.721916,32.166626,18.17266,20.90093,18.489359,10.560219,7.963966,28.800035,25.98198,28.087793,19.17742,5.3805037,11.240102,11.442595,24.007359,27.170212,24.877056,15.611874,11.295573,20.264221
1889,31.40237,25.555056,30.790989,26.439444,28.63631,11.898364,19.77491,8.880928,13.068703,2.3253534,7.1803756,13.690425,8.320992,16.642223,13.788545,24.064287,23.400425,25.459852,17.00315,20.236649,16.536055,14.8289995,25.91751,26.391396,14.123769,11.794822,9.020099,7.562133,10.453413,6.204069,25.616676,23.644613,11.275862,16.09978,20.766045
1890,21.128773,30.456873,22.849308,5.9561887,23.120684,5.633054,19.981703,12.547176,10.020724,5.1801844,20.53629,12.392292,12.072768,22.968245,12.079711,22.921015,31.933235,17.843071,21.071722,19.366674,12.078861,9.868869,28.71248,24.75376,26.818747,17.06788,6.058878,10.413744,13.234467,19.87131,27.186577,24.825077,15.090211,11.097794,20.028728
1891,21.82614,30.360617,22.43972,5.212222,13.7953005,6.7025986,18.78982,14.51194,12.382816,7.39816,25.245878,12.745061,12.864643,25.39604,12.612767,22.300781,31.490868,17.902363,19.725353,17.03525,8.858299,5.8647714,28.474277,25.96755,29.437202,20.073946,6.8474216,12.227179,9.887958,26.849033,26.748777,24.572123,15.320976,11.226558,20.0758
1892,19.933369,30.218699,22.473038,5.484073,25.986208,3.9160511,20.73687,12.218546,6.592749,3.8368523,17.981924,12.283612,11.670476,22.235388,10.549592,21.135942,32.587368,17.940413,23.328533,19.99285,14.428795,12.293482,28.435774,24.946836,25.414225,16.474527,4.928629,10.031542,15.820295,18.159988,27.207619,24.812374,16.438515,10.887977,20.13928
1893,31.424345,25.724525,30.925903,26.447718,29.116123,11.390636,20.033123,8.935255,12.206852,2.0467012,6.873289,13.636992,8.377569,16.823051,13.369109,23.71373,23.867893,25.709778,17.736666,20.429892,17.07383,15.420748,26.111462,26.83223,14.173092,11.993813,8.545457,7.6697025,10.938889,6.287548,25.866337,23.862339,11.756939,16.32658,20.973589
1894,21.166212,30.259829,23.720028,7.74035,30.233908,4.780851,21.330034,11.40889,6.8459764,3.2292917,15.000308,12.560103,11.141379,21.431911,11.078685,22.3828,32.503693,18.874773,23.99927,20.94453,16.162558,14.670414,28.681934,25.046179,24.210012,15.5205,5.606862,9.644329,16.949236,15.297275,27.58471,25.123402,16.583147,11.431141,20.471525
1895,23.532246,29.588024,25.766018,11.925509,29.77665,5.1544523,21.473957,11.243044,6.1069503,2.8101444,13.359931,12.81522,10.831897,21.008772,10.636979,21.465065,31.274088,21.098259,23.867977,21.474316,16.939987,15.58969,28.543472,26.413704,21.833372,15.708251,5.0478125,9.479212,16.16625,13.809197,27.621868,25.327162,16.512682,13.039022,21.198505
1896,34.024532,24.77285,32.50824,30.756865,32.146088,17.347343,19.7066,7.7600927,19.392736,3.7013545,4.2996764,15.1102915,7.0757694,15.226531,17.451853,27.85042,21.347715,26.327505,14.828192,19.770678,17.053326,16.058092,25.250158,25.126293,12.437744,10.0098295,14.809223,7.070694,9.016939,3.6235251,25.15071,23.03496,9.602999,15.452458,20.438091
1897,21.281422,30.424326,22.873234,5.8917556,20.800306,5.177557,19.798807,13.072653,9.564509,5.45752,21.957575,12.222871,12.4044695,23.659372,11.539202,22.009668,31.989607,18.088566,20.972464,19.038034,11.34855,9.000381,28.712955,25.41237,27.228008,18.085468,5.3273087,10.709176,12.205511,21.646809,27.148125,24.833279,15.265704,11.267595,20.158304
1898,26.756533,27.878668,28.008595,18.28133,30.63712,7.6284447,21.116074,10.044968,8.018337,2.201084,9.183512,13.347228,9.520185,18.75317,11.790614,22.45404,28.109577,23.150553,22.062216,21.304586,18.11109,16.68432,27.454254,26.368637,17.716114,13.604948,6.6272984,8.668793,15.391339,9.436764,26.933321,24.741213,14.879047,14.529217,21.175596
1899,21.052734,30.607944,23.204178,6.562519,29.015152,6.371902,20.678864,11.412022,10.1110525,4.3251977,16.970438,12.792616,11.357732,21.5618,12.787705,24.395588,32.101715,17.784971,21.947878,20.411077,14.262944,12.469608,28.830233,23.807613,25.604849,15.1055355,7.2427673,9.74757,15.732501,15.786866,27.464825,24.99101,15.118704,10.90859,20.010284
1900,32.01873,25.39255,31.101185,27.271105,29.22583,13.219473,19.589054,8.612328,14.771356,2.3037004,6.6397705,13.797078,8.039892,16.439047,14.498417,25.003984,23.186451,25.536526,16.440277,19.890615,16.432417,14.838153,25.750128,26.214602,14.219301,11.427182,10.297024,7.360529,9.927065,5.884905,25.472542,23.431273,10.887764,15.92775,20.530033
1901,19.632856,23.964762,20.497883,8.287222,10.5584,29.047577,16.21821,12.079966,31.444761,24.555126,6.4061832,27.318521,8.319695,20.426456,30.84337,33.83225,8.628412,18.507395,9.249694,19.759544,5.1334395,2.878728,22.564734,16.381248,15.475465,14.075002,29.659557,20.795633,21.205841,4.5991445,18.987644,24.463375,14.796102,13.40979,23.770105
1902,20.877079,30.392597,23.125092,6.3494425,25.868391,4.6656632,20.604197,12.211023,7.74681,4.266898,18.592846,12.344425,11.837977,22.569437,11.016805,21.84611,32.462,18.314245,22.650394,20.080961,13.748713,11.844566,28.706015,25.181366,25.77959,16.832672,5.226988,10.100272,14.729262,18.385897,27.358025,24.986584,16.017384,11.161208,20.292917
1903,21.243093,25.204971,21.891598,9.5484915,13.0179825,27.685091,16.95171,12.0396385,30.483332,23.023247,7.658478,26.376219,8.699711,20.72526,29.87803,33.745846,11.29611,19.13324,10.408857,20.09924,6.187464,3.9605205,23.82445,17.412746,16.533333,14.184175,28.375546,19.788094,20.309042,5.6273875,20.52707,24.95493,14.421701,13.644903,23.744503
1904,20.613749,30.670689,23.497421,6.8108153,31.330172,4.4851813,21.710497,11.513601,6.244696,2.9091249,14.895606,12.732373,11.207011,21.561611,10.827425,22.218023,33.318268,18.645786,24.848288,21.10633,16.760561,15.088654,28.89269,25.101864,24.611565,15.499747,5.6488724,9.613044,17.91235,15.382182,27.850216,25.314268,17.093954,11.038637,20.552362
1905,21.401236,30.487627,22.324635,4.618676,10.871773,4.6242933,19.104643,15.552477,9.391231,7.256525,26.890083,12.431401,13.401335,26.52265,10.779872,19.607796,32.39519,18.501118,21.231197,17.037521,9.0109625,5.816581,28.62147,27.568525,29.601973,21.92136,4.7465324,12.676831,9.846158,29.610876,26.953527,24.82357,16.79024,11.503597,20.571348
1906,22.078476,30.268171,24.200325,8.333188,27.260975,5.3143454,20.726227,11.806156,8.122931,4.109637,17.389654,12.508046,11.631107,22.181723,11.30366,22.326853,31.940767,19.186892,22.335566,20.645197,14.098146,12.536118,28.828049,25.445581,24.87026,16.522211,5.3981276,9.884434,14.476863,16.78128,27.485712,25.182669,15.697865,11.826568,20.595448
1907,27.491482,28.888853,28.753109,17.713291,28.920252,6.8122325,21.208021,10.962788,7.111141,2.6617804,12.487565,13.160091,10.640603,20.957243,10.570887,21.08214,29.841461,23.897465,22.368538,21.501362,16.510736,15.27956,28.495155,28.414705,20.21782,16.200142,5.09993,9.369055,13.14536,12.821232,27.71913,25.587109,15.413675,15.175095,21.950495
1908,21.409565,30.517931,23.451668,6.884525,26.550056,5.6128516,20.499168,11.943083,9.22268,4.486661,18.43067,12.512537,11.760187,22.361444,11.886734,23.07776,32.15245,18.30828,21.892538,20.198612,13.450586,11.630709,28.863,24.798061,25.879398,16.371723,6.031577,10.005542,14.440774,17.594002,27.43447,25.061657,15.3976,11.272156,20.25615
1909,21.832294,30.153769,22.916325,6.006604,15.434593,4.951499,19.206142,14.212296,9.408958,6.4509554,24.577566,12.143583,12.920959,25.123816,10.891297,20.439281,31.807123,18.58429,20.633041,17.957405,9.691491,7.1461277,28.514149,26.708586,28.182322,20.276714,4.667427,11.634003,10.004904,25.659298,26.875084,24.700048,15.73419,11.612,20.356663
1910,22.498173,30.439009,23.03939,6.353519,18.63812,8.584191,18.860352,13.193434,14.737483,7.2262197,23.246881,12.95101,12.310922,24.05078,14.164595,24.760736,31.032581,17.64977,18.629692,17.813576,9.292303,6.8752365,28.617191,24.535076,28.690989,18.087881,8.678605,11.323578,10.185099,22.941198,26.848322,24.530472,13.913485,10.9949255,19.74725
1911,21.584887,30.419048,22.41637,4.9497614,12.500687,5.4104548,19.00102,15.016994,10.496755,7.199876,26.07285,12.497962,13.158739,25.942482,11.465851,20.730112,32.024693,18.250498,20.610855,17.137835,9.034765,5.9761267,28.558332,26.867306,29.408894,21.03815,5.491352,12.364673,9.9008875,28.152431,26.871029,24.709188,16.126106,11.383213,20.345736
1912,22.037094,30.557293,23.176662,6.251246,18.517141,5.8729644,19.49824,13.575844,10.779031,6.2019405,23.411226,12.38591,12.676708,24.434011,11.975023,22.309158,31.897644,18.349632,20.371218,18.5369,10.317164,7.8698754,28.85993,25.914017,28.094976,18.98878,5.7547207,11.208715,10.914267,23.484924,27.20027,24.916243,15.1600485,11.499314,20.289398
1913,20.909594,30.562714,23.24916,6.6441693,29.094809,5.562732,20.893852,11.512602,8.803953,3.9428997,16.645802,12.633294,11.390538,21.672556,12.0424795,23.551546,32.36347,18.068623,22.695677,20.589508,14.752247,13.028438,28.828909,24.276237,25.334301,15.424883,6.413767,9.736885,16.105322,15.963595,27.520723,25.06477,15.705039,11.02622,20.170824
1914,24.719574,26.01632,23.771225,13.031176,24.493225,28.017807,16.804789,9.16711,33.67353,19.40071,10.561975,22.692844,7.527972,17.641008,29.200895,35.112213,16.07543,17.043695,8.789387,18.029013,7.387983,6.447781,24.205349,14.407975,17.851458,10.571508,30.171532,13.508162,12.44549,5.894075,22.14784,22.44996,8.209094,9.557273,19.674273
1915,29.431679,27.422176,29.639904,21.696344,28.262365,9.500865,20.280922,9.926548,10.732307,2.7945774,10.912383,13.422952,9.676752,18.736223,12.588276,23.093828,26.292334,24.317724,18.601042,20.929447,15.6260395,13.87829,27.376297,26.987614,17.545002,13.747449,6.934407,8.441035,11.093649,9.331414,26.731699,24.707012,12.429852,15.735321,21.291756
1916,29.156574,27.478577,29.548927,21.249083,28.162374,8.659556,20.411535,10.105396,9.288038,2.6027257,10.759153,13.259649,9.791652,19.202583,11.723605,22.056581,26.935804,24.49683,19.635857,20.956877,15.980013,14.446786,27.459238,27.591267,17.804882,14.426926,6.170766,8.730742,11.479459,10.047886,26.84752,24.837038,13.260658,15.9139595,21.475754
1917,21.843582,30.769718,23.036297,5.2846465,12.0626955,3.7977068,19.597916,15.582552,7.8829117,6.8419704,26.643122,12.319673,13.624812,26.806757,9.9680605,18.870249,32.98742,19.28437,22.050575,17.810848,9.576867,6.6591554,29.052404,28.471384,29.359499,22.428446,3.6027653,12.648897,9.998526,29.3188,27.405518,25.282818,17.295483,12.000136,21.096172
1918,21.600042,30.031225,23.988796,8.379396,29.226843,4.8820596,21.083675,11.459673,6.995127,3.3625176,15.402299,12.447373,11.195552,21.55105,10.940131,22.081419,32.132626,19.159035,23.508093,20.811651,15.630745,14.209555,28.566433,25.28905,24.04512,15.84484,5.371069,9.630545,16.062021,15.592537,27.424011,25.03429,16.355005,11.657016,20.487349
1919,21.728987,30.486427,22.712467,5.3713827,13.916484,5.242392,19.232372,14.749104,10.140869,6.9819207,25.508932,12.436409,13.119931,25.683191,11.395338,20.861921,32.06486,18.44964,20.777393,17.662903,9.447171,6.6210856,28.705746,26.84081,28.95344,20.768253,5.225996,12.115403,10.20066,27.132227,27.01581,24.845242,16.103624,11.48601,20.466072
1920,19.21992,28.913464,21.79367,10.058672,32.38216,10.329656,23.07174,9.7253475,14.768534,8.903303,8.656932,16.840666,7.537874,14.675644,21.015291,30.42454,23.221079,16.724405,20.21934,23.967478,19.84172,17.318394,26.913298,14.638967,13.138072,7.3937087,14.911852,8.041171,23.307035,4.867692,26.32772,23.662651,12.8305235,8.493383,19.786665
1921,21.242348,30.394434,22.208046,4.443014,9.721792,4.181057,19.089895,15.850122,8.729158,7.3176985,27.222973,12.394246,13.492003,26.80492,10.373246,18.864677,32.434174,18.632504,21.51265,16.892649,8.94268,5.6829143,28.545176,27.92259,29.613892,22.418533,4.3308277,12.901835,9.758585,30.446545,26.893309,24.81637,17.157907,11.581264,20.672556
1922,21.671267,30.500385,23.646439,6.824742,20.912407,3.926048,20.386946,13.360456,7.1384573,5.242111,21.571278,12.327367,12.6256895,23.969994,10.440433,20.412466,32.218983,19.246828,22.127949,19.903841,12.177826,9.967511,29.024946,26.641773,26.30476,18.880781,3.8596852,10.955962,12.692533,21.523962,27.52425,25.353262,16.21264,12.049873,20.964094
1923,26.771431,28.432169,27.795269,17.406101,29.714073,8.135311,20.78462,10.222815,9.852816,2.7283432,11.751811,13.176802,10.014315,19.160484,12.543479,23.57163,28.160585,22.507042,20.277927,21.275673,16.238743,14.538661,27.888746,25.967838,19.276173,13.706553,6.747341,8.549354,13.562812,10.289101,27.104784,24.8809,13.561448,14.340075,20.991716
1924,32.68313,25.417673,31.650242,28.333277,30.27573,14.337885,19.807638,8.431141,16.142048,2.9220586,6.3405294,14.30588,7.872496,16.074352,15.526804,25.988913,22.709438,25.789537,15.926743,20.100039,16.644892,15.181911,25.79019,25.828274,13.601033,10.981279,11.587445,7.2253094,9.736776,5.1773443,25.549938,23.435995,10.392887,15.73664,20.607946
1925,23.076452,28.992819,22.11755,6.2039366,19.188852,18.228151,16.32854,11.606157,26.550854,10.472751,19.963469,15.551286,10.550325,22.056553,21.034397,31.44545,26.714247,15.520537,12.771675,15.246955,6.090703,3.8855674,26.80962,19.463884,29.18777,14.745443,19.097105,12.452538,8.420478,19.151796,24.831194,22.962988,9.702839,9.715533,18.138506
1926,19.380804,30.440712,22.300762,5.613892,30.95873,4.523656,21.65863,11.313984,7.0237064,3.280239,14.387335,12.816756,10.737134,20.636467,11.91796,23.325556,32.40785,17.49993,24.316717,21.083012,16.92133,15.015744,28.507902,23.191639,23.943535,14.206988,6.4386272,9.438838,18.936693,14.624565,27.506285,24.855469,16.46602,10.377303,20.024446
1927,23.626837,29.816072,25.323536,10.991872,27.44584,6.304803,20.578253,11.412006,9.079421,3.7726214,16.263786,12.593639,11.259157,21.525105,11.751073,22.86319,30.876497,20.153063,21.385464,20.771273,14.23584,12.699777,28.65764,25.68018,23.645685,15.93287,5.7695494,9.508658,13.656924,15.249682,27.392466,25.124847,14.902658,12.659483,20.691792
1928,31.041348,25.503971,30.687328,26.657738,30.581577,11.991173,20.331556,8.599192,12.950198,2.1492176,5.3051157,13.94739,7.8695846,15.972275,14.256961,24.637768,23.363865,25.448166,18.022583,20.526804,18.221384,16.666258,25.818256,25.846567,13.050792,10.9466715,9.825614,7.382575,12.27742,5.067162,25.692278,23.590437,11.829653,15.689089,20.758307
1929,31.68826,25.967655,30.900444,26.137905,28.767933,13.163187,19.636436,8.935026,15.11082,2.7428148,8.097671,13.946346,8.446875,16.931927,14.746222,25.294388,23.622072,25.179781,16.163473,20.076962,15.730757,13.939887,26.183668,26.110506,15.184484,11.784496,10.257189,7.573262,9.715692,6.6175284,25.753237,23.73094,10.697189,15.777437,20.667868
1930,21.528662,30.425755,22.781326,5.770916,18.576002,5.64966,19.4777,13.517868,10.533554,6.1353636,23.15334,12.3335085,12.576443,24.205803,11.9348345,22.207308,31.819187,18.032919,20.50937,18.477282,10.50086,8.021524,28.681904,25.579657,27.898998,18.73502,5.76036,11.140349,11.387018,23.279953,27.04204,24.7587,15.252301,11.261283,20.128384
1931,22.471525,29.925272,22.828167,6.437964,17.804245,9.171182,18.386106,13.063599,15.235482,7.381237,22.802725,13.033215,12.087502,23.864464,14.28542,24.5925,30.31163,17.5281,17.981037,17.248516,8.778799,6.3336124,28.132309,24.210924,28.533838,17.958208,9.177475,11.496581,9.589297,22.862276,26.38919,24.179493,13.498288,11.013875,19.519772
1932,21.090664,30.482729,22.21622,4.28105,9.03345,3.3755243,19.24023,16.141766,7.6129327,7.0966735,27.756807,12.188443,13.684546,27.146584,9.640504,17.933838,32.873604,18.848627,22.097086,17.030115,9.066324,5.797148,28.641806,28.471266,29.602743,23.005766,3.4784763,12.891002,9.827958,31.170822,26.996841,24.914145,17.680332,11.634519,20.815699
1933,22.550327,29.986225,22.454613,5.658884,16.7863,12.131993,17.782433,13.169125,19.125261,8.829807,22.867907,14.093282,11.876554,23.996855,16.643429,26.848936,29.587456,16.873198,16.639313,16.393463,7.6437974,5.088471,27.949253,23.057222,29.587364,17.66761,12.612471,12.366761,9.32583,23.263803,26.076307,24.015089,12.77489,10.587635,19.289906
1934,21.75668,30.59059,23.539577,7.0875998,27.774464,7.136885,20.332129,11.539604,11.335424,4.884867,17.976938,12.921302,11.505421,21.865614,13.249866,24.744991,31.757818,17.940859,20.956446,20.094442,13.244763,11.404397,28.875147,23.95661,26.047897,15.434221,7.7045746,9.939036,14.390918,16.443459,27.420643,24.991331,14.525923,11.11945,20.032167
1935,19.488365,30.886848,22.575085,6.557875,32.490982,4.9356785,22.735487,11.1436825,7.81806,3.3663857,12.821307,13.625923,10.159141,19.290583,13.772892,25.461996,31.458616,17.69131,24.421663,22.433352,18.820559,16.382809,28.907692,21.72163,21.842287,12.316683,7.5395937,9.03838,21.184998,12.173778,28.111885,25.228525,15.933865,10.434725,20.386793
1936,21.714527,30.404806,22.577805,5.2655764,13.561152,5.542878,19.04399,14.727489,10.615272,7.0198097,25.623936,12.44906,13.065475,25.644932,11.553988,21.023289,31.942612,18.267,20.47098,17.371944,9.192656,6.262156,28.580156,26.669735,29.133907,20.658966,5.5341587,12.104759,9.966327,27.265234,26.890892,24.708492,15.883099,11.3917265,20.301584
1937,20.76737,30.332499,21.93734,4.061465,8.6465645,3.066785,19.164167,16.130878,7.27511,6.989293,27.943953,12.00536,13.63685,26.991747,9.400747,17.548048,32.80212,18.649424,22.10121,16.948227,9.077025,5.7609897,28.470999,28.307186,29.328968,22.921686,3.249654,12.6766205,9.858741,31.188095,26.841152,24.732967,17.674301,11.440953,20.634796
1938,22.386164,25.355347,22.263203,10.581089,17.710135,28.411243,16.597136,10.630903,32.76585,22.068172,9.072037,24.90888,8.001223,19.113558,30.158096,34.635704,12.842374,17.6656,9.033868,18.936157,6.209131,4.5500617,23.699821,15.263417,16.999832,12.289811,29.98581,16.995657,16.601671,5.588074,20.925638,23.534046,11.190045,11.460275,21.641403
1939,31.351566,25.545296,30.905697,26.962952,30.5629,12.217052,20.308853,8.604884,13.224775,2.2167134,5.508649,13.991467,7.9089756,16.043552,14.346416,24.737843,23.354591,25.591398,17.812284,20.525776,18.051733,16.495922,25.882957,25.987463,13.148556,11.021832,9.92868,7.381489,11.901812,5.123804,25.748306,23.641628,11.668782,15.796473,20.80906
1940,21.282219,30.318325,22.448261,5.028756,12.440316,4.01107,19.26278,15.112633,8.398558,6.6992426,26.2066,12.059576,13.2780485,25.982546,10.239317,19.205532,32.348583,18.58233,21.402258,17.598215,9.503823,6.6119766,28.560148,27.409222,28.701532,21.481892,3.973964,12.065906,10.086441,28.191936,26.917135,24.750359,16.68669,11.477494,20.496323
1941,27.081993,27.251616,28.033112,19.648344,31.31845,8.589461,20.961086,9.449787,9.575694,1.9977627,8.008194,13.293648,8.947297,17.464905,12.820599,23.70147,26.703384,23.040207,20.782967,21.173876,18.367975,16.753769,26.91643,25.384739,16.369507,12.057949,7.5709534,7.997307,15.176439,7.6051006,26.506924,24.253492,13.754888,14.370567,20.720581
1942,23.004242,29.241156,21.977264,5.7182503,18.04493,18.50075,16.3234,11.972391,27.076807,10.763079,20.336342,15.756901,10.672895,22.536074,21.391867,31.763046,26.89362,15.523715,12.897561,15.062585,5.8824353,3.5400693,26.99573,19.61794,29.83835,15.145816,19.531418,12.959289,8.59548,20.135025,24.973047,23.146185,10.018043,9.81279,18.290264
1943,27.204851,26.899296,28.17073,21.524164,32.24478,9.389859,21.890463,9.052116,10.844865,2.7632258,6.20761,14.261776,7.994256,15.348112,15.096014,25.572517,24.372917,23.175076,20.070862,22.194414,20.247494,18.177195,26.603653,23.115898,12.648898,9.612128,9.377186,7.254393,16.72586,4.729981,26.51948,24.011257,12.610452,13.8753395,20.774939
1944,29.65355,27.552101,29.558601,21.376814,27.050705,11.586119,19.759947,10.012529,13.95614,3.973421,12.01922,14.096898,9.7215185,18.746618,14.366331,24.789177,25.356663,23.800253,16.66544,20.589245,14.052939,11.987736,27.354235,25.89127,18.114326,13.444684,8.961628,8.63787,10.06472,9.336202,26.489922,24.602806,11.2238035,15.260518,21.098068
1945,28.06935,28.155617,28.703163,19.003805,28.053661,8.393234,20.421211,10.373978,9.792533,2.952696,12.418622,13.163282,10.193559,19.659208,12.04818,22.671295,27.704771,23.462336,19.498993,21.052736,15.244599,13.602614,27.86719,26.987701,19.255363,14.600409,6.2076044,8.797926,11.61909,10.983363,27.055035,24.9787,13.163156,15.2234745,21.300888
1946,24.332058,25.3339,23.411728,12.569041,22.93045,30.321438,16.232716,9.42815,35.303116,21.186413,9.12949,24.20392,7.336788,18.058302,30.470657,35.71689,14.304564,17.119963,8.222044,17.769358,6.412161,5.629528,23.473179,14.239189,17.745754,11.176087,32.261517,15.059528,13.431175,5.342266,21.122757,22.446552,9.024139,9.790773,20.143093
1947,20.12717,23.982464,20.845768,9.0160265,12.347923,31.014599,16.354555,11.686481,33.755684,25.911947,6.121371,28.111423,7.908149,19.778603,32.600365,35.261757,7.7963147,18.32482,8.346419,19.988527,5.177582,3.2571025,22.480612,15.111652,14.683717,13.359088,32.094982,20.520802,20.705153,3.5192578,18.953262,24.263338,13.852926,12.692988,23.638386
1948,21.402435,30.363827,22.256638,4.641677,10.86138,4.8885546,18.98891,15.470158,9.740965,7.3587584,26.67791,12.49257,13.31455,26.406504,10.993318,19.817162,32.14453,18.407545,20.983809,16.890312,8.896761,5.7026696,28.502565,27.369429,29.58701,21.757523,5.027482,12.729464,9.738701,29.471884,26.837044,24.73084,16.61138,11.4788685,20.495785
1949,21.634075,30.414492,22.64494,5.315119,13.660797,4.9440274,19.192684,14.774134,9.704834,6.8002243,25.646355,12.284307,13.137213,25.708534,11.034626,20.41256,32.158813,18.452194,20.871284,17.612333,9.421833,6.581828,28.63904,26.966177,28.90433,20.880178,4.880951,12.021746,10.093638,27.278189,26.966454,24.78161,16.165789,11.480928,20.41235
1950,20.441198,30.316807,23.03202,6.3522873,28.583395,4.4944563,21.011183,11.724667,6.9067235,3.5874312,16.51745,12.4723015,11.421454,21.838707,10.881983,21.89527,32.654186,18.238268,23.59852,20.477537,15.188176,13.411527,28.589685,24.839027,24.990974,15.920416,5.45253,9.798993,16.408163,16.555912,27.39731,24.976507,16.43831,10.984546,20.2548
1951,18.998459,30.978958,22.120071,5.699575,32.506664,4.942819,22.658451,11.144186,8.060072,3.4163668,13.065338,13.634673,10.166446,19.308853,13.902291,25.652384,31.651192,17.197065,24.367178,22.232424,18.646206,16.08527,28.874662,21.374035,22.33053,12.147184,7.7888985,9.066854,21.360914,12.392745,28.063301,25.143185,15.846745,10.141417,20.197147
1952,22.030684,30.5508,22.874386,5.7294855,15.549357,6.16907,19.159046,14.245579,11.491259,6.9229193,24.878754,12.546973,12.905545,25.169971,12.195929,22.146494,31.826008,18.218613,20.115923,17.760223,9.4456835,6.688555,28.751728,26.192839,28.932602,19.878847,6.122772,11.792598,10.20043,25.75983,27.038471,24.805325,15.381203,11.392044,20.260292
1953,23.229872,30.716621,24.439762,8.576947,27.278532,9.282277,19.983356,11.440924,14.382667,5.7534585,18.561304,13.436002,11.504533,21.903126,14.827323,26.442682,30.932114,18.352718,19.183453,20.039528,12.088693,10.231994,29.091822,23.680126,26.255146,15.270227,9.385375,10.0222225,12.83332,16.06273,27.491653,25.10645,13.2762575,11.452032,20.117071
1954,20.340054,30.673386,23.051903,6.523689,31.170485,5.0442343,21.609077,11.297119,7.7455883,3.3318574,14.819097,12.82541,10.9643545,20.94902,12.102183,23.767054,32.545155,18.02883,23.904154,21.213419,16.535845,14.737512,28.85657,23.792883,24.339703,14.506035,6.4839745,9.48591,18.134146,14.603878,27.767687,25.150011,16.21286,10.85973,20.259705
1955,20.335207,30.688234,22.76643,5.9561954,29.338587,5.7844048,21.063766,11.485052,9.370097,4.180056,16.35765,12.893525,11.194322,21.271631,12.814097,24.376171,32.18176,17.548267,22.707989,20.705147,15.133169,13.208389,28.815094,23.387058,25.093512,14.740249,7.1609955,9.715027,17.089365,15.523504,27.538387,24.999582,15.574647,10.647786,20.032375
1956,19.222845,29.962845,22.494534,10.238536,34.887398,7.3736978,24.48764,10.037716,11.191753,5.143141,7.5922666,15.730734,7.6838427,14.466025,19.082048,30.05856,25.89947,17.59998,23.083437,24.992926,22.944277,19.771246,27.9401,16.105154,13.399145,6.9266267,11.926359,7.2171526,25.719276,4.7874427,27.72216,24.476877,13.943775,9.109605,20.26009
1957,22.188675,29.910257,24.26799,9.280259,29.025675,5.826442,20.912659,11.253796,8.5361185,3.6356666,15.295535,12.65599,11.012755,21.047686,11.956826,23.201685,31.290369,19.2152,22.414772,20.800446,15.356294,13.773699,28.523144,24.786491,23.607414,15.1393585,6.213462,9.483919,15.624307,14.734666,27.360743,24.969975,15.470827,11.874351,20.404171
1958,21.487371,30.49631,22.808788,5.8110538,19.872145,5.871258,19.572687,13.218821,10.80709,5.9071074,22.551006,12.374783,12.438889,23.847248,12.182667,22.708788,31.838245,17.903204,20.453657,18.68091,10.805956,8.358107,28.729439,25.243084,27.752388,18.167927,6.0560045,10.9050045,11.7830105,22.298117,27.102858,24.779066,15.026041,11.189323,20.052458
1959,20.177668,30.883549,22.962337,6.1843977,31.55289,5.060552,21.746416,11.3176155,7.844498,3.3296359,14.823382,12.922551,10.985023,20.95285,12.276237,24.053965,32.746384,17.894701,24.043701,21.336058,16.686192,14.810918,28.99917,23.655453,24.522245,14.375915,6.6393185,9.50619,18.502535,14.524528,27.908524,25.255749,16.248667,10.771121,20.290411
1960,18.843863,30.484617,22.099693,5.9020033,32.454193,4.2606077,22.478203,11.079128,6.510504,2.8328772,12.385155,13.291789,10.09719,19.334915,12.678291,24.13532,31.764126,17.441269,24.950407,21.975882,18.845858,16.502537,28.470074,21.988096,22.00024,12.572368,6.8853445,9.008058,21.303793,12.445695,27.729347,24.899538,16.403078,10.243685,20.121992
1961,22.724426,30.492779,23.208675,6.665704,20.909904,9.83073,18.845926,12.577791,16.26167,7.1623683,22.147846,13.182636,11.97927,23.414024,15.11422,26.132538,30.82256,17.405394,18.058083,17.98381,9.501174,7.226812,28.631334,23.707031,28.525732,17.02608,10.006238,10.980286,10.437656,21.149384,26.865728,24.470013,13.193404,10.774094,19.52628
1962,21.25546,30.614094,22.279808,4.2711334,9.128327,3.8170397,19.226555,16.155146,8.276986,7.2670126,27.771687,12.367487,13.687538,27.210672,10.059632,18.478237,32.879547,18.81003,21.927065,16.955692,8.962788,5.634035,28.739525,28.397087,29.922821,22.924852,3.9597378,13.0342865,9.816756,31.221037,27.07682,24.98924,17.561605,11.665264,20.842058
1963,19.507145,24.04698,20.650959,8.632932,10.795095,31.032564,16.797546,12.264469,33.172623,26.985916,5.5360537,29.097034,8.134764,20.395103,33.013237,35.230488,6.7696915,18.924294,8.87232,20.905956,5.327705,3.2049637,22.609425,15.776655,14.025398,14.070875,31.872858,21.644024,22.603662,3.155073,18.824808,24.983072,15.286474,13.421021,24.70145
1964,21.700468,30.552444,22.91124,5.9525523,19.547419,6.1739826,19.527258,13.289154,11.321209,6.1880827,22.754671,12.481916,12.476993,23.95815,12.507404,23.05514,31.743158,17.951078,20.271727,18.651913,10.6084,8.194778,28.799776,25.239393,27.887514,18.270575,6.3435163,11.042788,11.630276,22.506796,27.132193,24.826805,14.979418,11.245678,20.100761
1965,26.960129,27.08566,27.096,19.148298,31.730753,14.0418625,20.18189,8.703426,18.108454,6.0560346,9.954843,14.97242,8.178659,15.867988,18.353216,28.676205,23.659111,20.690058,16.057644,20.601967,15.912221,14.310634,26.252367,20.640356,15.687518,9.638242,14.246128,7.257536,13.008057,6.0199914,25.595404,23.102287,10.116328,11.642875,19.411812
1966,21.305273,30.651224,22.428493,4.419358,9.30924,3.4481974,19.359806,16.19041,7.672521,7.1227565,27.779142,12.280111,13.754623,27.29914,9.70277,18.074434,33.052006,19.021154,22.19854,17.149263,9.121509,5.871715,28.820702,28.68002,29.798172,23.127863,3.509097,12.994755,9.8136015,31.252567,27.171543,25.082996,17.740269,11.765915,20.97123
1967,25.092436,29.219536,26.79683,14.289723,29.157211,6.0243325,21.21191,11.025356,7.1477165,2.795311,13.149529,12.856627,10.691536,20.693394,11.023211,21.840359,30.274942,21.989254,22.577383,21.427088,16.450705,15.023603,28.452599,26.81338,21.12126,15.470501,5.212118,9.323508,14.6907215,13.06802,27.566624,25.324804,15.52312,13.9168005,21.321386
1968,21.678404,30.42692,23.776714,7.4605455,27.049854,5.4984226,20.606434,11.849474,8.727788,4.3793697,17.92165,12.543149,11.709834,22.287647,11.650824,22.770548,32.068398,18.671339,22.097183,20.436605,13.723538,12.058293,28.869007,25.045752,25.455263,16.42914,5.784651,9.985059,14.498316,17.139418,27.4683,25.139717,15.5360365,11.5040655,20.42375
1969,29.151392,27.568083,29.491047,21.124779,28.052923,8.940687,20.343609,10.095602,9.938356,2.780501,11.237229,13.321863,9.843441,19.093674,12.1168375,22.527256,26.74147,24.287819,19.074347,20.979347,15.609431,13.935266,27.506653,27.27418,17.919806,14.202773,6.413851,8.631285,11.199711,9.915851,26.84362,24.826029,12.806222,15.788313,21.398113
1970,23.297022,24.254385,23.384758,14.286585,25.057152,28.687572,17.670515,9.032219,31.336647,23.21039,6.8796754,25.010233,6.6260796,16.550005,30.04942,33.631767,11.479746,17.946104,9.82871,20.21454,9.156225,9.094606,22.639742,13.617114,11.888828,10.923862,30.885695,14.343288,16.028475,1.961036,20.464312,22.330282,10.556863,9.386069,21.01438
1971,25.98028,28.786013,27.476158,15.854816,28.916138,6.3851695,21.097652,10.885151,7.0372214,2.7355163,12.3363495,12.9823475,10.489184,20.522043,10.85033,21.41814,29.703077,22.731825,22.45271,21.336823,16.617794,15.296172,28.210154,27.24907,20.273705,15.541896,5.2575045,9.327793,14.248453,12.595149,27.409004,25.24729,15.472841,14.422732,21.471199
1972,28.177847,27.814882,28.882,19.752703,28.685312,8.145294,20.628527,10.205622,8.91362,2.6040893,10.985954,13.227968,9.891497,19.249716,11.759546,22.228115,27.48795,23.859888,20.214308,21.136335,16.277262,14.703157,27.623919,27.156113,18.241573,14.303885,6.113949,8.765978,12.477383,10.220236,26.977152,24.901274,13.625635,15.430764,21.390232
1973,23.464006,29.41963,25.82,12.399459,31.202574,5.3847957,21.745155,10.889141,5.9625707,2.478579,11.588198,13.119815,10.4040785,20.192215,10.996459,21.87437,30.895063,21.17027,24.29258,21.728771,18.12163,16.6623,28.378277,25.905342,20.704107,14.718919,5.604871,9.297535,17.582077,12.120666,27.611547,25.278645,16.570229,13.070446,21.191645
1974,31.046919,26.132048,30.67659,25.404333,29.036024,11.105576,20.051008,9.126904,12.066999,2.1503425,7.6877847,13.523182,8.660683,17.381767,13.179199,23.679981,24.539474,25.423683,17.989206,20.465828,16.72108,15.140773,26.416695,26.941912,15.136327,12.485337,8.269496,7.849206,10.89703,7.1079845,26.066624,24.05369,12.001807,16.167099,21.019485
1975,22.175247,30.58008,23.18639,6.519473,23.362923,8.664689,19.39779,12.213676,14.401559,6.348394,20.920889,13.024207,11.871597,22.820269,14.432032,25.632725,31.20686,17.44415,19.02919,18.805838,10.7681875,8.607391,28.751688,23.676249,27.682816,16.383797,9.027824,10.548142,11.874058,19.455036,27.080421,24.65694,13.567113,10.824009,19.672585
1976,21.046406,30.389687,22.946033,6.1304336,23.846487,5.225176,20.158642,12.447578,9.162055,4.882508,19.973227,12.334933,12.014019,22.838198,11.647152,22.441517,32.034164,18.027473,21.53544,19.609352,12.55986,10.449616,28.683025,24.914452,26.396952,17.036345,5.642185,10.293573,13.621434,19.404768,27.20966,24.85995,15.364853,11.147086,20.119375
1977,21.402765,30.150202,22.134605,4.664219,10.85057,5.2124887,18.727718,15.292971,10.147354,7.2793465,26.42343,12.45808,13.180059,26.210508,11.083222,19.945173,31.902119,18.211464,20.589615,16.596682,8.641607,5.4220243,28.278309,27.11511,29.631609,21.49021,5.2993326,12.657211,9.493693,29.197756,26.621088,24.51907,16.287786,11.427378,20.26862
1978,21.54703,30.549871,22.488136,4.88263,12.003193,4.9037666,19.16937,15.277506,9.776566,7.15963,26.494112,12.443931,13.3189,26.238634,11.058949,20.162271,32.33223,18.470064,21.056133,17.285528,9.163975,6.081051,28.69501,27.298223,29.422655,21.50132,4.974143,12.437513,9.983904,28.739304,27.010975,24.851278,16.528074,11.46693,20.530209
1979,23.73494,28.609383,22.55103,7.32899,18.118343,19.494572,16.11123,11.667656,27.518316,11.159965,18.96408,16.390636,10.29824,21.878698,21.852812,31.711912,25.444754,16.098536,12.129254,15.089825,5.913242,3.51054,26.527245,19.382887,28.402617,14.622584,20.267439,13.041642,8.416348,18.482393,24.566622,23.000324,9.480034,10.2881975,18.446905
1980,26.798664,26.43011,26.705143,20.169592,32.176723,20.144411,20.516624,8.250445,24.297361,11.981228,6.4075274,18.910378,6.6763854,14.988158,24.133644,32.29113,19.082106,20.460041,14.402038,21.401123,15.871281,14.981787,25.347334,17.247227,12.310369,8.436801,22.028559,8.775547,15.213344,2.9002616,24.562473,22.88498,10.045483,10.675107,19.99742
1981,19.19931,30.804789,22.285461,5.5763006,32.242744,4.6006656,22.225554,11.22695,7.1650496,3.0504122,13.514769,13.176602,10.487749,20.121054,12.581363,24.240828,32.453724,17.438929,24.726433,21.648851,17.974495,15.785329,28.768427,22.626177,23.436941,13.328007,6.952078,9.280389,20.313179,13.570407,27.882263,25.085835,16.430262,10.329722,20.16038
1982,24.590076,28.653664,26.262642,14.826705,30.96778,6.899886,21.302996,10.227556,8.567289,2.5329566,11.02339,13.041336,9.798765,18.731962,12.522996,23.647757,28.782326,21.264828,21.778889,21.59372,17.58333,15.900056,27.819815,24.770512,19.137768,13.032761,6.6667757,8.446951,16.092268,10.093665,27.112324,24.723553,14.479813,13.280395,20.680086
1983,21.262613,30.680847,22.303913,4.251452,9.06419,3.7673752,19.282927,16.215454,8.232717,7.290754,27.882076,12.382872,13.724349,27.273134,10.060334,18.471878,32.951454,18.847534,22.008684,17.004831,9.005332,5.6609344,28.799986,28.461313,29.95066,22.99572,3.926618,13.055239,9.86623,31.338612,27.134312,25.040854,17.63382,11.673236,20.890305
1984,25.03421,29.259684,26.596542,13.8130455,28.092916,6.1644406,20.839115,11.159521,7.78091,3.015283,14.400453,12.6049385,10.913228,21.109484,10.977729,21.83774,30.351318,21.6789,21.86366,21.076239,15.346581,13.947148,28.449072,26.812838,21.973282,15.917953,5.101506,9.320042,13.522012,14.066343,27.428576,25.208588,15.152177,13.719456,21.122797
1985,21.388,30.426826,22.30608,4.647272,10.906793,4.6780634,19.08152,15.517666,9.448238,7.3058476,26.77702,12.449808,13.367655,26.464426,10.84112,19.653288,32.273968,18.485807,21.163368,17.018429,9.003365,5.830849,28.572224,27.491575,29.529123,21.866285,4.805889,12.692949,9.820668,29.529205,26.906385,24.790813,16.74085,11.493819,20.559977
1986,20.072664,30.37284,22.987434,6.28377,30.734573,4.3055534,21.486319,11.467976,6.094618,2.9539437,14.877699,12.655106,11.107018,21.323757,10.7493105,21.923492,32.983658,18.243147,24.640512,20.813374,16.593212,14.794825,28.560293,24.692253,24.421999,15.261749,5.639635,9.584768,17.98832,15.34924,27.532482,25.030691,16.960005,10.816393,20.300476
1987,22.288902,30.533346,23.186295,6.3838444,18.575209,6.7894955,19.254286,13.417505,12.169204,6.503932,23.446564,12.540169,12.566832,24.285978,12.715252,23.214407,31.602379,18.115437,19.686707,18.28719,9.9146805,7.463832,28.80037,25.475552,28.329878,18.647976,6.674135,11.191312,10.566454,23.24952,27.095512,24.795717,14.651587,11.3812,20.0916
1988,20.92419,24.221796,21.300232,9.635931,14.401308,30.840836,16.268686,11.186525,34.12422,24.951666,6.8950415,27.265062,7.7995253,19.361917,32.160137,35.313053,9.0897045,17.973755,8.138394,19.48705,5.274265,3.5494008,22.641546,14.813389,15.283244,12.823821,32.10172,19.332615,19.086239,3.8426723,19.353615,23.824245,12.667574,12.046843,22.844746
1989,20.99232,30.634563,22.101856,3.9380636,8.3488865,3.299392,19.260914,16.38918,7.668003,7.1728,28.282843,12.215374,13.800881,27.421053,9.643181,17.886564,33.128304,18.794249,22.240503,16.922037,8.956363,5.5626154,28.734818,28.641994,29.981863,23.280329,3.4974475,13.02911,9.857925,31.875786,27.072687,24.977139,17.890211,11.586431,20.846703
1990,22.129372,30.535223,22.969788,5.9740334,16.570078,6.368856,19.16751,13.940144,11.744847,6.748863,24.440193,12.500196,12.786915,24.84476,12.358109,22.51937,31.737776,18.159472,19.908543,17.926912,9.566129,6.9099293,28.761448,25.928846,28.730978,19.427383,6.275524,11.539041,10.251273,24.880955,27.049765,24.781717,15.074433,11.385939,20.169287
1991,19.108316,30.621143,22.25616,5.9494925,32.11173,4.440849,22.398266,11.183832,6.9101377,3.0588992,12.989176,13.279085,10.264781,19.652561,12.772762,24.281132,31.904593,17.513388,24.736797,21.916153,18.427608,16.151054,28.621204,22.20389,22.450207,12.909237,6.930353,9.123687,20.776936,12.962335,27.812614,24.99272,16.330736,10.312648,20.182384
1992,26.787437,28.516361,24.870033,11.583739,23.523148,28.954498,16.295837,10.273138,36.891853,16.80249,14.137006,21.66217,8.821402,20.174114,29.366148,37.81943,20.96537,17.098886,8.855211,16.348133,5.8438354,4.043126,26.38754,16.507513,25.20013,11.921359,30.660488,14.462513,10.092547,11.067037,24.231823,23.622852,7.5538044,10.549013,19.572605
1993,21.477266,30.386732,22.308617,4.7404585,11.428113,5.1226277,18.991993,15.315937,10.081446,7.351347,26.463226,12.523324,13.257329,26.249817,11.219896,20.19736,32.07764,18.345116,20.826242,16.955019,8.933061,5.778827,28.524485,27.175314,29.555515,21.497036,5.255615,12.638492,9.775803,29.040922,26.852922,24.72781,16.420082,11.446956,20.450384
1994,22.043306,30.499542,22.980415,5.9895806,16.651934,6.0350456,19.24506,13.952223,11.230889,6.6718664,24.371656,12.420032,12.811331,24.845926,12.098221,22.19619,31.783047,18.244873,20.124601,18.067091,9.70528,7.12688,28.759789,26.038893,28.537333,19.529821,5.926856,11.509989,10.360187,24.838707,27.054794,24.800175,15.240785,11.412691,20.228762
1995,30.491585,26.166685,30.256454,24.637962,29.069618,10.985351,20.019789,9.131792,12.091379,2.2217085,7.8344483,13.509855,8.666499,17.291195,13.270032,23.781143,24.57238,24.983015,17.997156,20.440117,16.662355,15.039603,26.355154,26.513344,15.238877,12.326571,8.349988,7.799041,11.236584,7.09898,25.96962,23.95249,11.992156,15.812195,20.866959
1996,21.969255,30.52257,23.104397,6.240517,19.247217,6.154353,19.462017,13.333656,11.181128,6.100298,22.978468,12.410247,12.535541,24.119911,12.247582,22.746542,31.769175,18.15667,20.16689,18.557936,10.415511,7.975749,28.803251,25.538588,27.987146,18.51041,6.0996046,11.042495,11.109299,22.78598,27.148924,24.842575,14.89662,11.399179,20.148424
1997,22.49465,30.290073,22.634174,5.7219276,16.786942,10.5841875,18.247547,13.42964,17.322601,8.2722,23.43559,13.662899,12.167588,24.31818,15.601284,25.907366,30.342054,17.22369,17.602322,16.853762,8.226091,5.602018,28.305607,23.87286,29.539806,18.156239,10.952598,12.137604,9.666934,23.866865,26.467255,24.302296,13.458756,10.775442,19.555534
1998,21.170439,29.946314,22.4184,5.1091423,11.497607,3.1400788,19.134155,15.255928,6.848478,6.387439,26.209417,11.781538,13.340005,26.206097,9.108148,17.639141,32.370033,18.877321,21.750828,17.400072,9.388663,6.5521064,28.290411,28.024986,28.49079,22.090748,2.878031,12.177583,9.64018,28.797585,26.711288,24.61926,17.02922,11.711376,20.556368
1999,21.381348,30.40769,22.409378,4.831774,11.660105,4.449553,19.165895,15.337248,9.07388,7.0583906,26.507544,12.304657,13.340986,26.276667,10.623555,19.549658,32.326214,18.540543,21.268154,17.293713,9.211812,6.1767855,28.590883,27.457117,29.208092,21.709621,4.487651,12.431513,9.964498,28.919523,26.924707,24.79266,16.72681,11.486662,20.546896
2000,26.039948,28.780125,27.584461,15.991872,29.338173,6.4263606,21.161123,10.809727,6.916986,2.6668742,12.017077,13.054817,10.436878,20.436474,10.816833,21.385931,29.733334,22.814095,22.627314,21.424595,16.848623,15.571016,28.207378,27.234943,20.076971,15.464096,5.324895,9.275028,14.4650955,12.284747,27.428291,25.261673,15.535538,14.428785,21.506254
2001,32.368645,25.54127,31.323284,27.511358,29.421133,14.059771,19.557148,8.602722,15.991805,2.5234423,6.8457465,14.000359,8.037945,16.496565,15.11918,25.764387,23.154102,25.55981,15.969721,19.84621,16.146952,14.516885,25.85558,26.11134,14.547886,11.342424,11.101624,7.35045,9.565584,5.900481,25.533731,23.476841,10.574742,15.835162,20.520788
2002,20.99523,30.012537,21.674511,4.0555143,9.140017,4.8855515,18.528898,15.630285,9.843138,7.3374667,27.055084,12.367646,13.232401,26.459877,10.788576,19.300861,31.96157,17.991255,20.689934,16.13816,8.34476,4.910959,28.076765,27.24558,29.912203,21.86833,5.136528,12.848715,9.385243,30.31708,26.432026,24.344166,16.549767,11.313379,20.12993
2003,20.870298,30.551903,22.971916,6.030952,25.23194,5.0681953,20.458546,12.294943,8.749383,4.533196,19.26569,12.388129,11.92115,22.644314,11.564742,22.536623,32.381905,18.030949,22.109411,19.911463,13.269508,11.192664,28.797615,24.876652,26.221209,16.72054,5.6616945,10.142095,14.462778,18.71486,27.379744,24.980366,15.639615,11.058401,20.176332
2004,25.129353,29.441387,26.713417,13.308891,25.39684,5.5106373,20.70631,11.90642,6.8525534,3.8978934,16.526033,12.784991,11.535042,22.175993,10.335164,20.412403,30.46037,22.020058,21.756624,21.034542,14.164401,12.639528,28.69463,27.645782,22.588348,17.441929,4.18303,10.029907,12.326767,16.090792,27.543581,25.508291,15.422996,14.041827,21.610987
2005,21.704437,30.491951,22.69349,5.2556353,13.085835,4.9391866,19.216476,14.988672,9.684906,6.9506874,25.938206,12.38376,13.234598,25.97688,11.017837,20.292934,32.249714,18.566904,20.981855,17.527763,9.330468,6.4164815,28.701445,27.20649,29.13115,21.204567,4.8776827,12.237412,10.00804,27.871796,27.024189,24.863016,16.341667,11.5493145,20.532677
2006,21.950632,30.582977,22.866295,5.585211,14.501732,5.620187,19.224867,14.595102,10.678111,6.9055862,25.414835,12.479658,13.076512,25.559622,11.658584,21.331232,32.07701,18.429697,20.532293,17.713284,9.42391,6.584441,28.784117,26.707876,29.027533,20.498146,5.5384197,11.96028,10.117008,26.69995,27.084198,24.874699,15.824291,11.48397,20.415548
2007,21.517258,30.420027,22.492237,5.0030785,12.389669,4.8084006,19.141514,15.120426,9.567293,7.0280676,26.176413,12.3542,13.250415,26.064966,10.927509,20.051641,32.219204,18.469954,21.01697,17.344448,9.22678,6.237126,28.606787,27.214882,29.191778,21.350792,4.8226423,12.325825,9.971097,28.324839,26.935408,24.7838,16.443657,11.480098,20.480669
2008,24.540823,25.032387,24.174843,15.027788,28.227474,28.486866,17.816784,8.49555,32.130653,21.947863,8.483481,23.963638,6.6497746,16.196367,29.727707,34.207817,13.663614,17.536732,9.695741,19.751772,9.457826,9.557736,23.260496,13.378497,13.165595,10.257292,31.035318,12.75987,13.875345,2.7143068,21.391773,22.042158,8.995855,8.528066,20.120266
2009,21.510832,30.526215,22.933495,6.0394254,22.540901,6.52873,19.706326,12.566467,11.456899,5.648872,21.164473,12.544576,12.112203,23.094664,12.782567,23.698162,31.725214,17.699783,20.264688,19.062267,11.368164,9.10073,28.75532,24.532982,27.326887,17.05137,6.859109,10.540997,12.476789,20.204605,27.160538,24.783972,14.534878,11.081245,19.920883
2010,20.49138,30.327663,23.097595,6.5441194,29.659208,4.774653,21.105408,11.489864,7.197722,3.4992106,15.760134,12.5208645,11.251218,21.546164,11.20065,22.466936,32.57981,18.20047,23.678772,20.667095,15.559561,13.946693,28.605574,24.545994,24.780743,15.529861,5.7817307,9.691858,16.843021,15.800547,27.426538,24.973322,16.396612,10.957145,20.213343
2011,20.963371,30.333029,23.556408,7.3891597,30.583975,4.8258977,21.328459,11.343836,6.9813313,3.166389,14.989434,12.542008,11.128742,21.38483,11.147642,22.56356,32.62871,18.653376,23.99049,20.919685,16.16219,14.645679,28.695889,24.851593,24.396105,15.365266,5.728241,9.582432,17.078903,15.195052,27.592657,25.101736,16.5161,11.267953,20.377579
2012,24.533825,29.534891,26.141731,12.717514,27.361906,6.257865,20.699694,11.353001,8.491368,3.5150604,15.632953,12.6450815,11.152663,21.294088,11.43288,22.327219,30.360456,21.078924,21.319399,21.075794,14.582599,13.058727,28.597576,26.28171,22.585606,15.985898,5.293289,9.385928,13.303445,14.571545,27.424545,25.220995,14.828967,13.327412,21.004025
2013,24.326603,27.082659,22.990204,10.151825,20.766397,23.568298,15.88946,10.124495,30.862432,14.092559,14.585519,18.882463,8.855263,19.375622,25.214422,33.541435,20.84768,16.282534,9.688325,15.919423,6.1730003,4.176857,25.215382,16.658688,23.627438,11.882765,24.771597,13.000782,9.761887,11.839324,23.256733,22.450062,7.930176,10.245693,18.554264
2014,21.078945,30.369942,21.918037,4.011823,8.831259,4.3412957,18.88476,15.998745,9.104743,7.372037,27.595129,12.404456,13.500653,26.945105,10.463164,18.897,32.496437,18.373093,21.368212,16.492554,8.614881,5.178193,28.44181,27.87476,30.071213,22.500254,4.595566,13.0358715,9.647054,31.058083,26.782413,24.694962,17.149189,11.480469,20.50661
2015,21.375225,30.311035,22.750908,5.6089754,16.351166,4.3835196,19.50853,14.148821,8.639107,6.058691,24.208286,12.048003,12.900831,24.942024,10.620884,20.265549,32.188835,18.481886,21.248615,18.332586,10.331166,7.7892976,28.624878,26.63825,27.931534,20.038223,4.316228,11.419746,10.919854,25.138296,27.016584,24.794622,16.072151,11.471518,20.381863
2016,33.1919,24.821505,31.86364,29.74073,31.264437,15.736011,19.682682,7.894224,17.903927,3.0302868,4.8090906,14.356117,7.25318,15.371923,16.452333,27.035912,21.857164,25.910707,15.436199,19.7522,17.12541,16.039314,25.280653,25.201313,12.653316,10.192429,13.1834345,6.83277,9.5021105,4.2587647,25.144083,22.94359,10.065694,15.335952,20.228117
2017,20.117418,30.295414,22.97778,8.721657,31.888437,5.9486837,22.812132,10.690969,9.808341,4.219222,12.528509,13.973863,9.632805,17.546799,15.737911,27.220932,28.712368,17.8653,22.269173,23.263266,18.884941,16.205456,28.53608,19.776102,18.714045,10.5232315,8.472136,8.125711,20.744848,9.540769,27.754833,24.86047,14.040513,10.316928,20.265076
2018,22.63669,30.303795,23.925816,8.081831,26.466227,8.441449,19.794397,11.490833,13.213151,5.4875293,18.542967,13.078553,11.455906,21.87736,14.013051,25.362772,30.874765,18.116205,19.475292,19.66731,12.065714,10.227562,28.689383,23.759651,26.109352,15.479453,8.601826,9.998704,12.757141,16.612545,27.147764,24.783834,13.574884,11.285652,19.899448
2019,20.978006,24.186327,21.406845,9.942553,14.941778,30.541552,16.438131,11.07642,33.662346,25.023554,6.91045,27.206285,7.738027,19.161852,31.981575,35.013634,9.054688,18.026943,8.291992,19.693094,5.5758624,3.926317,22.61957,14.753773,14.75701,12.736903,31.853626,19.036625,19.062243,3.581158,19.394293,23.766989,12.6173525,11.924372,22.828987
2020,21.388824,30.448208,23.337433,6.875598,27.66958,6.439559,20.405457,11.57729,10.280292,4.6051235,17.653675,12.744293,11.482387,21.857723,12.663207,24.035784,31.842564,17.965918,21.4739,20.127474,13.567876,11.766936,28.753155,24.112425,25.791386,15.569834,7.066843,9.931966,14.771551,16.530746,27.341175,24.937805,14.943597,11.118797,20.045559
2021,21.815502,30.531017,22.830677,5.4103727,13.393467,4.880024,19.289715,14.958178,9.529592,6.896413,25.840475,12.386857,13.253164,25.990324,10.942981,20.244473,32.31076,18.693136,21.054647,17.64686,9.412974,6.5493493,28.769154,27.322182,29.094427,21.231438,4.763507,12.232593,9.989891,27.742643,27.098133,24.93686,16.357826,11.640484,20.614407
2022,21.214727,30.543785,23.20657,6.545526,27.232208,6.252169,20.423008,11.732025,10.182745,4.6267276,18.070486,12.674226,11.584188,22.04405,12.561756,23.930002,32.036724,17.880415,21.611158,20.087057,13.4948015,11.648726,28.80013,24.17149,25.985817,15.784762,6.92134,9.950088,14.810519,17.019516,27.365906,24.948936,15.102713,10.996376,20.03393
2023,21.17564,30.450642,22.217445,4.3669887,9.440438,3.8012533,19.16432,15.978622,8.21085,7.1928396,27.482397,12.286919,13.584607,26.962101,10.023444,18.441278,32.6678,18.728296,21.794058,16.968008,9.008158,5.7445707,28.601591,28.177458,29.614342,22.68309,3.9257448,12.874672,9.80634,30.762066,26.95169,24.865225,17.399424,11.600066,20.732317
2024,21.699461,30.335346,22.593418,5.3312707,13.523419,5.3867106,19.044199,14.720764,10.332102,6.9576097,25.550615,12.398468,13.061742,25.634346,11.3772745,20.785028,31.911999,18.332666,20.533237,17.394743,9.225077,6.3260565,28.5377,26.742208,29.006838,20.714226,5.3360157,12.091742,9.935148,27.237833,26.859016,24.69153,15.931608,11.433222,20.319653
2025,22.619312,29.911037,22.287106,5.389485,16.358818,13.491659,17.421885,13.134718,20.822699,9.385245,22.761528,14.504886,11.731388,24.003653,17.59409,27.73679,29.192167,16.58053,15.931328,15.916964,7.062982,4.478273,27.785236,22.535318,30.03049,17.491264,14.110481,12.723431,9.026971,23.33357,25.86881,23.875168,12.340089,10.439245,19.129072
2026,19.492128,23.72922,20.52573,8.686056,10.83136,30.892838,16.450714,12.050045,33.155094,26.383955,5.5611343,28.620756,8.004305,20.009077,32.682518,35.005276,6.753945,18.661705,8.465268,20.444117,5.146401,3.0454078,22.309969,15.446101,14.064148,13.743272,31.701488,21.25829,21.797523,3.163776,18.607191,24.577175,14.707072,13.19444,24.247166
2027,21.938803,30.569118,22.784718,5.524884,14.888187,6.078185,19.153387,14.445801,11.403181,7.0832734,25.139189,12.603056,12.975678,25.373693,12.165124,21.985426,31.868753,18.225311,20.250443,17.65441,9.371479,6.5562696,28.748808,26.315506,29.07559,20.150526,6.098323,11.983739,10.236742,26.318644,27.027792,24.822332,15.592839,11.380938,20.31612
2028,27.190956,28.398972,28.265812,17.687668,28.402681,7.0853295,20.775787,10.657421,7.741737,2.6737423,12.161455,12.97016,10.364063,20.297617,10.9555235,21.446625,28.890928,23.40896,21.338482,21.18407,16.05257,14.701501,28.041264,27.580639,19.76575,15.427304,5.3127975,9.17188,12.813028,12.0296335,27.267965,25.169556,14.613614,15.097999,21.50951
2029,25.790634,28.883245,27.3694,15.484432,28.920437,6.2210374,21.137827,10.963278,6.83365,2.7767727,12.538271,12.976874,10.567411,20.677483,10.728923,21.277922,29.929043,22.640759,22.664728,21.355978,16.610167,15.317787,28.26817,27.285858,20.478529,15.715519,5.1639776,9.381392,14.354065,12.86597,27.447592,25.283808,15.650447,14.311648,21.493269
2030,21.8747,30.616934,23.001434,6.0784564,21.442448,7.3634095,19.462273,12.777946,12.779597,6.199905,21.957085,12.723973,12.199596,23.447407,13.380369,24.279503,31.618708,17.641508,19.723791,18.676188,10.697048,8.359751,28.792503,24.501589,27.916273,17.363401,7.634983,10.778167,11.778181,21.107887,27.129414,24.74795,14.308331,10.997463,19.863361
2031,20.920654,24.120375,21.30069,9.801653,14.812071,30.629992,16.28493,11.047226,33.857838,24.889912,6.9289083,27.104565,7.713056,19.127106,31.983318,35.077595,9.072456,17.887867,8.132745,19.493923,5.411718,3.7576592,22.539598,14.640843,14.964844,12.676035,31.94198,19.020521,18.872519,3.6816642,19.313469,23.661379,12.480982,11.857828,22.687704
2032,18.896727,31.0288,22.10691,6.4412546,33.053665,5.5761623,23.273106,10.938784,9.255697,3.8632822,11.740897,14.338666,9.62153,17.979954,15.754457,27.593735,30.205334,17.137953,23.97578,23.167078,19.878777,16.875532,28.8985,19.649242,20.157412,10.403996,9.011343,8.735979,23.19052,10.133288,28.20301,25.188238,15.207779,9.965829,20.308699
2033,24.57917,29.281656,26.44291,13.703459,29.78177,5.9349656,21.338573,10.947899,7.0985017,2.7562745,12.716841,12.902156,10.584899,20.457077,11.226662,22.1502,30.360928,21.638689,22.926563,21.534557,16.896273,15.479179,28.43015,26.3612,20.986698,15.107532,5.445652,9.268012,15.564917,12.667928,27.557627,25.278633,15.714059,13.613929,21.215826
2034,21.721268,30.561094,23.683651,7.350923,27.619265,6.30515,20.576715,11.691414,10.02583,4.5409126,17.622873,12.788356,11.554128,22.001907,12.560025,23.949957,31.92628,18.357555,21.702349,20.360765,13.753981,11.980727,28.927277,24.495174,25.672323,15.807663,6.8098516,9.989226,14.8176565,16.613832,27.516163,25.130524,15.1616,11.377624,20.281906
2035,19.281044,30.347477,22.305424,7.031907,31.962572,5.0568,22.635145,10.910566,8.11642,3.561361,12.254437,13.636906,9.768151,18.453318,14.261375,25.719263,30.262693,17.50002,23.805445,22.448557,19.002045,16.479753,28.43327,20.76734,20.444153,11.509881,7.810998,8.703924,21.2736,11.247836,27.70874,24.822388,15.383428,10.21548,20.133585
2036,21.33334,30.58731,22.369118,4.5689025,10.671925,4.1973963,19.27268,15.71316,8.808344,7.23269,27.157589,12.374621,13.510948,26.68577,10.496815,19.220867,32.602074,18.653254,21.585268,17.221079,9.183825,6.0027585,28.733423,27.830645,29.514345,22.207561,4.3341208,12.6887665,9.966339,29.93117,27.068632,24.933908,17.08292,11.535273,20.713291
2037,19.165085,30.897936,22.16787,6.7742877,32.578728,6.0943246,23.023882,10.846174,10.285688,4.2037325,12.434043,14.240153,9.631261,17.892506,16.18553,27.989107,29.708654,17.054985,22.996696,23.02095,19.184317,16.239204,28.824074,19.37012,20.168999,10.320155,9.342875,8.542128,22.005459,10.239939,28.057598,25.03915,14.504962,9.842229,20.158594
2038,31.018732,25.887127,30.609047,25.597286,29.096647,11.148059,19.96074,8.993341,12.024707,2.0090475,7.277935,13.468194,8.506849,17.138933,13.12055,23.56775,24.314417,25.392334,17.916721,20.317093,16.828636,15.252303,26.196625,26.828457,14.8431225,12.261703,8.336479,7.744666,10.889906,6.8270497,25.896313,23.878178,11.92149,16.13359,20.889616
2039,25.04164,28.575296,26.737358,15.204554,30.803373,6.639624,21.208405,10.350449,7.473074,2.3573444,10.553519,12.995629,9.942522,19.43421,11.538242,22.501997,29.384558,21.91164,22.770086,21.401705,17.734083,16.424479,27.850817,25.879751,19.433187,14.070096,6.1336546,8.878135,16.122646,10.764515,27.142021,24.874659,15.454094,13.723287,20.966942
2040,21.58117,30.44328,22.420067,4.8889055,12.117315,5.258434,19.018778,15.147362,10.27052,7.209794,26.245941,12.493751,13.221497,26.109776,11.310169,20.488146,32.12756,18.330523,20.751425,17.093851,9.007259,5.9162455,28.583778,27.066895,29.514267,21.268291,5.3319225,12.472992,9.858794,28.529789,26.901638,24.749527,16.281908,11.440295,20.412111
2041,31.924545,25.176764,31.072487,27.565878,30.007895,13.302501,19.711,8.415819,14.682102,2.204123,5.6422343,13.812486,7.780015,16.108753,14.5800705,25.112799,23.037552,25.56645,16.840433,19.906694,17.10685,15.698271,25.550358,26.00069,13.620175,11.113941,10.598511,7.2411375,10.541935,5.365133,25.353214,23.279188,11.148612,15.73802,20.446827
2042,21.542036,30.450945,22.346191,4.7587223,11.5711975,5.27321,19.009373,15.3006115,10.315861,7.3962216,26.455622,12.58014,13.2554245,26.248081,11.37851,20.420168,32.093624,18.333233,20.77307,16.967642,8.932849,5.76525,28.577797,27.133755,29.638727,21.43334,5.4232635,12.656306,9.797883,28.985596,26.900484,24.765512,16.364597,11.451611,20.461393
2043,26.780218,28.56291,27.99253,17.056688,28.420828,6.8087363,20.911028,10.776485,7.51281,2.740557,12.37837,13.00981,10.440068,20.34737,10.98583,21.464924,29.098505,23.182344,21.600254,21.280506,16.190126,14.754312,28.13516,27.457521,19.920507,15.4194565,5.257098,9.248187,13.261333,12.214628,27.353994,25.235909,14.806017,14.925055,21.53276
2044,21.148487,30.50866,22.883736,6.1256065,25.259262,6.6913137,20.136213,12.068808,11.236877,5.3768206,19.26455,12.821583,11.698557,22.270254,13.180828,24.283113,31.65855,17.56836,20.931513,19.597689,12.724225,10.631827,28.708181,23.897085,26.380735,16.00475,7.5028534,10.255252,14.159045,18.202904,27.216576,24.805897,14.772945,10.828768,19.91337
2045,21.833252,30.555195,22.91666,5.866132,17.672195,5.94093,19.392857,13.758541,11.063709,6.426019,23.861917,12.414668,12.717178,24.563732,12.125339,22.369436,31.87667,18.131498,20.307173,18.296833,10.101924,7.5455117,28.791168,25.809649,28.32313,19.12599,5.9546328,11.3190155,10.902078,24.097275,27.10851,24.824547,15.236164,11.319971,20.19272
2046,28.52806,27.535824,29.303577,20.839417,29.865744,8.350594,20.9357,9.985151,8.508365,2.1894732,9.074676,13.4667,9.481032,18.807186,11.723358,22.18577,27.408823,24.386692,21.222855,21.21149,17.702778,16.271372,27.402088,27.332075,17.106203,13.921078,6.577796,8.6564865,13.761391,9.269154,26.938046,24.834225,14.319664,15.480353,21.498251
2047,30.27034,26.985521,29.960346,23.002377,28.215183,11.9454775,19.77657,9.51951,14.179166,3.3912518,10.638827,13.897409,9.245574,17.932545,14.419443,25.001448,24.857061,24.147928,16.55122,20.469273,14.810009,12.90274,26.923946,25.883097,17.025898,12.666586,9.264862,8.053836,9.976176,8.184983,26.236738,24.224451,10.9638605,15.323685,20.843979
2048,21.59637,30.716902,23.146832,6.225312,24.864433,6.982666,19.986061,12.1730995,11.747451,5.3729043,20.036058,12.743409,11.8990965,22.704195,13.137272,24.403736,31.978806,17.684168,20.571907,19.42474,12.102491,9.982253,28.904692,24.26313,27.157059,16.396423,7.4742956,10.322759,13.2862215,18.858288,27.35879,24.913858,14.520257,10.987915,19.93953
2049,33.027332,24.925287,31.702133,29.238062,30.913418,15.529877,19.547323,7.9838157,17.73281,2.7661045,5.173284,14.16755,7.372977,15.627435,16.146997,26.857216,22.22052,25.757261,15.5045805,19.607775,16.839685,15.675764,25.337065,25.396507,13.248478,10.418406,12.847467,6.868183,9.391062,4.684835,25.155743,22.967525,10.16324,15.364961,20.167324
2050,24.89869,25.538782,23.901299,13.411156,24.223755,29.508923,16.513899,9.168629,34.586266,20.311111,9.3647585,23.572119,7.3055363,17.74636,29.832197,35.348137,15.0878315,17.304792,8.533287,17.877176,7.0316377,6.3291316,23.734343,14.39674,17.513977,10.863502,31.492569,14.215708,12.804521,5.314874,21.574566,22.372896,8.611687,9.680765,19.913723
2051,31.439022,25.881063,30.251007,25.063168,29.75062,18.39888,18.939203,8.469245,21.804876,6.3132854,8.611971,16.111706,7.8469114,16.087578,19.205317,28.946888,21.53625,23.482077,12.971929,19.407156,13.802986,12.214828,25.588308,22.717527,15.269942,10.385276,16.677748,7.946215,8.706631,5.3410964,24.967981,23.044933,8.3986025,13.832675,19.97478
2052,22.233818,30.533443,22.997261,6.0846825,17.300812,7.0656624,19.085289,13.692968,12.714135,6.91502,24.06242,12.654413,12.64131,24.56687,12.978171,23.321709,31.511827,17.975258,19.517498,17.941566,9.5171585,6.9384484,28.736954,25.44729,28.68175,18.963575,7.037834,11.444371,10.344871,24.170927,26.994337,24.719633,14.722712,11.253613,20.038681
2053,21.188526,30.518972,23.679058,6.9371705,26.024876,3.9623673,21.050848,12.464924,6.2102904,4.110083,18.30885,12.5218,11.978685,22.871658,10.32067,20.81402,32.78348,19.119007,23.584618,20.581972,14.408814,12.547013,28.952467,26.132982,25.362398,17.429138,4.45601,10.337683,15.132666,18.516813,27.669981,25.37641,16.792727,11.65854,20.86939
2054,28.588715,27.70292,29.23365,20.286402,28.248232,7.9836144,20.587635,10.296316,8.312854,2.5337598,10.815909,13.190593,9.932625,19.601032,11.235413,21.513266,27.616655,24.361292,20.550537,21.04517,16.28652,14.871136,27.620132,27.819036,18.255936,14.879671,5.7461567,8.983295,12.133192,10.684341,26.999891,24.98022,13.986235,15.822126,21.590837
2055,18.97578,30.711588,22.125381,6.1897087,32.65721,4.964827,22.731266,10.974585,7.966933,3.3432567,12.290039,13.701895,9.902336,18.752293,14.110893,25.788013,31.034283,17.2632,24.281822,22.418304,19.088724,16.484808,28.661406,20.940737,21.3323,11.612479,7.8712263,8.871718,21.806812,11.48173,27.92105,25.003633,15.693783,10.149566,20.15371
2056,20.300488,30.335487,22.928078,6.350164,30.344698,4.9704924,21.14099,11.322435,7.477746,3.4219549,15.269165,12.594144,11.106252,21.258821,11.498488,22.90836,32.52607,17.967072,23.676628,20.679598,15.815032,14.164337,28.565632,24.172514,24.723555,15.066779,6.1528378,9.623658,17.292835,15.252734,27.413889,24.923847,16.283264,10.839785,20.099558
2057,28.942125,27.51216,29.53577,21.181238,28.891829,8.404458,20.723175,10.0960655,8.645072,2.429765,9.904815,13.422217,9.668163,19.059616,11.627574,21.92599,27.154612,24.60521,20.517946,21.151176,16.895258,15.391434,27.470142,27.623547,17.366909,14.280456,6.2440453,8.786301,12.616938,9.68524,26.947128,24.910864,13.861181,15.856093,21.60439
2058,32.036793,25.347258,31.228546,27.689781,30.289732,13.237768,19.90859,8.466282,14.583072,2.2138712,5.61777,13.906195,7.821673,16.151201,14.647701,25.216394,23.177801,25.719719,17.051151,20.099356,17.366022,15.933548,25.724558,26.12391,13.574089,11.120993,10.587237,7.2778726,10.771948,5.3195567,25.543316,23.444176,11.254408,15.829474,20.600187
2059,26.064142,26.975018,24.480927,13.129914,24.340477,26.16866,16.410316,9.325855,33.161766,15.25711,12.8271675,20.273138,8.182593,18.273752,27.066551,34.993034,19.705566,17.108212,8.846969,16.61336,6.988478,5.3212404,25.163317,16.11399,21.641098,10.660648,27.684818,12.490692,9.719115,8.904868,23.368649,22.509958,7.018496,10.162582,18.82547
2060,20.925884,30.311424,22.084286,4.285692,9.351653,3.3119361,19.174835,15.956766,7.5224724,7.0199885,27.51825,12.078,13.578889,26.859524,9.598853,17.895754,32.664227,18.695175,21.970037,17.047596,9.122641,5.9143634,28.483534,28.181839,29.26292,22.72444,3.427477,12.682447,9.864781,30.690454,26.849142,24.757505,17.515543,11.5037365,20.663973
2061,30.52002,26.954977,30.159565,23.31606,27.944727,11.93807,19.74495,9.570669,13.98865,3.2673898,10.405923,13.861746,9.2500305,18.18487,14.15743,24.726395,24.956356,24.453793,16.751211,20.382269,14.819629,12.978709,26.944399,26.275702,17.131094,12.9903965,9.11056,8.200654,9.853162,8.466957,26.264868,24.298515,11.21509,15.563692,20.953999
2062,20.056767,29.510069,22.91763,12.9367485,34.31495,11.124487,25.072405,9.523628,16.25398,11.333471,8.846952,18.383776,6.997129,12.945172,24.100405,32.51799,20.67099,17.636047,19.128235,26.661753,21.79976,19.16609,27.630634,12.462942,8.487679,5.468555,16.753683,6.9549413,23.738735,1.9480357,27.26995,24.225822,11.203965,8.056062,20.739372
2063,34.508533,24.77126,32.6409,31.080185,32.784985,19.775055,19.389446,7.5031576,22.632597,4.3138323,3.996532,15.640279,6.767988,15.060262,19.144545,29.774845,20.920807,26.053913,13.665591,19.299566,16.46947,15.622324,25.115509,24.362156,12.984369,9.486904,17.419733,7.0985627,8.366164,3.3287082,24.946388,22.82038,8.844067,14.962511,20.137817
2064,21.665464,30.490068,22.451706,4.958421,12.635177,5.649877,19.017305,15.007496,10.863183,7.3273497,26.05339,12.60519,13.152311,25.94742,11.731447,21.059101,31.996555,18.229177,20.518116,17.128506,9.018174,5.9409647,28.616688,26.788822,29.524183,20.960287,5.7727137,12.4366045,9.914326,28.124443,26.921738,24.756527,16.046776,11.385809,20.369823
2065,21.294207,30.455297,23.17691,6.491985,25.064054,5.6329613,20.264246,12.206638,9.525865,4.790188,19.256832,12.470568,11.8717785,22.634356,11.941263,22.957346,32.060432,18.112043,21.590954,19.77474,12.885462,10.912017,28.762875,24.811396,26.312935,16.699306,6.072362,10.225691,13.90864,18.6539,27.308294,24.935966,15.310171,11.199685,20.150955
2066,22.323124,29.970049,24.58746,9.4909525,29.09608,5.029318,21.131958,11.45742,7.0013056,3.2330458,15.2261305,12.468369,11.178816,21.552616,10.8779745,21.994665,31.944828,19.755327,23.385859,20.964632,15.70984,14.325397,28.6381,25.742537,23.675446,15.967781,5.211671,9.577635,15.66786,15.384782,27.518692,25.150341,16.274937,12.10653,20.692217
2067,21.40895,30.446617,22.362122,4.6592054,10.72788,4.475817,19.128635,15.60836,9.116327,7.269669,26.835669,12.428862,13.426571,26.605717,10.635844,19.385584,32.384842,18.614038,21.34606,17.051525,9.032273,5.8768053,28.61193,27.714424,29.566149,22.0834,4.5681067,12.777356,9.81448,29.76276,26.951084,24.851042,16.913803,11.582635,20.652258
2068,22.823338,24.659412,22.595055,11.669098,19.543642,30.733217,16.432508,10.1471615,34.54969,23.36153,7.651503,25.897663,7.413775,18.462849,31.370472,35.391216,11.453351,17.710407,8.321742,18.8856,6.217056,5.1669197,22.954493,14.425652,15.789497,11.922281,32.366886,16.977346,16.31573,4.0585103,20.193222,23.066217,10.869312,10.759216,21.54067
2069,22.32723,30.559217,23.286896,6.5880165,20.65115,7.5416427,19.337149,12.900143,13.047407,6.454177,22.365606,12.7249565,12.295879,23.689419,13.40607,24.219828,31.415333,17.92774,19.426311,18.605804,10.277656,8.019888,28.815432,24.770947,27.968266,17.757677,7.562933,10.904731,11.090308,21.580227,27.107609,24.772852,14.224279,11.199493,19.965057
2070,21.288988,30.789593,23.530495,6.8482428,28.39564,5.7036977,20.920052,11.748661,9.176718,4.251902,17.396038,12.736276,11.606224,22.042524,12.229134,23.71915,32.447815,18.303072,22.505583,20.66027,14.390031,12.622076,29.08367,24.591059,25.66275,15.823985,6.424719,9.928291,15.682785,16.563393,27.708353,25.275007,15.678474,11.22548,20.378738
2071,23.269346,29.649803,25.177036,11.021163,28.49607,5.811118,20.866219,11.262598,8.074173,3.3216462,15.074963,12.550063,11.017592,21.137941,11.419138,22.513916,30.981905,20.196262,22.23794,20.935408,15.2861395,13.809156,28.494333,25.666334,22.998615,15.573615,5.565282,9.385839,14.738898,14.594683,27.368534,25.05369,15.416855,12.595587,20.684444
2072,24.923817,29.33037,26.570835,13.773229,28.795357,6.1569414,21.00854,11.068321,7.7178106,2.9026113,13.934611,12.689618,10.8239565,20.894016,11.127012,22.087706,30.40228,21.636225,22.110369,21.250992,15.792955,14.371729,28.494268,26.64069,21.762877,15.601108,5.250499,9.25751,14.10846,13.564966,27.51187,25.255974,15.225922,13.679096,21.13934
2073,26.434175,28.762165,27.77277,16.348526,28.557024,6.5760756,20.963556,10.894295,7.3092957,2.7440395,12.707236,12.9103,10.566973,20.688143,10.778087,21.353512,29.634752,22.965912,22.035587,21.247673,16.17901,14.870888,28.247337,27.538027,20.464321,15.763391,5.1465063,9.309267,13.440313,12.832872,27.41989,25.275,15.192323,14.644236,21.508837
2074,20.760078,30.45031,23.194576,6.528652,28.299637,4.960426,20.88623,11.729702,7.844952,3.8588233,17.005617,12.4804945,11.510045,21.96369,11.341079,22.550186,32.546127,18.226164,23.07915,20.489506,14.712603,12.997264,28.735409,24.723473,25.275482,15.97268,5.758029,9.800345,15.941314,16.678043,27.445484,25.030428,16.115623,11.018965,20.239443
2075,31.956366,26.162783,31.01157,26.061476,29.009537,14.800331,19.484003,8.923904,17.3564,3.3349793,8.331784,14.435868,8.394265,16.99444,15.978861,26.668444,23.459238,24.963898,15.400104,19.90659,15.188895,13.377852,26.240108,25.607498,15.722854,11.605688,11.99813,7.670154,9.403184,6.5868936,25.705997,23.718266,10.259304,15.383227,20.572996
2076,20.843887,30.383957,23.24797,6.643197,27.73905,4.866324,20.81506,11.808666,7.7483177,3.9891503,17.316675,12.46249,11.582249,22.04383,11.25422,22.323921,32.391987,18.319115,22.901262,20.471478,14.470427,12.733786,28.712475,24.824528,25.212473,16.147396,5.563143,9.855791,15.615309,16.887493,27.402418,25.02564,16.037212,11.123336,20.288797
2077,21.33118,30.239202,22.513649,5.1030245,12.232434,3.8099723,19.241354,15.16786,7.9847755,6.633954,26.133783,12.023425,13.3136215,26.113115,9.9384365,18.807522,32.3848,18.735712,21.535212,17.554651,9.462858,6.6140766,28.521294,27.661388,28.723833,21.721245,3.6824381,12.183321,9.957899,28.40173,26.892723,24.761652,16.823956,11.611017,20.57137
2078,19.968233,30.471823,22.854874,6.6312923,31.346186,4.579745,21.9081,11.2804985,6.867577,3.103749,13.853514,12.920123,10.653762,20.483677,11.984241,23.433817,32.26679,18.067017,24.480806,21.445484,17.415771,15.539096,28.648233,23.476717,23.349112,14.112886,6.346982,9.370538,19.101295,14.083896,27.706322,25.03709,16.510702,10.76735,20.280056
2079,19.471678,29.689344,22.824154,9.0616255,33.918915,4.7465377,23.318283,10.378462,6.4616466,2.4255273,8.561484,14.032998,8.860471,16.74421,14.138644,25.397116,29.13218,18.331554,24.822392,23.298124,21.573584,18.816336,27.930092,20.314932,17.188997,9.895535,7.7252502,8.098991,23.77992,7.8545613,27.595669,24.685184,15.712587,10.635542,20.333895
2080,24.351034,26.646996,22.737118,10.177062,20.25922,25.44489,15.381285,9.967369,32.885338,15.207882,13.945285,19.677088,8.460034,19.034208,26.548704,34.389095,19.70289,15.913996,8.690497,15.384366,5.5479813,3.5165296,24.689245,15.753993,23.39056,11.4463825,26.913649,13.406078,9.694398,11.232526,22.69376,22.104,7.4112573,10.012501,18.332558
2081,34.321884,24.68666,32.53459,30.996891,32.840607,19.943272,19.437819,7.4943557,22.625986,4.854299,3.7640638,15.925629,6.7001667,14.996256,19.375154,29.725872,20.555328,25.997707,13.705619,19.46658,16.505625,15.761645,25.015543,24.100555,12.57321,9.504866,17.715307,7.226366,8.683804,3.0437403,24.82764,22.795826,8.9853525,14.851573,20.210732
2082,19.883326,30.60693,22.848232,6.4005127,31.853024,4.5835404,21.943659,11.232782,6.8509874,2.9824848,13.876634,12.917326,10.718197,20.503975,11.938437,23.506353,32.48587,17.989841,24.530766,21.51715,17.432716,15.530364,28.745413,23.493853,23.56924,14.058788,6.326092,9.324223,19.221937,13.898421,27.784485,25.11402,16.499355,10.729384,20.283737
2083,30.354408,27.392925,29.467766,21.199257,26.91412,17.644823,18.80662,9.705759,21.649963,7.054797,12.317456,16.63097,9.191948,17.862696,19.282328,29.022415,23.024921,22.680294,12.777066,19.433208,11.821591,9.251191,26.801085,23.108198,18.629856,11.707687,15.944691,9.501689,8.716479,7.963142,25.785675,24.13757,8.370587,14.241985,20.649086
2084,22.833168,30.406565,23.1972,6.668668,19.476303,9.867843,18.68921,12.885294,16.323034,7.5228677,22.693985,13.279273,12.098898,23.75815,15.09375,25.842453,30.64102,17.53617,17.93297,17.729446,9.065333,6.7381916,28.564037,23.970324,28.721214,17.553526,9.982463,11.325227,9.993074,22.086847,26.767597,24.45977,13.317705,10.902902,19.623375
2085,21.364143,30.416883,22.400658,4.7339025,11.043869,4.21168,19.1576,15.523808,8.711087,7.0371804,26.787632,12.271235,13.432287,26.521091,10.333966,19.124474,32.48309,18.641243,21.457207,17.196474,9.129092,6.044209,28.596708,27.755272,29.36641,22.062,4.2176347,12.559274,9.860356,29.487074,26.936817,24.819534,16.946053,11.553101,20.612793
2086,22.150202,29.669506,23.769413,8.968511,26.515926,7.4592633,20.199358,11.240652,11.893971,5.719512,17.863514,13.175153,11.099879,20.448275,14.147013,24.851986,29.222706,18.20363,19.224066,20.470324,13.11515,11.100175,28.225847,22.723831,23.139881,14.325939,7.946908,9.327389,13.536031,14.630147,26.832542,24.500813,13.093434,11.1347885,19.93808
2087,19.659697,29.625353,22.90049,11.034216,34.925304,6.7008677,24.348284,9.95508,9.987377,3.815462,6.789483,15.207366,7.7097178,14.48687,17.929651,29.19203,26.337301,18.179848,23.587162,24.650074,23.368952,20.219189,27.788744,17.102934,13.404006,7.036668,10.828113,7.150714,25.6356,4.729292,27.659191,24.441114,14.283053,9.673162,20.277851
