Epoch,TrainLoss,ValLoss,ValSpearman,LR
1,0.7234036816364645,0.9561151751551453,0.009850092527094578,0.0004969282409784868
