Epoch,Train Loss,Val Loss,Val Spearman,Learning Rate
1,12920.864201589293,1.3526123722156365,0.0003223865755056776,0.01
