Epoch,TrainLoss,ValLoss,ValSpearman,LR
1,27147.622047651,41177.163171725646,0.41253453588991357,0.0004969282409784868
