Epoch,TrainLoss,ValLoss,ValSpearman,LR
1,63328.59481478777,27690.58114294825,0.5252717413496011,0.0001
