Epoch,Train Loss,Val Loss,Val Spearman,Learning Rate
1,0.8900582992596833,0.8893816276938615,-0.011680467182249184,0.01
2,0.8900582992596833,0.8893816276938615,-0.011680489715651839,0.01
3,0.8900582992596833,0.8893816276938615,-0.011680489715651839,0.01
