fold,val_mse
0,43.294003
1,27.953989
2,45.85744
3,51.745636
4,41.337475
5,30.053782
