Epoch,TrainLoss,ValLoss,ValSpearman,LR
1,14.579986464855029,11.75400457302344,0.6996643346629089,0.0004995076687428538
2,7.245961666734698,14.200517633823951,0.6093572730987504,0.0004980326179779622
