ID,C1,C2,C3,C4,C5,C6,C7,C8,C9,C10,C11,C12,C13,C14,C15,C16,C17,C18,C19,C20,C21,C22,C23,C24,C25,C26,C27,C28,C29,C30,C31,C32,C33,C34,C35
0,21.585848,30.130318,22.104088,6.146471,16.138456,9.145451,17.92267,13.807514,15.450781,7.883189,23.033087,12.704842,12.504588,24.570911,14.002547,24.434736,29.525423,16.60252,17.753653,17.045805,8.53359,5.4294243,27.994308,24.37334,29.241602,19.104467,9.39601,12.270206,9.635523,24.75127,26.175568,23.889214,14.053943,11.267125,19.007462
1,21.811888,31.656757,23.008379,5.541525,16.66207,6.248572,19.226572,14.780952,11.863761,6.878,24.743652,12.477196,13.746892,26.61223,11.80773,22.481127,32.6903,17.961294,20.658747,18.143152,9.60357,6.5127544,29.56881,27.53147,30.205093,21.727839,6.516479,12.645115,10.214358,27.904173,27.667553,25.42539,16.306383,12.158588,20.455582
2,31.527197,26.958248,30.882183,26.401224,30.548338,14.029878,20.067453,8.657547,15.336481,2.591741,8.567618,13.976062,8.183844,16.840033,15.02258,26.217834,26.25528,24.532248,17.83093,20.695705,16.717865,15.849057,26.419872,24.887762,14.730154,11.202638,11.387724,7.3460298,12.412069,6.728242,26.152822,23.85515,11.200289,14.347513,20.473185
3,29.648363,27.39781,29.529472,22.780382,29.07439,11.5855255,19.964506,9.325024,12.980904,2.5647671,10.101247,13.518929,8.981,17.826288,13.610315,24.663496,27.369705,23.57403,18.75466,20.726616,16.04743,15.050223,26.787884,25.280878,16.334927,12.538419,9.372139,7.8362904,12.459122,8.627332,26.249895,24.10876,12.111293,14.271083,20.55517
4,18.575956,31.638056,22.048237,4.3129387,29.974836,4.180373,22.442163,12.637037,7.4571433,5.3119936,17.37213,12.573816,12.047871,21.480293,12.358259,23.957579,32.61715,17.420942,22.608843,21.506336,15.519433,12.1901245,29.550455,24.095625,24.558466,15.352577,6.180241,10.583361,19.320461,17.829762,28.4396,25.58742,16.10325,10.005493,20.820269
5,30.088205,27.452784,29.845684,24.315294,31.053709,13.448902,20.664845,8.911108,15.168734,4.4953337,9.369012,14.431502,8.437497,16.331034,15.962021,26.781235,25.347906,23.537432,17.639296,21.34053,17.030313,15.636482,26.699505,23.436382,14.4641075,10.684285,12.012566,7.3138666,13.178021,6.437932,26.497292,23.982801,10.826385,13.595902,20.533356
6,22.527025,30.058231,23.961052,9.20232,26.386002,8.87182,19.856169,11.811258,12.996044,6.6481495,17.39113,12.945691,11.669576,21.650585,13.599383,24.789072,30.019547,18.261742,18.933153,19.8186,12.100999,10.179284,28.347153,23.972342,24.933662,15.670355,8.990304,10.39011,13.678193,16.697796,26.884901,24.613491,13.480928,11.044819,19.981707
7,21.78113,31.643188,23.124191,5.640685,18.90628,6.466656,19.467405,14.306007,11.851745,7.0597315,23.904205,12.446636,13.641765,26.021667,11.913624,22.76151,32.692455,17.945074,20.479708,18.498684,9.952083,7.0169477,29.643661,27.202883,29.808458,20.855251,6.7116814,12.328381,10.8705225,26.310589,27.769125,25.480223,15.792872,11.953525,20.484186
8,23.593252,29.496988,24.532932,10.681272,24.613571,9.403055,19.235624,11.693128,13.467812,6.514074,17.414543,12.989937,11.511852,21.671268,13.479347,24.311733,29.274622,18.834236,18.31515,19.29607,11.511542,9.691286,28.021748,24.36114,24.482561,15.886021,9.032721,10.3882065,12.1317425,16.764343,26.533014,24.44147,13.019473,11.789316,19.92948
9,21.09011,30.805542,22.703484,5.977497,23.338999,7.3158526,19.638998,12.907232,12.25273,7.339005,20.73461,12.530466,12.676139,23.560085,12.773125,23.778101,31.349218,17.246645,19.605072,19.158813,10.836738,8.438288,28.863647,24.80461,27.506392,17.895079,7.899791,11.188248,12.7745075,21.24858,27.169155,24.79547,14.377833,10.861187,19.903475
10,21.492327,30.783909,22.491734,5.7150307,17.012522,7.3026,18.650068,14.132967,13.016543,7.2012672,23.57575,12.436017,13.129556,25.42472,12.519125,23.065123,31.206753,17.320244,19.352015,17.692556,9.262506,6.215083,28.74174,26.050756,29.43323,20.248344,7.521603,12.333399,10.19054,25.932636,26.89357,24.664171,15.164985,11.722355,19.772293
11,25.077295,27.698948,25.963188,19.335432,32.935715,14.729484,22.365976,8.530181,17.734293,12.583774,9.041032,17.286358,7.2746806,13.251781,22.048637,30.658201,19.54947,19.962011,16.696077,23.710665,18.532778,16.05639,26.092403,16.002256,9.394694,7.59253,17.788853,6.6654854,18.00224,2.8402438,26.158777,23.434113,9.831351,10.070824,20.266417
12,21.645416,31.207375,22.818443,5.682081,17.274357,6.5747185,19.05132,14.359584,12.068842,7.054815,23.973124,12.469124,13.446498,25.90953,12.020787,22.583323,31.982544,17.760427,20.139315,18.079357,9.616278,6.58231,29.204811,26.886194,29.503496,20.898764,6.8278165,12.404637,10.403034,26.597885,27.333744,25.126947,15.725562,12.005746,20.21969
13,21.389898,30.504108,23.056082,6.8233843,24.115456,7.096474,19.71397,12.595263,11.536462,6.7764525,19.789495,12.436973,12.462418,23.118042,12.357492,23.345747,31.266388,17.682722,19.777029,19.355215,11.314461,9.100053,28.692852,24.965101,26.588753,17.554564,7.4753184,10.895472,12.976488,20.19948,27.061817,24.770897,14.397011,11.051817,19.995775
14,21.092278,30.603775,22.585129,6.2367706,23.653292,8.069548,19.536848,12.685444,13.199435,7.670083,20.236094,12.703821,12.360953,22.992022,13.52178,24.54671,30.64352,16.96773,19.039734,19.130949,10.842021,8.439838,28.605648,23.94628,27.14474,17.160372,8.765218,11.031519,12.954357,20.292953,26.95893,24.522205,13.895163,10.563511,19.639002
15,19.242134,30.161123,23.273117,12.092789,34.97076,7.843142,26.14135,10.648075,9.653746,6.4575267,6.9966226,16.97984,7.4077024,13.308657,20.562565,31.057297,23.990768,19.374838,22.95999,26.530539,24.457014,19.584122,27.809896,16.591715,9.997271,6.800359,12.610052,8.228708,28.660995,4.004137,28.274914,25.096682,15.510173,9.50518,21.788618
16,21.6589,30.354391,22.557564,6.3085413,17.92213,7.9330235,18.48121,13.686087,13.4788265,7.1402955,22.554596,12.441966,12.784564,24.680601,12.803112,23.368425,30.576052,17.273363,18.75273,17.61767,9.344576,6.3965054,28.382923,25.48989,28.827875,19.33021,7.982702,12.069893,10.308953,24.39917,26.590057,24.37461,14.571754,11.598147,19.543066
17,22.946692,32.06554,24.061525,6.8615923,18.55455,6.8220267,19.694422,14.543454,12.20532,6.824836,24.125948,12.786385,13.759783,26.46019,12.159382,23.132006,33.078167,18.768373,20.808466,18.792263,10.209417,7.2467766,30.136875,27.985065,29.976648,21.305006,6.814593,12.5392885,10.569159,26.630814,28.251074,25.969133,16.051167,12.637505,20.946436
18,21.56537,31.606417,22.824223,5.2846417,16.802696,6.084847,19.216204,14.732286,11.709992,6.920026,24.739687,12.375277,13.740048,26.534752,11.709185,22.375706,32.67849,17.796343,20.649635,18.134777,9.575573,6.5177107,29.501526,27.378191,30.167896,21.668371,6.4268494,12.55298,10.271994,27.872372,27.603611,25.343763,16.269707,11.99995,20.370562
19,21.830307,31.661316,22.912426,5.4752584,15.749826,6.4468355,19.080385,14.9385395,12.308613,7.0220184,25.10599,12.546392,13.739285,26.775997,12.057882,22.684668,32.497738,17.854368,20.512426,17.97166,9.367603,6.1859145,29.523174,27.418808,30.44425,21.912807,6.7509875,12.792338,9.928043,28.40274,27.603603,25.356394,16.32438,12.185959,20.37385
20,21.934385,30.438017,23.137821,7.0033245,19.659134,6.8292365,19.072805,13.389929,11.617121,6.591262,21.639845,12.4418335,12.806996,24.38415,11.961557,22.496567,31.17333,18.028532,19.781591,18.481825,10.348265,7.7363987,28.675213,26.119062,27.512087,19.275826,6.8901973,11.610651,11.071223,23.256718,26.932827,24.799034,14.950045,11.954587,20.068048
21,21.397182,31.590553,22.905409,5.2745996,19.110287,5.8847165,19.543661,14.280071,11.109288,6.936248,23.891798,12.274178,13.691428,25.981508,11.477402,22.266516,32.866623,17.8384,20.740448,18.561058,10.054027,7.1817236,29.584164,27.24,29.596498,20.943195,6.240606,12.17247,11.043797,26.41333,27.722805,25.436394,15.953507,11.795863,20.464712
22,21.171694,31.070436,22.473309,5.2408137,18.358326,6.687631,19.0757,14.088391,12.173225,7.204809,23.43394,12.390129,13.302133,25.430483,12.178022,22.831236,31.784103,17.357424,19.904898,18.1478,9.700376,6.731187,29.031921,26.261707,29.330538,20.24899,7.070312,12.207397,10.9117565,25.674273,27.188103,24.930176,15.409755,11.599876,20.00979
23,22.336363,29.373981,22.234375,7.413569,16.370739,12.599552,17.098576,13.209978,19.289959,8.955008,21.461428,13.530093,11.67539,23.541092,16.295616,26.639488,27.469679,16.179552,15.579037,16.334415,7.5890284,4.6391344,27.213049,22.655024,29.094143,17.51737,12.605635,12.547419,9.277702,22.278702,25.35591,23.217327,12.677122,10.856396,18.38243
24,20.472078,30.88874,22.677029,6.075453,26.228163,6.402946,20.61928,12.489289,10.665186,6.7020617,18.993986,12.592583,12.192567,22.352982,12.777449,23.948082,31.459177,17.418623,20.559824,20.199963,12.677075,10.19191,28.956505,24.167078,25.65751,16.577295,7.5160327,10.601287,15.1090355,19.065788,27.502087,24.960249,14.688192,10.514996,20.151224
25,21.53312,30.061077,22.4431,6.6974277,20.555882,9.174273,18.600586,12.914284,14.801792,7.808334,20.91253,12.765797,12.199042,23.260231,14.034797,24.765074,29.576698,16.766111,17.897608,18.032307,9.695591,7.0441866,28.042435,23.716566,27.721651,17.46068,9.528093,11.44211,11.296374,21.39093,26.345829,23.995602,13.475203,10.809893,19.163794
26,21.727983,31.604692,23.00581,5.5209856,17.337023,6.1648164,19.294874,14.639381,11.627162,6.8216763,24.429039,12.423359,13.719474,26.428623,11.682937,22.383373,32.734238,17.960243,20.68212,18.230072,9.74042,6.7109356,29.543282,27.493341,30.017826,21.5118,6.4232535,12.529333,10.439019,27.450924,27.657873,25.417006,16.240824,12.085233,20.461237
27,22.829565,29.155975,24.293589,12.977179,30.669363,11.792003,21.456572,10.234581,15.553334,9.013095,12.645438,15.169071,9.276755,16.91246,18.422632,28.785793,24.938652,18.411556,17.762049,21.903416,15.762557,13.186473,27.298773,19.003706,17.632744,10.475125,13.709079,8.643139,17.518435,8.92284,26.668095,23.926794,11.607283,9.935497,19.8885
28,23.765947,30.210693,24.874575,10.228184,22.97504,7.458789,19.635818,12.4597435,11.30249,5.9244943,19.014875,12.836711,12.217248,23.079647,12.116639,22.836794,30.859066,19.550686,19.968721,19.634666,11.750026,9.773947,28.810637,26.2613,25.126318,17.887533,7.0932527,10.75881,11.749346,19.422718,27.230568,25.189669,14.393546,12.668577,20.634855
29,25.434717,28.220098,25.579605,14.771479,26.149237,13.049945,18.9427,10.537045,16.982422,7.8228984,14.720891,14.026014,10.150596,19.163425,16.148643,26.481619,25.676289,19.369385,15.771742,19.028715,12.057977,10.057963,26.880705,22.276598,21.415854,12.9397745,12.585129,9.699619,11.689495,12.310603,25.813366,23.602358,10.768256,11.721691,19.45707
30,21.453398,30.414934,22.19165,5.7325325,15.03599,7.6523952,18.103928,14.285225,13.676934,7.190763,23.940393,12.387106,12.977429,25.521399,12.718224,23.072958,30.572124,17.057817,18.839977,17.08505,8.657321,5.497882,28.320917,25.747759,29.654488,20.454908,7.804949,12.520401,9.376359,26.639088,26.458393,24.27354,15.078259,11.740598,19.421362
31,21.096386,31.497284,22.75548,5.2026653,19.081974,5.5183873,19.729345,14.20216,10.567269,6.9776716,23.44449,12.548282,13.51727,25.597162,11.601566,22.174616,32.613125,17.819933,21.146873,18.942383,10.476098,7.6832685,29.499447,26.850164,28.566534,20.697252,6.2427897,12.016909,11.744427,25.842373,27.67767,25.437908,16.083807,11.752262,20.545715
32,22.187067,32.21475,23.496204,5.6931467,17.83545,6.1433325,19.678747,14.879079,11.673952,6.8587174,24.922361,12.555294,14.0167,26.951944,11.729974,22.666382,33.49556,18.34511,21.127394,18.588234,9.951236,6.8975496,30.13878,28.125319,30.61137,21.96205,6.3627377,12.69613,10.54147,28.007793,28.22018,25.915087,16.529734,12.313219,20.85423
33,33.085476,25.78265,31.861362,30.458145,32.34601,17.964918,19.89963,7.604807,19.182364,3.7469983,6.085286,14.851015,6.8506813,15.020171,17.496353,28.336962,23.377232,25.094702,15.897283,20.186655,17.252075,16.507519,25.173428,23.300268,11.910161,9.1239805,15.262067,6.808958,12.411139,3.8338742,25.32633,22.960396,9.765297,13.774069,20.03796
34,22.294802,30.328243,24.65155,11.025707,31.385218,7.54789,22.051552,11.159818,10.369905,4.91844,13.566024,13.440432,10.51598,19.170292,14.207235,25.870813,29.99268,19.325863,21.087908,22.18428,16.47104,14.137662,28.605795,22.96938,20.675581,13.048003,8.511913,9.229849,18.382198,12.266725,27.750702,25.077019,14.349645,10.902838,20.72362
35,23.927233,31.406075,24.726425,8.779867,19.269144,7.7399974,19.459242,13.930299,12.754222,6.4886475,22.629,12.895983,13.213502,25.481495,12.467582,23.372116,32.080257,19.318205,20.079512,18.732079,10.496196,7.6670356,29.705353,27.676533,28.72936,20.216566,7.3227544,12.183485,10.248906,24.51004,27.939444,25.72104,15.246623,13.03985,20.845016
36,21.574358,31.741833,22.837814,5.187343,16.75311,6.1479325,19.279238,14.813207,11.863547,7.0485835,24.90993,12.451036,13.791015,26.642712,11.850677,22.546892,32.74356,17.788443,20.692846,18.193777,9.569911,6.47427,29.609686,27.389997,30.323626,21.741594,6.5396094,12.627569,10.337473,28.03674,27.699232,25.423979,16.315523,12.0071335,20.42478
37,21.671745,31.630037,22.961576,5.448515,17.493477,6.2349563,19.332678,14.595526,11.746628,7.001442,24.430431,12.469009,13.701792,26.346088,11.829385,22.527029,32.645817,17.897194,20.61939,18.299362,9.751398,6.713221,29.571167,27.341398,29.951307,21.371668,6.555052,12.499702,10.552887,27.289345,27.68097,25.426073,16.11619,12.037413,20.455664
38,21.167875,31.448242,22.761734,5.1339126,19.879347,5.835365,19.558401,14.05722,10.954436,6.9356403,23.463694,12.178223,13.602296,25.657095,11.411935,22.231764,32.76949,17.689348,20.640947,18.616863,10.159228,7.3600597,29.46532,26.97513,29.351795,20.552198,6.2123637,12.002775,11.314228,25.74374,27.622122,25.329546,15.761771,11.6130295,20.367647
39,21.486143,30.236942,22.38593,6.1697407,17.662493,7.867599,18.405447,13.661485,13.446089,7.2243843,22.552652,12.438004,12.720378,24.574347,12.83119,23.308851,30.37834,17.132399,18.689789,17.566053,9.288806,6.3370275,28.255753,25.272371,28.641218,19.271997,8.007863,12.015214,10.294428,24.372444,26.46686,24.255697,14.52098,11.5177,19.443441
40,21.037626,30.41185,23.505947,8.352429,29.62303,6.7856183,21.369322,11.583565,10.044123,5.584262,15.518072,12.968044,11.177529,20.387102,13.315794,24.71579,30.633461,18.310732,20.891188,21.339504,14.745341,12.516193,28.63102,23.316515,22.68899,14.369357,7.856502,9.784363,17.357944,14.736325,27.474483,24.960617,14.524751,10.541266,20.416883
41,20.431028,23.173388,21.143847,11.486729,16.788654,27.299902,16.374249,10.803436,30.012785,21.738352,6.6606154,24.121647,7.8062887,17.415348,28.454983,32.412426,9.024588,17.624807,8.444249,18.631977,7.4864607,4.994276,21.207073,15.135838,13.639679,11.377673,28.142199,17.209547,17.945553,3.3017588,18.978037,22.18912,12.092107,10.769651,21.066082
42,21.500086,30.788006,22.418636,5.6253214,15.912893,7.2726655,18.51006,14.354111,13.135304,7.2009907,24.00451,12.46557,13.180021,25.714252,12.534238,22.99105,31.147121,17.307476,19.37032,17.50394,9.04104,5.907609,28.70975,26.176086,29.673592,20.643513,7.497153,12.521687,9.8604355,26.67608,26.838135,24.639202,15.3633795,11.833849,19.755512
43,25.093094,28.877144,25.356396,13.181656,24.208687,11.414439,18.791342,11.299473,15.592514,6.9612255,16.769657,13.350059,10.959125,20.851585,14.650166,25.241972,27.582817,19.347761,16.770285,18.725836,11.334077,9.29084,27.541088,23.86291,23.650084,14.863072,10.695749,10.261059,10.845892,15.502121,26.242302,24.067068,11.747646,12.187796,19.681976
44,23.6655,28.871843,24.951618,13.899311,30.171745,10.68379,20.971594,10.139441,14.086964,7.540596,12.973272,14.228497,9.578062,17.438309,16.479725,27.075144,26.084528,19.095451,18.075886,21.462227,15.357133,13.23085,27.317148,20.577618,18.190504,11.356023,11.757469,8.404504,15.974105,9.764424,26.606232,23.950043,11.666766,10.619507,19.863077
45,21.397789,30.877346,22.663918,5.8011065,19.963104,7.288763,19.108171,13.620368,12.633169,7.2019057,22.44055,12.423925,13.021832,24.721401,12.521219,23.329428,31.47919,17.342497,19.480165,18.310368,9.930757,7.1322403,28.896027,25.716475,28.833895,19.287031,7.5805254,11.87569,11.256289,24.00774,27.105186,24.79589,14.814995,11.414047,19.877094
46,22.265457,29.426472,22.153229,7.192417,15.314486,12.020276,17.016901,13.449646,18.782463,8.669155,22.087942,13.329803,11.83067,23.925474,15.854429,26.154997,27.75161,16.22739,15.838885,16.187344,7.4656014,4.417156,27.27578,23.053644,29.402208,18.056211,11.989586,12.647392,8.898083,23.292557,25.400814,23.256063,12.958098,11.050791,18.402575
47,21.432772,31.028263,22.53141,5.4406157,16.263714,6.5119343,18.780998,14.471769,12.1697645,6.9892087,24.259527,12.340375,13.414067,26.023909,11.939861,22.414942,31.799854,17.51924,19.993233,17.74276,9.300194,6.2244616,28.968227,26.748816,29.698824,21.132689,6.786505,12.463856,9.989725,27.187393,27.092365,24.890257,15.79824,11.905132,19.997469
48,27.620804,28.169865,28.17458,19.352468,28.90372,9.867088,20.428406,9.932573,11.594816,3.1571577,11.183189,13.51013,9.537706,18.31374,13.405448,24.523092,28.1435,22.45238,19.704348,21.356297,16.068113,14.913713,27.27953,24.741695,17.360949,13.137899,8.54006,8.15549,13.799269,9.675505,26.56643,24.411512,12.996875,13.594009,20.684658
49,19.745848,30.868132,22.688019,6.5773787,29.987917,5.8382363,21.92378,11.907797,9.2061,5.724982,15.979061,12.968002,11.279424,20.39439,13.420802,24.838978,31.018253,17.71604,21.538425,21.58992,15.318467,12.583069,28.91668,22.932154,22.898052,14.26122,7.614796,9.973304,18.674932,15.418115,27.832407,25.112316,15.015062,10.07021,20.477577
50,20.118452,30.48989,23.241451,8.499919,31.808285,6.071358,22.624186,11.392557,8.782294,4.790973,13.367496,13.364393,10.383697,18.771646,14.157109,25.729145,30.088697,18.418106,21.949524,22.510181,17.318207,14.456562,28.575584,22.109442,20.270971,12.566075,7.9455323,9.392772,20.60847,12.417485,27.809444,25.027788,15.111896,10.141777,20.666515
51,21.224371,30.858171,22.625336,5.7322073,20.533932,6.976104,19.282309,13.493729,12.159058,7.2471123,22.137133,12.460499,12.976281,24.490564,12.422908,23.1738,31.476217,17.358648,19.705751,18.584503,10.213781,7.501588,28.908733,25.588476,28.313017,19.101843,7.4148397,11.693941,11.654306,23.513973,27.136463,24.836912,14.837559,11.350267,19.947279
52,31.17898,27.092741,30.781424,26.344524,31.395388,13.806042,20.547039,8.6645775,14.982159,2.507446,7.9814377,14.112722,8.070072,16.480877,15.293673,26.620083,26.180721,24.542025,18.244423,21.188696,17.565275,16.555534,26.456549,24.61064,14.173393,10.8233,11.391262,7.2724624,13.508052,6.1155834,26.289688,23.938036,11.538074,14.136923,20.620049
53,21.46439,30.997547,22.426395,5.3976345,15.140399,6.72963,18.58366,14.660083,12.633839,7.0697637,24.624325,12.413305,13.392608,26.211391,12.18088,22.592432,31.577,17.414206,19.833532,17.512491,9.022532,5.8483577,28.880215,26.65097,29.960135,21.364187,7.0220237,12.644344,9.642132,27.76296,26.986176,24.791773,15.857554,11.954207,19.895855
54,21.54426,30.665867,22.679886,6.028299,18.360031,7.0761685,18.84294,13.809921,12.385866,7.000416,22.80285,12.392419,13.043025,25.005009,12.2347555,22.802158,31.269516,17.536503,19.502367,18.000618,9.684914,6.7945924,28.737432,26.091204,28.76841,19.808077,7.2307353,12.05731,10.642102,24.82452,26.924932,24.729042,15.038957,11.748842,19.886772
55,22.788332,32.063763,24.17613,6.9384627,20.396986,6.2480483,20.065561,14.197826,11.154793,6.615509,23.317858,12.699916,13.7128,25.993896,11.720715,22.752375,33.390835,18.928793,21.233088,19.333946,10.786378,8.086253,30.225328,27.982468,29.185568,20.86088,6.3282256,12.116245,11.335684,25.429981,28.380154,26.098532,16.029934,12.528267,21.109877
56,21.450954,31.157196,22.625448,5.4271126,16.874619,6.429213,18.946135,14.425346,12.011545,7.022625,24.187113,12.351481,13.467751,26.004528,11.898794,22.439154,31.996647,17.592234,20.125729,17.92796,9.458575,6.416881,29.113503,26.832685,29.670992,21.06328,6.7235084,12.409335,10.220346,26.986834,27.238293,25.017147,15.795588,11.895039,20.103342
57,21.318571,31.497797,23.084387,5.5134926,21.48684,5.433181,19.874697,13.795754,10.125389,6.5316434,22.78776,12.057577,13.606513,25.395403,10.942793,21.899414,33.218987,18.002077,21.02461,19.017704,10.671344,8.099877,29.59948,27.234259,28.87588,20.300304,5.733006,11.675091,11.7572565,24.86418,27.800594,25.494478,15.816659,11.626799,20.555304
58,21.678488,32.13777,23.095707,5.125313,17.318386,5.5736766,19.603962,14.972352,11.157356,6.748347,25.226595,12.323112,14.067861,27.062283,11.344994,22.20997,33.618347,18.048853,21.31597,18.462597,9.809194,6.8116302,29.98907,28.031145,30.657072,22.258276,5.9657803,12.596463,10.447002,28.643234,28.071978,25.747297,16.752638,12.058485,20.695219
59,19.462837,31.184866,22.80241,6.0734086,30.799011,4.588819,22.390593,12.127151,7.41796,4.7971663,15.834219,12.705863,11.611445,20.76251,12.392502,23.99463,32.123295,18.135628,22.545702,21.87644,15.993052,13.10681,29.290169,24.048029,23.187754,14.700047,6.228573,10.185322,19.445087,15.839755,28.225096,25.555878,15.885132,10.389118,20.944069
60,18.247643,30.633312,22.990692,10.8026085,35.892784,6.3931518,26.860107,11.184032,7.5494366,4.2259626,6.1514845,16.693468,7.4985104,13.64823,19.623371,30.754244,25.702093,19.54253,24.612303,26.751055,25.780725,20.444895,28.119568,17.532516,10.69299,6.9902897,11.165335,8.840664,30.944359,4.6429367,28.689419,25.45366,17.25821,9.548513,22.161386
61,22.167238,30.231716,23.477732,7.988432,23.763563,8.373862,19.444656,12.3885975,12.959578,7.1452827,19.272541,12.839365,12.143212,22.723879,13.261013,24.15278,30.294243,17.920103,18.97283,19.265951,11.083995,8.939342,28.490265,24.493715,26.112558,16.988916,8.549379,10.885561,12.583187,19.202538,26.853743,24.646076,13.77258,11.246778,19.927034
62,21.596899,31.686588,22.87862,5.28158,16.864056,5.9955816,19.277277,14.7712555,11.60153,6.881813,24.810549,12.371132,13.791308,26.61845,11.642345,22.333698,32.823997,17.854612,20.761847,18.190681,9.618205,6.568364,29.58091,27.500227,30.229753,21.766073,6.337872,12.564198,10.296938,27.988861,27.679195,25.414862,16.349924,12.027243,20.430983
63,20.050703,30.360899,23.266602,10.034115,33.1545,7.6253867,23.7525,10.933197,10.364333,6.3261414,11.276654,14.926098,9.231355,16.634293,17.241169,28.327028,27.359022,18.499784,21.652586,23.901854,19.473534,15.978285,28.262714,19.508028,16.593187,10.165244,10.647732,8.832039,23.140633,8.979211,27.916597,24.928469,14.617029,9.675467,20.889929
64,21.795267,30.979595,22.878025,6.0466433,18.278503,7.2871833,18.913363,14.004236,12.778085,7.050105,23.27041,12.424664,13.215051,25.407543,12.355112,23.073112,31.64045,17.6321,19.559402,17.97273,9.5708475,6.629801,29.00015,26.399725,29.427689,20.135042,7.37811,12.247431,10.460278,25.454727,27.162155,24.914953,15.164597,11.813183,19.997984
65,21.63171,31.17897,22.632914,5.5313835,15.654197,6.722695,18.764765,14.656523,12.565427,7.0789604,24.616224,12.462548,13.470021,26.2746,12.177258,22.670183,31.818466,17.584906,19.983656,17.697887,9.189176,6.0288258,29.082989,26.852324,30.004906,21.370703,6.9889727,12.642059,9.800352,27.670786,27.187967,24.975096,15.887485,12.028756,20.054148
66,21.825233,30.32836,22.88927,6.780405,19.180244,7.513101,18.795567,13.421278,12.603968,6.8925505,21.811148,12.4759655,12.724044,24.347202,12.456474,23.015675,30.755028,17.673372,19.176016,18.10794,9.92607,7.1810226,28.483326,25.688356,27.967573,19.064732,7.546717,11.77643,10.830177,23.379692,26.7262,24.56408,14.634608,11.752977,19.801064
67,21.436876,30.666367,22.317593,5.6435275,16.19166,7.588683,18.439474,14.212555,13.513914,7.3306117,23.722982,12.499776,13.041688,25.42027,12.814577,23.290194,30.84821,17.132933,19.07973,17.470238,9.013812,5.88883,28.573729,25.767878,29.5408,20.245747,7.843203,12.436214,9.962694,26.145973,26.719173,24.494549,15.09086,11.67882,19.60866
68,30.506378,26.557816,29.703127,25.16754,30.258533,15.364072,19.61157,8.499922,17.371649,4.6130257,8.98375,14.337517,7.936865,16.00428,16.537342,27.212873,24.308372,23.066916,16.0542,20.04869,15.765182,14.591426,25.779621,22.651115,14.678923,10.1465845,13.549196,7.26148,11.876846,6.1761794,25.58538,23.077154,9.851523,13.165538,19.671993
69,21.390242,30.836018,22.52996,5.6012135,17.140364,6.6959443,18.80422,14.177268,12.174893,7.0244646,23.6122,12.365234,13.251909,25.557,12.040394,22.514606,31.52209,17.498047,19.787855,17.84565,9.471339,6.4607773,28.839298,26.451395,29.227308,20.540777,6.93895,12.295894,10.334713,26.148952,26.989174,24.807055,15.47557,11.830309,19.948814
70,19.906008,31.012024,22.284052,5.443344,26.431503,6.1917477,20.871986,12.5519905,10.557417,6.9030514,18.97251,12.705191,12.0970955,22.110695,13.129943,24.278025,31.31455,17.101969,20.721476,20.377731,13.024192,10.302452,28.996944,23.679392,25.431688,16.249546,7.6917996,10.601635,15.853508,18.971123,27.598354,24.951502,14.76037,10.248575,20.121407
71,21.628546,31.604006,22.800453,5.301944,16.031378,6.1479616,19.098484,14.8761215,11.90875,6.898288,25.015799,12.399866,13.751725,26.716562,11.776197,22.404314,32.62204,17.78199,20.621756,17.985706,9.414577,6.301986,29.467667,27.423075,30.356789,21.91133,6.481857,12.673187,9.999512,28.35696,27.558765,25.306286,16.373718,12.066987,20.331787
72,21.501993,31.460703,22.765034,5.3192396,16.97565,6.1377435,19.163464,14.61021,11.694564,6.9257603,24.487188,12.368182,13.650981,26.328758,11.724529,22.348291,32.493126,17.746115,20.53365,18.110178,9.595032,6.558639,29.38158,27.21628,29.933538,21.44119,6.475257,12.482077,10.34618,27.495708,27.49543,25.2525,16.134583,11.959124,20.304796
73,24.079727,28.373413,26.267698,18.645483,33.711277,10.828381,23.72218,9.474302,12.328733,4.7456093,6.440185,15.816456,7.1816273,13.967307,18.794296,29.587324,24.14855,21.436064,20.740461,24.261143,21.891342,18.766567,26.724648,19.214529,10.651133,7.7950406,12.640791,7.5595503,22.839365,3.9345636,27.005318,24.211853,13.701934,11.101665,21.034544
74,30.412792,26.221312,29.38842,24.830835,29.298386,15.953827,19.085413,8.505549,18.131433,5.2418137,9.383216,14.400679,7.9615107,16.020407,16.764387,27.078661,23.554676,22.705019,15.154514,19.357494,14.915465,13.572652,25.46508,22.37435,15.080444,10.124366,14.138111,7.531766,10.891066,6.4452376,25.245022,22.78679,9.297931,13.158537,19.399384
75,22.062346,31.645409,23.290287,5.989797,17.798845,6.3694706,19.398619,14.515212,11.769024,6.855364,24.173658,12.537648,13.660082,26.268877,11.8550415,22.592745,32.677994,18.180506,20.651636,18.423298,9.916928,6.931395,29.649408,27.498617,29.760689,21.272655,6.5676107,12.448908,10.531597,26.914276,27.773514,25.52717,16.064116,12.232719,20.569542
76,21.45275,30.749018,22.357012,5.5761695,15.730312,7.293532,18.459787,14.367742,13.1907425,7.2183647,24.034506,12.462348,13.161935,25.708202,12.562478,22.99616,31.070797,17.253628,19.320078,17.449883,8.984302,5.8370476,28.66015,26.111832,29.683329,20.646616,7.5306954,12.535509,9.814341,26.729328,26.787756,24.592081,15.354432,11.813467,19.712591
77,21.908485,30.442621,22.83247,6.629526,18.146477,7.7794957,18.631563,13.677831,13.16103,7.0583067,22.475555,12.508345,12.836158,24.736252,12.665446,23.216276,30.734844,17.590189,18.988073,17.821005,9.551863,6.6403475,28.542412,25.81447,28.616531,19.430052,7.767027,12.060564,10.387832,24.296095,26.746517,24.569632,14.6754265,11.823717,19.756699
78,23.705751,23.706911,22.762608,14.389145,20.981403,28.237673,15.113781,9.71208,32.15662,18.389158,8.665063,21.318533,7.167248,17.11626,27.10549,32.98164,13.300383,16.464516,7.8255725,15.898092,6.6498895,4.760578,21.630384,14.567909,17.175917,10.569877,28.771017,14.301928,13.163134,5.586317,19.897404,20.59968,9.46765,9.124435,18.194117
79,32.627663,26.110426,31.642298,29.262838,31.62267,15.979698,20.021608,7.985768,17.011154,2.6051204,6.7801456,14.268723,7.376134,15.592024,16.060247,27.131075,24.601868,25.164595,16.732975,20.380749,17.36362,16.444626,25.628246,24.298498,12.854007,9.787213,13.027701,6.961401,12.359513,4.7724204,25.68555,23.31782,10.339251,14.29076,20.250738
80,22.291733,29.742483,22.88608,7.834083,19.95195,10.044477,18.28121,12.791224,15.626172,7.7925553,20.605124,12.89463,12.00117,23.138077,14.335881,24.965132,28.96785,17.139961,17.294645,17.723053,9.441066,6.7909327,27.826506,23.811232,27.530825,17.314783,10.007533,11.530102,10.605919,21.043427,26.128628,23.88389,13.142217,11.132755,19.125818
81,31.738775,26.411913,31.125206,28.130224,31.942831,14.965531,20.46527,8.099677,16.013361,2.8178325,6.8218255,14.329422,7.4381137,15.447891,16.06318,27.159271,24.784716,24.833054,17.47339,21.07973,17.9662,17.002283,25.854612,23.861343,12.458147,9.747853,12.507104,6.8398037,13.506627,4.593921,25.879025,23.50998,10.7849,14.006643,20.405722
82,25.215048,29.636889,25.35226,12.120767,20.300137,10.154623,18.612808,12.488768,14.751519,6.35075,19.330084,13.144574,11.752004,22.952206,13.710049,24.329212,29.106176,19.645838,17.907167,18.349522,10.608859,8.214636,28.245222,25.72428,25.825174,17.418177,9.189157,11.245052,9.712465,19.67794,26.709824,24.6347,13.190379,13.111368,20.090899
83,27.329493,28.163258,28.37082,22.823229,34.00458,13.862108,23.167906,8.844871,15.764013,6.8556976,6.907722,16.492397,7.0927916,14.035817,20.126888,30.542463,22.95623,22.69935,19.050583,24.108854,20.808947,18.44463,26.835674,19.587215,10.036021,7.997214,15.084337,7.123313,19.744518,3.1396403,27.074404,24.337214,11.930378,11.85075,21.20381
84,25.29527,28.17791,25.452381,13.984185,23.343086,11.273378,18.404114,10.998184,15.056972,6.236748,15.707699,13.352157,10.516513,20.38488,14.314847,24.664972,27.046507,19.633883,16.858305,18.677586,11.390143,9.690382,26.99865,23.699652,22.389013,14.676471,10.319845,10.033655,10.826581,14.56451,25.68106,23.754831,11.861052,12.492737,19.553988
85,21.601326,31.620396,22.898197,5.3499417,17.031752,5.972302,19.273111,14.712072,11.487105,6.797109,24.63812,12.353533,13.76011,26.532623,11.567969,22.24931,32.807087,17.884491,20.763462,18.190224,9.672421,6.6455007,29.532288,27.508093,30.102936,21.685951,6.2847753,12.524025,10.344503,27.797844,27.641636,25.3899,16.337107,12.030809,20.425959
86,20.99368,30.045517,23.968124,12.182201,33.567135,8.473401,24.125174,10.551252,11.045545,7.038633,10.24796,15.600367,8.703644,15.417297,18.408546,29.11413,25.661438,19.121218,21.13313,24.49564,20.451181,16.762306,28.027126,18.622711,14.280788,9.033047,11.743776,8.272635,23.13099,6.977296,27.93778,24.856293,13.859829,9.934384,21.064184
87,27.185734,27.57425,27.045143,17.761583,25.641518,12.206742,18.710335,10.10503,15.16861,5.1847258,13.239322,13.556829,9.70845,19.060337,14.480368,24.969866,26.541063,20.996668,16.878202,19.21671,12.744702,11.494543,26.63491,23.734346,19.779087,13.380577,10.764704,9.033168,11.056299,11.603446,25.617683,23.615343,11.355531,12.992722,19.68454
88,24.286026,29.41277,24.723051,11.3381,22.518896,10.209621,18.774317,11.9049635,14.7849455,7.055378,18.47224,13.111562,11.482128,21.974918,14.065775,24.675272,28.632347,18.887377,17.578686,18.702972,10.81747,8.703646,27.967743,24.353123,24.940943,16.23771,9.718695,10.635661,10.716454,17.88063,26.464668,24.305004,12.548459,12.151894,19.750544
89,21.211246,29.968796,24.619028,12.733853,33.417286,5.9600606,24.390404,10.911112,7.2889,3.041099,8.967169,14.615753,8.765402,16.00477,15.6891575,27.124903,28.10399,20.373644,23.50537,24.532906,21.899355,18.235592,28.111755,21.127731,14.412598,10.079431,8.296094,8.507022,24.165382,7.853135,28.093678,25.165707,16.053112,11.062994,21.518467
90,23.436682,30.476568,24.582241,9.387606,22.041126,7.0959954,19.591835,12.853853,11.166049,6.009414,20.039682,12.69998,12.545818,23.736067,11.876261,22.596998,31.321218,19.329079,20.150036,19.363815,11.4142685,9.218738,28.9884,26.672293,26.070704,18.61006,6.790156,11.087286,11.452118,20.95665,27.354975,25.274214,14.742099,12.640352,20.643713
91,20.651533,30.82218,23.182438,6.622634,27.44054,4.904807,21.000725,12.33855,8.230824,5.3695235,18.177513,12.171623,12.345091,22.340416,11.213627,22.443134,32.43013,18.245161,21.636385,20.604515,13.532615,11.267327,29.105425,25.443445,24.960272,16.855146,5.6851172,10.339808,15.532935,18.647764,27.711147,25.304174,15.384471,11.021868,20.62149
92,22.038332,32.034336,23.458763,5.7723956,18.677944,5.930404,19.75517,14.611575,11.203178,6.7419376,24.350605,12.47892,13.895125,26.53924,11.529219,22.438848,33.413605,18.337778,21.168924,18.751251,10.185031,7.2714987,30.011833,27.927692,30.020826,21.553595,6.1846156,12.413519,10.877257,27.179167,28.12844,25.832624,16.383572,12.200317,20.819407
93,23.719633,29.14523,26.200798,17.287535,33.843067,9.444405,24.099302,9.970665,10.94194,4.460084,7.4773903,15.609892,7.8077145,14.750106,17.97321,29.01394,25.538021,21.42353,21.679167,24.613264,21.96245,18.728575,27.464214,20.064283,11.867289,8.647208,11.387545,7.815933,23.044,5.1311083,27.635876,24.773565,14.353342,11.338173,21.415201
94,21.546804,31.177803,22.631353,5.474283,16.168726,6.560471,18.855635,14.567825,12.279509,7.048698,24.44139,12.41839,13.478778,26.174246,12.035406,22.542284,31.914124,17.600063,20.078138,17.807392,9.320777,6.2090454,29.104557,26.872335,29.850447,21.265856,6.843879,12.546554,9.995987,27.40582,27.217834,25.005167,15.878152,11.980268,20.090193
95,22.388891,31.5956,23.650452,6.585288,19.27743,6.5200877,19.57958,14.162893,11.637296,6.7245646,23.354832,12.574025,13.530969,25.822006,11.863583,22.713648,32.686203,18.453943,20.64184,18.755228,10.308291,7.4912987,29.712584,27.452303,29.232754,20.704145,6.5971217,12.19104,10.898901,25.602665,27.87101,25.62462,15.790031,12.311659,20.684324
96,32.9569,25.779211,31.704454,30.057798,31.893894,17.566553,19.73762,7.67174,18.85377,3.6035404,6.493235,14.626269,6.97937,15.168694,17.130066,27.971539,23.573318,24.94732,15.851713,20.01521,16.9509,16.191381,25.210041,23.411558,12.3126335,9.286245,14.813586,6.813631,12.016897,4.227572,25.31992,22.92588,9.67195,13.837746,19.93425
97,22.213604,29.555763,22.220612,7.163763,16.410454,12.040637,17.27,13.323137,18.697702,8.797088,21.747545,13.414174,11.826825,23.721256,15.9668,26.357172,27.85968,16.238827,15.958149,16.492867,7.7690835,4.7825747,27.392841,22.930012,29.178114,17.762014,12.105492,12.510246,9.400246,22.677635,25.54042,23.361036,12.90228,10.916111,18.500349
98,20.037624,23.147585,21.043528,11.496956,17.792582,27.178473,16.89335,10.578226,29.60551,23.144575,6.1737432,24.747232,7.6736336,16.92509,28.989204,32.42911,8.195054,17.709578,8.791277,19.55175,8.171359,5.7775908,21.18254,14.50119,11.805956,11.211179,28.61505,16.930534,18.84441,2.1916835,18.981895,22.369875,12.199497,10.539027,21.449701
99,21.801958,32.003902,23.201744,5.4029403,17.832558,5.846803,19.60703,14.785037,11.287275,6.7928247,24.752739,12.418349,13.94571,26.752548,11.503204,22.350134,33.354164,18.134892,21.121878,18.52058,9.935468,6.9374003,29.917187,27.893234,30.320103,21.843351,6.158047,12.54776,10.63739,27.870316,28.016111,25.725142,16.518251,12.115745,20.706501
100,21.26682,31.392967,22.934006,5.486267,21.874855,6.391196,19.791739,13.598383,11.33882,7.069294,22.279675,12.404502,13.321982,24.882772,11.948431,22.93793,32.49969,17.68627,20.436762,19.058552,10.645011,7.9939537,29.459984,26.341177,28.691057,19.467241,6.8196855,11.738367,12.18722,23.742306,27.6678,25.338577,15.273414,11.4539585,20.378496
101,21.440489,30.768078,22.601881,5.768693,17.878525,6.8532023,18.844692,13.991755,12.223647,6.9867406,23.196383,12.348507,13.171482,25.299793,12.081181,22.62646,31.460846,17.518124,19.6649,17.92632,9.590892,6.643114,28.802872,26.31967,29.05318,20.183788,7.0336213,12.179576,10.519917,25.493828,26.971106,24.781408,15.279602,11.77302,19.928804
102,20.54083,31.394827,24.114014,8.543752,33.29543,4.472587,23.58369,11.838577,6.4860315,3.473101,13.498157,13.185298,10.984797,19.59491,12.875265,24.886816,32.20596,19.524408,23.730246,23.211767,18.582777,15.484684,29.591173,24.194323,20.865334,13.497565,6.126884,9.717295,21.507906,13.318645,28.87265,26.049856,16.452312,10.979486,21.646399
103,22.71533,32.435272,24.034178,6.342761,18.955612,6.2726197,19.98148,14.740358,11.607426,6.769065,24.53037,12.70808,14.023531,26.839697,11.807646,22.888025,33.777466,18.782164,21.342176,19.009197,10.351846,7.4094157,30.442762,28.381023,30.354923,21.747053,6.39382,12.580443,10.853832,27.279137,28.538197,26.215677,16.469135,12.548163,21.13844
104,22.581388,31.366959,23.600758,6.8574953,18.264404,7.1847067,19.22619,14.193047,12.537322,6.841155,23.457623,12.64484,13.384419,25.786148,12.284689,23.066393,32.124523,18.34347,20.069933,18.349375,9.918596,6.982408,29.46577,27.17988,29.41466,20.594898,7.13007,12.353397,10.3872385,25.741812,27.619114,25.390741,15.512252,12.36306,20.466244
105,21.458612,30.791294,22.650394,5.803466,18.09293,6.81548,18.905348,13.97315,12.123713,6.9407063,23.08219,12.369947,13.173414,25.271698,12.053843,22.61622,31.51855,17.572737,19.7418,18.00111,9.68669,6.757226,28.833778,26.36604,28.985119,20.150284,6.9923015,12.166479,10.646001,25.357471,27.006603,24.824497,15.321169,11.792996,19.978403
106,21.520458,31.351553,22.83602,5.474984,18.02163,6.222096,19.223082,14.331287,11.597466,6.9323235,23.976234,12.319186,13.565814,25.982742,11.685296,22.354967,32.424984,17.773134,20.404568,18.225943,9.759427,6.8079834,29.343449,27.082338,29.621565,20.986105,6.496802,12.298541,10.58418,26.628695,27.47651,25.231245,15.852068,11.893486,20.29262
107,21.417505,30.153809,22.23282,6.094619,17.168541,8.109514,18.263353,13.690942,13.865388,7.384326,22.656641,12.487183,12.640757,24.521912,13.099692,23.531343,30.089863,16.94731,18.455004,17.419468,9.108154,6.106349,28.129528,24.976046,28.688608,19.200283,8.308376,12.048367,10.156198,24.458544,26.338947,24.112677,14.403928,11.431754,19.297266
108,26.55807,25.58554,25.919796,18.992731,26.640907,22.3822,18.183847,9.495151,25.259314,13.857978,9.06005,18.70076,7.948469,16.45946,23.143124,30.854155,17.512384,19.658667,11.542091,18.421705,11.920133,9.294963,23.945229,18.617773,15.9019985,10.268159,22.296185,11.484777,13.06171,5.6771383,23.190727,22.264841,9.754796,11.209187,19.559309
109,21.313545,26.14869,22.478168,13.551342,27.98766,18.294374,20.331053,9.237183,21.407925,17.54265,8.638164,19.862192,7.3505287,14.242733,24.75107,31.21311,15.438773,17.305109,14.1842785,22.200176,14.7186365,12.09795,24.092213,13.735055,10.33242,8.8603115,21.797962,9.79963,19.000162,3.0023859,23.317932,22.45032,10.813187,8.859583,19.913658
110,25.003096,23.29634,24.676792,18.746134,24.291208,26.667797,16.97457,8.9272785,28.731485,17.59648,5.550933,21.676441,6.677846,15.717503,26.204933,31.86351,12.682312,19.312325,9.814761,18.434948,10.343572,8.672495,21.632828,16.1251,11.791992,9.96034,26.878803,13.163076,15.447134,2.1849294,20.350376,21.45178,10.398534,10.5039425,19.840765
111,21.503077,30.589853,22.374498,5.801428,16.171232,7.548186,18.425753,14.166494,13.385679,7.2832685,23.620148,12.504005,13.01163,25.356981,12.742717,23.165419,30.775946,17.218752,19.080622,17.474636,9.054809,5.942432,28.534588,25.814352,29.342543,20.21501,7.7667055,12.399032,9.9288435,26.022709,26.685661,24.486814,15.067046,11.747629,19.627882
112,19.396288,30.495094,23.427345,10.977263,34.570614,6.708818,25.540411,11.085325,8.378416,4.7485757,8.244411,15.896652,8.237646,14.987942,18.298855,29.437468,26.619673,19.428782,23.594534,25.582136,23.224007,18.724213,28.219166,18.7737,13.041224,8.514966,10.554455,8.761944,27.448084,6.500391,28.40723,25.295313,16.27471,9.926013,21.71309
113,21.412703,30.458946,22.253109,5.925474,18.155441,8.607071,18.468824,13.644562,14.608824,7.79674,22.617247,12.667697,12.642069,24.415443,13.702069,24.346067,30.174326,16.745857,18.322609,17.659382,9.176066,6.2077503,28.345028,24.557482,28.975437,18.849323,8.983665,12.017743,10.564278,24.024933,26.554459,24.209824,14.18123,11.140795,19.295778
114,20.88946,31.163548,22.464806,5.0596557,20.887594,6.5812383,19.489668,13.656015,11.80537,7.283107,22.484716,12.384859,13.201831,24.785057,12.229485,23.099154,31.99594,17.23463,20.055998,18.718536,10.287219,7.5253735,29.151798,25.81254,28.796995,19.38257,7.1376834,11.801081,11.967898,24.016327,27.356724,25.014383,15.119325,11.238169,20.060537
115,23.600958,29.695858,24.71016,10.573956,24.663288,8.316622,19.480555,11.830409,12.059043,5.97956,17.622417,12.796161,11.741529,22.028023,12.604684,23.438505,30.074207,19.189314,19.15859,19.564724,11.845547,10.077723,28.297821,25.163267,24.432592,16.495487,7.9167347,10.344955,12.20617,17.30992,26.801107,24.73114,13.591632,12.1331215,20.224718
116,20.159388,31.08823,22.688454,5.4979963,26.717888,4.907642,20.88877,12.647877,8.66061,5.916858,19.320219,12.093469,12.629201,22.903065,11.307758,22.533909,32.674305,17.70373,21.488781,20.282116,12.939859,10.481415,29.235258,25.387932,26.013136,17.367813,5.8593564,10.593849,15.186392,20.02896,27.76659,25.26074,15.401107,10.726126,20.456211
117,21.413042,30.950714,22.408363,5.404853,15.81976,6.880505,18.613777,14.487761,12.742088,7.1500626,24.341393,12.38544,13.330447,25.974794,12.264768,22.733961,31.495932,17.340948,19.673616,17.572159,9.071897,5.9459877,28.851301,26.44091,29.854105,21.011866,7.165869,12.533016,9.8205185,27.217579,26.968086,24.751379,15.619697,11.832918,19.845259
118,21.706976,31.687822,23.007023,5.4797635,17.317078,6.113377,19.378302,14.660065,11.6087,6.9469614,24.531408,12.491462,13.739578,26.437561,11.770246,22.449251,32.73795,17.972204,20.75839,18.345367,9.793592,6.751831,29.629732,27.463806,29.937723,21.505066,6.45044,12.523556,10.556942,27.479118,27.737663,25.489952,16.229126,12.098803,20.520052
119,25.846437,28.124714,26.785793,19.421515,31.260471,11.7010355,22.286415,8.958221,14.503856,10.154562,10.488185,16.086752,8.196795,14.409786,19.163546,28.33091,21.867981,21.07382,17.906397,23.928234,18.330544,16.208563,26.988401,18.5851,10.776872,9.054267,13.852479,6.6407614,16.606915,4.573457,26.828293,24.201513,10.276387,11.601648,20.80963
120,22.06786,30.272482,22.86572,7.069184,19.830345,9.059023,18.550161,13.188906,14.651669,7.415751,21.53131,12.630026,12.45697,23.927557,13.605724,24.41573,30.147486,17.216806,18.108982,17.83663,9.510526,6.7934446,28.303473,24.670382,28.439932,18.203655,9.0720005,11.725943,10.656703,22.521059,26.564953,24.249243,13.804184,11.262058,19.3866
121,21.41251,30.328709,22.390045,6.038018,17.908298,7.6616573,18.512247,13.685293,13.182714,7.171286,22.574419,12.408619,12.787539,24.639591,12.691321,23.203997,30.585701,17.161613,18.875612,17.668247,9.391104,6.4538803,28.344687,25.396193,28.678127,19.351793,7.829828,12.007975,10.439352,24.431484,26.554258,24.337627,14.63999,11.51202,19.516945
122,21.509993,31.299465,23.017723,5.7458863,20.059978,6.02595,19.537941,13.906361,11.000208,6.708352,22.943327,12.273109,13.437732,25.395432,11.492607,22.30161,32.58549,17.916048,20.60228,18.695656,10.344953,7.620969,29.381416,26.936972,28.9099,20.288101,6.2951226,11.906822,11.341854,25.075611,27.569065,25.306883,15.666759,11.787865,20.39369
123,30.625494,26.224613,29.548262,24.951399,28.957829,15.728564,19.009287,8.584032,17.84226,4.9884152,9.600753,14.27487,8.092108,16.231941,16.40921,26.70422,23.742252,22.900255,15.151472,19.217657,14.789286,13.396581,25.54394,22.830294,15.375478,10.367978,13.738718,7.6434255,10.419561,6.7805433,25.319077,22.876383,9.312345,13.453712,19.476925
124,29.453314,26.631933,29.13163,25.075514,31.908524,16.073069,20.697857,8.155313,18.138084,6.991044,7.7297826,15.603098,7.2922964,14.653122,18.846134,28.924185,22.299484,22.717657,16.305496,21.568747,17.329964,16.01492,25.609009,20.497196,11.670086,8.863395,15.636082,6.8456464,14.4985695,3.9079444,25.603224,23.152159,9.916753,12.248687,20.030596
125,24.859467,28.540066,25.112968,13.811979,26.776806,13.839733,18.976099,10.687594,18.15703,7.8460627,14.584734,14.125857,10.092143,19.439844,16.849243,27.66609,26.224289,18.685526,15.872715,18.961056,11.900642,9.987603,26.88153,21.771019,22.51676,12.966792,13.487797,9.986015,12.675988,12.609499,25.733326,23.458563,11.244439,10.946753,19.190317
126,23.118376,29.442314,24.682816,12.283247,30.064665,9.907284,20.87106,10.729816,13.307194,5.752712,13.573405,13.503204,10.109786,18.824923,15.207725,26.626081,28.367996,18.89983,18.96636,20.943436,14.90778,12.801558,27.731213,22.002752,20.932163,12.492582,10.414375,9.146883,16.373415,11.868472,26.84392,24.203903,12.8773575,10.611015,19.878344
127,25.625366,28.857864,26.547337,15.313699,28.155125,9.272586,20.158384,10.561518,11.838326,4.542012,13.530419,13.210599,10.425253,19.615128,13.205336,24.305025,28.910664,20.858519,19.384977,20.806816,14.378281,13.084576,27.72536,24.5582,20.292582,14.139932,8.439515,8.943155,13.622267,12.170505,26.672932,24.54993,13.076591,12.673631,20.45933
128,21.817236,31.945347,23.211931,5.4731812,18.034838,5.9194627,19.59793,14.700753,11.321917,6.820569,24.59472,12.42822,13.897956,26.62815,11.544669,22.383114,33.258854,18.13545,21.04549,18.536945,9.9650545,6.97933,29.882915,27.815939,30.194693,21.683912,6.214174,12.505215,10.692648,27.591091,27.986996,25.701971,16.407812,12.113574,20.69036
129,22.215458,29.379766,24.778896,15.142853,33.433826,9.824499,24.449705,9.857346,12.303226,9.081872,9.018516,16.796967,7.9222217,13.689888,20.346151,30.075764,22.573128,19.915892,20.207865,25.490211,21.458324,17.73354,27.56284,17.054155,10.368938,7.6503386,13.616557,7.4270363,22.824783,4.0175986,27.7305,24.735342,12.588212,10.328736,21.341509
130,30.188671,26.553158,30.05674,26.905403,32.757137,15.201465,21.206316,8.049317,16.59182,4.2942724,6.157532,15.099968,6.9042244,14.428739,17.900452,28.69194,23.45356,23.940428,17.620096,21.988602,18.999617,17.723244,25.698856,21.724281,10.87365,8.613059,14.046522,6.6790023,15.786575,3.351521,25.86522,23.386843,10.94961,12.917446,20.378412
131,21.455523,30.239727,22.106451,5.915237,15.819712,8.335332,18.041952,13.977552,14.474499,7.527254,23.368689,12.514248,12.707219,24.909784,13.351456,23.755785,30.011023,16.787973,18.29008,17.11741,8.685248,5.55453,28.132055,24.957523,29.307747,19.622316,8.560144,12.305152,9.624441,25.466068,26.30558,24.052748,14.490675,11.459911,19.186403
132,21.568768,31.646425,22.892637,5.3159685,17.549118,6.1030726,19.344978,14.597722,11.627164,6.998532,24.506721,12.396335,13.731513,26.371151,11.731451,22.442839,32.72408,17.83489,20.659449,18.302353,9.7349825,6.713831,29.576614,27.332048,30.003033,21.416754,6.4530945,12.4585705,10.540047,27.39047,27.685314,25.413286,16.133772,11.965525,20.430277
133,21.433535,30.179932,22.223406,6.033604,16.569225,7.965278,18.189049,13.835876,13.761184,7.2485085,22.95513,12.422312,12.723807,24.780264,12.927368,23.337843,30.21806,16.99174,18.54567,17.289196,8.977859,5.939292,28.145966,25.220047,28.944944,19.534391,8.110485,12.172752,9.908276,25.032833,26.338863,24.134062,14.586089,11.52834,19.31649
134,21.972654,30.83146,23.041468,6.4634604,17.951988,6.954162,18.928202,13.973689,12.210247,6.806554,23.050169,12.4533615,13.158464,25.323471,12.083944,22.647913,31.540924,17.923353,19.781542,18.074238,9.768607,6.8676505,28.939821,26.621044,28.861124,20.233488,6.992273,12.15888,10.398228,25.302032,27.119247,24.946829,15.309823,12.077534,20.110369
135,28.724264,28.111256,29.314129,22.995432,31.680122,11.113108,22.702911,9.110893,12.477245,8.373231,9.754709,16.052462,8.75513,14.981759,17.42979,26.418177,22.547617,23.900703,18.391947,23.874931,19.416956,16.822643,27.695187,22.407282,10.802854,9.85083,11.856791,7.473751,14.627266,4.455177,27.794456,25.336266,10.603462,14.343648,22.191622
136,21.449404,30.324942,22.350416,6.0029306,17.205359,7.726309,18.383593,13.818586,13.368418,7.169887,22.88699,12.395727,12.82474,24.84223,12.710772,23.188131,30.54918,17.13752,18.805872,17.4844,9.183896,6.183863,28.317173,25.484972,28.940977,19.591993,7.8560023,12.140737,10.144932,24.945606,26.509537,24.30462,14.710034,11.569523,19.47712
137,18.987997,23.210806,20.325798,9.798454,14.792954,28.38317,16.751966,11.2942705,31.023186,25.105558,6.2929683,26.26623,7.9499474,17.896736,30.475445,33.309578,6.687306,17.725874,8.41922,20.06475,7.075086,4.6579275,21.158241,14.4186945,12.039826,12.062307,29.875643,18.701431,20.272068,2.3518696,18.473007,22.993189,13.092714,10.978975,22.341013
138,21.415445,30.502087,22.507524,5.9586396,18.281694,7.289058,18.701729,13.72809,12.675068,7.0746512,22.665365,12.369238,12.929627,24.812637,12.394927,22.942099,30.982277,17.331648,19.229258,17.856567,9.5624895,6.6642094,28.549381,25.755898,28.716589,19.57086,7.462039,12.011806,10.598301,24.597654,26.74796,24.540804,14.850371,11.599537,19.706917
139,31.966484,25.273613,30.439955,28.27682,30.527632,19.140837,18.729939,7.6264863,21.06289,5.6162133,7.248345,15.056292,6.8702955,15.110469,18.287075,28.450626,22.082178,23.41432,14.14267,18.868267,14.991984,14.230204,24.521795,21.737589,13.101397,9.087762,16.942,7.1943293,10.986106,4.529921,24.460155,22.168863,8.690429,12.898134,19.121012
140,22.469862,28.70134,22.10363,7.992216,16.277256,13.89711,16.593485,12.790411,20.610743,9.423522,20.558338,13.776968,11.191448,22.832237,17.072758,27.179178,26.207485,15.905569,14.519128,15.884004,7.154541,4.306852,26.574448,21.708946,28.48003,16.698668,13.82286,12.491289,8.98189,20.97937,24.724632,22.695578,11.967882,10.615799,17.966639
141,22.12454,30.393154,23.371838,7.525987,22.297909,7.850662,19.269217,12.78832,12.582444,6.9224424,20.36688,12.605356,12.466823,23.493052,12.718855,23.556295,30.83246,17.920681,19.225348,18.888084,10.6560545,8.345928,28.637856,25.205317,27.002974,17.927374,7.922192,11.192451,11.859081,20.94954,26.941265,24.729427,14.165363,11.501297,19.956102
142,21.662539,29.845173,22.044067,6.365657,15.426515,9.352884,17.630915,13.753056,15.687954,7.821332,22.983194,12.661208,12.379376,24.496363,14.020817,24.334366,29.157066,16.569527,17.447485,16.749548,8.272681,5.1642118,27.748981,24.268007,29.152365,19.064043,9.487097,12.304741,9.2425785,24.77261,25.922894,23.693283,13.899287,11.333965,18.847193
143,20.957153,30.979902,22.445625,5.195454,18.473862,5.6965346,19.203283,14.041899,10.807728,6.789441,23.37604,12.146971,13.380644,25.437275,11.338243,21.853413,32.146023,17.522081,20.462217,18.299862,9.947085,7.132986,29.009388,26.64004,28.797049,20.539736,6.1350718,11.946105,10.973354,25.861208,27.188631,24.970533,15.731774,11.62097,20.109377
144,21.516169,30.879868,22.584923,5.704055,17.2457,7.101257,18.77327,14.162294,12.703678,7.1397896,23.588865,12.434198,13.211963,25.517883,12.347493,22.905731,31.418028,17.454096,19.5597,17.80997,9.391012,6.350832,28.857973,26.293331,29.419474,20.3697,7.305058,12.346423,10.310311,25.994715,27.006174,24.792547,15.304908,11.799072,19.904505
145,28.130648,27.098831,27.696753,19.327269,24.601051,12.084095,18.418692,9.940241,14.637355,4.419284,12.727975,13.520657,9.459656,18.878899,13.980623,24.228588,26.223774,21.754854,16.940832,19.08791,12.855248,11.732874,26.38683,24.239603,18.86456,13.530851,10.250315,8.8811035,10.194608,11.247987,25.422592,23.545656,11.339132,13.764301,19.765272
146,21.283422,31.37649,22.629509,5.144655,17.721302,6.060695,19.195751,14.411585,11.553209,7.018633,24.249653,12.243002,13.612895,26.079372,11.63922,22.293821,32.446148,17.594805,20.424706,18.165112,9.647067,6.671,29.32076,26.996946,29.779963,21.126314,6.429004,12.301837,10.520395,27.009422,27.445354,25.176115,15.9110565,11.766987,20.219849
147,29.150568,27.920713,29.252808,21.879904,29.72258,11.51852,20.390978,9.591757,13.119903,2.8382201,10.32097,13.701118,9.153681,17.906292,14.056896,25.349209,27.674454,23.22974,19.001944,21.09869,16.340174,15.172739,27.104979,24.944803,16.865503,12.4607935,9.661435,7.9803624,13.286966,8.744286,26.574566,24.296747,12.386454,13.891403,20.659075
148,21.451403,30.760744,22.328201,5.528606,15.105042,7.1026125,18.405523,14.498586,13.050972,7.170039,24.340086,12.43182,13.220993,25.910904,12.431084,22.7981,31.131016,17.277475,19.433493,17.364672,8.895556,5.717579,28.663107,26.270876,29.773365,20.967451,7.3556,12.597768,9.579127,27.263817,26.78017,24.596292,15.522092,11.883661,19.721764
149,21.384888,30.941788,22.386425,5.3831806,15.906221,6.9053645,18.617334,14.4607315,12.772957,7.1858864,24.308363,12.38487,13.317478,25.929583,12.296572,22.769556,31.463406,17.311762,19.640102,17.582413,9.073949,5.952022,28.843002,26.380728,29.830355,20.94568,7.202771,12.5140705,9.857149,27.133026,26.961044,24.739141,15.572196,11.804081,19.830683
150,24.02255,29.545763,25.598295,12.55389,28.624275,7.6757035,20.586384,11.03863,10.299632,4.736682,14.50635,12.962709,11.037412,20.37975,12.4799385,23.707846,30.175123,20.189138,20.42005,21.169361,14.393163,13.007871,28.257915,24.904947,21.501976,14.941122,7.3360453,9.336939,14.76797,13.518311,27.05362,24.95974,14.023561,12.212938,20.705343
151,21.623205,31.04238,22.680176,5.699066,16.947971,7.053289,18.837616,14.310278,12.718983,7.1914616,23.892027,12.50337,13.311704,25.758656,12.370496,22.928299,31.576317,17.55723,19.708006,17.852299,9.380446,6.2982826,29.007633,26.50698,29.601606,20.643414,7.2748513,12.458399,10.244041,26.422642,27.137955,24.924723,15.466157,11.90856,20.018978
152,21.58859,30.485373,22.298582,5.8824134,15.289731,7.8754954,18.170115,14.254139,13.935268,7.303403,23.866795,12.489599,12.953778,25.452316,12.943556,23.33969,30.526716,17.101347,18.77492,17.173573,8.723475,5.554901,28.391619,25.674112,29.626917,20.303688,8.032618,12.514349,9.482765,26.406124,26.53283,24.32822,14.975614,11.751194,19.46031
153,21.235292,30.556444,22.445772,5.9580355,20.794432,7.9914913,18.998098,13.214477,13.453208,7.5642414,21.602549,12.573862,12.629939,23.908735,13.225342,24.032572,30.694534,16.946709,18.874165,18.360918,9.95751,7.297042,28.542824,24.599743,28.181292,18.276758,8.459929,11.552963,11.615341,22.501331,26.801125,24.441496,14.178147,10.97097,19.542088
154,21.648409,28.647316,23.690182,13.36636,31.831793,10.887278,22.581505,9.728089,14.015129,9.554833,10.446759,15.934304,8.283113,14.711899,19.525013,29.179382,22.826834,18.395798,18.463436,23.35205,18.242498,15.164985,26.757818,16.955513,13.29333,8.568144,14.053104,7.7616286,20.209541,5.881815,26.546421,23.718672,11.727839,9.522411,20.097292
155,19.580893,30.871054,22.739162,6.956074,31.255318,5.9757376,22.412977,11.720099,9.117855,5.452879,14.7575865,13.238715,10.861484,19.600975,14.022643,25.578558,30.640295,17.841799,21.77219,22.126335,16.34298,13.455198,28.87838,22.315409,21.858507,13.272974,7.991502,9.807229,20.104248,13.93676,27.943169,25.151392,15.099921,9.902686,20.590115
156,22.135769,28.079334,21.712925,8.004921,15.985655,14.348528,16.257366,12.467508,20.96953,9.844663,19.843245,13.95397,10.824137,22.199528,17.443905,27.196218,25.116438,15.603321,13.940785,15.643354,6.957304,4.156264,26.01003,20.927418,27.58885,16.097721,14.376455,12.417414,9.067554,19.986094,24.161564,22.281631,11.555622,10.423375,17.683329
157,21.458183,31.230696,22.616978,5.3674936,16.67434,6.5317655,18.966284,14.500433,12.1996765,7.1470404,24.316118,12.444586,13.485282,26.074121,12.0683975,22.602869,31.9554,17.577442,20.118156,17.944576,9.431012,6.3412905,29.163147,26.802523,29.753912,21.108334,6.8696475,12.491938,10.258051,27.12159,27.278015,25.05594,15.823314,11.916252,20.133238
158,21.404383,30.90173,22.470613,5.5345144,17.186516,7.162833,18.757849,14.178322,12.875707,7.261675,23.66888,12.451677,13.198394,25.50026,12.486085,23.052355,31.361382,17.31288,19.501472,17.796898,9.333346,6.279903,28.845772,26.115725,29.495535,20.326021,7.448049,12.34918,10.344402,26.032717,26.991215,24.750944,15.2614155,11.699217,19.842802
159,21.464243,30.709148,22.301357,5.5628967,15.006849,7.2225146,18.332785,14.481162,13.216239,7.168162,24.325115,12.412815,13.183898,25.8754,12.491632,22.867258,31.041893,17.226786,19.311396,17.287767,8.816308,5.636002,28.603807,26.1808,29.823471,20.9106,7.449856,12.598135,9.486409,27.235748,26.722576,24.531948,15.44663,11.855318,19.65436
160,22.506128,28.505493,22.320639,8.717561,19.86944,14.697628,17.15172,12.016331,20.910313,10.197392,18.685825,14.217742,10.7988,21.431688,17.854023,27.919092,25.353294,15.899456,14.153109,16.56968,8.139975,5.4219356,26.38438,20.671541,26.765877,15.03662,14.896902,11.828563,10.244958,17.862236,24.718994,22.606344,11.210377,10.096035,18.021196
161,21.41896,30.172777,22.191784,6.005905,16.41962,8.012208,18.166765,13.859861,13.846416,7.2967367,22.9904,12.454098,12.712653,24.783718,12.998671,23.389456,30.150934,16.96137,18.512964,17.266613,8.948249,5.886549,28.128315,25.170824,28.95197,19.540396,8.17718,12.199097,9.894497,25.07484,26.319483,24.11648,14.58598,11.525916,19.3005
162,21.512905,31.314468,22.610023,5.3209634,16.0369,6.5361414,18.907087,14.670355,12.358074,7.1411266,24.675928,12.450642,13.545611,26.319113,12.10705,22.645107,32.025265,17.565659,20.155794,17.848747,9.291529,6.152936,29.204792,26.896503,30.044863,21.408674,6.8828216,12.6071205,10.010963,27.691917,27.304667,25.070065,15.964021,11.962059,20.125975
163,22.092127,30.374384,23.301363,7.4679885,22.193138,8.118958,19.200148,12.800659,12.95981,7.02694,20.369486,12.658318,12.42888,23.46399,12.943462,23.800726,30.68417,17.803135,19.039915,18.80031,10.54749,8.208147,28.580095,25.017317,27.128012,17.83229,8.206939,11.251177,11.842907,20.924416,26.8814,24.660337,14.076493,11.409155,19.877821
164,19.539349,30.20163,22.420612,7.4353924,30.575277,6.80421,21.98078,11.337723,10.1441555,6.26964,14.310257,13.4682865,10.425656,18.851923,14.778538,25.913088,29.12597,17.45498,20.819778,21.892117,15.988996,13.188898,28.22013,21.14802,20.788897,12.591714,8.970172,9.467444,19.631512,12.919047,27.323904,24.586634,14.329707,9.612869,20.150276
165,32.885094,25.58618,31.467968,29.744196,31.388195,18.132513,19.295834,7.624797,19.618586,4.0119405,6.794101,14.659086,6.9474697,15.254306,17.32412,28.020193,23.293793,24.56812,15.284165,19.518103,16.172909,15.516108,24.993168,23.062304,12.690572,9.310589,15.400426,6.8899975,11.457581,4.4681115,25.025486,22.664564,9.307116,13.616101,19.632452
166,21.442896,30.580597,22.331892,5.7048573,15.8276,7.3503804,18.395731,14.243946,13.164309,7.191349,23.771158,12.454157,13.064077,25.498081,12.561142,22.93957,30.856928,17.243658,19.193378,17.413647,9.009557,5.880998,28.527363,25.979183,29.40578,20.429462,7.5570292,12.45739,9.833272,26.357483,26.669743,24.49686,15.213912,11.804701,19.650267
167,32.12379,26.14489,31.27985,28.700861,31.700296,15.62617,20.116539,7.9684606,16.744642,2.7593656,6.778939,14.250156,7.320825,15.42891,16.12945,27.20521,24.560461,24.849905,16.940231,20.60305,17.519762,16.641417,25.6046,23.841665,12.605207,9.665833,12.940206,6.803767,12.84386,4.6447096,25.643154,23.259777,10.432885,13.98623,20.17014
168,21.733267,31.320604,22.909,5.7029147,17.473284,6.6519475,19.106998,14.394049,12.166241,7.0440235,24.036495,12.474891,13.501634,26.007755,12.043173,22.68289,32.1445,17.807735,20.171011,18.10443,9.62821,6.5897593,29.30466,26.997198,29.709686,20.95006,6.8702507,12.449498,10.415569,26.678593,27.429996,25.203083,15.759393,12.015301,20.270693
169,20.498781,31.121906,22.270624,4.6967034,21.402903,6.020024,19.645235,13.562961,11.042605,7.257476,22.299067,12.297585,13.223477,24.630516,11.890813,22.687948,32.103687,17.15691,20.348928,18.90804,10.529807,7.816645,29.132027,25.778513,28.400877,19.314375,6.7256207,11.6352,12.350719,23.77612,27.35447,25.021978,15.22678,11.115965,20.09754
170,20.934492,30.098232,24.152521,11.202297,32.929737,6.06773,23.51042,11.027952,7.937516,3.427304,10.738876,13.86668,9.460198,17.224167,14.768103,26.401136,29.173107,19.604784,22.75821,23.477215,19.849373,16.609394,28.248585,21.775988,17.168547,11.146808,7.9663973,8.845646,22.394257,9.8093405,27.911741,25.035215,15.577007,10.696953,21.06478
171,19.396368,22.405613,20.611298,10.790791,14.67963,29.439678,16.197805,11.17688,31.508844,24.348585,5.1847115,26.247986,7.7699785,17.707256,30.243847,32.844463,6.0472083,18.051985,7.490748,18.984474,6.7749987,4.1543536,20.44215,14.886167,12.184787,11.859439,30.354393,19.357962,19.32149,2.0053897,17.898146,22.562656,12.973504,11.1505165,22.161226
172,22.233553,31.897102,23.54095,6.0914373,18.718273,6.3135524,19.649055,14.479893,11.625027,6.8380284,24.106714,12.552308,13.764884,26.32919,11.794545,22.684824,33.079815,18.361277,20.871428,18.694735,10.144327,7.222444,29.918787,27.72666,29.863039,21.25958,6.4897966,12.396548,10.776232,26.70668,28.042377,25.755627,16.107965,12.2660885,20.75443
173,19.60914,30.58847,23.1648,8.532934,32.83176,5.4267526,23.42958,11.444017,7.618383,3.9462,12.128411,13.592421,10.046153,18.10994,14.339897,26.009947,30.061424,18.698236,22.83592,23.120136,18.950483,15.566744,28.609093,21.94543,19.09659,11.830153,7.627795,9.417154,22.539906,11.483037,28.084517,25.198668,15.833538,10.184811,20.991652
174,21.953032,29.632925,22.39927,7.321679,19.934704,11.497755,18.022017,12.7517605,17.53736,8.670999,20.321321,13.356908,11.739415,22.801758,15.677873,26.291117,28.126957,16.384394,16.424707,17.397812,8.960418,6.205662,27.510998,22.638613,27.904202,16.694448,11.73181,11.779787,10.859394,20.455936,25.795336,23.516005,12.724651,10.542601,18.72638
175,32.99978,25.593649,32.40932,29.790445,31.222897,11.98007,21.63524,8.430677,10.535482,4.33689,6.636875,15.150713,8.461282,14.540412,14.244861,22.24198,21.308542,27.558016,16.58212,20.868393,19.927906,16.112309,26.408752,27.555954,10.1193495,9.609601,9.718553,8.678377,9.376278,3.5624895,27.326145,25.031643,9.824437,18.032555,22.638685
176,22.568695,30.224926,23.45863,7.94788,20.09509,8.255017,18.796923,13.086991,13.25891,6.836605,21.115458,12.5919485,12.491231,23.94865,12.812716,23.490473,30.49681,18.036211,18.820042,18.242697,10.06435,7.51799,28.47551,25.542717,27.55488,18.494467,8.062847,11.556678,10.727909,22.219067,26.754086,24.585514,14.171315,11.8774185,19.82934
177,21.402988,29.60889,21.90026,6.2799873,15.896831,8.90644,17.628275,13.552826,15.000917,7.60797,22.62609,12.455143,12.309026,24.21569,13.587043,23.836107,29.137611,16.506178,17.540392,16.764814,8.435453,5.4226985,27.55658,24.18508,28.658674,18.876484,9.063981,12.040643,9.365169,24.372808,25.768936,23.544594,13.855545,11.217918,18.756708
178,22.420511,30.530155,23.261078,7.2609854,18.204124,7.83002,18.699976,13.678427,13.115913,6.849059,22.441076,12.544884,12.865649,24.851984,12.572878,23.170298,30.922564,17.98277,19.120607,17.92417,9.665696,6.8167353,28.69669,26.194025,28.569138,19.576921,7.6497397,12.051052,10.183678,24.287643,26.903217,24.739048,14.733369,12.107225,19.929663
179,22.321829,29.905102,22.588379,7.2573533,17.469614,10.913204,17.76146,13.385901,17.188375,8.127688,21.869957,13.040689,12.167256,23.991364,14.967136,25.583502,28.867592,16.736176,16.763523,16.914309,8.400018,5.4313536,27.805243,23.890886,29.211216,18.121252,10.804991,12.305815,9.650432,23.00306,25.999596,23.755976,13.341733,11.153576,18.888248
180,27.119444,28.429966,28.555756,21.556526,33.41782,10.59865,22.942272,9.514616,11.551811,2.5445874,7.155784,14.807081,7.962144,15.600731,16.207602,27.675756,26.600021,23.31899,21.095259,23.445747,20.918053,18.597773,27.254522,22.852808,12.754595,9.772529,10.42943,7.679793,19.65379,5.5126333,27.329254,24.70542,13.867152,12.916308,21.410467
181,25.713789,28.07053,25.662416,15.279855,26.427958,14.192431,18.746458,10.428012,18.268656,7.885126,14.323187,14.1439,9.910689,19.024303,16.773174,27.247398,25.42993,19.22626,15.269237,18.673378,11.862271,9.868298,26.626947,21.963833,21.665613,12.628224,13.597872,9.769146,11.632435,12.0404215,25.597229,23.32957,10.586683,11.462314,19.190285
182,21.633806,31.37428,22.783958,5.4981785,16.56488,6.4853926,19.05163,14.607371,12.138083,7.0695534,24.466608,12.497738,13.564919,26.260517,12.031512,22.594713,32.159264,17.746363,20.291441,18.013283,9.493774,6.3865714,29.30695,27.066938,29.87361,21.31763,6.7896485,12.569187,10.235635,27.389017,27.41547,25.196058,15.981135,12.047718,20.262564
183,30.187422,27.392279,30.037426,24.813808,31.580677,13.573996,20.800127,8.883238,15.040983,3.4491985,8.458228,14.328878,8.250713,16.33085,15.806786,27.017336,25.827333,23.80704,18.11192,21.413103,17.566492,16.27378,26.570623,23.774977,14.410536,10.624751,11.800873,7.3706684,14.026501,6.1816096,26.407547,23.942266,11.447026,13.57634,20.564672
184,29.768612,26.413948,28.287228,22.459013,26.807274,18.830355,18.11726,9.1203575,22.363,9.013308,11.707679,15.453989,8.401785,16.847624,19.29372,28.761076,21.579994,21.19311,12.537338,17.909092,12.180619,10.154041,25.420162,21.153341,17.759409,10.398076,17.588972,9.142643,9.084369,8.111559,24.922894,22.612123,8.083972,12.642851,19.035028
185,21.37192,30.356007,22.166819,5.735713,15.610039,7.645464,18.177874,14.140666,13.566706,7.2363815,23.61595,12.407986,12.912351,25.27728,12.746444,23.099562,30.488722,17.027964,18.823275,17.202393,8.815138,5.693748,28.284418,25.590263,29.360754,20.167833,7.837123,12.398781,9.650761,26.10785,26.438826,24.253344,14.962254,11.660843,19.41582
186,21.31804,30.521896,22.211174,5.670573,16.94756,7.833012,18.438562,13.960914,13.745136,7.477706,23.25879,12.508789,12.873151,24.968124,13.051506,23.555372,30.559187,16.93918,18.811525,17.533943,9.100577,6.0365596,28.431892,25.268627,29.20793,19.674124,8.155603,12.220703,10.220686,25.288353,26.608751,24.34121,14.734782,11.445306,19.456234
187,23.275728,32.006874,24.249943,7.3037896,18.280035,7.203349,19.605677,14.524826,12.636024,6.823822,24.02751,12.8985195,13.673166,26.404076,12.412048,23.381153,32.848137,18.9041,20.60309,18.735008,10.162011,7.173531,30.105835,27.952105,29.927397,21.200857,7.0847383,12.593382,10.384987,26.45649,28.222305,25.956547,15.91075,12.79504,20.94574
188,21.478765,31.146471,22.658245,5.49249,16.995178,6.541141,18.984468,14.387573,12.087136,7.1053386,24.048643,12.4520035,13.429613,25.90564,12.034741,22.549097,31.877996,17.630066,20.09129,17.993362,9.528577,6.470352,29.11791,26.7701,29.51111,20.917807,6.8486495,12.422162,10.381893,26.734295,27.24503,25.043211,15.736034,11.93209,20.144587
189,21.479044,30.383312,22.219284,5.8268547,15.318785,7.7380476,18.141966,14.19586,13.7286,7.2678,23.76362,12.442705,12.92221,25.36177,12.82413,23.166523,30.465124,17.062735,18.788458,17.156393,8.745574,5.599263,28.307486,25.62578,29.445581,20.257132,7.915732,12.450725,9.507484,26.298794,26.455738,24.266882,14.962815,11.717646,19.421911
190,22.576242,30.152687,23.827587,8.804224,24.6711,8.890448,19.530811,12.137182,13.371827,6.9599934,18.516262,12.940778,11.901779,22.299923,13.579599,24.622627,30.105766,18.127697,18.818138,19.443703,11.40155,9.39131,28.42515,24.237192,25.679525,16.436314,8.968108,10.689894,12.835473,18.149677,26.850054,24.616802,13.556087,11.207125,19.922483
191,21.35342,30.616302,22.350273,5.6212482,16.360779,7.025867,18.512026,14.183416,12.687656,7.0592613,23.673615,12.341684,13.12527,25.488922,12.25367,22.665873,31.118511,17.293879,19.405333,17.525518,9.161656,6.09948,28.587387,26.142263,29.327501,20.45785,7.233992,12.354015,9.981237,26.271341,26.73812,24.559492,15.300022,11.7652645,19.712683
192,20.700224,30.68742,22.651276,6.093192,24.780556,6.5564046,20.108124,12.607914,11.001366,6.8870206,19.694815,12.467981,12.384544,22.831612,12.501614,23.50083,31.35186,17.376345,20.190752,19.697765,11.85595,9.471666,28.797234,24.514036,26.212002,17.226255,7.4032674,10.76777,13.941553,20.009645,27.237127,24.813848,14.571965,10.71485,20.009775
193,32.915382,25.918247,31.827251,30.301765,32.556705,17.45461,20.122574,7.642068,18.637133,3.4919002,6.0276933,14.761871,6.8786116,14.983023,17.327705,28.294188,23.650284,25.134,16.285164,20.494694,17.621286,16.87686,25.30447,23.341051,11.776438,9.113581,14.8081665,6.70448,12.835582,3.7772367,25.46679,23.068876,9.997176,13.76693,20.130129
194,22.026934,30.033428,22.640793,7.105583,19.143845,9.89505,18.262045,13.159304,15.75975,7.8412323,21.362345,12.899957,12.21035,23.653652,14.376965,25.073269,29.357023,16.896112,17.491985,17.57719,9.1916895,6.389533,27.994917,23.963858,28.364702,17.842169,9.99394,11.839512,10.5373745,22.179482,26.25292,23.957056,13.483848,11.087719,19.117998
195,22.35377,31.377605,23.364334,6.478509,18.778538,7.750774,19.13626,14.111538,13.320509,7.129252,23.389017,12.632519,13.33541,25.641857,12.706923,23.640493,31.965536,17.962519,19.607641,18.197296,9.689581,6.717041,29.394642,26.72124,29.866499,20.191496,7.7146897,12.409807,10.539705,25.446365,27.53759,25.250671,15.180208,12.022875,20.260786
196,19.898487,30.340216,23.814642,12.314766,34.83588,7.442727,25.828913,10.849466,9.097558,5.174879,7.4363756,16.403513,7.786087,14.206951,19.314434,30.290432,25.542862,19.770529,23.374582,26.066017,23.943472,19.380322,28.059809,18.022318,11.507708,7.7436237,11.506576,8.436507,27.83184,5.1916676,28.399235,25.247337,15.94982,9.958725,21.817081
197,21.404633,30.931227,22.521698,5.5113096,16.78403,6.6846786,18.79162,14.304561,12.267189,7.054178,23.908747,12.367241,13.320432,25.755135,12.055128,22.539167,31.621134,17.482988,19.833223,17.79132,9.374799,6.325692,28.8989,26.542929,29.471083,20.764784,6.945722,12.379501,10.1947,26.588455,27.036692,24.839222,15.581951,11.8434305,19.960167
198,28.928112,27.839052,28.959421,22.2135,30.792875,12.968724,20.631842,9.295075,15.029664,4.4125123,9.9277315,14.292541,8.697961,16.839752,15.877737,26.993307,26.122429,22.645283,18.01663,21.309353,16.626093,15.270142,26.819687,23.106764,15.811763,11.142339,11.814484,7.6253076,13.871962,7.384033,26.465488,23.932074,11.4452,12.966047,20.325699
199,18.932272,30.981068,22.683905,6.7509556,32.40208,4.4810796,23.261644,11.8023405,6.8543844,4.2003803,13.577336,13.17463,10.693919,19.110615,13.426018,25.102716,31.121872,18.29058,23.107244,22.826576,18.06911,14.7756405,29.005919,22.681,20.694143,12.878804,6.717434,9.776176,22.074972,13.254136,28.269993,25.445662,16.144745,10.0890465,21.042072
200,29.612074,25.51934,28.19693,23.746529,28.279488,20.32206,18.148205,8.454796,23.180855,9.10795,8.964671,16.123674,7.4196205,15.691023,20.278923,29.544634,20.354591,21.185015,12.603259,18.19246,13.076236,11.437207,24.354279,19.991148,15.341362,9.478847,19.124655,8.755825,10.841846,5.6604795,23.993095,21.953934,8.5474825,11.96653,18.791035
201,26.747688,25.76341,25.782368,19.43464,27.675621,21.40205,18.105608,8.553787,25.282923,13.789588,9.887226,17.7589,7.311245,15.431722,23.1381,31.25199,18.25362,18.710718,11.962598,18.962643,11.866391,10.405042,24.147947,16.40196,14.591112,9.214217,22.173574,9.054434,12.713874,5.056197,23.386248,21.681278,8.394381,10.007299,18.460136
202,22.050478,29.768812,22.421173,7.1277637,17.611546,10.348743,17.827223,13.257345,16.505163,8.0868845,21.76166,12.938913,12.097577,23.731327,14.695793,25.192911,28.781662,16.66682,16.978994,17.076414,8.639745,5.7165837,27.708017,23.688387,28.555166,17.978607,10.421849,12.014647,9.844368,22.75124,25.939243,23.673777,13.293067,11.091436,18.845179
203,26.21357,27.966011,27.141827,20.123259,32.24487,12.156445,22.2371,8.960262,14.497986,8.30661,9.463195,15.724798,8.030922,14.3826,18.646164,28.382341,22.663412,21.355528,17.938711,23.282663,18.706743,16.356544,26.7396,19.25559,11.487196,8.716849,13.701786,6.8504834,16.944893,4.5106297,26.756477,23.967314,10.609679,11.615818,20.611778
204,23.577856,32.111973,24.509333,7.6381435,18.560654,7.358192,19.689146,14.51889,12.770048,6.7912483,23.99514,12.944644,13.698096,26.442352,12.476108,23.520567,32.954308,19.104336,20.609829,18.80598,10.2610235,7.2583303,30.238459,28.13346,29.999495,21.185057,7.1602697,12.613842,10.333326,26.364117,28.367918,26.079771,15.866851,12.934412,21.052116
205,21.603773,30.333748,22.438835,6.29873,18.34803,8.48927,18.463686,13.536444,14.271641,7.549967,22.346783,12.599823,12.604629,24.318699,13.4402275,24.056112,30.190594,16.971523,18.371962,17.676414,9.297422,6.3847017,28.29826,24.765926,28.685743,18.800722,8.721356,11.925047,10.492247,23.75298,26.522966,24.220213,14.172702,11.294802,19.351171
206,27.613508,27.96419,27.890228,20.03897,30.196009,12.3601055,20.417591,9.440748,14.844905,5.0401325,10.7889185,14.119794,8.892734,17.152302,15.797695,26.822306,26.322107,21.64515,18.057104,21.214958,15.89796,14.66963,26.837513,22.46335,16.560633,11.456182,11.639214,7.7502556,14.140948,8.1885195,26.284443,23.809027,11.544743,12.322568,20.047567
207,21.813875,30.451567,23.299713,7.164483,22.817966,6.9745526,19.47661,12.7945385,11.386612,6.51822,20.272627,12.389411,12.613969,23.589985,11.987049,22.838657,31.37945,18.007729,19.804113,19.07545,10.956948,8.713291,28.72595,25.615496,26.879816,18.174616,7.0768366,11.096202,12.163538,21.071007,27.04266,24.846327,14.552876,11.52173,20.096945
208,19.893274,31.07329,22.186214,4.6103535,24.534836,5.275122,20.347433,13.034927,9.62203,6.6710663,20.675547,12.129481,12.90471,23.587112,11.5667095,22.575834,32.360676,17.185987,20.928236,19.62478,11.841628,9.195348,29.130386,25.343906,27.126488,18.107538,6.247227,11.065082,14.132221,21.690483,27.528362,25.073149,15.266287,10.694807,20.206076
209,21.476957,30.434547,22.267849,5.8218513,15.570602,7.6334696,18.246265,14.180165,13.545716,7.3092403,23.70405,12.485542,12.949542,25.343807,12.787329,23.119219,30.525875,17.137407,18.903667,17.284695,8.870439,5.728958,28.380894,25.701908,29.318285,20.245182,7.835529,12.432761,9.673056,26.17861,26.527477,24.351137,15.000276,11.757617,19.51282
210,21.800936,29.8608,22.32322,6.6993933,16.618193,9.034796,17.894707,13.555443,14.993985,7.5274553,22.446976,12.599888,12.3892975,24.2827,13.658491,24.04933,29.420895,16.887037,17.737139,17.068672,8.738551,5.7403927,27.852268,24.539444,28.673315,18.83632,9.072117,12.088575,9.650951,24.067192,26.063831,23.849787,13.922863,11.437784,19.045893
211,22.243399,29.623802,22.679632,7.6204753,18.556747,10.270416,17.956732,12.9991865,16.068026,7.9250774,21.121729,12.910326,12.022382,23.420506,14.457983,24.943174,28.725353,16.968458,17.023254,17.272392,8.966891,6.1546783,27.671303,23.842651,27.961226,17.668257,10.189476,11.811011,10.065672,21.899342,25.934616,23.728199,13.190055,11.198082,18.971395
212,21.40365,31.154436,22.55625,5.3503847,16.579472,6.5264487,18.916594,14.471899,12.188891,7.1467996,24.266596,12.431722,13.448525,26.012093,12.064488,22.562403,31.855114,17.534098,20.067213,17.902454,9.402642,6.3151827,29.0928,26.726995,29.670853,21.057192,6.871941,12.474174,10.241504,27.062765,27.210209,24.998789,15.78493,11.896727,20.088156
213,27.086853,27.404182,27.20448,20.250525,30.871655,14.171303,20.62859,8.920968,16.955975,8.5697,10.532929,15.270752,8.404729,15.405369,18.299877,28.029272,22.665756,20.869755,15.937213,21.22189,15.992688,13.969776,26.205528,19.907473,14.280336,9.516271,14.698635,7.4745455,13.809143,5.988779,25.99403,23.324312,9.558353,11.601491,19.822329
214,18.33487,31.040009,22.34756,6.352187,32.94905,4.3876367,23.676481,11.823595,6.6497684,4.1358438,12.97597,13.411378,10.456352,18.662682,13.907282,25.585505,30.83505,18.12545,23.36904,23.127722,18.817894,15.188687,28.965023,22.143717,20.102789,12.291249,6.9831777,9.826464,23.331902,12.689094,28.348454,25.450838,16.398754,9.828626,21.10412
215,21.691177,31.993761,22.985058,5.158085,16.451553,5.789512,19.389853,15.047229,11.517553,6.7965765,25.348219,12.374976,13.986742,27.082695,11.535862,22.30669,33.291092,17.953646,21.100376,18.236443,9.59282,6.5195293,29.824318,27.879423,30.706617,22.312641,6.169523,12.709789,10.168209,28.87299,27.901562,25.602419,16.71718,12.104916,20.57149
216,21.675566,28.302906,23.841368,14.430006,31.944838,10.369268,23.11387,9.43128,13.129656,9.9717045,9.464269,16.351906,7.8140235,13.497552,20.016884,29.167587,21.40892,18.84456,18.672863,24.196367,19.58267,16.238905,26.542568,16.167253,10.641267,7.6679025,14.034253,7.212494,20.86688,4.1902614,26.564169,23.728182,11.5039625,9.774277,20.366823
217,21.461016,31.12157,22.776781,5.629691,18.503275,6.3861575,19.1873,14.082063,11.661846,6.970414,23.406591,12.355532,13.375604,25.539026,11.832415,22.464693,32.051563,17.708887,20.192255,18.284779,9.879851,6.983187,29.162766,26.7122,29.132029,20.469212,6.663147,12.1442175,10.820186,25.731394,27.320501,25.096525,15.569065,11.830956,20.199224
218,21.604563,31.504269,22.822569,5.393378,16.731466,6.2433076,19.150904,14.675889,11.85795,6.949433,24.588152,12.430214,13.662837,26.411903,11.827504,22.451157,32.475143,17.79183,20.519224,18.089308,9.561317,6.4886312,29.417015,27.262281,30.022903,21.517752,6.565144,12.5582695,10.274979,27.639507,27.52451,25.284843,16.166069,12.028715,20.33259
219,21.558653,31.191843,22.863617,5.7138476,18.251446,6.2665744,19.21357,14.168391,11.535337,6.8821135,23.570875,12.358763,13.427988,25.683628,11.738611,22.360209,32.188023,17.81231,20.335558,18.303528,9.887731,6.9937115,29.232311,26.892607,29.180883,20.675549,6.5376506,12.170423,10.722069,26.025768,27.386906,25.164137,15.701688,11.916151,20.26391
220,21.415354,30.513577,22.368961,5.8202534,16.978878,7.45067,18.498928,13.972783,13.126341,7.222355,23.25216,12.4177685,12.964692,25.110336,12.59895,23.06027,30.80839,17.204348,19.081144,17.579655,9.212129,6.183766,28.495811,25.729296,29.093683,19.928518,7.6573753,12.223035,10.15369,25.461056,26.667482,24.459053,14.93346,11.644035,19.610334
221,21.402767,31.531578,22.793907,5.2229023,17.805077,5.920858,19.334295,14.509184,11.322764,6.884479,24.300879,12.29761,13.699857,26.240753,11.529233,22.217691,32.72248,17.778755,20.690798,18.2906,9.78765,6.8178253,29.472416,27.289434,29.832508,21.321787,6.2761087,12.359911,10.636019,27.189173,27.59658,25.336828,16.138767,11.878139,20.380638
222,21.34054,30.757406,22.565292,5.697427,18.269024,6.731253,18.91081,13.90865,12.034811,6.9895496,23.039486,12.327576,13.153537,25.180176,12.02129,22.572721,31.495953,17.487242,19.732056,18.029001,9.698257,6.797551,28.806694,26.244017,28.890837,20.058268,6.9637876,12.087376,10.700765,25.228203,26.982674,24.785969,15.246526,11.707331,19.933506
223,24.224396,29.28855,25.86972,13.827326,29.522532,7.7504992,21.046162,10.734991,10.045095,4.087469,13.023971,13.153096,10.412291,19.27223,12.994437,24.317038,29.549257,20.52765,20.693192,21.670593,15.766953,14.169068,27.982199,24.224146,19.747149,13.83439,7.574104,8.869825,15.876917,11.865314,27.040504,24.786844,14.037795,12.189608,20.701809
224,22.687048,29.404537,22.852747,8.45827,20.090664,12.725855,17.845984,12.522553,18.771635,8.945468,19.726059,13.685591,11.459484,22.460094,16.405514,26.971842,27.412462,16.644722,15.758273,17.273342,8.850708,6.1515164,27.332714,22.346684,27.550837,16.20682,12.737362,11.796078,10.552702,19.53448,25.636139,23.415598,12.255515,10.656788,18.68624
225,21.75574,30.164108,22.355366,6.5370617,18.303549,9.811174,18.194475,13.401804,15.94145,8.096884,21.99901,12.91829,12.325652,23.95646,14.498099,25.138666,29.392988,16.638018,17.507261,17.430155,8.927943,5.991131,28.047037,23.920757,28.822044,18.18796,10.063668,12.030525,10.388155,23.023525,26.268934,23.944206,13.622897,11.010101,19.056074
226,21.401203,31.118126,22.604088,5.425763,17.627216,6.6915812,18.98329,14.248232,12.250017,7.1236124,23.82353,12.3693,13.383878,25.73301,12.08982,22.714329,31.875484,17.499811,19.927706,17.998137,9.529312,6.5186796,29.081284,26.564775,29.589334,20.633148,6.975205,12.330067,10.488922,26.323711,27.217768,24.975569,15.542063,11.767026,20.050016
227,21.830053,32.054867,23.276272,5.4322314,18.187435,5.7348485,19.683565,14.758018,11.094635,6.7040157,24.694056,12.367257,13.989965,26.773096,11.357949,22.254175,33.5326,18.20583,21.224253,18.590412,10.02138,7.0639334,29.981339,28.022192,30.33381,21.864733,6.0158305,12.5047245,10.699223,27.81533,28.083443,25.786516,16.563211,12.112946,20.761644
228,21.397066,31.11129,22.604355,5.4335966,17.403349,6.609155,19.002066,14.284338,12.145068,7.1561584,23.851862,12.439625,13.381708,25.74624,12.100452,22.650547,31.81808,17.546299,20.011143,18.036104,9.574613,6.542416,29.086227,26.596077,29.439037,20.694841,6.9377937,12.355979,10.52979,26.379084,27.220997,25.003727,15.611587,11.837595,20.098558
229,21.559233,30.974249,22.581842,5.6337624,16.48143,7.0011773,18.733717,14.359829,12.727614,7.1608543,24.028658,12.4614315,13.300117,25.810913,12.33145,22.837887,31.502016,17.485567,19.672958,17.73135,9.261046,6.1633863,28.925083,26.47093,29.643728,20.752691,7.2365603,12.480103,10.068665,26.677944,27.052204,24.844633,15.499231,11.895322,19.945135
230,21.546778,30.926086,22.647497,5.727435,17.374321,6.949862,18.831688,14.166408,12.491472,7.0805607,23.611944,12.40572,13.257939,25.571148,12.211059,22.775824,31.562002,17.53341,19.687363,17.872206,9.454292,6.4405746,28.922564,26.437124,29.401932,20.455898,7.1447215,12.324959,10.326516,26.046684,27.068745,24.858595,15.375102,11.83778,19.96826
231,22.835344,30.365366,24.19972,8.832262,23.81437,7.278932,19.692757,12.46994,11.302914,6.19446,19.292055,12.598289,12.383581,23.150139,12.059249,22.94678,31.209684,18.83533,19.893244,19.526066,11.542317,9.522148,28.825502,25.885862,25.865221,17.740831,7.1324725,10.797865,12.224082,19.67526,27.212511,25.073801,14.355182,12.0199375,20.412008
232,21.803621,29.964928,22.288275,6.613743,16.871786,9.541962,17.904402,13.56892,15.687327,7.7882795,22.395761,12.74909,12.353244,24.233345,14.129536,24.618301,29.315086,16.713055,17.506453,17.069817,8.643981,5.63198,27.876173,24.232294,28.950079,18.654692,9.646906,12.163654,9.758352,23.874855,26.08355,23.82408,13.806209,11.247768,18.97935
233,22.884405,29.583492,23.208445,8.758476,20.807247,12.002649,18.139402,12.496342,17.769808,8.331003,19.57641,13.468723,11.589873,22.544128,15.757212,26.504923,28.056366,17.081923,16.323675,17.649162,9.310142,6.742002,27.594519,22.920403,27.385576,16.33834,11.871761,11.612993,10.783078,19.426579,25.920835,23.691307,12.5125265,10.889224,18.957306
234,18.805063,31.129396,22.000376,4.7665405,28.808718,4.4012146,21.876858,12.442378,7.7844973,5.523144,17.479963,12.464886,11.901277,21.390324,12.234653,23.551863,32.039097,17.333202,22.140722,21.142282,14.886228,11.84224,29.124779,23.875458,24.190924,15.498039,6.2591224,10.380746,18.30173,17.842405,27.958548,25.223228,15.715339,10.077545,20.514387
235,21.582098,31.253902,22.580116,5.3836594,15.132475,6.562083,18.746506,14.819402,12.484476,7.0304976,24.922556,12.445465,13.542922,26.49979,12.096584,22.575117,31.947575,17.565598,20.124632,17.64539,9.112214,5.922641,29.11525,26.977335,30.204084,21.687513,6.869685,12.723925,9.666492,28.216467,27.20908,24.993929,16.10073,12.047194,20.065496
236,26.780317,26.746143,26.358183,19.710777,29.928967,16.258406,19.51837,8.516972,19.850172,10.823249,11.097096,15.561281,8.027041,15.106223,19.736633,28.902655,21.042082,19.506784,14.143286,20.255318,14.129658,12.490494,25.382116,17.993063,14.438732,9.159942,17.10958,7.26365,12.513644,5.8343334,25.005346,22.38133,8.3330345,10.559644,18.82792
237,23.489607,29.04189,24.808094,13.470506,30.365566,11.318691,20.93218,10.39493,14.781143,6.79327,12.72758,14.191505,9.570261,17.785473,16.682684,27.70581,26.627722,18.892244,18.05519,21.021042,15.29322,12.917784,27.290003,20.78321,19.415512,11.34628,12.153004,8.913974,16.51363,10.264079,26.601078,23.876616,12.103812,10.424559,19.735098
238,22.624506,29.062042,22.419273,8.09923,17.096996,13.261316,17.005787,12.858853,19.805231,9.076754,20.677263,13.647019,11.405534,23.002243,16.629406,26.93274,26.910355,16.249702,15.11031,16.304443,7.663622,4.817134,26.95478,22.257633,28.48969,16.87977,13.150995,12.346823,9.295441,21.1132,25.141018,23.032196,12.233429,10.775825,18.268764
239,20.830675,30.846462,22.159924,5.092975,19.537535,7.1275845,19.070877,13.680377,12.707161,7.574343,22.689217,12.449365,12.985561,24.623684,12.745918,23.446085,31.216457,16.879686,19.433523,18.286293,9.822321,6.9526157,28.77762,25.188992,28.776789,19.224865,7.741736,11.844494,11.440448,24.20768,26.984196,24.630817,14.786546,11.111958,19.695318
240,22.512815,29.29281,23.040789,8.876848,22.382452,11.713026,18.406326,12.00972,17.15151,8.575299,18.56534,13.509146,11.313549,21.611961,15.791184,26.388247,27.498316,16.961494,16.331255,18.104502,9.924938,7.5070276,27.35524,22.171883,25.953913,15.415402,11.87931,11.029205,11.54957,17.71757,25.786198,23.530409,12.136296,10.556438,18.900171
241,19.585424,30.397768,23.901447,12.48448,35.57881,6.8559976,26.466715,10.974109,7.9654484,4.085919,6.2481427,16.516945,7.579884,13.9201565,19.196342,30.35193,25.766914,20.2563,24.293585,26.515419,25.336908,20.412365,28.10196,18.386864,10.731125,7.4319744,10.957361,8.667356,29.472591,4.6627755,28.605892,25.48815,16.869955,10.176846,22.227694
242,24.311888,24.370102,23.053715,14.460138,20.424583,24.353373,15.066895,9.846483,28.907259,15.002479,11.468553,18.37971,7.8442554,17.696741,23.74001,30.860033,16.522251,16.462973,8.8460655,15.190813,6.8672075,4.7559843,22.493767,16.341845,19.581297,11.173536,24.276293,12.825824,10.625433,8.877853,20.98079,20.529074,8.871598,9.587061,17.443033
243,19.693523,22.771276,20.699379,10.937794,16.03324,28.424526,16.356106,10.829838,30.857382,23.761639,5.8928814,25.418333,7.677287,17.377308,29.651756,32.75882,7.2616005,17.650148,8.067406,19.13751,7.152226,4.776212,20.787085,14.4978,12.234191,11.536679,29.594116,18.009338,19.027853,2.2385938,18.350971,22.351545,12.456799,10.721843,21.610178
244,21.469614,31.542242,22.742016,5.212269,16.932577,6.0935063,19.189272,14.665861,11.719789,6.9699826,24.6588,12.340616,13.705508,26.4322,11.717399,22.374397,32.58903,17.71248,20.567625,18.116753,9.558349,6.5116663,29.441332,27.24815,30.100344,21.545904,6.4531593,12.501461,10.303335,27.711342,27.547073,25.282887,16.176315,11.926328,20.311726
245,21.603615,31.903194,23.008955,5.2058706,17.392834,5.656648,19.496515,14.82575,11.144825,6.718652,24.88267,12.307075,13.938239,26.792833,11.352268,22.143633,33.31573,17.990288,21.128084,18.38208,9.809588,6.825862,29.788267,27.824553,30.344904,21.977114,6.015435,12.5226755,10.481964,28.17933,27.888521,25.598318,16.591324,12.022564,20.592094
246,21.471767,29.938772,22.090313,6.232173,16.4689,8.686943,17.96256,13.654766,14.700747,7.5988607,22.676733,12.558107,12.462326,24.359835,13.560744,23.921322,29.52837,16.714256,17.925325,17.121925,8.768477,5.723548,27.880203,24.484539,28.728958,18.980097,8.888795,12.083409,9.789402,24.38115,26.09104,23.849775,14.081905,11.323248,19.03365
247,21.586645,31.361473,23.20917,5.9296083,21.117981,5.7544193,19.746109,13.74782,10.479656,6.4839234,22.578234,12.178058,13.462605,25.256905,11.188999,22.09933,32.91091,18.094057,20.845243,18.956524,10.648916,8.06678,29.495283,27.112429,28.677454,20.145952,5.980089,11.700363,11.614601,24.566671,27.705149,25.426332,15.687341,11.782839,20.513618
248,23.751703,29.299929,25.198112,12.142247,28.015331,8.140047,20.178392,10.984213,11.03517,5.1616106,14.795939,12.8959875,10.995091,20.382559,12.695238,23.792105,29.705132,19.724855,19.754686,20.694635,13.694778,12.336179,27.979424,24.45413,21.863443,14.856086,7.8083916,9.40316,14.247417,13.747872,26.722778,24.651114,13.609469,11.9112625,20.364468
249,21.607496,31.51848,22.821331,5.380826,16.679493,6.2387815,19.1482,14.69653,11.868712,6.9481144,24.634169,12.424093,13.674928,26.446806,11.820896,22.4499,32.496384,17.789686,20.526203,18.078136,9.544425,6.4671946,29.42485,27.283009,30.070196,21.559505,6.5582576,12.570259,10.245084,27.715378,27.53047,25.287922,16.186367,12.0292015,20.332493
250,21.041399,29.733387,23.824192,13.614689,34.06264,10.803442,24.91072,9.991304,13.680769,11.214109,9.045665,17.784904,7.6989913,13.281158,22.313082,31.611238,21.40597,18.92833,19.965681,25.944939,21.678217,17.515535,27.572998,15.327487,9.891037,7.059711,15.687638,7.655465,24.30186,3.4872293,27.782814,24.704126,12.601684,9.398397,21.320093
251,19.71731,23.501368,20.757572,10.467506,16.224264,28.297112,16.779129,11.017639,31.15932,24.61951,6.7265286,25.74869,7.8549814,17.698238,30.241106,33.47069,7.6381207,17.570227,8.554615,19.869076,7.277832,4.9663625,21.432856,14.266189,12.425723,11.815084,29.881697,17.871857,19.518364,2.5634935,18.89098,22.809288,12.533064,10.671173,21.885653
252,30.039999,27.889889,30.263138,24.732191,31.779339,11.496451,22.493008,8.949161,12.595472,7.7401,9.616928,15.834179,8.729732,15.0629635,16.965675,25.968649,22.686312,24.710096,18.069906,23.428375,19.33395,16.737686,27.712244,23.396938,10.870729,9.917762,11.637753,7.453767,13.361646,4.4850307,27.904064,25.384333,10.23159,15.040737,22.265081
253,29.472101,26.798412,29.484346,25.201883,32.014706,14.085085,21.077322,8.348145,15.559982,4.5842443,7.2648854,14.86055,7.460527,14.911362,17.147844,27.805573,23.873215,23.46288,17.725744,21.926573,18.400904,17.00814,25.944496,21.938408,11.819948,9.223185,13.056634,6.836884,15.290018,4.2623596,25.966795,23.523676,10.964871,12.937202,20.380419
254,22.394125,29.392271,22.181866,7.29579,14.900686,12.346994,16.889763,13.500563,19.204538,8.747548,22.150576,13.422262,11.795257,23.988184,16.070534,26.349667,27.600569,16.214983,15.652199,16.043428,7.2765594,4.200078,27.233356,23.00227,29.57207,18.099016,12.273449,12.778941,8.704476,23.403448,25.338345,23.215216,12.919778,11.101158,18.359938
255,23.039663,30.779987,23.847961,7.9870687,18.43674,7.689525,18.955498,13.740217,12.8197155,6.647366,22.475695,12.655142,12.966168,25.052233,12.432262,23.081652,31.293602,18.558668,19.514708,18.226295,9.999118,7.183008,29.032497,26.789436,28.431885,19.841436,7.404297,12.050091,10.1102295,24.35078,27.255241,25.09109,14.921971,12.525722,20.278765
256,22.548546,29.254045,23.359234,9.301662,23.409422,10.312002,18.753405,11.82805,15.156523,7.401122,17.963573,13.03759,11.339824,21.443218,14.557897,25.321833,28.262196,17.514362,17.235464,18.585865,10.752198,8.559351,27.467318,22.857681,25.191408,15.440309,10.313927,10.580416,12.020526,17.260145,25.97482,23.72832,12.547095,10.832594,19.156723
257,20.149626,30.576803,22.904432,6.8741684,28.699728,5.317556,21.433176,11.958515,8.50332,5.4261875,16.52007,12.625492,11.571803,20.984453,12.357626,23.574646,31.339046,18.040352,21.613401,21.200829,14.665781,12.213699,28.7886,23.92328,23.192976,15.24636,6.621328,10.012949,17.376211,16.363432,27.5813,25.081518,15.180264,10.587407,20.50677
258,22.87166,28.527756,24.461681,15.363527,32.485794,14.039436,22.674206,9.613276,17.12831,10.882944,9.136078,17.319237,7.68936,14.199416,21.943783,31.332537,21.217857,18.783531,17.538363,23.352894,18.5343,15.236556,26.424282,16.100813,12.343841,7.8197246,17.23439,8.102229,20.59232,4.365796,26.373018,23.592394,11.509497,9.472516,20.20391
259,21.376627,30.834969,22.459837,5.5467205,17.001862,6.969628,18.728693,14.191366,12.597324,7.131733,23.672014,12.392166,13.213626,25.540545,12.276533,22.790619,31.39194,17.366793,19.588171,17.752682,9.340791,6.2942753,28.798874,26.25166,29.412586,20.444014,7.221404,12.344171,10.27048,26.162956,26.946045,24.736053,15.358781,11.752399,19.854883
260,20.588743,31.180859,22.483253,4.9439287,22.589294,5.910722,19.906084,13.35589,10.692993,7.204834,21.759317,12.357952,13.17451,24.360947,11.83389,22.696869,32.250546,17.349524,20.571665,19.285965,10.93093,8.365146,29.24869,25.783464,27.928574,19.000338,6.6429744,11.436594,12.846721,22.9353,27.494566,25.16678,15.192714,11.114144,20.256258
261,26.357128,27.92398,26.258581,16.667019,27.331749,14.10592,19.044113,10.17808,17.784843,7.452754,13.592558,14.145977,9.7189665,18.494137,16.622469,27.0991,25.250706,19.833168,15.421219,18.946728,12.675769,10.617748,26.582531,22.168152,20.609842,12.183003,13.403297,9.389683,11.68908,11.122011,25.742785,23.3698,10.43176,11.762229,19.350298
262,21.477612,30.601671,22.526306,5.9393873,17.993137,7.4130483,18.7092,13.827972,12.924399,7.201769,22.88721,12.452842,12.960816,24.929914,12.5762,23.127768,30.971775,17.323004,19.212738,17.852167,9.501946,6.5506477,28.619518,25.74903,28.872145,19.673246,7.623869,12.096165,10.539046,24.847727,26.807308,24.583906,14.875962,11.626878,19.729223
263,26.392828,28.923069,26.329632,14.588232,21.107178,10.435867,18.578531,11.798147,14.28126,5.527254,17.266401,13.344415,11.10159,21.833279,13.5994625,24.05419,28.267311,20.646284,17.874384,18.790445,11.391709,9.430395,27.829123,25.602118,23.584423,16.488678,9.095665,10.620028,9.723507,17.045614,26.427837,24.525112,12.823987,13.740031,20.232674
264,21.194975,30.676672,22.592468,5.9331236,21.335426,7.2851405,19.264265,13.198942,12.442968,7.3228893,21.531878,12.485636,12.7544565,23.996956,12.678255,23.469448,31.16576,17.216703,19.444658,18.670446,10.3171215,7.745138,28.735554,25.049433,27.876116,18.497179,7.7772,11.440107,11.8969965,22.508348,26.997316,24.66818,14.486783,11.119843,19.789665
265,17.602787,31.064217,22.25303,7.357545,35.06635,4.6713285,25.393354,11.653648,6.2503653,3.5733714,9.741908,14.700882,9.195561,16.47778,16.127754,27.78617,29.230316,18.52067,24.445528,24.749355,22.38284,17.678753,28.730394,20.25275,16.358204,9.80407,8.331023,9.582416,27.72199,9.28181,28.69172,25.540182,17.253984,9.51675,21.599356
266,23.478544,32.32532,24.598629,7.459302,19.450035,6.8919597,19.991962,14.498538,12.109774,6.7284975,23.901375,12.91979,13.824792,26.48209,12.182869,23.29582,33.414738,19.227942,21.056208,19.155891,10.579755,7.6723,30.468304,28.375885,29.87773,21.267078,6.783582,12.502165,10.760941,26.21339,28.597662,26.296951,16.08422,12.916344,21.256277
267,21.955029,29.66072,22.230553,7.0345616,18.650957,11.925385,17.735485,13.010773,18.280298,8.924577,20.905859,13.470915,11.787604,23.180515,16.009577,26.547499,27.980669,16.18625,16.153975,17.010746,8.423582,5.531911,27.475483,22.633314,28.58705,17.080145,12.153746,12.157172,10.398354,21.334198,25.695347,23.444609,12.786305,10.585156,18.610926
268,24.527765,29.299046,25.17797,11.948959,22.49412,8.863138,19.022085,11.912784,12.650696,5.768734,17.662746,13.010597,11.494836,22.054953,12.845415,23.388155,29.289774,19.70643,18.79761,19.202576,11.567529,9.729723,28.017567,25.354683,23.966139,16.765041,8.149163,10.488497,11.143401,17.584278,26.53016,24.586523,13.483334,12.804486,20.201656
269,18.915907,31.440073,22.129395,4.4708934,28.996544,4.287522,21.93119,12.628998,7.7183385,5.5173187,18.05123,12.335104,12.258725,21.942293,11.9170065,23.392138,32.67756,17.408506,22.240992,21.064554,14.646263,11.59098,29.423742,24.484945,25.088205,16.002148,5.976539,10.5693,18.002464,18.613815,28.194471,25.443926,15.871383,10.155508,20.658175
270,21.803276,30.316483,24.436,10.45737,31.201506,6.5107903,22.203539,11.278716,9.02859,4.4578505,13.4760065,13.287998,10.5935955,19.279663,13.543158,25.127783,30.367348,19.415329,21.782007,22.357338,16.81829,14.448485,28.636166,23.364046,20.415314,13.361214,7.564485,9.302863,18.89296,12.550549,27.774582,25.19945,14.944976,11.062675,20.904512
271,21.491367,30.938213,22.402327,5.4559965,15.103129,6.955829,18.515142,14.611642,12.925885,7.160866,24.564077,12.443871,13.330593,26.1153,12.36017,22.77139,31.393166,17.352991,19.640816,17.454784,8.948238,5.759672,28.821808,26.479115,29.95471,21.204458,7.2358513,12.649281,9.599662,27.596394,26.928177,24.72814,15.698536,11.927709,19.828959
272,24.372604,27.093256,23.769882,12.966783,23.113455,17.970407,17.163885,10.669284,22.926538,11.333575,14.759369,15.532508,9.5792,19.11169,19.673115,28.89754,22.267696,17.152617,12.483339,16.705008,9.164073,6.637348,25.272732,19.677279,22.866232,12.5108185,17.834074,11.339924,10.674253,12.561043,23.98954,22.17164,9.882263,10.400859,18.191334
273,21.967337,30.203762,22.932686,7.232194,21.242054,8.983885,18.798956,12.869987,14.311903,7.449565,20.692432,12.723709,12.296772,23.397509,13.653378,24.492575,30.040752,17.272947,18.23465,18.274109,9.9652195,7.4424,28.28013,24.333303,27.655119,17.616373,9.115105,11.41346,11.356072,21.212069,26.57974,24.280106,13.657998,11.108671,19.45974
274,20.995161,31.407831,22.814396,5.133777,21.466537,5.3832593,19.808393,13.77165,10.117492,6.6305075,22.78139,11.997639,13.58751,25.319885,10.942816,21.869265,33.098423,17.76665,20.924196,18.922594,10.584416,7.984837,29.480848,27.027472,28.909647,20.207296,5.753671,11.680313,11.851254,24.856031,27.679268,25.37655,15.770253,11.457427,20.439735
275,21.357775,30.308392,22.144604,5.8912725,17.231245,8.384669,18.300287,13.735666,14.3881445,7.704021,22.851854,12.598132,12.640702,24.531456,13.504135,23.99669,30.043247,16.74903,18.336597,17.466526,9.022232,5.996247,28.217533,24.673319,28.916979,19.109716,8.733342,12.078433,10.241385,24.498013,26.416447,24.120432,14.288527,11.267835,19.242743
276,26.82216,26.364487,25.508793,17.183517,24.617634,21.424349,17.021471,9.701342,26.064985,13.080481,12.930272,16.951508,8.585181,17.699446,21.990843,30.495195,19.821342,18.328676,10.911861,16.893045,9.379174,7.2128477,24.816748,18.560846,19.93279,10.945062,21.269165,10.94239,9.990049,9.244023,23.732903,22.027195,8.281923,10.772165,18.35179
277,32.270794,26.449202,31.565662,28.690279,31.933765,15.143787,20.38301,8.147559,16.045097,2.2319653,6.7281013,14.262374,7.496583,15.829687,15.733973,27.00329,25.329662,25.239172,17.677633,20.917444,17.887735,17.047846,25.927574,24.580053,12.856344,10.1194515,12.293855,6.9938817,13.309959,4.928848,25.925035,23.617647,11.075257,14.322029,20.523748
278,23.039804,28.351765,22.82925,9.777421,20.406971,14.670282,17.256704,11.748717,20.613428,9.98317,18.18056,14.227602,10.635465,21.128101,17.69638,27.713339,25.243502,16.421885,14.247397,16.83957,8.479831,5.9781656,26.37587,20.807587,25.852886,14.790067,14.746887,11.505895,10.225754,17.124247,24.756298,22.682299,11.045207,10.326088,18.17354
279,25.128454,28.696117,25.491331,13.169606,21.365383,9.188985,18.615522,11.719549,12.765356,5.4227233,17.089148,13.062471,11.157755,21.706478,12.807581,23.072205,28.476692,20.115267,18.421442,18.907417,11.4744005,9.699568,27.568245,25.363659,23.103283,16.612478,8.180468,10.414157,10.461108,17.072672,26.124443,24.32936,13.251903,13.249606,20.104536
280,21.346369,31.124086,22.742485,5.534463,19.527214,6.504379,19.269323,13.890774,11.721399,6.981132,23.03037,12.30241,13.323739,25.288528,11.884228,22.647581,32.117855,17.590874,20.102633,18.39319,9.995973,7.1770487,29.163776,26.485613,29.107784,20.072334,6.792271,12.015359,11.141613,25.08075,27.337515,25.071337,15.369916,11.633053,20.145723
281,18.803698,30.10014,23.079067,10.993774,34.499744,6.1854014,25.76467,10.997899,7.467874,4.0732765,7.117669,15.94476,7.812374,14.231836,18.312353,29.318106,26.036509,19.423685,23.936098,25.772377,24.1408,19.378704,27.802118,18.258398,11.725369,7.8621707,10.267815,8.645514,28.508875,5.6271486,28.158484,25.061195,16.635593,9.855766,21.676226
282,21.538034,31.509207,22.849855,5.36308,17.58779,6.158807,19.264782,14.522854,11.631182,6.937264,24.307566,12.36812,13.661157,26.243977,11.708536,22.393162,32.58961,17.800219,20.55842,18.225914,9.717553,6.715083,29.451189,27.244297,29.882751,21.292948,6.4736786,12.42555,10.527356,27.17023,27.570679,25.317263,16.07269,11.943118,20.361887
283,20.66666,30.781448,23.676353,9.152529,32.465023,6.980674,22.856033,11.416046,9.80492,4.8951635,13.145133,13.704048,10.324502,18.77114,14.881497,26.688566,30.105618,18.645252,21.805624,22.689857,17.545183,14.602023,28.791533,22.057379,20.468903,12.306245,8.773016,9.494493,20.879498,12.061284,28.066666,25.200006,15.012556,10.161731,20.80575
284,22.691725,30.311522,23.860298,8.494846,23.408272,8.503961,19.366747,12.486183,13.070759,6.8477683,19.492926,12.789225,12.245668,23.050804,13.08001,24.040728,30.570223,18.259604,18.98369,19.120152,10.943761,8.802732,28.62304,25.038195,26.505266,17.313807,8.408908,11.0208,12.074934,19.640903,26.971062,24.77902,13.838319,11.583189,20.041689
285,21.968298,29.93594,22.734318,7.3072953,20.370941,9.690704,18.463305,12.887003,15.247017,7.6629333,20.637545,12.859701,12.115476,23.246817,14.181155,24.92391,29.368683,17.01449,17.634699,17.876808,9.609916,6.957222,27.950897,23.869253,27.748442,17.406086,9.788598,11.562918,11.032595,21.175865,26.256329,23.974411,13.409628,11.005165,19.188683
286,21.212017,31.08479,22.655361,5.451186,20.055702,6.637668,19.340061,13.756396,11.837894,7.1513157,22.700716,12.395782,13.224055,24.996475,12.117155,22.886923,31.92143,17.475815,20.011837,18.53447,10.130597,7.3256054,29.124165,26.14737,28.837797,19.690424,7.025768,11.92812,11.498151,24.462185,27.312862,25.033482,15.19436,11.515664,20.112846
287,25.605612,28.552319,25.858528,14.160576,23.706425,10.486759,18.738657,11.139393,14.060562,5.8058805,15.9890995,13.193624,10.786971,20.753542,13.678854,24.174839,27.861624,20.09732,17.536882,19.027683,11.757401,10.063042,27.446268,24.532545,22.60846,15.172675,9.4291,9.999994,10.771506,14.987605,26.131798,24.167133,12.235195,12.904857,19.918518
288,21.488804,31.846214,23.058956,5.2285275,19.167374,5.6190495,19.70595,14.450003,10.81431,6.7873745,24.200708,12.231508,13.875879,26.318699,11.238827,22.121077,33.35135,17.99851,21.07247,18.662449,10.134517,7.267909,29.811522,27.654102,29.909452,21.340864,5.95773,12.234138,11.027224,26.968685,27.939587,25.631037,16.25848,11.857402,20.628405
289,21.75022,31.654041,22.984875,5.49616,17.04683,6.269306,19.280807,14.692076,11.85622,6.980097,24.61846,12.486771,13.725144,26.483875,11.858932,22.542038,32.647453,17.924871,20.620914,18.225084,9.6656475,6.5934515,29.581457,27.420675,30.087528,21.54434,6.5699334,12.580408,10.376128,27.609459,27.682964,25.432049,16.18943,12.1024065,20.457537
290,21.699709,31.112041,22.845467,5.8212757,17.487667,6.718308,18.993673,14.261741,12.175106,6.992196,23.765482,12.432271,13.382428,25.780905,12.034082,22.621702,31.894825,17.75474,19.998266,18.025928,9.6006775,6.5994396,29.125263,26.805895,29.454182,20.727934,6.902693,12.356564,10.367442,26.31297,27.265263,25.05826,15.60066,11.978888,20.159494
291,21.505812,30.286562,22.220852,5.969866,15.806475,8.022957,18.124514,14.034294,13.99922,7.318654,23.40159,12.471208,12.799203,25.070118,13.028442,23.415873,30.257069,16.99057,18.562643,17.177895,8.797806,5.681903,28.214413,25.337229,29.275343,19.86207,8.182714,12.343735,9.646399,25.68488,26.383595,24.174734,14.719163,11.611857,19.332853
292,21.187525,30.906612,22.358742,5.2944007,17.379425,6.852289,18.84181,14.162989,12.477992,7.2599254,23.635878,12.413237,13.231244,25.472252,12.309962,22.840117,31.449556,17.2695,19.680258,17.892189,9.443832,6.404064,28.85682,26.133196,29.349405,20.347902,7.2216196,12.29644,10.54384,26.00804,27.004833,24.77297,15.354576,11.647558,19.875732
293,22.451727,29.7495,22.683977,7.621482,17.727402,11.086343,17.753958,13.199102,17.285795,8.232723,21.49515,13.155772,11.997823,23.66567,15.14775,25.689554,28.538757,16.80968,16.651321,17.027964,8.538427,5.6347656,27.702503,23.625147,28.631283,17.78643,11.013412,12.141306,9.765373,22.347418,25.918652,23.696617,13.113793,11.173777,18.870447
294,24.988838,29.369709,26.389923,15.086697,30.350775,9.106762,21.238764,10.590931,11.551028,4.334914,12.544784,13.531453,10.132027,18.822647,14.073124,25.559782,28.99546,20.756456,20.103746,21.704994,16.10092,14.306398,27.999954,23.772604,19.483528,13.058322,8.891779,8.788421,15.963154,11.022876,27.204895,24.755186,13.49515,12.112429,20.675035
295,20.152445,30.006699,24.061043,13.604942,35.386387,8.117204,26.127981,10.544376,9.611532,5.255666,6.2338505,16.742416,7.242125,13.376903,20.150192,31.011335,24.482931,20.134598,23.230776,26.39732,24.88693,20.174372,27.748299,17.44594,9.913862,6.8836756,12.28831,8.228504,28.563257,3.8667216,28.279507,25.12948,15.808888,9.939233,21.90053
296,19.62897,30.969925,23.290169,9.303245,34.12157,6.9631286,24.409357,11.383606,9.342194,4.8756237,10.852492,14.839308,9.381003,17.056538,16.839573,28.516611,28.751585,18.739498,22.784733,24.151066,20.434517,16.530594,28.723946,20.339624,17.466867,10.321401,9.900209,9.35896,24.769863,9.538192,28.448837,25.364008,15.787827,9.760535,21.27156
297,21.551367,31.657536,22.918644,5.308029,17.539806,5.8789277,19.373297,14.637059,11.309471,6.8051195,24.50597,12.332692,13.77458,26.451437,11.498052,22.213528,32.906525,17.90056,20.834208,18.311731,9.787656,6.8035164,29.585756,27.509932,30.006002,21.574137,6.2118115,12.445683,10.536568,27.551193,27.699493,25.438879,16.304672,11.984087,20.469116
298,22.03042,31.278389,25.19722,10.699413,33.328506,5.2126403,23.567091,11.660133,7.0777283,3.1667717,12.900127,13.443425,10.788789,19.334833,13.144161,25.218569,31.90283,20.365652,23.567015,23.42926,18.908918,15.981837,29.574888,24.481056,20.133177,13.364302,6.4811234,9.429906,20.762892,12.410934,28.94357,26.110004,16.17028,11.604034,21.813486
299,21.079212,30.981869,22.296928,5.2964754,19.543774,7.683598,19.082672,13.7212715,13.467207,7.8302712,22.756521,12.650141,12.949539,24.626156,13.267036,24.044966,31.075647,16.874903,19.208658,18.314838,9.751258,6.8429265,28.867517,24.99852,28.968758,19.093006,8.312804,11.924867,11.428735,24.103004,27.067875,24.67348,14.628027,11.098344,19.69805
300,25.853727,27.21074,25.429436,16.26273,27.048496,17.375256,18.447077,9.920879,21.390192,10.492463,12.812903,15.533218,9.160801,17.74247,19.390217,28.89942,22.38931,18.748714,13.390986,18.216377,11.658961,9.298788,25.614702,20.071173,19.997648,11.225083,17.227556,10.032866,11.7206545,9.691424,24.773117,22.643942,9.608916,10.881039,18.856752
301,22.258436,29.449657,22.163933,7.2015247,15.857134,12.312617,17.07075,13.362703,19.072159,8.828433,21.832518,13.430437,11.777088,23.783184,16.09413,26.442038,27.675386,16.162163,15.731097,16.264805,7.5028467,4.5026073,27.272938,22.853537,29.36471,17.826246,12.322037,12.624759,9.114072,22.868813,25.401825,23.249853,12.851611,10.920091,18.391546
302,18.884085,30.780514,22.372093,6.734756,31.918056,5.7173333,22.943438,11.618095,8.608678,5.5567822,13.740695,13.612703,10.466286,18.80563,14.616989,26.005121,29.953423,17.753733,22.14644,22.711027,17.413328,14.222076,28.72139,21.528322,20.44242,12.452103,8.237257,9.678667,21.70672,12.746623,27.941109,25.133863,15.3834305,9.671866,20.720987
303,22.725365,29.592579,22.733845,8.0419235,18.670143,12.806404,17.584032,12.896648,19.220055,8.999357,20.74271,13.588399,11.676084,23.117064,16.402626,26.99494,27.691666,16.498087,15.643945,16.858234,8.24782,5.3872137,27.466309,22.68815,28.668503,16.89882,12.733902,12.18747,9.844179,20.992912,25.689852,23.444801,12.421369,10.769878,18.608027
304,21.296549,30.580063,22.425476,5.7963657,18.895908,7.5216336,18.799368,13.650328,12.997884,7.2785153,22.476976,12.455403,12.872339,24.615126,12.719006,23.359776,30.921055,17.153538,19.129946,17.987984,9.652192,6.7649407,28.577019,25.404203,28.712555,19.24034,7.8128552,11.944931,10.942058,24.147331,26.787754,24.523039,14.700383,11.399726,19.656326
305,25.456755,27.044096,25.021019,15.665774,26.478258,18.123587,18.232336,10.027646,22.184286,11.114404,12.581256,15.950904,9.0803585,17.811867,20.016651,29.297789,21.796194,18.402178,13.071148,17.993603,11.303733,8.848394,25.337317,19.71182,20.14026,11.273551,18.035902,10.459627,12.024546,9.629382,24.42397,22.491335,9.818426,10.711395,18.786915
306,21.358082,30.611046,22.264488,5.5514708,15.536593,7.1818795,18.386692,14.328933,13.026892,7.183131,23.962603,12.42722,13.116076,25.628418,12.46424,22.811455,30.936186,17.216436,19.298391,17.385118,8.962993,5.8218007,28.542091,26.060688,29.491213,20.626764,7.4291077,12.497437,9.7702675,26.686516,26.674625,24.507217,15.34417,11.809238,19.659163
307,21.634842,31.088913,23.490974,6.6077175,24.046412,5.743894,20.115528,13.016174,9.859893,6.200226,20.713541,12.19537,13.0993395,24.139894,11.110348,22.163256,32.74708,18.305433,20.921043,19.619312,11.517129,9.312674,29.35738,26.605352,27.259348,18.862513,5.9551272,11.05418,12.721764,21.816936,27.668335,25.40058,15.276304,11.5947075,20.578203
308,20.641285,23.13861,21.357534,11.870014,17.16492,27.174572,16.450226,10.756128,29.703648,21.444643,6.48548,24.018635,7.82184,17.343239,28.204609,32.192287,9.150374,17.83864,8.508783,18.640192,7.706759,5.176545,21.205654,15.395073,13.514336,11.350063,27.903837,17.139488,17.80495,3.1865804,19.041721,22.204512,12.09134,10.881688,21.120441
309,20.95088,28.979162,23.838118,14.365324,33.562134,10.175089,24.624348,9.75736,12.527931,9.145276,7.744323,17.137602,7.3146324,12.968093,21.215261,30.762747,21.590103,19.31108,20.288874,25.553913,22.133064,18.091766,26.94561,15.832256,9.270379,6.8348584,14.435685,7.5419693,24.620464,3.157399,27.238235,24.314398,13.0524435,9.6232605,21.106401
310,23.729425,29.516266,25.139835,11.913642,28.239576,8.743376,20.211117,11.06783,11.909114,5.5591984,15.055389,13.036329,11.05552,20.52147,13.208421,24.422668,29.678131,19.52828,19.45336,20.614658,13.477004,12.044531,28.103945,24.255331,22.439013,14.768331,8.46548,9.58593,14.313433,13.931043,26.826797,24.69456,13.445561,11.685703,20.330454
311,30.417051,26.271257,29.614555,25.44218,30.399845,15.890099,19.691912,8.407125,17.693392,5.3151755,8.507644,14.721881,7.819751,15.564966,17.060118,27.310038,23.21352,23.109945,15.543394,19.980934,15.962243,14.46036,25.496675,22.356762,13.970173,9.722436,14.245539,7.4354935,11.875362,5.48096,25.436327,22.984186,9.569277,13.208822,19.758917
312,20.158693,29.963045,23.947655,13.113169,34.77451,7.8253694,25.680145,10.605867,9.412388,5.0787325,6.908039,16.378855,7.5225973,13.869802,19.440582,30.344358,25.03036,19.918253,23.098017,25.95341,24.036438,19.559351,27.737432,17.845427,10.871481,7.4446244,11.731617,8.257046,27.662086,4.6600127,28.130053,25.024542,15.73693,9.978754,21.692858
313,20.986347,30.951872,22.493408,5.3496723,18.363281,5.583574,19.272615,14.030098,10.608177,6.7162604,23.197475,12.259605,13.317933,25.333494,11.363639,21.804743,32.07268,17.621862,20.637491,18.439022,10.126658,7.3381987,29.000336,26.612396,28.420876,20.495745,6.0923257,11.909425,11.163532,25.677279,27.196026,25.004847,15.8166485,11.701799,20.178364
314,21.352129,30.409906,22.550812,6.0790386,19.523878,7.26878,18.836878,13.43905,12.437193,7.008445,22.016562,12.325708,12.818576,24.394735,12.332891,22.95275,30.968872,17.332996,19.21876,18.074615,9.848531,7.0841856,28.500376,25.540504,28.279512,19.069025,7.446116,11.754446,11.0128145,23.597748,26.734575,24.511541,14.650319,11.455419,19.695969
315,18.456753,22.26433,19.899965,9.61963,12.8231735,28.587158,16.089363,11.461821,30.775772,24.012585,5.3064065,26.108166,7.903706,17.936893,29.905415,32.497147,5.8025165,17.873983,7.6563945,19.091995,6.521044,3.8429503,20.314732,15.006255,12.377274,12.029103,29.37462,19.73539,20.027853,2.3331616,17.612566,22.634413,13.430261,11.401652,22.28341
316,21.359043,30.800772,22.449974,5.539216,16.72015,6.7314706,18.696955,14.23406,12.311333,7.0304384,23.800768,12.319816,13.253166,25.637949,12.05081,22.505413,31.46796,17.413004,19.701506,17.70437,9.314429,6.279167,28.779886,26.410063,29.378908,20.646679,6.973787,12.332601,10.118473,26.442942,26.924679,24.732367,15.473274,11.799603,19.866127
317,22.096624,30.916431,23.262985,6.693558,18.713285,6.6211,19.156546,13.869848,11.650129,6.6328535,22.76498,12.440697,13.183791,25.227915,11.832552,22.43779,31.817902,18.161207,20.117088,18.388199,10.113976,7.3303623,29.084541,26.825174,28.51331,20.189795,6.6631117,11.982756,10.664612,24.897255,27.282421,25.107912,15.407292,12.164516,20.283308
318,21.972599,31.831469,23.190527,5.635199,17.192432,6.330878,19.370155,14.7701,11.93306,6.927125,24.736158,12.522355,13.812635,26.666546,11.867817,22.644499,32.899418,18.07981,20.731556,18.294464,9.716301,6.637212,29.75502,27.662893,30.331707,21.70329,6.569475,12.654607,10.337795,27.779202,27.848446,25.579756,16.292416,12.203707,20.575405
319,21.817041,29.628124,22.674072,7.418733,20.355312,9.041678,18.414722,12.738865,14.257662,7.243779,20.299353,12.617416,12.056005,23.051373,13.531453,24.138346,29.324678,17.146646,17.836275,17.872627,9.793837,7.2208056,27.739923,24.045557,27.138922,17.394545,9.052334,11.347286,11.014496,20.944492,26.075386,23.868694,13.499247,11.10904,19.17674
320,23.029722,30.096485,23.56754,8.668783,21.01302,10.59252,18.566528,12.722801,16.16805,7.75209,20.317366,13.144705,11.993421,23.157455,14.727753,25.622446,29.29487,17.598055,17.416971,18.130379,9.741508,7.2549577,28.203096,23.981916,27.562395,17.138708,10.452508,11.498767,10.846531,20.455921,26.509193,24.224998,13.07129,11.30736,19.408907
321,20.50034,29.851582,22.739399,7.711062,27.060478,6.4562716,20.729538,11.636402,10.104971,6.6970043,16.664833,12.887597,11.200282,20.377184,13.28463,23.96279,29.491867,17.69672,20.267298,20.782862,13.841237,11.537426,28.114738,22.726372,22.216112,14.812339,7.845118,9.667484,16.047241,15.791865,26.885408,24.456686,14.063613,10.421993,19.985115
322,31.989687,26.376057,31.370256,28.86395,32.57637,15.703431,20.665773,7.9982166,16.693214,2.8874333,6.150159,14.629496,7.1936393,15.190783,16.664356,27.825191,24.469748,25.037409,17.435877,21.234985,18.409986,17.436733,25.743282,23.662615,11.964968,9.411637,13.257866,6.8463945,14.050305,3.9941206,25.859627,23.48945,10.882852,13.887209,20.482145
323,21.55211,31.88775,23.013306,5.2087874,17.765507,5.6298947,19.574224,14.74461,11.01984,6.7557507,24.683477,12.346652,13.90827,26.6492,11.362223,22.140406,33.279045,18.008108,21.158693,18.490784,9.93637,6.9685426,29.791443,27.760485,30.124506,21.800394,6.019169,12.461927,10.712303,27.84274,27.901438,25.62001,16.540335,11.998804,20.627062
324,23.114115,28.937721,23.806643,10.612567,24.827824,11.065891,18.893156,11.308382,15.668598,7.81109,16.86909,13.308548,10.955289,20.497356,15.147141,25.775871,27.32859,17.825384,16.670145,18.831398,11.217174,9.08101,27.277763,22.320337,23.936298,14.359624,11.078875,10.182721,12.1574955,15.326185,25.923027,23.644232,11.795005,10.850309,19.171991
325,21.357893,30.6418,22.377377,5.6081753,16.346827,6.8926187,18.534756,14.216768,12.508677,6.9873633,23.724598,12.310707,13.166371,25.564327,12.119108,22.52696,31.23504,17.342436,19.510883,17.535053,9.183217,6.1328154,28.614275,26.272804,29.349335,20.582335,7.0922923,12.354683,9.953756,26.408623,26.764381,24.591421,15.40125,11.790635,19.749052
326,26.566198,26.403091,26.035275,19.010168,28.176472,20.61468,18.972853,9.056161,24.060923,13.789961,9.75171,18.252085,7.7388725,15.852151,23.03743,31.184156,18.688858,19.355366,13.000349,19.885258,12.949182,11.065316,24.753162,17.35297,14.50502,9.742344,21.479486,9.61105,13.958515,5.1651654,24.013569,22.478804,9.4237995,10.56327,19.37779
327,21.514471,31.423435,22.743034,5.339368,16.887285,6.205007,19.109404,14.59513,11.807524,6.954995,24.513472,12.345604,13.632684,26.313885,11.760177,22.382452,32.421688,17.708628,20.438988,18.052593,9.53128,6.486338,29.346226,27.158827,29.96956,21.4177,6.5247474,12.477583,10.2411785,27.502808,27.458721,25.208662,16.065628,11.945893,20.256075
328,21.483377,30.817776,22.37941,5.5787206,15.997415,7.4636445,18.506021,14.340551,13.426884,7.33201,24.002758,12.5118885,13.148202,25.651035,12.74855,23.241766,31.058792,17.210493,19.248703,17.512371,9.006164,5.8572273,28.712717,25.984026,29.741177,20.511564,7.730927,12.520466,9.908536,26.55863,26.84196,24.612616,15.254354,11.755149,19.70648
329,33.636276,25.305126,32.896355,30.696148,30.90377,11.955645,21.518286,8.394384,10.0814705,3.745231,6.267927,15.088372,8.478454,14.619511,13.74222,21.56671,21.215134,28.19032,16.477564,20.550865,20.004517,16.0223,26.333015,28.459974,10.048368,9.726964,9.22787,8.9401,8.694586,3.5175107,27.324852,25.123867,9.852492,18.74041,22.837393
330,28.891018,27.257921,28.683863,23.731749,31.788504,14.763726,21.12605,8.216608,17.46196,9.423522,9.765536,15.77304,7.7540655,14.462726,19.189156,28.634249,21.720043,22.148926,16.226915,22.4087,17.109701,15.683549,26.317894,19.548082,11.172338,8.925791,15.481142,6.267385,13.705702,4.174807,26.249893,23.566595,8.968045,12.097342,20.246561
331,21.358831,30.498123,22.167742,5.606819,15.594666,7.6713605,18.244987,14.226518,13.679844,7.330928,23.782503,12.461768,12.970342,25.391808,12.854708,23.25174,30.594471,17.007025,18.889757,17.263376,8.815433,5.6652193,28.393366,25.610464,29.545856,20.256372,7.915979,12.465736,9.724116,26.289524,26.536766,24.330713,15.03091,11.650716,19.464558
332,21.7807,30.640104,23.051134,6.600848,19.870995,6.700728,19.150772,13.486042,11.574908,6.669737,21.994232,12.351969,12.966252,24.613214,11.8676605,22.500021,31.51688,17.912466,19.87335,18.474995,10.27167,7.6214323,28.835552,26.251272,27.98062,19.458776,6.8023086,11.679264,11.09304,23.685226,27.072323,24.884716,15.023089,11.849007,20.089079
333,24.693422,25.881796,23.612116,14.195824,23.488197,22.252344,16.34085,9.939402,27.199438,14.474831,13.051405,17.317532,8.605751,17.947203,22.7264,30.753174,18.852837,16.596157,10.109004,16.048374,8.131446,5.7771945,23.970537,17.264885,20.897623,11.185335,22.479143,11.798851,10.5550585,9.863643,22.692617,21.297161,8.64941,9.56904,17.719288
334,26.507679,28.470894,27.52539,20.365137,32.17729,11.687281,22.865294,9.076258,14.161201,9.788027,10.045968,16.363464,8.278533,14.411457,19.243017,28.545946,22.1498,21.872663,18.376139,24.40206,19.257296,16.881857,27.398039,19.324934,10.5152235,8.993897,13.737785,6.8209286,17.06078,4.172887,27.369873,24.701036,10.59233,12.154331,21.378428
335,30.66237,26.945877,30.21137,26.012413,31.807745,14.933466,20.60412,8.482104,16.556557,4.280699,8.002602,14.648109,7.8053656,15.613703,16.814825,27.737535,24.524336,23.776228,17.093224,21.185575,17.4431,16.145506,26.136766,22.880426,13.438011,9.781781,13.271798,7.0714827,13.5909395,5.171301,26.10347,23.563429,10.532769,13.327496,20.28209
336,20.40365,31.381767,22.847942,5.7494493,26.864027,5.8372045,21.095312,12.717697,9.945379,6.4929338,19.226315,12.628273,12.437136,22.714838,12.510601,23.835564,32.246166,17.676483,21.278154,20.586018,13.137612,10.541884,29.428127,24.748262,25.93278,16.919054,7.044189,10.74473,15.70572,19.522383,27.97876,25.39143,15.209327,10.655386,20.533081
337,21.456106,30.843548,22.418644,5.66016,17.61836,7.836085,18.69546,14.016355,13.751796,7.5472383,23.354004,12.586513,13.003509,25.119537,13.119666,23.777248,30.955296,17.075022,19.03875,17.795914,9.284576,6.234311,28.738777,25.475218,29.44055,19.73984,8.183639,12.252703,10.48557,25.295547,26.905455,24.592455,14.829968,11.475604,19.651148
338,21.825264,30.968464,23.183743,6.435283,19.598717,6.2619624,19.365553,13.764944,11.103221,6.542396,22.451088,12.386187,13.203246,25.070919,11.611786,22.271177,32.055656,18.122747,20.394663,18.638323,10.393899,7.707921,29.135214,26.799582,28.276434,20.03142,6.4084926,11.833153,11.172526,24.486744,27.349466,25.168608,15.504612,12.014415,20.349596
339,22.246292,29.395618,22.115875,7.168501,15.087615,11.91495,16.973135,13.465849,18.700365,8.646379,22.208162,13.278782,11.835077,23.951847,15.777689,26.046665,27.746742,16.204626,15.847831,16.135357,7.4237804,4.3603697,27.251083,23.061363,29.392355,18.124937,11.893951,12.622833,8.773921,23.454811,25.37767,23.221031,12.957189,11.067495,18.367022
340,21.978125,31.718624,23.265675,5.848063,17.970543,6.164333,19.46119,14.534326,11.5394535,6.8077435,24.277702,12.457573,13.728727,26.347572,11.685433,22.458197,32.887314,18.163584,20.786238,18.466648,9.946364,6.9843082,29.71318,27.593958,29.849253,21.37572,6.3877597,12.410903,10.563032,27.073412,27.835213,25.568336,16.140888,12.17656,20.590456
341,29.675516,27.554825,29.804329,24.952623,32.73303,14.0336685,21.608633,8.6641035,15.647849,4.801665,7.781959,15.1194105,7.759636,15.288832,17.462091,28.37152,24.553017,23.64586,18.161982,22.40741,18.73192,17.182178,26.614061,22.2322,12.444397,9.440488,13.200855,7.027188,15.728819,4.6429653,26.628963,24.042881,11.217171,13.024796,20.771751
342,19.498999,30.457684,23.432945,10.4005375,34.27216,5.9130626,24.958277,11.16308,7.538334,3.9794984,9.222083,14.975191,8.796122,15.880609,16.655094,28.03694,27.917791,19.36852,23.572954,24.792252,22.187693,17.966106,28.32502,20.068724,14.833313,9.502227,9.121937,8.909879,25.988201,7.99068,28.34612,25.27406,16.259562,10.154016,21.523117
343,21.525957,30.62773,22.643028,6.0503488,18.852505,7.356139,18.82887,13.676253,12.723611,7.119417,22.594463,12.392188,12.959283,24.783453,12.452623,23.090986,31.134804,17.400093,19.269516,18.00415,9.676333,6.813651,28.684402,25.787273,28.751692,19.469519,7.524282,11.9610195,10.734411,24.373447,26.8855,24.64428,14.78744,11.585402,19.779676
344,17.810055,30.793484,22.697882,10.197926,36.086956,6.2194095,27.033875,11.30906,7.4097342,4.1170435,6.1494155,16.708858,7.4994855,13.61334,19.75195,30.970068,25.84771,19.288973,24.762474,26.817873,25.96876,20.453056,28.180628,17.305511,10.90592,6.849438,11.1986685,8.930075,31.477745,4.7322674,28.78454,25.462143,17.454006,9.335356,22.136042
345,22.218462,29.888302,23.191046,8.161405,23.504215,9.818899,18.959951,12.151812,14.936032,7.741545,19.07997,12.968327,11.796378,22.22231,14.354166,25.26959,29.261135,17.307682,17.723879,18.750097,10.452934,8.274015,28.046999,23.297121,26.333681,16.168348,10.009205,10.839324,12.112735,18.523184,26.42714,24.114351,12.85883,10.767471,19.350183
346,21.468443,31.137218,22.614563,5.4502335,16.905746,6.6066537,18.9177,14.396077,12.235273,7.111415,24.142912,12.388167,13.432895,25.944553,12.045772,22.593916,31.878428,17.553217,19.995016,17.904224,9.417924,6.359681,29.091341,26.720648,29.686523,20.945856,6.8935504,12.425691,10.227895,26.856045,27.214905,24.990294,15.689586,11.876755,20.072159
347,22.207773,30.959969,23.592537,7.1545734,21.234537,6.6354437,19.611723,13.376049,11.266151,6.613057,21.53254,12.564526,12.995039,24.508852,11.917336,22.696898,31.906254,18.388823,20.331375,19.11102,10.851996,8.370811,29.217049,26.508387,27.557985,19.299295,6.7500634,11.522278,11.683074,22.890217,27.469711,25.278671,15.138543,12.033371,20.474112
348,26.8445,29.43275,26.754951,14.766554,21.11993,10.432705,18.867815,12.110952,14.355339,5.512402,17.842667,13.460985,11.3902,22.372627,13.634439,24.2543,28.86178,21.013432,18.201067,18.946363,11.544367,9.408802,28.319038,26.298044,24.241285,16.982428,9.022884,10.886025,9.624559,17.827518,26.914433,24.94049,13.115736,14.072332,20.574205
349,21.060732,30.835081,22.664062,5.8929353,22.919384,7.1972995,19.634703,12.994484,12.181099,7.4035664,20.94492,12.574339,12.705312,23.653524,12.779278,23.711338,31.333557,17.244608,19.689817,19.158627,10.810422,8.367094,28.890623,24.838842,27.47959,18.046072,7.8447313,11.228203,12.718759,21.526031,27.186123,24.819614,14.460437,10.921089,19.928335
350,21.757803,30.57808,23.161636,6.9205437,22.869505,7.6741376,19.430277,12.833443,12.437599,7.0699224,20.492786,12.564355,12.595262,23.56615,12.683179,23.610884,31.100452,17.70743,19.349436,18.984283,10.707339,8.362999,28.761684,25.162462,27.298182,17.926977,7.8792634,11.227817,12.208961,21.052109,27.057415,24.796377,14.243976,11.277544,19.97636
351,26.646448,28.265556,26.422024,15.876813,24.397358,12.677765,18.555525,10.844503,16.501036,6.668806,15.623403,13.599579,10.429154,20.079666,15.0929165,25.48583,26.535715,20.248081,15.98702,18.462776,11.601017,9.564895,27.148926,23.923197,22.379383,14.050134,11.519738,10.006867,10.01711,13.99459,26.048988,23.868168,11.004916,12.816284,19.668411
352,22.411413,30.345282,23.318058,7.668269,20.598686,8.664139,18.871103,13.022066,13.886318,7.3637943,21.138449,12.7577305,12.442415,23.786327,13.355189,24.080591,30.31557,17.757753,18.593264,18.362797,10.017148,7.476177,28.53218,25.02529,27.589499,18.169119,8.673802,11.513308,11.022807,21.883286,26.796711,24.564428,13.907556,11.581348,19.751637
353,21.185167,30.821463,22.95798,6.217173,23.707647,6.582212,19.850815,12.895308,11.083835,6.79797,20.482191,12.397794,12.756761,23.641094,12.065733,23.057959,31.810595,17.673506,20.208973,19.395996,11.266037,8.941909,28.972994,25.434267,27.119396,18.157984,7.050388,11.104433,12.984143,21.224243,27.298092,24.995617,14.79548,11.145183,20.167233
354,21.294062,30.96825,22.436573,5.430234,17.967283,7.2189956,18.911371,14.05594,12.918493,7.4156437,23.40553,12.519027,13.151476,25.261646,12.669763,23.299856,31.35311,17.217688,19.51201,18.012564,9.526694,6.511303,28.900757,25.847742,29.310677,19.991777,7.6240525,12.223023,10.746246,25.472252,27.062658,24.777723,15.12852,11.545376,19.848608
355,21.520535,30.419083,22.229279,5.8849235,15.88947,8.1215105,18.17991,14.081324,14.211382,7.4600506,23.55418,12.518124,12.836774,25.132565,13.190465,23.631678,30.325523,16.94073,18.556396,17.232449,8.780328,5.6454005,28.315641,25.278204,29.449877,19.877296,8.338986,12.368898,9.679623,25.777546,26.477526,24.22795,14.699657,11.56267,19.346968
356,21.629572,30.351997,23.513882,8.2536955,27.343834,7.8966866,20.459097,11.866301,11.87484,6.4938097,17.181599,12.942903,11.590974,21.358088,13.542586,24.788038,30.396183,18.006485,19.755066,20.366127,12.965955,10.844937,28.55117,23.607267,24.3934,15.36476,8.571474,10.233015,15.116695,16.508595,27.175274,24.757944,13.952674,10.68664,20.099894
357,31.991964,25.30614,30.636398,28.494276,30.43982,17.490608,18.967138,7.662047,19.116077,4.240099,7.196571,14.40641,7.017402,15.137748,17.025257,27.460371,22.885767,23.882025,14.95932,19.200993,15.683087,14.902028,24.714424,22.554148,12.895496,9.281314,14.974043,6.8979096,11.084289,4.732246,24.70627,22.357153,9.086282,13.371603,19.299189
358,21.737589,30.197527,22.807724,6.83916,20.084694,8.007145,18.780031,13.166674,13.123439,7.047902,21.225466,12.523725,12.529038,23.892073,12.836736,23.49272,30.431065,17.458986,18.802816,18.148735,9.96921,7.315943,28.320526,25.112894,27.762396,18.417696,8.072863,11.610666,11.144953,22.40075,26.591679,24.395485,14.2705965,11.450612,19.630638
359,22.094175,30.59127,22.948391,6.6385117,17.862572,7.9440217,18.56346,13.843492,13.442106,6.9123735,22.825127,12.441255,12.9632,25.095543,12.619142,23.29242,31.038244,17.638039,18.966291,17.629229,9.3478365,6.398753,28.646442,26.118906,29.265371,19.75525,7.79633,12.248033,10.06971,24.922844,26.83112,24.628351,14.808911,11.87703,19.76883
360,22.872055,28.941021,23.797962,10.674824,26.064339,10.954991,19.19242,11.121231,15.309149,7.346574,15.894061,13.34924,10.726695,20.095428,15.190881,26.041311,27.518816,17.853012,17.101809,19.257168,11.853508,9.894877,27.22426,22.033855,23.36472,13.893107,11.048107,9.986057,13.300314,14.319991,25.918163,23.645742,12.092095,10.596214,19.215874
361,20.749655,30.659973,22.201424,5.358355,21.271103,7.2833753,19.241592,13.213652,12.607792,7.6219854,21.630423,12.507977,12.732809,23.885592,12.896008,23.64977,30.966232,16.832733,19.325266,18.635483,10.228183,7.588454,28.645725,24.629747,27.93033,18.349977,7.985997,11.439075,12.108349,22.517597,26.90708,24.539667,14.400984,10.844485,19.641012
362,22.904715,28.716377,24.766273,15.504174,32.29542,12.178085,23.051607,9.676784,14.988218,9.679423,9.25497,16.853304,7.8952284,14.325062,20.694775,30.286253,22.138512,19.41305,18.612448,23.97689,19.233221,16.072504,26.82828,16.987383,11.881562,8.169434,15.258734,7.813291,20.87334,4.590917,26.762714,24.013268,11.953065,10.055496,20.6075
363,20.747892,31.15738,22.400108,4.8887305,20.283142,5.919352,19.50742,13.783381,11.017881,7.1663203,22.88394,12.253691,13.345374,25.054302,11.698391,22.403458,32.20784,17.342672,20.407808,18.690706,10.275907,7.50238,29.184679,26.21564,28.691954,19.88131,6.5100255,11.802528,11.755508,24.741833,27.375822,25.07926,15.416732,11.3536825,20.15538
364,21.480677,31.275738,22.597244,5.329798,16.024672,6.444622,18.910334,14.656792,12.20503,7.081538,24.619947,12.437063,13.536632,26.290247,12.024103,22.532114,32.022633,17.584637,20.20126,17.855068,9.32343,6.1976595,29.176575,26.923666,29.94092,21.407484,6.79232,12.584535,10.042721,27.66203,27.281199,25.060976,15.992272,11.970527,20.13219
365,23.57804,32.042316,24.84854,8.109021,21.227318,6.716373,20.198229,13.971406,11.406502,6.477454,22.618063,12.908035,13.553227,25.707573,11.940889,23.047495,33.25943,19.49641,21.177687,19.607979,11.151546,8.569025,30.3306,28.152075,28.660719,20.50127,6.590263,12.007497,11.379654,24.384876,28.52586,26.280302,15.818493,12.889189,21.332495
366,20.89008,30.981768,22.985722,6.712846,27.093082,7.26797,20.777842,12.279556,11.670097,7.177356,18.49508,12.965498,11.976476,21.916103,13.667798,24.924261,30.993214,17.514185,20.199194,20.532234,12.872368,10.461058,29.053707,23.61485,25.246891,15.895975,8.454292,10.464291,15.470169,17.919865,27.618988,25.036295,14.227897,10.4398775,20.202353
367,22.009296,30.264286,22.896942,7.0250087,19.239782,8.355234,18.644415,13.30916,13.724164,7.2850065,21.725798,12.625067,12.554388,24.10926,13.145759,23.752632,30.281956,17.480354,18.588873,17.971413,9.70282,6.9368334,28.377764,25.136442,28.052244,18.623943,8.394539,11.759495,10.691266,22.955536,26.624569,24.405745,14.168928,11.5761,19.604261
368,19.81499,30.713356,23.440063,8.43015,32.908787,4.462572,23.402617,11.563335,6.3904886,3.320037,12.5821295,13.138477,10.437618,18.658428,13.160545,24.93506,31.076097,19.046951,23.361774,23.000427,18.879595,15.598439,28.86736,23.089495,19.695868,12.597672,6.36024,9.463049,22.001972,12.348752,28.286037,25.44133,16.20968,10.575345,21.188894
369,20.968412,30.966633,22.213726,5.0447226,18.155184,6.977991,18.967375,14.035095,12.677317,7.510419,23.403746,12.471233,13.164698,25.1904,12.600292,23.209444,31.368607,17.039026,19.600473,18.07811,9.578286,6.5660715,28.876213,25.69569,29.23258,19.942354,7.517004,12.159876,10.965628,25.43469,27.040619,24.741232,15.1571,11.391166,19.80908
370,22.05332,28.947721,23.42373,9.9124775,26.155397,8.448963,19.651499,11.012379,12.392637,7.5623894,16.46145,12.956629,10.930001,19.933258,13.868293,24.225754,27.87582,17.916449,18.310736,19.990309,12.530168,10.692827,27.432793,22.28468,21.872892,14.375751,9.132162,9.321747,13.556282,14.672321,26.143818,23.87263,12.427047,10.692776,19.492685
371,21.254513,30.711342,22.902748,6.4364967,23.810211,7.2127743,19.753557,12.746225,11.93536,7.1579905,20.25424,12.559096,12.540369,23.280128,12.701864,23.693102,31.277897,17.46993,19.753347,19.374239,11.179317,8.874189,28.828918,24.783422,26.908901,17.666319,7.783178,11.002104,13.009618,20.622477,27.17267,24.820803,14.385103,10.941452,19.979101
372,32.927395,25.88173,31.71345,30.091661,32.21776,17.778103,19.88338,7.663477,19.116507,3.7830176,6.3586736,14.779341,6.9161444,15.102625,17.452923,28.34125,23.531963,24.916525,15.932163,20.198109,17.13108,16.391449,25.251762,23.2049,12.165865,9.181853,15.144113,6.7829704,12.384811,4.040607,25.372055,22.962202,9.7510195,13.6928425,19.974974
373,22.320148,30.114664,23.707973,8.654362,25.30716,8.610998,19.68205,12.012873,12.957301,6.9399104,18.190958,12.894255,11.842948,22.042965,13.478585,24.524572,30.10179,18.057707,18.969036,19.64262,11.676675,9.713256,28.38979,24.067583,25.307945,16.197306,8.806105,10.517662,13.252205,17.679379,26.845837,24.596754,13.574464,11.063312,19.923914
374,21.424536,30.885424,22.382748,5.4453635,15.522629,6.900989,18.542442,14.507645,12.779354,7.119531,24.3635,12.3863945,13.304051,25.980995,12.268084,22.696163,31.403114,17.332144,19.629255,17.493267,9.016743,5.8728604,28.785957,26.426628,29.830729,21.049398,7.171352,12.555794,9.712215,27.301899,26.903976,24.700247,15.628987,11.8603115,19.808224
375,19.397123,31.38815,22.503918,5.2359734,29.196733,4.7078214,21.944506,12.4763565,8.104062,5.610997,17.609959,12.571791,12.074456,21.70094,12.266157,23.721842,32.387924,17.691944,22.174248,21.318098,14.781029,11.9095955,29.423546,24.31965,24.553507,15.760246,6.357891,10.448041,18.035145,17.843111,28.196194,25.50221,15.709767,10.31614,20.74795
376,21.865711,30.884598,22.904835,6.2001586,18.190495,7.399755,18.847225,13.964933,12.856396,7.004925,23.136168,12.433855,13.158317,25.324848,12.387842,23.084997,31.492767,17.666285,19.443296,17.921896,9.546572,6.5990753,28.925198,26.366407,29.344164,20.04266,7.423315,12.248817,10.399581,25.287952,27.090595,24.86667,15.093251,11.860253,19.969229
377,21.395239,30.823719,22.481277,5.5796657,16.863289,6.864071,18.721045,14.222636,12.453277,7.044553,23.7143,12.364595,13.234946,25.601387,12.15856,22.650593,31.448557,17.416899,19.662405,17.727678,9.346036,6.3033237,28.79187,26.366583,29.402424,20.55707,7.0952716,12.350499,10.205797,26.309408,26.940872,24.743036,15.446069,11.791988,19.874222
378,20.71984,30.563976,23.917717,9.452869,32.222214,5.391497,22.951147,11.43859,7.5729413,3.7487805,12.85465,13.24472,10.445557,18.851807,13.429316,25.149761,30.730236,19.248655,22.72527,22.809586,18.111877,15.225766,28.766743,23.141079,19.878422,12.830861,6.949384,9.353242,20.79049,12.297301,28.088602,25.34088,15.688729,10.791389,21.08322
379,21.377493,31.182148,22.548018,5.301456,17.00751,6.6326776,18.940409,14.404233,12.315849,7.187669,24.174719,12.392143,13.442978,25.941422,12.117025,22.697498,31.893827,17.469275,19.979897,17.92696,9.403595,6.3409224,29.111937,26.62932,29.774103,20.90769,6.965637,12.432574,10.312747,26.849716,27.231676,24.989527,15.675962,11.80282,20.054247
380,21.03369,25.214548,21.999657,12.056701,22.182505,13.355522,18.176851,9.707647,16.368977,10.73099,10.477114,16.031492,8.348397,16.338766,18.332382,26.089537,19.391117,17.53456,15.072611,19.669327,12.357542,10.581505,23.781242,17.611437,14.65656,11.247481,14.419775,9.899608,15.43387,7.726799,22.542456,21.883957,11.570041,10.367861,18.913786
381,20.370104,31.136456,23.355515,6.6920233,29.614014,4.478541,21.861265,12.232641,7.349229,4.7232537,16.860163,12.388808,12.068034,21.648094,11.483459,23.00642,32.729656,18.55317,22.442823,21.4211,15.047241,12.537802,29.395987,25.234056,24.056063,15.917081,5.5635962,10.237663,17.575174,17.171398,28.174694,25.651138,15.852837,10.949615,21.005718
382,22.872717,30.1703,25.030693,10.719627,29.392466,6.290718,21.209661,11.427549,8.812075,4.60699,15.051248,12.804857,11.407582,20.771013,11.98209,23.32435,31.205212,19.89723,21.422434,21.555397,14.921014,13.221764,28.78121,25.264048,22.083414,15.280089,6.435155,9.591719,16.036678,14.437594,27.573938,25.38843,14.832398,11.957521,21.024437
383,20.49082,30.79771,22.51278,5.8183107,25.050014,6.599787,20.232386,12.63467,11.124966,6.990057,19.67354,12.529026,12.355508,22.746643,12.732561,23.785242,31.341717,17.224977,20.208502,19.77993,11.976735,9.501072,28.854208,24.284624,26.263765,17.041512,7.5956626,10.79019,14.290212,19.922184,27.315128,24.831118,14.567262,10.559978,19.997345
384,32.322906,26.177969,31.463453,28.93125,31.774063,15.59778,20.15336,7.9717164,16.636786,2.6323981,6.762794,14.241091,7.355282,15.498386,16.012558,27.112585,24.691381,25.036268,17.019312,20.63044,17.57604,16.707611,25.670513,24.087326,12.609234,9.743809,12.814098,6.815768,12.775681,4.669884,25.713179,23.33986,10.473756,14.1432905,20.26035
385,23.461641,30.064295,25.683039,13.01052,31.213387,7.1835384,22.198538,11.058256,9.325818,3.724023,12.533332,13.490072,10.346314,18.980162,13.588615,25.262331,30.095003,20.527567,21.72999,22.516914,17.355335,15.109514,28.549881,23.97122,19.495596,13.202918,7.627209,9.06255,18.253216,11.534428,27.803131,25.27252,14.80779,11.905149,21.14542
386,21.620417,31.638578,22.884468,5.3343062,16.850502,6.0523267,19.241114,14.747932,11.646746,6.8574076,24.740953,12.371675,13.7630415,26.578857,11.655689,22.340174,32.766537,17.855349,20.710596,18.15388,9.607476,6.556794,29.537762,27.47427,30.198118,21.722145,6.369991,12.563051,10.269561,27.911198,27.640312,25.382082,16.321934,12.034491,20.407358
387,21.307203,30.23589,22.078064,5.825135,16.705448,8.257168,18.194399,13.824781,14.24782,7.540688,22.967718,12.526272,12.667656,24.662945,13.32809,23.777435,30.048393,16.7548,18.36556,17.314861,8.921718,5.856478,28.138163,24.822062,29.033098,19.317165,8.543431,12.168196,10.060617,24.852667,26.332039,24.071932,14.430767,11.334214,19.216925
388,21.368723,30.326012,22.081131,5.820178,16.57816,8.51214,18.18654,13.8755455,14.674128,7.7349653,23.130587,12.612027,12.666222,24.701141,13.615792,24.09767,29.971134,16.683102,18.238966,17.310175,8.830413,5.731909,28.190012,24.671759,29.206028,19.296492,8.848851,12.216654,10.00061,24.940414,26.3768,24.07871,14.343614,11.285139,19.18965
389,21.43381,30.738873,22.406738,5.6188383,16.376959,7.196353,18.549246,14.246162,12.954812,7.140684,23.787664,12.401509,13.157956,25.578613,12.421293,22.901337,31.178167,17.296318,19.376959,17.552711,9.131114,6.043661,28.679638,26.141504,29.543089,20.48775,7.406717,12.422869,9.98827,26.36893,26.821516,24.61844,15.303135,11.768169,19.742357
390,29.727552,27.544107,29.470081,22.795992,29.419973,12.6437,19.976912,9.339346,14.408385,3.1990654,10.216371,13.810722,8.900043,17.642986,14.573657,25.700758,26.934362,23.239931,18.098993,20.612583,15.82038,14.7173,26.789135,24.569332,16.662777,12.06556,10.627093,7.8859906,12.46406,8.388165,26.287395,23.986559,11.647147,13.867633,20.370848
391,22.316057,28.85344,22.193165,7.912112,17.14354,12.997603,16.975117,12.730183,19.426924,9.156238,20.445168,13.612864,11.313693,22.75801,16.502432,26.660036,26.659729,16.128635,15.126678,16.34315,7.726049,4.926532,26.778568,22.030378,27.995714,16.71669,12.998281,12.209117,9.470549,20.787176,24.97133,22.91154,12.176135,10.681178,18.201338
392,20.741724,30.509872,22.218555,5.404889,19.519047,6.3593354,19.138556,13.493895,11.410669,7.272662,22.147383,12.427487,12.886988,24.32925,12.118252,22.502825,31.042154,17.21517,19.84699,18.500114,10.20486,7.4582105,28.604826,25.415754,27.594448,19.219847,6.9916434,11.623505,11.640744,23.698555,26.840223,24.640955,14.960763,11.347414,19.85541
393,21.404543,31.285778,22.73884,5.386745,18.05859,6.2102876,19.202347,14.289148,11.579929,6.9690456,23.894033,12.308811,13.527259,25.885162,11.702487,22.346182,32.320824,17.691275,20.354193,18.212849,9.757848,6.807929,29.274137,26.953701,29.523314,20.882437,6.5193644,12.263346,10.651262,26.498985,27.41269,25.170256,15.802353,11.830507,20.242855
394,21.996399,31.173866,23.170017,6.2794914,18.288807,6.6891837,19.18713,14.115581,11.949794,6.86327,23.360117,12.49355,13.352079,25.610107,11.988287,22.640482,32.021793,18.04672,20.16136,18.320414,9.924964,7.024335,29.261547,26.941292,29.107897,20.528452,6.808251,12.215077,10.6015415,25.676483,27.42194,25.216982,15.56027,12.122189,20.329256
395,20.105509,30.963503,22.25342,4.9711094,23.97831,5.658576,20.21984,13.002597,10.150829,6.8898315,20.598671,12.33975,12.739992,23.438864,11.9907875,22.894953,31.916565,17.19718,20.736708,19.63787,11.755389,9.155243,29.0201,25.007994,26.794142,17.984156,6.692145,11.040556,13.993805,21.445086,27.414194,24.987288,15.108836,10.753969,20.142262
396,21.600386,30.34631,22.825668,6.7353735,21.50911,7.9847054,19.066526,12.948498,13.052641,7.2587624,20.84484,12.581248,12.488071,23.578571,12.991976,23.769201,30.572027,17.368603,18.921654,18.549644,10.280846,7.7837048,28.461618,24.770605,27.459742,17.981844,8.248212,11.349927,11.727999,21.56422,26.75351,24.483677,14.098777,11.180356,19.676884
397,21.986288,32.154583,23.386436,5.536712,18.082968,5.9232316,19.717203,14.821186,11.347573,6.7927,24.771826,12.492096,14.0026865,26.846798,11.561058,22.47569,33.526688,18.281872,21.218782,18.63435,10.027994,7.0271153,30.075068,28.06534,30.427305,21.894464,6.198847,12.599379,10.71649,27.860235,28.168072,25.870237,16.573559,12.21014,20.831976
398,24.672323,29.390701,25.120613,11.85413,21.485716,9.362896,18.798204,12.138767,13.525484,6.091927,18.4374,13.019754,11.599044,22.411018,13.187323,23.724327,29.147663,19.56314,18.36086,18.781513,11.079525,9.004406,28.056416,25.406769,24.75294,17.026777,8.583871,10.787191,10.50102,18.531185,26.543997,24.541525,13.30902,12.8460045,20.086927
399,25.014166,29.574406,25.732433,12.518841,23.13099,8.521784,19.379835,11.942753,12.036186,5.5392966,17.529974,13.106897,11.61443,22.187798,12.580328,23.192762,29.760286,20.29141,19.333483,19.644297,12.03777,10.269273,28.381115,25.981844,23.711199,16.983185,7.7390575,10.439646,11.334142,17.427277,26.911951,24.983696,13.751249,13.200621,20.60972
400,21.783972,30.962881,22.816374,5.982406,17.596281,7.305654,18.8118,14.145552,12.870506,7.0066857,23.487934,12.439316,13.236801,25.574463,12.36442,23.036016,31.58613,17.613188,19.542221,17.825005,9.429986,6.416087,28.95383,26.476664,29.6094,20.349707,7.3742948,12.384636,10.274977,25.88588,27.10524,24.881145,15.293813,11.878199,19.97397
401,21.498064,31.193562,22.669058,5.462169,16.778662,6.410249,18.965403,14.470153,11.98386,6.9895105,24.237381,12.374304,13.490905,26.069756,11.884075,22.423399,32.04942,17.645094,20.184523,17.9381,9.47273,6.42113,29.147053,26.920866,29.70198,21.144674,6.6953263,12.444735,10.211144,27.097809,27.269964,25.054993,15.86355,11.941513,20.143095
402,24.616987,28.867414,25.447887,14.254682,28.881369,11.611097,20.09651,10.455248,15.240667,6.645953,13.724619,13.796442,9.978227,18.722057,15.825162,26.873716,27.107088,19.330715,17.561375,20.329975,13.921882,12.054015,27.322788,21.98868,20.646358,12.490628,11.631544,9.084895,14.325472,11.484877,26.401115,23.900389,11.810667,11.076578,19.681496
403,21.382244,30.21645,22.192532,6.0654125,18.058058,8.61079,18.333855,13.523934,14.5192375,7.690693,22.363413,12.599009,12.531379,24.217625,13.603512,24.169418,29.928778,16.722094,18.17053,17.540203,9.140892,6.201648,28.140018,24.440147,28.697264,18.688177,8.926775,11.930676,10.456463,23.746386,26.365437,24.054491,14.063287,11.133345,19.187435
404,21.923481,30.524334,22.735699,6.4759455,17.574364,8.152509,18.499977,13.824527,13.8302355,7.248891,22.868486,12.556913,12.855584,24.908764,13.004086,23.59942,30.645452,17.3999,18.741201,17.61568,9.261902,6.2549295,28.54134,25.651308,29.102411,19.528399,8.166359,12.214352,10.136937,24.765036,26.727371,24.501438,14.61072,11.73773,19.637377
405,18.133005,31.53875,22.506104,6.3573227,34.48403,4.3027005,24.58356,11.991946,6.2677946,3.564777,12.110623,13.798346,10.296695,18.305912,14.470329,26.461817,31.163397,18.402372,24.116993,23.761751,20.277613,16.098444,29.331348,22.076822,19.687656,11.639377,7.190256,10.003164,25.214705,12.003842,28.9161,25.829082,17.01462,9.778458,21.51224
406,21.343452,30.391764,22.206224,5.7779193,16.739965,7.842223,18.345552,13.934277,13.695198,7.3776255,23.154295,12.482569,12.826178,24.922613,12.975732,23.430923,30.439777,16.969387,18.74542,17.440014,9.059944,5.9968376,28.322308,25.286566,29.104347,19.665102,8.099018,12.223673,10.114243,25.240421,26.50302,24.270342,14.7254715,11.495319,19.41745
407,21.937998,30.107555,22.88024,7.174762,20.260454,8.384958,18.706617,12.98895,13.626684,7.370861,21.197119,12.552134,12.413169,23.650778,13.151433,23.773169,30.092005,17.408323,18.427784,18.120655,9.865098,7.2454023,28.27177,24.780645,27.555765,18.096872,8.456303,11.44178,10.915359,22.01793,26.550097,24.302153,13.8335085,11.375916,19.514288
408,21.477648,30.59888,22.327127,5.722245,15.795319,7.5208716,18.365753,14.251519,13.422432,7.2484646,23.803766,12.4747,13.043242,25.489075,12.707211,23.119478,30.806068,17.187737,19.088087,17.378563,8.948616,5.810359,28.521881,25.87308,29.513628,20.377249,7.7319617,12.4702,9.78569,26.352072,26.664865,24.468073,15.148404,11.760973,19.60441
409,21.591925,32.056618,23.065758,5.1386623,17.511185,5.4770646,19.645676,14.893965,10.930273,6.7144003,24.996473,12.351042,14.017224,26.90025,11.291932,22.098932,33.53363,18.065447,21.366606,18.52889,9.934613,6.9541025,29.93042,27.96609,30.343954,22.10282,5.9029593,12.531131,10.65106,28.342236,28.02947,25.72894,16.740442,12.042919,20.709969
410,21.954557,31.573753,23.24268,5.949464,18.316053,6.2565484,19.426382,14.370562,11.559172,6.8257,23.946108,12.450857,13.621343,26.085484,11.730888,22.483488,32.687737,18.128363,20.643698,18.485806,9.992974,7.080088,29.60247,27.389599,29.573496,21.075624,6.4693627,12.300331,10.656279,26.539486,27.738667,25.481089,15.9533415,12.130959,20.526648
411,21.625046,30.543613,22.625994,6.1101665,17.438915,7.3084188,18.608683,13.9218855,12.742767,6.9670496,23.0208,12.388535,13.014903,25.141499,12.321524,22.824451,31.04534,17.498524,19.271044,17.696476,9.403729,6.428908,28.593208,26.10795,28.99175,19.97278,7.364309,12.214024,10.238954,25.263172,26.769413,24.604452,15.040456,11.822876,19.779318
412,21.517393,30.172932,22.570065,6.707669,21.33218,8.92076,18.834326,12.859485,14.338465,7.6932745,20.64152,12.77954,12.253879,23.213558,13.844661,24.635191,29.837873,16.933186,18.193426,18.308603,10.004336,7.4182925,28.180574,23.90992,27.533415,17.408016,9.279691,11.3752575,11.69894,21.047916,26.494106,24.162846,13.618185,10.843408,19.343777
413,21.709892,31.126423,23.129782,6.139808,20.427246,6.4595294,19.45181,13.711027,11.3933325,6.6828175,22.45903,12.324997,13.267276,25.074629,11.731691,22.5776,32.26962,17.95053,20.282995,18.665987,10.373542,7.6848326,29.247253,26.691526,28.690474,19.849985,6.6115727,11.8369465,11.360695,24.329224,27.455822,25.201986,15.367958,11.804674,20.312063
414,20.300585,29.739796,23.455807,12.010889,33.457638,8.657933,24.313288,10.459066,11.141724,6.9144316,9.211223,15.925227,8.162341,14.688004,19.14203,29.711958,24.83023,18.827204,21.231586,24.696838,21.122343,17.2151,27.589094,17.598352,13.091399,8.245281,12.3086815,8.200864,24.46475,6.056982,27.62664,24.54968,14.12689,9.557054,20.91067
415,27.462204,27.83724,27.14626,18.360546,27.317503,14.516209,19.01199,9.987294,18.031546,6.730431,13.02714,14.228428,9.443374,18.491034,16.607994,27.254234,25.518738,20.612852,15.726097,19.168457,12.914636,11.27831,26.617874,22.542103,19.914055,12.247846,13.448559,9.130739,11.580889,10.714789,25.771183,23.467394,10.5322895,12.204714,19.496103
416,19.583387,22.45044,20.632866,10.935442,14.953863,28.591482,16.082462,10.972345,30.85845,23.260185,5.542786,25.446499,7.68108,17.571373,29.465343,32.51521,7.012215,17.85919,7.841212,18.81744,6.8501287,4.42881,20.527199,14.916879,12.447167,11.658767,29.392506,18.564026,19.070772,2.3435667,18.024918,22.327797,12.7254095,11.035088,21.708391
417,21.446472,30.419174,22.240395,5.799968,15.794722,7.726231,18.232397,14.137543,13.650076,7.2604437,23.584486,12.451177,12.919976,25.274494,12.822004,23.214888,30.533699,17.069878,18.834448,17.263641,8.867214,5.745974,28.345045,25.604689,29.385199,20.12698,7.912579,12.402868,9.721849,26.021372,26.50063,24.304138,14.949098,11.6732435,19.455912
418,22.427526,30.43083,23.156036,7.272604,17.464823,8.086754,18.518488,13.739445,13.541441,6.9981027,22.646372,12.594202,12.809368,24.879755,12.800946,23.316177,30.614288,17.870834,18.86645,17.71495,9.430845,6.5038266,28.574339,26.018606,28.64968,19.60159,7.9110427,12.14309,9.913238,24.54662,26.771679,24.61651,14.627082,12.101007,19.81067
419,24.25366,29.924177,25.12725,11.071278,22.446476,8.101331,19.39784,12.332754,11.959528,5.8760977,18.60081,13.011139,11.951693,22.80503,12.501585,23.137995,30.25087,19.745108,19.565905,19.498264,11.662965,9.723667,28.574612,26.026892,24.71218,17.598957,7.5687885,10.744465,11.437788,18.874584,27.014748,25.035944,14.120862,12.86798,20.548275
420,31.802269,26.144402,31.575638,28.303108,31.69889,11.722298,22.19127,8.451321,10.995241,6.1108828,7.158626,15.674584,8.330115,14.144901,15.580072,23.505884,20.858547,26.662136,17.04271,22.013952,20.314177,16.71756,26.700115,25.745317,9.196276,9.280313,10.66321,8.200299,11.003283,3.0991688,27.505901,25.143265,9.863965,17.046982,22.655031
421,24.001663,29.457561,24.721148,11.383721,24.860722,10.730648,19.198723,11.571061,15.098549,7.005928,17.005907,13.38505,11.216021,21.244968,14.651135,25.574808,28.493711,18.769056,17.613134,19.283195,11.533809,9.629845,27.895096,23.607914,24.3033,15.18586,10.385804,10.399077,12.25367,15.924052,26.456823,24.299204,12.521407,11.58737,19.789894
422,21.690702,29.947327,22.381887,6.6484547,18.016335,8.896599,18.153048,13.369995,14.661503,7.433792,21.949034,12.560022,12.385086,24.019411,13.555162,24.09966,29.66607,16.89441,17.904343,17.37483,9.100341,6.211012,27.936886,24.460363,28.457994,18.48136,8.978908,11.876081,10.193671,23.3053,26.182938,23.924196,13.884751,11.262377,19.114569
423,30.278473,26.994343,30.017838,25.603767,31.736336,14.27317,20.747017,8.484369,15.847216,4.1066747,7.911237,14.568255,7.790835,15.6292095,16.580166,27.535322,24.77312,23.74428,17.640593,21.531929,17.71031,16.550903,26.20103,22.862108,13.105811,9.91675,12.707754,6.9780235,14.189789,5.1665087,26.105461,23.650328,10.922763,13.290775,20.370749
424,21.416735,31.037315,22.528877,5.422156,16.355896,6.5537467,18.807245,14.459515,12.203106,7.0381246,24.206224,12.382395,13.404454,25.986725,12.002522,22.473856,31.76501,17.516878,19.986515,17.777565,9.331694,6.248682,28.97699,26.711592,29.653748,21.069328,6.8458624,12.471714,10.087118,27.082851,27.101532,24.904474,15.782253,11.902175,20.014982
425,21.185452,30.804039,22.427416,5.530074,19.324017,7.2646213,18.986412,13.710152,12.739687,7.281681,22.63407,12.42079,13.0011015,24.76251,12.596156,23.328424,31.30037,17.149023,19.403446,18.16211,9.774994,6.90796,28.776955,25.548403,28.907457,19.374681,7.6387253,11.942848,11.157984,24.32634,26.980503,24.675148,14.853667,11.341396,19.763033
426,22.079409,32.70499,23.483,5.198306,17.124268,5.5495276,19.873528,15.34528,11.295815,6.7338467,25.915487,12.460554,14.36853,27.731277,11.401767,22.450415,34.32142,18.363338,21.75368,18.653664,9.866848,6.8139076,30.49695,28.671078,31.392982,22.92886,5.9256,12.868422,10.366089,29.648684,28.541033,26.166399,17.191492,12.291916,21.02772
427,21.68564,30.227486,22.370268,6.4242907,18.121326,9.218151,18.288357,13.490532,15.224504,7.8680987,22.227623,12.781447,12.450383,24.138844,14.045261,24.65141,29.691916,16.779203,17.87192,17.50765,9.066588,6.110178,28.143673,24.288248,28.76115,18.49237,9.465876,12.003078,10.381682,23.448046,26.367508,24.052858,13.86546,11.159164,19.17708
428,21.716135,30.13268,22.20126,6.2729096,15.748429,9.032256,17.863714,13.896851,15.306646,7.64604,23.190523,12.614632,12.569074,24.77329,13.779007,24.224821,29.673428,16.743856,17.829712,16.940678,8.469093,5.3495216,28.012123,24.682142,29.429808,19.35762,9.150291,12.354472,9.393442,25.140589,26.185635,23.925787,14.194106,11.418538,19.051142
429,22.624804,28.963402,25.40339,16.820555,34.33335,10.066263,24.597761,9.806948,11.689798,5.2999167,6.417228,16.260092,7.137347,13.643969,19.599018,30.346651,24.016361,20.846523,21.494452,25.101341,22.93044,19.24363,27.072046,18.252111,10.202297,7.336494,12.858887,7.718174,24.922325,3.765684,27.443613,24.498053,14.301152,10.54508,21.292898
430,23.327833,29.170517,26.047394,16.485332,33.622993,7.9257298,24.046762,10.237485,9.002077,2.8917983,7.4921117,14.948497,8.10772,15.255315,16.409603,27.740107,26.8291,21.532648,22.584715,24.377525,22.132736,18.854647,27.543324,21.209644,12.704315,9.356961,9.503395,8.03521,23.141432,6.051118,27.673092,24.85878,15.230683,11.666402,21.482676
431,17.799547,30.995096,22.338024,7.5083127,34.813816,4.7032313,25.2011,11.6051445,6.347904,3.7030127,9.996981,14.595058,9.270106,16.608677,15.954013,27.57318,29.250107,18.545612,24.290194,24.630615,22.046347,17.497803,28.711895,20.393307,16.516682,10.007096,8.243307,9.526735,27.181755,9.45687,28.622482,25.506338,17.079222,9.599925,21.545155
432,20.707335,31.243477,22.574768,4.939106,22.350407,5.7420077,19.83888,13.471716,10.500366,6.9890385,22.134869,12.155384,13.348025,24.711197,11.446323,22.366453,32.597603,17.455761,20.618223,19.083557,10.757087,8.158276,29.322212,26.261496,28.417456,19.404211,6.287817,11.529938,12.427335,23.617144,27.547918,25.217997,15.330354,11.210724,20.285542
433,21.306501,30.577366,22.181885,5.5986786,16.809563,7.906113,18.440683,14.010804,13.910169,7.5778236,23.377455,12.555056,12.884046,25.01308,13.182112,23.693167,30.536474,16.89065,18.789713,17.536348,9.062424,5.9671965,28.464165,25.207823,29.303162,19.702888,8.27217,12.263796,10.219417,25.40082,26.634455,24.352484,14.734063,11.42868,19.450775
434,33.43982,25.10371,32.68925,30.896643,31.153505,12.264978,21.484495,8.137064,10.635014,4.2971125,6.076012,15.139019,8.140972,14.103652,14.282633,22.021976,20.618797,27.890806,16.260693,20.670872,20.088232,16.29636,26.074629,27.554056,9.225609,9.273556,9.8953285,8.529461,8.908531,2.9833233,27.10353,24.841244,9.512667,18.267426,22.586624
435,20.883516,30.806328,22.426142,5.5038166,21.984657,7.1508813,19.43955,13.178753,12.3069935,7.4565315,21.439007,12.506176,12.801318,23.922827,12.72432,23.584473,31.301254,17.048546,19.57438,18.85721,10.464535,7.9011793,28.81844,24.894106,27.909946,18.360489,7.7966695,11.404551,12.345213,22.29183,27.084995,24.721004,14.523591,10.916791,19.816614
436,33.616657,25.893166,32.34633,31.15434,32.694992,18.196383,20.05643,7.6402774,19.260012,3.540097,5.9083824,14.947157,6.899181,15.119689,17.494507,28.415583,23.52575,25.55879,15.980106,20.25132,17.506937,16.69505,25.323353,23.804745,11.938921,9.199726,15.291175,6.939118,12.340165,3.7698505,25.525192,23.160616,9.854367,14.090662,20.275553
437,22.013884,30.297516,22.548927,6.758298,18.417257,10.126287,18.23399,13.434421,16.33674,8.181814,22.059793,13.022278,12.345311,24.03892,14.727203,25.445705,29.45134,16.737082,17.438396,17.468386,8.903884,5.96486,28.171434,23.970995,29.016567,18.191355,10.332808,12.099231,10.335085,23.02173,26.384022,24.038734,13.574308,11.063965,19.118376
438,21.330137,30.940311,22.378466,5.410345,17.211828,7.3443484,18.76055,14.181287,13.193758,7.448984,23.696005,12.521156,13.161012,25.426014,12.755949,23.347658,31.238728,17.165257,19.38616,17.81932,9.300365,6.2212043,28.842693,25.854734,29.54543,20.190914,7.721132,12.346201,10.43606,25.937061,26.988396,24.712257,15.161605,11.587442,19.78007
439,20.621273,31.134993,22.392836,5.0578237,22.801933,6.693525,19.821753,13.247349,11.762715,7.55643,21.526415,12.535614,12.961652,24.019186,12.598068,23.543295,31.758879,17.066158,20.056479,19.238874,10.827022,8.240827,29.120113,25.06051,27.940487,18.4559,7.532303,11.392488,12.9461,22.340393,27.390545,24.981194,14.78606,10.839238,20.03802
440,21.39027,30.421503,22.462685,6.0216894,18.563269,7.505278,18.688608,13.611368,12.9174595,7.180473,22.406887,12.426083,12.813827,24.559689,12.622569,23.178854,30.756313,17.23012,19.055403,17.891243,9.604657,6.7260847,28.460726,25.43475,28.514372,19.250568,7.7249846,11.916313,10.731691,24.120548,26.67662,24.448112,14.657404,11.493471,19.620028
441,23.407755,29.82145,24.222713,9.640579,20.536776,7.9662423,18.89743,12.724049,12.312744,6.1077642,19.907463,12.64797,12.192214,23.39539,12.33665,22.857258,30.20346,18.935425,19.125402,18.592638,10.753034,8.440141,28.320084,25.953169,26.033367,18.2008,7.494284,11.172949,10.665766,20.852806,26.702135,24.665375,14.17418,12.517981,20.100412
442,29.851267,26.470898,28.865005,23.342356,27.944036,15.563459,18.743528,8.888601,18.138433,5.1542253,10.361467,14.217927,8.258107,16.81139,16.48646,26.936224,24.222961,22.198717,15.311956,19.105888,14.062668,12.848513,25.635891,22.49799,16.43539,10.891479,13.73118,7.89793,10.70442,7.8115172,25.180374,22.825224,9.688793,13.041079,19.27015
443,20.898596,23.080515,21.451565,12.081093,17.524326,28.273382,16.234158,10.624016,30.921354,22.200722,6.4323964,24.425705,7.6460934,17.29603,28.929234,32.747948,8.809296,17.645767,8.066938,18.403519,7.335595,4.906316,21.109295,14.888263,13.497395,11.266166,29.186146,17.229332,17.553047,2.9720087,18.920948,22.06702,11.7859,10.579376,20.95679
444,22.638226,28.99351,22.236584,7.908006,15.716933,13.925938,16.648712,13.054573,20.804018,9.455957,21.07131,13.894287,11.35429,23.261372,17.184416,27.352158,26.501268,16.034502,14.695448,15.913388,7.0507836,4.120554,26.849468,22.028296,29.010792,17.106527,13.847339,12.772375,8.891443,21.677513,24.9506,22.925835,12.193696,10.815668,18.135592
445,20.176105,31.02465,23.037954,6.976882,30.324316,6.211886,21.957285,11.916395,9.5943775,5.6971345,15.950398,13.047906,11.349996,20.547543,13.532914,25.09692,31.214897,17.940569,21.476473,21.657822,15.260685,12.617125,29.078722,23.165743,23.196669,14.320357,7.8114486,10.032978,18.54486,15.31952,27.970482,25.25946,14.972686,10.191864,20.593786
446,21.147781,29.188864,22.83177,8.527474,25.791677,7.5168977,19.822166,11.359779,11.449574,7.202208,16.910696,12.7691765,11.122318,20.318375,13.415929,23.838585,28.541065,17.550348,18.967783,19.970165,12.660916,10.597995,27.55346,22.478662,22.41408,14.827127,8.45145,9.568613,14.195475,15.725032,26.246609,23.93249,13.12283,10.503759,19.505917
447,24.79179,28.866322,25.806139,13.699138,26.96434,8.789565,19.794046,10.814856,11.612251,5.001642,14.517707,13.029665,10.741958,20.173271,12.838789,23.711802,28.986176,20.257685,19.215803,20.400991,13.458586,12.161528,27.713562,24.569277,21.229973,14.741921,8.094409,9.27985,13.16288,13.3525,26.490692,24.495348,13.140399,12.486656,20.315577
448,24.541618,28.838291,25.765049,14.188822,28.18153,8.4615,20.52231,10.4384575,11.193096,6.310975,13.959172,13.536901,10.410373,18.897709,13.745535,24.176508,27.679478,20.3096,19.275093,21.44759,14.67066,13.190464,27.754734,23.342741,18.843912,13.614489,8.597801,8.612357,14.143932,11.520569,26.720612,24.587126,12.5642,12.254789,20.537512
449,22.123594,30.892242,23.104008,6.581339,19.012941,7.846024,18.9066,13.75868,13.310722,7.1526766,22.769693,12.524847,13.047309,25.022038,12.724546,23.519484,31.345406,17.7115,19.192259,18.05632,9.650178,6.7673645,28.96397,26.10687,29.178518,19.57855,7.83211,12.109945,10.528315,24.501972,27.146824,24.87692,14.737916,11.805671,19.953932
450,22.121136,30.207623,23.410255,7.7143536,22.198513,7.4508376,19.24743,12.73008,11.929869,6.54096,20.081232,12.495251,12.42437,23.40598,12.293595,23.051882,30.850414,18.082073,19.427883,18.89603,10.815437,8.560265,28.509563,25.401537,26.61682,17.99214,7.4419584,11.093722,11.83152,20.814869,26.837776,24.683388,14.327134,11.635184,19.983614
451,21.160809,30.301718,23.950827,9.941505,31.701483,6.673674,22.404388,11.226336,9.296799,4.502389,13.073474,13.372354,10.319692,18.775007,14.11182,25.761799,30.00227,18.951101,21.673101,22.401104,17.203754,14.561481,28.486202,22.506927,20.135742,12.634732,8.0720415,9.252555,19.791319,12.063585,27.727188,24.996271,14.86156,10.546911,20.69026
452,21.858656,29.93478,22.191137,6.553052,16.046495,10.04019,17.673546,13.693934,16.440367,8.007546,22.661669,12.872614,12.31153,24.385023,14.516005,24.961061,29.067425,16.551672,17.193819,16.79609,8.257999,5.1789093,27.793358,24.065023,29.34463,18.775217,10.141941,12.389084,9.435281,24.254631,25.965462,23.721424,13.750991,11.22464,18.85079
453,21.899168,25.491829,22.838243,14.638977,27.147327,19.437288,19.767809,9.018269,22.277586,18.345966,8.220387,20.314873,7.2245517,14.380167,24.942692,30.883926,14.482442,17.757019,13.536327,21.943989,13.954682,11.774599,23.58873,13.968553,9.618399,9.303808,22.554375,10.110807,18.170826,2.6280575,22.67262,22.312325,10.670913,9.167952,20.043074
454,21.727278,31.23648,22.825989,5.7070627,17.052114,6.807027,18.971424,14.408244,12.437144,7.098291,24.123655,12.470811,13.448672,25.992931,12.169896,22.779814,31.951931,17.707403,19.987413,17.965513,9.467724,6.400645,29.205868,26.84009,29.772036,20.930872,7.021869,12.477457,10.220439,26.777775,27.326874,25.095736,15.662486,11.991836,20.16122
455,26.998632,27.19105,27.03746,18.93597,27.696657,11.465752,19.50884,9.338149,14.101027,6.461956,12.367205,13.726433,9.188145,17.13025,14.976121,24.861778,24.85656,21.05738,16.759262,20.224894,14.340497,12.871439,26.38366,22.269224,16.445047,11.739949,10.93883,7.701509,11.621786,9.098655,25.74798,23.418865,10.27687,12.619986,19.684206
456,21.926958,30.947264,23.193752,6.490436,19.733576,6.7085004,19.247026,13.71368,11.686841,6.6418858,22.452335,12.361055,13.170656,25.044765,11.842363,22.597929,31.946274,18.021046,20.045605,18.471592,10.20552,7.4856014,29.098131,26.657442,28.605885,19.857136,6.750401,11.889908,10.998763,24.376268,27.306078,25.09194,15.262231,11.947056,20.236233
457,22.597485,27.728542,24.258844,16.216272,32.24092,12.683116,22.705194,8.921498,15.558582,11.590342,8.75303,16.994982,7.27118,13.031019,21.465237,30.145815,19.846407,18.923346,17.639841,23.950033,19.187864,16.172106,25.93166,15.319972,9.463404,7.3105254,16.302006,6.9638786,20.191525,3.1225076,25.99282,23.2899,10.866154,9.508214,20.116678
458,18.595314,31.237675,22.488659,6.1220818,32.977528,4.5174155,23.426588,11.915425,6.938013,4.1101985,13.697902,13.135283,10.808225,19.254744,13.49181,25.354612,31.485867,18.085802,23.150099,22.764624,18.116692,14.630749,29.18266,22.722105,21.351536,12.781743,6.807977,9.992424,22.520395,13.508729,28.458427,25.54822,16.225443,9.879346,21.061956
459,22.720179,30.226318,23.968025,8.623962,22.625877,7.341665,19.410185,12.621225,11.545568,6.232885,19.719255,12.5427065,12.390338,23.336592,12.076445,22.845045,30.990261,18.6505,19.680437,19.156372,11.168906,9.027696,28.652964,25.843344,26.147398,18.002838,7.1717634,10.960257,11.762266,20.376335,27.01738,24.897043,14.370842,12.026056,20.24131
460,25.615736,27.557407,27.079298,20.996044,33.245953,12.358978,22.851719,8.882061,13.911593,5.153552,6.246206,15.700989,6.922535,13.697439,18.891598,29.43015,23.187115,21.882448,19.364656,23.514336,20.91408,18.289055,26.144619,19.284418,10.179357,7.6403155,13.498468,7.154622,20.660397,3.3152764,26.422766,23.72072,12.477641,11.395847,20.638233
461,22.929821,24.255682,23.009624,14.2302,21.215687,25.068169,17.021385,10.251392,27.906214,18.301043,7.9722743,21.61931,7.9422355,17.04715,26.002193,31.603926,12.956997,18.165915,9.718531,18.296051,9.210584,6.606784,22.387718,16.514874,15.102188,10.97589,25.555006,14.68759,15.504863,4.6251082,20.796726,22.073507,11.008003,10.752628,20.191126
462,21.051031,31.052465,22.646034,5.48918,21.783552,6.7290845,19.574781,13.389337,11.777912,7.2181563,21.8636,12.431024,13.039117,24.389473,12.298712,23.20001,31.870838,17.346437,20.00377,18.917122,10.533904,7.92447,29.092499,25.596663,28.262035,18.923658,7.2672763,11.558355,12.219345,23.052896,27.33274,24.988407,14.908382,11.1931305,20.063478
463,19.756754,30.92081,22.739067,5.8965406,28.74858,4.3101635,21.574549,12.288409,7.3661656,4.919031,17.290783,12.206819,12.077348,21.690647,11.385237,22.742887,32.465584,18.015436,22.164286,21.015064,14.590522,11.98711,29.119467,24.884146,24.297728,16.002626,5.5227323,10.276686,17.292698,17.76445,27.874422,25.33663,15.7477,10.650734,20.682295
464,21.00434,31.126114,22.4384,5.086933,18.999683,6.3583193,19.262583,13.988809,11.719982,7.261111,23.28163,12.382029,13.320132,25.291676,12.043426,22.684256,31.91773,17.353064,20.135023,18.398964,9.940702,7.03343,29.118023,26.218008,29.02157,20.128944,6.8704515,12.055141,11.252844,25.346159,27.284286,25.009958,15.417212,11.528165,20.086157
465,21.902437,31.342846,23.148094,6.0234003,18.602686,6.5837836,19.282475,14.176944,11.87364,6.8647633,23.527662,12.437684,13.464095,25.771091,11.9004345,22.649225,32.334476,17.998407,20.296375,18.365978,9.932475,7.037991,29.395092,27.064812,29.421686,20.656664,6.732103,12.25223,10.700205,25.910603,27.544754,25.30541,15.667773,12.036989,20.373453
466,29.680653,26.349323,28.635115,23.962585,29.993355,18.133066,19.191671,8.410043,20.942648,7.872938,9.241182,15.513041,7.6096234,15.534491,19.263924,29.200933,22.003706,21.613935,14.218007,19.52967,14.532785,13.1478405,25.204554,20.294489,14.715433,9.390471,17.245657,7.685623,11.851908,5.564152,24.956987,22.492887,8.873076,11.953701,19.132547
467,21.833225,29.292763,21.971935,6.884469,15.522202,10.755314,17.178835,13.400069,17.127817,8.123684,21.985441,12.940876,11.933655,23.85236,14.860375,25.082956,28.083506,16.328995,16.417665,16.352364,7.8819714,4.847717,27.209606,23.44058,28.860136,18.214054,10.728279,12.369576,9.13772,23.401833,25.383062,23.2601,13.271359,11.121538,18.484182
468,23.49262,29.50354,25.146145,12.239685,29.001177,8.157664,20.755756,10.936536,11.030832,5.2478437,14.197509,13.19108,10.709744,19.777378,13.399024,24.595583,29.44339,19.696207,20.071524,21.266464,14.66571,13.057399,28.07874,23.781626,20.990576,14.123723,8.249021,9.205788,15.523558,12.892056,26.96592,24.724306,13.708848,11.628643,20.464682
469,21.720516,31.049654,22.815392,5.868582,17.27707,6.8741727,18.916622,14.256043,12.383728,7.03755,23.75313,12.461131,13.334223,25.736433,12.157484,22.723257,31.731459,17.714231,19.860624,17.950447,9.525517,6.496699,29.059803,26.700119,29.452349,20.660982,7.0432706,12.385197,10.29373,26.277874,27.199553,24.998219,15.519841,11.982702,20.104864
470,20.363655,30.596985,22.86274,7.1382046,29.052238,6.8175244,21.290867,11.80857,10.532153,6.1949134,16.410261,12.957798,11.3173065,20.587036,13.666401,25.001055,30.558987,17.613543,20.61479,21.049566,14.311675,11.819797,28.675488,22.823359,23.426367,14.453294,8.259343,9.978266,17.25977,15.634521,27.492226,24.838888,14.375926,10.113604,20.176844
471,21.795492,32.266,23.18781,5.162835,17.12819,5.594687,19.642107,15.080795,11.242878,6.746534,25.432543,12.363968,14.135061,27.242615,11.382864,22.281858,33.75679,18.123327,21.4009,18.48044,9.793023,6.7694674,30.100368,28.182116,30.85407,22.445986,5.977577,12.680362,10.372709,28.946724,28.172466,25.837576,16.858873,12.131788,20.764696
472,21.473566,31.117908,22.584984,5.442959,16.469336,6.569434,18.85377,14.472481,12.246807,7.0669127,24.278862,12.385551,13.438251,26.035975,12.026089,22.539055,31.856972,17.545168,20.013432,17.826145,9.34397,6.265395,29.057388,26.754747,29.743612,21.095026,6.8605447,12.473398,10.0852375,27.126236,27.176895,24.960873,15.772906,11.910015,20.049133
473,22.87916,28.772871,22.786098,9.108183,19.530613,13.65118,17.385317,12.230265,19.66581,9.279913,19.099096,13.875264,11.070356,21.90844,16.917747,27.172441,26.237381,16.543749,14.899601,16.835814,8.511134,5.8101397,26.76031,21.730904,26.905478,15.65739,13.555954,11.778024,10.087027,18.674572,25.093243,22.983763,11.702863,10.62092,18.379671
474,21.833757,30.426308,22.950153,6.755853,19.148754,7.168061,18.90381,13.47673,12.196062,6.829357,21.968256,12.449525,12.812122,24.477152,12.23723,22.77196,30.977915,17.788923,19.45038,18.229881,10.032291,7.302655,28.606962,25.916319,27.914324,19.283495,7.238719,11.756101,10.840225,23.61652,26.844727,24.682905,14.795894,11.845299,19.916025
475,28.829107,27.580593,29.27197,23.555822,31.7899,11.884243,22.343767,8.844694,13.174088,8.347196,9.189746,15.997602,8.502677,14.668184,17.544329,26.442747,21.971516,23.798063,17.751616,23.352448,19.177496,16.613111,27.131886,22.128557,10.475611,9.532681,12.440107,7.3562117,14.267455,4.038137,27.306448,24.871372,10.278113,14.094702,21.84532
476,22.383982,32.87082,23.794003,5.5090265,17.700441,5.727359,20.054304,15.318089,11.371861,6.7553687,25.755314,12.606493,14.4044285,27.727615,11.5275955,22.655745,34.45849,18.624329,21.838785,18.867374,10.08432,7.0159216,30.702005,28.868593,31.354887,22.827158,6.024951,12.907488,10.580518,29.310493,28.746983,26.37734,17.174742,12.453245,21.225622
477,30.62903,26.51566,29.835161,24.374285,27.898083,13.578119,18.984474,8.853027,15.250903,3.1794357,9.967734,13.655821,8.515559,17.463013,14.342045,24.968176,25.884956,23.597414,17.017477,19.64257,14.782997,14.010702,26.06179,24.684732,15.94149,12.00496,10.98136,7.745453,10.692017,8.203166,25.52415,23.457632,10.771892,14.306473,19.986225
478,25.307444,29.114868,26.350046,14.2036705,27.201988,8.378483,20.073034,10.943144,10.92082,4.6454296,14.567527,13.057079,10.947082,20.412079,12.437664,23.357786,29.461468,20.864706,19.659775,20.656256,13.837216,12.457069,28.065258,25.392008,21.225878,15.057582,7.525351,9.357574,13.068712,13.494096,26.87093,24.881824,13.401436,13.038082,20.722818
479,21.34236,30.238848,22.18372,5.905487,16.71544,7.878629,18.281765,13.843271,13.666155,7.365357,22.959265,12.482209,12.740432,24.752064,12.975299,23.364862,30.22769,16.968657,18.638409,17.402655,9.073752,6.018709,28.199219,25.173851,28.842096,19.510038,8.114093,12.157503,10.094183,24.971062,26.392769,24.182455,14.618175,11.501481,19.363623
480,21.699104,32.14366,23.217659,5.2437835,18.570166,5.6462517,19.7931,14.72824,11.013813,6.8399973,24.730171,12.355513,14.028024,26.740559,11.367329,22.29678,33.617313,18.138329,21.278606,18.710804,10.083786,7.137215,30.060936,27.957434,30.333136,21.791307,6.0045185,12.446158,10.88624,27.7327,28.160336,25.834768,16.52006,12.018328,20.786364
481,21.97633,28.810946,23.992022,14.638053,32.89645,12.5533085,23.552732,9.476196,15.702917,12.84183,9.531304,17.786215,7.6884317,13.40969,22.479824,31.144985,20.096008,18.651737,18.183352,24.837517,19.632456,16.163204,26.800026,15.008496,10.047007,7.4809933,16.94052,7.459677,21.45697,3.4284296,26.812643,24.01776,11.301329,9.341045,20.7064
482,23.059824,29.11761,23.304722,9.538113,21.922104,12.607655,18.097452,11.988051,18.14649,8.707937,18.558191,13.590458,11.229548,21.64692,16.137453,26.702623,27.097805,17.087015,15.6752615,17.655853,9.521714,7.010084,27.213303,22.2615,26.32279,15.363004,12.497965,11.237288,10.798201,17.746765,25.650139,23.416195,11.803394,10.725605,18.792982
483,21.47873,31.552425,22.786581,5.2471476,17.217619,6.039455,19.247011,14.619748,11.584884,6.9384003,24.545748,12.341084,13.707578,26.381115,11.659977,22.327124,32.649498,17.761618,20.627613,18.189568,9.644702,6.6253905,29.470135,27.290585,30.006374,21.485811,6.3944306,12.462021,10.418108,27.544292,27.580135,25.320423,16.172237,11.934242,20.353607
484,21.494856,30.6505,22.395771,5.795818,16.949232,7.7296467,18.512306,14.044126,13.584025,7.3460426,23.40056,12.494366,12.977693,25.182981,12.888596,23.439344,30.831959,17.134668,18.988089,17.579144,9.144595,6.0816503,28.576641,25.617739,29.377497,19.915146,7.967605,12.290817,10.143927,25.56797,26.74273,24.485258,14.893327,11.588703,19.590702
485,21.241266,30.376904,22.173317,5.778352,17.980484,8.072195,18.488968,13.660144,13.889204,7.6008415,22.635645,12.544889,12.691953,24.462479,13.261852,23.80417,30.298927,16.81447,18.589415,17.67557,9.272765,6.30801,28.30859,24.799894,28.757547,19.042242,8.449097,11.975757,10.58768,24.214964,26.518915,24.222715,14.3834305,11.234228,19.350494
486,21.60094,31.256538,22.570015,5.3836374,15.02232,6.662136,18.719687,14.833603,12.64509,7.095966,24.96628,12.476156,13.531798,26.50521,12.200724,22.677969,31.880028,17.537367,20.056105,17.619122,9.06705,5.856477,29.10997,26.915873,30.247976,21.67354,6.9783273,12.752137,9.624634,28.239147,27.200205,24.979683,16.06222,12.047205,20.046011
487,32.606087,26.10533,31.709934,29.895033,32.684986,16.756117,20.381948,7.752149,17.880798,3.1084714,5.966475,14.679383,6.9487543,15.016379,17.080015,28.208946,24.044138,25.144146,16.820112,20.853733,18.059093,17.274979,25.478855,23.441828,11.758452,9.171405,14.167337,6.687353,13.448023,3.7785778,25.63428,23.22598,10.394518,13.783792,20.26179
488,18.560562,22.433407,19.933062,9.623861,13.229413,28.760248,16.124344,11.3803835,31.12071,24.385063,5.5754933,26.156525,7.8599033,17.907118,30.156223,32.77551,5.9136577,17.702894,7.6686587,19.193626,6.4689665,3.884225,20.438038,14.6696005,12.372638,12.006864,29.75561,19.482235,19.919704,2.352363,17.732025,22.618103,13.219134,11.17635,22.177237
489,21.637617,30.66183,22.570053,5.946284,16.876667,7.443766,18.516487,14.101965,13.106548,7.001001,23.464064,12.3607025,13.095321,25.430367,12.421848,22.97801,31.157694,17.390863,19.210253,17.516785,9.161513,6.1246767,28.640438,26.154726,29.522505,20.247946,7.501002,12.3677635,9.954382,25.921984,26.799011,24.594069,15.130889,11.783768,19.720163
490,27.157213,27.364002,27.251095,20.560553,31.052095,15.251963,20.600445,9.0302925,17.94571,7.6476545,9.500192,15.510949,8.025575,15.467313,18.87467,29.021393,22.941662,20.86602,16.123194,20.994846,16.250046,14.186768,25.936325,19.82823,14.583108,9.326009,15.52222,7.7853537,14.92568,5.8482275,25.760975,23.116156,10.253705,11.369306,19.674494
491,21.48178,23.908665,21.45374,11.533791,17.50325,29.04089,15.724923,10.801297,32.896473,21.65039,8.174943,23.77101,7.679632,17.979273,29.337828,34.058956,10.457691,16.63255,7.79074,17.472963,6.3352885,3.9573507,21.68563,14.350495,16.408611,11.463829,30.061426,16.881159,16.248922,4.8854084,19.439789,21.791143,11.137297,9.856531,19.972029
492,21.530832,31.420769,22.759708,5.3659053,16.966255,6.2859654,19.124521,14.575111,11.876375,7.0038056,24.437525,12.4010725,13.611501,26.26464,11.844951,22.46014,32.36174,17.72191,20.410957,18.082321,9.55812,6.5067167,29.348995,27.119925,29.907694,21.337294,6.6108837,12.490244,10.328348,27.361977,27.461094,25.221169,16.031282,11.961451,20.274431
493,23.55335,28.393633,23.522148,10.887424,22.062845,14.173727,17.827593,11.502272,19.499472,9.484101,17.19744,14.277153,10.59125,20.637585,17.303722,27.384846,25.339924,17.237734,14.727897,17.518677,9.553206,7.0884395,26.571972,21.291285,24.68545,14.296674,14.114668,11.142244,10.879988,15.779331,25.0945,23.027773,11.102256,10.731195,18.641851
494,19.942629,23.004616,20.67397,10.718345,15.462034,27.440414,15.999616,10.906727,30.372522,22.261978,6.9969974,24.320042,7.7578316,17.643105,28.702446,32.40571,8.590068,17.288841,8.219485,18.481218,6.830757,4.4327993,21.045362,14.76419,13.731045,11.653549,28.42652,17.530064,17.926592,3.6459608,18.648739,22.111557,12.111751,10.68434,20.974302
495,22.673136,28.98388,22.239807,7.9287806,15.523625,13.950542,16.60311,13.0808735,20.86257,9.436103,21.148708,13.887441,11.354693,23.303848,17.189016,27.35024,26.49589,16.030857,14.669212,15.855432,6.991954,4.0487823,26.839508,22.04247,29.07469,17.158937,13.858622,12.797306,8.788616,21.798325,24.937134,22.908997,12.195908,10.841,18.114607
496,18.306526,30.544992,22.653112,9.258909,34.53496,5.622318,25.482393,11.235048,7.2375145,4.5938272,8.763747,15.467054,8.528853,15.311398,17.492184,28.599882,27.216246,18.885801,23.913885,25.353306,22.962423,18.35474,28.262547,18.991724,13.794361,8.865665,9.620049,8.965771,27.711454,7.3394957,28.376503,25.2848,16.597603,9.67161,21.616026
497,25.996065,25.85045,25.519756,17.747137,26.216469,22.597378,18.21977,9.846972,25.589691,14.543593,9.473185,19.07472,8.260304,16.958538,23.490778,31.086905,17.462246,19.393795,11.462838,18.423199,11.534919,8.714666,24.12534,18.727928,16.736172,10.653542,22.59563,12.174242,13.449613,6.1736517,23.232224,22.507204,10.097911,11.186179,19.795164
498,21.15024,30.717737,22.24202,5.5199723,18.968082,7.886752,18.830423,13.667461,13.697823,7.7418327,22.666769,12.601027,12.822764,24.514894,13.297943,23.989582,30.729483,16.827093,18.91487,18.047861,9.5523405,6.6341524,28.621023,24.8578,28.863424,19.01151,8.415459,11.918088,11.084312,24.071314,26.82935,24.465973,14.480657,11.124197,19.52992
499,28.580866,28.215244,28.916775,20.631384,29.333582,10.4998255,20.443075,9.885296,12.089604,2.6551876,10.894868,13.53184,9.497278,18.459106,13.406661,24.746094,28.455091,23.039442,19.659315,21.230751,16.20894,15.078406,27.371925,25.382193,17.549307,13.188149,8.741755,8.193904,13.466537,9.620393,26.718025,24.523882,12.986196,13.942471,20.808695
500,31.383602,26.214245,30.723007,27.8747,31.83352,15.548639,20.310694,8.011716,16.821478,3.3440878,6.71779,14.463646,7.2487574,15.153636,16.651493,27.613873,24.131573,24.361565,16.952993,20.881672,17.736097,16.72487,25.546875,23.075666,12.324481,9.378222,13.328693,6.793994,13.529327,4.3408494,25.6052,23.196558,10.49625,13.5422325,20.110945
501,28.291174,27.491997,29.04466,23.889029,33.044296,12.732449,22.252972,8.7528515,13.922668,3.9031143,6.6265407,15.141024,7.3829145,14.709644,17.372017,28.30234,24.512001,23.481586,19.29726,22.995808,20.17859,18.221542,26.48091,21.820967,11.265434,8.870759,12.352173,7.117296,18.084375,4.01175,26.624054,24.07894,12.248616,12.850083,20.954979
502,21.588814,30.46812,22.468073,6.1170964,17.529888,7.956243,18.497757,13.8053665,13.683886,7.365718,22.885641,12.528577,12.816298,24.79189,13.009271,23.547949,30.54604,17.16252,18.772047,17.638142,9.265725,6.265231,28.446835,25.363337,28.938574,19.454012,8.147548,12.118308,10.2819395,24.73869,26.640694,24.39123,14.604166,11.552358,19.53127
503,22.194437,28.640001,22.541567,8.569965,20.01278,11.300128,17.664476,12.099439,16.770796,8.138999,19.01943,13.062907,11.259244,21.832096,15.094605,25.374836,27.106297,16.732607,15.956818,17.227837,9.156423,6.644097,26.797928,22.39669,26.178059,15.905021,11.178646,11.214767,10.475058,18.836119,25.172915,23.065598,12.158454,10.7413225,18.502886
504,19.015356,31.355043,22.005884,4.335972,27.650627,4.4118237,21.532736,12.7725315,8.141794,5.8511815,18.909678,12.238209,12.410526,22.368832,11.823938,23.151405,32.60502,17.224392,21.95339,20.655697,13.92949,10.923646,29.325207,24.605158,25.597515,16.578802,6.0222306,10.654993,17.008614,19.654282,28.016022,25.290174,15.737945,10.209648,20.471848
505,21.952986,29.72624,22.090923,6.7012324,15.831968,11.042978,17.381596,13.571599,17.66931,8.433062,22.373224,13.12922,12.07043,24.118622,15.276909,25.670109,28.420324,16.286007,16.522596,16.540432,7.8778625,4.8067045,27.554562,23.439737,29.408535,18.354292,11.1536665,12.505912,9.300854,23.706675,25.703213,23.48526,13.339245,11.048542,18.604582
506,21.038412,30.825514,22.225487,5.2231665,18.240238,7.238684,18.866663,13.934824,12.920795,7.4809227,23.137651,12.487894,13.055573,25.010857,12.7246275,23.334866,31.151104,17.01396,19.380247,17.993334,9.537711,6.54219,28.7457,25.532366,29.128942,19.70863,7.710166,12.131979,10.93906,25.066341,26.92128,24.635405,14.998181,11.37042,19.722153
507,21.65415,30.091463,22.112823,6.17845,15.270972,8.931503,17.782164,13.957023,15.261324,7.661215,23.387186,12.584762,12.57889,24.852798,13.727881,24.107138,29.61914,16.696594,17.830202,16.84904,8.364312,5.210589,27.970356,24.691862,29.461336,19.496172,9.071449,12.389207,9.236765,25.435795,26.134289,23.884066,14.231018,11.448209,19.011677
508,22.729137,31.123638,23.678982,7.2754946,18.246067,7.257512,19.126574,14.020006,12.490961,6.729309,23.076061,12.643253,13.224519,25.501966,12.269434,22.969622,31.816002,18.439808,19.926897,18.33358,9.971536,7.0980473,29.293182,27.04859,28.945122,20.344284,7.1237183,12.213881,10.297697,25.216383,27.467833,25.27773,15.329941,12.445675,20.405031
509,18.125154,22.627567,19.727783,9.076135,12.770311,27.92311,16.477041,11.613237,30.260557,24.387327,5.701187,26.184908,8.062408,18.014294,29.975994,32.59585,5.926781,17.83602,8.131937,19.702473,6.834376,4.1239367,20.64272,14.949783,12.190724,12.141168,28.96641,19.591644,20.633135,2.4372938,17.897854,22.92443,13.647456,11.44481,22.532335
510,21.74053,30.513445,23.482357,7.3565636,24.678436,6.5304995,19.897758,12.515356,10.533929,6.2256994,19.45091,12.310125,12.550317,23.172094,11.669401,22.670805,31.718987,18.212164,20.252153,19.584488,11.676122,9.597978,28.832886,25.66546,26.239462,17.750854,6.694813,10.754291,12.978417,19.974714,27.222971,24.994242,14.65455,11.41937,20.274267
511,21.025167,28.526127,23.415054,13.653477,32.07651,10.407164,23.489035,9.570873,13.221743,10.692697,9.33917,16.84555,7.7173085,13.3056965,20.778406,29.733948,20.99053,18.547953,18.93442,24.665411,19.992826,16.425495,26.623688,15.507928,10.155269,7.459891,14.598958,7.3418207,21.951591,3.894434,26.665512,23.846315,11.813403,9.496991,20.52184
512,21.712778,30.916752,23.101604,6.329276,20.16389,6.3352237,19.363024,13.621481,11.174712,6.6164265,22.27548,12.31316,13.160285,24.891577,11.635834,22.348724,32.01962,17.983742,20.25387,18.640423,10.402705,7.7480803,29.086637,26.593912,28.252527,19.76984,6.4946465,11.7223015,11.264177,24.11039,27.311178,25.093447,15.306396,11.860839,20.256773
513,21.375334,30.15607,22.200928,5.982992,16.669062,7.8376017,18.195095,13.816053,13.573623,7.177589,22.9255,12.358372,12.743621,24.785278,12.779247,23.185263,30.285324,16.995726,18.597248,17.278988,8.995896,5.9753942,28.132504,25.287466,28.931328,19.5613,7.967002,12.1495495,9.915342,25.045956,26.32817,24.130262,14.622256,11.513744,19.319204
514,21.702444,31.373678,22.901554,5.6221495,17.321827,6.4853673,19.134115,14.4679165,11.997281,6.990422,24.176062,12.451242,13.559392,26.130247,11.928,22.560575,32.2743,17.829649,20.305647,18.110888,9.637435,6.592231,29.347042,27.12375,29.780245,21.128256,6.72284,12.474962,10.385829,26.94305,27.468054,25.242353,15.897578,12.034712,20.307095
515,29.725248,27.194092,29.368921,23.103743,28.93185,12.733321,20.1102,9.234869,14.441259,5.334424,10.760345,14.326142,9.024108,16.800777,15.246324,25.223326,24.592758,23.312836,16.74412,20.525984,15.801592,13.933804,26.658445,23.967554,15.335499,11.341061,11.337267,7.9506874,11.080214,7.623001,26.393372,24.027678,10.249412,14.211927,20.591436
516,19.977564,31.19192,22.274881,4.884885,25.131968,5.784373,20.57879,12.9443245,10.253597,6.8982506,20.211073,12.45491,12.649331,23.161432,12.355423,23.451208,32.012245,17.161013,20.846703,19.953243,12.227183,9.526527,29.192684,24.723333,26.695654,17.489702,6.9862823,10.990555,14.779805,20.823433,27.649368,25.109753,15.0942335,10.5604,20.227556
517,22.458828,28.924751,22.262142,8.036295,17.29929,12.925958,17.00112,12.677115,19.484488,9.314303,20.82395,13.46843,11.366996,22.754608,16.460226,26.632132,26.73958,16.089743,15.029724,16.299454,7.699051,4.8612595,26.864902,22.008184,28.058144,16.708984,12.957296,12.016304,9.108633,21.012947,25.088558,22.893324,11.931636,10.626982,18.12795
518,25.003454,28.47856,25.388481,13.483618,22.156357,9.341444,18.776201,11.303916,12.947212,6.2426853,16.635866,13.258758,10.866963,20.855816,13.36934,23.387238,27.559034,19.954496,18.061481,19.299019,11.78601,10.068895,27.41877,24.377436,21.794203,15.73673,8.695698,9.89765,10.732985,15.709204,26.045105,24.181044,12.551518,12.961671,19.998482
519,20.736355,27.351973,22.530582,12.537525,28.316887,15.0792885,21.6075,9.776883,18.148142,15.207538,9.269132,19.059734,7.787992,14.525997,23.369755,30.691702,17.635628,17.783106,16.399382,23.439207,16.50273,13.5258255,25.302502,14.738912,10.745253,8.950558,18.821625,9.419592,20.779741,3.985779,24.645391,23.354603,11.88248,9.356702,20.528353
520,30.081484,25.942474,28.739277,25.039545,31.180199,21.640898,18.953447,7.8040247,24.712881,11.335636,8.464393,17.080582,6.8665,14.871164,22.101002,31.117998,19.72992,21.19618,12.868259,19.522667,13.825269,12.927345,24.61456,18.29386,12.9379015,8.6977625,21.513659,7.63756,12.059884,3.8972158,24.323174,22.112179,8.054586,10.924892,18.948668
521,21.39322,29.825167,22.86197,8.0491295,25.605858,8.997928,19.761412,11.810079,13.655249,7.487467,17.632854,13.073773,11.324705,20.982002,14.551157,25.484007,28.932934,17.17919,18.430037,19.61299,12.075618,9.73839,27.911726,22.354803,24.461359,14.946807,9.83618,10.241517,14.155631,16.635607,26.537891,24.054785,13.088779,10.263355,19.410685
522,21.363194,30.332005,22.371582,5.9715953,17.765495,7.4952493,18.53128,13.726242,12.968436,7.1317205,22.626066,12.404572,12.822175,24.704939,12.575224,23.046331,30.6348,17.202234,18.992262,17.683224,9.419755,6.4704123,28.358624,25.512718,28.6387,19.468765,7.6723742,12.039904,10.463261,24.571585,26.563065,24.371859,14.748118,11.565912,19.564943
523,24.682627,27.43586,24.01473,12.952612,21.670296,16.34986,17.054674,10.994169,21.588287,9.928764,16.268885,14.58939,9.946803,19.908403,18.2294,27.87904,23.74103,17.448298,13.169478,16.520006,8.957076,6.473755,25.740978,20.772678,23.918064,13.48249,15.941717,11.145782,9.581916,14.65748,24.401798,22.372555,10.069566,10.862312,18.16419
524,28.305422,25.351088,27.72562,23.913168,31.133625,20.547024,19.517492,7.721869,22.834335,12.164158,6.795391,17.834473,6.572158,14.144206,22.337004,30.566511,18.262661,21.141634,13.766914,20.684427,15.214557,14.11309,24.054375,17.573587,10.206709,8.552656,21.016245,7.909836,14.454161,2.3220727,23.775341,22.160547,9.196518,10.80245,19.499336
525,17.900694,22.51603,19.477127,8.639957,11.600143,28.510992,16.13245,11.80707,31.015505,24.413683,5.750116,26.365128,8.064362,18.34533,30.283724,32.874874,5.6524477,17.683077,7.75196,19.354166,6.204722,3.480674,20.48766,14.916297,12.836626,12.324875,29.413557,20.172169,20.621796,2.7833328,17.621826,22.877703,13.759839,11.478781,22.489532
526,18.665684,31.337011,22.491886,5.8164167,32.632942,4.503827,23.239084,12.013239,7.0516796,4.413267,14.308751,13.064648,11.062384,19.687408,13.271068,25.093164,31.729225,18.028105,23.037693,22.611416,17.57015,14.222603,29.301792,23.031202,21.965479,13.262859,6.7037044,10.103907,21.951784,14.115001,28.471493,25.624277,16.186253,9.944079,21.080015
527,21.403364,30.971527,22.586693,5.529099,17.167206,6.5156636,18.90234,14.262539,11.978546,7.0055475,23.794458,12.360867,13.348902,25.72041,11.924369,22.41695,31.752947,17.569288,19.984324,17.922472,9.5273695,6.5121202,28.965359,26.649973,29.33259,20.74483,6.784554,12.320746,10.358456,26.425655,27.108704,24.916552,15.631951,11.866986,20.044218
528,21.658716,31.249298,22.990137,5.8485227,18.503036,6.162647,19.299711,14.157457,11.343887,6.7650757,23.500303,12.346304,13.454823,25.701159,11.621733,22.279367,32.35144,17.935232,20.476278,18.402191,10.004742,7.154309,29.304232,27.037167,29.127527,20.714672,6.406902,12.123871,10.774715,25.965971,27.466862,25.23913,15.774461,11.965462,20.34067
529,21.085325,31.506763,22.825218,5.086423,20.518543,5.368955,19.717264,14.015699,10.259144,6.6679096,23.369688,11.999198,13.704364,25.701233,10.92103,21.799253,33.183372,17.796873,20.950731,18.743572,10.343616,7.6572757,29.539215,27.258791,29.284153,20.679369,5.7277417,11.852444,11.438076,25.768318,27.711918,25.408617,15.949515,11.548727,20.455847
530,21.475424,30.190802,22.179546,6.1061687,17.281681,8.798075,18.176207,13.661318,14.834168,7.678083,22.60534,12.628771,12.539361,24.399036,13.705567,24.238651,29.820782,16.714113,18.042913,17.336388,8.917474,5.9077044,28.0872,24.498613,28.96588,18.897194,9.050276,12.10047,10.145134,24.188694,26.295828,24.006945,14.122558,11.21666,19.140696
531,21.120333,30.898224,22.247948,5.185534,17.201786,7.053744,18.772562,14.186256,12.829456,7.3782673,23.698149,12.439575,13.18905,25.437256,12.532646,23.084116,31.306477,17.109327,19.515139,17.818655,9.331141,6.261162,28.800426,25.897028,29.478437,20.268381,7.47162,12.319089,10.505974,26.033302,26.948223,24.687254,15.270438,11.542652,19.772108
532,22.658417,29.472248,23.68892,9.309856,20.966053,7.61643,19.041456,12.320652,11.899677,6.8598804,19.266108,12.899223,11.824838,22.473957,12.722928,22.849833,29.27909,18.516703,19.179663,19.140984,11.108842,9.043095,27.986462,24.682493,24.219582,17.44872,7.753372,10.579674,11.530518,19.494324,26.387436,24.40426,13.841952,11.979178,19.94179
533,22.781925,28.883083,24.745804,15.8928175,33.16818,11.597894,23.753792,9.358818,14.594955,11.855136,9.687875,17.246387,7.7661767,13.313637,21.564085,30.482344,20.725,19.397472,18.581282,25.065208,20.148891,16.781153,27.088339,15.817901,9.724733,7.515753,15.719405,6.993785,20.82975,3.4866385,27.198326,24.243864,11.112455,9.895704,20.897375
534,23.78564,31.855503,24.705898,8.216429,19.153625,7.3584924,19.696726,14.241007,12.49054,6.609869,23.32512,12.931252,13.51858,26.020939,12.350412,23.335428,32.70508,19.322195,20.54285,18.90419,10.513667,7.613181,30.088446,28.082422,29.312454,20.79071,7.0716367,12.38206,10.40487,25.454762,28.269516,26.018164,15.661153,13.049738,21.06249
535,21.457645,30.609371,22.290821,5.649537,15.395869,7.443277,18.318293,14.33573,13.392949,7.2380314,24.001162,12.4592905,13.080839,25.623013,12.654957,23.0347,30.831165,17.183302,19.126888,17.312872,8.860008,5.697691,28.524616,25.953798,29.623388,20.560793,7.658776,12.536964,9.650823,26.680162,26.655107,24.469843,15.235034,11.804114,19.605143
536,22.23511,29.600838,22.793686,7.8199415,19.792648,10.229744,18.145504,12.762583,15.821016,7.732375,20.448996,12.896154,11.922362,23.056562,14.403095,25.016064,28.803947,17.033777,17.12797,17.559837,9.333152,6.6802297,27.662352,23.666399,27.547989,17.220072,10.1635065,11.563659,10.550034,20.940987,25.971195,23.744387,13.102075,11.063835,19.008394
537,32.838554,25.940464,32.410496,29.364153,31.283947,11.21333,22.084879,8.553337,9.773199,5.0076227,7.0149264,15.4291935,8.625476,14.541486,14.367783,22.118986,21.226017,27.7023,17.074892,21.508429,20.38141,16.43126,26.865143,27.598907,9.64963,9.743362,9.374064,8.710095,9.699679,3.5119104,27.763943,25.47845,9.957566,18.30566,23.060799
538,22.220875,29.224506,22.896063,8.4647045,21.76557,10.494602,18.328985,12.155588,15.711201,7.6588273,18.880205,12.977406,11.517389,21.984577,14.617013,25.268665,28.207497,17.06846,16.891687,17.976925,9.938252,7.555023,27.350073,22.89394,26.206627,16.007805,10.465396,10.998003,11.336367,18.616272,25.762077,23.544374,12.61522,10.762695,18.91931
539,20.710348,31.210506,22.473022,4.8873215,21.432625,5.913458,19.686434,13.61125,10.865375,7.1121416,22.428436,12.244195,13.320083,24.828527,11.676852,22.51294,32.367947,17.362951,20.487257,18.919195,10.543212,7.857329,29.251972,26.14453,28.546888,19.552776,6.505878,11.668348,12.1903515,24.035229,27.46257,25.142847,15.345887,11.254821,20.210577
540,23.194792,28.815355,24.293633,12.972655,29.745478,12.823984,20.540953,10.371563,16.702051,8.213016,12.83443,14.73465,9.409503,17.62108,17.979576,28.650206,25.401138,18.209532,16.96387,20.566496,14.494418,11.977934,26.910881,19.747442,19.635653,11.006623,13.91889,9.244111,16.25368,10.024218,26.171013,23.521467,11.573791,9.985632,19.41765
541,21.56885,31.398064,22.755102,5.403816,16.528004,6.273813,19.058275,14.65229,11.900173,6.934287,24.556608,12.400394,13.616036,26.359104,11.82199,22.406073,32.340874,17.73714,20.419117,17.99479,9.486419,6.4108973,29.314123,27.179506,29.972038,21.484955,6.580494,12.546598,10.169777,27.625874,27.424023,25.194841,16.114252,12.010963,20.25701
542,21.401178,31.02788,22.374168,5.3387723,16.08143,7.237205,18.65264,14.449964,13.244869,7.417286,24.28869,12.51358,13.278157,25.846558,12.680426,23.212479,31.335018,17.217138,19.481913,17.647646,9.061613,5.899942,28.897842,26.128033,29.922234,20.728952,7.5957494,12.55389,10.012728,26.903854,27.012043,24.755,15.412962,11.741829,19.812761
543,21.360819,30.432224,22.262821,5.8735805,17.912613,8.149647,18.487967,13.701381,13.991585,7.569211,22.719452,12.553444,12.722699,24.556967,13.2795105,23.855288,30.371698,16.881744,18.588945,17.65538,9.242643,6.2680187,28.362118,24.907871,28.897608,19.119946,8.475988,12.026824,10.50407,24.346642,26.567196,24.26816,14.407281,11.289995,19.383892
544,21.084661,31.075296,22.46347,5.2907195,20.017212,7.0506444,19.27783,13.729998,12.510929,7.449491,22.682549,12.504,13.104245,24.796318,12.636095,23.44122,31.602737,17.166998,19.708157,18.496637,10.026961,7.182747,29.033665,25.584318,28.88954,19.371893,7.5879025,11.897757,11.593994,24.222965,27.232817,24.883884,14.95683,11.281229,19.92956
545,22.595608,29.1468,22.231813,7.7187347,15.365187,13.552355,16.712057,13.222461,20.468222,9.305516,21.448202,13.810428,11.492789,23.526094,16.951714,27.151049,26.810545,16.089672,14.957184,15.944556,7.074035,4.085851,26.993832,22.313597,29.258764,17.431684,13.483614,12.840388,8.830456,22.251392,25.084257,23.038649,12.416133,10.919914,18.219458
546,22.233044,30.085909,23.418121,8.166321,23.884043,9.028217,19.276102,12.284777,13.764621,7.2020216,19.00613,12.864074,11.990623,22.48156,13.672547,24.653223,29.922575,17.71796,18.454805,19.046312,10.914967,8.74667,28.283527,24.059288,26.259514,16.579765,9.131875,10.874095,12.467162,18.787403,26.676281,24.419226,13.446523,11.041032,19.697168
547,30.583525,27.602385,30.648088,25.498579,31.584337,11.388233,22.373486,8.880232,12.144924,7.3681464,9.42635,15.710248,8.744721,15.019182,16.491457,25.277649,22.494389,25.183012,17.853554,23.077778,19.367958,16.5812,27.634712,24.09141,10.770897,9.935817,11.216363,7.605945,12.511541,4.4635725,27.925404,25.410975,10.055814,15.605929,22.364607
548,22.047081,32.777237,23.55352,5.1942396,17.884861,5.4530234,20.052366,15.238031,11.059278,6.776457,25.704107,12.478293,14.389114,27.605715,11.346975,22.435925,34.4422,18.432722,21.865805,18.863682,10.075993,7.0663977,30.599224,28.692734,31.20272,22.74269,5.854771,12.7727,10.695968,29.244446,28.651167,26.27085,17.142996,12.257032,21.127996
549,21.386326,31.088163,22.614628,5.441324,17.429712,6.41454,18.992659,14.279317,11.882175,7.028779,23.901237,12.323965,13.420707,25.800028,11.855181,22.403076,31.948952,17.579344,20.086523,18.000362,9.567699,6.5680227,29.075136,26.738165,29.453358,20.811823,6.7040114,12.300642,10.410297,26.525932,27.213802,24.994318,15.66942,11.833132,20.09368
550,21.789564,31.971403,22.979687,5.2409744,15.853594,6.045864,19.287539,15.123092,11.910816,6.9286427,25.48939,12.496483,13.942954,27.125881,11.806936,22.52323,33.056786,17.938328,20.946932,18.14339,9.462932,6.3101826,29.790714,27.782705,30.76276,22.337423,6.4262757,12.830002,10.020738,29.017803,27.855541,25.572136,16.664972,12.189446,20.541391
551,21.50802,31.736546,22.917448,5.2142344,17.734161,5.720573,19.43323,14.650032,11.152837,6.7765718,24.61991,12.242632,13.8456135,26.533672,11.354135,22.121286,33.09944,17.894072,20.926275,18.350983,9.804091,6.8443155,29.6581,27.605333,30.131666,21.669712,6.0577416,12.404195,10.519119,27.703531,27.769175,25.482344,16.348904,11.934395,20.488817
552,22.706345,31.945297,23.767963,6.5488873,17.670301,6.878561,19.495344,14.654861,12.439484,6.9544992,24.419815,12.770643,13.736524,26.53825,12.264616,23.13173,32.81106,18.522408,20.622137,18.527794,9.939841,6.8741493,29.964222,27.792765,30.12868,21.421446,6.9350247,12.654092,10.3476715,27.099669,28.066515,25.796286,16.05043,12.548153,20.782482
553,17.514235,22.453701,19.41463,8.396981,10.634157,28.89129,16.393295,12.167198,31.098951,25.193619,5.2558603,27.183828,8.255008,18.610884,30.829266,32.991188,4.6710877,18.191235,7.675244,19.802769,6.269737,3.3424778,20.448841,15.326003,12.363676,12.606435,29.733015,21.186333,21.499613,2.423905,17.477774,23.342037,14.3977585,11.958953,23.258219
554,21.500202,30.357647,22.455915,6.097037,17.385159,7.530128,18.499453,13.800392,13.033018,7.143979,22.797466,12.444896,12.852275,24.832058,12.5913515,23.025007,30.623665,17.301363,18.99771,17.64344,9.355582,6.374374,28.398188,25.64854,28.69958,19.626913,7.668306,12.117662,10.294834,24.823292,26.59018,24.418112,14.791465,11.687486,19.613
555,22.069956,30.862854,23.384346,6.8882427,20.373684,6.5651307,19.380743,13.515093,11.312315,6.525746,21.938454,12.41111,13.059762,24.73558,11.752073,22.4786,31.892462,18.224464,20.196442,18.744785,10.529983,7.943265,29.088634,26.611584,27.962133,19.591372,6.6178813,11.659874,11.253201,23.618742,27.326572,25.134869,15.202752,12.020224,20.325783
556,21.371164,30.924946,22.495104,5.4818816,16.847153,6.741216,18.80662,14.284864,12.332607,7.111782,23.840227,12.411724,13.296083,25.693932,12.1472025,22.627043,31.55014,17.455786,19.80538,17.820274,9.40394,6.34259,28.891182,26.460173,29.413366,20.672411,7.027196,12.385092,10.298504,26.456089,27.029976,24.835682,15.545642,11.830361,19.959328
557,21.64109,30.6671,23.02232,6.4880533,20.9486,6.8295197,19.278975,13.315056,11.626509,6.6998386,21.559082,12.350679,12.906242,24.35453,11.964006,22.727423,31.575449,17.807924,19.833605,18.641972,10.442488,7.880267,28.840298,26.000843,27.891428,19.057165,6.974292,11.555128,11.533133,22.98315,27.095772,24.876974,14.891703,11.632901,20.066015
558,21.48408,30.498802,22.245815,5.7422056,15.266945,7.674647,18.204885,14.279862,13.692439,7.287758,23.913982,12.467817,12.991758,25.49886,12.816666,23.183882,30.603344,17.09854,18.901644,17.208216,8.760511,5.5933123,28.408848,25.74601,29.589228,20.39966,7.8701425,12.516266,9.544451,26.514503,26.545467,24.354078,15.073452,11.7553005,19.493397
559,21.862715,30.87118,23.33044,6.7197633,21.141132,6.2115726,19.528183,13.402406,10.77969,6.379979,21.668379,12.299488,13.075417,24.601917,11.465727,22.240017,32.12424,18.20056,20.422785,18.91585,10.748961,8.264434,29.104998,26.625235,27.765907,19.477556,6.319666,11.493349,11.579657,23.288593,27.362223,25.158184,15.276071,11.889881,20.355307
560,20.697477,29.901518,24.524338,13.733168,34.92101,7.09821,25.646255,10.717054,8.124716,3.4245872,6.4750023,15.922854,7.7095423,14.303551,18.14674,29.381289,26.142464,20.642763,23.763128,25.724674,24.330637,19.931606,27.82408,19.329123,11.360695,7.976525,10.325485,8.465864,27.504734,5.0611315,28.221256,25.211002,16.40432,10.66025,21.936972
561,21.55578,31.287144,22.741497,5.4810667,16.840065,6.3860064,19.035433,14.515507,11.95338,6.982768,24.298286,12.407704,13.536047,26.149214,11.884047,22.449821,32.16806,17.712276,20.281279,18.002314,9.524922,6.4676676,29.235872,27.02788,29.763643,21.22051,6.6740956,12.475599,10.26244,27.186043,27.35582,25.136116,15.937537,11.981756,20.214724
562,20.733889,30.815706,22.327908,5.1398277,19.702368,5.716646,19.288702,13.692511,10.675596,6.869146,22.696165,12.111488,13.216676,24.893444,11.39225,21.941515,31.95474,17.362701,20.33501,18.49001,10.1913595,7.4817734,28.891582,26.182764,28.286959,19.87885,6.2307024,11.670605,11.439488,24.70007,27.105658,24.86109,15.389937,11.396364,20.010628
563,21.387476,30.41967,22.215809,5.7462797,16.037098,7.6851716,18.266577,14.097004,13.578965,7.2529774,23.499533,12.428241,12.915633,25.216742,12.792666,23.207487,30.565742,17.040985,18.852545,17.304333,8.916647,5.8148956,28.34476,25.56627,29.34784,20.054392,7.8871007,12.35898,9.818901,25.88919,26.50573,24.300463,14.930565,11.622632,19.45009
564,22.554873,30.799252,23.336014,7.1757975,17.006403,7.6197295,18.764277,14.040365,13.111367,7.0258317,23.264994,12.692404,13.0558405,25.378891,12.628559,23.125692,31.099558,18.123186,19.424032,17.936817,9.588093,6.585648,28.934916,26.56109,28.844835,20.253971,7.5433683,12.292025,9.893846,25.455462,27.105438,24.942347,15.077445,12.345398,20.10816
565,33.169937,25.745646,31.890127,30.465202,32.16721,17.970896,19.79051,7.6264052,19.179256,3.6775281,6.211258,14.783387,6.9046474,15.103537,17.356394,28.181192,23.413189,25.110773,15.780243,20.022385,17.0732,16.304226,25.162548,23.448227,12.1298485,9.203095,15.174626,6.871541,12.109731,3.9930983,25.307549,22.940863,9.682675,13.867974,20.006857
566,21.514946,31.575165,22.746195,5.2093477,16.46937,6.080639,19.140535,14.783752,11.776143,6.915854,24.861708,12.345109,13.739692,26.595583,11.706672,22.354578,32.635612,17.727009,20.60975,18.038456,9.472853,6.3982067,29.447807,27.346357,30.264963,21.764105,6.4315977,12.584202,10.137253,28.094475,27.546038,25.284685,16.302618,11.975932,20.311674
567,22.470297,29.665302,22.735199,7.9055057,18.669844,11.207789,17.907053,12.905973,17.34851,8.525943,21.046843,13.250295,11.828239,23.149654,15.406025,25.906546,28.213602,16.777357,16.534857,17.304495,8.836115,6.022277,27.652008,23.138224,27.88478,17.21393,11.295463,11.783029,10.0769615,21.375124,25.921068,23.639338,12.740609,10.9912815,18.834093
568,21.892508,30.970917,22.938213,6.1867967,17.363161,6.9814286,18.913095,14.15835,12.436938,7.0402975,23.544786,12.515216,13.253287,25.575487,12.238005,22.77352,31.559662,17.825981,19.782286,18.01098,9.601231,6.5967107,29.030346,26.639091,29.17364,20.489536,7.106721,12.313794,10.27973,25.91323,27.180387,24.992949,15.385453,12.074495,20.121227
569,29.390453,26.556948,28.547163,21.60657,24.774963,13.249913,18.148127,9.488773,15.60408,4.154729,11.929565,13.57653,9.019229,18.431126,14.236122,24.392096,25.566647,22.463396,16.32904,18.748108,12.906075,11.9417515,26.017014,24.395994,17.93419,13.053446,10.945075,8.622513,9.445013,10.409439,25.181911,23.312181,10.735132,14.127374,19.67093
570,21.424837,31.18056,22.715054,5.476623,17.790152,6.2539706,19.115881,14.271342,11.624228,6.9335427,23.8359,12.316644,13.467908,25.825745,11.725039,22.316467,32.168102,17.684023,20.279371,18.142399,9.711362,6.7601566,29.180225,26.886786,29.410913,20.850168,6.547375,12.259646,10.559412,26.456467,27.322086,25.098927,15.764356,11.859618,20.192057
571,24.321617,26.176704,23.745197,14.142925,24.88847,22.418789,17.31148,9.962464,26.804209,15.616319,11.72275,18.536259,8.528663,17.569344,23.72248,31.41753,18.10827,17.113808,10.879791,17.564861,9.361104,7.0114536,24.20082,16.990923,19.100977,10.938613,23.111517,12.01318,12.822968,8.003421,22.913198,21.92982,9.46149,9.707206,18.662754
572,21.572407,30.62032,23.012804,6.624322,22.356556,7.372316,19.423416,12.959095,12.196701,7.062549,20.781889,12.556634,12.645476,23.715664,12.580259,23.439415,31.202087,17.619097,19.558445,18.969286,10.682113,8.298694,28.776722,25.190668,27.327803,18.176943,7.705294,11.27112,12.197676,21.515398,27.062126,24.79846,14.435872,11.275533,19.971174
573,21.080648,30.340221,22.259848,5.698706,18.297035,6.9536977,18.692142,13.640131,12.25156,7.087493,22.523611,12.296558,12.875578,24.6231,12.219183,22.650627,30.839262,17.18009,19.297071,17.874193,9.635387,6.7563972,28.40208,25.572481,28.346485,19.46604,7.244466,11.883358,10.748674,24.429142,26.6161,24.424124,14.8436575,11.482135,19.627684
574,21.440035,30.266487,22.154745,5.881134,15.7136135,7.997686,18.08531,14.044945,14.005437,7.314131,23.450968,12.431573,12.801335,25.087063,13.002638,23.388866,30.2526,16.92676,18.53713,17.12711,8.73927,5.6239915,28.182343,25.300814,29.339693,19.889515,8.167535,12.346052,9.593216,25.770748,26.349483,24.135094,14.722193,11.569754,19.288794
575,21.769594,29.495909,22.04688,6.887417,18.06084,11.471306,17.607145,13.005154,17.827288,8.82027,21.136034,13.277416,11.780998,23.179422,15.675146,26.086477,27.91643,16.106451,16.200962,16.88726,8.333885,5.435707,27.35165,22.631977,28.401121,17.212603,11.733132,12.04892,10.138729,21.663286,25.573454,23.323687,12.77856,10.604357,18.50449
576,22.15721,29.363665,22.044552,7.026703,14.409704,11.538914,16.904402,13.612995,18.283112,8.378929,22.441105,13.156811,11.9196615,24.173172,15.438747,25.662083,27.87862,16.264004,16.02362,16.02186,7.365839,4.2461953,27.228138,23.360971,29.53613,18.459976,11.4521885,12.730562,8.6027155,24.005398,25.343071,23.229834,13.207497,11.215904,18.39773
577,19.417646,22.870045,20.513268,10.453192,15.182674,28.569586,16.36212,11.042723,31.123018,24.239525,6.0875773,25.75235,7.7725224,17.651482,30.004635,32.98334,6.9464984,17.648046,8.037793,19.320211,6.9101925,4.5019345,20.86566,14.476979,12.358078,11.779763,29.801949,18.424856,19.349352,2.4044304,18.30994,22.55585,12.665505,10.853428,21.845364
578,21.271494,31.096422,22.482986,5.262188,17.167011,6.496527,18.944704,14.324781,12.099436,7.16201,24.034695,12.349604,13.409009,25.817207,12.012619,22.552588,31.842155,17.438139,20.000534,17.951168,9.464476,6.4294767,29.04792,26.566092,29.561922,20.807236,6.8548083,12.345581,10.395407,26.65594,27.177544,24.944715,15.637263,11.760211,20.028067
579,20.376644,22.987003,21.056692,11.516362,17.197544,28.734083,16.224049,10.532214,31.447535,23.66161,6.3470488,25.109127,7.5186844,17.24992,29.69133,33.066013,7.963486,17.397303,8.0194435,18.881163,7.060422,4.875094,20.975548,14.120587,12.582434,11.384622,30.062832,17.316664,18.205023,2.4280145,18.61769,22.12848,11.833721,10.323101,21.12728
580,21.897768,31.481426,23.236835,5.9824467,19.258312,6.478414,19.469341,14.14876,11.677228,6.82653,23.380041,12.457607,13.51468,25.754284,11.848325,22.686163,32.5732,18.070826,20.486269,18.568262,10.140876,7.286341,29.532713,27.157267,29.406082,20.598394,6.6503224,12.212069,11.006675,25.68444,27.688969,25.43234,15.748002,12.018843,20.487364
581,21.109324,31.347721,22.81037,5.3951187,19.6652,5.265802,19.72903,14.023327,10.089848,6.6106253,23.058533,12.31156,13.477786,25.413666,11.1845455,21.824987,32.73381,17.895418,21.171926,18.947926,10.592613,7.913128,29.400665,26.953762,28.394136,20.53558,5.829289,11.803035,11.730482,25.414085,27.603394,25.365135,16.047054,11.726999,20.495813
582,22.553493,29.274027,24.979322,14.750667,32.91876,9.559164,23.367079,10.222017,11.818668,5.2692842,9.07086,15.235249,8.217767,15.409919,17.903498,28.96588,25.864517,19.939287,20.86357,23.732319,20.181852,17.02133,27.377365,19.39638,14.0827675,9.140538,11.74269,8.087059,22.13803,6.690956,27.314814,24.361506,13.920555,10.43576,20.707914
583,22.039669,30.069004,22.588661,6.958458,18.938786,10.122881,18.150843,13.214704,16.11855,7.978195,21.640541,12.8541765,12.281217,23.839592,14.448277,25.167526,29.40396,16.794401,17.290476,17.358992,8.905314,6.063423,28.020075,24.041937,28.843523,17.972363,10.150122,11.989515,10.273087,22.556686,26.2448,23.940248,13.422524,11.047811,19.056747
584,20.811249,31.345158,22.810331,5.214038,23.60785,5.6597342,20.145212,13.271643,10.184325,6.93085,21.560057,12.251622,13.288304,24.422775,11.454477,22.462074,32.759888,17.664179,20.877771,19.524107,11.211738,8.764103,29.473083,26.240162,27.933222,19.04938,6.254938,11.33341,13.019597,22.710064,27.727274,25.394518,15.308066,11.211992,20.47024
585,20.505743,30.62943,22.955107,6.899523,27.831144,6.0118594,21.040396,12.066685,9.626888,5.9921536,17.389763,12.645748,11.754369,21.443283,12.610004,23.799139,31.258675,17.847326,21.019047,20.77953,13.790498,11.427388,28.800406,23.922647,24.042768,15.677703,7.1848226,10.145527,16.261654,17.189096,27.496647,24.979464,14.801309,10.547869,20.31655
586,21.51624,30.332397,22.24953,5.9338717,15.69711,7.902188,18.144865,14.092145,13.856985,7.2772512,23.5157,12.458508,12.855395,25.191692,12.918758,23.296701,30.37528,17.046642,18.67113,17.182047,8.794026,5.677837,28.26331,25.490606,29.340746,20.025301,8.055955,12.384186,9.605831,25.901236,26.42399,24.226988,14.830245,11.663332,19.385818
587,21.249409,31.171564,22.69691,5.47204,20.683376,6.9307036,19.417048,13.678982,12.195101,7.2300797,22.498367,12.451164,13.179147,24.852339,12.383524,23.288618,31.939577,17.39937,19.901287,18.63239,10.204911,7.427127,29.17563,25.928019,28.927752,19.401756,7.3422885,11.880642,11.724861,24.041916,27.376762,25.042677,15.048692,11.386972,20.085583
588,21.47225,30.594439,22.53994,6.0245557,19.056015,7.7443795,18.791887,13.594867,13.27132,7.329483,22.43426,12.483692,12.830464,24.549305,12.87142,23.554726,30.872683,17.1829,19.002958,17.999912,9.632169,6.776684,28.596947,25.313164,28.709658,19.117237,8.009969,11.890991,10.857466,23.97211,26.812832,24.517052,14.5526,11.390158,19.632723
589,21.377047,30.662302,22.580954,5.822768,18.095661,6.6867266,18.86685,13.888948,11.931929,6.902845,22.938242,12.325564,13.111038,25.127453,11.959789,22.459307,31.40026,17.539488,19.734217,18.000904,9.719001,6.8264523,28.731243,26.262781,28.722576,20.056837,6.88847,12.065413,10.649151,25.165203,26.914917,24.745295,15.266778,11.76649,19.924551
590,21.683401,29.996807,22.079496,6.26488,15.313223,9.266503,17.69232,13.875502,15.655841,7.8079743,23.232637,12.657188,12.476318,24.696606,13.980617,24.340754,29.370735,16.597992,17.582094,16.776701,8.265044,5.125963,27.869253,24.42922,29.400122,19.28306,9.416771,12.374305,9.203864,25.142982,26.03498,23.78166,14.043381,11.363035,18.910456
591,17.621307,31.33078,21.993084,5.7753353,33.781734,4.38221,24.395052,11.948259,6.536957,4.274038,12.271258,13.9488945,10.199601,18.15453,14.813113,26.49174,30.493902,17.973211,23.816938,23.724388,19.91894,15.778487,29.096828,21.455645,19.369104,11.539585,7.5485253,9.983331,25.224117,11.920058,28.632202,25.631636,16.823935,9.561344,21.345617
592,21.41928,30.68086,22.297443,5.572254,15.768706,7.424173,18.396624,14.314373,13.361375,7.250336,23.949526,12.445658,13.105964,25.607803,12.650593,23.095314,30.94738,17.164362,19.173473,17.393759,8.925828,5.7848635,28.584623,25.946829,29.681429,20.509115,7.6573176,12.507214,9.787709,26.572182,26.716713,24.509996,15.236865,11.744585,19.627838
593,24.62161,29.983803,26.215721,12.91802,28.706055,7.2210193,20.886621,11.29449,9.668574,4.536493,14.91796,13.038876,11.380551,20.906551,12.07604,23.362293,30.892155,20.835054,20.993364,21.476486,14.633953,13.2213955,28.786339,25.932909,21.794962,15.584565,6.745278,9.49442,14.573485,14.080807,27.556133,25.490295,14.424872,12.806423,21.21121
594,21.082554,30.7638,22.194551,5.3750143,18.717236,7.711846,18.828102,13.752871,13.543817,7.7050867,22.879011,12.546564,12.891362,24.663807,13.167196,23.848608,30.850103,16.818624,19.015684,18.015549,9.5048895,6.562559,28.656641,24.985224,29.004642,19.209078,8.249938,11.965103,11.003494,24.421913,26.855137,24.492067,14.597659,11.147249,19.547955
595,21.521975,31.181057,22.700418,5.5157776,17.256409,6.6055055,18.992504,14.361744,12.160563,7.066168,24.022253,12.400156,13.445074,25.916737,12.01519,22.603971,31.976295,17.625353,20.055925,17.985146,9.517555,6.4819064,29.14573,26.790173,29.654663,20.88891,6.8687563,12.404501,10.352741,26.685326,27.275005,25.049316,15.701649,11.892503,20.130594
596,27.484493,27.498852,27.497322,20.121908,29.92096,14.234721,20.142889,9.275859,16.935026,7.1033144,10.696409,14.898616,8.706225,16.571152,17.364906,27.649279,24.111202,21.185152,16.371983,20.675297,15.317809,13.591068,26.295372,21.337608,16.056026,10.646007,13.866403,8.064124,13.547184,7.37136,25.859505,23.434628,10.443773,12.027481,19.855639
597,23.864206,28.790812,26.059015,17.503298,33.248894,10.28322,23.654743,9.736036,12.059706,5.586911,7.7420616,15.811556,7.7398396,14.529785,18.513924,29.17769,24.507013,21.12839,20.699068,24.344652,21.182043,18.102875,27.146217,19.395561,11.596635,8.465381,12.285848,7.671008,22.095364,4.787875,27.262947,24.476782,13.524558,11.153107,21.143969
598,21.547995,31.51041,22.774275,5.3169107,16.765312,6.248859,19.152699,14.66678,11.8965225,7.0162926,24.617968,12.423794,13.662442,26.396244,11.860957,22.486956,32.452774,17.737494,20.491999,18.094185,9.542356,6.4664774,29.41626,27.196295,30.037497,21.488104,6.598697,12.545921,10.29401,27.632374,27.521437,25.272219,16.129665,11.985044,20.311586
599,19.495022,31.576162,22.541416,5.2050133,29.318462,5.017791,22.013964,12.489963,8.639166,6.0577455,17.897871,12.711637,12.09896,21.749207,12.66378,24.148378,32.343143,17.605925,22.04526,21.423386,14.679484,11.80335,29.584248,24.120008,24.692509,15.705863,6.782375,10.434458,18.014551,17.883389,28.335243,25.57554,15.502326,10.2456665,20.753931
600,21.564983,30.214878,22.263031,6.332942,19.128302,9.865343,18.330223,13.27659,15.981016,8.252415,21.723295,12.963732,12.288818,23.739079,14.645883,25.354464,29.405375,16.488953,17.508411,17.605268,9.07676,6.1962414,28.073267,23.645098,28.701742,17.877008,10.242584,11.920633,10.798613,22.49902,26.30759,23.945745,13.514522,10.791796,19.037836
601,21.686966,30.10019,22.218891,6.3774986,17.051275,9.527082,18.00443,13.604694,15.7571335,7.999145,22.529335,12.814039,12.397553,24.263433,14.26707,24.773024,29.38221,16.616165,17.570251,17.178516,8.672534,5.6457033,27.979874,24.132702,29.023518,18.654703,9.761221,12.170185,9.930022,23.923471,26.178738,23.885784,13.815148,11.152956,19.007563
602,24.604136,27.895164,24.061216,12.5981865,22.891113,16.625372,17.46787,11.061928,21.947914,10.587293,16.355276,14.889992,10.111893,19.959705,18.730213,28.479624,23.929308,17.343376,13.288351,16.915684,9.205062,6.6560354,26.089659,20.627447,24.165354,13.377004,16.45483,11.199674,10.143203,14.405955,24.75609,22.639809,10.11238,10.633258,18.370615
603,22.335972,25.712267,22.935345,14.258131,26.75005,21.617918,19.300581,9.224997,24.93007,19.908508,8.741615,21.178574,7.3865037,15.05311,26.328842,32.1375,14.106338,17.440723,12.596355,21.488752,12.679097,10.57745,23.682442,13.728849,10.916376,9.722798,24.662924,10.915116,17.694859,2.9481812,22.524513,22.374172,10.453419,9.037266,20.03313
604,24.633444,29.153461,24.858185,11.905354,21.850294,10.736658,18.490557,11.897503,15.340639,6.9113464,18.346777,13.104126,11.362739,21.904598,14.216951,24.784197,28.177145,19.006512,17.085188,18.31582,10.59834,8.35945,27.733547,24.388609,25.040438,16.126442,9.999962,10.770639,10.17042,17.865574,26.266762,24.137102,12.323043,12.338715,19.630136
605,21.330858,31.14102,22.677555,5.422617,18.345737,6.2366214,19.163576,14.144552,11.535517,6.9436216,23.592268,12.275724,13.434058,25.655787,11.694967,22.322128,32.16327,17.633062,20.248497,18.212135,9.803193,6.894828,29.15682,26.775618,29.289064,20.627089,6.536694,12.165501,10.745979,26.054201,27.308937,25.076895,15.659401,11.768956,20.169806
606,22.360544,30.21913,23.238674,7.559784,19.28352,8.059765,18.67478,13.274921,13.159084,6.8144684,21.543264,12.51459,12.59125,24.208649,12.669999,23.282404,30.542444,17.900194,18.849556,18.025785,9.855741,7.1863785,28.433146,25.676939,27.892979,18.837854,7.8744226,11.725224,10.503262,22.949953,26.688898,24.532476,14.346148,11.894417,19.773287
607,21.346062,30.749733,22.227783,5.4884973,16.368647,7.7416043,18.500116,14.196751,13.81193,7.619147,23.77851,12.597436,13.013307,25.31387,13.12881,23.620108,30.736176,16.975101,18.995764,17.566902,9.03166,5.8781767,28.620848,25.464823,29.52476,20.069075,8.14323,12.396413,10.126804,25.987917,26.768272,24.49019,14.952817,11.544991,19.56907
608,21.467009,31.066816,22.513723,5.424597,16.020285,6.7130857,18.741152,14.524779,12.501573,7.104822,24.383879,12.4033785,13.404747,26.06828,12.151175,22.639696,31.707369,17.465067,19.882145,17.698011,9.203554,6.0867624,28.979763,26.64807,29.844826,21.130663,7.004918,12.536428,9.928581,27.297466,27.09498,24.87997,15.750203,11.899135,19.969221
609,24.458487,27.086187,24.1293,14.2158375,25.999245,18.018137,18.12056,9.927059,22.551735,12.271293,13.06194,16.201145,8.9320755,17.668297,20.65164,29.675346,21.429874,17.459837,13.133732,18.31805,10.847547,8.730078,25.256916,18.315336,19.691431,11.2046385,18.610085,10.158507,12.635246,9.572398,24.164215,22.27634,9.71617,9.9597845,18.481228
610,21.270498,30.181065,22.014597,5.751144,15.902203,8.004484,18.08024,13.958534,14.006824,7.424356,23.284113,12.446743,12.729671,24.888577,13.087154,23.435535,30.079464,16.788897,18.459555,17.153028,8.777785,5.6674395,28.091494,25.047628,29.131685,19.676489,8.258415,12.262222,9.752698,25.462364,26.270245,24.048805,14.613795,11.450338,19.213713
611,21.099405,31.084,22.312027,5.076256,17.669662,6.924481,18.964941,14.203732,12.670803,7.4674606,23.749323,12.485033,13.272777,25.490206,12.525978,23.130396,31.535679,17.161757,19.714128,18.023525,9.492602,6.4299154,28.98375,25.992758,29.499437,20.292677,7.4145856,12.3023405,10.756409,26.004032,27.128176,24.84226,15.341334,11.531697,19.899755
612,21.867651,30.69366,22.915405,6.408037,18.09326,7.1529584,18.821173,13.858057,12.445507,6.880264,22.886904,12.409765,13.06903,25.137844,12.193215,22.764189,31.325283,17.762487,19.521639,17.969498,9.668253,6.775795,28.79905,26.350601,28.827967,19.973545,7.1776614,12.109375,10.388262,25.004278,26.98338,24.80361,15.086827,11.947196,19.967375
613,21.551062,30.151237,22.692408,7.1885023,23.530079,9.432724,19.1965,12.323046,14.797466,8.2189,19.582054,13.018187,11.902036,22.249924,14.58196,25.475271,29.34108,16.844292,17.96152,18.918564,10.603408,8.2243395,28.179972,22.932447,26.476898,16.213423,10.071212,10.849744,12.612447,18.973564,26.576088,24.135149,12.99875,10.423696,19.30604
614,21.492832,31.579176,22.820572,5.2566476,17.355812,5.9894223,19.280466,14.618061,11.500504,6.8884344,24.526262,12.318259,13.729314,26.39905,11.593422,22.285755,32.735752,17.792746,20.677614,18.216331,9.682317,6.6769943,29.497553,27.353523,30.026958,21.507776,6.3294716,12.447399,10.439781,27.539995,27.610106,25.345947,16.206419,11.933718,20.377121
615,34.302177,26.396202,33.009052,31.990181,33.722336,19.145369,20.565447,7.735476,20.253302,4.039537,5.7044716,15.547609,6.907255,15.240513,18.414814,29.481085,23.591969,26.040949,16.156208,20.741917,18.017439,17.158379,25.73957,23.9449,11.852574,9.165521,16.334913,7.114858,12.898169,3.4555373,25.986774,23.588614,10.0332575,14.183755,20.715193
616,21.96464,29.95644,22.265358,6.6766133,16.283623,10.288145,17.682352,13.647528,16.718515,8.089702,22.555979,12.939087,12.276255,24.32034,14.696683,25.182564,29.016384,16.555931,17.082571,16.817938,8.251461,5.1929817,27.811565,23.970816,29.36666,18.644619,10.37813,12.385758,9.464714,24.03365,25.984016,23.727278,13.647438,11.193054,18.844088
617,19.233442,31.412752,22.014627,4.314111,26.985579,5.056688,21.298311,12.8650465,9.147298,6.457656,19.38039,12.432057,12.485272,22.58445,12.322609,23.609526,32.306633,17.090616,21.510523,20.50606,13.410756,10.408728,29.354195,24.444416,26.060865,16.743479,6.638271,10.842734,16.496742,19.936901,27.96823,25.268965,15.453555,10.250336,20.404055
618,23.332424,28.919575,25.18061,16.556742,33.400936,11.911922,23.704992,9.356213,14.832371,11.334607,9.556169,17.1584,7.778167,13.485857,21.407738,30.547625,21.118202,19.719889,18.577166,24.906708,20.129944,16.838844,27.147182,16.283075,10.059143,7.602429,15.719198,7.0449734,20.60168,3.5898137,27.27128,24.288465,11.146728,10.083018,20.926641
619,23.626955,30.040035,24.54711,10.035118,22.835762,8.430249,19.304129,12.34873,12.715826,6.47108,19.195202,12.816025,12.068017,22.84984,12.832308,23.596605,30.243668,19.00252,19.026995,19.159893,11.214929,9.113407,28.551136,25.493078,25.596716,17.366283,8.089358,10.796551,11.385078,19.320072,26.976967,24.830404,13.7148285,12.248107,20.208073
620,22.584978,30.850805,23.905981,7.7634106,21.316769,6.602695,19.586622,13.297089,11.034886,6.2641053,21.243917,12.51059,12.948806,24.458889,11.678768,22.461372,31.946886,18.717682,20.382477,19.107452,10.970317,8.566297,29.186113,26.81375,27.33357,19.321388,6.527131,11.452814,11.48038,22.669802,27.463722,25.31261,15.162871,12.26683,20.552786
621,20.51964,22.95956,21.144402,11.691243,17.314304,28.71097,16.173416,10.502949,31.410257,23.387623,6.351842,24.95677,7.5051093,17.223797,29.54041,32.986855,8.11913,17.419327,7.9830546,18.72706,7.066705,4.866651,20.960035,14.221402,12.719808,11.336069,29.961203,17.243814,17.997265,2.5119667,18.639744,22.061708,11.764345,10.333349,21.03568
622,21.73665,30.60959,22.875162,6.470027,20.173304,7.6808295,18.981058,13.379606,12.914629,7.173998,21.941446,12.462366,12.82287,24.36665,12.664439,23.42163,31.055834,17.500654,19.134636,18.260115,9.947028,7.227016,28.712109,25.545256,28.367836,18.894423,7.8119993,11.728424,11.087417,23.252134,26.944897,24.673786,14.478932,11.497873,19.808933
623,23.940248,28.8125,26.297226,17.25147,33.002487,8.571526,23.496965,10.000845,9.780712,3.2140982,7.7269998,14.839616,8.086754,15.315087,16.356363,27.547441,26.445923,21.600641,21.866375,23.951292,21.324753,18.360178,27.294218,21.239496,12.788851,9.471527,9.812181,7.88271,21.897278,6.04538,27.350471,24.621729,14.604869,11.791294,21.241432
624,25.967861,27.720608,26.59289,19.692049,32.172024,14.125054,21.766321,8.844332,16.918152,10.0337105,9.568939,16.285044,7.8107557,14.199032,20.125362,29.473886,21.379923,20.460028,16.626104,22.643501,17.710602,15.29077,26.25637,17.953794,11.81067,8.33733,16.011549,7.054494,16.460876,4.2789164,26.259295,23.449137,9.91306,10.848904,20.107426
625,20.713877,30.965618,22.329533,5.001274,20.84837,6.32184,19.420565,13.557141,11.422359,7.1816607,22.322794,12.2746725,13.145741,24.63544,11.982429,22.753414,31.878359,17.179369,20.06685,18.663097,10.306764,7.581277,28.990036,25.750536,28.488903,19.319609,6.888723,11.686516,11.943481,23.871637,27.208593,24.894365,15.094396,11.195812,19.982965
626,20.868082,29.294918,23.512161,13.162886,33.029873,11.089972,24.206326,9.988302,13.9394,10.755692,8.982072,17.55326,7.742769,13.652293,21.829727,31.130201,21.490677,18.640768,19.578308,25.219429,20.737686,16.823656,27.139866,15.533791,10.665966,7.4401774,15.51029,7.941024,23.729504,3.9162066,27.198135,24.343132,12.686198,9.374679,20.977983
627,21.582638,29.927153,22.071798,6.2738323,15.801853,8.992008,17.779863,13.761952,15.202164,7.6478252,22.95859,12.565615,12.45922,24.531979,13.735467,24.099567,29.43087,16.641567,17.707872,16.883863,8.4712515,5.3827004,27.830505,24.45572,29.101526,19.139498,9.137017,12.226982,9.409119,24.808067,26.022354,23.773476,14.050377,11.334656,18.934069
628,21.57501,30.177021,22.183691,6.1661243,16.450153,8.7478895,18.044838,13.791264,14.894652,7.633625,22.989088,12.582645,12.576145,24.611248,13.645183,24.116606,29.806751,16.74468,18.024956,17.167175,8.729228,5.6634216,28.074223,24.63643,29.14152,19.187101,8.958466,12.185917,9.74897,24.773508,26.268183,23.982489,14.18875,11.340698,19.110155
629,18.76193,22.244003,20.004345,9.896305,13.07011,28.421392,15.869409,11.332535,30.747501,23.222067,5.5309205,25.572567,7.81433,17.879276,29.482841,32.37433,6.424168,17.709948,7.6292787,18.676819,6.4114723,3.8020701,20.300812,15.032477,12.868784,11.891864,29.077202,19.329908,19.464167,2.6905441,17.663395,22.372765,13.141367,11.266735,21.86179
630,20.53243,31.033495,22.233582,4.705158,20.08923,5.616138,19.426401,13.783223,10.645243,7.00511,22.922918,12.076277,13.36276,25.072523,11.372704,22.03067,32.246696,17.255495,20.454298,18.566795,10.201348,7.4584503,29.054913,26.270527,28.674967,19.998877,6.1952796,11.742447,11.648336,24.965595,27.25039,24.971708,15.506524,11.271025,20.072758
631,22.219793,29.841003,23.535236,8.691832,24.881557,8.6528,19.48411,11.947554,13.007181,6.9456406,18.13995,12.798052,11.747052,21.867281,13.440256,24.366371,29.719225,17.920164,18.675434,19.384533,11.53835,9.502596,28.125204,23.875206,25.132208,16.067352,8.822712,10.450701,12.95269,17.654121,26.612251,24.36101,13.389964,11.010426,19.733875
632,22.055693,31.690136,23.27353,5.918865,17.737625,6.408818,19.391432,14.551034,11.869398,6.908682,24.294434,12.534696,13.690614,26.339745,11.893738,22.649748,32.710506,18.148499,20.629992,18.39391,9.866206,6.8543444,29.681618,27.511652,29.903996,21.324444,6.6092806,12.490501,10.486693,27.054312,27.79797,25.540287,16.064228,12.219988,20.564585
633,21.520063,30.96866,22.44834,5.4841886,15.161159,6.8461547,18.547743,14.62581,12.772221,7.079444,24.589846,12.407725,13.3652725,26.170593,12.238867,22.664007,31.516075,17.409342,19.735788,17.4771,8.986655,5.81384,28.858295,26.601843,29.975769,21.290339,7.105231,12.63618,9.581991,27.680996,26.966137,24.765142,15.768216,11.951201,19.86434
634,21.687256,30.706722,22.692907,6.140758,18.393982,7.726793,18.768152,13.794336,13.2865715,7.262943,22.803247,12.523388,12.952492,24.897684,12.799816,23.460787,31.010887,17.385035,19.108328,17.920862,9.536791,6.594929,28.718021,25.72066,29.003952,19.525232,7.88648,12.102591,10.593758,24.609516,26.907658,24.651423,14.757323,11.631792,19.765009
635,21.515335,31.3841,22.802593,5.422134,17.568962,6.2442355,19.195524,14.44141,11.696959,6.9672294,24.157084,12.375245,13.584308,26.096428,11.764147,22.400728,32.388763,17.76031,20.425728,18.178799,9.695195,6.6939473,29.348,27.103102,29.711897,21.128832,6.5492716,12.388751,10.521097,26.92753,27.473366,25.236025,15.945278,11.931101,20.299833
636,23.377285,29.452095,25.50726,15.430292,32.7684,10.028798,23.439613,10.064617,12.546452,7.7437286,10.158196,15.894421,8.60939,15.351748,18.597641,28.925041,24.655003,20.268917,20.051565,24.267311,19.671843,16.623877,27.768492,19.188421,13.323721,9.309985,12.536109,7.8626637,20.627502,6.1684,27.62793,24.776052,12.763962,10.863453,21.14429
637,21.522736,30.820366,22.56363,5.71774,16.741285,6.918547,18.678831,14.237001,12.5103035,6.9951577,23.770695,12.349776,13.244769,25.661505,12.130754,22.625973,31.471733,17.484556,19.629927,17.676128,9.292499,6.2515035,28.802067,26.46095,29.473946,20.627993,7.08773,12.373409,10.046044,26.405617,26.947372,24.753057,15.438108,11.85457,19.880774
638,21.909697,29.872211,22.204588,6.6418695,15.839884,10.037195,17.600119,13.68987,16.436752,7.9366107,22.695827,12.8230505,12.298663,24.403591,14.449148,24.874763,29.03206,16.574623,17.144125,16.71194,8.191467,5.1152506,27.745598,24.104519,29.352997,18.814598,10.085786,12.388374,9.275076,24.34058,25.917187,23.681772,13.730338,11.265336,18.818071
639,26.864342,27.024725,26.424515,18.69317,28.626915,18.8048,19.240292,9.63763,22.097633,11.236805,10.814818,16.710884,8.670228,16.74471,20.827791,29.923237,20.837593,19.851412,13.345014,19.074104,13.275018,10.554966,25.439953,19.892885,17.607231,10.318034,18.746119,10.072763,12.768335,7.2899094,24.921238,22.90255,9.697394,11.350107,19.530977
640,21.570759,31.568182,22.886518,5.364716,17.56436,6.094955,19.294065,14.5606785,11.575506,6.9128723,24.40623,12.350533,13.705098,26.327873,11.655294,22.35919,32.693684,17.837404,20.623335,18.24646,9.721454,6.719705,29.509663,27.339746,29.965366,21.391315,6.4023046,12.437924,10.487831,27.316479,27.624086,25.364044,16.123613,11.964693,20.396029
641,21.43273,31.054642,22.476898,5.3655834,15.465817,6.461086,18.688513,14.657509,12.238687,6.9223275,24.583883,12.340488,13.458026,26.260902,11.923147,22.364084,31.82766,17.495012,20.048115,17.604244,9.15083,6.024852,28.94648,26.846153,29.93011,21.462896,6.7473917,12.588468,9.741611,27.798876,27.059734,24.864286,15.996869,11.95098,19.971903
642,21.566177,31.578615,22.831789,5.3226,16.732285,6.114347,19.229887,14.729073,11.691186,6.9352446,24.644814,12.46231,13.707783,26.479517,11.775626,22.390482,32.58632,17.83417,20.670652,18.166794,9.627278,6.5535626,29.484074,27.359587,30.00844,21.607454,6.4764476,12.581889,10.397083,27.75344,27.588322,25.357525,16.283287,12.049477,20.40613
643,21.239912,30.41005,22.132257,5.6549854,16.973328,7.850666,18.38655,13.8914585,13.736366,7.494726,23.116467,12.497015,12.809732,24.83341,13.062742,23.527395,30.407722,16.873785,18.724926,17.499493,9.094153,6.0380316,28.329618,25.131878,29.053423,19.543024,8.18368,12.172207,10.247501,25.084915,26.513739,24.257376,14.653926,11.399235,19.391
644,21.39464,30.325657,22.15692,5.760009,15.362161,7.6770453,18.11556,14.170078,13.6286745,7.2047434,23.679161,12.393094,12.90805,25.321354,12.742151,23.08254,30.45216,17.023962,18.780207,17.127407,8.740918,5.6076727,28.250277,25.606432,29.423063,20.226618,7.841155,12.433206,9.5324135,26.23722,26.40113,24.223185,14.971578,11.684578,19.388746
645,21.456823,30.593384,22.589832,5.9951477,18.885752,7.344203,18.824968,13.657329,12.699199,7.124282,22.518448,12.399469,12.933233,24.725605,12.465855,23.09271,31.084639,17.357933,19.26402,18.010178,9.69559,6.8357506,28.644669,25.71522,28.68289,19.412811,7.5371776,11.946066,10.806506,24.279186,26.849571,24.613245,14.7842045,11.553648,19.758032
646,21.457926,31.117638,22.597565,5.4499125,16.516333,6.449328,18.890768,14.465743,12.063162,7.0262613,24.256502,12.378153,13.45105,26.032425,11.934718,22.425951,31.902702,17.588072,20.097763,17.868431,9.401464,6.333596,29.072044,26.82221,29.650785,21.11754,6.74644,12.451025,10.136744,27.118534,27.193636,24.988218,15.812785,11.932631,20.085054
647,21.199171,30.667583,22.209454,5.5109544,17.975185,7.8022523,18.657946,13.842569,13.681,7.609581,23.04679,12.530462,12.882564,24.797144,13.140358,23.759912,30.73077,16.866232,18.908937,17.799803,9.323564,6.3245916,28.564173,25.103125,29.126192,19.39692,8.238879,12.079462,10.663204,24.793835,26.753384,24.426199,14.643476,11.272934,19.503214
648,21.057661,31.11962,22.636856,5.390763,21.290585,6.5700107,19.559885,13.521061,11.665945,7.257534,22.223877,12.418587,13.139505,24.618668,12.197126,23.043781,31.960865,17.389948,20.098562,18.861805,10.445897,7.77116,29.165474,25.81111,28.426052,19.225916,7.1096244,11.66019,12.03347,23.580864,27.384933,25.052198,15.028929,11.294271,20.118982
649,22.754389,31.433146,23.834599,7.14141,19.048784,7.057393,19.409418,14.066104,12.217452,6.707629,23.119555,12.661189,13.379153,25.654783,12.161587,23.005629,32.31404,18.563139,20.268888,18.617697,10.201312,7.372257,29.591623,27.316973,29.140146,20.449911,6.9672265,12.215246,10.6423,25.224842,27.759176,25.532633,15.5139475,12.445954,20.611677
650,21.19992,31.516642,22.89814,5.2190638,20.484142,5.47092,19.708652,14.007933,10.38365,6.6815753,23.352453,12.0424595,13.682305,25.687675,11.008617,21.89211,33.144714,17.8448,20.920298,18.761211,10.34969,7.658708,29.559948,27.253908,29.268076,20.649418,5.8089747,11.860279,11.402663,25.697107,27.732231,25.427427,15.904471,11.606913,20.469198
651,19.11436,30.527016,22.976933,9.658398,33.949673,6.5389304,24.794668,11.125251,8.6497555,5.4186354,9.833944,15.331781,8.810449,15.880072,17.504383,28.601675,27.273565,18.760386,23.015556,24.849926,21.519854,17.418545,28.306911,19.166372,14.892921,9.443024,10.161137,8.88907,25.845625,7.981276,28.216183,25.173756,15.795371,9.681915,21.34963
652,23.079142,29.880156,24.371002,10.023932,25.956009,8.862277,19.739534,11.74827,12.804132,6.384074,17.210808,12.963238,11.613833,21.665699,13.363414,24.448996,29.92374,18.710575,18.978872,19.79718,12.124201,10.305496,28.291687,24.359205,24.540491,15.834548,8.748924,10.331935,13.237138,16.58638,26.830776,24.655891,13.489379,11.4650545,20.095217
653,25.745161,25.481455,25.274088,17.692186,25.620497,22.568277,17.987877,9.731684,25.485453,14.550214,9.148261,19.113462,8.062565,16.76623,23.46487,30.871607,17.038507,19.27733,11.395349,18.366478,11.399366,8.726985,23.785425,18.396029,16.141754,10.595647,22.580511,12.097919,13.544426,5.8994346,22.8482,22.278002,10.138661,11.1083355,19.659712
654,19.625296,31.505886,22.531273,5.476568,29.26558,5.6553574,21.926321,12.405219,9.5067425,6.3366027,17.735773,12.888119,11.900577,21.469732,13.29344,24.79708,31.876566,17.444487,21.644976,21.382868,14.609496,11.723761,29.459757,23.549118,24.557032,15.310086,7.5051737,10.372369,17.999758,17.44896,28.235209,25.417685,15.179875,10.079992,20.584229
655,21.492514,30.260311,22.18988,6.14452,18.165976,9.368053,18.285189,13.488199,15.520458,8.1315565,22.27343,12.860339,12.41904,24.068817,14.315676,24.917524,29.569418,16.552357,17.770487,17.521185,8.992654,6.0264535,28.127968,23.974777,28.821133,18.372438,9.764662,12.0126095,10.519926,23.37545,26.343681,24.000597,13.778694,10.976353,19.096104
656,23.444433,29.386707,24.281967,10.436118,23.584085,9.440377,19.023203,11.808775,13.712216,6.7875743,17.902481,12.9752245,11.516355,21.767763,13.5944195,24.265078,28.959324,18.6219,18.081594,19.016365,11.208003,9.228507,27.890268,24.212862,24.601898,16.061205,9.138013,10.480545,11.725561,17.361485,26.386642,24.286282,12.9259205,11.773396,19.775904
657,24.319136,25.634825,23.19904,13.504284,21.425808,23.594164,15.807185,10.273364,28.684242,15.348715,12.9837675,18.236332,8.464185,18.46536,23.760063,31.401623,18.009632,16.361923,9.682345,15.806282,7.186026,4.9009266,23.62689,16.855902,21.092302,11.753056,23.854502,12.78956,10.907604,10.200112,22.07765,21.238142,9.124348,9.550317,17.801138
658,21.301022,30.844618,22.403095,5.5227556,18.0634,7.3713098,18.812437,13.958097,13.078234,7.372053,23.240267,12.459733,13.07054,25.117748,12.704834,23.35398,31.216354,17.145683,19.320406,17.91853,9.456666,6.4742374,28.78156,25.686855,29.27601,19.809307,7.7261624,12.158257,10.660533,25.230972,26.95383,24.660135,14.968337,11.475222,19.73531
659,21.622221,30.445276,22.710299,6.49269,20.46077,8.213902,18.873043,13.217399,13.58112,7.33251,21.500257,12.572582,12.595428,23.969404,13.154939,23.951773,30.61098,17.21414,18.745806,18.21307,9.889699,7.2226133,28.482037,24.86685,28.187353,18.35699,8.440839,11.6278515,11.274962,22.523895,26.742468,24.437393,14.171302,11.212423,19.578901
660,21.408922,31.347256,22.719751,5.32176,17.766396,6.224587,19.18991,14.374867,11.684121,7.0329614,24.108925,12.328865,13.565082,26.00658,11.758108,22.397993,32.343838,17.669504,20.364872,18.182087,9.684707,6.6997476,29.313622,26.980757,29.668444,21.016981,6.5583854,12.324293,10.562042,26.787273,27.441309,25.189726,15.849208,11.843067,20.24699
661,24.652548,29.57553,25.792732,12.459436,25.726833,7.775807,19.937971,11.516678,10.7066345,5.257842,16.309216,13.017392,11.535424,21.508226,12.111778,22.846415,30.085318,20.420305,19.897152,20.369776,12.968878,11.45251,28.450348,25.868677,22.658323,16.266293,7.158796,9.914741,12.567284,15.700382,27.065506,25.12842,13.817431,12.974478,20.816853
662,21.739304,32.01831,23.116337,5.288071,17.253265,5.7454123,19.547117,14.909201,11.279921,6.7704773,25.017641,12.400476,13.9794855,26.912209,11.467855,22.275526,33.374294,18.082516,21.179943,18.431404,9.823262,6.8008156,29.897577,27.931555,30.451456,22.07838,6.098621,12.610944,10.477689,28.335972,27.987682,25.697649,16.649706,12.116894,20.676947
663,20.038218,30.579937,24.122072,12.8169,35.455154,7.4850116,26.38658,10.905135,8.981273,5.081213,6.8752027,16.74734,7.6490173,14.036535,19.762829,30.80924,25.488537,20.21671,23.88643,26.637146,24.876768,20.133274,28.284134,18.105574,10.815216,7.5198407,11.68416,8.514197,28.843708,4.703225,28.717545,25.570297,16.358946,10.129729,22.217337
664,22.548643,32.34269,23.647427,5.9349575,16.690147,6.6015725,19.553381,15.132139,12.440837,7.011343,25.408682,12.764358,14.042727,27.277023,12.173306,23.097288,33.34562,18.43632,20.977596,18.428165,9.716133,6.5151067,30.226322,28.206293,31.016129,22.267084,6.771993,12.98656,10.135658,28.66206,28.278202,25.974688,16.586954,12.540539,20.886614
665,32.551376,26.33794,32.059082,28.429577,30.87017,11.36067,21.733606,8.591777,10.643404,5.242091,8.092953,15.190578,8.713475,15.04214,14.519644,22.74193,22.130102,26.982956,17.174107,21.562183,19.428438,16.076935,27.053726,26.911528,10.568851,10.13099,9.622805,8.267184,9.864534,4.3293867,27.66182,25.329716,9.841874,17.622135,22.629633
666,26.800486,28.634865,28.115623,19.971563,32.137154,9.83353,22.296724,9.800018,11.172875,2.883589,8.913437,14.265244,8.661925,16.565893,15.179787,26.640331,27.426922,22.706955,20.840237,22.93296,19.361338,17.338156,27.467442,23.299036,14.641811,10.94172,9.533283,7.796968,17.982977,7.201021,27.26368,24.685926,13.653649,12.890305,21.15098
667,21.448368,30.053825,22.231365,6.1915417,17.061174,8.14886,18.178211,13.660622,13.875711,7.2731524,22.576876,12.431315,12.606266,24.486301,13.033701,23.456697,30.021177,16.95383,18.368553,17.317375,9.05619,6.0600634,28.040403,24.985529,28.68134,19.173044,8.274854,12.042089,10.035757,24.426111,26.2565,24.04377,14.370016,11.445108,19.244421
668,23.01209,30.997187,24.332743,8.333249,21.794125,6.5906935,19.801249,13.273295,10.857437,6.1379056,21.05034,12.615551,12.96859,24.454811,11.644316,22.482767,32.132755,19.122213,20.609869,19.380096,11.278459,8.924677,29.390577,27.131758,27.101896,19.33211,6.4473805,11.397303,11.578623,22.395992,27.692722,25.543264,15.228818,12.513586,20.79453
669,21.373743,30.989353,22.534748,5.450416,16.761177,6.477209,18.85734,14.351738,12.012957,7.015752,23.998121,12.358368,13.376155,25.839222,11.922723,22.387291,31.758434,17.534882,20.004358,17.854343,9.435483,6.3928037,28.961037,26.67877,29.44671,20.904512,6.770311,12.378016,10.236778,26.752949,27.095833,24.90415,15.707727,11.874981,20.026745
670,21.692244,31.821548,23.024405,5.3454,17.471684,6.0228314,19.434267,14.729862,11.560507,6.91745,24.71324,12.415765,13.837224,26.604706,11.665495,22.435242,32.998535,17.95966,20.852667,18.35994,9.773862,6.7413263,29.73133,27.598022,30.234362,21.679977,6.35311,12.541688,10.507395,27.755688,27.831444,25.549007,16.334135,12.050187,20.545687
671,19.18254,30.526623,22.739876,7.970537,32.32002,5.676579,23.332727,11.422625,8.147259,4.9269876,12.411172,13.872735,9.98232,18.03279,14.906878,26.277367,29.431463,18.29268,22.566727,23.209679,18.611177,15.291481,28.499397,21.278515,18.787394,11.787381,8.227498,9.396168,22.636452,11.438768,27.905941,25.099249,15.650152,9.897643,20.89516
672,29.565226,27.539135,29.514889,22.743404,29.498213,11.664452,20.187004,9.366297,13.079117,2.6345158,9.983445,13.612052,8.97889,17.69486,13.862246,25.00067,27.325636,23.539324,18.779957,20.897182,16.323498,15.216147,26.862743,25.112854,16.297054,12.31903,9.565813,7.830823,12.826914,8.416175,26.3749,24.159191,12.13649,14.152033,20.60732
673,21.455385,24.091946,21.940165,12.275885,19.378647,28.103659,16.96544,10.452686,31.213034,23.572819,7.4325614,24.789959,7.6858854,17.320337,29.666965,33.6328,9.608255,17.606176,8.958691,19.598923,7.9142437,5.824211,22.049953,14.277008,12.895958,11.389618,29.801908,16.249079,17.987684,2.8823836,19.825459,22.576693,11.514169,10.236296,21.171362
674,21.390123,31.233551,22.587784,5.293004,16.971489,6.4756618,18.991669,14.451406,12.117214,7.1353493,24.252066,12.386669,13.491394,26.028286,12.001127,22.57097,32.021214,17.535543,20.12641,17.972158,9.455773,6.398823,29.165054,26.770903,29.763756,21.048365,6.8210206,12.434693,10.31839,27.009758,27.28357,25.046408,15.7950735,11.8446865,20.11513
675,21.977835,32.44326,23.42797,5.3303986,17.777704,5.5974746,19.850756,15.060751,11.124502,6.730672,25.317778,12.441272,14.204234,27.269577,11.373468,22.357145,34.00074,18.334208,21.570883,18.702314,10.014178,7.009871,30.304909,28.399708,30.832922,22.40891,5.9423175,12.6786785,10.617683,28.723122,28.37854,26.038504,16.906878,12.220925,20.951605
676,20.757183,31.143358,22.36066,4.888376,20.432703,6.2826047,19.469265,13.738871,11.4962845,7.2913504,22.720129,12.3430805,13.257087,24.908394,12.042289,22.809732,32.0172,17.22097,20.189528,18.679588,10.244311,7.451419,29.137157,25.922415,28.749823,19.621851,6.893055,11.82324,11.8624935,24.410591,27.332512,25.012121,15.256228,11.273315,20.074377
677,26.413506,28.85508,27.506754,17.473734,29.964201,9.009746,21.069418,10.320294,10.818168,3.1114116,11.488236,13.440342,9.877826,18.60456,13.341539,24.812237,29.003632,21.930498,20.454275,21.78725,16.6149,15.139618,27.727497,24.72079,18.277708,13.246766,8.104408,8.456222,15.265619,10.242884,27.014511,24.732445,13.714946,13.071814,20.88286
678,28.450361,27.444393,28.12711,20.531467,28.064754,13.705935,19.555426,9.681604,16.306406,6.441453,12.146571,14.289167,9.3949,17.584068,15.972932,26.07758,24.56585,21.921513,15.725942,19.577236,14.260265,12.126254,26.601126,23.357302,17.847506,11.631919,12.492466,8.795141,10.946255,9.271909,26.121756,23.75986,10.045865,13.2861185,20.089022
679,22.039732,29.568707,22.035175,6.7866473,14.5436,10.912023,17.102755,13.701502,17.63516,8.305476,22.83029,13.004522,12.080531,24.353186,15.072271,25.324028,28.302544,16.305561,16.43791,16.208838,7.5580773,4.4199934,27.425392,23.613066,29.546179,18.734331,10.929192,12.599636,8.661213,24.470715,25.553898,23.366732,13.392918,11.235653,18.501802
680,21.576326,30.965246,22.526844,5.6608434,16.673721,7.4746537,18.690165,14.283224,13.379255,7.393078,23.893484,12.567982,13.18362,25.599697,12.80109,23.371405,31.229559,17.3062,19.35861,17.724735,9.19837,6.0814056,28.874949,26.032724,29.680574,20.390089,7.765942,12.456155,10.156924,26.271881,27.010479,24.751348,15.218657,11.750254,19.820745
681,21.491486,30.70832,22.338915,5.6668825,16.042063,7.6627803,18.424913,14.251904,13.660504,7.379081,23.84575,12.518908,13.054576,25.481302,12.89229,23.378164,30.848791,17.130331,19.048336,17.450737,8.957956,5.8185883,28.605593,25.76444,29.643541,20.296251,7.9208283,12.468224,9.8784685,26.278015,26.744854,24.507696,15.07885,11.69158,19.606525
682,22.351858,31.885767,23.521288,6.1596045,17.734573,6.563881,19.500675,14.640371,12.076418,6.95656,24.430798,12.666015,13.752786,26.494171,12.06068,22.87929,32.84621,18.34532,20.714682,18.517738,9.936689,6.8947506,29.882607,27.70047,30.04631,21.438913,6.7275777,12.58372,10.478339,27.170738,27.987736,25.718672,16.119625,12.384327,20.716604
683,22.351557,29.308908,22.134426,7.305247,14.855703,12.341262,16.843807,13.459669,19.179003,8.735045,22.075453,13.402396,11.756215,23.91599,16.050343,26.296124,27.503109,16.18366,15.600512,16.003439,7.2611766,4.1919656,27.159557,22.934855,29.471758,18.038057,12.265448,12.750356,8.685329,23.314907,25.26946,23.157263,12.8760605,11.081534,18.316572
684,26.169123,28.315058,26.081171,15.075459,23.611341,12.290834,18.42094,10.908398,16.235203,6.448544,15.545125,13.697367,10.3539915,20.331663,15.041817,25.498083,26.906036,19.99164,16.596066,18.802197,11.374688,9.8106,27.155163,23.585634,22.281618,14.455407,11.23991,10.022526,10.669332,14.110435,25.839424,23.876638,11.571813,12.64676,19.642052
685,26.277285,29.448015,27.285519,15.398966,27.5297,8.189825,20.469986,11.0581,10.432709,4.1938543,14.335662,13.300341,11.032368,20.620605,12.281374,23.327913,29.993607,21.791761,20.379875,21.208775,14.523568,13.19531,28.48894,26.257582,20.812748,15.453937,7.1410403,9.340817,13.175632,13.374642,27.326359,25.372683,13.867375,13.6958065,21.263268
686,22.461195,23.50502,22.338165,13.55249,19.78539,28.186668,15.9524975,10.000856,31.370075,20.971352,7.46057,23.243097,7.33575,17.086224,28.25797,32.916058,10.927248,17.314402,8.329977,17.79455,7.3080277,5.3862004,21.543077,14.568611,14.287144,10.954919,29.15994,15.48228,15.842621,3.7296822,19.533895,21.573626,10.649177,9.906389,19.872656
687,24.879929,28.994972,26.033766,14.253998,28.353325,8.793152,20.282911,10.67975,11.418337,4.6609225,13.723996,13.09873,10.567885,19.677166,13.0757885,24.223238,29.086231,20.445406,19.566355,20.885216,14.422254,13.027557,27.768078,24.381575,20.62411,14.192824,8.173739,9.021368,14.092232,12.424568,26.69381,24.5511,13.2864895,12.342306,20.419897
688,21.232786,31.364393,22.678268,5.162687,18.435402,5.896597,19.311846,14.287525,11.194394,6.9155383,23.957785,12.189372,13.613416,25.936272,11.445808,22.130964,32.580444,17.656633,20.536722,18.2974,9.833071,6.9266253,29.34103,27.056658,29.573317,20.967142,6.2505026,12.180403,10.768742,26.610569,27.482183,25.216253,15.9000025,11.724933,20.274113
689,22.57908,29.07034,22.38279,8.185626,19.36812,14.572599,17.191969,12.345138,21.23657,10.151679,19.768515,14.086727,11.115358,22.23095,17.83099,28.204111,26.289476,15.848321,14.447726,16.578278,7.748228,5.0873585,26.910656,21.105333,28.052635,15.6989565,14.756064,12.111726,10.059271,19.221573,25.116499,22.928492,11.442113,10.15289,18.125526
690,22.374125,28.992275,23.18322,9.486605,24.539291,11.244078,18.77485,11.474482,16.073046,7.9030466,16.916838,13.357611,10.959331,20.64616,15.42774,26.1652,27.409285,17.194038,16.66776,18.675655,10.929503,8.786459,27.131521,21.849247,24.567686,14.450711,11.420591,10.439176,12.649722,15.648646,25.70321,23.45236,12.114096,10.365412,18.944712
691,23.168613,31.533972,24.541685,8.080619,22.104195,6.4951015,20.07204,13.528461,10.907873,6.262863,21.730585,12.642942,13.2885065,25.000702,11.63246,22.664738,32.855232,19.247475,20.93336,19.540955,11.294072,8.862421,29.886127,27.643139,27.90186,19.790865,6.375322,11.602592,11.605612,23.194881,28.14897,25.915064,15.464233,12.6032295,21.048279
692,20.789606,31.2763,22.479477,4.9333677,19.274105,5.4683576,19.593893,14.057311,10.489618,6.9771385,23.238008,12.385374,13.437215,25.364496,11.496645,22.043797,32.40704,17.566488,20.911613,18.792374,10.366214,7.585037,29.284103,26.572062,28.501978,20.429625,6.1859145,11.912579,11.7490425,25.52108,27.470041,25.229002,15.897003,11.563107,20.348288
693,31.70881,26.552639,31.092745,27.89331,31.887524,14.903895,20.478418,8.168567,16.053202,2.9586215,7.114757,14.334367,7.5329514,15.580672,16.08442,27.198744,24.927492,24.752918,17.486483,21.114576,17.834852,16.875057,25.981747,23.859516,12.711097,9.859125,12.504541,6.8558836,13.421589,4.8064404,25.97265,23.576702,10.763968,13.985862,20.418026
694,25.237371,27.658474,25.871462,18.30442,31.726269,14.380077,21.363289,8.964163,17.41436,10.353808,9.994832,16.191555,7.952848,14.51894,20.158958,29.489195,21.410503,19.697668,16.211777,22.107796,16.886724,14.432974,26.070835,17.630974,12.869122,8.523336,16.279707,7.375943,16.336044,4.8805695,25.949944,23.187601,9.88491,10.398962,19.75918
695,23.960978,28.84289,24.284554,11.145444,20.970009,10.158173,18.2105,11.894414,14.729798,6.6854877,18.36439,12.922439,11.294592,21.930563,13.793355,24.187033,28.15394,18.619093,17.293238,18.130856,10.335886,8.250073,27.406597,24.157942,24.83719,16.364721,9.519536,10.729815,10.268944,18.208368,25.870604,23.855377,12.600562,12.123764,19.3935
696,21.753565,32.035492,23.058138,5.2271204,16.609957,5.804356,19.445053,15.039141,11.495972,6.7960653,25.305418,12.407572,13.998791,27.079674,11.548139,22.334974,33.335213,18.020704,21.138203,18.298738,9.65684,6.5852566,29.877142,27.934046,30.678228,22.28951,6.171516,12.711903,10.236612,28.790089,27.955141,25.657963,16.721668,12.140801,20.625715
697,21.662748,31.178522,22.735563,5.6386747,16.470911,6.697691,18.887625,14.497613,12.368996,7.0547986,24.283915,12.456222,13.451999,26.087688,12.105827,22.640676,31.888506,17.672361,20.020815,17.85684,9.382061,6.2816353,29.13121,26.870924,29.782011,21.1163,6.933209,12.528125,10.066212,27.123161,27.249382,25.037958,15.778893,12.017298,20.122707
698,21.604708,31.71076,22.856602,5.2485538,16.434801,5.974856,19.237886,14.869325,11.646947,6.868509,24.992552,12.389542,13.813693,26.741909,11.656399,22.32303,32.834473,17.848524,20.79968,18.133987,9.546506,6.4678297,29.58282,27.548658,30.331476,21.934168,6.333825,12.632544,10.184819,28.306725,27.673962,25.41355,16.445675,12.061464,20.427881
699,22.553072,23.206587,22.616156,14.524345,21.369566,28.414827,16.385881,9.521837,31.020359,21.88747,6.3199883,23.807184,7.0038304,16.40392,28.618637,32.842968,10.179934,17.725286,8.634935,18.608109,8.149607,6.467519,21.308735,14.163809,12.077424,10.6465025,29.685097,15.050925,16.651691,2.114054,19.38153,21.618399,10.707245,9.7849655,20.20883
700,21.80925,30.067919,22.696964,7.0231795,20.373274,9.056213,18.592386,12.975724,14.522729,7.4953585,20.926142,12.70783,12.269532,23.460564,13.730514,24.472792,29.78752,17.079044,18.046625,17.995014,9.726045,7.084474,28.10288,24.201689,27.800976,17.725294,9.205941,11.529698,11.0985565,21.63071,26.398962,24.10766,13.659474,11.07716,19.304447
701,33.163425,25.995428,31.977276,30.386347,32.421192,17.529306,19.998133,7.6983566,18.761309,3.183333,6.2316833,14.644789,6.9522,15.233854,17.141373,28.266521,24.040867,25.195707,16.286129,20.322721,17.387411,16.703897,25.391182,23.629126,12.28978,9.300329,14.674507,6.7647333,12.582167,4.114831,25.511333,23.089186,10.01039,13.872606,20.083979
702,21.425283,30.198166,22.12418,5.904871,15.562773,8.018634,18.035585,14.036442,14.016607,7.2991066,23.408716,12.436973,12.76873,25.051502,13.007744,23.356707,30.154055,16.9155,18.491943,17.078817,8.711662,5.5897303,28.11828,25.265598,29.271059,19.867483,8.179287,12.351409,9.562828,25.746239,26.287502,24.090366,14.709605,11.580361,19.260588
703,21.46533,30.723053,22.31093,5.553231,15.057063,7.2148256,18.347656,14.483494,13.197275,7.1691103,24.314884,12.4199915,13.191223,25.88253,12.48619,22.866926,31.06529,17.237541,19.331306,17.304964,8.830429,5.6530523,28.618198,26.200438,29.8276,20.916967,7.442903,12.603008,9.515359,27.223438,26.735373,24.54748,15.461972,11.860508,19.669733
704,21.039995,29.722311,22.586197,7.114936,23.520277,7.1654058,19.352879,12.163126,11.615436,7.0814476,19.154491,12.393572,11.944978,22.157944,12.628285,23.213135,29.94291,17.29383,19.184092,19.164486,11.29712,9.131517,27.97694,23.839827,25.138918,16.759504,7.7629843,10.39764,12.823962,19.137161,26.423042,24.153103,13.782542,10.75997,19.514223
705,18.207098,22.652979,19.711662,8.940407,12.267408,28.925854,16.21044,11.741646,31.445768,24.594624,5.712583,26.490658,8.041465,18.3224,30.538607,33.1897,5.765617,17.7178,7.7085915,19.37806,6.275097,3.576657,20.590261,14.835829,12.898972,12.267867,29.878298,20.099709,20.529457,2.6474078,17.756721,22.904732,13.639127,11.378153,22.484808
706,21.578314,31.151205,22.592297,5.489785,15.59234,6.6928964,18.767422,14.653006,12.52002,7.1154795,24.586966,12.494731,13.454099,26.23713,12.197963,22.649607,31.749138,17.570715,19.993776,17.711857,9.20797,6.03811,29.059116,26.811861,29.900091,21.343443,6.992509,12.6437645,9.864793,27.626791,27.164211,24.965687,15.891728,12.0327425,20.058294
707,21.290125,31.412783,22.924393,5.455744,20.946012,6.0271034,19.734354,13.800062,10.988443,6.9244576,22.71775,12.352163,13.424569,25.18941,11.673072,22.554438,32.631794,17.778137,20.662308,18.950068,10.557109,7.84888,29.47814,26.668333,28.77934,19.962612,6.455002,11.820797,11.861016,24.54018,27.673315,25.368458,15.559439,11.61117,20.425072
708,21.051859,28.320873,23.151884,13.938233,32.619236,13.234993,23.375517,9.308689,16.379093,14.143458,8.995834,18.259401,7.3308363,12.888018,23.384312,31.464264,18.657158,17.982183,17.710146,24.75776,19.50036,15.930683,26.176977,13.800601,9.064233,7.088218,18.085825,7.515539,22.012098,2.7563078,26.205719,23.594717,11.239507,8.744323,20.464651
709,19.595861,30.409225,23.860321,11.919701,35.074306,6.1713243,26.06806,11.135435,7.2097616,3.2930193,6.8552403,15.957478,7.9412584,14.554331,18.037403,29.377327,26.78666,20.174812,24.46438,25.989515,24.665297,19.901737,28.16447,19.23106,11.975409,8.155919,9.882909,8.798954,28.642054,5.7380877,28.553434,25.454233,17.078367,10.364256,22.079727
710,28.892435,28.074417,29.260859,22.124628,30.864494,11.388935,20.994467,9.470263,12.898966,3.0196893,9.627923,13.94799,8.922777,17.37992,14.569833,25.963879,27.485958,23.318964,19.508654,21.840794,17.36856,16.186499,27.176758,24.445955,15.782044,11.940484,9.875019,7.718116,14.650853,7.83434,26.744923,24.411469,12.664231,13.583828,20.842846
711,21.350813,30.985868,22.497658,5.4973207,18.294056,7.324687,18.939047,14.008978,12.995722,7.39133,23.268042,12.521983,13.140271,25.210636,12.704947,23.39538,31.390526,17.241772,19.474588,18.04597,9.566942,6.574258,28.92009,25.843105,29.341759,19.888542,7.688931,12.2074375,10.822893,25.264965,27.085318,24.794416,15.08211,11.529788,19.858772
712,20.606066,23.788382,21.393097,11.48909,17.787315,26.842112,16.953959,10.761229,29.740492,22.538162,7.224712,24.350515,7.8938503,17.385109,28.788,32.740627,9.38805,17.699085,9.091124,19.490189,8.036713,5.6465864,21.81386,14.865507,13.061155,11.434552,28.213602,16.68288,18.339493,3.2134457,19.589855,22.591492,12.0225,10.675919,21.334185
713,25.884468,27.590086,26.259739,16.394157,24.306263,9.948299,19.28492,10.172676,12.728094,6.78104,13.6830225,14.064119,9.83391,18.487125,14.357142,23.805037,25.206253,20.873268,17.682852,20.557367,13.390815,12.08883,26.830475,22.845598,17.359335,13.492136,9.601499,8.689697,11.733604,10.978793,25.737621,24.015188,11.481191,13.137852,20.240446
714,22.365675,31.837845,23.53024,6.217351,17.74699,6.553532,19.478327,14.614118,12.031174,6.8917027,24.353338,12.646867,13.730998,26.457813,12.01545,22.825064,32.82441,18.360228,20.70741,18.49459,9.949018,6.918858,29.842827,27.705217,29.988937,21.412352,6.693355,12.561968,10.461143,27.103563,27.954857,25.692745,16.118452,12.390762,20.701578
715,29.047384,26.40076,27.928074,22.355516,28.600794,19.285423,18.893274,8.730967,22.514956,10.800967,10.301341,16.569004,7.897645,15.78891,20.761799,29.684408,20.315683,20.920889,13.08672,19.248566,13.377635,11.555783,25.224758,19.484451,15.112316,9.638744,19.050303,8.61918,11.196516,5.8721085,24.806824,22.624699,8.405116,11.898478,19.302204
716,20.930021,31.049507,22.53783,5.236886,20.926504,6.3079476,19.494337,13.583335,11.338551,7.106661,22.333712,12.319303,13.18876,24.73401,11.923624,22.710985,32.022163,17.385408,20.191439,18.747665,10.388203,7.6830826,29.103664,25.98621,28.477215,19.429316,6.8128858,11.713711,11.921296,23.909035,27.317886,25.019945,15.175032,11.339516,20.110031
717,32.38035,25.909304,31.273472,29.077559,31.536482,16.593363,19.754063,7.8009825,17.975904,3.335,6.933603,14.323934,7.1498976,15.276957,16.64215,27.572855,23.994095,24.605604,16.156757,20.133879,16.909567,16.119135,25.336231,23.345707,12.660685,9.427269,13.953455,6.711497,12.139854,4.608038,25.389091,22.94,9.818864,13.732582,19.842016
718,32.844547,25.57533,31.4767,29.838541,31.584208,18.141134,19.400824,7.6100683,19.554937,3.9429576,6.550545,14.704186,6.893409,15.163159,17.388062,28.105616,23.244102,24.622763,15.382879,19.62125,16.400742,15.714887,24.962849,23.048063,12.507488,9.228212,15.418499,6.8954525,11.724049,4.2782755,25.026466,22.674341,9.423559,13.602424,19.681458
719,26.523645,27.957989,27.816357,21.295506,33.08054,11.873249,22.675547,9.158004,13.306971,4.3353157,7.0908504,15.280727,7.534891,14.724377,17.692245,28.601301,24.661427,22.455877,19.747232,23.28857,20.391687,17.992235,26.656704,20.91931,11.736395,8.753929,12.332964,7.3668346,19.515831,4.536001,26.793861,24.125547,12.755843,12.087146,20.898695
720,20.145725,23.469267,21.028702,10.952864,16.527597,28.2025,16.654552,10.954499,31.045002,23.825151,6.7910233,25.32111,7.8392677,17.650606,29.823013,33.2713,8.112611,17.648184,8.468882,19.447542,7.312706,4.9321985,21.441082,14.572253,12.881078,11.688558,29.568937,17.691341,18.911854,2.837817,19.003506,22.658754,12.329091,10.730566,21.6468
721,21.691639,32.004185,23.007393,5.1686068,16.678267,5.743212,19.42296,15.009169,11.434042,6.7770452,25.30451,12.337988,13.998374,27.058338,11.471893,22.266584,33.35251,17.968468,21.119059,18.271128,9.631354,6.57926,29.845413,27.904673,30.690722,22.279047,6.110207,12.665883,10.196016,28.790981,27.925556,25.617777,16.692583,12.086155,20.581537
722,23.60131,29.241852,25.63563,15.46214,32.261986,9.280847,22.937853,10.076504,11.628919,6.466912,10.408374,15.094412,8.814436,15.858312,17.181835,27.807583,25.699963,20.392057,20.287292,23.698849,19.149939,16.416384,27.672157,20.175209,14.283167,9.996379,11.174117,7.845725,19.701952,7.072049,27.432106,24.633497,12.993834,11.132023,20.929571
723,21.611834,30.749605,22.793352,6.097947,18.818752,6.9954658,18.95261,13.775504,12.225811,6.911716,22.706553,12.366834,13.081906,25.014011,12.13154,22.771097,31.47588,17.63117,19.631289,18.117527,9.811982,6.970304,28.834518,26.222486,28.778786,19.798712,7.1214986,12.011967,10.76061,24.695326,27.027,24.818584,15.082635,11.763677,19.965103
724,31.13862,26.15199,30.041855,25.597593,28.602398,15.083704,18.850492,8.4639635,16.945086,3.6243908,9.349183,13.8555355,8.053548,16.69287,15.368993,25.979576,24.882961,23.493849,16.004152,19.330898,14.785901,13.977001,25.645817,23.76645,15.300618,10.979755,12.504965,7.4305305,10.484951,7.145953,25.267246,23.011381,9.90257,13.913713,19.596533
725,19.579489,29.774906,23.276894,12.256628,34.228695,8.065539,25.410833,10.487465,10.013725,6.4568014,7.4732404,16.571981,7.514905,13.525911,20.012777,30.45349,23.998243,19.172045,22.286432,25.829313,23.378717,18.836351,27.514996,16.756716,10.653744,7.1227193,12.440605,8.10317,27.151423,4.4303727,27.870293,24.735682,14.954409,9.534234,21.372362
726,18.757471,30.428455,22.97974,10.010286,34.490894,5.918382,25.42398,11.170422,7.4509764,4.201504,8.414687,15.458519,8.406275,15.226765,17.502106,28.713129,27.17109,19.160664,23.849936,25.292316,23.067068,18.515419,28.165852,19.13011,13.632835,8.774934,9.6804,8.905157,27.55181,7.105451,28.314804,25.22789,16.571913,9.841485,21.606205
727,25.670282,27.620422,26.279432,20.149008,33.13545,15.738871,22.229826,8.328716,18.90728,13.687441,9.145352,17.61456,7.158214,13.189224,22.747108,31.117641,18.963617,20.044706,16.228315,23.711042,18.230171,15.943092,26.029491,15.71832,9.039129,7.618798,18.850166,6.5351477,17.39761,2.5527432,26.0781,23.38333,9.412823,10.038033,20.245623
728,22.78992,25.28384,22.40003,12.089011,19.89277,23.46081,16.264482,10.673635,27.86244,16.783854,11.585023,19.708645,8.538575,18.47934,24.54943,31.278196,16.102566,16.719965,10.084237,16.972614,7.6228585,5.1761203,23.288769,16.79807,19.325716,12.127923,23.966717,14.07081,13.256546,8.879335,21.504696,21.785881,10.503364,10.071535,18.950956
729,24.864607,28.867453,25.617615,14.158811,28.135347,11.252891,19.793873,10.586539,14.815252,6.366621,14.221389,13.5388565,10.309958,19.382103,15.046309,26.116331,27.65974,19.55424,17.693638,20.116285,13.350957,11.727913,27.420687,22.866262,21.383139,13.325615,10.877466,9.274719,13.5283,12.318187,26.353752,24.03805,12.028399,11.467909,19.795118
730,21.380245,30.68167,22.55812,5.8901668,19.654392,7.5815935,18.94247,13.561045,12.992105,7.2714014,22.270624,12.4696045,12.880673,24.526543,12.749141,23.498245,31.08369,17.218245,19.182695,18.156017,9.813712,6.987083,28.68675,25.411032,28.690218,19.068457,7.8621273,11.864637,11.165892,23.76891,26.906971,24.611423,14.643861,11.358484,19.723515
731,32.255413,25.826504,31.365093,29.514277,32.123146,16.474464,20.16424,7.701798,17.575817,3.2872128,6.072271,14.561885,6.9466558,14.876095,16.874615,27.743757,23.62218,24.917841,16.555822,20.637209,17.799492,16.947058,25.251278,23.253946,11.585577,9.129663,13.961578,6.664677,13.080193,3.8027701,25.405334,23.04648,10.183252,13.762529,20.119257
732,22.937086,23.227766,22.992977,15.293476,21.925848,28.420172,16.605513,9.630783,30.831099,20.960676,5.8979316,23.488602,7.05374,16.302568,28.352207,32.89301,10.384486,18.106947,8.58906,18.388216,8.705211,6.679262,21.291346,14.793089,12.487383,10.429273,29.332842,15.166387,16.508682,2.1583445,19.577654,21.603607,10.8388195,10.010596,20.25128
733,27.358679,28.81831,28.000023,18.785112,30.331215,10.816366,20.92798,10.043545,13.08057,4.444708,11.658834,13.932924,9.655074,18.204517,14.71717,26.03089,27.947758,21.963163,19.275232,21.679485,16.191969,14.778663,27.6896,23.914152,17.938742,12.607314,10.013718,8.239624,14.4607115,9.523877,27.0275,24.59709,12.565909,12.877401,20.71011
734,21.49335,30.860174,22.492844,5.6015997,16.106752,6.909719,18.621325,14.380608,12.633982,7.0653934,24.06442,12.394819,13.275717,25.8269,12.212498,22.662004,31.431353,17.435244,19.650057,17.601692,9.171353,6.074212,28.805843,26.465155,29.621351,20.848616,7.1329527,12.477099,9.900764,26.849644,26.936092,24.745108,15.549025,11.885495,19.867426
735,21.311586,30.27494,22.229103,5.8618407,16.86507,7.5702934,18.353537,13.857862,13.224438,7.1966934,22.973763,12.396518,12.819483,24.853853,12.664593,23.059813,30.470638,17.076506,18.859556,17.45752,9.161391,6.1392827,28.26188,25.44032,28.83792,19.669834,7.7701426,12.147329,10.134731,25.104622,26.452904,24.263136,14.774264,11.562711,19.453493
736,21.864529,29.237576,24.264656,13.669649,32.656803,10.47896,23.152826,10.261854,13.129692,6.191239,9.2613,15.573183,8.16252,15.382767,18.811558,29.711761,25.2234,19.140648,20.14581,23.435795,19.530725,16.25369,27.160534,18.463013,14.559687,8.829727,12.944828,8.339763,22.38502,6.6828685,27.039408,24.094368,13.619681,9.820703,20.402075
737,20.825563,24.153791,21.6468,12.115444,20.679733,25.107676,17.634031,10.283483,27.91648,21.442974,7.268744,23.255524,7.751663,16.522371,27.767649,32.28324,10.727668,17.523111,10.0851555,19.934553,9.555206,7.1496997,22.135017,14.600971,12.432626,10.788861,26.873764,15.028624,18.298449,2.902508,20.286335,22.369902,11.696551,10.1161,20.869934
738,31.905422,26.024933,30.997026,28.576632,31.734474,16.212416,19.993101,7.8436923,17.61148,3.3787844,6.7905393,14.379192,7.1261473,15.153053,16.749285,27.724611,24.020222,24.432419,16.495779,20.492678,17.273466,16.460634,25.3901,23.052547,12.409338,9.324462,13.797819,6.665984,12.85214,4.412359,25.440186,22.997282,10.0879345,13.527756,19.899504
739,21.817667,32.25131,23.19912,5.1949453,17.089691,5.632629,19.627544,15.082989,11.276634,6.7356167,25.407026,12.378025,14.124723,27.23877,11.401171,22.295042,33.730045,18.135305,21.383898,18.464317,9.78826,6.7595434,30.086529,28.185335,30.849857,22.441055,6.001922,12.696577,10.363098,28.929617,28.159336,25.831465,16.862886,12.148242,20.764208
740,27.900629,28.394835,29.108576,22.699213,33.686092,11.393576,22.900925,9.366428,12.376972,2.6285784,6.9707456,14.941547,7.848508,15.536358,16.55749,28.090593,26.423481,23.690676,20.775642,23.420235,20.883854,18.686178,27.262032,22.949146,12.595092,9.607659,11.0012,7.5931644,19.289547,5.1717076,27.368256,24.724768,13.547648,13.078716,21.44657
741,21.19378,30.731876,22.240582,5.345557,16.48559,7.054191,18.599428,14.227617,12.813984,7.258804,23.754848,12.421512,13.146358,25.487913,12.444481,22.883162,31.122551,17.165049,19.436232,17.626598,9.193057,6.096479,28.657207,25.975643,29.399773,20.40621,7.3936386,12.381294,10.206873,26.267199,26.802452,24.594557,15.309299,11.664944,19.722326
742,22.056707,30.474285,23.382238,7.318633,21.469093,6.9672093,19.315474,13.050285,11.513632,6.5159974,20.863623,12.423212,12.714587,23.97551,11.962429,22.692202,31.323387,18.160284,19.794226,18.846138,10.708375,8.314835,28.763153,25.978365,27.168283,18.69388,6.970861,11.3326645,11.598136,22.007023,27.05029,24.891806,14.712223,11.821909,20.150145
743,21.362688,30.562426,22.471127,5.866851,18.630106,7.433582,18.758682,13.692816,12.8818245,7.202101,22.591625,12.416289,12.907957,24.72102,12.583782,23.191153,30.963997,17.233328,19.166769,17.926758,9.601813,6.7050123,28.579443,25.571306,28.753279,19.400646,7.6689925,11.980864,10.771516,24.377563,26.783169,24.539099,14.763223,11.487097,19.68149
744,27.794188,27.032412,27.269123,18.458757,22.63622,12.097973,17.95671,10.261716,14.9441,4.790579,13.549971,13.570833,9.623793,19.38171,14.022949,23.990957,25.884281,21.479486,16.616682,18.6413,12.005162,10.780941,26.329943,24.293745,19.642046,14.096652,10.262205,9.430813,9.575185,12.3063345,25.215523,23.533028,11.417223,13.912866,19.717905
745,17.8318,22.5037,19.564137,8.72066,11.65196,28.513472,16.363434,11.879669,30.78494,24.77619,5.446649,26.695549,8.139938,18.348038,30.412128,32.803192,5.3022084,17.986095,7.860126,19.675034,6.4638,3.6773129,20.506767,15.126763,12.34244,12.408729,29.423563,20.42645,21.01753,2.4545567,17.631985,23.099106,14.029561,11.680806,22.860304
746,20.495092,30.5072,22.632408,6.523324,26.37711,6.7286906,20.486103,12.199541,10.918975,6.7415824,18.295582,12.66674,11.863265,21.76823,13.060897,24.121454,30.778664,17.366373,20.21508,20.193314,12.7790575,10.378969,28.617168,23.599989,24.875372,15.974939,7.8598304,10.373906,15.225058,18.058964,27.209053,24.704504,14.3465395,10.411712,19.973753
747,21.922745,30.403826,22.98783,6.951185,20.71234,8.197343,18.902048,13.133156,13.388216,7.144062,21.30321,12.52751,12.592366,23.946901,12.961708,23.768839,30.675692,17.504581,18.781786,18.266352,9.990161,7.391071,28.517803,25.143679,28.020586,18.354313,8.2499485,11.570393,11.164497,22.311373,26.784592,24.51784,14.155907,11.393442,19.686846
748,21.351164,31.27755,22.819725,5.480282,20.198402,6.5307255,19.43799,13.857032,11.71726,7.0213814,22.906889,12.342882,13.362344,25.256908,11.949668,22.823378,32.305946,17.619436,20.202595,18.580772,10.157041,7.364873,29.306982,26.494474,29.1658,19.953764,6.846749,11.991941,11.439262,24.820396,27.483679,25.187826,15.373582,11.58688,20.234081
749,26.633924,28.699839,27.708132,19.010641,31.308197,10.341472,21.730488,9.92387,12.231039,3.8045735,10.089749,14.217769,8.9635935,16.998596,15.365223,26.708996,27.326988,21.997248,20.004568,22.385147,18.012701,16.131344,27.449442,22.907497,15.916829,11.335286,10.137436,7.923883,16.744686,8.0516405,27.085983,24.476446,13.066597,12.536728,20.775257
750,21.528292,31.838753,22.888084,5.12011,17.059364,5.7134657,19.3962,14.833913,11.307583,6.817774,25.001738,12.286253,13.905992,26.779243,11.433841,22.185345,33.1568,17.870253,20.997055,18.284016,9.678119,6.6646595,29.712793,27.680056,30.382763,21.96996,6.09952,12.52858,10.343974,28.292053,27.807034,25.510744,16.50404,11.979756,20.497875
751,20.313107,30.861795,21.94762,4.4930015,18.39271,5.283747,19.165804,14.018058,10.428812,6.9585714,23.539526,11.96735,13.393806,25.338913,11.131601,21.545845,32.045696,17.122978,20.456957,18.21937,9.838681,7.0193224,28.84109,26.322226,28.70902,20.513689,5.9322734,11.823512,11.084812,26.067207,27.024193,24.783756,15.713441,11.280237,19.92872
752,22.46383,29.326477,22.76399,8.2975235,19.959011,11.844122,17.895338,12.522232,17.70016,8.503634,19.801252,13.383166,11.5356,22.48733,15.7015085,26.23668,27.690828,16.736666,16.133902,17.349998,9.037825,6.369231,27.316895,22.644583,27.30118,16.39576,11.830433,11.62485,10.554527,19.774105,25.637926,23.426367,12.4521265,10.75246,18.723726
753,24.47654,29.175278,25.607872,12.991818,27.38691,8.744827,19.937887,10.942161,11.730585,5.33966,14.966983,13.017633,10.948241,20.40903,12.925501,23.891558,29.301876,20.008274,19.242643,20.44611,13.337622,11.97381,27.951557,24.564924,21.840929,14.850497,8.206084,9.411014,13.350329,13.751038,26.693737,24.632437,13.162696,12.258778,20.356016
754,19.574877,22.24962,20.618797,11.076436,14.903854,28.473963,15.956835,10.8855915,30.628214,22.889389,5.3285575,25.27766,7.6063476,17.49363,29.17746,32.242744,7.0623846,17.88109,7.837872,18.664188,6.833705,4.483563,20.36071,14.984477,12.319135,11.613297,29.153185,18.486847,18.99015,2.2853973,17.869648,22.19215,12.73589,11.029976,21.603746
755,23.410475,30.252573,23.7825,8.711056,18.691254,9.69504,18.381262,13.304579,15.269451,7.2625628,21.855953,12.764787,12.4674225,24.259586,13.72332,24.450441,29.930557,18.096659,17.80969,17.561493,9.388795,6.4946,28.46981,25.55816,28.550463,18.568533,9.210373,11.991207,9.536213,23.033186,26.7476,24.491663,13.631024,12.144695,19.65809
756,21.570732,31.073002,22.72753,5.6535587,17.191118,6.5751023,18.928997,14.321306,12.051679,6.9230413,23.900614,12.353769,13.408641,25.86729,11.896455,22.455359,31.932413,17.672262,20.03193,17.91452,9.517148,6.5007267,29.06127,26.83884,29.551455,20.87797,6.7745543,12.37559,10.255283,26.615381,27.201008,24.995008,15.699815,11.929574,20.101698
757,21.494028,31.607758,22.921053,5.305235,18.388489,5.929975,19.43241,14.446112,11.258074,6.852076,24.183475,12.269871,13.737428,26.223602,11.4672,22.240911,32.893143,17.865473,20.734621,18.389565,9.893336,6.9604673,29.568726,27.399284,29.874205,21.252821,6.2314487,12.314907,10.736277,26.977638,27.695936,25.420515,16.107922,11.882464,20.44869
758,21.563864,30.161297,22.544834,6.5141697,19.355103,8.112983,18.58203,13.26904,13.493511,7.2242002,21.68197,12.461641,12.540313,24.008514,12.976542,23.591494,30.29957,17.158533,18.571795,17.871433,9.635058,6.884291,28.225292,24.897806,28.112226,18.534655,8.255202,11.681134,10.806871,22.953896,26.481956,24.233137,14.168787,11.316704,19.427702
759,31.708326,26.511623,30.908234,27.933182,32.005856,16.027023,20.335833,8.050888,17.618547,4.176404,7.40495,14.668813,7.3713026,15.278572,17.145222,28.038692,24.063019,24.278458,16.620813,20.921663,17.367775,16.387136,25.819927,22.848223,12.61594,9.409724,14.02961,6.7323895,13.032452,4.5600386,25.850637,23.321268,10.045133,13.454802,20.12961
760,21.717283,29.975231,22.481977,6.6736174,17.994127,8.45156,18.238764,13.394971,14.027765,7.2886934,22.028383,12.491495,12.479545,24.15768,13.16049,23.639004,29.906105,17.111277,18.21692,17.472391,9.223839,6.355563,28.03664,24.861864,28.31188,18.73584,8.487517,11.873184,10.202524,23.514645,26.269705,24.063742,14.082163,11.456253,19.275925
761,21.578548,31.375046,22.669285,5.3512964,16.003702,6.508141,18.923872,14.722755,12.338478,7.0756807,24.76643,12.426696,13.591304,26.428307,12.046044,22.621103,32.154102,17.61428,20.21574,17.841278,9.285879,6.1468406,29.25494,27.023249,30.184248,21.535942,6.8221602,12.634837,9.936084,27.872091,27.3529,25.10924,16.045017,11.989367,20.155256
762,17.646296,30.069967,22.176807,9.817071,34.564487,6.1582694,26.021257,10.991584,7.6175413,4.8530293,6.9258647,16.282333,7.5453444,13.616537,19.18916,29.91449,25.17013,18.670809,23.79642,26.033978,24.45998,19.369804,27.599947,16.916653,11.013884,7.1338954,10.988147,8.5917,29.629177,5.0628557,28.037716,24.852978,16.571726,9.198532,21.502073
763,22.073433,29.968836,24.575844,12.174532,32.395447,8.229731,22.72017,10.799301,10.821847,4.88542,11.608696,14.096716,9.556792,17.514183,15.741107,27.286295,28.394726,19.39499,21.054268,22.815586,18.210232,15.366202,28.125664,21.353628,18.150879,11.218358,9.765507,8.813871,20.315117,9.911923,27.635504,24.766352,14.213683,10.529991,20.665466
764,21.516737,30.860514,22.55426,5.6914134,16.921879,7.091153,18.714691,14.2103,12.742041,7.1286845,23.710573,12.421921,13.216992,25.583523,12.339931,22.870314,31.388233,17.434887,19.542711,17.735931,9.311793,6.254624,28.830605,26.30644,29.479692,20.467375,7.29439,12.380162,10.179413,26.200338,26.974277,24.763914,15.335296,11.815921,19.8767
765,21.560633,31.644499,22.786537,5.213817,16.38876,6.0852747,19.17011,14.836583,11.810053,6.9303646,24.958143,12.377554,13.772072,26.676828,11.73793,22.3981,32.699112,17.762457,20.662056,18.064095,9.4761305,6.387615,29.509228,27.410912,30.342638,21.845774,6.4435973,12.6261635,10.133698,28.22562,27.601475,25.336922,16.355732,12.011418,20.353624
766,21.369596,31.043394,22.515045,5.3788643,16.605844,6.481402,18.843592,14.415483,12.097588,7.041456,24.165573,12.336992,13.414859,25.947475,11.93432,22.424759,31.818666,17.499878,20.006151,17.817383,9.367865,6.3087606,28.99075,26.70443,29.626799,21.023626,6.781156,12.415154,10.136356,26.993217,27.118137,24.908966,15.75072,11.857059,20.013536
767,21.492208,30.51393,22.36487,5.885052,16.705883,7.714302,18.425295,14.008814,13.525187,7.3055897,23.321594,12.481894,12.92129,25.110996,12.840515,23.314953,30.667114,17.144321,18.921446,17.504414,9.1062155,6.045121,28.46545,25.582731,29.205606,19.88707,7.925512,12.2724495,10.04656,25.508175,26.635357,24.409245,14.857071,11.628185,19.547241
768,19.509363,31.03939,22.399237,5.7628517,28.939812,5.46787,21.723026,12.199549,9.1092005,6.0438547,17.198114,12.777861,11.65064,21.0717,13.052311,24.372038,31.42448,17.43339,21.56513,21.246437,14.688115,11.882566,29.053205,23.308949,23.808916,15.071463,7.284602,10.171682,17.924816,16.950163,27.874893,25.129839,15.121628,10.073426,20.40683
769,18.39493,31.474207,22.072348,4.550217,30.764132,3.8401375,22.691732,12.48314,6.7205086,4.6602216,16.381712,12.54582,11.798804,20.968536,12.214769,23.878925,32.552917,17.609964,22.92867,21.731348,16.261194,12.85187,29.41541,24.003046,23.80364,14.818012,5.853843,10.463209,20.206223,16.905006,28.410473,25.571484,16.359211,9.996304,20.899794
770,22.06275,29.938053,22.999287,7.7426305,21.910343,9.345645,18.8078,12.544682,14.574368,7.539009,19.890327,12.861446,11.997836,22.766958,14.000068,24.795393,29.478804,17.270185,17.967657,18.440418,10.209102,7.814289,28.046345,23.747917,26.817787,16.922497,9.529102,11.113805,11.637496,19.959183,26.401392,24.108564,13.2967205,10.966368,19.354303
771,33.401604,25.635437,32.06611,30.513504,31.357826,17.13389,19.54495,7.692369,18.165018,2.7215173,6.4990172,14.328148,7.0969715,15.47282,16.301472,27.209934,24.049389,25.427063,16.024767,19.791363,16.83711,16.124329,25.234016,24.328714,12.550468,9.655248,13.864408,6.9044633,11.516634,4.5854015,25.313967,23.01253,9.825445,14.412651,20.037756
772,21.347944,30.271236,22.853949,7.1297836,24.585606,8.1992,19.617426,12.285412,12.9873085,7.3848753,19.140924,12.733805,12.0047655,22.290892,13.561506,24.56875,30.217499,17.240618,18.97698,19.374987,11.344092,9.111169,28.36954,23.632595,26.037405,16.463552,8.822979,10.661143,13.315701,18.846935,26.808153,24.406422,13.673671,10.577238,19.628204
773,21.417269,31.002222,22.608372,5.5442305,17.466465,6.6445656,18.94584,14.21036,12.122027,7.0773983,23.679884,12.40255,13.326376,25.638233,12.054962,22.591997,31.724003,17.55516,19.929228,17.990276,9.5718975,6.5656962,28.998333,26.554504,29.32414,20.587114,6.9206386,12.30994,10.493644,26.176092,27.142014,24.939497,15.541047,11.83737,20.053785
774,21.847582,30.188076,22.958145,7.0119452,19.230396,7.191149,18.837729,13.315782,12.075525,6.7585053,21.52648,12.471089,12.657463,24.190987,12.215978,22.658873,30.672968,17.845072,19.371365,18.251492,10.125377,7.4698143,28.418556,25.757578,27.403065,19.043283,7.2338953,11.637039,10.910625,23.066998,26.675919,24.574419,14.697602,11.86918,19.8743
775,21.758408,30.618912,23.023243,6.5330243,19.352137,6.429148,19.078989,13.601116,11.276749,6.4798975,22.243385,12.241789,13.050214,24.836157,11.567859,22.14924,31.671772,17.957127,20.010046,18.332016,10.178054,7.5105658,28.812508,26.533587,28.126837,19.802881,6.4821935,11.738565,10.849534,24.241219,27.042923,24.87794,15.233571,11.923443,20.096216
776,21.67647,31.738493,22.956139,5.352431,16.970863,6.0499706,19.323442,14.776972,11.643657,6.895094,24.791727,12.418444,13.802838,26.63289,11.692076,22.402468,32.86224,17.916899,20.788258,18.241917,9.665676,6.6096716,29.638323,27.549583,30.23606,21.755323,6.380448,12.584662,10.349096,27.937094,27.735882,25.470896,16.35619,12.07057,20.48264
777,22.023516,32.28724,23.35596,5.4480968,17.226547,6.000713,19.698973,15.038387,11.629667,6.9619823,25.221788,12.63481,14.054071,27.088682,11.801397,22.662003,33.475323,18.265928,21.261545,18.602707,9.902757,6.797233,30.161322,28.087397,30.630636,22.163132,6.362413,12.776365,10.5933,28.454613,28.230991,25.931704,16.694563,12.300333,20.872179
778,21.725271,31.05353,22.746363,5.78521,16.576729,6.9646306,18.784492,14.406515,12.625214,7.0157156,24.050508,12.454846,13.360406,25.941242,12.21147,22.762976,31.712215,17.641172,19.798862,17.754112,9.318587,6.234211,29.012503,26.73117,29.753942,20.90552,7.124084,12.51881,10.019906,26.809532,27.140614,24.937567,15.626576,11.990841,20.036577
779,21.539864,30.559946,22.691675,6.1502237,19.20203,7.3161254,18.850975,13.588862,12.54571,6.9754567,22.3194,12.355182,12.929315,24.677324,12.328858,22.986296,31.157423,17.46699,19.29381,18.035263,9.777902,6.9573946,28.644701,25.839771,28.6163,19.35319,7.418099,11.9123955,10.844292,24.070885,26.858126,24.638906,14.784168,11.600971,19.798063
780,29.13828,26.831795,28.522694,21.300068,25.857779,12.699995,18.559319,9.455885,14.931164,4.011924,11.694407,13.570775,9.080644,18.3182,14.096891,24.444056,26.065565,22.416502,16.89001,19.279406,13.446542,12.556911,26.239532,24.308664,17.694454,12.938421,10.584655,8.362082,10.183844,10.000657,25.421495,23.470934,10.985591,13.934012,19.792442
781,21.415916,30.646324,22.274702,5.565928,15.265892,7.2738156,18.341919,14.392006,13.212511,7.21546,24.12871,12.435347,13.132512,25.723005,12.538875,22.89765,30.93079,17.202255,19.24531,17.323769,8.864684,5.6993747,28.558937,26.064993,29.654722,20.718523,7.511614,12.551537,9.6234045,26.905489,26.683565,24.503786,15.346734,11.823925,19.63983
782,21.426456,31.012823,22.50466,5.4392967,16.34574,6.681194,18.757843,14.433491,12.3926935,7.0805583,24.213152,12.363365,13.377296,25.94873,12.086347,22.58005,31.690945,17.456575,19.858686,17.726725,9.259339,6.175354,28.945415,26.603678,29.719313,20.993372,6.960523,12.460229,10.01058,27.038818,27.07006,24.855291,15.67728,11.857012,19.9533
783,24.147146,28.45699,25.729733,17.837706,33.070023,12.002074,23.217505,9.138736,14.697521,10.036018,9.194667,16.608978,7.6786923,13.564465,20.523682,29.905283,21.529812,20.20849,18.37816,24.321672,19.822159,16.837816,26.84824,17.063513,10.253918,7.7170887,15.088893,6.8959303,19.658363,3.6948373,26.98349,24.039701,10.982924,10.466587,20.712303
784,21.795649,31.07122,22.977299,6.058011,18.035656,6.6130886,19.0843,14.120665,11.908976,6.881982,23.432951,12.417551,13.334475,25.593472,11.922236,22.525003,31.927372,17.884512,20.083845,18.188515,9.804919,6.88832,29.137667,26.823751,29.12832,20.550337,6.770333,12.205818,10.514132,25.82119,27.29708,25.093794,15.54523,12.020106,20.215307
785,22.011353,31.549362,23.075352,5.8020163,16.6911,6.7788625,19.07458,14.684185,12.50164,6.9607677,24.576563,12.518227,13.638021,26.474712,12.1204815,22.839828,32.405556,17.925232,20.264894,17.989319,9.460547,6.3442984,29.471622,27.322962,30.31045,21.457247,6.928503,12.684472,10.035176,27.56695,27.57353,25.322178,16.02036,12.165813,20.344404
786,21.588968,31.269976,22.73829,5.5098844,16.649092,6.4658656,18.987646,14.537996,12.080221,6.997342,24.342314,12.42376,13.524184,26.173334,11.944246,22.500837,32.1073,17.701982,20.224634,17.947655,9.470171,6.3928986,29.212996,27.007465,29.812096,21.243095,6.7407784,12.51166,10.181184,27.255577,27.330265,25.113714,15.928126,11.999868,20.192335
787,21.31422,30.667261,22.18583,5.618837,17.95361,8.612853,18.554026,13.817743,14.758043,7.993538,22.939756,12.76047,12.750411,24.633717,13.859947,24.53293,30.296839,16.677204,18.423096,17.722424,9.129382,6.0910892,28.492401,24.596895,29.293695,19.060549,9.09041,12.167522,10.651819,24.42986,26.67838,24.317402,14.332465,11.113327,19.367228
788,20.947996,30.928461,22.449978,5.3494425,21.019947,6.8508697,19.371466,13.456291,12.0616455,7.3337765,22.10819,12.410271,13.005816,24.429691,12.4152565,23.228107,31.602562,17.167658,19.770838,18.667057,10.272243,7.578034,28.943562,25.43844,28.394255,18.992632,7.403377,11.6381645,11.9286175,23.400864,27.17355,24.83248,14.828614,11.155519,19.91101
789,24.714613,28.479364,25.32153,13.356545,23.33073,9.009546,19.071938,11.07149,12.413147,6.4027605,16.088829,13.326559,10.78597,20.438435,13.345839,23.33968,27.514717,19.924284,18.316862,19.770416,12.227014,10.675093,27.441303,24.049475,21.03405,15.326409,8.588606,9.58441,11.446545,14.7625475,26.092064,24.236574,12.516028,12.745387,20.088402
790,21.75447,31.860796,23.01008,5.3457165,16.536522,6.0198674,19.34754,14.93293,11.687023,6.8864927,25.06098,12.481043,13.871644,26.849253,11.726473,22.434835,32.97764,17.982418,20.91416,18.245224,9.632756,6.5349693,29.73352,27.705597,30.412157,22.012716,6.3693357,12.698046,10.270153,28.37191,27.81808,25.55477,16.525705,12.15723,20.55377
791,29.654516,26.82875,28.796402,22.840837,28.298618,15.36866,19.04081,9.06362,18.027466,5.615266,10.765758,14.353561,8.475816,16.927116,16.65351,27.097198,24.325062,22.126661,15.437356,19.352247,14.223496,12.817555,25.93874,22.520277,16.698698,10.963491,13.780252,8.017363,10.92134,8.01137,25.493835,23.072115,9.730522,13.003294,19.469053
792,21.644434,31.541193,22.903374,5.4570093,17.335464,6.2734857,19.249838,14.571908,11.808233,6.9944315,24.411503,12.434244,13.663527,26.302578,11.830492,22.502096,32.531757,17.842768,20.518614,18.211258,9.679628,6.638504,29.484333,27.263418,29.931307,21.339174,6.57692,12.487691,10.445297,27.28027,27.596598,25.345644,16.059837,12.014862,20.38423
793,21.520807,31.014399,22.51118,5.4970965,15.601941,6.785383,18.658983,14.575344,12.610754,7.0771303,24.43981,12.434806,13.380214,26.110195,12.199326,22.644213,31.601404,17.477331,19.830387,17.605206,9.129577,5.9812384,28.92223,26.656649,29.85638,21.202013,7.0529695,12.597298,9.796539,27.442629,27.035603,24.839794,15.779091,11.959008,19.944113
794,26.845783,27.429878,26.301214,17.501444,27.04125,17.108854,18.567945,10.047384,20.974276,9.106522,12.790386,15.202151,9.261542,18.089905,18.734118,28.723318,23.338413,19.580498,13.82298,18.227386,11.995385,9.678004,25.941826,21.194727,20.442966,11.527392,16.41729,10.037029,11.368591,10.140314,25.143457,22.930355,9.846391,11.505287,19.09447
795,22.572495,33.523045,24.056671,5.2696123,17.654211,5.4562626,20.391424,15.734125,11.291404,6.7469835,26.608488,12.643723,14.78934,28.50668,11.421454,22.771055,35.38537,18.82869,22.419575,19.082329,10.125072,7.04772,31.257607,29.5384,32.246777,23.642176,5.8235297,13.145496,10.5625725,30.594463,29.257984,26.808422,17.733624,12.546652,21.550507
796,22.286402,30.21813,23.62107,8.295689,24.516327,8.503925,19.540392,12.225328,13.000383,7.012721,18.853306,12.824502,12.042993,22.487713,13.315808,24.32019,30.318882,17.992903,18.963076,19.406883,11.295363,9.25091,28.485432,24.372639,25.907732,16.678885,8.648167,10.734388,12.804311,18.603237,26.882744,24.645197,13.671226,11.168114,19.926401
797,22.166437,30.420982,23.649944,7.821114,23.5891,7.071593,19.635595,12.568005,11.297748,6.477527,19.698212,12.51778,12.475429,23.268318,12.080761,22.946299,31.279293,18.315062,19.886696,19.420338,11.28885,9.2209835,28.78206,25.558292,26.235554,17.839525,7.1424623,10.868355,12.412602,20.147694,27.12124,24.95303,14.414769,11.6409,20.236643
798,20.39155,30.064226,23.650536,11.599478,33.521984,7.924967,24.37118,10.666012,10.295372,6.6607623,9.828384,15.687974,8.588662,15.331133,18.337694,29.026007,25.783411,19.065638,21.738531,24.75141,20.96673,17.15594,27.991764,18.541082,13.862703,9.004013,11.404015,8.385224,24.17915,6.905965,27.925352,24.905787,14.483615,9.877508,21.18008
799,21.36609,30.57086,22.26787,5.6843424,16.788185,7.7131658,18.459597,14.028576,13.595695,7.4051323,23.379988,12.496838,12.933486,25.108356,12.929365,23.42604,30.68637,17.02992,18.931395,17.535877,9.105009,6.0318184,28.489079,25.467096,29.28144,19.857935,8.00612,12.274345,10.158501,25.532547,26.657509,24.406082,14.858961,11.531883,19.523825
800,21.403376,30.70581,22.586037,5.7930007,17.834019,6.679102,18.845423,13.964256,11.976535,6.9236383,23.135298,12.320866,13.157253,25.25697,11.94924,22.439112,31.445122,17.549147,19.744783,17.948189,9.642345,6.7207003,28.764172,26.35006,28.867027,20.205313,6.8734493,12.124879,10.524646,25.454622,26.938232,24.766874,15.319541,11.796804,19.936373
801,21.384172,30.69281,22.270477,5.5450974,16.014162,7.547824,18.441301,14.262708,13.51301,7.3851047,23.830528,12.5236,13.060079,25.472694,12.840656,23.292253,30.84255,17.102373,19.11387,17.469826,8.991008,5.842637,28.587353,25.760283,29.57113,20.317354,7.8462358,12.470755,9.965991,26.29041,26.726805,24.503567,15.138278,11.678963,19.615076
802,21.54609,31.688192,22.885708,5.2481613,17.421888,5.951817,19.343596,14.6712,11.48128,6.882744,24.642572,12.317835,13.792291,26.511166,11.568722,22.307308,32.891815,17.843266,20.765406,18.265602,9.706687,6.697678,29.597206,27.473722,30.165071,21.617918,6.2866,12.474575,10.438981,27.697983,27.70382,25.425184,16.277126,11.956409,20.43661
803,26.952452,28.000153,27.712063,21.35515,32.381046,12.606149,22.52684,8.753406,15.0517845,9.87733,9.562058,16.33254,7.9537354,14.068631,19.506834,28.709692,21.576508,21.900713,17.754562,23.934486,19.031744,16.773552,26.944263,19.053497,10.099437,8.64766,14.502484,6.6313868,16.49434,3.728146,26.996674,24.300543,10.136876,12.014619,21.067785
804,21.064901,30.47739,22.244595,5.7731543,20.396416,8.051597,18.917364,13.232258,13.632853,7.769511,21.697607,12.629375,12.571563,23.8239,13.415601,24.130136,30.419798,16.758112,18.742739,18.288391,9.864045,7.142783,28.4356,24.320353,28.082024,18.21092,8.63664,11.552401,11.596928,22.552597,26.694355,24.326782,14.09603,10.879062,19.433683
805,26.422695,27.340698,26.288027,18.903845,29.491493,17.80513,20.192942,9.179739,21.274294,12.460579,10.380797,17.397497,8.053415,15.553007,21.89429,30.67653,20.150131,19.749207,14.587158,21.099985,14.730857,12.564201,25.728493,17.839863,14.1775055,9.487051,19.071623,8.614794,14.765615,5.408366,25.229923,23.09849,9.676014,10.800819,19.763147
806,21.445295,31.165195,22.76707,5.5498457,18.190998,6.2177305,19.163063,14.188895,11.501791,6.864341,23.646318,12.285202,13.452886,25.734608,11.649542,22.273678,32.22457,17.725786,20.30874,18.207012,9.806296,6.902466,29.185873,26.90124,29.313416,20.741936,6.484306,12.18914,10.655741,26.190535,27.33786,25.112366,15.732892,11.846489,20.210028
807,31.487385,26.95623,30.99643,27.194803,31.952469,14.485066,20.674225,8.432982,15.702435,2.8816962,7.5163836,14.3359585,7.79061,15.962671,15.950321,27.221102,25.527279,24.659325,17.894583,21.31634,17.885801,16.852161,26.318756,24.112804,13.380708,10.213966,12.1707325,7.040353,13.684526,5.307467,26.255333,23.82857,11.1413355,13.997152,20.575207
808,20.351324,30.51865,22.638672,6.535735,26.834915,6.349835,20.721506,12.137113,10.335002,6.613686,17.973692,12.691387,11.792577,21.556875,12.944921,23.972132,30.808146,17.480608,20.534039,20.467606,13.2092495,10.791642,28.657223,23.584295,24.344774,15.808711,7.6021276,10.248886,15.72287,17.686771,27.291378,24.78668,14.495208,10.424797,20.094763
809,31.877367,26.302647,30.953533,28.255297,31.901047,16.514717,20.1379,7.9889636,18.064817,4.084183,7.1709113,14.679134,7.2637844,15.240653,17.235767,28.105844,23.850592,24.288546,16.323135,20.596596,17.192232,16.196829,25.600431,22.86424,12.6945095,9.336969,14.363962,6.820822,12.792623,4.5019407,25.658974,23.150116,9.946142,13.462514,20.004988
810,22.313572,28.914757,24.762463,15.725241,33.51327,10.802362,24.012419,9.747828,13.128962,7.4696717,7.866937,16.485165,7.430807,13.662567,20.293966,30.509886,22.963343,19.834787,20.067678,24.667477,21.362072,17.73927,26.955841,17.124207,10.87638,7.3502727,14.038398,7.6076994,23.29866,4.0407066,27.187973,24.181162,12.9978895,10.012211,20.834658
811,24.084682,29.569654,24.830126,11.14045,22.960882,9.119282,19.128227,11.98012,13.239262,6.3573284,18.074358,13.0699215,11.602203,22.129778,13.296719,23.95075,29.3738,19.22946,18.628508,19.239447,11.39918,9.493551,28.160686,24.91992,24.48941,16.629248,8.656388,10.550386,11.474048,17.793348,26.63699,24.594393,13.338658,12.344789,20.10126
812,21.571302,31.44113,22.791,5.3923206,16.891281,6.2565055,19.117798,14.607729,11.851358,6.941373,24.492285,12.378891,13.633655,26.330154,11.792698,22.423328,32.432934,17.749521,20.447443,18.061272,9.5465355,6.4965444,29.364096,27.195086,29.983221,21.424816,6.5596776,12.505541,10.257318,27.487263,27.475986,25.23221,16.086208,11.981601,20.282038
813,21.482584,30.555319,22.439999,5.8729167,17.03603,7.459116,18.526022,13.996639,13.104407,7.164898,23.252542,12.420696,12.994739,25.169588,12.56163,23.050781,30.893614,17.274359,19.12308,17.590988,9.2369585,6.203047,28.53914,25.84722,29.165503,19.979593,7.620626,12.257675,10.157915,25.5039,26.709692,24.507185,14.986516,11.690049,19.65726
814,22.248919,29.327137,22.124683,7.240166,15.299637,11.954234,16.95369,13.398177,18.68142,8.556768,22.023438,13.23387,11.797776,23.86042,15.728764,26.023188,27.723787,16.203384,15.792584,16.113304,7.4454846,4.4171877,27.18628,23.033663,29.337534,18.018286,11.883902,12.573942,8.791486,23.250683,25.32474,23.171679,12.914716,11.02903,18.331423
815,21.436293,30.14611,22.2033,6.0447216,16.411707,8.011584,18.14625,13.848531,13.826252,7.2533946,22.964655,12.431332,12.707513,24.779549,12.958363,23.3487,30.14817,16.97643,18.496624,17.240927,8.935451,5.8821316,28.108145,25.193918,28.950184,19.5407,8.148518,12.194315,9.854845,25.065956,26.300674,24.103159,14.580625,11.535494,19.292341
816,21.32776,30.933863,22.405523,5.4082704,17.144608,7.1913714,18.776962,14.210413,12.9537,7.3500037,23.697275,12.503021,13.196759,25.49607,12.5927925,23.155928,31.322075,17.2472,19.504156,17.822275,9.338599,6.258241,28.853363,26.02888,29.5143,20.310873,7.5366926,12.37703,10.440498,26.04349,26.996372,24.750887,15.280498,11.661705,19.837996
817,21.37826,31.009844,22.607971,5.5184,18.041584,6.695539,18.985172,14.108643,12.140747,7.036395,23.494108,12.334389,13.31056,25.528065,12.034238,22.666008,31.808514,17.502155,19.881277,18.03181,9.621388,6.6673446,29.002808,26.473131,29.36944,20.40024,6.9487724,12.229703,10.615842,25.870834,27.156267,24.92383,15.441317,11.727327,20.018473
818,23.574411,28.308758,24.821978,16.432245,32.5269,14.781552,22.536089,9.13517,18.09247,13.368894,9.638415,17.86343,7.6221766,13.83153,22.782719,31.364435,19.78221,18.915228,16.864395,23.798128,18.087711,15.220425,26.383722,15.382609,10.782831,7.8570437,18.371239,7.501113,19.35464,3.543085,26.266087,23.619406,10.48759,9.509059,20.311392
819,21.382166,30.817099,22.308922,5.43441,15.697567,7.1870904,18.484602,14.411069,13.139787,7.2645693,24.210867,12.418645,13.21501,25.795433,12.515507,22.966738,31.17378,17.20324,19.375982,17.462765,8.948738,5.803995,28.710876,26.128687,29.805868,20.75263,7.4682794,12.529985,9.776848,26.943413,26.830868,24.612383,15.393661,11.765005,19.711035
820,21.870832,31.360643,22.889227,5.7272625,16.103334,6.7434173,18.918459,14.669657,12.518893,7.0287404,24.609097,12.512548,13.552591,26.38171,12.154161,22.73942,32.095272,17.798172,20.136839,17.857155,9.332795,6.1937366,29.290855,27.12023,30.105099,21.431135,6.946021,12.669157,9.896448,27.61998,27.390005,25.168697,15.946757,12.147062,20.221998
821,21.75257,30.6593,22.822544,6.2945113,17.963959,7.063785,18.819468,13.869048,12.353607,6.9305696,22.895258,12.426683,13.055039,25.103018,12.192896,22.71021,31.246487,17.708023,19.547209,17.979095,9.679932,6.770569,28.758734,26.280607,28.717236,19.972692,7.1492314,12.099115,10.446457,25.016888,26.944305,24.774012,15.111735,11.924729,19.952555
822,21.089745,30.101965,22.173306,5.963858,19.012245,7.596751,18.589972,13.295227,13.017321,7.398629,21.925018,12.387131,12.5637865,23.972853,12.809218,23.266327,30.23185,16.900429,18.73528,17.892344,9.62987,6.8509398,28.154514,24.703451,27.879854,18.635624,7.9826407,11.588881,10.893719,23.23087,26.408398,24.147026,14.239015,11.163938,19.347494
823,21.460411,31.656086,22.891556,5.229341,18.005762,5.766356,19.431204,14.554104,11.129502,6.7932796,24.398432,12.250185,13.7890415,26.374046,11.373876,22.126896,32.99305,17.870798,20.85966,18.370506,9.854284,6.9131255,29.595284,27.497906,29.960344,21.478529,6.101551,12.351658,10.643042,27.365057,27.715538,25.440207,16.25712,11.899462,20.464712
824,21.409014,30.081484,22.276485,6.19281,17.820879,8.038415,18.297495,13.530127,13.652197,7.2324133,22.341307,12.376923,12.604698,24.351082,12.921512,23.409811,30.172337,16.971312,18.45528,17.46822,9.216085,6.3080683,28.090382,24.967934,28.54313,18.998556,8.179749,11.903208,10.259901,24.034534,26.318657,24.084549,14.3124275,11.363342,19.276445
825,29.959536,27.777397,30.171219,24.312067,31.655499,12.145193,21.200556,9.11649,13.261871,2.573281,8.411018,14.184302,8.4829,16.897207,14.889471,26.326519,27.091948,24.24922,19.593138,22.06246,18.20253,17.102665,27.018738,24.779627,14.4594965,11.437882,10.265688,7.5235567,15.008805,6.6854024,26.738789,24.46129,12.635411,14.012109,21.076292
826,21.856672,29.793377,22.500198,7.0258913,18.562712,9.216398,18.115145,13.137407,14.912569,7.508173,21.531588,12.589122,12.243394,23.71389,13.702747,24.243834,29.414522,16.93565,17.655474,17.390804,9.138846,6.3456774,27.833012,24.239878,28.130522,18.103142,9.239335,11.72688,10.200939,22.616343,26.098667,23.843685,13.58522,11.206318,19.054424
827,21.494942,31.282192,22.713226,5.423258,17.065586,6.3382554,19.059778,14.471554,11.880094,6.9899235,24.236074,12.374837,13.534459,26.095913,11.843924,22.424871,32.193172,17.680016,20.287033,18.03408,9.555109,6.51991,29.233559,26.987608,29.728926,21.155733,6.6415305,12.426622,10.3297,27.070148,27.356853,25.128546,15.906554,11.929589,20.203856
828,19.706297,31.42485,22.688559,5.8668904,29.924685,5.711852,22.072868,12.262119,9.329458,5.9820166,17.013899,12.9486,11.716928,21.13081,13.337168,24.910738,31.789219,17.631943,21.746138,21.566898,15.018847,12.167589,29.399046,23.444824,24.090464,14.909409,7.528766,10.285414,18.47313,16.656261,28.235989,25.431915,15.2292595,10.088934,20.6509
829,21.70458,31.937084,23.032269,5.263319,17.041435,5.890076,19.45118,14.890648,11.500852,6.8674326,25.018602,12.414401,13.92402,26.844933,11.60234,22.377188,33.16935,17.990206,21.01093,18.344368,9.725099,6.6679344,29.812695,27.770529,30.451038,21.989351,6.2461443,12.629349,10.395732,28.279469,27.900604,25.613522,16.538225,12.094994,20.595034
830,22.316422,31.061993,23.405552,6.8209314,18.810184,7.032144,19.162397,13.908986,12.206816,6.7621956,22.904749,12.514585,13.216538,25.332355,12.120115,22.839197,31.857384,18.192549,19.94309,18.362484,10.014259,7.187027,29.210758,26.835062,28.879122,20.149147,7.0024257,12.095972,10.582434,24.954678,27.394049,25.184544,15.281242,12.191093,20.308004
831,21.70111,31.900696,23.023209,5.279348,17.071037,5.883659,19.424854,14.86501,11.482707,6.8376307,24.985605,12.378796,13.913157,26.821144,11.56151,22.338064,33.158535,17.97883,20.980305,18.31615,9.708436,6.6639667,29.782125,27.761137,30.44235,21.97127,6.220742,12.605681,10.352275,28.245502,27.872143,25.584448,16.511219,12.081465,20.56844
832,23.866266,28.441345,25.318005,17.642054,33.47571,13.277347,23.300932,8.916571,16.416178,12.735891,9.444143,17.422274,7.4278564,13.023006,22.292355,30.993057,19.840096,19.575047,17.606955,24.624863,19.631536,16.575087,26.686779,15.466197,9.219461,7.2728276,17.198809,6.6819425,19.618176,2.9316888,26.84726,23.878532,10.299359,9.806894,20.609167
833,21.347921,30.867401,22.693787,5.834447,20.516428,7.1628036,19.221024,13.5085125,12.38283,7.1725025,22.163801,12.426508,12.987216,24.558105,12.450212,23.270098,31.521545,17.380552,19.591677,18.480234,10.11895,7.396995,28.90967,25.661901,28.555183,19.118896,7.4965205,11.751803,11.511744,23.590807,27.133274,24.825865,14.800327,11.372696,19.92154
834,21.0063,30.781067,22.207245,5.367399,19.581345,7.686097,18.985281,13.586157,13.418326,7.790218,22.516909,12.596424,12.834075,24.396652,13.234793,23.952337,30.855103,16.793514,19.07504,18.247154,9.7401,6.876133,28.691853,24.787868,28.68092,18.880106,8.317108,11.799587,11.399708,23.769924,26.908892,24.523323,14.481675,11.029057,19.577322
835,21.26428,29.990896,21.991837,5.870043,15.594449,7.874184,17.957174,13.92078,13.761448,7.22235,23.179522,12.350445,12.689171,24.860275,12.844856,23.114851,29.982914,16.845087,18.43408,17.017216,8.723795,5.6344757,27.941093,25.147718,28.978264,19.726349,8.03163,12.246512,9.576384,25.492874,26.12481,23.956493,14.639159,11.524286,19.169355
836,22.126247,29.656017,22.47117,7.475972,19.41985,11.600948,17.9612,12.808926,17.763067,8.866261,20.650145,13.417349,11.749316,22.904516,15.811293,26.340248,28.008331,16.438297,16.345932,17.33785,8.8408,6.0325193,27.55615,22.660387,27.90463,16.832325,11.851591,11.81477,10.572306,20.776716,25.827946,23.538244,12.641906,10.649348,18.734274
837,17.174421,22.839184,19.36661,7.85188,9.531647,29.322012,16.79275,12.727551,31.60785,25.748295,5.1732254,27.977196,8.552503,19.188587,31.619312,33.72767,4.247199,18.606585,7.821512,20.421356,6.2747507,3.1793678,20.760084,15.764209,12.650589,12.962699,30.130215,22.23634,22.734432,2.4824197,17.628353,23.996714,15.151688,12.429289,24.056776
838,21.461723,30.610191,22.278439,5.623972,15.118685,7.3374705,18.265144,14.403357,13.310268,7.13529,24.15978,12.382845,13.120654,25.754076,12.5147,22.896357,30.930065,17.183115,19.175018,17.226738,8.780932,5.621414,28.51121,26.066996,29.769297,20.759695,7.526345,12.557976,9.460783,27.006641,26.638363,24.449461,15.336507,11.811821,19.581488
839,24.620419,27.447376,24.154682,13.379307,24.38183,17.043283,17.51861,10.374382,22.066969,10.675567,14.855226,15.1124935,9.5189905,18.971226,19.112331,28.76998,23.359566,17.347279,13.286006,17.417927,9.607943,7.678039,25.706976,19.570307,22.350527,12.380603,17.053623,10.502179,11.0713005,12.254491,24.393503,22.366209,9.7818165,10.187042,18.205118
840,21.39731,30.280952,22.217888,5.915966,16.411713,7.830334,18.261312,13.925761,13.648796,7.323701,23.140509,12.474144,12.789193,24.902428,12.92044,23.301296,30.30579,17.019129,18.694868,17.359222,9.014159,5.941681,28.238367,25.313448,28.97261,19.69474,8.043169,12.225031,9.961767,25.277718,26.42129,24.218874,14.709741,11.570061,19.394848
841,21.395763,30.068413,22.128704,6.0466137,16.39944,8.16257,18.087324,13.787283,14.035037,7.363987,22.88236,12.460262,12.629552,24.638166,13.120352,23.487196,29.948736,16.87087,18.339048,17.206734,8.889554,5.8351994,28.02489,24.956047,28.850065,19.369272,8.339359,12.150891,9.853638,24.86338,26.222992,24.01337,14.434005,11.461227,19.203352
842,21.833754,29.749146,22.353413,6.9356976,18.071884,9.877714,17.943329,13.210594,15.826774,7.8218145,21.561525,12.793751,12.144603,23.673893,14.293647,24.820082,29.011328,16.691385,17.243368,17.189455,8.859803,5.9739494,27.702274,23.838928,28.396568,17.968985,9.950162,11.9104,10.110461,22.609985,25.953487,23.6975,13.449314,11.064835,18.896345
843,22.68076,27.78481,24.110409,16.523794,32.923622,13.473193,22.85111,8.600048,16.86989,14.26914,9.49609,17.477558,7.080663,12.274446,22.906555,30.935038,18.258545,18.41027,16.74542,24.274395,19.081314,15.944843,25.93922,13.776769,8.361126,6.739619,18.038603,6.357418,19.327236,2.432911,26.11573,23.151648,9.641577,8.958034,19.962126
844,33.12114,25.422073,31.646397,30.17438,31.386387,18.403585,19.221712,7.577766,19.727312,3.87338,6.499516,14.703964,6.8964915,15.227544,17.28542,27.923407,23.132084,24.785208,15.159111,19.357891,16.189459,15.498444,24.865494,23.300133,12.577518,9.3050995,15.493122,7.0043464,11.311436,4.333241,24.930178,22.63225,9.305788,13.785459,19.676569
845,18.446173,22.799797,19.98709,9.335527,13.361596,28.965853,16.529774,11.573037,31.353825,25.400902,5.6953764,26.779984,8.021974,18.101364,30.794868,33.238712,5.615113,17.868362,7.895409,19.828314,6.688202,4.0401707,20.7563,14.620116,12.087651,12.244128,30.232351,19.788074,20.552439,2.1860554,17.976109,23.049816,13.499133,11.271863,22.669773
846,21.164425,30.760023,22.578014,5.734761,20.746017,6.9849687,19.247553,13.400795,12.112911,7.2252884,21.959036,12.412321,12.928632,24.361507,12.376215,23.120546,31.397398,17.314991,19.625807,18.558952,10.216064,7.536899,28.826813,25.503237,28.20492,18.960993,7.4024863,11.630756,11.687541,23.26823,27.061613,24.770208,14.749684,11.295525,19.89373
847,21.438538,29.634047,22.08631,6.50525,17.264608,8.844739,17.912712,13.336473,14.630863,7.470161,21.90738,12.51893,12.258374,23.863937,13.533331,23.885473,29.219917,16.695763,17.703514,17.135788,8.920665,5.9924917,27.6273,24.186327,28.177156,18.424238,8.974261,11.858505,10.01465,23.344183,25.879566,23.670443,13.808239,11.201773,18.919733
848,21.167536,31.204277,22.587654,5.218517,19.027262,6.3667846,19.279255,14.046335,11.696991,7.121862,23.362793,12.341291,13.392518,25.456831,11.924622,22.63088,32.12339,17.488283,20.19774,18.371895,9.926053,7.0283976,29.19691,26.484732,29.240694,20.296942,6.7694364,12.111965,11.140022,25.557152,27.356522,25.088163,15.522432,11.6094265,20.15536
849,22.53412,28.73057,24.739407,16.112202,33.349255,10.86098,23.9805,9.38295,13.509495,10.140507,8.804058,16.8605,7.513074,13.048566,20.966928,30.246864,21.215473,19.673729,19.1887,25.060339,21.016167,17.448103,26.953108,16.162941,9.43343,7.1653337,14.799289,7.0038075,21.754099,3.3289826,27.205778,24.180971,11.662056,10.0188,20.901329
850,23.31714,29.630884,25.190538,11.814836,28.908033,7.007248,20.895098,11.113762,9.5273485,4.6488876,14.358029,12.9507675,10.986925,20.181095,12.42181,23.61122,30.234528,19.98318,20.862547,21.41853,14.888539,13.308296,28.291355,24.671946,21.142023,14.756885,7.0109806,9.3216505,15.657656,13.466413,27.13982,25.000576,14.355772,12.006272,20.761778
851,21.417274,31.10784,22.549656,5.386348,16.575457,6.501461,18.857117,14.448398,12.16761,7.054803,24.272299,12.335377,13.444174,26.017548,11.959644,22.482103,31.890657,17.510506,20.021597,17.827402,9.345587,6.283719,29.047329,26.738138,29.743155,21.083307,6.8004837,12.433214,10.08679,27.111649,27.16905,24.9436,15.759574,11.864023,20.027483
852,21.244707,31.056442,22.838202,5.7452273,21.931858,6.6578174,19.609734,13.359561,11.574674,7.112142,21.809837,12.406132,13.075325,24.44109,12.1186,23.0163,31.978691,17.561394,20.079948,18.961235,10.593951,8.020025,29.154425,25.862356,28.191305,19.00726,7.0851874,11.549629,12.134073,23.017765,27.390446,25.078375,14.937015,11.339897,20.168612
853,21.279581,30.612413,22.301695,5.6999464,18.343105,7.819741,18.692533,13.732484,13.585724,7.553258,22.79115,12.539249,12.832358,24.650246,13.106334,23.725481,30.701057,16.948486,18.905247,17.871313,9.433614,6.485619,28.547115,25.090277,28.899904,19.233154,8.223231,11.993792,10.753843,24.416035,26.749165,24.432169,14.568473,11.293571,19.52611
854,21.618406,31.037094,22.659077,5.680895,16.412836,6.8450685,18.803516,14.410011,12.521486,7.1343265,24.118128,12.485775,13.3539915,25.904842,12.2349415,22.714327,31.612709,17.599493,19.834505,17.802261,9.339634,6.2319126,29.006077,26.653576,29.59337,20.900103,7.0846767,12.497239,10.079142,26.831799,27.129574,24.934967,15.613107,11.989122,20.04098
855,21.660292,30.082521,22.387709,6.422615,17.245743,8.347221,18.156218,13.615749,14.095755,7.2586203,22.579824,12.416218,12.609207,24.518366,13.073235,23.554556,30.088745,17.032648,18.274672,17.280193,8.996133,6.04638,28.08741,25.049685,28.804396,19.152575,8.390493,12.035593,9.884843,24.388218,26.300508,24.070177,14.267874,11.4693775,19.248846
856,21.304424,30.739763,22.311619,5.6085258,18.241917,7.965267,18.718618,13.837211,13.838704,7.6328564,22.95581,12.6007595,12.884873,24.787235,13.260539,23.939129,30.767082,16.924576,18.893991,17.868134,9.380586,6.3844314,28.628433,25.116312,29.17733,19.326365,8.378515,12.105022,10.76645,24.633333,26.819172,24.486122,14.627048,11.286305,19.55469
857,23.078585,31.847057,24.018955,7.1085443,17.75282,7.280428,19.443544,14.546774,12.799736,6.9148483,24.086323,12.8905945,13.60995,26.354057,12.499968,23.375555,32.55876,18.710506,20.412487,18.537743,9.990004,6.9413514,29.917305,27.733421,29.909746,21.172266,7.204112,12.640608,10.270824,26.588955,28.033283,25.785233,15.858275,12.70981,20.79976
858,21.653677,30.474358,22.960003,6.649802,20.846111,7.1275787,19.142641,13.193851,11.971885,6.820347,21.33772,12.397013,12.750751,24.106081,12.19746,22.900755,31.175362,17.712385,19.532974,18.553871,10.351005,7.8112717,28.656963,25.657305,27.64617,18.771013,7.275605,11.487729,11.464424,22.59362,26.921959,24.71576,14.644979,11.56187,19.929512
859,24.400583,29.087994,25.027386,12.064358,22.7323,9.093437,18.988213,11.657466,12.95429,6.2520328,17.398046,13.10799,11.284822,21.568085,13.223799,23.612047,28.670273,19.516418,18.467882,19.302065,11.585068,9.814638,27.835827,24.690348,23.282904,16.255713,8.559206,10.223533,11.238623,16.851871,26.36774,24.411127,13.039731,12.571493,20.050238
860,22.044012,30.821991,23.18382,6.685767,18.551905,6.688548,19.080677,13.837835,11.745287,6.669094,22.732517,12.431748,13.132461,25.15047,11.885141,22.45117,31.651905,18.0891,19.995054,18.310265,10.048721,7.2504168,28.991062,26.696423,28.448683,20.104565,6.7323704,11.970821,10.608816,24.839844,27.19236,25.023142,15.3211565,12.130748,20.209162
861,21.39344,30.6376,22.312115,5.5827208,15.652851,7.133897,18.411709,14.32822,12.944234,7.130581,23.964308,12.398724,13.142167,25.662031,12.384815,22.75464,31.032425,17.260033,19.346941,17.402214,8.987099,5.8622875,28.573982,26.147804,29.524302,20.66955,7.35642,12.485426,9.757826,26.712126,26.707294,24.536686,15.374818,11.820126,19.684908
862,22.348803,31.928286,23.582783,6.1769695,17.934683,6.3223333,19.583788,14.654028,11.709675,6.7654696,24.370768,12.6150055,13.796909,26.542723,11.825181,22.664839,33.073166,18.438034,20.934729,18.596323,10.054849,7.067051,29.927528,27.88544,29.99734,21.54827,6.4786854,12.5374565,10.565506,27.215698,28.041975,25.777658,16.285799,12.400886,20.785791
863,21.1699,30.947304,22.264343,5.183258,16.92641,7.070456,18.742695,14.260735,12.92156,7.3884277,23.898657,12.428133,13.228236,25.568777,12.540221,23.101091,31.354504,17.117193,19.51299,17.769356,9.240689,6.1544704,28.835785,25.963053,29.648727,20.41585,7.476238,12.371933,10.352568,26.320206,26.972656,24.703867,15.3107195,11.571277,19.773672
864,21.36983,30.347897,22.180351,5.8704977,17.151014,8.245234,18.321447,13.796267,14.202448,7.569504,22.921976,12.553193,12.700071,24.653297,13.344457,23.85423,30.197895,16.820253,18.458597,17.457478,9.043545,6.007741,28.256567,24.871805,29.020628,19.26479,8.548997,12.124432,10.214912,24.707268,26.453163,24.16967,14.425846,11.330422,19.29574
865,21.223494,30.493246,22.321236,5.77313,18.827621,7.6037755,18.729322,13.59051,13.154018,7.3659716,22.448303,12.441262,12.798732,24.484612,12.828551,23.440699,30.744518,17.018381,18.986654,17.933731,9.585348,6.712275,28.479324,25.153526,28.61503,19.098263,7.951838,11.86763,10.8864,24.025986,26.698677,24.409523,14.559598,11.293049,19.540653
866,21.572004,31.38496,23.408028,6.106784,22.82014,5.3347163,20.055475,13.4675045,9.642717,6.1316633,21.877596,12.034044,13.466266,24.953705,10.723574,21.773138,33.32711,18.295135,21.187025,19.329124,11.142155,8.772431,29.58786,27.272806,28.225962,19.825178,5.5149126,11.37651,12.154951,23.643509,27.840214,25.547686,15.719812,11.702574,20.656794
867,21.402708,30.787758,22.448212,5.5925636,16.809132,7.0295386,18.663008,14.197021,12.685958,7.1138744,23.69045,12.383564,13.190066,25.541845,12.29847,22.798542,31.32278,17.351168,19.519434,17.682697,9.275073,6.2232084,28.749897,26.222086,29.432375,20.453955,7.2595954,12.357088,10.163673,26.210777,26.89645,24.690462,15.334522,11.760828,19.813444
868,22.164278,30.737055,23.441887,7.1115727,20.101765,6.510919,19.311346,13.493796,11.168607,6.3931375,21.828466,12.39954,13.015309,24.696146,11.639658,22.2926,31.779728,18.335915,20.195948,18.695,10.534498,7.9674706,29.000986,26.695776,27.763145,19.629786,6.495092,11.646356,11.125561,23.583048,27.244947,25.098593,15.23051,12.127558,20.331358
869,20.956682,30.721184,22.267311,5.3998876,20.213,7.4467444,19.059652,13.478016,12.919437,7.505691,22.154448,12.480291,12.851477,24.31712,12.875983,23.640875,31.049524,16.912601,19.228134,18.321115,9.916966,7.1285276,28.675228,24.996004,28.55156,18.812061,7.973924,11.735394,11.592957,23.436615,26.90646,24.55871,14.566888,11.049445,19.645185
870,21.784046,31.903755,23.042091,5.352643,16.636728,6.058596,19.378292,14.936338,11.736116,6.9191694,25.071264,12.5001135,13.885583,26.863781,11.765009,22.496256,33.010025,17.998232,20.919142,18.276009,9.650313,6.54842,29.77443,27.720135,30.451063,22.004946,6.4071307,12.7074795,10.30207,28.35358,27.857056,25.586853,16.519112,12.162497,20.577583
871,23.577024,26.072418,22.727535,12.160491,20.801445,21.859936,16.052826,10.60501,27.152166,14.723584,13.884307,17.660732,8.860057,18.961773,22.82241,30.760485,19.025143,16.135603,10.547951,16.09104,7.318319,4.995668,24.04428,17.32682,21.879763,12.384274,22.23663,12.723343,11.139886,11.430615,22.410828,21.489061,9.645928,9.611799,17.902018
872,31.014915,26.58004,30.727354,27.589027,32.587677,14.799134,21.011946,8.143458,15.835009,3.239717,6.292941,14.713418,7.2479916,15.005577,16.760464,27.795225,24.368004,24.606018,17.88162,21.720581,18.824,17.654713,25.886826,23.140442,11.650075,9.281703,12.894133,6.8364935,14.928464,3.8928273,25.996464,23.606394,11.157456,13.642178,20.577284
873,25.003325,29.4975,25.943672,12.867148,25.276522,8.27903,19.7081,11.521971,11.348372,5.1557817,16.390512,13.007404,11.468955,21.59605,12.284025,23.071562,29.977608,20.46133,19.579805,20.08712,12.684773,11.175886,28.367905,25.87632,22.974953,16.296556,7.4836287,10.003569,12.090563,15.8748,26.978603,25.029425,13.654832,13.046995,20.696695
874,26.016508,28.642046,26.653618,15.232185,25.642773,9.111168,19.51454,10.848137,11.6942625,4.639393,14.427404,13.251646,10.70123,20.32661,12.685434,23.304873,28.640245,21.132599,19.044027,20.242395,13.276153,12.017049,27.71275,25.28172,20.836979,15.0831585,7.972381,9.420618,12.037727,13.334704,26.482609,24.65145,13.026757,13.424355,20.580675
875,17.954157,22.558655,19.6536,8.863455,12.057217,28.493448,16.421886,11.810118,30.76563,24.854504,5.5005994,26.662884,8.124053,18.259907,30.415842,32.817295,5.3837695,17.971634,7.892821,19.713888,6.5732913,3.7911806,20.559765,15.051124,12.253456,12.354697,29.475927,20.249771,20.892376,2.3950477,17.722427,23.082714,13.913316,11.608053,22.816908
876,21.767477,31.301363,23.019943,5.8441052,18.271305,6.507897,19.217558,14.242928,11.828108,6.8506613,23.649815,12.403772,13.477836,25.837952,11.841675,22.550238,32.308723,17.906061,20.294693,18.257511,9.845393,6.916917,29.323343,27.05438,29.495834,20.770887,6.683322,12.294701,10.628794,26.17331,27.471027,25.239016,15.74964,11.992043,20.318304
877,22.252665,31.889408,23.40812,5.9320607,17.76287,6.7806954,19.390234,14.676611,12.398115,6.955999,24.521528,12.581022,13.781872,26.589008,12.104007,23.012571,32.89775,18.175116,20.526167,18.316147,9.735123,6.663468,29.830673,27.651049,30.497553,21.455133,6.8873982,12.683956,10.367865,27.359446,27.927378,25.637054,16.092253,12.241692,20.603916
878,31.871578,25.991943,31.141537,28.975817,32.271244,15.995776,20.361242,7.7875857,17.113354,3.2198527,6.1061788,14.546332,6.9884467,14.857791,16.82167,27.772518,23.84151,24.763014,16.911028,20.919744,18.074783,17.181393,25.373121,23.125307,11.570642,9.125155,13.65585,6.629578,13.606173,3.7925525,25.516485,23.129736,10.430567,13.644486,20.168322
879,21.658747,31.711843,22.916466,5.3394055,16.871925,6.132684,19.294641,14.764196,11.772241,6.985821,24.802454,12.452244,13.773507,26.587925,11.7999115,22.485537,32.742718,17.872046,20.707392,18.224607,9.629973,6.5528746,29.612558,27.445211,30.19837,21.687826,6.4853926,12.592146,10.344278,27.887243,27.70787,25.442617,16.281054,12.061838,20.453482
880,21.419071,31.028858,22.608372,5.5072355,17.341137,6.5428853,18.927208,14.257284,12.0334015,7.021349,23.843386,12.329908,13.377149,25.75235,11.924984,22.47009,31.843756,17.55677,19.97574,17.935812,9.514192,6.509595,29.015808,26.664476,29.455952,20.742914,6.802308,12.311197,10.348306,26.449324,27.156738,24.941164,15.603322,11.83158,20.045328
881,21.830557,30.217216,22.34456,6.503512,17.992096,10.280363,18.10489,13.493074,16.578882,8.282688,22.082579,13.083511,12.305806,24.056984,14.880945,25.540728,29.266773,16.55438,17.310534,17.316113,8.725638,5.7451773,28.049847,23.80687,29.145597,18.217741,10.535982,12.23009,10.325342,23.144777,26.24614,23.933832,13.608253,10.983812,19.021576
882,20.82366,30.91893,22.522459,5.404456,22.318672,6.5235953,19.639902,13.206864,11.431294,7.2332325,21.4747,12.404743,12.941743,24.077723,12.208078,23.055134,31.746214,17.266232,20.062553,19.063297,10.71639,8.199422,28.98743,25.354616,27.776545,18.633785,7.1652193,11.360553,12.533869,22.46903,27.249588,24.91749,14.826251,11.059074,20.025784
883,19.736319,30.939953,22.877773,7.1588717,31.6166,6.176993,22.500536,11.662658,9.332724,5.615494,14.64088,13.346999,10.8369,19.503466,14.234814,25.81738,30.564081,17.917158,21.705996,22.276096,16.422052,13.569542,28.956463,22.2254,21.740366,13.11075,8.207108,9.751119,20.204533,13.600043,28.022877,25.222258,14.981261,9.90214,20.651606
884,21.359688,31.430565,23.00502,5.536624,21.500128,6.230105,19.768755,13.712475,11.150633,6.902211,22.48104,12.353809,13.405078,25.09871,11.746033,22.724783,32.670303,17.801867,20.567953,18.986263,10.603305,7.928443,29.502645,26.64644,28.856249,19.76491,6.5845838,11.816399,11.995792,24.17712,27.701544,25.391592,15.459359,11.580278,20.436983
885,21.282204,31.340847,22.60304,5.1533227,17.659283,6.2481265,19.173634,14.393263,11.771938,7.133457,24.149427,12.351015,13.553258,25.985935,11.852554,22.477388,32.25589,17.561598,20.318472,18.168594,9.642575,6.6325254,29.284489,26.848856,29.690756,20.982042,6.6411004,12.346884,10.620577,26.807796,27.407356,25.153349,15.832177,11.782433,20.207483
886,21.581861,30.662146,22.394363,5.803247,15.933561,7.685799,18.371181,14.241412,13.662725,7.2943697,23.845331,12.480175,13.04635,25.501232,12.825341,23.3065,30.843925,17.183863,19.008062,17.385996,8.911443,5.785951,28.575916,25.832335,29.656183,20.330564,7.8779063,12.465969,9.73146,26.321913,26.715939,24.487005,15.061862,11.737179,19.592741
887,21.911707,31.62306,23.210075,5.851968,17.917038,6.1245522,19.427565,14.50021,11.445223,6.7566876,24.140165,12.455499,13.676761,26.251781,11.651583,22.378069,32.783154,18.140797,20.775019,18.447086,9.963347,7.018388,29.62143,27.523283,29.684467,21.308271,6.3602433,12.378355,10.60795,26.94204,27.753012,25.50604,16.144821,12.161582,20.557016
888,21.446087,30.392044,22.260384,5.8143864,15.703913,7.5731173,18.224012,14.155583,13.419008,7.132532,23.590649,12.401134,12.948367,25.337969,12.63594,23.007349,30.614952,17.137354,18.926561,17.238308,8.8789,5.768219,28.33489,25.762308,29.369081,20.242262,7.7171555,12.415985,9.672121,26.141409,26.489513,24.317503,15.045686,11.732421,19.486858
889,32.993744,25.974258,31.962187,30.508276,32.73902,17.394407,20.300406,7.6668143,18.483429,3.4484806,5.8450007,14.852585,6.884551,14.942552,17.37529,28.338968,23.612839,25.33315,16.431671,20.67408,17.926935,17.113087,25.374601,23.474813,11.569822,9.090556,14.750502,6.7543707,13.038843,3.6128392,25.572948,23.192595,10.130944,13.88684,20.296692
890,22.405987,30.112476,23.434738,7.8991694,19.768612,7.3784156,18.883888,13.124401,12.049589,6.475405,21.012327,12.499027,12.546796,24.002722,12.154507,22.650797,30.663658,18.265482,19.368715,18.397932,10.337508,7.8355103,28.444443,25.949535,27.01903,18.84295,7.2099576,11.486564,10.828152,22.387215,26.730066,24.660196,14.581733,12.106192,19.994589
891,22.494875,28.891254,22.758423,8.743825,20.169916,11.943655,17.777828,12.263764,17.535606,8.496097,19.164463,13.350949,11.340354,21.986029,15.619553,25.961308,27.046925,16.81392,15.767529,17.214108,9.150388,6.444792,26.970509,22.475332,26.620304,15.94685,11.82855,11.474557,10.413231,18.947918,25.364853,23.21144,12.151874,10.792301,18.627476
892,21.497877,30.757366,23.082027,6.410571,22.344234,6.5036397,19.566256,13.114704,11.061174,6.6077447,21.095652,12.286467,12.916785,24.121296,11.731319,22.603565,31.888256,17.85863,20.126762,19.007132,10.827937,8.424723,28.958157,25.991446,27.568583,18.783276,6.7219415,11.31167,12.092493,22.267294,27.237808,24.994284,14.909685,11.487731,20.176798
893,21.801487,31.25583,23.303125,6.3362765,20.491432,6.106155,19.701784,13.739016,10.893621,6.690234,22.389528,12.498024,13.278992,25.038586,11.688765,22.445648,32.363583,18.20179,20.708036,19.051048,10.713023,8.080995,29.419147,26.810007,28.160908,19.932516,6.4060283,11.747938,11.677082,24.191341,27.6357,25.40684,15.555207,11.965581,20.544436
894,22.09071,30.738827,23.004484,6.608038,18.607882,7.985395,18.743683,13.743903,13.510848,7.148451,22.763006,12.506196,12.968373,24.968983,12.787967,23.527716,31.125107,17.612064,19.010183,17.874813,9.496131,6.604723,28.7984,25.955961,29.151604,19.540388,7.955995,12.119055,10.348156,24.552082,26.9849,24.727287,14.659108,11.769346,19.825125
895,31.764566,25.261637,30.193977,26.97615,27.987274,17.424673,18.1127,8.053654,19.386345,4.6045933,8.725211,14.332486,7.5184007,16.117336,16.551939,26.617275,23.005192,23.46134,14.293338,18.326134,13.912325,13.106723,24.7942,22.966867,14.577265,10.214526,14.686596,7.610079,9.483814,6.3444443,24.495224,22.363892,8.8160715,13.75971,19.155024
896,21.436687,31.131855,22.601137,5.418811,16.827816,6.47131,18.92312,14.417351,12.069107,7.0516214,24.174826,12.360856,13.450632,25.979977,11.938723,22.467684,31.935177,17.567564,20.080832,17.906288,9.437291,6.387368,29.087122,26.784708,29.655794,21.031664,6.7691207,12.414368,10.213593,26.958942,27.211754,24.9934,15.766321,11.88693,20.082945
897,21.477518,30.547071,22.633038,6.052505,18.709558,7.137537,18.811876,13.689805,12.369352,6.9193897,22.500196,12.34167,12.968619,24.815353,12.206076,22.796535,31.180155,17.479765,19.400429,17.974045,9.72697,6.8718557,28.625124,25.961487,28.643393,19.578642,7.2540736,11.980683,10.743083,24.43908,26.830322,24.6379,14.939637,11.665773,19.814001
898,20.678724,30.731243,23.305511,7.0612617,28.47451,5.115377,21.25907,12.102188,8.240803,5.20508,17.17182,12.365783,11.997804,21.67268,11.627859,22.922531,32.061165,18.36762,21.667065,20.956726,14.188033,11.884472,29.02697,24.953772,24.116404,16.044365,6.0152206,10.154638,16.37529,17.276794,27.733055,25.292856,15.287563,10.967173,20.66749
899,20.97457,31.183064,22.537056,5.1653366,20.975555,6.610972,19.511639,13.638994,11.82295,7.2777586,22.465242,12.398727,13.200343,24.775616,12.243204,23.124695,32.018066,17.287218,20.061678,18.751575,10.317633,7.5671287,29.183437,25.839304,28.767412,19.364723,7.151999,11.781731,11.954893,23.956646,27.390099,25.0417,15.092938,11.267054,20.08387
900,21.364435,30.437866,22.49281,6.0004616,18.79157,7.3262925,18.745882,13.592019,12.64004,7.072903,22.345757,12.371549,12.850131,24.575756,12.438179,23.010384,30.902212,17.28919,19.182253,17.947432,9.686803,6.8391266,28.495056,25.564207,28.47949,19.290142,7.5260386,11.886061,10.801178,24.090185,26.713375,24.492977,14.729049,11.510647,19.670183
901,20.993505,30.820423,22.19846,5.3179026,19.581108,7.7279773,18.999899,13.614667,13.490172,7.8271084,22.552614,12.619406,12.850477,24.428741,13.287596,24.022898,30.867428,16.777866,19.071398,18.25605,9.730147,6.852048,28.715914,24.78216,28.758078,18.896599,8.369892,11.8344345,11.428858,23.812843,26.929686,24.540688,14.497313,11.015835,19.58792
902,25.540638,27.25989,25.142637,15.73379,27.110954,17.826616,18.375708,9.981964,21.957445,10.637941,12.650635,15.703272,9.092773,17.831844,19.774246,29.38399,22.45055,18.393763,13.396839,18.16085,11.499971,9.194403,25.519619,19.749697,20.344927,11.244863,17.740774,10.186951,12.211268,9.6921015,24.618614,22.53205,9.858854,10.562516,18.728065
903,21.523687,31.372366,22.715694,5.363569,16.726162,6.3504224,19.053465,14.589452,11.99539,7.020397,24.476765,12.400216,13.586339,26.265171,11.897422,22.49146,32.26269,17.676111,20.331707,18.005314,9.484471,6.414155,29.292217,27.054668,29.934345,21.345785,6.6724744,12.512331,10.229268,27.429619,27.403442,25.165613,16.007467,11.956427,20.222641
904,20.678825,30.895042,22.084389,4.8191476,18.948555,6.609047,19.075062,13.867049,12.112746,7.409012,23.072386,12.333004,13.149465,24.969597,12.298267,22.92106,31.489582,16.957254,19.751036,18.220814,9.774466,6.8586807,28.829777,25.615982,28.944841,19.738619,7.211035,11.962854,11.288986,24.98088,27.014784,24.709433,15.142737,11.23236,19.792345
905,21.454702,29.334969,24.660643,13.846418,33.143024,6.7878556,24.17775,10.5342045,8.059562,3.1538677,7.9848514,14.8368,8.21972,15.224737,16.326853,27.532682,26.87304,20.420313,22.91062,24.42746,22.05595,18.4589,27.495262,20.328787,13.089888,9.307043,9.092268,8.192099,24.169525,6.6482706,27.584942,24.712482,15.624637,10.955958,21.254366
906,21.652002,31.265018,22.915257,5.716399,18.104904,6.405687,19.186867,14.243917,11.754984,6.9220524,23.746424,12.3745985,13.477172,25.829529,11.809263,22.467978,32.24852,17.828384,20.28502,18.233515,9.795835,6.859514,29.287062,26.982958,29.442726,20.79539,6.6338468,12.2683525,10.589163,26.268085,27.429745,25.19775,15.72656,11.949828,20.277151
907,21.580145,29.853687,22.131903,6.413684,16.402592,8.901069,17.870173,13.600863,14.938238,7.5816,22.577093,12.5669365,12.396115,24.292027,13.655269,24.017893,29.393496,16.718676,17.761225,17.035328,8.690133,5.6648493,27.806494,24.402151,28.71283,18.877588,9.042348,12.081078,9.672056,24.242023,26.019035,23.784906,13.963405,11.3306465,18.973536
908,27.162401,27.970806,27.233372,17.360624,25.589653,10.881129,19.02577,10.357241,13.546913,4.6166706,13.612899,13.379183,10.079856,19.567165,13.528509,24.083458,27.514635,21.377394,17.852266,19.652924,13.066059,11.860285,27.110966,24.65803,20.04576,14.137067,9.40107,9.095497,11.145238,12.218233,26.03601,24.091248,12.020043,13.46152,20.120964
909,21.498766,30.407711,22.345287,5.970316,16.819386,7.846702,18.360956,13.92392,13.638501,7.2933483,23.14004,12.464576,12.848908,24.966782,12.889383,23.362417,30.521032,17.102335,18.770247,17.449772,9.082688,6.0373793,28.366701,25.449106,29.114397,19.71295,8.022006,12.222598,10.02904,25.243858,26.547144,24.322908,14.732053,11.582597,19.472769
910,24.848825,23.952204,23.768467,16.135708,23.067528,28.033335,15.605457,9.266987,31.746632,18.263683,8.474189,21.164295,7.0469666,16.689476,26.888542,32.957584,13.879251,17.126715,8.313918,16.494986,7.5080166,5.902322,21.98812,14.793678,16.092215,10.262044,28.599842,13.329584,12.983759,4.822624,20.421099,20.787394,9.066068,9.241799,18.342752
911,28.728022,26.66365,27.041327,19.809797,25.933796,21.15876,17.264238,9.446114,25.746305,11.256738,12.923285,16.159443,8.515499,17.597492,21.157297,30.456106,21.167423,19.421503,11.250988,16.926636,10.068055,8.087931,25.282204,19.671743,20.133766,10.694985,20.402224,10.124451,8.986551,9.2227745,24.42974,22.222948,7.817272,11.4003725,18.369314
912,19.28545,23.747475,20.586945,10.437183,18.118404,25.401926,17.563272,10.672734,28.132761,23.370977,6.9371753,24.440239,7.84892,16.797924,28.704098,32.32353,8.72287,17.382982,9.827284,20.556162,8.957075,6.549446,21.709518,14.107656,11.380013,11.257861,27.443861,16.214346,19.711493,2.4367993,19.514736,22.662294,12.432664,10.327154,21.580801
913,21.479395,31.327135,22.69937,5.357413,16.672977,6.197889,19.04481,14.598175,11.761959,6.8758755,24.426802,12.351756,13.590436,26.277225,11.72864,22.300276,32.32403,17.700068,20.423002,17.981403,9.512502,6.465832,29.247545,27.13852,29.8738,21.417622,6.507872,12.493353,10.225927,27.492737,27.366795,25.144936,16.109976,11.958567,20.223017
914,33.21652,25.480648,31.907684,30.557077,31.607315,17.439669,19.55084,7.5718465,18.478277,3.136664,6.2351537,14.45546,6.936734,15.156618,16.652672,27.417692,23.54007,25.260382,15.817183,19.787712,16.916307,16.193403,25.029682,23.857931,12.081623,9.374803,14.379801,6.8169656,11.663662,4.1994786,25.156189,22.857435,9.670403,14.145257,19.946089
915,21.18638,30.677433,22.267246,5.5396633,18.438765,7.6835217,18.762234,13.772937,13.420391,7.556637,22.830862,12.540822,12.884147,24.70857,13.037624,23.665071,30.813347,16.945543,19.029848,17.931463,9.493398,6.529969,28.601845,25.167578,28.941011,19.305008,8.120769,12.020814,10.882824,24.498594,26.800121,24.487103,14.6722,11.287858,19.57867
916,21.926355,32.150562,23.317226,5.4534616,17.920197,5.933192,19.693415,14.837806,11.417441,6.87813,24.86601,12.499447,13.999539,26.852276,11.620628,22.511011,33.45967,18.218418,21.178144,18.611645,9.975677,6.950902,30.063461,27.99328,30.446045,21.896008,6.2450385,12.612775,10.69101,27.94136,28.15129,25.848988,16.538641,12.18655,20.803411
917,28.39857,26.277887,28.29558,23.281294,30.106613,14.433517,20.22521,8.387064,16.246355,6.3144746,8.133491,15.131077,7.658241,15.079926,17.417154,27.254799,22.572536,22.37554,16.57649,21.207853,16.736454,15.356846,25.413273,21.032259,12.208252,9.559003,13.75712,7.1976376,14.184914,4.716676,25.214783,23.064383,10.339699,12.578985,19.958937
918,22.103983,29.484253,22.489904,7.627465,19.788803,11.663079,17.932253,12.696936,17.629139,8.589573,20.118196,13.378183,11.663529,22.708382,15.690749,26.257313,27.91859,16.491585,16.281626,17.311474,8.945175,6.189704,27.394976,22.656378,27.737982,16.612852,11.783686,11.786779,10.730823,20.26194,25.689787,23.455397,12.663448,10.628281,18.709902
919,24.116512,29.324509,24.681715,11.21204,22.259182,9.541901,18.795767,11.968416,13.833559,6.4744344,18.258593,12.974139,11.523326,22.091131,13.456709,24.038635,28.940962,19.046978,18.066473,18.769783,11.000176,8.958166,27.91288,24.747929,24.754484,16.54083,8.964296,10.646311,10.905205,18.038532,26.400005,24.341637,13.017404,12.3185215,19.851614
920,21.374586,30.211617,22.389507,6.1295795,18.063822,7.535852,18.535845,13.58341,12.915651,7.153382,22.320238,12.430886,12.725421,24.459768,12.612261,23.040592,30.449924,17.219713,18.91746,17.74797,9.521098,6.614623,28.27761,25.352114,28.283499,19.21385,7.7216067,11.922756,10.572084,24.081833,26.499262,24.320562,14.602694,11.547251,19.541498
921,21.67375,30.775364,22.770485,6.0941553,18.161537,7.1733737,18.864576,13.899523,12.560719,7.041004,22.980001,12.45847,13.086442,25.146559,12.341862,22.934153,31.337706,17.601444,19.532145,18.012527,9.653328,6.7332563,28.83363,26.18493,28.933626,19.934723,7.3203535,12.142946,10.577173,25.051533,27.009638,24.806833,15.093217,11.82127,19.944403
922,21.422213,30.775343,22.526173,5.675167,17.258024,6.8924193,18.742496,14.113552,12.3968525,7.021139,23.494537,12.345897,13.198089,25.46333,12.130821,22.64094,31.422054,17.44852,19.617056,17.778618,9.415788,6.4126854,28.775402,26.329268,29.26562,20.383081,7.087707,12.278156,10.292433,25.956493,26.931866,24.738485,15.34171,11.781206,19.875956
923,21.436798,30.838312,22.49155,5.5832005,16.356787,6.7711263,18.680681,14.327727,12.391417,7.039758,23.937096,12.385939,13.274781,25.753914,12.1079445,22.533688,31.458767,17.468006,19.73406,17.676203,9.277006,6.202175,28.806791,26.49603,29.444395,20.790615,7.00989,12.421501,10.040571,26.67672,26.943607,24.766527,15.564316,11.884639,19.905176
924,22.007471,31.832933,23.177214,5.663797,16.823109,6.4048204,19.331873,14.818766,12.088272,7.0091705,24.867397,12.578921,13.80186,26.705116,11.990217,22.726236,32.788513,18.072365,20.683208,18.261814,9.654553,6.532918,29.75388,27.621614,30.34,21.743082,6.662604,12.705568,10.25569,27.92185,27.839716,25.575674,16.270674,12.248091,20.568018
925,19.272505,31.706158,22.54937,5.104833,30.128475,4.797524,22.37395,12.50004,8.189468,5.6868663,17.300566,12.810631,11.994636,21.494127,12.737919,24.348133,32.4761,17.721468,22.417715,21.742575,15.318583,12.304626,29.685333,24.06579,24.390863,15.340773,6.6836543,10.482334,18.965132,17.317251,28.50914,25.725084,15.797532,10.213305,20.93167
926,21.486282,30.678936,22.602242,6.15362,21.119411,8.573969,19.00068,13.197212,14.191416,7.7670374,21.594622,12.693976,12.61776,23.911598,13.643057,24.579182,30.63993,16.945906,18.593555,18.348627,9.854635,7.1867104,28.637726,24.477995,28.496,18.104288,8.982214,11.631502,11.577467,22.311731,26.886616,24.485075,13.965102,10.926492,19.535872
927,21.675331,31.723488,22.940105,5.3500786,16.79501,6.0557685,19.29476,14.80336,11.666034,6.886506,24.82845,12.429287,13.796948,26.654987,11.703833,22.39548,32.832092,17.909899,20.783964,18.21001,9.636313,6.568919,29.617317,27.54701,30.242321,21.794943,6.390061,12.607503,10.308775,28.017235,27.713661,25.45474,16.379635,12.083838,20.471262
928,21.470371,30.775627,22.53749,5.7949743,17.763689,7.3007092,18.790213,13.969019,12.89901,7.2808857,23.207327,12.499992,13.0599375,25.141876,12.598738,23.157621,31.147007,17.340147,19.380167,17.915482,9.498392,6.508205,28.764894,25.871386,29.057594,19.911255,7.5865216,12.176596,10.539184,25.265598,26.937355,24.69521,15.027659,11.660682,19.811842
929,21.484705,31.43517,22.79733,5.362661,17.780502,6.235637,19.248892,14.42005,11.701585,7.0431404,24.175291,12.375755,13.602466,26.081093,11.791502,22.452105,32.430157,17.738565,20.436043,18.238865,9.724776,6.726899,29.399052,27.07188,29.725374,21.080847,6.5692887,12.36358,10.596574,26.867283,27.522533,25.267786,15.903073,11.894177,20.315111
930,21.345469,30.71455,22.21909,5.4249377,15.436445,7.3406415,18.362099,14.400415,13.362542,7.272579,24.180906,12.409254,13.149541,25.734287,12.617262,23.052391,30.9911,17.100615,19.203947,17.335102,8.83141,5.6676006,28.591095,25.966364,29.838282,20.677328,7.6078253,12.548599,9.670019,26.92097,26.713766,24.49687,15.311915,11.72155,19.602177
931,21.880947,30.850195,22.883656,6.2115884,17.703499,7.4052567,18.783115,14.046438,12.886907,6.984862,23.240864,12.472868,13.157392,25.407887,12.402728,23.038317,31.409016,17.687296,19.443884,17.840126,9.481906,6.486043,28.885262,26.418955,29.362303,20.170893,7.419333,12.336796,10.292171,25.520262,27.045525,24.849401,15.176343,11.937444,19.970793
932,22.298124,29.40439,22.187132,7.277955,15.607814,12.115217,17.034332,13.375242,18.849499,8.697389,21.942495,13.337531,11.793326,23.824781,15.902846,26.222143,27.714268,16.225548,15.783393,16.218534,7.5031786,4.490642,27.256798,22.97539,29.312258,17.925138,12.080058,12.585091,8.950494,23.051903,25.391253,23.237286,12.875228,11.002785,18.38674
933,24.36682,29.363213,25.439938,12.170839,25.265047,8.138157,19.680994,11.46891,11.263243,5.4535503,16.312044,13.019201,11.401097,21.372826,12.400824,23.074728,29.66929,20.032682,19.497656,20.095995,12.64151,11.114965,28.17511,25.34189,22.723127,16.06388,7.574122,9.93696,12.470089,15.68104,26.774189,24.841005,13.603767,12.691112,20.529593
934,22.105268,32.14285,23.536375,5.780041,18.861671,5.9597707,19.828646,14.634382,11.246855,6.7876406,24.410082,12.508047,13.944131,26.606033,11.568082,22.526026,33.529396,18.39122,21.218855,18.825113,10.223571,7.3047714,30.120995,28.011934,30.127024,21.58513,6.2082787,12.441811,10.933676,27.204662,28.229681,25.922953,16.398605,12.228447,20.888157
935,21.444849,30.349545,22.17934,5.810537,15.384069,7.8014283,18.12464,14.1605,13.806887,7.307121,23.693148,12.449392,12.887675,25.285252,12.889314,23.232317,30.38532,17.010515,18.720118,17.15078,8.739602,5.594425,28.270187,25.51851,29.405611,20.159056,7.991925,12.4279,9.542713,26.16603,26.421654,24.228323,14.898325,11.674692,19.383434
936,21.525919,30.200737,22.400211,6.3062334,18.266516,8.210089,18.436764,13.490467,13.835981,7.4131584,22.237719,12.521538,12.591929,24.263332,13.164676,23.691248,30.163963,17.030005,18.465368,17.656223,9.358052,6.4545355,28.213634,24.880323,28.43651,18.835848,8.408591,11.873005,10.4807,23.711426,26.444954,24.18671,14.232942,11.364776,19.360678
937,23.476027,29.613705,25.41195,14.115865,31.995375,9.52506,22.26747,10.458151,12.250348,5.542245,11.594518,14.341279,9.397403,17.378025,16.214209,27.53966,27.639755,19.898432,20.203672,22.625755,17.624908,15.185098,27.921732,21.347649,17.586134,11.197246,10.701622,8.502254,18.882307,9.358845,27.404291,24.613787,13.396104,10.871807,20.58011
938,24.982338,24.493467,23.864212,15.856953,23.863594,27.900267,15.896269,9.270506,31.953686,18.843706,9.188178,21.180073,7.2186604,16.756746,27.181408,33.35617,14.267167,16.944012,8.451382,16.78385,7.611763,5.958006,22.507013,14.569495,16.471123,10.213231,28.827433,13.098742,12.874074,4.9984283,20.953402,21.044188,8.726259,9.0964,18.377508
939,21.51956,30.534498,22.538246,6.024083,17.778622,7.434515,18.6459,13.836313,12.923824,7.127017,22.860983,12.443799,12.938552,24.936357,12.5399065,23.064413,30.90819,17.355202,19.175817,17.781769,9.461546,6.503668,28.560555,25.785872,28.848318,19.703478,7.5965676,12.119052,10.443595,24.886213,26.749136,24.54753,14.891067,11.677039,19.711554
940,20.664299,31.13043,22.656595,5.4230084,24.157001,6.1766143,20.155722,13.028659,10.764679,6.9531302,20.767553,12.390913,12.868677,23.71592,12.108292,23.172258,32.140663,17.417377,20.538618,19.599861,11.497338,9.015406,29.197424,25.31684,27.334558,18.162394,6.955771,11.139528,13.565632,21.53709,27.541594,25.125608,14.984863,10.905085,20.228785
941,18.607645,31.317835,22.119854,4.8009167,30.3167,4.1256986,22.43551,12.380198,7.147191,5.0069847,16.540674,12.574231,11.761735,20.971935,12.319981,23.856178,32.25648,17.571974,22.629206,21.634964,15.864624,12.647949,29.300653,23.85118,23.705713,14.8950615,6.0942473,10.370819,19.648245,16.855822,28.243713,25.460587,16.058743,10.032888,20.789305
942,18.414652,31.690516,22.262003,4.931349,32.23578,4.2993593,23.23406,12.329475,7.0806303,4.662033,15.331772,12.975175,11.439427,20.280647,13.107182,24.96705,32.243244,17.75585,23.075024,22.389374,17.164465,13.634779,29.57896,23.344763,23.034237,13.811746,6.581827,10.3766365,21.611729,15.351531,28.687902,25.7577,16.296839,9.86768,21.09419
943,30.932291,27.176044,30.798035,26.556934,32.3188,13.6527195,21.105108,8.6013,14.630476,2.545621,7.2023835,14.388487,7.8627386,15.98532,15.708023,27.070042,25.897442,24.719646,18.713617,21.808384,18.598475,17.458065,26.491272,24.30026,13.148127,10.334975,11.515332,7.179244,14.787711,5.2364416,26.439281,24.076668,11.854184,14.024974,20.871778
944,33.870842,25.50048,33.12409,30.772175,30.859262,11.6576,21.723055,8.460808,9.74058,4.14523,6.5874114,15.273769,8.621625,14.713831,13.761422,21.386715,21.172737,28.461605,16.63628,20.817911,20.143145,16.059965,26.656353,28.744541,9.868304,9.878525,9.056269,9.005642,8.501101,3.5753791,27.643013,25.447,9.799955,19.10169,23.138792
945,22.781073,30.271338,23.634388,8.228632,20.624226,8.601917,18.853941,12.998558,13.616843,6.90317,20.889555,12.662524,12.440764,23.826027,13.044407,23.817482,30.443998,18.114908,18.668877,18.317001,10.133684,7.616292,28.529346,25.465935,27.562931,18.248758,8.3567915,11.528757,10.810322,21.795666,26.820816,24.630121,14.004256,11.872955,19.85743
946,28.903624,26.423874,27.405464,21.371796,27.904707,20.40259,18.018105,8.79465,24.469948,10.979432,11.397099,16.169151,7.9403677,16.293005,21.111675,30.403433,20.753368,19.859634,12.073738,18.132845,11.758033,10.0967045,25.067505,18.910038,17.254492,9.737622,20.005001,8.769543,10.174483,7.064832,24.469395,22.09788,7.7861276,11.182302,18.455088
947,20.97579,30.911844,22.764507,5.832201,23.630213,6.5800915,19.84754,12.956169,11.249842,7.026457,20.781961,12.382442,12.818629,23.721745,12.175957,23.177649,31.84437,17.447123,20.152956,19.352488,11.129964,8.758959,29.013613,25.285324,27.378527,18.204205,7.168145,11.132828,12.972969,21.503899,27.325611,24.971066,14.746394,10.98971,20.096552
948,21.780806,29.727957,22.33765,6.9236593,18.281086,9.79271,17.983213,13.166975,15.685392,7.7749386,21.4415,12.769236,12.132089,23.59452,14.23428,24.769487,29.019222,16.689749,17.28206,17.241411,8.945768,6.0757732,27.686241,23.81442,28.284426,17.888533,9.87458,11.851664,10.217178,22.449493,25.948723,23.690367,13.444496,11.03784,18.899858
949,20.763445,30.085186,23.982397,12.176466,33.701687,8.07835,24.362677,10.7286,10.308777,5.555978,9.384635,15.481186,8.486509,15.478533,18.078869,29.171314,26.388073,19.353094,22.008417,24.576843,21.204483,17.41186,27.970917,19.021862,14.262138,9.058404,11.180016,8.470528,24.377506,7.075391,27.947151,24.882307,14.856168,10.000914,21.147902
950,21.27576,29.825033,21.935871,6.0326176,16.156525,8.386294,17.884539,13.669306,14.342617,7.498616,22.750929,12.445831,12.473464,24.400383,13.290676,23.566172,29.541101,16.647974,18.011309,17.018843,8.707864,5.6712894,27.774166,24.54164,28.653849,19.125532,8.608927,12.066863,9.702747,24.62128,25.983002,23.769512,14.185115,11.309564,18.980665
951,21.706697,31.855255,23.095984,5.378134,17.923107,5.9072146,19.519537,14.673826,11.334948,6.833994,24.587046,12.370854,13.867157,26.576965,11.519592,22.331526,33.15554,18.032463,20.953997,18.451187,9.886996,6.9017,29.78709,27.708277,30.183924,21.645967,6.2102084,12.481016,10.625301,27.592495,27.892359,25.609388,16.35548,12.046049,20.6045
952,21.300323,31.098635,22.38216,5.1830835,15.914961,6.626901,18.755468,14.568235,12.479088,7.213961,24.508547,12.403839,13.428393,26.097948,12.17966,22.650671,31.696802,17.35387,19.909678,17.71057,9.171569,6.034216,28.983849,26.56173,29.888807,21.173334,7.0058603,12.547991,9.98941,27.434517,27.091814,24.86754,15.784627,11.827067,19.948524
953,24.57258,27.659443,25.951624,18.470655,31.879688,12.484135,22.031137,9.276974,14.631756,5.526397,7.651784,15.413471,7.3733335,14.548216,18.637669,29.23041,23.684107,20.540218,18.710949,22.524755,19.072449,16.509087,26.006308,18.936268,12.579071,8.366529,13.687756,7.6165385,19.78487,5.003422,26.026005,23.321295,12.363541,10.736125,19.993225
954,21.52292,30.68463,22.539246,5.8187447,17.021778,7.1642604,18.604668,14.105333,12.733578,6.9709244,23.454355,12.340097,13.138442,25.44728,12.242664,22.765085,31.278648,17.417593,19.410027,17.60709,9.278913,6.2616673,28.671879,26.254404,29.381584,20.328718,7.2784038,12.32579,10.099456,25.960342,26.833673,24.640848,15.256749,11.780064,19.783098
955,22.012432,30.082378,22.772934,7.1936326,19.798431,9.304179,18.47074,13.068042,14.914451,7.533497,21.178658,12.747602,12.269336,23.602697,13.890285,24.627674,29.708773,17.107677,17.898535,17.846453,9.537713,6.8442316,28.105042,24.235403,28.024448,17.861135,9.392909,11.6318245,10.776361,21.968105,26.387302,24.089043,13.620498,11.16637,19.268486
956,25.727468,28.312426,26.546934,17.399797,30.384533,11.172423,20.955076,9.626907,13.936625,6.998616,11.813919,14.3833275,9.218008,16.810616,16.232618,26.635595,25.442295,20.614513,17.986628,21.737228,16.045238,14.247156,27.096455,21.309385,16.208036,11.109622,11.633076,7.7989535,14.895034,8.267624,26.558487,23.996572,11.216657,11.683142,20.181879
957,26.619429,27.436909,26.038445,16.831047,26.003706,16.482403,18.260408,10.178866,20.596506,8.954731,13.7190075,14.788534,9.499036,18.453596,18.152958,28.115828,23.619175,19.359495,13.658983,17.876644,11.344487,9.040886,26.0265,21.417791,21.17682,11.879514,15.738019,10.080776,10.568918,11.107609,25.134714,22.9079,9.628479,11.588137,18.952635
958,26.441822,27.861946,27.095325,20.451427,32.316807,13.737767,22.106369,8.731916,16.447643,10.767319,9.734607,16.547556,7.90025,14.119518,20.181396,29.250132,21.11036,21.051355,16.966448,23.360966,18.123198,15.880571,26.577015,18.195265,10.758081,8.520772,15.791183,6.797517,16.348299,3.8784833,26.561956,23.869806,9.828485,11.286648,20.595366
959,21.525537,30.401133,22.49778,6.077286,17.154806,7.3486114,18.518213,13.882164,12.808853,7.0791454,22.964848,12.4202385,12.933065,25.003016,12.417722,22.81931,30.754917,17.40165,19.136784,17.632133,9.348498,6.34805,28.458002,25.897429,28.773926,19.861784,7.4545207,12.185793,10.20742,25.146631,26.638191,24.49183,14.940537,11.791284,19.693926
960,21.560364,31.782516,22.916237,5.209114,17.471169,5.9337745,19.409214,14.713295,11.485552,6.933098,24.739492,12.347677,13.83694,26.582294,11.597343,22.357758,32.981663,17.867702,20.831892,18.326908,9.73195,6.7126746,29.683168,27.53021,30.240126,21.675962,6.2920814,12.501141,10.490392,27.795076,27.783302,25.494566,16.317944,11.968565,20.490519
961,24.660658,29.046398,25.66307,13.441234,27.488049,9.39868,19.86201,10.839834,12.501705,5.410118,14.676625,13.099651,10.766569,20.149242,13.391403,24.428072,28.895561,19.952417,18.837828,20.319332,13.347457,11.930895,27.774382,24.208715,21.74834,14.466109,8.795764,9.36825,13.32319,13.363776,26.568989,24.455416,12.889204,12.118868,20.199692
962,20.176634,30.97131,22.634295,5.93142,27.069248,5.887754,20.989355,12.434729,9.871763,6.387962,18.521898,12.587048,12.105159,22.089247,12.613816,23.827139,31.651342,17.511057,21.031912,20.542793,13.311904,10.750099,29.043297,24.147009,25.141752,16.295961,7.173245,10.483192,15.939689,18.601818,27.662003,25.080492,14.949513,10.458128,20.301168
963,24.004131,26.237589,23.3689,13.594524,24.335276,20.143547,17.083532,9.793697,24.926916,14.067796,12.909232,17.007622,8.612483,17.531391,21.995848,30.175024,19.470682,16.619614,11.480427,17.323017,9.241926,7.179764,24.355606,16.988827,19.59427,11.044546,20.891043,10.859461,11.829393,9.238305,23.089445,21.60054,9.046947,9.473295,17.981075
964,32.28471,25.71111,31.12016,29.074287,31.396137,16.868048,19.583954,7.706378,18.30518,3.5663862,6.861078,14.337185,7.0431957,15.132448,16.799314,27.61388,23.635303,24.42776,15.864977,19.93861,16.702467,15.944067,25.12273,23.045635,12.521941,9.296935,14.282688,6.673921,11.964936,4.4987044,25.181484,22.746565,9.622912,13.576948,19.67936
965,22.300652,29.33419,22.414501,7.6709156,17.930925,12.068731,17.462532,12.92258,18.319847,8.698604,20.743446,13.419008,11.650878,23.097279,15.874259,26.277649,27.62868,16.428783,15.912072,16.778397,8.274182,5.4081445,27.253588,22.765842,28.27734,17.084965,12.052229,12.146713,9.894123,21.249723,25.474018,23.318323,12.653191,10.848608,18.553207
966,20.613249,30.906752,22.723953,6.084014,25.685999,6.512537,20.48236,12.583857,10.873699,6.833898,19.326319,12.619125,12.296849,22.603445,12.763876,23.886932,31.47133,17.44807,20.472395,20.072699,12.39277,9.928499,28.982271,24.346842,25.932291,16.871386,7.5436783,10.718804,14.732595,19.484144,27.479664,24.982944,14.688695,10.628517,20.163416
967,30.380507,26.484919,29.39851,25.239605,30.963955,17.663744,19.798737,8.322531,20.049864,8.257959,9.145157,15.671743,7.745401,15.179259,19.100988,28.707376,21.585993,22.487474,14.350536,20.042067,15.432947,13.736377,25.528568,20.886316,13.655827,9.223792,16.922163,7.5275116,11.4043,4.9673204,25.512148,22.946829,8.569156,12.582345,19.717077
968,25.969822,27.03034,25.27842,16.140963,26.485401,18.936209,17.967224,10.028166,23.203974,11.093171,12.806876,15.87027,9.090539,17.939285,20.250956,29.661081,21.819363,18.402334,12.485104,17.472971,10.86235,8.341847,25.314766,19.8458,20.916529,11.194604,18.60666,10.627539,11.295906,9.902503,24.425863,22.382048,9.439629,10.725271,18.602322
969,28.019522,27.712618,28.266699,22.416632,31.68618,13.172269,21.771635,8.504929,15.821192,9.870988,10.151853,15.973602,8.047037,14.472129,19.021471,28.269964,21.821957,22.10832,17.151247,23.369095,17.872522,16.213423,26.816862,19.529625,10.654051,9.151435,14.456385,6.3351784,14.718887,4.1665573,26.707142,24.089476,9.513692,12.276507,20.766787
970,23.290962,29.470467,24.278502,10.778879,26.05594,10.409984,19.470047,11.438012,14.708462,6.8942475,16.487104,13.237565,11.105268,20.849195,14.656215,25.771551,28.60673,18.353605,17.834757,19.528608,12.016794,10.098171,27.776917,23.10023,24.080395,14.725373,10.301357,10.16351,13.21195,15.331084,26.410519,24.141022,12.665533,11.032062,19.629324
971,23.621637,29.686317,25.386269,12.685856,30.124817,8.31465,21.176802,10.933853,10.997757,4.5274444,13.493446,13.220261,10.552049,19.476276,13.603358,25.147074,29.7133,19.905336,20.324572,21.449936,15.488332,13.593691,28.178703,23.798265,20.91961,13.590844,8.368053,9.205439,16.330667,12.350354,27.231646,24.805729,13.891048,11.592663,20.55915
972,21.36422,30.464043,22.248878,5.734126,16.680681,7.691809,18.369577,13.998141,13.528188,7.2856684,23.313725,12.42104,12.909336,25.09007,12.804235,23.283611,30.647263,17.03036,18.872263,17.429482,9.043798,5.985559,28.396053,25.498827,29.272337,19.866777,7.915796,12.264837,10.030828,25.534758,26.567677,24.335295,14.848611,11.539848,19.470236
973,21.428679,30.343475,22.376942,5.98759,17.179565,7.511537,18.44961,13.842123,13.062752,7.1363907,22.902208,12.407861,12.863626,24.885777,12.570052,22.998,30.619972,17.22893,18.972055,17.562283,9.276013,6.2749934,28.360971,25.630938,28.807981,19.696115,7.658442,12.14362,10.2146225,25.010557,26.55091,24.372545,14.821474,11.648788,19.564356
974,21.498425,31.76654,22.88684,5.155139,17.77591,5.9065123,19.427084,14.645571,11.432522,6.9465065,24.651268,12.299637,13.8299,26.50801,11.55583,22.341272,33.001144,17.825161,20.810457,18.35112,9.758922,6.7663584,29.672926,27.473322,30.21012,21.577286,6.269124,12.43881,10.55516,27.628084,27.777462,25.477093,16.25596,11.9013195,20.467234
975,21.917006,29.915619,22.213299,6.6621213,16.655981,10.598265,17.684763,13.541965,17.060747,8.296078,22.293186,13.061394,12.180398,24.106152,15.000814,25.490808,28.804417,16.438108,16.902983,16.862188,8.260571,5.2250605,27.75864,23.658056,29.243109,18.34331,10.755231,12.356996,9.669302,23.547804,25.933996,23.673365,13.472508,11.059165,18.78655
976,25.32282,28.092442,26.393045,19.018991,32.556553,12.919971,22.414904,9.032228,15.565365,9.380677,9.355191,16.253616,7.8201876,14.073956,19.893778,29.45075,21.915714,20.558624,17.615679,23.343739,18.712938,16.081816,26.601677,17.996496,11.385956,8.187013,15.128987,7.027934,17.888384,4.2020245,26.655981,23.786451,10.55458,10.865117,20.431173
977,29.894613,26.874802,29.883821,25.406511,31.646873,13.060029,21.583696,8.487134,14.184527,7.0300007,8.459795,15.473991,8.145086,14.5979595,17.099861,26.314615,22.052872,24.172987,16.992195,22.293121,18.625078,16.334538,26.481733,22.596838,10.770118,9.341401,12.7015915,7.1904483,13.148388,3.97072,26.727345,24.281788,9.862935,14.197188,21.318779
978,23.169333,22.846973,23.140509,15.913433,21.011543,27.466322,16.253643,9.4765835,29.762884,19.296677,5.7911377,22.67868,6.9211807,16.334549,27.130386,31.967028,11.003753,18.41771,8.881262,18.098293,8.625269,6.889588,21.086462,15.38538,12.382237,10.490415,27.850325,14.755085,16.122702,2.501152,19.349466,21.403624,10.85563,10.3548975,20.018263
979,28.109636,27.369305,27.853687,19.111944,24.653736,11.197284,18.679516,10.081374,13.526327,4.139471,12.899095,13.47299,9.694588,19.216488,13.383644,23.647127,26.839994,22.06999,17.67796,19.489979,13.133849,12.099155,26.719765,24.85988,18.856646,14.067754,9.362767,8.911873,10.395244,11.570966,25.703928,23.90922,11.833801,14.0611725,20.11826
980,21.418669,30.695362,22.734142,6.0713825,20.299541,7.128028,19.142546,13.44149,12.243133,7.0947328,21.989206,12.429074,12.907165,24.442059,12.3660965,23.083872,31.318468,17.474749,19.547503,18.443436,10.133237,7.4381056,28.786297,25.657408,28.226877,19.072859,7.413576,11.7004795,11.406075,23.413864,27.018593,24.76124,14.763499,11.462267,19.907972
981,21.23461,30.955137,22.389809,5.3058367,17.334473,6.897091,18.838465,14.20114,12.564451,7.2436094,23.722298,12.400496,13.257705,25.546232,12.322769,22.891016,31.515547,17.277155,19.673159,17.870924,9.403926,6.360334,28.890377,26.177422,29.495173,20.41061,7.2446227,12.324192,10.477704,26.136175,27.034592,24.789955,15.37578,11.64945,19.878357
982,21.743841,31.651932,23.108175,5.6079273,18.442265,6.139366,19.472383,14.42091,11.473581,6.903427,24.094543,12.403409,13.69638,26.175251,11.669579,22.449966,32.82316,18.00715,20.705793,18.484049,9.963593,7.03013,29.64295,27.39863,29.76285,21.155191,6.4144835,12.331044,10.76063,26.747139,27.77015,25.49662,16.026909,12.013749,20.521929
983,22.225315,30.21549,24.701353,10.933628,30.968296,6.6499248,22.023485,11.225386,9.130362,4.3967757,13.529471,13.235903,10.647893,19.392412,13.357164,24.920305,30.379967,19.616371,21.637636,22.243263,16.589188,14.351545,28.60091,23.643164,20.479685,13.54724,7.470258,9.255928,18.322666,12.579116,27.710049,25.186462,14.822318,11.280966,20.907667
984,22.314913,29.30552,24.910158,15.166503,33.251205,9.919287,24.179909,10.012085,12.170578,7.51361,8.526208,16.46963,7.8848724,14.262322,19.685768,29.901844,23.683302,20.094461,20.676088,25.01846,21.298342,17.774927,27.432796,17.896883,11.327834,8.124705,13.118773,7.788393,23.210567,4.697483,27.526459,24.645502,13.420946,10.422041,21.240585
985,21.562576,31.407377,22.92651,5.5572815,18.357677,6.079528,19.332441,14.296453,11.3606415,6.8545184,23.879482,12.311867,13.583646,25.950579,11.579834,22.27559,32.568745,17.86581,20.555044,18.365171,9.901616,7.002269,29.416458,27.164854,29.497494,20.96801,6.365539,12.221064,10.710715,26.485891,27.558475,25.30458,15.895302,11.912814,20.366356
986,22.030836,30.859276,23.097729,6.5295634,18.034555,6.942658,18.950926,13.9683,12.185606,6.7701955,23.050474,12.442722,13.170108,25.339334,12.055429,22.64197,31.60529,17.966581,19.81205,18.100468,9.792565,6.9069686,28.973686,26.67151,28.87506,20.247026,6.962607,12.142727,10.384665,25.296993,27.154408,24.974691,15.313541,12.095776,20.131594
987,21.024612,30.340712,24.118404,10.664419,32.73502,6.317575,23.237503,11.153347,8.512726,3.8994203,11.685634,13.747134,9.810815,17.815348,14.661002,26.36038,29.589642,19.359938,22.424982,23.18338,18.984776,15.900208,28.474958,22.016684,18.367887,11.654185,8.117191,9.02113,21.58636,10.661365,27.996784,25.114195,15.321692,10.603886,20.983944
988,21.378012,30.349903,22.304813,5.8575363,16.628893,7.4105163,18.365725,13.965879,13.031303,7.06666,23.172228,12.3522,12.919572,25.08833,12.46417,22.866793,30.686602,17.195639,19.01454,17.426012,9.131794,6.09694,28.342543,25.752398,29.033504,19.961266,7.5451484,12.241882,10.006422,25.512352,26.519005,24.350695,14.9623,11.67696,19.53927
989,24.318611,28.918005,26.424494,17.193296,32.56511,8.955326,23.109705,10.050133,10.486122,3.658661,8.571607,14.733541,8.354997,15.760463,16.280718,27.499628,26.65882,21.448095,21.393717,23.635777,20.414679,17.691637,27.40083,21.371786,13.712311,9.939386,10.043231,7.896946,20.747158,6.6925316,27.330967,24.594648,14.204825,11.762085,21.08539
990,21.257362,30.99784,22.989815,6.2481346,24.422031,7.204849,19.96333,12.810975,11.947802,7.2392387,20.390755,12.582194,12.684576,23.446014,12.732298,23.869081,31.640867,17.509916,19.901686,19.543797,11.272251,8.949463,29.088907,24.961908,27.265118,17.726858,7.7932234,11.071771,13.248862,20.717958,27.420189,25.02354,14.459792,10.90877,20.12298
991,22.768084,29.23666,23.392576,9.327583,22.611948,10.763313,18.510664,11.971138,15.785245,7.699127,18.446428,13.095275,11.446432,21.733921,14.731083,25.39995,28.068617,17.499529,16.807562,18.196564,10.262063,7.910306,27.462063,23.055254,25.768885,15.692622,10.625093,10.864641,11.331877,17.859936,25.93312,23.708494,12.372595,10.992155,19.11442
992,21.8146,30.466702,22.671047,6.3763723,17.715359,8.002588,18.472353,13.791997,13.610905,7.080898,22.78755,12.42931,12.870332,24.908592,12.783954,23.40497,30.750343,17.3617,18.778463,17.553438,9.255647,6.2834654,28.48399,25.715631,29.158182,19.545498,7.9724364,12.184179,10.130771,24.777714,26.675903,24.455124,14.661756,11.6804085,19.597248
993,21.796076,31.865015,22.96873,5.3191195,15.93201,6.1210284,19.230711,15.048657,11.944594,6.8977194,25.317497,12.480441,13.88328,27.005539,11.811792,22.512442,32.930603,17.924646,20.83851,18.095047,9.457251,6.314001,29.70145,27.701204,30.653437,22.203527,6.4623857,12.795574,10.003166,28.785309,27.774971,25.503014,16.577484,12.179847,20.490685
994,21.411367,31.517752,22.852257,5.3106003,18.512115,5.962395,19.435423,14.33964,11.260826,6.9542055,23.981256,12.333313,13.644957,26.004326,11.586849,22.298038,32.681618,17.81027,20.67238,18.460152,9.953056,7.038846,29.503792,27.167583,29.559954,21.002577,6.3351893,12.241284,10.911433,26.580454,27.637974,25.374086,15.96473,11.84965,20.41758
995,25.178942,29.302986,26.521397,14.644113,29.134157,8.031467,20.75071,10.776127,10.258291,3.9446552,13.435287,13.047626,10.712087,19.810982,12.521346,23.869797,29.90446,21.037844,20.46665,21.385015,15.220253,13.811819,28.128517,25.186426,20.422663,14.460612,7.320454,8.989391,14.620199,12.35661,27.110275,24.952099,13.890279,12.757171,20.852314
996,17.78156,22.58358,19.56845,8.60256,11.328949,28.86661,16.421032,12.028908,31.153803,25.147865,5.4314747,27.027931,8.204236,18.523823,30.776482,33.067707,5.045055,18.089106,7.7807555,19.783236,6.3672085,3.5201554,20.564362,15.189836,12.416281,12.539197,29.795166,20.797424,21.25322,2.4632955,17.63833,23.267488,14.189194,11.78874,23.078821
997,21.428364,30.445007,22.272324,5.7705536,15.833,7.5231276,18.283022,14.164701,13.354349,7.151792,23.594582,12.417112,12.972344,25.352297,12.629362,23.014719,30.680061,17.153078,18.994799,17.304264,8.93307,5.823267,28.386065,25.791832,29.368057,20.251785,7.68992,12.414638,9.762648,26.12762,26.539356,24.363913,15.0796995,11.732,19.52772
998,22.415668,29.418034,22.644672,8.032635,20.036987,12.530207,17.808481,12.575855,18.597406,8.870383,19.833124,13.579604,11.516083,22.551859,16.248144,26.846775,27.576946,16.467138,15.821688,17.19869,8.751082,6.0477705,27.313148,22.353872,27.808792,16.30946,12.575893,11.843311,10.607632,19.763496,25.598917,23.37305,12.359354,10.551665,18.620821
999,21.440866,30.121054,22.18523,6.067168,16.395601,8.115344,18.123281,13.828083,13.964391,7.3153358,22.93211,12.460522,12.672416,24.720192,13.062904,23.445375,30.048275,16.938278,18.414421,17.227005,8.914992,5.8543425,28.078045,25.087349,28.914913,19.460094,8.266952,12.184898,9.854208,24.975464,26.273415,24.06967,14.511614,11.509392,19.258677
1000,22.547241,29.357468,23.460236,9.758911,25.472164,11.099044,19.254652,11.455112,15.923322,8.143331,16.905977,13.550774,10.96363,20.49422,15.712473,26.52991,27.581337,17.40351,17.05496,19.24084,11.527286,9.364262,27.480476,21.753689,24.124992,14.261867,11.545339,10.239819,13.201875,15.286553,26.113358,23.739832,12.136832,10.365041,19.199423
1001,21.807455,23.358564,21.923607,12.83502,18.975018,28.870363,16.010763,10.216107,31.921762,22.137163,7.0000424,24.094915,7.3869123,17.213467,29.07689,33.279022,9.804531,17.308609,8.072224,18.105474,7.092705,5.066076,21.337797,14.354658,13.879418,11.112335,29.959276,16.296919,16.73023,3.2185037,19.189133,21.774626,11.072797,10.013111,20.323168
1002,21.62759,30.706192,22.682579,6.0846233,18.401054,7.5065627,18.799355,13.804004,12.994258,7.1541257,22.798231,12.478735,12.979713,24.936258,12.619062,23.266111,31.125778,17.420462,19.258734,17.957186,9.592933,6.678099,28.728317,25.822676,28.943369,19.616858,7.6775956,12.083661,10.631987,24.682205,26.918098,24.675066,14.865063,11.653374,19.798985
1003,21.281256,23.285328,21.56464,12.155554,17.746264,28.848757,15.967897,10.520126,31.897982,22.313328,6.969983,24.33569,7.527725,17.464565,29.225779,33.264706,9.30639,17.312,7.939415,18.118546,6.868724,4.658359,21.249557,14.513784,14.12067,11.321233,29.860538,16.945301,17.08901,3.4060931,19.008087,21.916082,11.432002,10.2442665,20.571314
1004,21.469881,30.310934,22.147774,5.9710846,16.879158,8.795606,18.175936,13.796436,14.976679,7.7886124,22.950285,12.66033,12.607846,24.591171,13.794604,24.327637,29.88834,16.674559,18.083357,17.314114,8.816118,5.7554326,28.173252,24.539732,29.20775,19.10541,9.102246,12.194983,10.032756,24.62772,26.364017,24.054743,14.201997,11.233547,19.15792
1005,23.702106,26.694849,22.760677,11.686438,20.853912,20.52365,16.158283,10.853303,26.28544,13.674575,15.407281,16.580462,9.3028,19.509094,21.73825,30.302992,20.64859,15.914066,11.036221,15.793548,7.303451,4.8154182,24.623238,18.037912,23.570705,12.848564,20.809696,12.322891,10.215365,13.259266,23.058521,21.581701,9.557385,9.59812,17.62712
1006,21.458834,31.37563,22.943424,5.5639896,19.48017,5.9806676,19.491169,14.06462,11.076459,6.8068476,23.3607,12.271813,13.52414,25.631594,11.497042,22.265757,32.628746,17.866512,20.61806,18.591887,10.178054,7.3835425,29.424492,27.032412,29.170935,20.567825,6.2845335,12.024796,11.147921,25.671833,27.591038,25.32592,15.766595,11.801437,20.394232
1007,21.436241,30.282959,22.400522,6.4064255,20.907003,9.265125,18.730118,12.9831085,15.007266,7.9891863,21.05851,12.835085,12.283732,23.364758,14.218222,25.051622,29.776539,16.657085,17.960718,18.138218,9.707116,7.037623,28.206429,23.67018,28.037542,17.47899,9.718038,11.513714,11.51795,21.485134,26.495495,24.097826,13.517266,10.685846,19.208708
1008,30.815825,25.06279,29.644375,27.34749,31.187248,20.7511,18.99387,7.5077863,22.635584,8.139007,6.149702,16.51689,6.427191,14.598276,20.425842,29.837378,20.304632,22.76443,13.8957405,19.511366,15.196736,14.499814,24.059414,19.996046,11.444227,8.646085,19.471912,7.62319,12.943179,3.0598834,23.921309,22.059324,9.105834,11.963135,19.298672
1009,21.50347,30.352274,22.348522,6.0726533,17.296871,8.025963,18.389246,13.779761,13.805197,7.386484,22.858217,12.505346,12.750125,24.707932,13.066572,23.56521,30.364546,17.04304,18.633131,17.527697,9.168278,6.1614985,28.317806,25.183277,28.891825,19.376608,8.235439,12.097231,10.195486,24.709805,26.516886,24.266901,14.525632,11.484034,19.41776
1010,21.438795,31.280172,22.863379,5.5574274,19.07101,6.1038423,19.368258,14.08507,11.271286,6.841549,23.402262,12.287031,13.474246,25.617874,11.593768,22.314058,32.43832,17.792173,20.475142,18.459507,10.054725,7.222787,29.318087,26.921759,29.184778,20.563354,6.4010057,12.071091,11.009083,25.754282,27.481678,25.229822,15.719476,11.800171,20.310255
1011,21.665081,31.393421,23.149633,5.8714786,20.349895,6.1759024,19.591345,13.884857,11.179787,6.7666187,22.94837,12.306652,13.456486,25.411533,11.594852,22.474195,32.66389,17.979464,20.569208,18.761562,10.36979,7.6548786,29.484335,26.96636,29.008999,20.238733,6.4142623,11.906145,11.340607,24.968239,27.667881,25.380136,15.588683,11.815637,20.438503
1012,21.34183,30.586239,22.14988,5.6528463,17.2188,8.454749,18.41516,13.903032,14.640196,7.858754,23.193363,12.669352,12.7660265,24.777145,13.68879,24.289364,30.273848,16.69983,18.435442,17.555908,8.987029,5.9166336,28.424236,24.724634,29.355839,19.30129,8.884371,12.210276,10.3162,24.89258,26.602928,24.259218,14.408998,11.220932,19.320723
1013,21.590778,29.240557,25.076141,15.922491,35.40093,8.731138,25.514074,10.163574,9.661568,3.8536289,5.2254047,16.304958,7.0485115,13.394888,19.193193,30.202795,24.659576,21.074354,22.90275,25.659454,24.697989,20.372955,27.23414,18.656832,9.725157,7.0443482,11.809372,8.129189,27.313576,3.4819534,27.813549,24.824974,15.693,10.621069,21.779985
1014,25.134047,29.177788,26.384617,14.36176,28.077763,7.9773674,20.433523,10.858067,10.315144,4.184,13.889672,13.04948,10.785968,20.10322,12.386227,23.508158,29.754154,20.964722,20.305532,21.12761,14.644375,13.33047,28.06379,25.29364,20.60697,14.843515,7.232507,9.131899,14.084029,12.9077015,26.941006,24.916496,13.859244,12.886605,20.808327
1015,23.214445,31.221636,24.21537,8.0200405,19.572124,7.216748,19.425957,13.804689,12.131542,6.5472174,22.508558,12.691094,13.200795,25.28192,12.128536,22.934822,32.04862,18.925364,20.149897,18.723324,10.459617,7.71613,29.504704,27.365072,28.486385,20.089115,6.9788017,12.007731,10.551669,24.354115,27.728907,25.530508,15.255043,12.679539,20.67584
1016,18.375217,30.225554,22.807632,9.76175,34.524944,5.1107225,25.475042,11.196465,6.2834883,3.2680776,7.903817,15.174041,8.338468,15.089212,16.822865,28.091425,27.467781,19.226112,24.327316,25.209429,23.529173,18.863846,27.99789,19.39362,13.375069,8.773799,8.822683,8.93814,27.98035,7.1138887,28.209402,25.145855,17.044275,9.900089,21.600466
1017,21.214846,31.337067,22.700283,5.2302856,19.230059,6.099212,19.422394,14.083485,11.337162,7.067093,23.467884,12.330428,13.489371,25.579275,11.72888,22.444735,32.40053,17.63038,20.460974,18.52145,10.052758,7.1888976,29.351967,26.740131,29.21446,20.470617,6.519663,12.087686,11.220802,25.709797,27.505423,25.237322,15.664166,11.677552,20.294317
1018,21.630186,31.867697,22.979378,5.226638,17.207905,5.8410544,19.428316,14.825844,11.40895,6.8294144,24.908499,12.3526,13.8980465,26.759872,11.521884,22.295616,33.14756,17.941168,20.977283,18.32351,9.72734,6.7018156,29.74948,27.709734,30.379921,21.909176,6.193201,12.5645275,10.410236,28.139406,27.844532,25.556005,16.492167,12.033541,20.54604
1019,24.286024,27.949293,23.623856,11.736917,20.473341,16.173656,17.03139,11.539375,21.946573,10.182738,17.617165,14.532349,10.364843,20.730059,18.345074,28.130144,24.270893,17.035637,13.251656,16.311363,8.455077,5.6834927,26.097517,21.020796,25.464464,14.246163,15.863955,11.656311,9.287175,16.395128,24.654137,22.546227,10.390183,10.786976,18.169209
1020,21.828,32.14097,23.1495,5.273741,16.82945,5.891343,19.551825,15.042856,11.57243,6.914035,25.288046,12.517861,14.017766,27.072906,11.689666,22.495111,33.354836,18.098116,21.17663,18.434065,9.74989,6.6546884,29.992592,27.957163,30.643661,22.2196,6.2773385,12.744703,10.415511,28.645947,28.064085,25.769577,16.697882,12.194573,20.72479
1021,21.371717,30.261707,22.39399,6.1657114,19.446644,8.134212,18.609493,13.332504,13.624406,7.3060555,21.816654,12.4488945,12.595994,24.07997,13.059487,23.742756,30.399115,16.98017,18.565119,17.85103,9.579288,6.790742,28.264675,24.806242,28.407244,18.549986,8.348777,11.74331,10.921162,23.116917,26.515404,24.228281,14.200997,11.172035,19.386583
1022,21.934761,32.099808,23.191021,5.385501,16.521154,5.968436,19.457767,15.091089,11.681757,6.8003225,25.33867,12.492149,14.013421,27.157555,11.663436,22.473806,33.350212,18.127037,21.12656,18.305359,9.663333,6.5556655,29.942947,28.03483,30.773937,22.339317,6.2828865,12.799515,10.196194,28.835932,28.015785,25.725517,16.749517,12.246907,20.688578
1023,21.441454,31.564478,22.769857,5.205433,17.498459,6.096334,19.285925,14.561294,11.6461525,7.039029,24.47731,12.355398,13.695828,26.296711,11.735071,22.418877,32.61036,17.723818,20.575113,18.241219,9.67978,6.6591434,29.48803,27.195375,29.963308,21.344608,6.4733224,12.427652,10.526303,27.339952,27.599766,25.327139,16.073359,11.888155,20.35092
1024,31.078642,27.617874,30.731674,25.637426,31.582489,13.720186,20.780918,8.940951,15.139791,3.03421,8.744914,14.257227,8.405246,16.78055,15.523367,26.912512,26.478666,24.359499,18.248972,21.38068,17.431946,16.251402,26.898937,24.601976,14.913215,11.023446,11.557997,7.4177485,13.426713,6.5916185,26.696606,24.22009,11.476977,14.080484,20.775343
1025,21.479895,30.829405,22.484562,5.6183753,16.228842,6.9314947,18.621792,14.333747,12.636179,7.082595,23.988337,12.389696,13.254301,25.758713,12.223395,22.668932,31.385342,17.42399,19.609905,17.60978,9.186651,6.0979395,28.786177,26.416197,29.555094,20.760141,7.1522627,12.447632,9.935006,26.711727,26.920162,24.729208,15.487403,11.868084,19.854727
1026,19.319258,31.336752,22.292322,5.1344504,28.794836,5.1658,21.799587,12.4533205,8.896416,6.0844116,17.852753,12.671154,11.959498,21.574581,12.794012,24.198061,31.962414,17.355972,21.772537,21.181297,14.513524,11.597029,29.304905,23.741339,24.58734,15.563735,6.9812284,10.39858,17.831059,17.876926,28.078863,25.303572,15.366063,10.094076,20.51201
1027,21.385302,31.096727,22.6082,5.505535,18.605972,7.0765862,19.080153,14.019528,12.633701,7.3084917,23.284231,12.50144,13.22583,25.300568,12.50105,23.215223,31.65449,17.384432,19.71929,18.193714,9.7141075,6.7555,29.059599,26.088839,29.312399,20.007727,7.436907,12.189856,10.940306,25.308704,27.221745,24.936466,15.210814,11.601858,19.996092
1028,22.162184,29.300358,23.481781,9.991225,27.13929,10.115353,19.851278,11.168816,14.392027,7.2621017,15.686683,13.377981,10.646112,19.737503,15.290682,26.259525,27.807724,17.653566,17.838186,19.901653,12.797109,10.631184,27.474367,21.583204,22.813848,13.50645,10.756146,9.755165,14.628389,13.981345,26.278343,23.812166,12.4476595,10.248293,19.349249
1029,21.58827,31.500229,22.894222,5.4442706,18.031605,6.2994566,19.293818,14.401391,11.765425,7.052645,24.168762,12.376341,13.627503,26.100315,11.811632,22.52812,32.51936,17.79415,20.433153,18.284561,9.758101,6.7671137,29.474117,27.131763,29.803247,21.060484,6.5970616,12.358465,10.594957,26.798336,27.596104,25.324303,15.865167,11.916679,20.352987
1030,21.656652,23.129623,22.014324,13.235798,18.520927,27.180109,16.25087,10.231042,29.821651,20.652967,6.6522503,23.402756,7.471351,17.053267,27.746384,32.097244,10.154522,17.875467,8.705557,18.36473,7.8076744,5.7370076,21.274548,15.200196,13.239042,11.089972,27.894087,16.016605,16.929031,3.2417746,19.217512,21.858389,11.453818,10.529341,20.536402
1031,22.354528,30.156061,23.690426,8.20329,22.31858,7.090623,19.410505,12.667067,11.275742,6.356271,19.728556,12.585676,12.386682,23.289803,12.051807,22.695185,30.826834,18.492102,19.776464,19.193165,11.190804,9.01075,28.561659,25.69101,25.932234,18.039705,7.0534205,10.98331,11.996515,20.434973,26.911327,24.841337,14.499113,11.937867,20.222776
1032,22.33085,32.044163,23.572813,5.996726,18.291182,6.534714,19.601257,14.668255,12.019037,6.896986,24.467127,12.598167,13.86172,26.628666,11.945789,22.89874,33.18821,18.350283,20.815542,18.558167,9.975079,6.9505053,30.012672,27.878096,30.384764,21.518177,6.661892,12.618137,10.586342,27.257269,28.113285,25.814207,16.218134,12.312269,20.774977
1033,21.126013,30.70987,22.902664,6.5870867,24.540874,7.1084886,20.038958,12.597921,11.702699,7.1824207,19.704107,12.700836,12.3302355,22.808765,12.954965,23.937872,31.064339,17.504866,19.943502,19.74639,11.739124,9.408786,28.826729,24.393766,26.143286,17.1676,7.9049277,10.789666,13.729278,19.795559,27.243141,24.846476,14.378066,10.829139,20.03979
1034,21.548391,31.297361,22.828218,5.571693,17.783419,6.272834,19.196238,14.317127,11.669392,6.9838476,23.942984,12.388022,13.507543,25.904022,11.799664,22.405693,32.248825,17.780916,20.361868,18.237827,9.7627325,6.8001623,29.303526,26.9754,29.44017,20.912638,6.5799594,12.289849,10.584037,26.5359,27.439392,25.206554,15.793653,11.937706,20.28214
1035,21.701187,30.896914,22.730907,5.93241,17.130108,7.1436687,18.789465,14.177118,12.711815,7.134841,23.609285,12.492153,13.2218,25.559212,12.362682,22.891125,31.401249,17.609505,19.582735,17.838867,9.423519,6.37047,28.910164,26.43289,29.350359,20.425512,7.294864,12.379217,10.237883,26.0151,27.055008,24.863111,15.312202,11.937815,19.985065
1036,19.682112,31.051918,22.524248,5.8043017,28.770885,5.4350576,21.593065,12.2469845,9.039068,5.921568,17.414394,12.659473,11.807364,21.376663,12.728239,24.080763,31.694132,17.545877,21.555765,21.10522,14.417488,11.705704,29.097446,23.717386,24.212664,15.41685,7.044521,10.260474,17.51057,17.324875,27.869404,25.180449,15.174035,10.208042,20.445127
1037,31.607447,26.653614,30.969116,27.733862,32.05273,15.22187,20.550867,8.181916,16.575243,3.603245,7.3407607,14.520061,7.5301886,15.425778,16.58736,27.594835,24.551556,24.519379,17.176184,21.165562,17.774776,16.702877,26.018768,23.38169,12.679306,9.6363535,13.111117,6.8129697,13.347017,4.687929,26.04575,23.553589,10.464498,13.744406,20.363264
1038,22.518946,29.331806,25.31689,15.194841,33.33138,8.030232,24.021372,10.310747,9.570599,4.028667,8.205523,15.12396,8.175583,15.128656,17.05007,28.175861,26.304907,20.70864,22.116026,24.411724,21.651678,18.258507,27.55242,20.139929,12.936081,9.122127,10.193944,7.990632,23.168137,6.2034683,27.63929,24.723734,14.789258,11.059011,21.240786
1039,27.875282,24.207134,26.98471,22.904408,27.708418,20.358438,17.866606,7.8919797,22.51961,10.165248,6.924786,16.953686,6.6614733,14.757192,20.705095,28.89086,18.324432,20.714117,12.736573,18.65025,13.255814,12.141419,23.1113,18.41451,12.057082,9.035666,19.706142,8.723759,12.766946,3.6461086,22.612991,21.36906,9.077643,11.312639,18.734388
1040,21.214296,31.127804,22.430302,5.14405,16.897604,6.4087615,18.93136,14.407189,12.054928,7.1670547,24.199146,12.340879,13.447913,25.92944,11.97327,22.495207,31.88982,17.409012,20.06134,17.918034,9.411592,6.359024,29.05658,26.614983,29.661871,20.967308,6.798037,12.390776,10.333902,26.936718,27.178467,24.947348,15.742553,11.758871,20.028994
1041,25.4602,26.859356,25.013262,16.077618,27.083551,18.736395,18.367365,9.7619295,22.702501,11.975464,11.991814,16.43559,8.788538,17.26473,20.777077,29.740068,20.949295,18.352064,12.8770485,18.306343,11.593373,9.183262,25.126951,18.961905,18.982878,10.788974,18.959002,10.246531,12.442322,8.55296,24.276371,22.381302,9.591137,10.494076,18.7996
1042,25.253315,26.60579,25.733498,19.66098,31.777569,16.17636,21.219038,8.268842,18.906816,13.135588,8.480917,17.395906,7.1629148,13.321961,21.965443,29.987572,18.364403,19.729168,15.360131,22.427948,17.131203,14.86098,25.076603,16.098864,9.610217,7.8489995,18.637835,7.114766,16.499752,2.635331,25.047623,22.739351,9.443952,10.128572,19.80251
1043,21.346558,30.65327,22.524063,5.852236,19.3395,7.4170637,18.904257,13.602592,12.817326,7.230667,22.409298,12.426718,12.908462,24.607115,12.613966,23.304688,31.101357,17.234497,19.245502,18.10902,9.766386,6.93042,28.672247,25.502901,28.67845,19.217913,7.7006783,11.880194,11.039495,24.011292,26.88639,24.606565,14.70812,11.4051,19.726639
1044,22.242722,30.198072,22.846169,7.2225885,18.4762,9.244837,18.348742,13.341133,15.050709,7.7234936,22.069078,12.744429,12.439931,24.089989,13.856393,24.45822,29.750929,17.234781,17.889536,17.613771,9.226085,6.348236,28.250809,24.66036,28.43611,18.457174,9.262366,11.867737,10.13478,23.156034,26.48556,24.19454,13.721011,11.463807,19.341406
1045,22.189943,30.42629,22.918888,6.8965883,17.90166,8.516586,18.437403,13.684959,14.143082,7.1714144,22.533712,12.579217,12.752374,24.739145,13.132219,23.782644,30.508284,17.505478,18.517405,17.580544,9.259833,6.312499,28.479294,25.591188,29.017473,19.271471,8.387206,12.169233,10.071791,24.282085,26.67642,24.460165,14.40853,11.780161,19.606379
1046,18.534563,31.480015,22.68723,6.7921944,34.05357,4.7611165,24.363829,11.913368,6.9310117,4.0402822,12.390935,13.87524,10.308993,18.400738,14.692194,26.595022,30.890152,18.44779,23.759947,23.727688,19.824709,15.867449,29.307535,22.003729,19.71656,11.775355,7.553498,9.918003,24.546913,12.007505,28.827656,25.789774,16.663507,9.873354,21.458828
1047,17.511915,30.834013,21.806293,6.1135554,33.36719,4.503278,24.159994,11.715408,6.5841093,4.2615676,11.74956,13.929366,9.897756,17.67198,14.894593,26.367048,29.771542,17.8599,23.517267,23.584858,19.926016,15.839017,28.63077,20.959171,18.568316,11.177264,7.678621,9.765241,25.09673,11.314748,28.216675,25.270922,16.596182,9.4709425,21.102077
1048,21.815271,30.099947,22.465715,6.745982,19.060036,9.760523,18.274244,13.214001,15.720585,7.9812775,21.614662,12.856895,12.272798,23.731182,14.368877,25.056583,29.428814,16.727427,17.519121,17.553986,9.114417,6.272857,28.032682,23.900644,28.534712,17.92244,9.959688,11.85656,10.55411,22.450172,26.278343,23.948692,13.49814,10.982804,19.076262
1049,21.38135,30.5522,22.35035,5.7281013,16.728563,7.3184996,18.49846,14.059172,12.998206,7.1530356,23.397923,12.396447,13.019581,25.252457,12.492865,22.944332,30.916134,17.224642,19.192694,17.551094,9.188262,6.140586,28.522528,25.867052,29.205112,20.116137,7.5245924,12.287657,10.106211,25.7607,26.686646,24.489687,15.076579,11.685141,19.641932
1050,24.943419,28.55249,25.177673,13.247147,23.77709,11.565865,18.62256,11.106763,15.7393675,7.289275,16.397202,13.559011,10.692758,20.467697,14.958452,25.294548,26.9191,19.228357,16.610617,18.814587,11.256829,9.377593,27.264698,23.249525,22.794844,14.577771,10.993054,10.1249275,11.010566,14.849548,25.928001,23.872438,11.570423,12.105822,19.565657
1051,21.653776,31.121273,22.94709,5.943141,19.174282,6.72864,19.260347,13.925234,11.96126,6.979354,22.958376,12.477814,13.257493,25.268322,12.112558,22.836683,31.942757,17.780066,20.076826,18.444248,10.052699,7.208173,29.18338,26.50448,28.927254,20.06124,6.97774,12.068012,11.078356,24.974197,27.360401,25.120161,15.3662405,11.833397,20.21896
1052,21.505577,30.542088,22.60614,6.0797772,18.83091,7.483251,18.775515,13.649376,12.833797,7.071118,22.41598,12.413358,12.896995,24.69046,12.522474,23.160513,31.001516,17.365587,19.17372,17.947857,9.672626,6.798088,28.587723,25.693422,28.703428,19.352472,7.6198974,11.977597,10.784782,24.194595,26.79783,24.573538,14.764007,11.568956,19.730726
1053,18.751587,30.835922,22.516106,7.340104,33.087875,5.6375785,23.695524,11.544313,8.105568,4.9174733,12.35656,13.974677,10.020512,17.980534,15.182226,26.691368,29.64672,18.098333,22.728357,23.354002,18.991043,15.357584,28.707253,21.115885,19.092047,11.494998,8.4187,9.578041,23.429844,11.404199,28.179487,25.241919,15.796969,9.673356,20.984482
1054,21.552593,30.369465,22.649487,6.481203,20.482899,8.136575,18.84934,13.155195,13.489133,7.3454,21.438005,12.538551,12.55054,23.867186,13.117502,23.874414,30.533983,17.161535,18.730705,18.214645,9.899526,7.2633133,28.418402,24.753103,28.01641,18.281122,8.403989,11.541261,11.271627,22.407024,26.686031,24.376844,14.112916,11.16229,19.526636
1055,27.80051,26.5467,27.265623,21.403913,29.741585,17.94639,19.472223,8.741568,20.910547,8.872123,9.067017,16.083775,7.629988,15.495748,20.131187,29.85295,21.510069,20.560225,14.545981,19.957659,14.692622,13.010221,25.095623,19.18587,14.751497,9.323102,17.782846,8.1917925,13.759527,5.461837,24.742828,22.463575,9.658898,11.1744995,19.144976
1056,23.499983,29.96529,25.122429,10.960379,26.938198,7.035083,20.40127,11.62347,10.026167,5.327544,16.367476,12.881813,11.661263,21.523,12.041203,23.031792,30.774553,19.825796,20.587692,20.79441,13.448108,11.910717,28.63419,25.523462,22.928083,16.218143,6.881124,9.87702,13.974501,15.866021,27.245981,25.20475,14.366551,12.266204,20.807322
1057,30.598295,27.358274,30.23052,25.367601,31.67292,14.329586,20.664091,8.732675,16.057608,3.9673095,8.627959,14.456652,8.113388,16.180674,16.35608,27.518831,25.470575,23.757406,17.59735,21.30019,17.26853,16.07677,26.536541,23.368525,14.310595,10.370719,12.616794,7.1984935,13.573969,5.9930863,26.382906,23.829714,10.912049,13.4296055,20.406261
1058,21.578684,31.276379,22.81728,5.5521507,17.480595,6.3401175,19.1036,14.396877,11.776579,6.898946,24.05218,12.348622,13.53391,26.03725,11.7555,22.376055,32.277008,17.767975,20.307932,18.080225,9.646064,6.646587,29.25669,27.07624,29.674444,21.071682,6.5775046,12.382936,10.392157,26.826649,27.388329,25.163527,15.8808975,11.953549,20.243208
1059,20.8414,31.11137,22.168324,4.824416,18.613504,6.9014473,19.111273,14.032566,12.631727,7.634432,23.436863,12.485533,13.211591,25.17656,12.655479,23.331089,31.518845,16.960016,19.70276,18.236423,9.678431,6.678101,28.99152,25.6144,29.288544,19.881447,7.54802,12.111512,11.210331,25.352777,27.156784,24.812262,15.16314,11.274324,19.845446
1060,20.465881,31.04739,22.11662,4.5778365,20.317717,6.1331286,19.40596,13.727671,11.368877,7.344684,22.772757,12.240871,13.250375,24.860565,11.942266,22.663698,31.922693,17.02559,20.131361,18.585573,10.159007,7.350623,29.015732,25.774849,28.742682,19.609705,6.8047256,11.781284,11.854274,24.510258,27.213945,24.890217,15.241881,11.124083,19.962645
1061,21.89239,31.837894,23.1817,5.575349,17.67038,6.205216,19.448156,14.685486,11.715378,6.9148617,24.594793,12.475353,13.819251,26.572296,11.759432,22.55932,32.984383,18.075891,20.795977,18.39169,9.819081,6.784643,29.779823,27.65579,30.221703,21.591253,6.460946,12.563617,10.506763,27.53765,27.879581,25.60398,16.257917,12.143926,20.59648
1062,21.61026,30.583408,22.4558,5.975501,16.619308,7.771246,18.465364,14.044461,13.613945,7.439171,23.450197,12.560034,12.954568,25.171955,12.935869,23.38112,30.648655,17.225641,18.927912,17.54948,9.115685,6.020212,28.550667,25.651102,29.196001,19.948088,7.991636,12.309614,10.004675,25.596577,26.712296,24.487589,14.844995,11.704678,19.618101
1063,21.497347,30.693127,22.346996,5.6426516,15.511041,7.384648,18.36482,14.3701315,13.333254,7.1909933,24.08661,12.422766,13.137729,25.720192,12.5765915,23.008299,31.003391,17.222544,19.207062,17.340908,8.873102,5.7258205,28.59922,26.07171,29.761103,20.664724,7.5831866,12.540033,9.623928,26.819386,26.726967,24.52468,15.301408,11.804583,19.642836
1064,20.045683,30.855623,22.918762,7.2517023,30.622383,6.4639544,22.088823,11.731654,9.87332,5.910804,15.381444,13.244448,11.012392,19.91617,14.1107,25.594553,30.544281,17.824514,21.313105,21.850424,15.6707325,12.937994,28.885998,22.42618,22.325209,13.631122,8.309206,9.809057,19.074757,14.4212475,27.868689,25.094671,14.742063,9.983295,20.484003
1065,23.145529,29.66754,24.197437,9.682194,22.279736,7.6888266,19.149622,12.323823,11.663256,5.9696293,18.86655,12.608721,12.011111,22.751743,12.161795,22.738384,30.170265,18.923996,19.298655,19.026505,11.2726555,9.210449,28.214396,25.587185,25.157656,17.513563,7.322743,10.751898,11.475023,19.347286,26.647892,24.624777,14.047891,12.272696,20.117266
1066,21.364744,31.32521,22.661898,5.2672143,17.491692,6.2016006,19.146273,14.418009,11.699259,7.0311055,24.189798,12.326586,13.562512,26.04457,11.761335,22.371956,32.300255,17.630667,20.357855,18.129337,9.627934,6.626663,29.278278,26.959719,29.696821,21.08373,6.5533977,12.352634,10.4977045,26.938934,27.403309,25.157171,15.886984,11.838846,20.218607
1067,23.654207,29.476933,24.157135,10.460991,23.12071,11.269243,18.733828,11.897026,16.261793,7.641181,18.156134,13.406824,11.364818,21.714626,15.133835,25.94457,28.171062,18.112062,16.955439,18.617794,10.585189,8.4081,27.778503,23.245306,25.425833,15.566964,11.004976,10.805862,11.463026,17.292862,26.248234,24.040766,12.3031645,11.341757,19.433352
1068,21.685894,30.465277,22.435633,6.3264904,19.109007,9.471081,18.513868,13.411991,15.560812,8.173822,22.108011,12.923572,12.464388,24.026337,14.400314,25.14636,29.821003,16.701618,17.874647,17.779696,9.217428,6.3125076,28.346363,24.056795,28.829653,18.21512,9.854908,11.939332,10.792688,22.986687,26.569298,24.182241,13.724618,10.973364,19.240782
1069,22.383783,28.420948,23.909485,13.79128,30.834509,12.669512,21.789747,9.668232,16.181887,10.812475,10.970885,16.310818,8.373659,15.235796,20.252138,29.655214,22.209991,18.272675,17.370514,22.730225,16.77812,14.084518,26.54039,16.881355,14.055793,9.062447,15.469018,8.103322,18.83044,6.2154045,26.104038,23.533041,11.189591,9.563519,19.89763
1070,22.573,30.441462,23.464249,7.6548743,18.730234,7.6230335,18.811224,13.525717,12.652052,6.6222477,21.990843,12.530384,12.796586,24.642788,12.348312,22.926865,30.94692,18.229847,19.297827,18.111115,9.965687,7.2153087,28.684175,26.31968,28.068052,19.426487,7.3961663,11.882885,10.336355,23.74092,26.927162,24.79244,14.749805,12.23458,20.034718
1071,21.509005,30.999207,22.42266,5.423885,14.978565,6.883367,18.53132,14.680838,12.871334,7.118877,24.689407,12.432171,13.377553,26.231209,12.302715,22.729113,31.507359,17.37873,19.725943,17.45443,8.937292,5.7423353,28.868317,26.584621,30.070425,21.3534,7.162661,12.683519,9.548212,27.820004,26.96954,24.765253,15.801492,11.950181,19.857439
1072,22.447023,29.41249,22.416636,7.6643505,16.91728,12.321856,17.29686,13.114267,18.84113,8.867005,21.280457,13.510345,11.68864,23.402088,16.120758,26.474733,27.563982,16.396923,15.784135,16.585842,7.9315033,5.0023255,27.30967,22.791786,28.679173,17.397318,12.318275,12.368135,9.487654,21.943409,25.484673,23.333715,12.666934,10.951037,18.522858
1073,25.735546,25.539131,24.814268,16.855848,25.359295,23.92422,17.076689,9.55996,27.816633,14.814227,10.099242,18.799332,7.90091,17.08718,24.066042,31.869846,17.615799,18.042025,10.521969,17.358866,9.724807,7.6271586,23.659653,17.227018,17.902689,10.480993,23.989893,11.873337,12.686648,6.7291403,22.499573,21.647528,9.36184,10.064366,18.627039
1074,21.567749,30.016191,23.928421,10.167088,30.701965,7.705155,21.698662,11.081993,10.792076,5.4548006,13.729367,13.41107,10.371375,18.9864,14.478107,25.918726,29.370712,18.644278,20.60989,21.86338,15.923186,13.629077,28.233871,22.160553,20.63299,12.852385,8.906484,9.22261,18.341972,12.32753,27.318928,24.69272,14.071931,10.416596,20.33007
1075,21.5241,32.00952,23.043972,5.158558,18.050888,5.6304407,19.740314,14.725405,11.005979,6.946402,24.619308,12.515211,13.899577,26.552181,11.568504,22.327951,33.26494,18.038546,21.283941,18.735489,10.107718,7.1352797,29.920822,27.65531,29.902208,21.644327,6.1520867,12.446871,11.085924,27.563114,28.029133,25.742907,16.508677,12.022053,20.740088
1076,21.638193,30.511553,23.012602,6.7772503,22.403236,7.7142653,19.329054,12.893742,12.567608,7.1054153,20.593252,12.5822,12.563397,23.577932,12.766789,23.643324,30.951662,17.574387,19.273294,18.863459,10.599553,8.201956,28.657793,25.021532,27.334393,17.967093,7.9721656,11.278414,12.127755,21.240746,26.954147,24.694418,14.261559,11.226818,19.884119
1077,32.891006,25.527462,31.657673,29.869474,30.959951,16.550337,19.488035,7.719403,17.58809,2.772575,6.656614,14.176847,7.154172,15.376112,16.045773,26.816853,23.88971,25.153505,16.022173,19.778955,16.777096,15.98148,25.145288,24.134901,12.482004,9.643165,13.424345,6.8644776,11.466333,4.661428,25.216122,22.926748,9.799337,14.329332,19.949272
1078,20.651007,30.86746,22.511108,5.521215,23.735819,6.5192623,19.888296,12.922518,11.23159,7.1289215,20.679665,12.391859,12.734014,23.524155,12.319862,23.29126,31.665796,17.229685,20.116404,19.372868,11.219078,8.772224,28.935562,24.951902,27.220675,17.968733,7.272381,11.091652,13.265502,21.330364,27.273596,24.881834,14.692616,10.805135,20.007833
1079,19.422983,31.19602,22.226006,4.997818,27.687757,5.1350026,21.389048,12.560167,8.9917,6.2023582,18.518076,12.491695,12.17087,22.037487,12.409458,23.685183,32.022675,17.291832,21.548258,20.755005,13.8235855,10.994328,29.200842,24.121817,25.146088,16.187944,6.7309327,10.532851,16.860516,18.792847,27.882088,25.197271,15.318923,10.2421875,20.397926
1080,21.31026,29.633343,22.51175,6.9529033,20.458534,7.4534373,18.744955,12.719715,12.227332,7.115493,20.399683,12.456319,12.2047205,23.080963,12.565385,22.870771,29.730648,17.347433,18.81267,18.34518,10.292232,7.8267517,27.884336,24.49954,26.197577,17.819136,7.7415023,11.0817375,11.466015,21.171682,26.214542,24.09811,13.990918,11.27469,19.472834
1081,28.300547,28.044487,28.805737,21.746912,31.322989,11.008012,21.565475,9.247931,12.689168,5.774893,10.204577,14.598913,8.9399,16.082073,15.699475,26.043415,25.167358,22.965313,18.618696,22.53992,17.90626,16.08127,27.270443,22.88128,13.747747,10.808214,10.750704,7.2838564,14.330775,6.4309583,27.062973,24.525824,11.208903,13.409046,21.060127
1082,21.815996,30.195477,22.82069,7.089843,20.985044,8.814718,18.859735,12.910463,14.149888,7.6016936,20.729357,12.832906,12.273545,23.333223,13.736099,24.458664,29.885532,17.229548,18.356829,18.378975,10.078568,7.503602,28.264828,24.208498,27.348692,17.623796,9.100701,11.394397,11.532088,21.220497,26.570265,24.284771,13.7327585,11.110971,19.49069
1083,27.978956,28.504799,28.759182,21.022257,31.521812,10.775056,21.676497,9.682232,12.334251,3.3969219,9.623583,14.213507,8.918706,17.037472,15.072073,26.449873,27.360031,22.985306,19.9824,22.44474,18.20583,16.574444,27.46466,23.809107,15.381197,11.48158,9.946855,7.7546263,16.030102,7.5912895,27.132055,24.63708,12.933408,13.240509,21.044195
1084,21.667135,30.194427,22.24826,6.332572,17.792198,9.808811,18.12869,13.527226,16.039627,8.14935,22.238523,12.945549,12.364642,24.118687,14.54417,25.148716,29.390158,16.559511,17.519445,17.333643,8.787305,5.798725,28.044361,23.944883,29.034124,18.384146,10.0990715,12.163219,10.298546,23.420555,26.246355,23.93582,13.734126,11.017576,19.037918
1085,21.045359,31.041466,22.592503,5.474944,21.982792,7.1016355,19.52433,13.335482,12.277488,7.388944,21.782778,12.472765,12.984786,24.2749,12.596565,23.560715,31.69459,17.201864,19.72625,18.86122,10.430726,7.815441,29.046219,25.325298,28.401054,18.695704,7.645674,11.5641,12.230504,22.81909,27.28867,24.911692,14.699504,11.0490055,19.964083
1086,25.11071,25.434883,23.878513,15.200321,23.72147,22.919891,16.199366,9.665325,27.63877,14.601934,12.304702,17.484774,8.319079,17.374302,23.035654,30.846905,17.991749,16.818047,9.515923,15.850008,8.242415,5.829955,23.601479,16.9951,20.10264,10.603437,23.043558,11.711234,10.236099,8.872395,22.436874,21.07516,8.192017,9.659244,17.632517
1087,22.2931,29.236914,22.088526,7.2972746,14.870874,12.184273,16.823288,13.412661,18.981802,8.669148,22.053019,13.316708,11.738162,23.85136,15.908897,26.129206,27.492764,16.159246,15.618277,15.983392,7.286748,4.231338,27.100832,22.914787,29.341036,18.012384,12.112131,12.657101,8.641422,23.290234,25.224232,23.100504,12.847999,11.058467,18.27101
1088,20.586773,30.272526,23.80318,9.931645,32.489185,5.6776986,23.086481,11.229753,7.7749605,3.5880134,11.960639,13.408035,9.9849205,18.065266,13.978176,25.663322,29.97791,19.180296,22.578127,22.929958,18.731085,15.652388,28.435757,22.349476,18.830973,11.974096,7.416671,9.131089,21.436134,11.239251,27.909988,25.072502,15.509313,10.593528,20.918112
1089,25.73994,28.833513,27.326725,18.071333,31.549671,8.815831,22.187449,10.128971,10.256165,2.588047,9.545882,13.957796,8.961766,17.061634,14.536437,26.079256,28.172031,22.055285,21.290129,22.776676,18.97175,16.9141,27.54532,23.352554,15.689562,11.516391,8.708704,8.051672,18.22688,8.251686,27.219727,24.663548,14.2145815,12.60301,21.017792
1090,21.800617,29.969023,22.480867,6.8802443,18.865122,9.376896,18.260069,13.182121,15.180855,7.716542,21.52512,12.743374,12.251683,23.680595,14.024502,24.638403,29.42924,16.850441,17.685808,17.569702,9.238996,6.422721,27.948097,24.043097,28.197624,17.988188,9.535027,11.746598,10.501326,22.460209,26.214544,23.917324,13.588555,11.097315,19.096663
1091,21.631609,31.291744,23.070421,5.871871,19.918854,6.2653174,19.492792,13.908688,11.3111515,6.8135004,22.95316,12.351349,13.402608,25.376266,11.695274,22.501245,32.436306,17.931768,20.45588,18.664333,10.28693,7.528307,29.378239,26.8608,28.935612,20.22447,6.5091863,11.956465,11.263413,25.01019,27.559875,25.29926,15.565677,11.837663,20.382881
1092,21.370974,25.108976,21.138233,9.913519,16.968872,23.627455,15.688746,11.146704,28.50435,17.744753,12.351323,20.179085,8.588652,19.178795,25.069891,31.438921,15.543628,15.815704,9.950521,16.749092,6.4019384,4.040745,22.96922,16.102234,19.856356,12.94931,24.46684,14.882247,13.775525,10.070399,20.81638,21.629297,11.077197,9.728138,18.81008
1093,20.503027,30.6488,22.919933,6.7164884,27.317606,5.7849455,20.940386,12.152843,9.444601,6.137869,17.82608,12.591904,11.909173,21.724884,12.37605,23.469313,31.386457,17.859472,21.095848,20.70356,13.550548,11.218925,28.858444,24.201696,24.239597,16.079363,6.9241166,10.217998,15.923952,17.727123,27.496735,25.032583,14.866458,10.679851,20.357306
1094,23.262182,29.586771,24.860676,11.032172,27.422146,7.3832603,20.201916,11.333565,10.36383,5.2124143,15.774144,12.692762,11.394193,21.030325,12.148159,23.200417,30.3441,19.509119,20.112469,20.546217,13.399847,11.902617,28.22548,24.955404,22.712591,15.600688,7.16992,9.668186,14.041085,15.131995,26.897696,24.814112,14.002257,11.912192,20.448473
1095,21.965313,28.303207,21.69409,7.666498,15.507818,13.352818,16.444714,12.699763,19.914259,9.532148,20.405226,13.76873,11.061934,22.579409,16.826351,26.575045,25.671692,15.779802,14.575089,15.846724,7.1521144,4.302073,26.267765,21.467863,27.675758,16.647337,13.443068,12.433186,9.108469,20.830025,24.402784,22.520607,11.979411,10.651957,17.89952
1096,21.843235,31.973158,23.148605,5.40832,17.061586,5.941813,19.470428,14.909039,11.52589,6.805854,25.004572,12.442841,13.939597,26.893578,11.601659,22.397667,33.230007,18.09294,21.04001,18.357494,9.758697,6.694893,29.860107,27.887852,30.489103,22.031237,6.2442927,12.663663,10.363,28.28764,27.948406,25.666456,16.572966,12.173731,20.64704
1097,20.584694,31.198612,22.894318,6.3375907,27.708956,6.873737,21.070332,12.3694725,11.168218,6.7957826,18.400751,12.866116,12.017764,21.945986,13.489384,24.91295,31.450043,17.482903,20.59473,20.673187,13.260226,10.723115,29.20787,23.715021,25.415281,15.844135,8.174602,10.502593,16.04042,18.036066,27.828606,25.151884,14.543536,10.313749,20.288603
1098,20.647875,31.27261,22.36974,4.6828456,20.54146,5.7893786,19.593584,13.825086,10.890257,7.185929,23.001175,12.194986,13.436397,25.159431,11.595632,22.364336,32.416832,17.313498,20.510836,18.740902,10.298862,7.5259323,29.27521,26.316687,28.883684,19.978254,6.398314,11.808489,11.843161,24.905596,27.459682,25.143404,15.504115,11.288005,20.196842
1099,21.513086,31.241428,22.615456,5.379464,16.229406,6.5552993,18.881313,14.600554,12.312561,7.0697308,24.510195,12.410883,13.50936,26.22772,12.048658,22.594183,31.996532,17.566105,20.106478,17.824856,9.308077,6.1988006,29.144783,26.871206,29.971828,21.308897,6.861584,12.5602865,10.021883,27.49204,27.254005,25.025183,15.91484,11.939679,20.094091
1100,25.23358,28.99214,27.085897,18.377508,32.874058,9.71037,23.1345,9.909531,11.321677,4.165114,8.644614,14.981991,8.347054,15.753338,16.706516,27.886396,26.4259,21.891653,21.082777,23.778208,20.350206,17.781204,27.550816,21.508398,13.453209,9.906739,10.656797,7.7598457,20.204752,6.3589673,27.486588,24.743622,13.793685,12.00222,21.238983
1101,19.493017,30.246313,23.173763,9.258434,33.109287,5.2396293,23.77461,11.242605,7.0638094,3.5841537,10.929789,13.816604,9.561514,17.240582,14.653437,26.16612,29.30394,18.945154,23.110922,23.496502,20.042215,16.418188,28.28138,21.449127,17.43478,11.060098,7.646032,9.147868,23.507128,10.249377,27.958706,25.054548,16.003963,10.250597,21.05604
1102,20.268059,29.756197,24.129063,12.964321,34.30895,6.462329,25.362486,10.759609,7.50867,3.3383603,6.870543,15.609954,7.8578534,14.47564,17.545382,28.689005,26.313284,20.327028,23.789286,25.469425,23.913937,19.57471,27.709753,19.408556,11.710352,8.317834,9.677189,8.462539,27.085001,5.566436,28.030462,25.068796,16.440056,10.612552,21.757608
1103,20.265566,30.631926,22.37039,5.8109007,25.324047,6.4213552,20.292032,12.495548,10.821962,6.904853,19.267733,12.510692,12.183679,22.384777,12.729668,23.718504,31.108013,17.155052,20.25311,19.868393,12.242034,9.751215,28.703928,23.988249,25.718264,16.702986,7.5348964,10.630098,14.634299,19.413631,27.214806,24.721098,14.528846,10.45148,19.932537
1104,30.083628,26.782673,29.386757,24.277298,30.167194,15.002733,19.656727,8.702114,17.123661,4.7016025,9.418189,14.277867,8.143525,16.226313,16.41298,27.140257,24.602592,22.75191,16.177015,20.043545,15.625188,14.349502,25.920559,22.635143,15.291527,10.369387,13.347409,7.402154,11.938461,6.6427665,25.692484,23.134953,10.007291,13.027582,19.658346
1105,21.658258,31.839642,22.979137,5.2721314,17.045292,5.9345245,19.398607,14.835545,11.521948,6.868196,24.89427,12.406656,13.86979,26.739609,11.617573,22.36204,33.03758,17.94626,20.923483,18.299091,9.708851,6.6557655,29.722809,27.668404,30.340645,21.878777,6.284268,12.602274,10.403187,28.113148,27.81731,25.542114,16.471273,12.067576,20.541586
1106,28.340252,27.657019,28.158682,19.663828,26.418266,11.321222,19.369165,9.962427,13.5866165,5.02783,12.90833,13.688485,9.782519,18.59427,13.938755,24.098604,26.31487,22.256338,17.350956,19.906906,13.964904,12.426193,27.019497,24.636072,18.221361,13.245599,9.856927,8.626846,10.53473,10.720069,26.252033,24.14229,11.162201,14.035071,20.367401
1107,24.18347,25.22464,23.052757,13.631435,20.688951,23.722567,15.6047325,10.2459545,28.64453,15.501149,12.670037,18.370937,8.349708,18.260098,23.819324,31.125196,17.233276,16.411707,9.32038,15.616715,7.0862503,4.6710167,23.273762,16.743162,20.59455,11.647097,23.926552,12.989141,10.706184,9.914158,21.74701,21.07938,9.056336,9.68717,17.790182
1108,21.37135,30.858593,22.48506,5.5236893,16.852783,6.70241,18.75014,14.248156,12.2661915,7.027773,23.811277,12.328953,13.282272,25.670816,12.033933,22.513311,31.555088,17.442587,19.762999,17.754835,9.358067,6.326143,28.83349,26.465197,29.412031,20.67296,6.9494877,12.336573,10.177426,26.453182,26.977581,24.779726,15.51378,11.803931,19.907038
1109,21.452274,30.520039,22.278873,5.739247,15.735556,7.5779595,18.306877,14.209976,13.49246,7.266889,23.739386,12.467352,12.994361,25.406788,12.747881,23.136343,30.682804,17.136065,18.99394,17.330406,8.910932,5.775481,28.447332,25.762474,29.440905,20.29217,7.790015,12.443734,9.749816,26.247183,26.59376,24.400053,15.071167,11.73122,19.544027
1110,21.590395,31.272203,22.575583,5.3677006,14.964654,6.5391374,18.729425,14.86578,12.493317,7.009356,25.01964,12.432926,13.562791,26.571228,12.076394,22.556742,31.982666,17.563393,20.144423,17.614681,9.073775,5.876424,29.122046,27.017052,30.285471,21.78273,6.845283,12.7491455,9.588993,28.386566,27.212528,24.99398,16.149752,12.055648,20.061274
1111,21.479265,31.075329,22.59845,5.496812,16.751963,6.6689663,18.863976,14.390869,12.301029,7.0943236,24.097342,12.403822,13.395072,25.907928,12.083376,22.604834,31.778137,17.542322,19.936056,17.851105,9.387889,6.320347,29.029312,26.67183,29.637938,20.916147,6.9444566,12.437222,10.186615,26.82449,27.156387,24.942915,15.671004,11.88905,20.039343
1112,21.497015,31.122272,22.700378,5.582616,17.726212,6.71413,19.052235,14.210811,12.208891,7.1963553,23.697645,12.484856,13.353484,25.644985,12.181516,22.755617,31.784248,17.612469,19.970621,18.125446,9.6524725,6.640007,29.124943,26.563093,29.331636,20.542118,7.0207686,12.318506,10.619104,26.07037,27.263153,25.04398,15.5074835,11.86669,20.136362
1113,19.018644,22.734715,20.26007,10.040179,14.300174,28.395052,16.335016,11.236721,30.859758,24.124012,5.9129243,25.838799,7.8624496,17.775026,29.931309,32.81404,6.618681,17.71703,7.995861,19.320969,6.837207,4.3028226,20.743488,14.696296,12.420134,11.877975,29.491978,18.85992,19.68116,2.4540462,18.135265,22.633402,12.978086,11.0754595,22.030426
1114,28.770315,28.287169,29.080612,21.552752,30.713663,11.568731,20.98474,9.632128,13.323557,3.753847,10.302535,14.102169,9.137319,17.454397,14.895397,26.146696,27.229673,23.017828,19.077326,21.737652,17.007942,15.596744,27.33902,24.188742,16.292606,11.9356575,10.308297,7.84486,14.193258,8.119058,26.906582,24.46628,12.269178,13.496178,20.821423
1115,33.431828,25.95493,32.19781,30.791975,32.491844,17.829046,20.029814,7.6836543,18.96338,3.3917499,6.124193,14.80662,6.9536,15.208168,17.289246,28.280106,23.778574,25.428057,16.13533,20.29484,17.429836,16.669395,25.389242,23.79254,12.111034,9.293314,14.941207,6.8743687,12.391886,3.9838037,25.546154,23.163876,9.919484,14.052834,20.219332
1116,21.531435,31.452965,22.790043,5.3622637,17.012598,6.128564,19.1607,14.597491,11.666054,6.894937,24.469324,12.351801,13.652181,26.326614,11.689917,22.318754,32.511494,17.769247,20.533525,18.107483,9.6003065,6.5714293,29.383091,27.247183,29.928743,21.44182,6.4440084,12.47164,10.319745,27.477247,27.497702,25.25546,16.125677,11.972263,20.307695
1117,24.845953,29.01494,25.753654,13.355179,26.540289,9.231846,19.607944,10.980316,12.312555,5.282261,15.071871,13.070371,10.916884,20.55004,13.038731,23.938614,29.048378,20.099604,18.852121,20.094925,12.90177,11.544012,27.827002,24.653173,22.110338,14.959221,8.465197,9.584487,12.713847,13.954333,26.53424,24.540922,12.991139,12.4676285,20.276129
1118,18.096842,22.58221,19.712915,8.956884,12.151785,29.028688,16.313469,11.788695,31.390745,25.034153,5.5185566,26.789757,8.074701,18.29892,30.72267,33.13283,5.3165946,17.885841,7.6580963,19.562439,6.3644047,3.5960484,20.544594,14.871466,12.487677,12.326894,30.037573,20.34301,20.70514,2.392461,17.699821,23.029137,13.757055,11.491868,22.731356
1119,18.573591,30.795193,22.233511,6.2661753,31.847374,5.0007033,22.9743,11.730772,7.685213,5.0631294,13.823611,13.351404,10.602181,19.008986,13.962289,25.389654,30.42129,17.789865,22.538082,22.645523,17.49883,14.259264,28.765606,21.977764,20.670633,12.742987,7.4569955,9.7877445,21.845404,13.196714,27.972569,25.200403,15.747811,9.76812,20.78987
1120,19.598011,31.433968,22.441298,5.1569815,28.15689,5.240832,21.61872,12.608452,9.091983,6.1891623,18.446104,12.626154,12.192216,22.071423,12.602677,24.00098,32.222923,17.454704,21.725126,20.993065,14.0751,11.225225,29.418198,24.204145,25.186754,16.135334,6.8704705,10.56887,17.17546,18.653496,28.112682,25.390205,15.41937,10.291918,20.563314
1121,18.862421,31.252739,22.194267,5.000124,29.933533,4.532637,22.200825,12.329512,7.7423906,5.3856344,16.797564,12.630599,11.771279,21.054464,12.504168,23.967289,32.03513,17.517607,22.28205,21.518814,15.423453,12.35462,29.253033,23.72627,23.833677,14.99388,6.442701,10.339337,19.066862,16.906122,28.141188,25.385328,15.742386,10.057746,20.69008
1122,22.234678,31.03119,23.469421,6.9106665,19.250097,6.520624,19.366287,13.81654,11.403166,6.603315,22.533506,12.549591,13.187846,25.14555,11.829157,22.463032,31.953869,18.37366,20.35121,18.692217,10.391901,7.6827793,29.238153,26.928286,28.221022,20.104952,6.5921626,11.909633,10.985548,24.51965,27.441776,25.28145,15.461669,12.258596,20.4643
1123,21.391336,30.755014,22.377075,5.538169,16.113241,7.021012,18.543756,14.313554,12.77976,7.1196327,23.947973,12.378664,13.203144,25.688784,12.303503,22.74035,31.247108,17.308569,19.485487,17.536224,9.106032,6.0122356,28.693512,26.245216,29.562532,20.674368,7.258698,12.443813,9.911074,26.649097,26.828,24.635378,15.419396,11.796333,19.763575
1124,21.318623,30.670332,22.621206,6.050418,21.462542,7.8341722,19.175005,13.169821,13.127093,7.439433,21.429024,12.558586,12.695504,23.926773,13.039139,23.925116,30.98004,17.128397,19.092987,18.556992,10.169103,7.572592,28.687902,24.839062,28.134321,18.279356,8.254692,11.512207,11.834786,22.285599,26.95007,24.597681,14.274795,11.029463,19.696926
1125,21.98727,30.7531,23.110128,6.631234,18.422249,6.7538266,19.004242,13.832384,11.831601,6.670251,22.714216,12.413286,13.104459,25.125097,11.906586,22.458052,31.559574,18.019367,19.897223,18.22057,9.969769,7.1596656,28.912586,26.623545,28.481264,20.074507,6.7853255,11.990803,10.557299,24.844757,27.112595,24.952478,15.286609,12.094244,20.145254
1126,22.961683,27.525394,24.4656,13.757641,27.41064,8.752835,20.230364,10.046309,11.051709,5.834705,11.591474,13.756174,9.422298,17.470078,14.324392,24.37441,25.706718,19.584557,18.946865,21.222134,15.345123,13.656457,26.28051,21.598354,16.61809,12.325683,9.129963,8.517291,15.909118,9.659448,25.40532,23.54529,12.881139,11.4767,19.911043
1127,21.575617,31.303816,22.740261,5.4615364,16.72141,6.4043794,18.9997,14.557509,12.02076,6.94816,24.388252,12.372427,13.558368,26.230476,11.863651,22.456554,32.217678,17.694817,20.266775,17.941044,9.4647455,6.3997183,29.234867,27.06563,29.919468,21.314585,6.668769,12.505509,10.14646,27.355629,27.352314,25.122183,15.978931,11.973688,20.191343
1128,21.287903,30.567013,22.391905,5.840468,19.184475,7.722134,18.816454,13.543983,13.290874,7.48242,22.361502,12.521361,12.779941,24.402515,12.993326,23.643732,30.745365,17.031996,18.980219,18.060747,9.672524,6.822154,28.55302,25.053953,28.542265,18.957666,8.116464,11.821016,11.038424,23.769043,26.775158,24.462303,14.480537,11.26247,19.5758
1129,21.10161,30.39334,22.562574,6.4275,23.170942,7.9293866,19.442474,12.643021,12.969858,7.609853,20.110758,12.711846,12.263965,22.868736,13.425386,24.291021,30.366,17.03937,19.043543,19.088892,10.873,8.477238,28.44299,23.910067,26.696012,17.161814,8.620583,10.967515,12.844566,20.214363,26.80637,24.43008,13.907622,10.668306,19.61268
1130,21.968529,32.0276,23.324224,5.575369,17.834686,5.983336,19.603695,14.795601,11.41836,6.7594376,24.712996,12.470924,13.941569,26.781425,11.571377,22.43902,33.362698,18.230246,21.10095,18.519157,9.949712,6.93915,29.953022,27.973812,30.365868,21.849342,6.2349286,12.59711,10.594736,27.823376,28.0512,25.767057,16.518934,12.205654,20.747404
1131,21.179419,31.32241,22.675312,5.1664133,18.799385,5.8087125,19.352613,14.198736,11.005372,6.86189,23.757078,12.157642,13.5892515,25.815987,11.3535385,22.042372,32.60113,17.664955,20.573755,18.363043,9.925296,7.067367,29.320744,27.03021,29.412657,20.840893,6.165419,12.1003475,10.9070835,26.329002,27.471357,25.211319,15.868222,11.689037,20.280062
1132,22.26536,31.343388,23.549574,6.660206,20.535107,6.92442,19.505438,13.772379,11.948793,6.680395,22.575422,12.444727,13.323169,25.264408,11.992025,22.984705,32.42812,18.235088,20.197138,18.711117,10.3513365,7.6464553,29.482399,26.949549,29.05469,19.91501,6.9015,11.969631,11.163452,24.390911,27.67717,25.39717,15.300628,12.023273,20.457006
1133,20.874289,30.122086,22.582283,6.4872065,23.097298,6.4528947,19.561457,12.536191,10.85099,6.9914846,19.90277,12.369442,12.338383,22.858055,12.127222,22.706068,30.704624,17.442644,19.831915,19.273035,11.291841,9.034447,28.363827,24.616266,25.734365,17.590525,7.0977,10.697197,12.865608,20.35096,26.748009,24.511593,14.374932,10.981905,19.828623
1134,21.2755,30.798294,22.377998,5.457525,17.08324,6.9677186,18.726557,14.1514,12.602369,7.189172,23.603544,12.3974,13.180267,25.449356,12.322104,22.820372,31.312107,17.288118,19.553377,17.766708,9.352569,6.3086514,28.758652,26.11796,29.326757,20.337868,7.2677617,12.310215,10.357565,26.024563,26.91008,24.695597,15.303178,11.690839,19.816946
1135,20.617964,30.73857,22.763988,6.226258,25.93651,6.3122344,20.426287,12.461126,10.460213,6.5341372,19.042887,12.455115,12.268903,22.515406,12.38752,23.505537,31.537914,17.542557,20.506088,20.019413,12.432541,10.057304,28.870392,24.503374,25.764574,16.833214,7.2068205,10.621893,14.667376,19.259518,27.378445,24.924206,14.695216,10.668842,20.144041
1136,21.605587,31.68082,22.842093,5.2612047,16.482193,6.0705066,19.214235,14.838669,11.765176,6.9172077,24.94266,12.3984375,13.786598,26.687471,11.729057,22.399054,32.75053,17.817362,20.71307,18.11282,9.52851,6.441412,29.55293,27.46853,30.321081,21.851217,6.4227495,12.627388,10.181749,28.198338,27.646095,25.382662,16.376497,12.042099,20.398266
1137,21.59976,31.493849,22.867672,5.432057,17.213509,6.1677184,19.212927,14.584085,11.669069,6.890238,24.40388,12.384883,13.661542,26.319536,11.710524,22.363855,32.55935,17.833467,20.56247,18.164268,9.663973,6.639387,29.433308,27.300438,29.916708,21.407778,6.464002,12.476635,10.395395,27.369362,27.54937,25.308252,16.128357,12.005505,20.359308
1138,32.706387,25.39548,31.287413,29.247896,30.214186,17.04955,19.027193,7.751428,18.393404,3.4305995,7.2635827,14.22315,7.2235126,15.518131,16.298399,26.840296,23.490875,24.635302,15.303308,19.228312,15.847316,15.044164,24.982924,23.711065,13.109549,9.71681,14.0354595,7.027052,10.64087,5.079892,24.974972,22.686571,9.316941,14.122595,19.641157
1139,21.91421,29.78925,24.140268,10.649407,30.200666,7.7022967,21.463524,11.0122795,10.683402,5.341168,13.671481,13.358793,10.375876,19.062355,14.192573,25.524378,29.270147,18.88014,20.541779,21.746069,15.713042,13.593861,28.101562,22.454454,20.455376,13.094427,8.674776,9.18371,17.804832,12.327041,27.147999,24.642813,14.042335,10.691556,20.340443
1140,23.845171,29.369379,25.147606,11.804956,26.587072,8.017745,19.909866,11.254572,11.09897,5.3944554,15.74217,12.909573,11.236183,20.95588,12.503927,23.38046,29.790949,19.705067,19.672094,20.364775,13.06279,11.642933,28.086449,24.817007,22.432444,15.54326,7.6569858,9.670861,13.391365,14.933235,26.733917,24.719496,13.647386,12.168188,20.389284
1141,21.45184,30.226582,22.101965,5.9099627,15.691286,8.276922,18.027401,13.997322,14.402751,7.510428,23.413895,12.505539,12.719314,24.948511,13.295955,23.673538,30.015806,16.807522,18.317707,17.097317,8.66825,5.532856,28.12598,25.012228,29.299623,19.690765,8.495656,12.320925,9.577415,25.560795,26.295853,24.055426,14.528489,11.490097,19.196165
1142,21.477125,30.403852,22.320242,5.974682,17.10735,7.982472,18.37772,13.848846,13.818163,7.3758907,23.020426,12.485827,12.794843,24.826134,13.043386,23.555376,30.447424,17.02015,18.67445,17.494034,9.108332,6.087385,28.351898,25.243353,29.058023,19.506727,8.200665,12.152477,10.13393,24.964329,26.541069,24.285908,14.594204,11.486506,19.421362
1143,21.480913,31.51046,22.741638,5.248792,17.005661,6.174977,19.178133,14.621216,11.800821,7.023633,24.585169,12.366885,13.672399,26.35791,11.7904,22.436907,32.501118,17.702059,20.499868,18.122124,9.562038,6.512664,29.42168,27.174612,30.029182,21.441519,6.5341516,12.48905,10.335295,27.552227,27.528389,25.267244,16.093868,11.925907,20.298582
1144,21.914839,31.91055,23.213799,5.557972,17.607183,6.19214,19.495964,14.745045,11.712086,6.927866,24.669327,12.522464,13.851964,26.645641,11.788979,22.594995,33.048763,18.113707,20.871756,18.434666,9.843941,6.7955627,29.83985,27.721764,30.268536,21.668985,6.467874,12.608088,10.555893,27.654377,27.935257,25.660917,16.335312,12.177351,20.650658
1145,21.458645,30.507854,22.472569,6.025424,18.677055,7.8415008,18.676943,13.617758,13.4246435,7.339715,22.482903,12.481043,12.793867,24.550615,12.927341,23.569323,30.718023,17.12424,18.877369,17.868668,9.513072,6.624429,28.500023,25.241705,28.742369,19.133347,8.087445,11.932299,10.71194,24.080942,26.713844,24.430902,14.520949,11.389347,19.557518
1146,21.279985,30.399506,22.979769,6.970516,24.80281,7.3814397,19.81388,12.384542,11.823877,6.922241,19.218355,12.551543,12.216342,22.601707,12.784639,23.79925,30.86163,17.553526,19.59666,19.52833,11.58973,9.387061,28.56709,24.375177,26.067749,16.923288,7.908595,10.706531,13.461236,19.269463,26.992992,24.654799,14.148557,10.8228035,19.899319
1147,21.31518,30.747097,22.284683,5.4343367,16.01217,7.173158,18.518969,14.321331,13.022835,7.2507343,23.941898,12.44664,13.161115,25.629684,12.512818,22.944462,31.094713,17.199812,19.380142,17.524494,9.064213,5.9351916,28.659395,26.049538,29.576065,20.566912,7.4671407,12.47832,9.987284,26.573275,26.791723,24.592226,15.351884,11.74371,19.715384
1148,23.810398,29.292753,26.078655,16.529833,33.14928,9.186708,23.61246,10.118502,11.0106945,4.996689,8.855735,15.287866,8.330081,15.326057,17.402643,28.375895,25.916786,21.045744,21.191114,24.173893,20.776297,17.71393,27.643307,20.326742,13.200884,9.352581,11.052376,7.837598,21.422537,6.183387,27.656448,24.750738,13.844864,11.344098,21.213186
1149,21.705954,31.071272,22.962288,5.9998426,18.354939,6.388105,19.158957,14.07407,11.580582,6.7728405,23.302801,12.360609,13.344506,25.542482,11.742204,22.35697,32.058662,17.897888,20.23934,18.278254,9.928254,7.0676517,29.146652,26.869265,29.002031,20.532484,6.57143,12.120649,10.666108,25.694454,27.316319,25.112768,15.617592,11.9796715,20.241936
1150,20.980085,30.996763,22.568733,5.4212112,21.595613,6.6843195,19.526096,13.392395,11.745851,7.249756,21.915607,12.409396,13.032111,24.384155,12.27166,23.124413,31.793434,17.297499,19.9688,18.858639,10.480285,7.853572,29.040337,25.565485,28.23192,18.94583,7.2368236,11.56147,12.158802,23.134281,27.27869,24.94301,14.893941,11.181686,20.0268
1151,21.841818,29.952557,22.385368,6.8429027,18.836588,10.40998,18.122469,13.177353,16.48398,8.239199,21.354326,13.07964,12.1135845,23.533504,14.899905,25.534023,28.925201,16.578653,17.113201,17.405632,8.962679,6.064102,27.842855,23.50543,28.489077,17.642204,10.620245,11.967949,10.569576,22.077011,26.089703,23.792744,13.314534,10.884205,18.94804
1152,28.915922,28.024452,29.271078,22.028994,30.456547,11.120792,20.862352,9.494106,12.579164,2.9082494,9.810117,13.854479,8.9909115,17.566256,14.2453,25.56816,27.633865,23.389835,19.609346,21.761427,17.177013,16.063631,27.192322,24.71316,15.879503,12.214692,9.521967,7.7651687,14.382987,8.114586,26.70993,24.450518,12.732568,13.767169,20.876049
1153,21.08079,31.133448,22.378937,5.0759254,18.134918,6.6633496,19.08866,14.146639,12.271739,7.3785706,23.6579,12.426361,13.32071,25.476368,12.297854,22.924059,31.74795,17.254309,19.910372,18.167622,9.649388,6.646415,29.068617,26.141783,29.377586,20.303347,7.156276,12.215484,10.8959055,25.8741,27.217316,24.930285,15.397323,11.545615,19.987226
1154,22.246798,29.46802,22.345076,7.40651,16.988436,11.565252,17.398642,13.184276,17.956045,8.414271,21.447191,13.204205,11.831782,23.532223,15.489608,25.919584,28.017237,16.433825,16.155172,16.632223,8.113505,5.162918,27.3695,23.139807,28.774532,17.630217,11.5226345,12.257186,9.499834,22.334576,25.5713,23.372744,12.916453,10.982572,18.557007
1155,20.9516,31.082878,23.033054,5.729904,24.153578,4.9794106,20.15318,13.091743,8.994239,5.993342,20.990889,11.851794,13.278546,24.297981,10.477732,21.535707,33.161972,17.992434,21.198122,19.479284,11.494125,9.253576,29.298754,26.762129,27.538267,19.124968,5.2917495,11.023091,12.877396,22.45461,27.610905,25.315058,15.557355,11.30322,20.48355
1156,21.812378,30.947638,23.018753,6.2421975,18.513424,6.6570477,19.11469,13.958462,11.809624,6.795289,22.975348,12.434931,13.227272,25.319794,11.925184,22.53018,31.791222,17.9311,20.044394,18.277557,9.970524,7.1116314,29.050852,26.701464,28.781511,20.243198,6.78033,12.0923,10.731553,25.192797,27.23332,25.051394,15.443145,12.014,20.20864
1157,19.482233,30.327347,23.503693,10.856763,34.335564,5.8583264,25.208841,11.107204,7.276291,3.7559605,8.5086565,15.202616,8.517329,15.432616,16.933052,28.234407,27.497784,19.583923,23.819002,25.097866,22.868181,18.519592,28.185375,19.790949,13.833562,9.11073,9.205931,8.803167,26.661728,7.299177,28.31367,25.252783,16.471289,10.229938,21.632832
1158,20.923552,31.112206,22.228725,4.940298,18.887367,7.067821,19.12474,13.965508,12.804634,7.6786947,23.305298,12.518021,13.17264,25.076103,12.778283,23.491385,31.468464,16.966955,19.61099,18.271624,9.708484,6.725898,28.999527,25.525045,29.2516,19.720781,7.6975083,12.074938,11.262031,25.086113,27.170147,24.811628,15.046796,11.252635,19.835447
1159,22.878344,29.386719,23.573547,9.463038,22.129135,9.784056,18.69494,12.001589,14.722507,7.7248096,18.999441,13.024603,11.550719,21.941965,14.229884,24.702576,28.43372,17.832745,17.523947,18.61073,10.480398,8.291989,27.750202,23.42993,25.13773,16.208714,9.812018,10.618065,11.250329,18.401005,26.17661,23.981903,12.595497,11.30806,19.374853
1160,24.853268,29.742714,26.40482,13.647538,28.906963,7.2720294,20.91503,11.106873,9.541452,4.1997275,14.275655,13.042873,11.123959,20.49275,12.100402,23.402884,30.640167,21.035336,21.058027,21.587166,15.046599,13.675967,28.571682,25.777685,21.049002,15.273164,6.7281165,9.253122,14.72942,13.413154,27.423403,25.34865,14.407306,12.86402,21.161077
1161,20.428564,31.333958,22.841255,5.595074,26.476501,5.5964494,20.919172,12.767481,9.65772,6.4553895,19.582453,12.454433,12.637582,23.04747,12.043157,23.30507,32.47229,17.724146,21.284357,20.394688,12.789191,10.274375,29.437841,25.194519,26.28885,17.357805,6.6244645,10.825151,15.21237,20.065445,27.923985,25.416683,15.2563095,10.793106,20.553707
1162,20.789534,30.81761,23.128038,6.9086647,27.518799,6.250358,20.965487,12.205254,10.026552,6.257024,17.916689,12.689694,11.977429,21.858585,12.651779,23.87479,31.446163,17.939339,20.895802,20.699553,13.42843,11.093414,28.997108,24.265326,24.635435,16.063076,7.282057,10.323111,15.810264,17.740595,27.617672,25.130568,14.757791,10.69777,20.414433
1163,21.403395,29.951963,22.094501,6.141759,16.456629,8.3555975,18.015966,13.690886,14.243115,7.443182,22.704657,12.493132,12.528798,24.458807,13.268958,23.607424,29.71967,16.804535,18.155603,17.16513,8.854363,5.817731,27.916945,24.731886,28.68455,19.155603,8.538223,12.094241,9.850035,24.55093,26.123058,23.914476,14.264742,11.407185,19.116877
1164,30.915815,26.820171,30.877747,26.548265,31.706596,11.738114,22.059118,8.647437,11.8498,6.325637,8.19418,15.480169,8.504166,14.696638,15.895505,24.557163,22.078104,25.604412,17.453989,22.339867,19.565222,16.58073,26.969074,24.716467,10.385009,9.66573,10.9806385,7.809442,12.070286,3.951579,27.443718,25.02423,10.099415,15.917655,22.220007
1165,34.191,25.811165,33.46634,30.985214,31.191998,11.667023,21.961958,8.57612,9.699439,4.05433,6.660768,15.407261,8.740119,14.949022,13.799421,21.560434,21.585773,28.768318,16.953516,21.07122,20.36792,16.27483,26.975746,29.139717,10.052254,10.067479,9.005838,9.114005,8.717466,3.6917143,27.948956,25.743788,10.022768,19.316608,23.401503
1166,23.801798,27.794815,24.818478,16.514088,31.813946,14.455418,21.660448,9.1921215,17.603857,10.918488,9.680831,16.62174,7.777108,14.254251,21.053873,30.259651,20.917337,18.847134,16.342245,22.274181,17.2246,14.314722,25.933687,16.550838,12.803671,8.062687,16.995901,7.740305,17.96712,4.68486,25.840612,23.070744,10.3565035,9.70883,19.665552
1167,18.042486,22.972935,19.820732,8.859,12.696402,28.164625,16.865963,11.866706,30.500683,25.241203,5.774276,26.801609,8.23984,18.289465,30.573446,33.0371,5.66086,18.100988,8.354574,20.298502,7.014335,4.2367725,20.947811,15.079898,11.989737,12.417096,29.379759,20.012249,21.322002,2.3535352,18.121277,23.38592,14.029994,11.637507,23.073832
1168,22.225826,29.526764,22.7794,8.025012,21.385548,11.510904,18.273539,12.424517,17.143473,8.392387,19.334116,13.390227,11.602465,22.32611,15.547163,26.247974,28.071781,16.768059,16.513636,17.782116,9.500287,6.9288406,27.498344,22.673182,27.134855,16.150843,11.596655,11.494211,11.348097,19.115406,25.84214,23.609186,12.611213,10.60544,18.901114
1169,21.598864,27.751469,21.291937,7.538887,14.593676,13.350674,16.07929,12.592854,19.805086,9.508865,20.028423,13.734667,10.847961,22.273668,16.753113,26.213419,24.933178,15.57279,14.226831,15.501288,6.915312,4.037436,25.762579,21.133993,27.202528,16.474161,13.413319,12.481718,8.946436,20.567019,23.894897,22.161882,11.883914,10.619541,17.66271
1170,21.500055,30.673925,22.898941,6.262221,20.791636,6.7569256,19.25294,13.360975,11.598793,6.7612205,21.718765,12.313485,12.947169,24.420008,11.929764,22.67309,31.587177,17.707825,19.821518,18.574524,10.365847,7.758176,28.830242,25.995302,28.016945,19.130442,6.934362,11.596699,11.503072,23.204334,27.078007,24.852716,14.912396,11.5842,20.032698
1171,21.453066,31.138477,22.56276,5.3958483,16.030376,6.4463177,18.841513,14.583271,12.134079,7.004121,24.434706,12.40706,13.471309,26.167019,11.964373,22.430395,31.899664,17.572504,20.132816,17.79496,9.321778,6.217071,29.059517,26.863409,29.774738,21.300909,6.762092,12.540405,10.030375,27.462048,27.174679,24.977491,15.940156,11.963533,20.077753
1172,21.113003,30.62133,22.324392,5.706277,20.215454,7.7974463,18.993391,13.361207,13.35416,7.674428,21.978655,12.593274,12.701142,24.08105,13.211674,23.939722,30.717024,16.88276,18.985544,18.326694,9.892079,7.1415133,28.586296,24.658466,28.273146,18.524359,8.360657,11.632856,11.54087,23.015562,26.829485,24.465746,14.309192,11.008675,19.55697
1173,24.756363,28.501713,26.117317,18.423178,32.807976,12.254272,23.167364,9.050463,15.084822,11.349228,9.786368,16.924908,7.8545046,13.670574,20.814316,29.77904,20.970188,20.49555,18.09645,24.571182,19.50658,16.698912,27.041153,17.160864,9.834021,8.067493,15.440145,6.78431,18.70084,3.6004684,27.105366,24.272356,10.539853,10.822362,20.970198
1174,22.010668,29.051596,23.29028,9.862295,26.609667,9.928868,19.622595,11.117781,14.188007,7.3118906,15.785431,13.25132,10.635156,19.705994,15.048059,25.853964,27.59401,17.528204,17.701271,19.700218,12.556377,10.434139,27.262518,21.531271,22.675833,13.613027,10.549892,9.695437,14.265281,14.122158,26.047234,23.634974,12.362138,10.238328,19.209225
1175,22.141169,29.624744,22.593338,7.4446177,18.67758,10.385521,17.918802,13.002072,16.212584,7.913064,21.063236,12.901062,12.023276,23.432972,14.50489,25.041344,28.769272,16.851227,16.956112,17.200079,8.883813,6.0812106,27.640194,23.777443,28.170568,17.631207,10.302103,11.871794,10.123697,21.874727,25.895254,23.686987,13.200133,11.097046,18.915068
1176,21.497923,30.453499,22.274035,5.834892,15.820789,7.802176,18.234024,14.146981,13.760988,7.271352,23.61551,12.456903,12.926408,25.297771,12.873386,23.29798,30.557724,17.074602,18.805433,17.261072,8.847228,5.7255297,28.371984,25.604357,29.469694,20.125772,7.974947,12.41498,9.692409,26.040298,26.5259,24.316896,14.929102,11.671726,19.455952
1177,17.98149,22.637339,19.659948,8.824284,12.092482,28.475176,16.436283,11.810762,30.822119,24.849155,5.611963,26.641077,8.125543,18.293283,30.443235,32.90611,5.509842,17.93233,7.952269,19.75238,6.5583653,3.8093472,20.626806,15.011468,12.332819,12.362302,29.48672,20.181019,20.928875,2.461356,17.777401,23.099722,13.893056,11.581678,22.79302
1178,22.452875,28.991295,22.900116,8.795984,21.103394,11.397257,18.028742,12.156977,16.753649,7.981781,18.776268,13.19059,11.364861,21.892565,15.178506,25.707268,27.547764,16.994226,16.244911,17.572845,9.576686,7.0538025,27.098358,22.65901,26.348598,15.848418,11.254935,11.234634,10.911455,18.522636,25.51269,23.345304,12.349829,10.790296,18.76045
1179,21.839981,29.484245,23.01652,8.361512,23.81195,8.741946,19.14993,11.86784,13.389275,7.553671,18.50503,12.779449,11.5955925,21.5807,13.739355,24.333887,28.889946,17.422773,18.143229,19.052536,11.139889,8.986007,27.76026,23.152159,24.778885,15.876132,9.142134,10.314222,12.481352,17.812887,26.252277,23.968214,12.934644,10.765305,19.363897
1180,18.363424,30.635603,22.933945,10.516975,35.340137,6.3632693,26.502417,11.204132,7.7225256,4.4798517,6.8531957,16.516096,7.703834,14.0012045,19.329578,30.411074,25.92709,19.341835,24.359858,26.460962,25.019163,19.880157,28.157337,17.68455,11.354935,7.3840003,11.011089,8.812645,30.0829,5.203287,28.610344,25.38797,17.003431,9.583336,21.992678
1181,25.87023,26.492027,25.899754,19.672579,31.275116,18.759787,20.388313,8.441623,21.736681,14.047451,8.657908,18.038704,7.265933,14.072447,22.97685,30.939123,18.09809,19.426357,14.058705,21.385674,15.476149,13.33944,24.81549,16.166878,11.34754,8.301125,20.757444,8.061409,15.527195,3.0874,24.57597,22.510508,9.198617,9.963833,19.54804
1182,22.196074,29.722897,23.17677,8.191655,22.751724,9.30263,18.857965,12.234224,14.224198,7.453527,19.24018,12.813239,11.869199,22.390682,13.811433,24.561623,29.299742,17.48724,17.91078,18.604534,10.422364,8.192551,27.954628,23.738573,26.178663,16.541185,9.362571,10.8787,11.801811,19.017548,26.326962,24.102781,13.088561,11.024216,19.408571
1183,31.477434,26.318842,30.770384,27.74434,31.761734,15.330081,20.237354,8.055445,16.685125,3.2746382,7.125979,14.285469,7.3834367,15.31086,16.39498,27.42536,24.433563,24.322557,16.930363,20.790798,17.50678,16.534271,25.677559,23.223936,12.713518,9.53048,13.065552,6.7405877,13.133699,4.679482,25.7019,23.228228,10.367133,13.585632,20.063576
1184,21.57439,30.32247,22.726797,6.4941087,19.12417,7.2256455,18.852173,13.433566,12.291595,7.00333,21.864363,12.48688,12.741527,24.322361,12.377484,22.85034,30.733368,17.589346,19.327475,18.196976,9.992908,7.244038,28.478186,25.61894,27.77157,19.11209,7.4003096,11.745491,10.999693,23.43157,26.71643,24.569921,14.714036,11.696946,19.819723
1185,21.59869,31.590273,22.883968,5.360447,17.282463,6.1373525,19.264147,14.627508,11.679335,6.922962,24.522816,12.378981,13.714166,26.407139,11.711152,22.406874,32.681755,17.832561,20.622158,18.204594,9.668303,6.6398406,29.513145,27.353262,30.053469,21.48634,6.4515815,12.494326,10.409064,27.507061,27.62306,25.362598,16.174088,11.990421,20.39171
1186,21.694372,31.724451,22.900536,5.324934,16.318413,6.127593,19.21173,14.890701,11.854969,6.9138646,25.02391,12.4393425,13.802723,26.764381,11.780474,22.456121,32.775322,17.865622,20.72767,18.10559,9.509503,6.4030347,29.59217,27.530556,30.397474,21.929117,6.464497,12.682608,10.125173,28.321247,27.679857,25.418024,16.415825,12.100514,20.427586
1187,20.003113,31.026949,22.775818,6.242239,28.874435,5.662775,21.564753,12.1946335,9.208178,5.835063,17.21991,12.718071,11.775773,21.360397,12.76775,24.155321,31.669325,17.746927,21.50073,21.143055,14.424564,11.805824,29.102112,23.82272,24.141329,15.392345,7.1369534,10.24952,17.401222,17.072292,27.86871,25.220327,15.135586,10.330416,20.502546
1188,25.144068,26.886292,25.825264,18.347654,28.4722,11.042618,20.582449,8.79048,13.83781,8.927709,10.869538,14.886516,8.255985,14.900122,17.23825,26.279844,22.016638,20.271673,17.116318,22.269508,16.232426,14.7521515,25.889275,18.865213,11.930908,9.86593,12.331682,6.668485,14.652877,5.8657503,25.43376,23.168192,10.103867,11.405915,19.766172
1189,31.832607,25.763947,30.59694,28.36385,31.585833,18.918682,19.515732,7.664191,20.838865,6.1068683,6.9584255,15.500964,6.8257465,14.915959,18.928009,29.158089,22.124914,23.643688,14.893455,19.931416,16.015131,15.261593,24.930138,21.432154,12.17942,8.894291,17.184616,7.0056534,12.349858,3.9211383,24.916996,22.596022,9.111055,12.770287,19.580023
1190,26.731314,26.09154,26.175135,20.259043,29.385118,19.985212,19.220083,8.302001,23.463238,13.686957,9.185767,17.804327,7.192789,14.776856,22.907902,31.048891,18.382874,19.378008,13.275232,20.449902,13.703742,12.338577,24.545368,16.379337,12.486243,8.872148,21.216248,8.208242,14.09387,3.9206734,23.973808,22.154325,8.789539,10.095939,19.045963
1191,18.51214,31.559822,22.447952,6.0570116,33.15839,5.1731887,23.85818,11.983957,7.8490677,5.2711525,13.618117,13.928755,10.647866,18.998968,14.8241825,26.485315,30.782444,18.005713,23.160192,23.435513,18.501009,14.879686,29.394768,21.922583,20.633581,12.42043,8.016494,10.034153,23.399803,12.850169,28.688652,25.772167,16.195274,9.751472,21.3108
1192,22.137514,30.21199,23.920244,8.579754,26.050777,6.6848054,20.155123,11.9929905,10.277674,6.0723653,17.965494,12.554337,12.0722275,22.209251,11.946472,22.902002,31.145744,18.644114,20.359964,20.210678,12.49414,10.708746,28.665373,25.169056,24.533289,16.80962,6.90066,10.234285,13.74045,17.821459,27.151524,24.985626,14.399196,11.50495,20.395481
1193,31.79523,25.912891,31.05653,28.849096,31.938272,15.812721,20.277065,7.783422,16.92804,3.3122447,6.2396054,14.509235,7.0178804,14.863085,16.69974,27.528442,23.71518,24.737242,16.86238,20.874592,17.95079,17.04998,25.341434,23.135742,11.48838,9.188998,13.491706,6.62012,13.411329,3.8718991,25.464695,23.116077,10.357531,13.722225,20.162117
1194,21.491678,30.952835,22.65243,5.670614,17.250175,6.614378,18.910292,14.218625,12.059191,7.0302005,23.686388,12.408936,13.313563,25.64875,12.006417,22.495417,31.673496,17.624407,19.938147,17.961447,9.565576,6.5559072,28.969208,26.621265,29.230757,20.64566,6.860443,12.3118305,10.391817,26.229038,27.114109,24.931662,15.560711,11.91388,20.064932
1195,22.341528,31.043217,23.540398,7.017898,19.228735,6.5903172,19.34851,13.820427,11.4881525,6.5755596,22.559286,12.54398,13.194028,25.180962,11.839718,22.496418,31.977432,18.419771,20.317675,18.665749,10.367464,7.6564093,29.256586,26.983082,28.290388,20.128132,6.6132336,11.921619,10.89205,24.550552,27.45878,25.292894,15.443207,12.300747,20.469181
1196,20.928596,30.950235,22.269028,5.0257015,18.101267,6.408091,19.017,14.072149,11.877585,7.21171,23.488913,12.302934,13.283675,25.377432,12.009611,22.562456,31.693697,17.227945,19.944769,18.093323,9.662673,6.70151,28.914364,26.162497,29.153727,20.294443,6.874372,12.131568,10.868971,25.78899,27.074032,24.82506,15.432652,11.519117,19.92634
1197,21.507647,30.7588,22.384811,5.6857214,16.285519,7.622722,18.507376,14.227253,13.584969,7.4282866,23.809454,12.551861,13.067565,25.449764,12.902155,23.392107,30.896503,17.169867,19.11386,17.550663,9.05026,5.920929,28.667526,25.778248,29.553263,20.25355,7.91188,12.431444,9.99287,26.162916,26.809517,24.564867,15.070401,11.693792,19.659552
1198,21.542355,28.040716,23.41877,14.22897,31.719887,13.438272,22.781656,9.338551,16.483906,13.284931,9.013915,17.962347,7.499892,13.468945,22.633068,30.883345,19.170078,18.22374,17.49928,24.12888,18.717594,15.446143,26.00876,14.674872,9.965229,7.6541867,17.554255,7.8041053,21.165798,3.3091545,25.887115,23.482414,11.351161,9.140123,20.344496
1199,21.906515,29.9259,23.094604,8.015831,23.92408,9.151461,19.266764,12.157185,14.036465,7.511551,18.804907,12.93873,11.764297,22.027948,14.091923,24.991102,29.414158,17.362322,18.263868,19.078709,11.050109,8.821396,28.06085,23.32068,25.767723,16.128937,9.539547,10.678733,12.745463,18.324093,26.509157,24.17314,13.224458,10.717637,19.466581
1200,21.272821,30.471928,22.219368,5.7646375,17.877308,7.92813,18.56023,13.718873,13.759253,7.6485987,22.824465,12.564803,12.752891,24.56746,13.219843,23.740622,30.408352,16.876232,18.729223,17.750553,9.315343,6.3359976,28.411259,24.912802,28.755285,19.18638,8.34968,11.98156,10.571701,24.433216,26.61527,24.309345,14.458684,11.290562,19.425173
1201,23.843319,29.829033,24.735935,10.650124,23.924788,8.887225,19.341005,11.956222,13.047042,6.5609207,18.345058,12.91111,11.790086,22.232834,13.150227,23.945581,29.81532,19.076784,18.721214,19.356262,11.433938,9.524687,28.404913,25.00856,24.897718,16.61389,8.523657,10.4928465,11.661621,17.923813,26.875679,24.731329,13.261798,12.138881,20.145905
1202,24.858526,24.49503,23.972338,16.109507,24.621502,28.187117,16.429712,9.098247,31.891481,20.420439,8.495451,22.19878,7.080118,16.369572,28.051395,33.620975,13.254105,17.27354,8.79946,17.83664,8.291778,6.728732,22.539463,14.071329,14.512183,10.157204,29.635252,13.059067,13.927254,3.6569734,20.962896,21.387003,8.954864,9.137938,18.982248
1203,22.167551,31.593628,23.299103,6.07784,17.980213,6.935928,19.281105,14.425943,12.472936,7.052189,24.057035,12.594746,13.580882,26.145618,12.231583,23.037321,32.420506,18.077742,20.237316,18.293556,9.75639,6.727574,29.593536,27.245497,29.962072,20.967886,7.052189,12.5211525,10.461369,26.581467,27.71098,25.448946,15.750719,12.177683,20.465584
1204,30.010359,27.2633,29.812418,24.531317,31.29969,13.620909,20.603428,8.884809,15.15524,3.5053437,8.592447,14.237506,8.253086,16.3071,15.758419,26.90617,25.677654,23.563364,17.846758,21.14329,17.278685,15.94182,26.42059,23.619823,14.638105,10.598603,11.866361,7.3971977,13.7349825,6.3233433,26.25851,23.77262,11.287956,13.466211,20.384714
1205,26.34662,30.568768,26.602093,13.100536,20.755548,9.167832,19.443441,12.927538,13.363498,5.6972075,19.763319,13.411766,12.231946,23.836386,13.062204,23.890543,30.642624,20.968199,19.5053,19.304977,11.571522,9.217175,29.293505,27.484875,25.86263,18.588854,8.086463,11.393473,9.962585,20.506166,27.754951,25.682354,14.251206,14.11817,21.104548
1206,21.5796,30.177372,22.450659,6.3624363,17.71185,7.9791894,18.406193,13.597186,13.521379,7.28259,22.39276,12.51336,12.654196,24.44699,12.940468,23.376795,30.209867,17.194956,18.623796,17.614094,9.344533,6.4006824,28.22591,25.194933,28.409666,19.13414,8.111793,11.979921,10.334173,24.093563,26.442696,24.250261,14.427911,11.567148,19.458261
1207,21.636623,31.218565,22.710032,5.592231,16.924393,6.99652,18.925978,14.406115,12.751918,7.268278,24.150011,12.527201,13.397971,25.921894,12.411215,23.015581,31.764318,17.562208,19.831472,17.93018,9.385267,6.286185,29.15705,26.586203,29.803274,20.799715,7.277548,12.499826,10.257381,26.714426,27.27559,25.028275,15.550057,11.90682,20.0834
1208,33.152134,26.24712,32.687984,29.421743,31.30159,11.2432,22.132746,8.673794,9.862186,4.8349104,7.3378577,15.440348,8.784736,14.941898,14.277086,22.23807,21.831223,27.886606,17.321405,21.620466,20.259684,16.417456,27.165997,27.987875,10.146139,10.077065,9.246386,8.766542,9.71802,3.9011135,27.981937,25.704128,10.120422,18.465965,23.197788
1209,23.539934,25.702744,22.969418,12.894321,21.936155,22.468801,16.52975,10.327997,27.008434,15.629507,12.1179285,18.647692,8.590766,18.207996,23.571669,30.939058,17.60672,16.741734,10.530203,16.920626,8.183334,5.8647704,23.750942,17.04082,19.76201,11.749468,22.962597,12.887937,12.4503,9.14118,22.187721,21.70695,9.879834,9.8510275,18.537094
1210,22.461128,29.303986,22.250172,7.5479426,15.85015,12.8322315,16.951166,13.2329,19.627174,9.071893,21.61056,13.588217,11.632476,23.59206,16.453575,26.725927,27.276232,16.172935,15.397734,16.181772,7.3881035,4.4173665,27.158941,22.592466,29.147219,17.57418,12.814743,12.626043,9.001814,22.447681,25.282623,23.163527,12.584004,10.919006,18.326347
1211,21.502243,30.339764,22.625195,6.2761407,19.156565,7.428832,18.744648,13.471075,12.595814,6.9533014,21.991854,12.375396,12.7879305,24.42891,12.391577,22.974157,30.837914,17.421675,19.128363,17.971321,9.781819,6.9857354,28.444374,25.61656,28.284632,19.116415,7.516972,11.843086,10.867907,23.657328,26.675093,24.491318,14.661218,11.575917,19.700472
1212,20.160166,31.353241,22.883802,6.098778,28.903917,5.772008,21.678238,12.306459,9.553463,6.374056,17.844564,12.830191,11.981286,21.65903,12.990913,24.399202,31.866474,17.747263,21.504381,21.290611,14.251718,11.634651,29.422556,23.94257,24.511835,15.646816,7.3267217,10.292345,17.231325,17.507303,28.129025,25.434994,15.034017,10.363411,20.6278
1213,21.806763,29.794418,22.101294,6.568379,15.768085,9.992211,17.56024,13.643112,16.407902,8.019828,22.683435,12.816608,12.252507,24.30273,14.47022,24.833258,28.89561,16.484276,17.093374,16.69368,8.171487,5.095168,27.675516,23.947155,29.19361,18.732363,10.104782,12.327185,9.276899,24.25708,25.851332,23.61169,13.64885,11.210541,18.754198
1214,21.953714,27.998672,21.68202,7.9964566,16.183426,13.942759,16.416355,12.40033,20.332508,9.8382435,19.507849,14.025271,10.787348,22.01815,17.273277,26.899923,24.982477,15.747014,14.213008,15.928685,7.2763414,4.522664,25.985268,20.943228,26.94317,16.021267,14.060835,12.335625,9.472706,19.57285,24.145084,22.360615,11.688363,10.499569,17.840822
1215,20.632885,30.567194,23.154438,7.6446652,29.328451,6.693791,21.402914,11.740031,10.175726,5.941062,16.061136,12.980885,11.278183,20.532915,13.477842,24.828442,30.646772,17.96198,20.850666,21.248337,14.588199,12.188427,28.70641,23.103153,23.037207,14.473855,8.00609,9.889376,17.398445,15.3172035,27.538654,24.944166,14.519389,10.317534,20.336924
1216,29.560694,28.151352,29.958515,23.974531,31.868582,11.348969,22.662548,9.0810585,12.5911455,7.963046,9.769834,15.961293,8.802939,15.168435,17.186195,26.293613,22.887411,24.42565,18.357412,23.724718,19.405018,16.841972,27.848034,23.08605,11.017568,9.996562,11.727527,7.488304,14.046022,4.587702,27.973694,25.473215,10.498767,14.761423,22.308218
1217,27.727526,27.91298,27.347193,17.555305,22.852701,11.721445,18.437653,10.865826,14.807507,5.132476,14.885593,13.534449,10.307792,20.250423,13.960873,24.161943,26.756573,21.538893,16.86252,18.716959,12.062274,10.261893,27.118607,25.218317,21.347143,14.788146,9.946613,10.025734,9.414072,13.838265,26.008604,24.140455,11.732168,14.151012,20.142939
1218,21.35087,30.621395,22.309528,5.568389,15.843555,6.9927516,18.4387,14.293343,12.732718,7.046623,23.904324,12.331993,13.154819,25.640652,12.232304,22.608992,31.120472,17.272932,19.419733,17.422703,9.040259,5.9493275,28.567562,26.203312,29.471148,20.674765,7.2084527,12.426609,9.78701,26.673965,26.709044,24.535841,15.405414,11.792957,19.689743
1219,19.985651,30.953228,22.016298,4.2767134,22.318718,5.3060546,19.751503,13.39392,9.967569,6.940257,21.927603,11.952015,13.273358,24.451694,11.1640415,21.963478,32.35468,17.059496,20.565916,18.930408,10.727267,8.118166,28.996098,25.904852,28.155888,19.22273,6.006179,11.413774,12.662771,23.521122,27.246725,24.936312,15.361424,10.878752,20.064571
1220,21.352606,30.504639,22.477219,5.9014935,18.367989,7.210498,18.744991,13.715076,12.568734,7.110853,22.62651,12.387642,12.92639,24.769686,12.386816,22.91289,30.970482,17.32069,19.28131,17.916912,9.624124,6.726659,28.555122,25.722603,28.608463,19.540152,7.4288793,11.984236,10.698813,24.520897,26.756807,24.55111,14.863026,11.58556,19.724205
1221,22.064524,32.554745,23.535837,5.3746386,18.013775,5.6212354,19.946093,15.081947,11.126533,6.7428074,25.319944,12.491187,14.248803,27.323683,11.403778,22.435684,34.131218,18.421642,21.655432,18.79972,10.09613,7.0907164,30.418045,28.505604,30.892424,22.430254,5.9572043,12.7073345,10.723499,28.69548,28.48824,26.14266,16.95291,12.265061,21.042582
1222,21.543114,30.296732,22.46632,6.255152,18.060728,7.907857,18.51279,13.605458,13.4529505,7.298956,22.432692,12.498146,12.710439,24.483292,12.917942,23.42156,30.39479,17.182323,18.723186,17.708342,9.41994,6.4862504,28.328922,25.231644,28.513323,19.137835,8.077622,11.957038,10.462878,24.097424,26.547512,24.320295,14.463572,11.513014,19.501236
1223,21.823515,31.760332,23.1002,5.5253224,17.560913,6.2374024,19.379457,14.666625,11.770814,6.9215946,24.565302,12.44911,13.78277,26.523136,11.771763,22.550785,32.88173,17.997843,20.711763,18.316063,9.758951,6.722133,29.692646,27.554512,30.20409,21.549442,6.498286,12.552465,10.456879,27.51733,27.79596,25.52236,16.22046,12.096201,20.525045
1224,21.450842,30.980108,22.51577,5.5110383,16.731169,6.9371095,18.76519,14.318045,12.659052,7.193199,23.988173,12.419718,13.301612,25.756306,12.300257,22.830423,31.537058,17.411966,19.681162,17.769302,9.285188,6.2111425,28.924301,26.392136,29.632439,20.684347,7.2115583,12.423085,10.154898,26.578587,27.053993,24.828371,15.465515,11.807008,19.919283
1225,21.760166,31.08019,22.902058,5.9576592,17.472588,6.6507897,19.01183,14.239385,12.048928,6.9274664,23.674252,12.447275,13.357585,25.734016,11.988195,22.546774,31.870056,17.832293,20.05819,18.073193,9.675676,6.694142,29.115072,26.839087,29.284071,20.71765,6.8276167,12.315929,10.379606,26.214245,27.26349,25.068895,15.624358,12.03805,20.188835
1226,24.959997,29.05944,25.785805,13.152149,25.021336,8.684074,19.426878,11.290944,11.754768,5.2123475,15.905047,13.013002,11.1796465,21.121876,12.528453,23.185366,29.246918,20.29587,19.063448,19.86364,12.54443,11.062893,27.954037,25.317457,22.47324,15.791135,7.848082,9.865807,11.938826,15.184868,26.597147,24.685514,13.263055,12.930731,20.425114
1227,21.592752,31.292158,22.85991,5.5932574,17.88493,6.364818,19.168943,14.317128,11.754805,6.941517,23.906353,12.362091,13.517958,25.933846,11.784686,22.432161,32.285313,17.789915,20.305258,18.177872,9.731927,6.7637563,29.291508,27.030329,29.571253,20.92279,6.608193,12.322954,10.531641,26.534231,27.427471,25.195179,15.799447,11.936556,20.271132
1228,32.401398,25.32761,30.84496,28.793093,30.534271,18.616257,18.772633,7.6371255,20.388014,4.9475994,7.366871,14.761433,6.992275,15.25813,17.64854,27.950459,22.565353,23.849617,14.403008,18.894444,15.161082,14.427745,24.693478,22.384949,13.169897,9.281059,16.135887,7.0925803,10.631247,4.7612267,24.65406,22.323801,8.730201,13.289614,19.255907
1229,21.311419,30.564905,22.387127,5.951441,20.11002,8.344554,18.849752,13.332481,14.042218,7.7287703,21.897253,12.653264,12.612502,24.01452,13.547997,24.341372,30.488708,16.829144,18.623072,18.16679,9.712596,6.9500146,28.500874,24.454714,28.470007,18.344706,8.816402,11.688639,11.343298,22.854717,26.746746,24.363848,14.094339,10.964509,19.44082
1230,21.282393,30.103233,22.34747,6.1740932,18.965757,7.6199794,18.564133,13.340853,12.921636,7.1250067,21.861334,12.347939,12.6092005,24.116814,12.621612,23.128983,30.39447,17.100628,18.789598,17.822021,9.628356,6.8476634,28.17754,25.045515,28.050066,18.78394,7.821814,11.695272,10.786818,23.350315,26.427588,24.209944,14.370159,11.332308,19.429323
1231,21.761717,31.819681,23.092014,5.436056,17.744118,6.1011786,19.454073,14.672653,11.6017275,6.9163294,24.591415,12.424362,13.824228,26.54752,11.688051,22.485617,33.00298,18.002748,20.817652,18.390835,9.817128,6.7995434,29.74895,27.606848,30.206312,21.583174,6.393663,12.524018,10.553387,27.548252,27.851622,25.569609,16.271519,12.067154,20.56487
1232,22.155558,31.859451,23.40315,5.944605,17.736307,6.2474914,19.501123,14.664134,11.683107,6.795311,24.470762,12.536134,13.79702,26.550993,11.763617,22.572123,33.017624,18.281605,20.869171,18.481085,9.93942,6.9347916,29.837616,27.78674,30.068302,21.578592,6.43907,12.535852,10.489304,27.380634,27.948208,25.680376,16.27269,12.293724,20.686005
1233,32.96846,25.701498,31.697437,30.109362,31.843801,17.558016,19.6542,7.6386356,18.818172,3.381635,6.410828,14.528773,6.940335,15.174207,16.998903,27.895708,23.663698,24.940832,15.859683,19.923075,16.90072,16.194147,25.13385,23.460403,12.354024,9.294565,14.706614,6.781581,12.00296,4.2539577,25.236847,22.850828,9.7017355,13.825623,19.861124
1234,19.272741,29.667236,22.516165,9.656455,32.261322,7.4088883,23.577307,10.630983,10.110673,7.643269,11.027313,15.247343,8.917845,15.702551,17.702816,27.921005,25.49551,18.017845,21.031515,24.004082,19.422665,15.816546,27.63831,18.21702,14.740887,9.531068,11.032654,8.462052,23.03591,7.9298244,27.35205,24.493038,14.008886,9.423129,20.671581
1235,21.484959,31.12679,22.82101,5.7116647,19.729021,6.8659387,19.261633,13.828735,12.14448,7.094843,22.873491,12.404854,13.247733,25.155178,12.186508,22.997791,31.95466,17.58625,19.908873,18.420063,9.99763,7.1697426,29.164185,26.296099,29.092577,19.830873,7.135089,12.018215,11.195547,24.72937,27.343075,25.058676,15.185053,11.626858,20.121603
1236,21.934011,29.492203,24.771355,12.9014635,32.320484,6.373315,23.040754,10.74989,7.9732103,2.63521,10.101075,13.626972,9.227793,16.979557,14.295022,25.921957,28.847454,20.152027,22.420374,23.09825,19.746328,16.74271,27.798119,22.160227,16.619837,11.125671,7.6565194,8.562622,21.299965,9.318541,27.511602,24.716532,15.30776,11.172388,20.882692
1237,29.80583,27.027977,29.515862,23.973982,30.30104,13.090427,20.562742,8.886845,14.655803,5.9410276,9.932006,14.621763,8.699014,15.790115,15.982449,25.768843,23.577253,23.433111,16.444279,20.948082,16.71345,14.609981,26.503178,23.209581,13.908371,10.30262,12.064699,7.5975833,11.565037,6.102998,26.481346,23.946753,9.724599,14.003897,20.642447
1238,23.80126,24.14979,23.252094,14.6424885,20.546207,25.95233,15.964477,10.123784,29.399132,17.037863,8.832962,20.807796,7.799238,17.570976,25.602718,31.802458,14.159807,17.711588,9.061261,16.887514,7.802682,5.619753,22.283665,16.573814,17.107157,11.1848545,25.881458,14.485298,13.779373,6.0438566,20.578625,21.490534,10.358635,10.42021,19.228453
1239,21.494276,30.366297,22.678745,6.4555407,20.734371,7.9088564,18.950758,13.13361,13.091166,7.281666,21.27492,12.545642,12.578539,23.837608,12.93775,23.661055,30.597763,17.275087,18.906742,18.339977,10.067487,7.4420195,28.449059,24.909641,27.81328,18.295954,8.167198,11.528975,11.482466,22.25318,26.719145,24.455645,14.228751,11.231582,19.638529
1240,18.553644,23.009068,20.068283,9.488897,14.217714,27.59083,16.830957,11.43968,30.017963,24.521223,6.0559716,25.993233,8.078324,17.791803,29.931162,32.714146,6.479831,17.825739,8.478658,19.997772,7.3557653,4.658284,21.005383,14.800568,12.001632,11.979514,28.910486,18.905243,20.402264,2.3869128,18.389713,22.98738,13.340377,11.251174,22.448076
1241,25.524677,28.61787,26.715391,19.206312,32.521618,12.185897,23.12308,9.076718,15.015699,11.280137,10.153953,16.883259,8.055168,13.973565,20.518436,29.508715,21.235874,21.030052,18.134405,24.666222,19.349422,16.726282,27.309002,17.847794,10.005259,8.463093,15.099529,6.78085,17.952066,3.8285613,27.319878,24.546019,10.414458,11.349399,21.218903
1242,21.989485,29.74078,23.19875,8.387372,24.564175,9.311475,19.28406,11.946558,13.994588,7.3207836,18.128698,12.938034,11.605868,21.678093,14.094437,25.031584,29.205568,17.466867,18.147373,19.159695,11.245881,9.118678,27.909204,23.183722,25.35639,15.725642,9.593018,10.5382595,12.979706,17.482235,26.392853,24.097757,13.107818,10.68347,19.449003
1243,23.388433,29.5878,25.072441,11.940766,28.993868,8.083418,20.725817,10.994905,11.002117,5.24664,14.396491,13.133036,10.808405,19.965883,13.28924,24.528961,29.670376,19.61361,20.119764,21.21475,14.511959,12.934177,28.148815,23.89187,21.337923,14.288175,8.162237,9.290274,15.491738,13.167031,26.997396,24.765165,13.77987,11.588686,20.465681
1244,24.686598,29.630224,25.1722,11.611434,20.999538,8.917582,18.877596,12.394662,13.090315,5.93188,19.007582,12.941559,11.839525,22.898405,12.83578,23.392155,29.655357,19.691587,18.746962,18.774874,11.047955,8.892054,28.290386,25.959078,25.211521,17.623558,8.114778,10.966372,10.329175,19.465385,26.747719,24.739641,13.682026,13.0368595,20.24906
1245,31.146082,26.993984,30.691711,26.508522,31.618788,14.238251,20.557644,8.541715,15.547683,2.9465852,7.8721347,14.22562,7.9279933,16.116425,15.775241,27.021559,25.632298,24.364506,17.825245,21.170078,17.581106,16.504028,26.3213,24.050154,13.831866,10.379207,11.992449,7.1215878,13.492523,5.689933,26.213423,23.777933,11.139071,13.888228,20.475492
1246,19.967375,30.725506,22.41578,6.1789494,27.64247,6.436902,21.06585,12.142274,10.524193,6.636196,17.68653,12.811475,11.628692,21.199732,13.47199,24.658106,30.764307,17.216177,20.621967,20.69655,13.703677,11.05938,28.744562,23.008577,24.228922,15.2221,8.018479,10.206075,16.617884,17.239372,27.472752,24.792242,14.501011,10.078188,20.053442
1247,21.103113,31.103079,22.724892,5.451632,21.177889,6.1804557,19.5679,13.564468,11.10079,6.960403,22.298744,12.273962,13.237668,24.79488,11.729529,22.553411,32.2288,17.570747,20.331812,18.827404,10.486431,7.834688,29.193613,26.23417,28.447477,19.523127,6.6072288,11.666314,11.878073,23.900606,27.409878,25.116165,15.242553,11.435703,20.207159
1248,22.563696,30.122807,23.569145,8.356174,22.71623,9.048244,19.078869,12.508785,13.919805,7.173506,19.708254,12.793058,12.143296,22.93491,13.520733,24.421604,30.004572,17.886023,18.36071,18.720142,10.560467,8.254012,28.355064,24.541695,26.74193,17.115686,8.98169,11.0837,11.679434,19.822151,26.718071,24.47033,13.492349,11.357733,19.727928
1249,21.69785,31.577633,22.984257,5.520769,17.836758,6.3322186,19.323812,14.491408,11.810734,7.019761,24.257427,12.4444065,13.661723,26.219223,11.852627,22.576422,32.586994,17.887255,20.512308,18.304846,9.773795,6.7586594,29.540325,27.261736,29.884668,21.194044,6.6147027,12.439659,10.58073,26.979286,27.65684,25.395086,15.980165,12.006224,20.424767
1250,18.94252,31.159122,22.174961,4.9774537,29.277086,4.4366484,21.966042,12.383656,7.6989613,5.372465,17.183432,12.488291,11.888249,21.329243,12.202545,23.593134,32.129826,17.50377,22.211302,21.265787,15.05099,12.059352,29.18367,23.991966,24.111212,15.392292,6.213275,10.374847,18.484945,17.490738,28.022911,25.315893,15.755257,10.143196,20.618036
1251,22.399927,30.752762,23.685066,7.7492337,23.997364,8.518297,19.58893,12.640749,13.345312,7.225582,20.047712,12.7797165,12.490993,23.341846,13.273083,24.430046,31.030334,17.969263,19.054735,19.23912,10.857289,8.645217,28.953121,24.995737,27.28045,17.431023,8.591521,11.129736,12.336008,20.120739,27.264921,24.949522,13.870429,11.284468,20.081673
1252,20.412771,30.131302,22.344,5.9999104,22.016838,5.3018336,19.664312,12.850295,9.410322,6.4128246,20.176016,12.2472315,12.506963,23.210472,11.330618,21.717749,31.110023,17.565556,20.632908,19.315811,11.486281,9.180044,28.360508,25.190351,25.560545,18.288889,6.065003,10.837266,13.066324,21.371935,26.750792,24.615828,15.154681,11.145037,20.011587
1253,21.371416,31.184639,22.617466,5.3413267,17.34163,6.366648,19.030632,14.367681,11.873908,7.0292234,24.047598,12.334995,13.478856,25.931484,11.845531,22.421553,32.077934,17.581133,20.179781,18.017897,9.557828,6.545496,29.141426,26.820574,29.612392,20.960215,6.6807494,12.354862,10.418531,26.767801,27.272842,25.044868,15.790171,11.831825,20.13125
1254,21.510603,30.815643,22.44136,5.6279564,16.006365,7.245052,18.539652,14.349671,13.096022,7.2098794,24.017445,12.460911,13.196863,25.724472,12.512967,22.978659,31.192272,17.32664,19.397522,17.534723,9.062092,5.935649,28.74224,26.205381,29.67621,20.650326,7.4719586,12.510078,9.876581,26.671614,26.869946,24.666056,15.364103,11.835462,19.77714
1255,21.629961,29.96178,22.071085,6.2695756,15.596247,9.169556,17.741833,13.80653,15.476959,7.7663956,23.066319,12.635308,12.455662,24.584574,13.910646,24.270609,29.365406,16.609287,17.623407,16.846165,8.375294,5.260391,27.850086,24.400301,29.225214,19.166914,9.328281,12.299466,9.344221,24.90567,26.027874,23.778095,14.021389,11.339034,18.921373
1256,23.720724,30.010574,25.415607,11.425884,27.91323,7.000138,20.626081,11.4800415,9.789998,5.0399876,15.792458,12.878595,11.579915,21.28907,12.001461,23.155302,30.940031,20.094187,20.79568,21.092106,13.906076,12.45379,28.710705,25.629644,22.602316,15.938312,6.770112,9.722376,14.400387,15.149357,27.371422,25.317549,14.430374,12.340354,20.944002
1257,21.444002,30.319998,22.649292,6.359254,20.279137,7.4952397,18.878418,13.218325,12.581335,7.0198298,21.52305,12.359751,12.678391,24.062418,12.475754,23.147238,30.824032,17.351652,19.086443,18.200281,9.988786,7.344708,28.436085,25.27865,27.945272,18.650064,7.663055,11.575704,11.215158,22.80327,26.694687,24.461397,14.4269085,11.360842,19.65826
1258,21.485027,31.144264,22.484852,5.331683,15.238377,6.6074996,18.684252,14.734017,12.52184,7.062792,24.78156,12.409076,13.481525,26.358353,12.113796,22.57373,31.80277,17.46814,19.996714,17.597958,9.075375,5.9023924,29.012096,26.807692,30.105728,21.52647,6.9208703,12.667965,9.680323,27.985859,27.111092,24.89855,15.982812,11.969768,19.979862
1259,20.739323,23.727757,21.495201,12.150831,19.7729,21.988823,17.069176,9.929207,24.724688,17.90766,7.757813,21.115314,7.6244755,16.451378,24.750822,29.992857,12.827643,17.433601,11.164017,19.309507,9.647109,7.7472215,21.994137,15.317455,12.67836,10.964113,23.236328,13.643443,17.232073,4.199406,20.180847,21.797129,11.612908,10.2303505,19.99423
1260,21.507309,31.118032,22.604033,5.4770756,16.211021,6.511781,18.837736,14.531675,12.180752,7.002778,24.355518,12.390788,13.456353,26.116295,11.970279,22.45723,31.883377,17.590837,20.07258,17.793058,9.332625,6.23745,29.054485,26.85504,29.761003,21.223726,6.788541,12.512852,10.010063,27.318256,27.173206,24.970114,15.866085,11.965856,20.069006
1261,21.339918,30.267317,22.316397,5.961363,17.486689,7.5258684,18.458178,13.73729,13.032955,7.178593,22.678625,12.411238,12.797664,24.698526,12.607571,23.02429,30.509174,17.162268,18.917284,17.6081,9.3392935,6.371858,28.294762,25.453905,28.606867,19.488781,7.7122054,12.055874,10.360691,24.648132,26.495972,24.3163,14.7203455,11.567853,19.519753
1262,21.850124,30.70124,22.974844,6.461967,18.158554,6.7350974,18.941542,13.862495,11.859103,6.7311306,22.793802,12.406311,13.094457,25.131527,11.92664,22.43193,31.461077,17.911238,19.845541,18.14127,9.886674,7.045059,28.841051,26.533216,28.496605,20.101126,6.8088756,12.019894,10.52776,24.973804,27.036251,24.884546,15.292626,12.042685,20.08484
1263,21.586206,31.407726,23.115332,5.7895823,20.659023,6.178952,19.647055,13.83997,11.159103,6.797959,22.82243,12.322654,13.442438,25.327168,11.633858,22.539385,32.67173,17.937244,20.583868,18.831251,10.444804,7.741826,29.493187,26.883413,28.954708,20.113832,6.4529877,11.877054,11.525163,24.756105,27.682125,25.387194,15.562039,11.755661,20.442736
1264,24.33716,27.804623,25.172396,16.757557,31.137558,14.066355,21.275454,9.202597,17.326588,10.507616,10.435231,16.162027,8.127559,14.863173,20.16533,29.518515,21.614155,19.13618,16.304274,22.02374,16.511171,13.972002,26.124125,17.43265,13.621927,8.7472925,16.107853,7.727729,16.823887,5.4966836,25.869003,23.197275,10.187083,10.128988,19.6881
1265,22.288301,31.584106,23.317242,6.1907387,17.149265,7.022134,19.186796,14.558883,12.674234,7.0908237,24.315466,12.681983,13.577489,26.28651,12.362169,23.088964,32.271935,18.123175,20.198425,18.190617,9.639405,6.5275297,29.577873,27.293205,30.015081,21.16122,7.1295953,12.643402,10.223133,26.976387,27.682873,25.442709,15.808605,12.3160515,20.466965
1266,21.374407,30.533422,22.254314,5.6809607,16.369072,7.630688,18.389036,14.098974,13.508904,7.3208194,23.501108,12.4681,12.95753,25.225618,12.818353,23.26983,30.690681,17.064674,18.962389,17.440884,9.024764,5.929928,28.454935,25.59432,29.345839,20.037897,7.884227,12.342218,9.998257,25.816341,26.614927,24.392107,14.960651,11.605557,19.524612
1267,21.743341,31.719048,22.946487,5.4178486,16.588362,6.2427444,19.257418,14.801763,11.949575,7.0424924,24.898748,12.507662,13.765012,26.630344,11.917315,22.58121,32.661102,17.894026,20.65246,18.19138,9.576402,6.464326,29.622742,27.43788,30.231482,21.721231,6.587501,12.648263,10.25226,27.988533,27.710732,25.450575,16.254004,12.122551,20.456564
1268,21.53887,30.0258,23.809292,9.124045,29.000753,6.763196,21.03142,11.409805,9.846405,5.4872904,15.334175,12.898815,11.142753,20.36423,12.925169,24.128138,30.361012,18.649714,20.74766,21.222027,14.483913,12.534048,28.403902,23.637817,22.226316,14.597301,7.5240846,9.641728,16.601883,14.498246,27.19743,24.864388,14.388417,10.925972,20.419329
1269,21.535295,30.359875,22.66866,6.4024353,19.86606,7.7097793,18.834736,13.319873,12.906652,7.106722,21.673311,12.460234,12.680675,24.151535,12.689368,23.350668,30.71637,17.352407,18.996243,18.132477,9.906089,7.1819763,28.446058,25.265942,28.087454,18.719011,7.8712196,11.692583,11.125538,23.011066,26.698406,24.46602,14.441508,11.416286,19.659685
1270,21.57567,31.40717,22.762203,5.40569,16.701368,6.306891,19.067839,14.612127,11.946867,6.9783645,24.538849,12.384441,13.613269,26.323772,11.845299,22.452772,32.34566,17.719343,20.380556,18.014359,9.489019,6.423786,29.330608,27.138638,29.982237,21.421225,6.612744,12.515468,10.175991,27.53067,27.43983,25.196585,16.041698,11.985329,20.246202
1271,21.515116,30.616108,22.303576,5.7298393,15.77055,7.781541,18.311838,14.244837,13.82494,7.3637486,23.846817,12.500656,13.00677,25.455132,12.940353,23.40298,30.707584,17.0866,18.906252,17.329472,8.845948,5.6977596,28.510511,25.684967,29.666183,20.272535,8.003162,12.482088,9.718769,26.304976,26.650366,24.41944,15.013206,11.687933,19.526293
1272,21.992659,29.607111,22.483671,7.3727727,18.543707,10.102189,17.993734,12.986761,15.960142,8.016343,21.126284,12.927538,11.975175,23.280516,14.527323,24.971802,28.626427,16.78431,17.089853,17.352468,9.054395,6.230268,27.61583,23.543196,27.738924,17.554117,10.212698,11.70163,10.254542,21.813343,25.899899,23.653234,13.170697,11.049616,18.897718
1273,19.554281,30.527407,23.015324,7.871228,31.93823,4.9100895,22.903141,11.536316,7.229227,4.1156287,13.16896,13.159189,10.4744005,18.824657,13.420376,24.97511,30.582146,18.529467,22.718546,22.669327,17.883043,14.843662,28.645987,22.58894,20.079031,12.763394,6.875857,9.502766,21.310291,12.678447,27.923841,25.182068,15.778461,10.296839,20.880594
1274,32.068775,26.359112,31.081287,28.073141,31.350283,15.936485,19.919878,8.119811,17.429768,3.339778,7.615172,14.291118,7.518792,15.696171,16.403828,27.448168,24.5915,24.432707,16.475924,20.347532,16.828823,15.886551,25.755623,23.592588,13.486562,9.804385,13.392511,6.90527,12.217377,5.1975403,25.7263,23.232939,10.054243,13.816658,19.997885
1275,22.702616,28.91129,22.293219,8.144973,16.577723,14.320517,16.699203,12.822395,21.147867,9.672987,20.612478,13.977905,11.216792,22.910019,17.465343,27.653898,26.253674,15.978349,14.462468,16.003717,7.157156,4.310962,26.763288,21.678295,28.680582,16.651747,14.270675,12.594161,9.083138,20.88731,24.895893,22.845314,11.901811,10.628921,18.071037
1276,18.4722,30.680798,22.56092,7.9314566,33.75674,5.1205645,24.371857,11.483147,7.015891,4.0544977,10.8755665,14.22112,9.539931,17.126179,15.390188,26.890516,29.233202,18.518456,23.469,23.9225,20.638449,16.554298,28.5315,20.86173,17.411633,10.676478,8.137122,9.45983,25.117912,10.192659,28.266783,25.27563,16.407328,9.809125,21.245352
1277,27.91942,27.00353,28.471584,23.516737,32.484566,13.532748,21.655725,8.534792,15.035421,4.615889,6.791577,15.097136,7.2200055,14.411026,17.764275,28.430391,23.621464,22.742018,18.213219,22.341194,19.249071,17.368874,25.905638,20.854383,11.359991,8.519133,13.275452,6.9710693,17.304058,3.919953,26.038727,23.471949,11.487406,12.242241,20.349049
1278,24.92893,31.077003,25.589142,10.650486,20.311234,8.034131,19.592066,13.444735,12.541765,6.076888,21.249023,13.098913,12.811962,24.711676,12.513547,23.372677,31.613771,20.131857,20.08336,19.181107,11.169937,8.617817,29.589846,27.699404,27.214783,19.524284,7.376589,11.720758,10.33839,22.586147,27.929283,25.786764,14.920001,13.527695,21.057016
1279,21.787111,31.467113,22.973038,5.6594176,17.099747,6.4136457,19.165266,14.563942,11.951114,6.940958,24.363382,12.461153,13.620362,26.289932,11.882469,22.52807,32.415894,17.905699,20.420828,18.127779,9.631682,6.5749607,29.431145,27.284184,29.902782,21.327518,6.644941,12.525383,10.299622,27.249712,27.544264,25.313719,16.01573,12.102819,20.366186
1280,21.841452,31.119905,23.366543,6.501646,21.321861,6.101444,19.672777,13.518848,10.730886,6.459897,21.974653,12.305426,13.222952,24.832478,11.442782,22.299799,32.456726,18.212317,20.606274,19.01902,10.776116,8.262189,29.322186,26.80988,28.09049,19.679914,6.2605166,11.563825,11.667892,23.648937,27.561975,25.318182,15.4053545,11.877565,20.462984
1281,21.380611,30.343975,22.213394,5.8035374,16.030308,7.653313,18.245045,14.060899,13.481173,7.204539,23.387619,12.42193,12.884174,25.151125,12.736946,23.115011,30.49556,17.065783,18.842651,17.290554,8.942222,5.847883,28.286224,25.564348,29.208904,20.010052,7.835378,12.334305,9.827129,25.776142,26.45391,24.26935,14.923427,11.642514,19.442766
1282,20.137703,22.666721,20.910946,11.388586,16.149965,28.819532,16.024317,10.7026005,31.337626,23.26282,5.9680324,25.152592,7.557764,17.394772,29.518574,32.790623,7.595016,17.582888,7.78896,18.609486,6.8332486,4.5403376,20.700129,14.523046,12.729856,11.466956,29.814365,17.88493,18.344822,2.4808755,18.295929,22.11321,12.145602,10.628754,21.264746
1283,22.107782,28.236246,21.749271,7.876766,16.084635,13.206753,16.348627,12.533636,19.813482,9.128445,20.536165,13.255295,11.086978,22.484814,16.384447,26.343966,26.016228,15.647938,14.3706,15.585645,7.0875006,4.273049,26.180012,21.51854,27.99605,16.520226,13.10104,12.047635,8.533687,20.962286,24.392223,22.297235,11.691932,10.429756,17.609285
1284,21.783487,30.662903,23.285975,6.957799,23.13775,7.1965423,19.581898,12.839294,11.773968,6.830117,20.478254,12.483158,12.675832,23.656073,12.288912,23.22629,31.46404,17.896948,19.744783,19.166286,10.924794,8.647628,28.887978,25.48711,27.150007,18.119722,7.3993144,11.143547,12.315863,21.125732,27.188316,24.935377,14.468901,11.395853,20.122831
1285,27.483194,27.268997,27.785812,22.195366,32.198677,14.354891,21.635122,8.450886,16.75643,10.033902,9.201097,16.223288,7.759807,14.004089,19.668,28.721636,20.877329,21.659904,16.35733,22.681627,17.860523,15.752324,26.158497,18.901985,10.652225,8.473824,15.729377,6.747451,15.052019,3.6545887,26.242332,23.595175,9.409665,11.738368,20.448893
1286,21.511961,30.414812,22.257828,5.8699436,15.731665,7.8841624,18.183718,14.13471,13.876616,7.2752533,23.608183,12.449234,12.898473,25.269135,12.922579,23.346376,30.484453,17.04298,18.721329,17.208998,8.796584,5.6715937,28.329344,25.53863,29.484907,20.08493,8.043269,12.41263,9.626135,26.022367,26.485222,24.27212,14.874506,11.655618,19.41054
1287,30.231333,28.163998,30.481827,24.75117,31.92033,11.441513,22.679817,9.081631,12.520068,7.7569914,9.788803,15.958719,8.869702,15.28499,16.993397,26.060667,22.981071,24.916134,18.297283,23.620739,19.453514,16.814117,27.999832,23.706427,11.097472,10.104258,11.574266,7.5962,13.4689245,4.6601396,28.17207,25.649637,10.389244,15.22658,22.49149
1288,21.617624,31.659912,22.902925,5.333175,17.007727,6.0450635,19.283518,14.730862,11.611007,6.8715467,24.693333,12.388439,13.766799,26.553772,11.661147,22.353466,32.789448,17.872395,20.73739,18.202188,9.656959,6.610736,29.563183,27.478884,30.158344,21.680761,6.3714356,12.550899,10.353598,27.822721,27.667889,25.408615,16.317581,12.032272,20.433918
1289,21.463713,30.557709,22.39795,6.018409,19.118244,8.56969,18.667679,13.5176735,14.4312,7.763784,22.292608,12.693867,12.64715,24.273153,13.673599,24.416386,30.365128,16.846842,18.46002,17.91154,9.433578,6.552539,28.46935,24.580578,28.81524,18.633558,8.955576,11.903301,10.921,23.487585,26.692026,24.330027,14.146986,11.104905,19.40497
1290,26.957054,27.806812,27.507011,20.620523,31.527824,12.889202,21.682467,8.958376,15.313713,8.642566,9.951304,15.732702,8.275211,14.867836,18.487635,28.094145,22.576899,21.529415,17.265766,22.736208,17.7079,15.565006,26.677332,19.799135,12.264615,9.257403,13.981053,7.0777245,15.479655,4.962379,26.575354,23.92488,10.203574,11.963378,20.553442
1291,21.46594,31.295849,22.70139,5.3865695,17.105122,6.2708135,19.077223,14.47257,11.802623,6.9808645,24.261042,12.35173,13.550399,26.109398,11.793358,22.377274,32.239788,17.675135,20.323534,18.049671,9.563853,6.5377445,29.247967,27.0085,29.734512,21.179068,6.583837,12.411076,10.338526,27.105015,27.370531,25.13814,15.922154,11.91509,20.209236
1292,21.148504,30.806608,22.39521,5.3697004,17.34102,6.295399,18.862673,14.140275,11.672647,6.948244,23.610651,12.234672,13.289303,25.527145,11.73599,22.175028,31.658646,17.428087,19.965979,17.891914,9.550246,6.5835714,28.814255,26.481869,29.087114,20.589802,6.609669,12.176559,10.42885,26.201584,26.974981,24.783827,15.558801,11.7243185,19.934122
1293,21.402527,30.899189,22.430378,5.5242615,17.224113,7.3837066,18.726126,14.157941,13.195196,7.365099,23.631433,12.493734,13.148663,25.417355,12.705345,23.304972,31.237194,17.213144,19.34943,17.775875,9.287495,6.219121,28.815315,25.909882,29.548292,20.180187,7.6950936,12.344805,10.365044,25.89348,26.964352,24.697678,15.144876,11.620644,19.773333
1294,21.91376,29.058786,24.193714,15.19878,33.78114,11.567261,24.31713,9.420246,14.609739,12.467785,9.266061,17.667778,7.4806457,12.75589,22.4994,31.259247,20.109032,19.016256,18.860739,25.581106,21.000063,17.226467,27.091778,14.838671,8.87376,6.881589,16.407251,6.9943953,22.282452,2.9188778,27.340847,24.27132,11.359019,9.410977,20.98308
1295,20.620016,31.160328,23.840273,7.6784115,31.799694,4.6602135,22.504538,11.879484,7.055423,4.197988,15.094401,12.687247,11.60345,20.693493,11.971704,23.747341,32.509396,19.072346,22.811655,22.208523,16.415155,13.853548,29.46837,24.879366,22.719318,14.728374,5.8122473,9.959846,19.180998,14.95057,28.422009,25.853304,15.912013,11.012306,21.305801
1296,21.391094,30.60592,22.51987,5.9156694,18.908627,7.4503794,18.840343,13.6480055,12.880117,7.2820745,22.510199,12.470423,12.896253,24.6451,12.660691,23.27698,30.962849,17.262636,19.19782,18.04719,9.697503,6.821563,28.634798,25.5177,28.626795,19.297735,7.727278,11.93116,10.908811,24.164782,26.84188,24.587519,14.712667,11.481554,19.724844
1297,21.34252,31.595055,22.71774,5.066719,17.550758,5.938662,19.311243,14.591218,11.473829,6.984545,24.537167,12.288488,13.739212,26.356777,11.600491,22.30541,32.73819,17.689734,20.666363,18.248425,9.68225,6.6828184,29.499569,27.24978,30.039392,21.4416,6.336064,12.409507,10.543409,27.48523,27.610569,25.330584,16.166,11.832621,20.35021
1298,28.842577,27.054073,28.358166,21.52698,28.328955,13.820652,19.169281,9.249811,16.308752,4.6171303,10.928615,13.838023,8.757332,17.40098,15.479126,26.217928,25.585829,21.924587,16.46572,19.594278,14.361003,13.159464,26.141191,23.063745,17.318254,11.60254,12.178474,8.018021,11.544434,8.724263,25.581097,23.225868,10.588441,12.921689,19.537043
1299,22.714241,29.721972,24.280136,10.572055,28.195326,9.022482,20.359108,11.215603,12.722387,6.397361,15.514118,13.207332,10.945325,20.245628,14.190163,25.390387,29.181004,18.612326,19.101526,20.591442,13.455852,11.620445,28.075268,23.029106,22.665838,14.225684,9.37705,9.662594,15.045503,14.142251,26.832796,24.485123,13.21737,10.888328,20.016989
1300,22.736229,28.756186,22.345274,8.40647,17.104494,14.606378,16.731058,12.636347,21.285006,9.791408,20.04633,14.121111,11.065256,22.57021,17.671959,27.806684,25.911175,16.024681,14.315615,16.110302,7.3109274,4.52629,26.628403,21.440193,28.188147,16.268642,14.554836,12.503013,9.361472,20.095024,24.78347,22.788816,11.748193,10.5715,18.077707
1301,21.173082,30.518518,22.179174,5.4811707,16.707912,7.284904,18.488064,14.056702,13.002741,7.2532935,23.375942,12.411286,12.995358,25.18348,12.557882,22.977407,30.818,17.072367,19.17103,17.542807,9.178556,6.1109147,28.460567,25.689884,29.157104,20.0473,7.5834193,12.2820215,10.237673,25.714294,26.626816,24.427519,15.075479,11.576756,19.58375
1302,22.311348,32.24315,23.541641,5.784548,17.453606,6.3224874,19.62272,14.949283,11.966144,6.9226427,25.07419,12.622854,14.014298,27.041298,11.897105,22.827866,33.41632,18.364313,21.046705,18.523762,9.861716,6.7568183,30.157047,28.124056,30.740599,22.035082,6.521309,12.78746,10.391783,28.192142,28.22892,25.922606,16.518229,12.384626,20.85061
1303,21.4461,31.35102,22.65824,5.285975,16.975245,6.343208,19.056286,14.520506,11.994814,7.083375,24.430422,12.35028,13.575248,26.185127,11.890093,22.50207,32.24188,17.601713,20.268892,18.01721,9.478053,6.4259925,29.277,26.953379,29.918024,21.23633,6.6807656,12.448713,10.258814,27.28062,27.389221,25.133724,15.904487,11.876901,20.179214
1304,25.812891,28.548592,26.965511,19.252033,32.61291,12.81303,22.613611,9.407278,15.253912,7.8678017,9.169286,16.159939,8.045052,14.874841,19.380001,29.562975,23.34969,21.188868,18.420053,23.416245,18.990995,16.3804,27.03346,19.282919,12.508037,8.799193,14.413035,7.519879,18.510433,4.9397273,27.016596,24.219397,11.511472,11.348484,20.79408
1305,21.661713,31.003784,22.837238,5.8989043,17.808548,6.624082,18.998047,14.132927,11.972058,6.9113297,23.492422,12.382403,13.317654,25.591026,11.931316,22.504541,31.835815,17.760057,19.997972,18.077946,9.696738,6.758051,29.051601,26.723383,29.18866,20.551893,6.8022714,12.230776,10.456438,25.930862,27.207205,25.008144,15.523332,11.949711,20.130827
1306,32.973602,25.60407,32.366188,29.709242,31.180613,12.078305,21.543242,8.43096,10.7032385,4.2271547,6.6912503,15.084416,8.45498,14.618757,14.226557,22.326311,21.471539,27.460266,16.566023,20.794386,19.773851,16.04691,26.378052,27.497835,10.317194,9.6557455,9.765015,8.646175,9.398596,3.678148,27.261072,24.964193,9.840808,17.920841,22.54189
1307,18.310574,22.74735,19.788815,9.102629,13.036536,29.103067,16.328842,11.584086,31.661837,25.119766,5.759793,26.613564,7.978517,18.117235,30.80777,33.38559,5.671273,17.609022,7.6901107,19.553219,6.4151564,3.7610464,20.655453,14.435142,12.557148,12.142095,30.322016,19.821436,20.419405,2.353979,17.864971,22.881073,13.370801,11.130212,22.431993
1308,22.520367,28.853115,22.34018,8.167443,17.239096,13.240477,16.968573,12.733234,19.640291,9.052176,20.313463,13.634758,11.309914,22.749508,16.574125,26.794561,26.634754,16.23545,15.004663,16.287315,7.7467084,4.9035482,26.77645,22.13521,28.116558,16.653708,13.099366,12.2621155,9.400169,20.676605,24.983738,22.921862,12.154218,10.743174,18.220247
1309,21.513124,30.313179,22.70063,6.4678044,20.00533,7.4615498,18.889315,13.251841,12.533847,7.081572,21.571243,12.438024,12.673959,24.083773,12.510382,23.103788,30.726734,17.445963,19.13625,18.2445,10.020223,7.3556266,28.452215,25.331018,27.781902,18.723213,7.6468086,11.601394,11.190754,22.863094,26.706024,24.504444,14.465183,11.464304,19.721949
1310,21.117662,31.31003,22.608124,5.0885987,18.846388,5.920225,19.343927,14.174173,11.175411,6.9694977,23.710745,12.196068,13.555577,25.74366,11.5017395,22.196846,32.488804,17.58187,20.485224,18.36713,9.914598,7.0352917,29.297703,26.876944,29.406614,20.719398,6.310161,12.109584,10.9877205,26.191685,27.447193,25.180641,15.788911,11.643121,20.243925
1311,21.490534,31.276339,22.965878,5.7045794,19.9869,6.2338724,19.49751,13.894104,11.287552,6.8666325,22.922195,12.35038,13.39468,25.332294,11.714659,22.510517,32.402905,17.842583,20.451656,18.669075,10.290378,7.524971,29.35173,26.769266,28.91628,20.165504,6.526804,11.956028,11.376859,24.955399,27.532896,25.273859,15.556685,11.768191,20.356724
1312,21.588808,30.88078,22.54536,5.72005,16.473682,7.2907763,18.63043,14.290708,13.091659,7.1975837,23.89147,12.473373,13.20441,25.67098,12.530347,23.062132,31.294119,17.390966,19.42848,17.64159,9.168434,6.072191,28.821417,26.234894,29.657915,20.536581,7.4967256,12.467417,10.011343,26.430374,26.9547,24.734564,15.313704,11.834942,19.83153
1313,26.42538,28.240747,26.711056,15.805304,24.289417,9.912674,18.95621,10.80403,12.6746235,4.7924824,14.547126,13.326137,10.49824,20.29718,13.017979,23.408688,27.913574,21.134497,18.30604,19.654877,12.628606,11.353057,27.373075,25.087606,20.893816,15.060273,8.57947,9.595348,11.115826,13.503676,26.121754,24.36614,12.615861,13.594784,20.329805
1314,21.424704,30.659878,22.36716,5.6402435,16.064703,7.1861634,18.472101,14.259838,12.9500675,7.118471,23.810858,12.399391,13.1308775,25.578037,12.403959,22.826189,31.075262,17.284395,19.339079,17.47408,9.071303,5.9709787,28.606112,26.125969,29.486181,20.528906,7.390022,12.439753,9.883561,26.450783,26.74726,24.563902,15.310819,11.796016,19.705328
1315,26.333714,28.43872,27.383345,18.524607,30.794746,10.267923,21.336473,9.93778,12.127592,3.380972,10.129802,13.907215,9.015426,17.238228,14.881052,26.2556,27.504255,21.746595,19.83194,21.857895,17.507845,15.672046,27.18988,23.129032,16.544312,11.565586,9.802638,8.100812,16.428389,8.521838,26.767065,24.243876,13.154815,12.470786,20.535887
1316,20.487642,31.087328,22.247059,4.657184,20.916975,5.772123,19.557138,13.655092,10.776724,7.135865,22.609324,12.144452,13.317723,24.86089,11.563305,22.310238,32.23143,17.201954,20.408983,18.742489,10.374116,7.6555614,29.107315,26.062605,28.57538,19.663399,6.400579,11.670929,12.003767,24.363895,27.315231,25.004986,15.364669,11.169442,20.090536
1317,22.045889,29.54397,22.034613,6.805587,14.516731,10.929213,17.078419,13.699084,17.64177,8.262382,22.80099,12.987499,12.073746,24.352026,15.050621,25.307262,28.296232,16.306267,16.415668,16.176302,7.5389714,4.4041986,27.399445,23.624716,29.567587,18.735277,10.920345,12.606068,8.6307335,24.469704,25.529049,23.347198,13.398204,11.236574,18.487204
1318,32.860565,25.885376,31.637611,29.954798,32.164562,17.764265,19.83743,7.666083,19.154875,3.8225818,6.4584236,14.744581,6.925457,15.113745,17.447737,28.341274,23.552235,24.814415,15.885046,20.154434,17.027292,16.304775,25.243435,23.121912,12.261496,9.18037,15.158216,6.759442,12.327879,4.108014,25.35105,22.923414,9.700059,13.626346,19.913504
1319,23.247478,25.995829,22.694798,12.447027,22.392263,20.452581,16.716265,10.108862,25.360384,14.824101,13.180303,17.486494,8.678033,17.95935,22.396631,30.149385,18.748302,16.275087,11.222908,17.08997,8.517896,6.3679295,24.0767,16.787996,19.784525,11.604727,21.296257,11.621401,11.964337,9.870193,22.6106,21.541838,9.427946,9.494342,18.04968
1320,24.734407,29.432789,25.257433,12.153772,23.66334,9.9272585,19.071728,11.696246,14.074995,6.5613623,17.708792,13.117235,11.412501,21.715416,13.726423,24.436096,28.904694,19.440866,17.992062,19.145773,11.421449,9.496351,28.100252,24.714674,24.270113,16.02738,9.302053,10.372816,11.061834,16.94796,26.656345,24.524633,12.659366,12.436815,20.02923
1321,33.132324,25.561815,31.813488,30.326794,31.565718,17.534897,19.555136,7.6286125,18.671993,3.3853,6.4142942,14.528778,6.9865556,15.194546,16.821487,27.558296,23.468945,25.127031,15.712383,19.773354,16.806795,16.029823,25.080109,23.723824,12.270132,9.3758335,14.57514,6.884672,11.608421,4.280672,25.196545,22.87303,9.598185,14.077423,19.932732
1322,29.58724,27.89017,29.77684,23.360733,31.128712,11.958956,20.985912,9.27441,13.331538,2.866336,9.157851,14.039623,8.71528,17.15666,14.762249,26.153349,27.209253,23.777027,19.311789,21.801086,17.5804,16.428698,27.078735,24.610876,15.261853,11.670475,10.205723,7.606988,14.468287,7.33033,26.723545,24.390656,12.439378,13.827451,20.893616
1323,25.965654,28.053583,27.083105,20.170988,32.506382,12.152293,22.791767,8.94609,14.428263,9.6981535,9.250064,16.421585,7.9660425,13.923609,19.53078,28.693624,21.490778,21.53204,17.985746,23.9936,19.415598,16.763695,26.868006,18.765484,10.121277,8.403292,14.336969,6.92558,17.4943,3.6812096,26.983742,24.28634,10.541229,11.742387,21.099936
1324,21.247293,30.424614,22.834288,6.49111,23.02912,7.008226,19.488043,12.749012,11.603248,6.9329596,20.313108,12.404942,12.546912,23.366768,12.291175,23.115763,31.131618,17.527388,19.650263,19.069767,10.926233,8.619155,28.611572,25.017725,26.837238,17.886057,7.401736,11.041897,12.52945,20.933594,26.937035,24.680616,14.404978,11.109288,19.903719
1325,33.038094,25.982143,31.96627,30.55433,32.838253,17.712204,20.270876,7.657785,18.846998,3.5323904,5.78048,14.931526,6.8414803,14.953817,17.57624,28.573423,23.57975,25.275465,16.340069,20.615433,17.859373,17.062965,25.340414,23.37792,11.665223,9.052623,15.064529,6.792877,13.095281,3.5800443,25.535954,23.149664,10.117248,13.796198,20.249577
1326,21.290304,31.270372,22.70648,5.3252845,19.02205,6.2785506,19.312403,14.087284,11.573273,7.030324,23.467947,12.308624,13.454316,25.584064,11.791826,22.521803,32.299355,17.606655,20.302149,18.387657,9.940351,7.059331,29.275229,26.700283,29.32683,20.458357,6.62854,12.121185,11.040123,25.747803,27.42958,25.161676,15.608327,11.6846485,20.221918
1327,21.659067,31.784191,23.04069,5.3656244,17.712852,5.866117,19.46578,14.680739,11.283859,6.782581,24.570375,12.355751,13.839465,26.55648,11.4808035,22.253132,33.087837,18.002157,20.942314,18.393375,9.854983,6.8715725,29.711222,27.67047,30.119213,21.66485,6.177133,12.475947,10.57641,27.63815,27.820896,25.54912,16.380625,12.036525,20.562353
1328,21.318426,30.593618,22.293552,5.8898478,19.92262,8.905429,18.790846,13.359452,14.851919,8.153861,21.972479,12.863338,12.542169,23.924776,14.145543,24.930088,30.112026,16.635405,18.270838,18.104185,9.564401,6.7022204,28.469997,24.053383,28.58927,18.133417,9.469435,11.785915,11.363981,22.73946,26.70959,24.294312,13.866498,10.841921,19.346418
1329,21.824276,30.461079,23.114094,7.1017537,22.996965,8.374116,19.29974,12.728595,13.309734,7.2337537,20.17195,12.694788,12.414622,23.28515,13.231596,24.225735,30.660297,17.51674,18.874495,18.870409,10.585885,8.240945,28.581985,24.636106,27.312393,17.479462,8.57564,11.219677,12.226759,20.503723,26.899292,24.607138,13.92357,11.079607,19.786516
1330,20.953756,31.019035,22.75307,5.513181,22.54815,5.957376,19.770483,13.275265,10.579554,6.7826242,21.53661,12.218992,13.129886,24.364563,11.536861,22.432276,32.31411,17.600975,20.505203,19.13829,10.892888,8.422982,29.146545,26.062555,27.881319,19.057451,6.4272084,11.371016,12.459203,22.842022,27.405342,25.113361,15.1855345,11.277008,20.239504
1331,21.537527,30.473217,23.052967,6.9581304,23.569397,7.5716205,19.579329,12.620573,12.2445965,7.139294,19.943943,12.631544,12.388804,23.084843,12.842275,23.748457,30.866634,17.601633,19.449903,19.269215,11.081692,8.830657,28.649231,24.669538,26.585068,17.461008,7.9994745,10.957241,12.763363,20.197998,26.996845,24.710243,14.160594,11.059212,19.923262
1332,18.51092,30.58048,22.560501,8.179032,33.562786,5.2884765,24.39254,11.405092,7.2284713,4.3767276,10.695457,14.427162,9.387006,16.88933,15.740675,27.093328,28.780779,18.526932,23.411089,24.104635,20.745035,16.709305,28.429657,20.504343,16.805262,10.511856,8.442688,9.326096,25.232336,9.800899,28.176577,25.220623,16.322893,9.784747,21.244698
1333,31.038603,26.769566,30.21212,25.00835,28.586773,14.1936455,19.79849,9.166361,15.682459,5.169053,10.313008,14.530477,8.893552,16.74638,15.597813,25.36049,23.78471,24.06859,15.696664,19.734432,15.5854,13.342604,26.3951,24.705492,15.483479,11.08225,12.178854,8.418779,9.76683,7.417774,26.309587,23.948061,9.711196,14.921698,20.654799
1334,21.613607,30.586624,23.150116,7.1971498,25.138771,8.115963,19.844347,12.308056,12.878193,7.680828,19.443007,12.812471,12.227382,22.533894,13.512203,24.55274,30.571022,17.495129,19.148901,19.654346,11.379257,9.204342,28.758766,24.030361,26.208559,16.655592,8.707342,10.679998,13.320385,18.938463,27.145653,24.749525,13.640193,10.752031,19.909113
1335,21.840014,31.12923,22.96736,5.9871063,17.96574,7.0032716,19.00979,14.190717,12.429412,6.9227486,23.511976,12.454558,13.349504,25.700161,12.149658,22.846746,31.92163,17.80139,19.881197,18.033722,9.641962,6.660774,29.142517,26.791304,29.565802,20.531055,7.08885,12.374832,10.460958,25.961533,27.291405,25.074825,15.508987,11.970873,20.165323
1336,32.82023,25.65522,31.412224,29.780083,31.931671,19.084503,19.445097,7.57177,20.691553,5.036209,6.5804443,15.215969,6.8040943,15.042221,18.328194,28.827658,22.645323,24.393373,14.980341,19.66711,16.208158,15.5317545,24.940014,22.399656,12.296656,9.015069,16.733662,6.9816427,11.849883,3.9674118,24.997196,22.656303,9.159993,13.2662735,19.683651
1337,21.543653,30.02432,22.149282,6.242942,16.451424,8.75163,17.976255,13.71616,14.808757,7.558198,22.778282,12.55325,12.509612,24.480251,13.57486,23.997732,29.652536,16.744192,17.942303,17.105331,8.732575,5.6817293,27.943596,24.58296,28.95101,19.077288,8.917338,12.144379,9.735796,24.555721,26.149082,23.894457,14.138129,11.339247,19.060057
1338,24.3758,29.051159,25.131039,12.802156,26.656586,11.00239,19.472034,11.026167,14.885519,6.6387796,15.411553,13.412054,10.726699,20.210121,14.785091,25.771788,27.953033,19.16252,17.553305,19.638788,12.471828,10.6825285,27.556366,23.249506,22.762436,14.1257105,10.5883255,9.821398,12.935697,13.920087,26.325424,24.108173,12.237261,11.52417,19.764221
1339,19.688465,30.063103,23.29715,11.660967,34.10738,8.088104,25.142736,10.688478,10.243274,6.321862,8.30398,16.305943,7.904748,14.28289,19.565853,30.257988,24.913269,18.998327,22.229689,25.442188,22.58465,18.205366,27.775646,17.353624,12.198916,7.764704,12.1918125,8.351583,26.526068,5.4877057,27.982735,24.833326,15.01384,9.535196,21.294691
1340,19.245481,30.955616,22.478287,5.754424,29.87794,4.534508,22.048502,12.136534,7.5268946,5.023225,16.282097,12.562078,11.632682,20.85846,12.253418,23.673944,31.885098,17.825056,22.26872,21.516598,15.490206,12.630764,29.057116,23.887882,23.324411,14.921164,6.1981177,10.164773,18.843176,16.373093,27.951845,25.301863,15.71191,10.284842,20.689484
1341,21.593428,30.298283,22.666714,6.6631455,20.789654,8.480953,18.894773,13.025261,13.847328,7.663758,21.094177,12.750397,12.408456,23.547312,13.535849,24.23351,30.107206,17.141203,18.526358,18.360653,10.010661,7.3819838,28.356796,24.37631,27.587637,17.893602,8.833411,11.4648075,11.5235405,21.727905,26.637554,24.343973,13.882535,11.100646,19.522177
1342,20.798206,30.580341,22.780443,6.6146836,25.79494,6.9321127,20.297857,12.317148,11.275448,6.929617,18.825354,12.657464,12.050878,22.168308,13.003515,24.054207,30.909819,17.434885,20.060709,20.013424,12.338468,10.003458,28.70293,23.923752,25.400385,16.421566,7.89582,10.509295,14.5795965,18.671894,27.221916,24.757784,14.300683,10.568647,19.992012
1343,26.127424,27.968555,26.849022,20.395475,32.742855,13.961334,22.445688,8.585128,16.943588,11.871988,9.681915,16.908743,7.594584,13.615746,21.175476,30.022596,20.37787,20.777298,17.03205,23.911396,18.59274,16.305843,26.6039,17.155891,9.702141,8.072681,16.638983,6.4687366,17.011204,3.3036907,26.644848,23.858372,9.670741,10.881072,20.601513
1344,18.60615,31.592636,22.015778,4.2600317,29.718834,4.222885,22.29963,12.655495,7.55779,5.3577976,17.578661,12.494295,12.115328,21.617657,12.247486,23.83383,32.64642,17.36246,22.485306,21.347176,15.270341,11.978885,29.506096,24.182356,24.796507,15.525727,6.145086,10.607064,18.982094,18.102577,28.367416,25.528646,16.046621,10.002985,20.75124
1345,20.130213,31.066587,22.078611,4.4221168,22.020388,5.6997895,19.821611,13.438581,10.552181,7.2494326,21.898481,12.319394,13.13788,24.311398,11.83222,22.578882,32.044662,17.04857,20.542173,19.131006,10.847016,8.153595,29.081276,25.525333,27.895914,18.995192,6.596549,11.480607,12.931805,23.222141,27.339825,25.002121,15.2535515,10.959288,20.11049
1346,21.82431,30.084015,22.266846,6.475085,16.186605,9.429976,17.860453,13.762176,15.7172575,7.797389,22.888163,12.723665,12.461392,24.548306,14.080591,24.555193,29.465641,16.714533,17.601084,16.97481,8.485312,5.405213,27.967894,24.425268,29.29556,19.027332,9.54465,12.300998,9.500025,24.592686,26.150751,23.880552,13.966653,11.335232,19.004644
1347,23.25545,30.303513,23.75925,8.581355,18.46863,8.969878,18.537218,13.360961,14.384414,7.1191034,21.941462,12.761087,12.528547,24.352413,13.331604,23.939796,30.177073,18.22465,18.375128,17.845991,9.624708,6.828191,28.551935,25.750568,28.10158,18.892887,8.624065,11.873278,9.736048,23.245785,26.815884,24.606308,13.984954,12.2407875,19.811762
1348,21.47006,30.581057,22.31657,5.7554927,16.251852,7.6954703,18.381823,14.137351,13.621796,7.3254614,23.613626,12.4761715,12.980737,25.306526,12.85477,23.32637,30.731245,17.103949,18.95016,17.421906,8.981575,5.878703,28.499264,25.652946,29.458735,20.109861,7.924463,12.376581,9.896742,25.96002,26.653881,24.421951,14.963905,11.643184,19.541063
1349,31.251606,26.282604,30.15816,26.69303,30.847366,16.983992,19.64513,8.136594,19.035202,5.920429,8.498572,14.959003,7.552541,15.392412,17.820354,28.063646,22.898033,23.32216,15.171401,20.027695,15.826879,14.599234,25.522535,21.992085,13.4979515,9.451806,15.375692,7.1004977,11.508086,5.1018133,25.476488,22.943665,9.045387,13.114489,19.689857
1350,21.441118,31.025902,22.534061,5.5154448,17.23017,7.1000166,18.872658,14.232311,12.818159,7.3725247,23.784172,12.538211,13.2537565,25.570187,12.542138,23.095781,31.439175,17.384474,19.63268,17.924198,9.4264965,6.343569,28.97279,26.1977,29.464727,20.401272,7.444472,12.376575,10.455012,26.117664,27.112644,24.867682,15.327656,11.754478,19.949997
1351,23.179197,30.087063,23.728224,8.958939,21.576738,10.404371,18.68963,12.578435,15.858324,7.8370895,20.284847,13.02752,12.024772,23.015558,14.535265,25.396278,29.287304,17.764318,17.388882,18.22459,9.901468,7.4124994,28.282566,24.130932,27.312313,17.002638,10.233017,11.313694,10.714844,20.21346,26.62809,24.298372,12.8551035,11.390429,19.483236
1352,31.38565,27.025908,30.833412,26.481367,31.080826,14.1032095,20.331263,8.604183,15.43104,2.8113704,8.295176,14.111763,8.073158,16.519644,15.40332,26.6281,26.00261,24.480627,17.873888,20.995358,17.139315,16.198853,26.42999,24.49272,14.279638,10.8365965,11.668001,7.2114162,12.934137,6.240524,26.227875,23.863539,11.169929,14.140076,20.505281
1353,23.988405,29.799463,24.84238,10.801231,23.0958,8.534037,19.28508,12.138742,12.575945,6.20455,18.550558,12.856857,11.872805,22.501059,12.777966,23.493555,29.962502,19.313662,18.974146,19.245708,11.453246,9.453569,28.402866,25.494864,24.942636,17.067049,8.053724,10.621292,11.362166,18.528246,26.878714,24.783548,13.588975,12.453659,20.245539
1354,24.976042,28.575186,26.37109,18.650421,32.75382,12.022734,23.25846,9.141216,14.691602,10.993385,9.736447,16.916233,7.9718375,13.8327875,20.526878,29.545305,21.221952,20.834696,18.310226,24.64995,19.665478,16.828785,27.180538,17.673235,9.924321,8.25375,15.04859,6.9254694,18.685377,3.6915002,27.24501,24.467978,10.72823,11.146093,21.18764
1355,21.552736,30.818802,22.589928,5.818592,17.470379,7.2739515,18.745146,14.06086,12.8986225,7.1749897,23.41283,12.442989,13.130063,25.344637,12.482738,23.065218,31.28644,17.40239,19.412989,17.815907,9.396474,6.3884597,28.80228,26.089596,29.31532,20.139208,7.4792695,12.266236,10.333818,25.655695,26.962196,24.727266,15.13064,11.734165,19.83436
1356,21.502134,30.466564,22.605545,6.1469564,18.736563,7.373748,18.763578,13.613011,12.658842,7.0839357,22.377056,12.413755,12.8750305,24.633615,12.445286,23.004877,30.90976,17.411596,19.1925,17.964096,9.699497,6.833954,28.548883,25.70518,28.482328,19.350138,7.518177,11.934107,10.752571,24.131798,26.76038,24.560743,14.742586,11.619406,19.74327
1357,21.501204,30.372116,22.560045,6.321086,19.984535,8.185015,18.758274,13.27613,13.617018,7.364131,21.664585,12.536451,12.599381,24.024717,13.138853,23.873795,30.500948,17.103876,18.663465,18.059233,9.744074,7.015332,28.394722,24.832357,28.283653,18.4494,8.420305,11.69154,11.1309,22.799852,26.646881,24.353258,14.182109,11.1980095,19.500479
1358,21.635042,30.114067,22.603636,6.9383945,21.645485,9.420947,18.79026,12.712258,14.960982,7.9222827,20.39093,12.898845,12.103784,22.947735,14.28433,25.108614,29.523247,16.833998,17.87353,18.328472,9.963086,7.431294,28.11095,23.480455,27.391024,17.016577,9.818082,11.287048,11.739857,20.48801,26.435316,24.06967,13.295758,10.705126,19.234255
1359,20.862309,30.61364,23.871696,8.933039,31.498985,5.557492,22.435059,11.527455,8.000755,4.2788305,13.91717,13.051287,10.871913,19.62141,13.013438,24.65072,31.075504,19.06602,22.307135,22.359959,16.899128,14.318738,28.875046,23.642292,21.092604,13.642497,6.848758,9.562593,19.55296,13.347047,27.985073,25.378408,15.4359255,10.858519,21.001438
1360,22.022701,29.799496,22.400928,6.9975104,17.063211,10.131226,17.779343,13.409344,16.267912,7.907564,21.991919,12.888403,12.1890135,23.995642,14.473753,24.948896,28.950289,16.739845,17.139574,16.985556,8.553597,5.5895348,27.741741,23.996807,28.791029,18.312725,10.138952,12.175537,9.726618,23.2682,25.948013,23.730858,13.5355,11.239424,18.907396
1361,20.93197,30.825397,22.276672,5.280104,19.841711,7.0714,19.119795,13.602502,12.537067,7.480431,22.516848,12.43737,12.969671,24.55133,12.644102,23.350458,31.27222,16.99484,19.493967,18.361217,9.930938,7.114323,28.795706,25.267267,28.604128,19.1577,7.643452,11.770792,11.485358,23.971962,27.011137,24.666183,14.766667,11.161293,19.743359
1362,21.405317,31.538038,22.864712,5.270247,18.684406,5.9261394,19.440168,14.343644,11.200873,6.8932037,24.006119,12.254844,13.688619,26.06159,11.468643,22.228025,32.8059,17.80996,20.67786,18.421658,9.937129,7.029854,29.515347,27.263485,29.704979,21.061445,6.2510147,12.23634,10.855326,26.66405,27.651157,25.375063,15.997624,11.816304,20.412273
1363,21.451982,30.420876,22.416656,5.9944344,17.775526,7.7050166,18.527811,13.763502,13.291893,7.2157044,22.745275,12.438377,12.839341,24.76903,12.746005,23.279953,30.665546,17.17423,18.903437,17.660183,9.346748,6.381192,28.418545,25.47272,28.860535,19.46974,7.877518,12.083703,10.402133,24.661366,26.617214,24.393198,14.696666,11.535753,19.552483
1364,21.273268,30.832785,22.647068,5.6935287,19.829975,6.7262034,19.15701,13.660314,11.847164,6.9610176,22.464457,12.309814,13.112393,24.847828,12.013767,22.731485,31.690563,17.48665,19.814112,18.346714,10.042167,7.2642074,28.902323,26.087389,28.665789,19.575315,6.989262,11.8732,11.272583,24.268276,27.107048,24.862997,15.090291,11.539856,19.989822
1365,22.470606,29.784836,22.739864,7.662849,18.004208,10.9339905,17.832893,13.161406,17.073994,8.178171,21.47064,13.110161,12.01995,23.642973,15.02888,25.592382,28.657124,16.866743,16.758633,17.115086,8.650324,5.7750154,27.755417,23.691214,28.535002,17.771046,10.868829,12.056899,9.827255,22.281261,25.982784,23.740446,13.116842,11.184122,18.912333
1366,21.37206,30.192995,22.140038,5.89502,15.939864,7.8691673,18.138681,13.96374,13.747133,7.3357153,23.240053,12.463616,12.763083,24.936264,12.939159,23.258612,30.16407,16.96378,18.598341,17.223055,8.876668,5.7775784,28.14484,25.266682,29.002962,19.769218,8.074042,12.271815,9.776243,25.464752,26.321308,24.136412,14.705642,11.5833,19.324577
1367,28.223436,28.038767,28.469414,20.080404,28.570107,10.800444,20.13429,9.831949,12.720437,3.443552,11.322593,13.62807,9.430345,18.327606,13.829432,24.885118,27.766632,22.543884,19.0562,21.01208,15.580062,14.486436,27.186878,24.628122,17.498518,13.01228,9.298291,8.167037,13.059828,9.660071,26.464245,24.29167,12.483396,13.664657,20.543026
1368,20.816683,31.116346,22.187244,4.725983,17.842892,6.305908,19.061161,14.234079,11.905352,7.318899,23.872843,12.293736,13.401949,25.62107,12.013644,22.596584,31.867317,17.152384,20.048307,18.087473,9.576806,6.5643897,29.024302,26.24875,29.487494,20.559011,6.8426337,12.22848,10.834052,26.32033,27.164516,24.890303,15.587947,11.476059,19.957457
1369,21.43328,30.230042,22.283825,6.045966,17.084974,7.881656,18.298082,13.767822,13.589195,7.239662,22.825392,12.407829,12.743249,24.71632,12.854855,23.306906,30.340656,17.040796,18.63231,17.416685,9.111384,6.1119604,28.215092,25.261814,28.857576,19.445578,8.03253,12.099009,10.077317,24.799337,26.414448,24.19829,14.568536,11.506715,19.374811
1370,21.232805,30.809948,22.26461,5.4068003,17.560072,7.58718,18.707354,14.02532,13.47026,7.562328,23.389093,12.53854,13.02422,25.113369,12.982368,23.583736,30.962543,16.988367,19.135607,17.80405,9.30409,6.24712,28.701267,25.453161,29.357317,19.79053,8.008394,12.230485,10.570997,25.382353,26.86777,24.565641,14.906187,11.4171505,19.636267
1371,20.61299,30.4166,22.538593,6.591646,26.09894,7.546039,20.225307,12.153801,12.07187,7.175886,18.403559,12.7690115,11.782219,21.665096,13.657631,24.741808,30.297794,17.082888,19.534325,19.930048,12.335945,9.913933,28.466936,23.115318,25.205008,15.704978,8.63726,10.415489,14.847944,17.909782,27.03849,24.495916,13.881089,10.225681,19.726913
1372,21.440218,30.50517,22.33977,5.865654,17.146618,7.7996116,18.47417,13.912918,13.598405,7.3820863,23.13143,12.500896,12.873429,24.941124,12.945782,23.454243,30.609774,17.078526,18.858408,17.581291,9.184991,6.1479616,28.453821,25.404095,29.09128,19.654823,8.050816,12.189291,10.228831,25.14145,26.635668,24.386864,14.734129,11.529846,19.51835
1373,27.926218,27.159199,27.29266,20.766272,29.449965,18.367363,19.755924,8.98584,21.836426,11.743354,10.660603,16.944283,8.083337,15.725504,21.34424,30.334063,20.52269,20.403292,14.012983,20.448126,14.220891,12.261835,25.736942,18.70612,14.738657,9.622056,18.975105,8.417169,12.942688,5.7288704,25.29366,23.017797,8.984054,11.335756,19.619583
1374,29.492565,26.907337,28.341084,21.738966,26.755493,16.430365,18.458815,9.4137535,19.807089,7.516879,12.618371,14.536253,8.947404,17.526255,17.421076,27.31863,23.34337,21.510864,13.779167,18.288918,12.579476,10.612635,26.024803,22.43737,18.505827,11.229608,14.988552,8.883722,9.048305,9.457969,25.495289,23.067274,8.71757,13.026421,19.321447
1375,21.973234,29.335064,22.635399,7.7979493,20.353428,9.796724,18.145609,12.428955,15.214115,7.7767944,20.05467,12.756439,11.761277,22.623016,14.135654,24.61137,28.61024,16.946829,17.193014,17.727776,9.482308,7.040289,27.50137,23.328402,26.722513,16.857895,9.871676,11.181902,10.762856,20.218227,25.823944,23.617773,12.84706,10.9340925,18.913683
1376,19.732685,30.446154,22.80241,7.720364,31.25985,6.3007216,22.337023,11.428546,9.315071,5.519105,13.966628,13.3801,10.498454,18.981773,14.341454,25.733208,29.825539,17.940878,21.503763,22.228954,16.597391,13.789284,28.49952,21.802237,20.759165,12.728951,8.307933,9.514883,20.21777,12.874593,27.632675,24.90238,14.843742,9.886721,20.47692
1377,32.527256,25.859844,31.298183,28.92233,30.885143,16.537878,19.508612,7.903331,17.922312,3.3745058,7.381341,14.253147,7.352087,15.553064,16.35797,27.139988,23.989023,24.640814,15.862727,19.80135,16.420988,15.528353,25.368877,23.715956,13.18007,9.712676,13.730951,6.921863,11.354034,5.061895,25.381456,22.970592,9.632268,14.027727,19.846361
1378,22.779718,29.364723,22.936632,8.662601,20.51182,12.965576,17.87765,12.409143,18.96317,9.0411825,19.445328,13.766804,11.383315,22.2852,16.569828,27.143333,27.27061,16.67665,15.645349,17.33918,8.918094,6.268488,27.301796,22.203321,27.362404,15.977479,12.973097,11.734829,10.659479,19.08096,25.618256,23.403011,12.124085,10.611326,18.689123
1379,21.39448,30.596386,22.241604,5.5641003,15.153984,7.2614684,18.296701,14.386932,13.200488,7.18944,24.123392,12.41124,13.116337,25.71191,12.50906,22.848955,30.88748,17.180265,19.216831,17.275274,8.829456,5.6660614,28.510124,26.047115,29.638401,20.727592,7.4902835,12.546416,9.566112,26.931278,26.635738,24.462526,15.341985,11.817453,19.606182
1380,21.353647,31.3541,22.506884,5.0963583,16.099691,6.3591704,18.934477,14.698711,12.19463,7.1400156,24.781836,12.371744,13.595499,26.376144,11.985813,22.54355,32.148018,17.479755,20.234774,17.85764,9.273551,6.15078,29.220406,26.904808,30.14681,21.495768,6.754342,12.582487,10.037056,27.860052,27.316935,25.065065,16.03231,11.870342,20.10766
1381,22.976816,32.229065,24.192345,6.8456154,19.01893,6.551802,19.884878,14.576574,11.799218,6.6930513,24.090445,12.780356,13.855947,26.558865,11.949225,22.983442,33.4379,18.917631,21.129564,18.995657,10.408762,7.5058966,30.30531,28.248302,29.976347,21.44224,6.561103,12.50968,10.786679,26.646683,28.420559,26.136055,16.260336,12.679081,21.106176
1382,21.52895,31.588287,22.824364,5.277505,17.029924,5.980812,19.244953,14.6831,11.535033,6.8659916,24.653751,12.3274355,13.742656,26.485907,11.596737,22.269419,32.735428,17.807253,20.693884,18.17023,9.628651,6.603105,29.498623,27.402124,30.092299,21.628248,6.317597,12.49408,10.326757,27.761047,27.606022,25.346073,16.262407,11.97557,20.376284
1383,20.903282,31.118315,22.564585,5.1976304,21.492569,6.3321047,19.598269,13.518492,11.334038,7.1325407,22.176632,12.324381,13.189097,24.644623,11.965185,22.83327,32.11743,17.368643,20.223526,18.873964,10.503411,7.83654,29.164906,25.92076,28.465258,19.277628,6.862081,11.650802,12.1395,23.616665,27.386204,25.061956,15.132701,11.261485,20.134924
1384,21.531385,31.197273,23.04933,5.970826,19.69659,5.8356338,19.579453,13.893248,10.680916,6.6249504,22.729774,12.406812,13.3377495,25.232693,11.493397,22.151194,32.37967,18.048277,20.782719,18.84769,10.52717,7.8368206,29.317299,26.87782,28.328552,20.244709,6.193731,11.842325,11.505535,24.861794,27.522778,25.314419,15.7522745,11.915325,20.463717
1385,24.097017,31.15059,25.18345,9.7076645,21.794529,7.1188345,19.926683,13.276615,11.317593,6.0482216,20.87445,12.91776,12.897414,24.492281,11.964752,22.856115,32.089565,19.847584,20.642225,19.61768,11.53261,9.207874,29.641785,27.540998,26.826105,19.377256,6.7554955,11.417224,11.271324,22.0689,27.972355,25.833656,15.163528,13.077627,21.104897
1386,21.293919,31.316986,22.714252,5.270741,18.478004,5.9993873,19.287527,14.242994,11.279841,6.9114604,23.830667,12.224848,13.566599,25.858315,11.514526,22.191614,32.48994,17.680956,20.474352,18.296352,9.84748,6.947262,29.309753,27.005373,29.486376,20.867348,6.330026,12.177229,10.783002,26.41733,27.454117,25.199007,15.838433,11.755149,20.266163
1387,24.003937,31.547283,25.268074,9.345573,22.792028,6.824965,20.25789,13.34214,10.984409,6.060558,21.058409,12.874741,13.124743,24.725677,11.795105,22.881277,32.76531,19.887594,21.028458,19.910044,11.740092,9.451339,30.013168,27.844511,27.223236,19.523767,6.5345893,11.429955,11.666286,22.222801,28.326,26.12255,15.3573265,12.998173,21.310076
1388,30.521963,27.219873,30.259872,24.828588,30.325302,12.70892,20.304396,8.922771,13.959465,2.583025,8.938947,13.858259,8.458239,17.069715,14.507597,25.666208,26.713762,24.174026,18.56272,21.072172,16.919739,15.970348,26.630848,24.927446,14.941242,11.615068,10.40396,7.46527,13.081556,7.196205,26.282898,24.051191,11.806023,14.240564,20.62908
1389,30.59891,26.405504,29.849709,26.1332,31.36314,16.466015,20.08838,8.181346,18.343401,5.9377937,8.003702,15.146227,7.496172,15.179805,17.93748,28.198748,22.905556,23.244879,15.791008,20.624088,16.550196,15.268324,25.559872,21.738607,12.855621,9.311929,15.156671,7.068442,12.800602,4.6485553,25.53793,23.067984,9.591172,12.909946,19.895239
1390,21.582378,31.692768,22.935707,5.314793,17.411121,5.893435,19.376625,14.679246,11.356704,6.820407,24.589972,12.353327,13.792348,26.51133,11.527832,22.243685,32.92354,17.917059,20.851845,18.30899,9.771286,6.7702627,29.614334,27.546228,30.06485,21.63871,6.2283263,12.480488,10.503359,27.670893,27.723736,25.462248,16.336672,12.01069,20.486914
1391,19.740889,23.026321,20.604069,10.470091,15.089481,29.14747,16.068085,11.12782,32.015293,23.65162,6.3769774,25.513056,7.7590594,17.917557,30.109879,33.466946,7.5087657,17.403786,7.7617726,18.74704,6.4842362,4.049272,20.936867,14.49603,13.616154,11.790498,30.197237,18.537472,18.833618,3.010443,18.381573,22.394781,12.491169,10.701366,21.48495
1392,21.335917,30.85432,22.371422,5.555649,18.04264,7.709759,18.783062,13.9392185,13.568765,7.5850844,23.221857,12.572406,12.99434,25.000216,13.079603,23.744574,30.995789,17.030203,19.111456,17.914349,9.402228,6.390542,28.757542,25.385393,29.28325,19.60623,8.127815,12.156111,10.695355,25.039743,26.933355,24.605398,14.795652,11.39258,19.660791
1393,21.574018,30.976429,22.776241,5.804481,17.813805,6.601295,18.994951,14.1427555,11.920852,6.8824387,23.425434,12.38684,13.310255,25.574894,11.911915,22.47676,31.819862,17.722982,20.014202,18.058426,9.712703,6.763438,29.009356,26.708338,29.176863,20.541567,6.789187,12.252158,10.541608,25.910545,27.168488,24.982746,15.579164,11.920533,20.120096
1394,24.569132,29.451797,25.816345,12.722368,26.943506,7.9318976,20.068956,11.259309,10.699227,4.909869,15.425816,12.937353,11.3071995,21.03536,12.195348,23.153028,30.069757,20.390123,19.906725,20.537107,13.39877,11.991857,28.290741,25.561766,22.293264,15.6581955,7.274945,9.68798,13.218963,14.667344,26.978024,25.006601,13.779578,12.730993,20.726213
1395,21.916134,30.840965,23.144411,6.5669603,19.870394,7.0388546,19.199915,13.599407,12.060419,6.8556566,22.210527,12.47889,13.03671,24.781134,12.173739,22.897291,31.587242,17.926449,19.785923,18.486044,10.197221,7.466383,28.994928,26.295536,28.367867,19.504358,7.124191,11.847416,11.1229,23.87296,27.210571,24.999535,15.008636,11.878415,20.156569
1396,28.976412,25.151787,27.516083,22.816004,27.893364,23.066006,17.606241,8.452518,26.137442,11.517675,8.405017,17.562988,7.074667,15.799484,22.422039,31.021381,18.765095,20.356646,11.538151,17.886005,11.921039,10.474955,23.730862,18.530252,15.127672,9.465432,22.268946,9.655977,11.593384,4.9998837,23.121412,21.608177,8.60831,11.14042,18.640423
1397,21.482069,30.616192,22.284584,5.647468,15.013408,7.3736873,18.263935,14.419733,13.368624,7.167627,24.191679,12.414595,13.116578,25.762712,12.569658,22.936747,30.888802,17.192085,19.162947,17.22542,8.774615,5.597942,28.516945,26.05824,29.759737,20.762186,7.569078,12.579601,9.454845,27.03645,26.64297,24.456823,15.331574,11.834366,19.590113
1398,21.44148,30.989408,22.435493,5.4026566,15.519048,6.752979,18.628119,14.579371,12.606596,7.100067,24.477423,12.408019,13.375249,26.106005,12.188271,22.621405,31.571846,17.408997,19.80855,17.571857,9.086439,5.9363728,28.886854,26.596699,29.87443,21.213385,7.0457835,12.589193,9.768982,27.496588,26.998577,24.798712,15.774828,11.91403,19.901955
1399,22.176744,29.48087,22.392202,7.3822565,17.607544,11.304211,17.527128,13.124941,17.495342,8.183586,21.204548,13.082785,11.890773,23.488571,15.176856,25.681704,28.245983,16.525156,16.319298,16.73207,8.314199,5.4032097,27.395954,23.345911,28.723642,17.591253,11.184878,12.1848955,9.701119,22.13028,25.616846,23.427065,13.025219,10.962891,18.633968
1400,21.387743,30.188622,22.461298,6.237628,19.054932,7.5959725,18.616217,13.384113,12.857237,7.0483794,21.912376,12.341736,12.674027,24.231846,12.544523,23.098164,30.559504,17.215597,18.872393,17.852543,9.662687,6.8720965,28.271385,25.255682,28.186846,18.888592,7.7308307,11.749444,10.780218,23.460173,26.515457,24.303463,14.449662,11.416964,19.514444
1401,21.764717,31.625257,23.111471,5.7367554,17.696453,6.026777,19.49283,14.524103,11.349336,6.8840528,24.107176,12.60272,13.629085,26.15937,11.796753,22.421473,32.634323,18.10366,20.902498,18.5834,10.064343,7.112448,29.615004,27.353008,29.365929,21.250896,6.4306636,12.377642,10.882743,26.860298,27.748356,25.525492,16.19783,12.158511,20.599134
1402,21.681879,29.567451,22.493366,7.415859,21.563332,10.099729,18.452263,12.411962,15.585119,7.9689045,19.631605,12.942991,11.750082,22.351694,14.622492,25.317198,28.636549,16.674019,17.168829,18.018059,9.798401,7.303664,27.583637,22.862738,26.845367,16.374146,10.373518,11.145777,11.535982,19.502266,25.952263,23.643513,12.841027,10.540013,18.911112
1403,21.88011,31.818716,23.221298,5.6190615,18.233185,6.154478,19.514143,14.567163,11.558067,6.876196,24.367731,12.4319725,13.802098,26.435509,11.673261,22.508814,33.039375,18.100866,20.815247,18.47999,9.935374,6.954727,29.787127,27.63888,30.080935,21.421423,6.3938565,12.458237,10.654546,27.17709,27.899277,25.615784,16.183485,12.101256,20.611113
1404,27.181635,27.600567,28.302832,23.096691,33.74048,13.122287,22.847353,8.752123,14.494982,4.6342936,5.9239955,15.725939,6.8856354,13.939726,18.815193,29.60636,23.61287,22.889376,19.405088,23.519176,21.073195,18.72109,26.339432,20.296347,10.185197,7.885456,13.636515,7.1206284,19.996902,3.158349,26.642502,23.9627,12.454941,12.04541,20.914104
1405,25.115995,29.45086,26.449926,15.92833,31.961298,10.393038,21.775934,10.213051,13.183342,5.916848,12.189555,14.184822,9.624473,17.583118,15.946494,27.191301,27.512287,20.509663,19.25915,22.130754,16.797724,14.641758,27.984222,22.075247,18.013021,11.468234,10.985081,8.294301,16.588144,9.423854,27.454678,24.620642,12.351847,11.445801,20.548124
1406,31.974497,26.346695,30.975176,28.095442,31.615286,16.325201,19.969107,8.032613,17.962332,3.9714832,7.6033225,14.484587,7.397873,15.443472,16.928814,27.844503,24.13203,24.238037,16.24052,20.4133,16.83795,15.893668,25.686451,23.051472,13.14521,9.536603,14.069671,6.8026505,12.303047,4.909538,25.691494,23.148203,9.802722,13.540529,19.923548
1407,21.627714,31.892128,22.979923,5.208764,17.053482,5.735413,19.42969,14.871576,11.311424,6.7712345,25.015348,12.322889,13.929696,26.843266,11.436909,22.206747,33.232918,17.955473,21.05594,18.311123,9.71313,6.6955156,29.767246,27.787355,30.426552,22.035528,6.095421,12.568926,10.3446865,28.346052,27.860313,25.568361,16.570002,12.042898,20.555222
1408,21.601326,31.163624,22.880657,5.776562,18.123142,6.323596,19.180843,14.178797,11.595323,6.8663206,23.555191,12.377777,13.410835,25.684437,11.7676325,22.375364,32.132557,17.832396,20.301516,18.269444,9.86656,6.96286,29.205017,26.89724,29.17158,20.68345,6.5724564,12.194189,10.675931,26.034218,27.360142,25.148226,15.705072,11.948802,20.258207
1409,21.060125,31.516201,22.531548,4.857463,17.139729,5.4573784,19.334606,14.631189,10.88934,6.862816,24.59012,12.250277,13.735822,26.332008,11.341455,21.904268,32.743576,17.63764,20.926796,18.28908,9.757087,6.7830334,29.416859,27.235292,29.694122,21.562803,5.999196,12.332966,10.670134,27.703865,27.539257,25.287203,16.34722,11.78709,20.345144
1410,21.43018,31.586666,22.802708,5.2098727,17.750593,5.986082,19.350935,14.531521,11.45552,6.99104,24.408707,12.334905,13.715621,26.275265,11.633829,22.328386,32.706398,17.770086,20.662912,18.312824,9.762487,6.7687755,29.525646,27.266027,29.894777,21.327446,6.3617644,12.386461,10.623644,27.249275,27.641008,25.37002,16.096144,11.889935,20.39562
1411,21.457521,31.004549,22.715805,5.6969023,18.926521,6.9456735,19.095324,13.920797,12.299621,7.098222,23.011656,12.431551,13.210963,25.220264,12.248222,22.958519,31.716105,17.535826,19.786753,18.223219,9.824439,6.9240947,29.025429,26.262468,29.120275,19.954878,7.195688,12.128052,10.974955,25.03912,27.19763,24.952604,15.226502,11.685507,20.046976
1412,21.47875,31.366013,22.696487,5.3217783,16.800158,6.2688746,19.064266,14.583002,11.879787,6.9733057,24.453482,12.365614,13.594819,26.263187,11.81535,22.41345,32.314983,17.66801,20.37546,18.01138,9.502135,6.4500046,29.283428,27.076838,29.9233,21.362623,6.5952086,12.488794,10.252218,27.434046,27.397713,25.159464,16.041744,11.931692,20.219988
1413,32.41975,25.668776,31.345413,29.604866,31.754414,16.91217,19.842354,7.642885,18.1317,3.5215468,6.317551,14.527641,6.9303737,14.93754,16.943882,27.70563,23.412506,24.784098,16.095417,20.239143,17.252419,16.451553,25.107195,23.165276,11.845451,9.162207,14.325051,6.6818557,12.437477,4.0106263,25.233719,22.871809,9.832231,13.733286,19.92289
1414,21.63466,31.239876,22.9124,5.7345386,18.410648,6.476238,19.204763,14.169047,11.799149,6.9300137,23.580078,12.370932,13.441713,25.717237,11.851389,22.541727,32.212196,17.804434,20.22785,18.266407,9.839866,6.925437,29.268106,26.894552,29.38487,20.632923,6.6952357,12.225697,10.694837,25.997389,27.417618,25.179783,15.641664,11.904974,20.258928
1415,21.415571,30.642998,22.84066,6.486043,23.038082,7.9248595,19.460394,12.827829,12.966093,7.4362917,20.536821,12.66239,12.508435,23.37223,13.182923,24.162277,30.888271,17.282652,19.176165,19.017218,10.69011,8.289313,28.708977,24.531908,27.37142,17.629097,8.406624,11.182541,12.508692,20.88757,27.023552,24.660654,14.087455,10.905104,19.791433
1416,18.043537,22.294006,19.665075,9.107877,12.1201935,28.7432,16.181023,11.674803,30.92308,24.631384,5.2621145,26.543367,8.006889,18.129538,30.294691,32.66162,5.274736,17.909779,7.619484,19.360594,6.4093695,3.6606255,20.313396,14.972194,12.251904,12.239241,29.616255,20.22595,20.5106,2.2848787,17.510838,22.847067,13.736728,11.510319,22.607397
1417,21.698793,29.734898,23.131598,8.599812,26.061867,9.276711,19.792828,11.669372,13.773348,7.3546486,17.138159,13.159588,11.217136,20.769865,14.63491,25.595438,28.775768,17.412916,18.322899,19.697956,12.232087,9.96928,27.866076,22.36029,24.15228,14.67528,9.981592,10.174524,14.226837,15.989034,26.519054,24.073786,12.977524,10.35689,19.47526
1418,21.238695,31.048145,22.527897,5.407277,18.770416,6.8218026,19.138075,13.950934,12.30025,7.3710327,23.215345,12.47758,13.213735,25.18161,12.384092,23.024096,31.612713,17.354862,19.813663,18.29395,9.8164,6.8858466,29.039314,26.016886,29.01262,19.94761,7.271272,12.072113,11.059104,25.150879,27.208298,24.926542,15.193721,11.556325,20.002733
1419,29.10972,27.951797,29.36552,21.990664,29.902012,10.880126,20.614462,9.570546,12.254832,2.6329603,10.133358,13.658363,9.165977,17.892868,13.699393,24.967342,27.886997,23.51108,19.561357,21.447681,16.81036,15.679583,27.205973,25.261696,16.350225,12.628789,9.031106,7.885173,13.660711,8.64437,26.68084,24.474394,12.73064,14.086159,20.884216
1420,21.392763,30.718185,22.441814,5.784726,18.692219,7.821819,18.789,13.735256,13.531361,7.4950533,22.74924,12.548597,12.883975,24.710396,13.0607605,23.754461,30.891832,17.064499,19.000965,17.964897,9.523915,6.597788,28.661234,25.253325,28.985289,19.261631,8.176926,12.006096,10.839163,24.362444,26.86096,24.539595,14.620983,11.342051,19.620687
1421,21.4288,30.946068,22.403427,5.413421,15.68959,6.919715,18.584867,14.51001,12.810994,7.1466446,24.38151,12.389282,13.327006,25.999504,12.29156,22.759777,31.475306,17.330933,19.647371,17.536337,9.034108,5.897143,28.838543,26.434149,29.900976,21.039831,7.1982045,12.555254,9.765879,27.288177,26.95407,24.736511,15.624965,11.838957,19.829233
1422,21.820591,29.921421,22.409008,6.8221283,18.09121,9.513008,18.08821,13.312235,15.430568,7.725711,21.796854,12.747693,12.269319,23.85752,14.080772,24.641397,29.326675,16.796095,17.550245,17.330414,8.992419,6.0880127,27.878042,24.102346,28.476559,18.196798,9.617426,11.914909,10.193787,22.93835,26.124931,23.850164,13.638995,11.158756,19.029251
1423,22.012207,29.780025,23.043247,7.7642994,21.39906,8.5917425,18.78115,12.608738,13.448782,7.091133,19.890102,12.6783085,12.097381,22.963108,13.217384,23.847307,29.683517,17.587225,18.37178,18.39941,10.31119,7.915546,27.99973,24.410662,26.556273,17.365639,8.603306,11.167385,11.5187435,20.355797,26.339373,24.189676,13.688228,11.312519,19.524466
1424,20.74897,30.094572,23.363659,9.249815,31.069496,7.4380565,21.95017,11.140959,10.560835,5.587467,13.605547,13.468185,10.269734,18.699688,14.754276,26.163694,29.208544,18.199148,20.722982,21.955853,16.26953,13.677031,28.20272,21.59177,20.493267,12.435406,9.058176,9.275715,19.205956,12.195924,27.3625,24.626844,14.177676,10.016243,20.24974
1425,22.390684,29.20268,22.124086,7.4225526,14.949199,12.684481,16.7679,13.364391,19.536787,8.9058075,21.864172,13.505237,11.653338,23.757706,16.296404,26.498976,27.233292,16.126541,15.375065,15.950594,7.1840076,4.142517,27.058573,22.702963,29.340733,17.830835,12.615637,12.752686,8.695599,22.969238,25.16541,23.077204,12.709001,11.018686,18.251955
1426,26.32133,27.490976,27.250114,21.045279,32.183132,12.308405,22.446955,8.692498,14.399239,9.565468,8.895103,16.227318,7.803425,13.607228,19.248528,28.165644,20.880638,21.744974,17.48884,23.58322,19.262735,16.647821,26.453903,18.887012,9.611864,8.233207,14.253786,6.810579,16.619438,3.3264654,26.648178,24.00342,10.136876,11.967588,20.944082
1427,19.003366,22.789452,20.239029,9.927391,14.202929,28.964552,16.285479,11.287561,31.509474,24.576466,5.900514,26.154339,7.8516164,17.899456,30.38881,33.196354,6.390081,17.649721,7.812659,19.32711,6.6203833,4.1025467,20.747787,14.500561,12.553949,11.962853,30.137983,19.119461,19.736301,2.4118493,18.084845,22.681528,12.974488,10.98935,22.086847
1428,21.746134,30.92437,23.127516,6.526703,22.39066,7.516503,19.508108,13.097971,12.543415,7.3397646,21.375488,12.544104,12.848576,24.03872,12.713795,23.67431,31.469936,17.642706,19.488674,18.952587,10.532046,8.038088,29.069548,25.440731,27.951538,18.400595,7.807365,11.403374,11.972109,22.086658,27.322721,24.982897,14.36687,11.319578,20.061672
1429,21.463697,31.178875,22.607094,5.3962984,16.374144,6.3750815,18.895151,14.551689,12.016212,6.945708,24.39195,12.342981,13.5046015,26.172678,11.8528595,22.375753,32.04636,17.596796,20.184736,17.837963,9.375552,6.3034573,29.103848,26.93598,29.827318,21.300446,6.6651826,12.490511,10.054237,27.40521,27.223976,25.007412,15.95035,11.932859,20.096937
1430,21.701515,31.9791,23.152897,5.32163,18.114407,5.696097,19.631327,14.722817,11.080586,6.749569,24.693386,12.321261,13.958707,26.701828,11.346985,22.209866,33.42755,18.097406,21.153563,18.5413,9.968132,7.0111713,29.902212,27.890745,30.276709,21.802431,6.0111456,12.461529,10.676344,27.788017,28.006542,25.705786,16.495214,12.039199,20.684713
1431,29.844225,27.69684,29.889378,23.360983,30.190702,11.626724,20.544428,9.30694,12.891742,2.5079641,9.572324,13.764755,8.874789,17.61444,13.987942,25.253561,27.542606,23.943365,19.29902,21.370476,16.96938,15.942611,27.032696,25.307068,15.724618,12.292024,9.53056,7.7249002,13.495331,8.046443,26.580242,24.380243,12.455453,14.249939,20.865143
1432,21.904959,32.402355,23.423788,5.3128037,18.644764,5.6558003,19.932018,14.865146,11.073074,6.829232,24.977024,12.414253,14.159262,27.008677,11.390715,22.420834,33.94555,18.300219,21.46842,18.82273,10.142844,7.1777315,30.301285,28.248835,30.645111,22.042103,5.988797,12.550524,10.882719,28.073732,28.385822,26.035738,16.68903,12.125022,20.946257
1433,19.978525,29.991745,23.630447,12.299088,34.17055,7.8271704,25.26822,10.6815195,9.704599,5.606484,7.7980514,16.247913,7.786502,14.192546,19.27348,30.07457,25.114582,19.428278,22.642118,25.578785,23.080053,18.718641,27.749765,17.711893,11.753682,7.7831616,11.769456,8.2981415,26.771545,5.289322,28.014223,24.894533,15.350647,9.815049,21.435987
1434,21.34548,29.348673,21.765076,6.3315244,15.628123,9.207676,17.395502,13.453047,15.318708,7.6476345,22.415426,12.439856,12.179208,24.057404,13.694487,23.867243,28.775661,16.36883,17.195211,16.51776,8.206833,5.2106695,27.3068,23.959427,28.60752,18.701445,9.29388,12.066204,9.184637,24.158274,25.513832,23.338417,13.678958,11.138197,18.580713
1435,21.357351,30.341988,22.441671,6.02528,18.595314,7.419053,18.63562,13.575681,12.760792,7.0390143,22.339155,12.324721,12.815055,24.554958,12.437983,22.994852,30.794415,17.235167,19.046423,17.810772,9.577071,6.719678,28.39634,25.514126,28.52984,19.266685,7.5698347,11.897949,10.657073,24.128248,26.616533,24.402859,14.668548,11.48788,19.587072
1436,21.525759,30.211529,22.202526,6.0807657,16.277126,8.349149,18.10303,13.869085,14.374386,7.4780664,23.123606,12.515842,12.672734,24.773144,13.312781,23.737406,30.020443,16.868149,18.297352,17.20503,8.809854,5.7289095,28.136646,24.957165,29.113207,19.455423,8.541492,12.216056,9.745946,25.097904,26.323643,24.073153,14.416757,11.46389,19.219044
1437,22.02333,32.5222,23.402023,5.2692504,17.06689,5.672152,19.786318,15.23463,11.372536,6.796568,25.667414,12.50769,14.242885,27.48747,11.515288,22.476233,33.988228,18.307344,21.578745,18.615786,9.865678,6.7960634,30.341635,28.43804,31.08164,22.663286,6.0512652,12.822211,10.426567,29.241661,28.396599,26.053709,17.020346,12.283115,20.949043
1438,23.102888,25.479065,23.360008,14.663301,25.375914,22.73367,18.524235,9.633926,25.968428,18.447205,8.693236,20.919298,7.7033277,15.942227,25.823458,32.04451,14.669567,17.798174,11.728613,20.146008,11.532753,9.26436,23.47583,15.192102,13.302476,10.1753,24.605762,12.038974,16.550606,3.9416091,22.229252,22.28061,10.613006,9.709814,19.932041
1439,22.801638,29.99744,25.062897,13.078342,32.616077,8.893567,22.70062,10.708115,11.554255,5.3293357,11.7070465,14.293236,9.569484,17.427244,16.103106,27.581903,28.068893,19.667742,20.60872,22.810196,18.100706,15.271028,28.194427,21.366396,18.027025,11.096371,10.348253,8.706088,19.659904,9.615477,27.745892,24.814356,13.731767,10.691711,20.720497
1440,21.416601,30.994606,22.577225,5.505843,16.999775,6.541939,18.8719,14.306189,12.062216,7.0139637,23.92151,12.344854,13.369229,25.796722,11.935274,22.436987,31.77724,17.547709,19.963625,17.871515,9.456523,6.4288225,28.973385,26.66805,29.458736,20.8265,6.806332,12.350782,10.25436,26.610294,27.1118,24.909473,15.647185,11.860926,20.025568
1441,21.468931,30.827969,22.398827,5.536996,15.56812,7.0081453,18.496471,14.45804,12.880081,7.103273,24.269924,12.378326,13.263222,25.91126,12.304945,22.738264,31.324589,17.32924,19.529303,17.453922,8.990275,5.8555493,28.739288,26.371119,29.801428,20.952827,7.2394457,12.5392065,9.671847,27.158365,26.86108,24.659678,15.541213,11.85777,19.771223
1442,21.29581,30.95012,22.370724,5.3757296,17.475788,7.3633933,18.789719,14.144203,13.192156,7.4323025,23.597178,12.506856,13.153669,25.375628,12.757978,23.38971,31.277256,17.139818,19.383352,17.849644,9.339583,6.278182,28.846725,25.817314,29.557802,20.105482,7.739899,12.321462,10.5338,25.790386,26.997816,24.711317,15.139114,11.539976,19.773596
1443,23.081398,30.36213,24.668922,9.567108,25.474754,6.5817475,20.182756,12.165699,10.003983,5.7466116,18.330717,12.580588,12.302203,22.674026,11.539423,22.45038,31.478073,19.405497,20.53359,20.182068,12.47091,10.649705,28.9631,26.211073,24.70373,17.408098,6.453689,10.356289,12.888216,18.437172,27.44981,25.325743,14.506107,12.235633,20.757376
1444,21.863716,29.911625,22.232597,6.6789494,17.112497,10.441687,17.797499,13.461597,16.79104,8.257654,22.093845,13.042339,12.172656,23.968056,14.908068,25.409782,28.836138,16.477821,16.997992,17.00195,8.454053,5.44438,27.7718,23.643074,29.001488,18.203228,10.623463,12.243913,9.883295,23.241499,25.967482,23.699842,13.460003,11.030615,18.830637
1445,24.194155,24.577116,24.045395,16.22134,24.046116,24.829363,17.536852,9.76782,27.546082,17.472893,7.7256694,21.058388,7.6561728,16.441557,25.67873,31.818056,14.040479,18.58785,10.2858715,18.550667,10.436435,7.918996,22.714355,16.613188,14.492678,10.442497,25.405664,13.416405,15.11954,4.1600194,21.467024,21.986805,10.563347,10.54705,19.931355
1446,22.06943,32.209404,23.335602,5.508765,17.100203,6.178986,19.59072,15.008241,11.88027,6.9936695,25.209036,12.612192,14.009317,27.052834,11.890131,22.755823,33.337456,18.21007,21.07818,18.486073,9.792188,6.675068,30.083427,27.987364,30.702,22.104216,6.4943705,12.787254,10.4252825,28.415747,28.152515,25.847853,16.58312,12.286622,20.787088
1447,18.274857,30.579374,22.844028,10.656151,35.483486,6.663944,26.5972,11.102552,8.109684,4.8851447,6.6686773,16.69368,7.5406485,13.687843,19.818651,30.802027,25.419989,19.243826,24.172087,26.61557,25.1881,19.995852,28.061737,17.180975,10.860252,7.041162,11.499847,8.689334,30.310757,4.767029,28.562782,25.312162,16.816353,9.398304,21.955015
1448,21.444948,31.361473,22.701736,5.3146195,17.17334,6.2215476,19.115086,14.503672,11.772942,6.9880505,24.337652,12.33627,13.589825,26.172913,11.766998,22.38214,32.344788,17.667524,20.383907,18.07838,9.571136,6.5497193,29.298954,27.051695,29.831259,21.2456,6.5517535,12.416827,10.358322,27.210733,27.418095,25.172346,15.9726515,11.893333,20.229658
1449,23.191969,29.822596,24.250717,9.886605,24.560673,9.245722,19.37789,11.932972,13.530666,6.7464657,17.964354,12.999979,11.695065,21.98255,13.600097,24.53472,29.62165,18.53829,18.512594,19.34932,11.473599,9.517863,28.222263,24.323357,25.069717,16.152378,9.07745,10.559048,12.410828,17.459194,26.701668,24.535147,13.264997,11.551585,19.93951
1450,21.586123,31.52458,22.83131,5.366562,16.804338,6.141235,19.177418,14.68656,11.714573,6.8841944,24.593145,12.396597,13.688995,26.446575,11.723032,22.358961,32.577274,17.812395,20.59826,18.108492,9.5879345,6.534429,29.435854,27.338923,30.040655,21.577742,6.4591985,12.545019,10.291511,27.695215,27.544224,25.304396,16.229862,12.023534,20.352205
1451,21.890959,31.22536,23.119564,6.097993,19.013603,6.8455415,19.2245,14.030806,12.114853,6.860368,23.199945,12.416434,13.362632,25.539867,12.023194,22.827188,32.164635,17.914633,20.056482,18.319084,9.922494,7.0552497,29.281746,26.838062,29.364054,20.320097,6.9354596,12.193031,10.780293,25.40799,27.445217,25.198473,15.451451,11.940705,20.272188
1452,20.623804,30.514973,23.588215,8.855526,31.328112,6.101095,22.405207,11.436104,8.827149,4.8639846,13.766038,13.319927,10.5943365,19.230951,13.821859,25.36317,30.366714,18.706554,21.965487,22.440859,16.874556,14.282098,28.686125,22.707361,20.619104,13.174104,7.696818,9.449799,19.870472,12.874946,27.810843,25.16102,15.150509,10.479657,20.787264
1453,21.77425,31.198898,23.070335,6.0436954,18.653759,6.3540807,19.29451,14.086317,11.511257,6.7869186,23.275404,12.421938,13.383536,25.566198,11.770697,22.43207,32.200745,17.99241,20.37593,18.439545,10.061504,7.2160273,29.277298,26.952139,28.984583,20.530897,6.5595584,12.11668,10.842634,25.606739,27.446274,25.233614,15.672637,12.019035,20.35026
1454,17.567793,31.467115,22.1211,6.2711463,34.609764,4.643054,25.0313,11.93734,6.594985,4.046869,11.222369,14.434921,9.81778,17.551949,15.63908,27.40536,30.121658,18.217218,24.231012,24.317366,21.139101,16.645132,29.131344,20.983562,18.31241,10.785293,8.086042,9.964797,26.721596,10.8543825,28.851448,25.75892,17.172182,9.524516,21.587221
1455,27.970577,28.487782,28.501114,19.572031,29.25158,9.571365,20.810717,9.993225,11.26811,4.04917,11.844733,13.721337,9.829343,18.183056,13.536829,24.3384,27.767813,22.7615,19.491781,21.673885,16.30262,14.785153,27.737488,24.91215,17.088911,13.001193,8.523538,8.101947,13.218313,9.556462,27.111958,24.820864,12.414565,13.995668,21.068197
1456,21.44106,30.757137,22.367271,5.551878,15.517517,7.012477,18.45808,14.430574,12.856989,7.077897,24.18579,12.375931,13.227387,25.850786,12.294401,22.697102,31.241566,17.314428,19.494417,17.421764,8.984508,5.853979,28.675285,26.326765,29.710905,20.902239,7.23838,12.527126,9.676064,27.071405,26.80154,24.615124,15.522467,11.85528,19.743235
1457,21.617537,30.395155,22.58099,6.523816,20.732277,9.143042,18.777094,13.0977335,14.8176365,7.8261414,21.218935,12.833674,12.387792,23.60802,14.042255,24.900875,30.025736,16.877625,18.14934,18.160961,9.736026,7.0450373,28.341434,24.065002,28.213413,17.760233,9.49455,11.6305065,11.433634,21.8225,26.61473,24.24763,13.71378,10.894745,19.358187
1458,21.276619,30.95562,22.478302,5.390396,17.551548,6.6854243,18.902407,14.16953,12.212067,7.1254053,23.64889,12.35457,13.295739,25.563526,12.093292,22.647604,31.659752,17.406864,19.827902,17.938173,9.511504,6.5106344,28.930367,26.381174,29.368944,20.48025,6.9938188,12.276466,10.513862,26.099102,27.077038,24.854677,15.457746,11.714264,19.959444
1459,22.102041,30.128176,22.897278,7.2830243,20.16748,9.159576,18.53086,13.033201,14.655935,7.386046,21.162127,12.626799,12.348651,23.677486,13.629752,24.426147,29.950176,17.240871,17.984114,17.871983,9.585715,6.93329,28.19101,24.513027,28.133282,17.932287,9.132848,11.607094,10.726474,21.989418,26.471275,24.174253,13.653753,11.224682,19.344229
1460,26.378166,27.81513,27.076351,20.692556,32.488857,13.492911,22.293182,8.6089735,16.230284,11.015564,9.632474,16.56392,7.7366753,13.756196,20.360188,29.307692,20.759602,21.090103,17.073395,23.641039,18.524944,16.24342,26.567556,17.868547,10.005109,8.257706,15.800192,6.5355434,16.51395,3.5260615,26.622902,23.868313,9.703797,11.25504,20.632338
1461,20.784346,31.197819,22.591232,5.1885443,22.887383,6.3876,19.873802,13.28092,11.285948,7.3067064,21.6164,12.427929,13.091306,24.240118,12.175142,23.13877,32.12419,17.31519,20.305737,19.271215,10.872228,8.339779,29.240894,25.55195,28.029932,18.74946,7.0840173,11.409325,12.806936,22.597317,27.49495,25.123343,14.968775,11.0353365,20.185877
1462,22.20883,32.26332,23.528318,5.6746387,17.89716,6.174756,19.704617,14.915766,11.706453,6.829688,24.91715,12.576723,14.038845,27.005587,11.743807,22.711754,33.56963,18.365057,21.17173,18.594471,9.974507,6.9140673,30.168911,28.18104,30.70447,22.0082,6.3869786,12.737737,10.585243,28.052734,28.252071,25.944712,16.609083,12.319626,20.883091
1463,21.495878,31.202915,22.919107,5.7350016,20.126066,6.572476,19.407454,13.813358,11.7014885,6.9505153,22.787466,12.3625145,13.3127365,25.188074,11.938511,22.777596,32.211636,17.722998,20.17172,18.577244,10.191304,7.4142923,29.265951,26.521769,28.987703,19.909645,6.834645,11.9566,11.356237,24.6745,27.451443,25.173231,15.331447,11.676029,20.243145
1464,25.135641,28.957273,27.051266,17.715588,32.277695,8.431142,22.727877,10.158964,9.732857,2.451376,8.966403,14.130291,8.7319,16.580631,14.8897705,26.46327,28.013689,21.9756,21.7759,23.214108,19.932995,17.552715,27.584919,22.89475,14.915918,10.951718,8.740765,8.008492,19.61248,7.7146072,27.393604,24.734018,14.554241,12.364207,21.145123
1465,33.319813,25.765402,32.072056,30.835875,32.50197,18.178743,19.953987,7.594133,19.293547,3.7314987,5.8977094,14.948887,6.839127,15.010502,17.564175,28.381514,23.28926,25.314886,15.866974,20.189117,17.373804,16.58603,25.175127,23.485294,11.801034,9.116354,15.392284,6.891598,12.382375,3.7034545,25.360691,23.022264,9.785724,13.911519,20.148829
1466,21.444448,30.846615,22.355656,5.45635,15.056307,6.8794684,18.445803,14.586444,12.804904,7.0237036,24.495901,12.351963,13.307801,26.087332,12.211909,22.617615,31.395164,17.320139,19.62159,17.370623,8.910087,5.7499366,28.728159,26.480898,29.942945,21.219624,7.1223083,12.606254,9.504433,27.60538,26.843473,24.647661,15.716828,11.888317,19.761961
1467,22.057043,30.172745,24.186684,9.63269,29.103312,7.1784673,21.026434,11.445708,10.333893,5.5016546,15.45625,12.96837,11.221013,20.564358,13.055014,24.383173,30.523521,18.879652,20.641073,21.218433,14.375731,12.487631,28.550247,23.897493,22.554312,14.739488,7.757447,9.688113,16.27147,14.597051,27.329483,24.979633,14.316562,11.074303,20.50251
1468,22.371075,28.312246,21.903332,8.119402,16.400675,14.4242325,16.325184,12.523608,21.156866,9.618925,20.078161,13.787461,10.936699,22.388508,17.363258,27.364155,25.596916,15.623311,13.972342,15.613324,6.943961,4.155884,26.183735,21.120213,28.156523,16.202494,14.347765,12.358593,8.853025,20.289423,24.357122,22.341188,11.563539,10.355421,17.658556
1469,21.625807,31.546093,22.834755,5.383671,16.745173,6.277934,19.16471,14.689264,11.931414,7.002817,24.660162,12.434509,13.681281,26.445772,11.86717,22.509874,32.496735,17.786776,20.503483,18.099627,9.54308,6.4604406,29.454533,27.26535,30.093782,21.535177,6.6014724,12.567748,10.249986,27.692608,27.55708,25.305147,16.144802,12.025642,20.338915
1470,21.448908,31.10423,22.792473,5.729369,20.36608,7.1500654,19.301672,13.684679,12.452972,7.211252,22.540087,12.459186,13.146781,24.877285,12.456165,23.344023,31.807451,17.466658,19.725729,18.500751,10.079779,7.2835054,29.123228,25.961657,28.984028,19.42164,7.458855,11.920298,11.455935,24.112846,27.321419,24.99957,14.96281,11.468727,20.049665
1471,22.274931,30.636541,24.161526,8.272578,25.846506,5.7907686,20.34574,12.384578,9.222958,5.587306,18.872755,12.246396,12.618043,23.072773,10.98182,22.04133,32.286293,19.003569,20.987947,20.109571,12.477981,10.545507,29.125559,26.505991,25.527239,17.820919,5.822721,10.506864,13.286958,19.399942,27.5909,25.39525,14.9704075,11.889532,20.741053
1472,24.138891,26.409061,24.080547,15.874753,28.473536,18.698015,19.109348,8.967533,22.597845,14.445798,10.579409,17.529202,7.784537,15.133569,22.694777,30.66572,18.430586,17.5552,13.0420475,19.89132,12.990335,10.754476,24.557701,15.645221,14.543856,9.030651,20.63049,8.954467,14.614618,5.3652906,23.891396,21.958254,9.034378,9.302266,18.660238
1473,24.898672,30.805664,25.700066,11.072387,21.410595,7.80681,19.734118,13.056828,11.910564,5.929513,20.188494,13.166027,12.546218,24.07191,12.366392,23.14687,31.365997,20.29979,20.279291,19.613918,11.631665,9.397829,29.408222,27.372112,26.012707,18.994993,7.2201705,11.301796,10.924456,21.126644,27.783138,25.72888,14.839608,13.462479,21.106634
1474,21.476393,31.186747,22.69437,5.474878,17.29181,6.3988757,19.02942,14.366909,11.891115,6.9985447,24.043432,12.35558,13.475265,25.942017,11.852695,22.42326,32.077297,17.653502,20.182411,18.023561,9.571648,6.557146,29.161594,26.87966,29.585337,20.971825,6.680254,12.36342,10.368699,26.758682,27.292938,25.070398,15.779167,11.8980055,20.158207
1475,19.97677,30.971106,22.027225,4.4005637,22.803125,5.5590777,19.899376,13.276531,10.240496,7.0090876,21.471724,12.166351,13.060132,24.058502,11.647781,22.479528,32.103184,17.013992,20.553299,19.162186,11.069953,8.391887,29.001905,25.4465,27.726768,18.687098,6.4246492,11.340748,13.203618,22.734444,27.303928,24.934834,15.208391,10.828438,20.05957
1476,24.61502,29.55529,25.271908,11.834787,22.505379,8.777014,19.142767,12.048216,12.664717,5.93351,18.148191,13.0005245,11.670123,22.33656,12.827004,23.419123,29.584095,19.768559,18.9064,19.24313,11.539848,9.613691,28.26749,25.623964,24.346195,17.02894,8.095525,10.579933,11.011179,18.11474,26.76777,24.764746,13.53127,12.876465,20.319052
1477,21.361395,30.625513,23.470827,7.213689,26.111217,5.496038,20.42117,12.371248,9.057656,5.743553,18.865103,12.145445,12.523372,22.83804,11.108204,22.186079,32.226772,18.371912,21.060682,20.129839,12.569015,10.543039,28.979572,25.823105,25.50087,17.528566,5.883633,10.427654,13.974716,19.375952,27.463322,25.17813,15.0413065,11.321135,20.491308
1478,22.449436,31.448112,23.568829,6.68642,18.317612,6.740977,19.356834,14.239909,12.008228,6.7982154,23.558401,12.614435,13.462996,25.866257,12.039235,22.778044,32.3386,18.389614,20.393076,18.506401,10.062575,7.1578207,29.556944,27.336706,29.273323,20.785276,6.785949,12.295959,10.528304,25.919226,27.707722,25.485159,15.713359,12.380054,20.565062
1479,21.433527,30.738287,22.631763,5.8228908,18.267864,6.8059316,18.886845,13.902836,12.087505,6.9109077,22.980112,12.321053,13.143224,25.18594,12.010663,22.581923,31.498726,17.542654,19.699644,17.994488,9.692039,6.79617,28.79243,26.30187,28.921524,20.054976,6.9734607,12.101687,10.646324,25.197437,26.97176,24.78266,15.24812,11.747175,19.936636
1480,29.0412,27.91896,29.078775,21.54061,29.247452,11.684119,20.214539,9.570392,13.538065,3.4469614,10.752339,13.81763,9.156349,17.961298,14.332812,25.447443,27.416843,22.98832,18.75825,21.065447,15.893088,14.840048,27.121727,24.56394,16.872107,12.519315,10.003907,7.965666,13.009949,8.879671,26.501907,24.262228,12.120482,13.776051,20.568974
1481,20.915373,29.89164,24.814945,14.594779,35.891186,7.6982427,26.081156,10.609701,8.533941,3.3462334,5.512764,16.290524,7.369899,13.758465,18.878742,30.171122,25.661331,20.96948,23.81072,26.044825,25.265568,20.609243,27.766752,19.03016,10.451656,7.3015656,11.054558,8.4545555,28.420094,4.1105013,28.346485,25.258764,16.472475,10.606829,22.111124
1482,31.500866,26.56488,30.627605,26.466537,30.086945,14.78043,19.653479,8.482971,16.314486,3.1760695,8.651331,14.020243,8.01739,16.494022,15.471064,26.406881,25.348522,24.149864,16.861307,20.175869,16.115519,15.192492,26.029526,24.19424,14.621223,10.764712,12.208696,7.266226,11.687353,6.482499,25.788296,23.445774,10.446163,14.099531,20.08683
1483,18.821644,23.14423,20.312967,9.667597,14.2382,28.874,16.815084,11.504378,31.335981,25.626322,5.96399,26.81733,8.04451,18.089748,30.90379,33.46434,6.0494847,17.983397,8.236327,20.19178,7.0054054,4.4469366,21.093931,14.612708,11.911948,12.257902,30.309927,19.409517,20.622604,2.1562524,18.342157,23.22501,13.420366,11.228359,22.752073
1484,22.878038,29.134655,23.40856,9.679186,23.115084,11.695161,18.525967,11.787307,16.825281,8.25513,17.897224,13.481946,11.180071,21.24618,15.625801,26.242632,27.351912,17.347164,16.331099,18.274145,10.331794,7.9803824,27.29204,22.301163,25.330051,15.052432,11.706612,10.809071,11.626673,16.860722,25.802979,23.562698,12.010026,10.733715,19.00812
1485,25.381647,28.897217,26.659763,17.800951,32.134113,11.893179,22.330406,9.799616,14.44973,6.9389057,10.135972,15.507063,8.594787,15.921499,18.175623,28.792747,24.923946,20.899916,18.866528,22.979809,18.264952,15.764149,27.3573,20.289312,14.581512,9.805712,13.118647,7.9229403,18.155142,6.628025,27.142258,24.36963,12.072228,11.376711,20.720964
1486,21.506405,28.683746,23.821003,14.653589,33.121815,11.218708,23.847412,9.447716,14.109856,11.0391865,8.911156,17.123505,7.4480515,12.940068,21.62844,30.689785,20.652979,18.761372,18.846567,24.921665,20.604269,16.905434,26.70066,15.14105,9.633554,6.9697266,15.576973,7.1665463,22.27509,3.3147213,26.89343,23.896023,11.647934,9.332022,20.59526
1487,21.330654,31.121597,22.988827,5.8083134,21.384037,5.7642674,19.661283,13.563269,10.429981,6.493678,22.188467,12.1256695,13.312475,24.906712,11.206994,22.06669,32.615604,17.889631,20.673462,18.909138,10.679363,8.131279,29.262053,26.73155,28.333918,19.773466,6.0426097,11.557752,11.776646,24.007246,27.49704,25.223389,15.499072,11.608807,20.345747
1488,20.426512,23.670979,21.353664,11.903839,19.91883,26.5666,17.40021,10.2722435,29.173426,23.402943,6.668089,24.426926,7.6025705,16.499548,28.949833,32.62787,8.956984,17.521418,9.377505,20.052408,8.976603,6.6599293,21.646807,14.00006,11.376235,10.956791,28.550629,15.822723,18.665627,2.0655224,19.629032,22.381268,11.780084,10.06345,21.230764
1489,21.785627,31.773308,23.157951,5.5641737,18.6083,6.207461,19.541548,14.449312,11.594878,7.0086036,24.199192,12.441622,13.747111,26.246124,11.7611065,22.592993,32.917618,18.020714,20.721867,18.54837,9.976048,7.022805,29.756187,27.432962,29.907793,21.172934,6.4950614,12.369301,10.814184,26.79512,27.872894,25.579344,16.014832,12.015632,20.574583
1490,27.41314,27.232859,27.738039,22.06317,31.925692,13.710118,21.523973,8.437913,16.117466,9.2885275,9.324971,15.822881,7.7935934,14.0852785,19.041729,28.309744,21.408367,21.64512,16.611885,22.631145,17.808073,15.844513,26.171913,19.11456,10.856418,8.587388,14.926361,6.5650578,14.974112,3.9259806,26.21463,23.536043,9.487893,11.7821,20.325983
1491,31.326777,25.293186,29.88084,26.373848,27.88565,16.4909,18.184217,8.08389,18.448854,4.308372,8.895272,14.031695,7.618792,16.076845,16.049421,26.18738,23.267962,23.259184,14.597468,18.473988,14.076493,13.239887,24.843445,22.942156,14.624959,10.287532,13.838396,7.433374,9.575569,6.4793024,24.53711,22.353819,8.938725,13.707684,19.10034
1492,21.397516,30.545055,22.266312,5.683353,16.056435,7.556105,18.372038,14.16625,13.441473,7.3082256,23.642859,12.475939,12.9912,25.33612,12.762955,23.17362,30.7106,17.113508,19.021736,17.411041,8.987784,5.8710966,28.471218,25.708067,29.376373,20.195951,7.803427,12.397226,9.902978,26.064854,26.622486,24.418348,15.045975,11.677718,19.55835
1493,21.438265,31.286642,22.612705,5.2942085,16.598375,6.353724,18.969015,14.564502,12.037454,7.028891,24.484615,12.33853,13.553817,26.220375,11.87933,22.455402,32.165867,17.573318,20.230833,17.913658,9.397739,6.3292074,29.19825,26.939352,29.94068,21.317026,6.680582,12.481266,10.121918,27.44678,27.31178,25.067186,15.947829,11.888026,20.127234
1494,21.444693,30.687641,22.328259,5.591058,15.487626,7.226493,18.393026,14.3790455,13.122582,7.1711607,24.096851,12.415609,13.157367,25.735407,12.473586,22.86662,31.040766,17.246252,19.307737,17.372929,8.92039,5.776727,28.605026,26.136972,29.668642,20.726969,7.449742,12.527689,9.667753,26.867672,26.732267,24.545069,15.371401,11.824338,19.675524
1495,21.082788,31.470207,22.664623,4.9765067,19.224913,5.6971602,19.499094,14.2096195,10.892139,6.933286,23.800539,12.15766,13.660964,25.855183,11.337853,22.09384,32.798645,17.64401,20.712646,18.508318,10.029302,7.1807156,29.450733,27.064505,29.500124,20.84105,6.1172853,12.084589,11.135927,26.317694,27.597809,25.311228,15.921016,11.623041,20.351748
1496,21.383411,30.168522,22.157967,5.886156,15.53606,7.624821,18.078295,14.050911,13.44087,7.112174,23.415129,12.353984,12.837527,25.150593,12.619762,22.908155,30.338766,17.054747,18.741297,17.10654,8.801768,5.708886,28.13319,25.572065,29.133078,20.082342,7.750348,12.339685,9.555485,25.923637,26.300684,24.149725,14.900382,11.686478,19.355099
1497,21.663885,30.012066,22.653187,6.966502,21.05447,8.939389,18.680933,12.836047,14.26219,7.4073305,20.543684,12.661291,12.225831,23.246735,13.621642,24.404596,29.811428,17.049608,18.102644,18.119802,9.904585,7.33936,28.056793,24.099833,27.569916,17.482222,9.106695,11.401714,11.407,21.119514,26.37312,24.086592,13.6289625,10.96189,19.301998
1498,21.978352,30.141193,22.679247,7.1158023,20.55831,10.384546,18.497946,12.941427,16.25172,8.204032,20.768982,13.137795,12.096959,23.248196,14.916531,25.739353,29.213821,16.774681,17.346073,17.90128,9.448162,6.736443,28.06264,23.464334,28.126642,17.222069,10.635372,11.711294,11.19111,21.07352,26.343754,24.00035,13.225854,10.791513,19.138472
1499,18.877235,30.897263,22.906668,7.9824705,33.829334,4.74402,24.25583,11.602412,6.613034,3.540582,11.410752,13.845964,9.87531,17.695793,14.621818,26.373873,30.192007,18.757019,23.69979,23.73481,20.32514,16.409657,28.817713,21.74174,18.349222,11.296018,7.4139805,9.527792,24.465065,11.001666,28.470787,25.46396,16.54484,10.067698,21.322899
1500,33.37167,26.439283,32.432953,30.994497,33.624516,17.71471,20.846277,7.7948394,18.772959,3.5938973,5.6065154,15.257845,6.915209,15.025761,17.924816,29.078478,23.862791,25.752914,16.866516,21.254246,18.601032,17.723873,25.779642,23.681318,11.439415,9.088609,15.169017,6.889313,13.792387,3.342122,26.021097,23.60764,10.491872,14.0100155,20.723497
1501,21.303734,30.77194,22.395329,5.579275,18.018341,7.4077,18.784601,13.929453,13.074134,7.3773394,23.13626,12.48586,13.031819,25.045681,12.722847,23.328825,31.095337,17.158459,19.272436,17.89726,9.470437,6.475848,28.721615,25.654171,29.146248,19.745874,7.748131,12.153996,10.675985,25.10681,26.899044,24.627028,14.9426985,11.496141,19.725092
1502,21.12599,31.268831,22.84296,5.455162,22.07291,6.249327,19.783207,13.499016,11.103372,6.970258,22.015617,12.358545,13.242078,24.693562,11.845354,22.804285,32.42692,17.6234,20.470678,19.094414,10.732863,8.145517,29.342392,26.189598,28.409155,19.313478,6.7226567,11.613855,12.3189945,23.42292,27.569298,25.248789,15.258571,11.369813,20.31647
1503,21.73939,30.90484,22.905327,6.132093,18.07269,6.693063,19.014883,14.0069065,11.949699,6.876392,23.159975,12.426601,13.217948,25.36613,11.9884205,22.54513,31.673958,17.825632,19.94705,18.162285,9.821128,6.9250393,28.990957,26.605833,28.860952,20.306963,6.849545,12.133881,10.577745,25.430609,27.163448,24.980116,15.409371,11.983397,20.131372
1504,21.432579,30.589582,22.305056,5.6630936,15.615842,7.336921,18.364038,14.289983,13.197947,7.1925707,23.887823,12.441175,13.080659,25.569126,12.555225,22.926262,30.868773,17.221157,19.194849,17.366093,8.948431,5.8076916,28.524548,25.998396,29.494833,20.520782,7.5491133,12.489504,9.7448845,26.544127,26.661741,24.48598,15.249732,11.808318,19.634691
1505,30.14421,27.641775,29.959866,24.402536,31.453197,13.657482,20.765112,8.954867,15.431062,3.905403,9.047412,14.385383,8.353175,16.5422,16.042507,27.276531,26.007822,23.575018,18.055655,21.491667,17.206503,16.035479,26.78033,23.543026,14.802267,10.794597,12.0616455,7.343237,13.859002,6.53362,26.528854,24.019106,11.315721,13.4105425,20.522814
1506,28.10418,27.86481,28.130512,19.783628,28.606455,11.867527,19.752846,9.764773,14.147319,4.2224054,11.774987,13.603058,9.466151,18.267944,14.348621,25.288313,27.130024,21.984688,17.850212,20.253414,14.7410345,13.450909,26.942762,24.14097,18.303673,12.642355,10.386563,8.319592,12.238003,9.88856,26.251976,23.951283,11.629455,13.215489,20.13403
1507,26.18199,28.762697,25.96606,14.35573,21.9814,11.901803,18.312223,11.595558,16.189991,6.4026165,17.362066,13.3337345,10.956759,21.44651,14.559099,25.096601,27.57681,19.947046,16.552788,18.129713,10.828145,8.63672,27.52654,24.711739,24.246807,15.595231,10.651515,10.665907,9.491208,16.71892,26.201134,24.09038,11.860417,13.024033,19.716734
1508,23.224203,27.677015,22.44175,9.949128,18.955875,17.68979,16.251223,11.676054,24.099842,11.47095,17.731054,15.089434,10.124368,20.942873,19.690855,29.24975,23.378304,15.721243,12.444405,15.6851635,7.0786543,4.495802,25.554245,19.555075,26.351812,14.374162,17.712606,12.307569,9.542849,16.681183,23.83807,21.999651,10.4279585,9.939388,17.57729
1509,21.428324,30.79762,22.470797,5.683624,17.558208,7.3812003,18.740839,14.025627,13.076202,7.327499,23.348036,12.493053,13.07537,25.218697,12.670153,23.245321,31.138733,17.257292,19.316536,17.834312,9.390469,6.372061,28.755188,25.833925,29.250607,19.972563,7.6758,12.235713,10.462662,25.467442,26.919529,24.665844,15.035172,11.620098,19.766718
1510,21.28893,31.857084,22.809143,4.922237,17.56601,5.323589,19.558853,14.765565,10.745339,6.749769,24.848618,12.232426,13.934314,26.672268,11.186834,21.919867,33.323597,17.854788,21.24729,18.461403,9.884131,6.9417715,29.738617,27.682741,30.095718,21.90034,5.818747,12.387739,10.6870775,28.108746,27.849089,25.549852,16.593935,11.868542,20.55358
1511,27.500925,26.659899,27.372738,21.262142,29.878801,13.546987,20.080359,8.477667,16.160242,8.191513,10.377361,14.80603,8.125639,14.965981,17.465815,26.89932,22.235136,21.10002,15.785068,21.016956,15.71641,14.136234,25.732204,19.860289,13.074366,9.49871,13.839264,6.7881494,12.687403,5.5992117,25.500319,22.930761,9.069608,11.906136,19.515184
1512,21.501719,30.866234,22.527542,5.6411743,16.599422,7.0051064,18.677359,14.282818,12.685621,7.0962667,23.865023,12.4024315,13.247748,25.695324,12.272545,22.774069,31.426382,17.433813,19.595194,17.679201,9.24923,6.179984,28.825516,26.384447,29.558262,20.636566,7.2150292,12.421833,10.063119,26.484695,26.962414,24.759863,15.431949,11.840897,19.87449
1513,27.518429,28.375456,27.852505,18.80028,29.52681,11.598805,20.159815,9.971472,13.998102,4.160983,11.858579,13.610645,9.651832,18.532047,14.452439,25.767347,27.878645,21.699278,18.416647,20.632923,15.080622,13.766281,27.271639,24.123472,18.97808,12.77879,10.310175,8.486076,13.3144245,10.151875,26.542007,24.177746,12.176062,12.817337,20.25896
1514,18.986513,30.38834,22.423294,6.7513533,30.975126,4.719643,22.417776,11.629764,7.2809305,4.578191,14.049226,12.8883095,10.725508,19.288588,13.030386,24.392534,30.614468,17.978525,22.36041,22.1422,16.873026,13.951408,28.499937,22.615583,20.921976,13.291814,6.6844583,9.674725,20.589533,13.70744,27.629883,24.989077,15.642439,10.068121,20.612085
1515,22.543522,29.125343,22.754066,8.5266075,19.726885,12.058882,17.748867,12.438297,17.907648,8.578812,19.68017,13.391836,11.4323435,22.330582,15.789581,26.22481,27.345291,16.719322,15.866031,17.19089,8.934555,6.2482615,27.139606,22.498999,27.106426,16.260073,11.994569,11.58996,10.316053,19.598988,25.4768,23.284075,12.271659,10.755198,18.619576
1516,21.402369,30.684994,22.390118,5.6143246,16.236515,7.029607,18.524403,14.254282,12.723029,7.054887,23.801315,12.35656,13.168652,25.605549,12.254438,22.682764,31.204674,17.326979,19.453182,17.519432,9.135492,6.0587807,28.640259,26.23614,29.459887,20.588116,7.2317777,12.407129,9.926025,26.476913,26.784477,24.602217,15.379915,11.797078,19.746336
1517,21.0123,30.760605,22.309166,5.4569345,20.379581,7.5533414,19.09088,13.449687,13.06234,7.5917797,22.139156,12.521265,12.837153,24.27461,12.993944,23.781221,31.034702,16.907793,19.188208,18.369549,9.934295,7.1580763,28.713104,24.920778,28.537298,18.729883,8.103797,11.706007,11.629013,23.316513,26.945297,24.576847,14.492036,11.023536,19.64777
1518,21.618118,30.148096,23.236816,7.957209,25.822924,8.194696,19.911535,11.991735,12.547648,6.919187,18.007704,12.830624,11.725712,21.717508,13.555343,24.631289,30.095272,17.662943,19.194174,19.784534,12.071022,9.951632,28.326797,23.559488,25.046736,15.834073,8.757753,10.390997,14.014038,17.471647,26.859383,24.485285,13.689593,10.6688595,19.799839
1519,21.591019,30.332142,23.454142,8.050753,26.813261,7.6335025,20.325022,11.958731,11.618465,6.4854937,17.569609,12.822662,11.739209,21.641651,13.206244,24.37935,30.565792,18.000288,19.821472,20.21736,12.712169,10.616337,28.555698,23.90553,24.649923,15.770745,8.238192,10.306198,14.737727,17.086857,27.13326,24.762627,14.055601,10.788324,20.099901
1520,29.42674,27.205616,28.61253,21.82605,27.698761,15.378588,19.125822,9.518796,18.270576,6.9617314,12.190372,14.546658,9.144616,17.485626,16.861021,26.861378,23.847237,22.053698,14.6816,19.000824,13.63004,11.518412,26.376595,23.08872,17.971724,11.320803,13.956649,8.853037,9.908817,9.117118,25.934566,23.513975,9.294475,13.360752,19.846886
1521,18.83951,22.533848,20.102709,9.852135,13.604473,28.614809,16.12505,11.330963,31.038202,23.992197,5.738729,25.89812,7.8625345,17.882643,29.944828,32.754753,6.340408,17.70121,7.744887,19.061665,6.5611687,3.9660716,20.547974,14.785879,12.651328,11.941655,29.555372,19.244131,19.647654,2.5338237,17.898241,22.568375,13.085549,11.163891,22.029173
1522,21.351007,31.654766,22.667881,4.9759994,16.905327,5.952514,19.240385,14.749683,11.646473,7.010004,24.879696,12.295942,13.786814,26.5717,11.658497,22.352818,32.75872,17.642073,20.674051,18.14117,9.528121,6.4776535,29.515314,27.29693,30.30354,21.707335,6.3726735,12.520087,10.318485,28.02356,27.61126,25.32141,16.281765,11.858126,20.324465
1523,24.439901,28.106852,25.633007,17.94296,32.319435,12.892868,22.565577,8.892559,15.902452,11.762294,9.864911,16.834877,7.760565,13.68045,20.93238,29.759378,20.586716,19.869738,17.424911,23.981745,18.589138,16.00174,26.562601,16.599892,10.179277,8.068849,15.993737,6.752763,18.180782,3.6970234,26.530712,23.774733,10.215884,10.345842,20.45857
1524,27.545809,27.293266,28.418762,23.479216,33.13287,13.242436,22.390768,8.585197,14.677135,4.918733,6.2422643,15.563429,6.9552965,14.026463,18.506363,29.104473,23.370556,22.916235,18.961807,23.21352,20.41429,18.335163,26.156067,20.429392,10.210299,8.135179,13.529486,6.9637413,18.892776,3.251987,26.379017,23.797058,12.0217905,12.204666,20.754183
1525,21.352505,30.360281,22.209362,5.8575053,17.31215,8.092389,18.370035,13.787439,13.961746,7.4739814,22.87302,12.513565,12.731606,24.672535,13.189176,23.708336,30.316696,16.880941,18.572714,17.502354,9.120061,6.1002464,28.284857,24.99995,28.985216,19.304829,8.3731575,12.108155,10.284052,24.695496,26.483303,24.21205,14.498513,11.361443,19.345863
1526,21.469358,29.789928,22.805405,7.4761305,23.088417,8.001286,19.206299,12.270849,12.673247,7.2328744,19.23807,12.624339,11.9285345,22.295813,13.179485,23.84137,29.706928,17.365564,18.761866,18.98808,11.013082,8.775,28.001482,23.796505,25.582237,16.724546,8.434967,10.639142,12.52677,19.19329,26.422794,24.165165,13.614814,10.872361,19.5057
1527,21.553875,30.347458,22.204216,5.8987393,15.122262,8.028352,18.02816,14.195383,14.152239,7.3374896,23.809032,12.454651,12.870413,25.339989,13.027751,23.3972,30.317907,16.977125,18.560894,17.036156,8.589225,5.4300585,28.247425,25.4606,29.599125,20.185345,8.179494,12.47673,9.33073,26.304573,26.393166,24.18218,14.828858,11.672301,19.319536
1528,21.457901,30.534628,22.3562,5.8736305,17.310745,7.8857484,18.494509,13.897079,13.705126,7.4000645,23.084604,12.516065,12.864673,24.911427,13.019913,23.569538,30.622227,17.061197,18.827967,17.605753,9.201226,6.1700497,28.472424,25.354109,29.132853,19.583847,8.138749,12.181646,10.286028,25.040628,26.656734,24.393118,14.697976,11.498266,19.513233
1529,21.28663,30.538506,22.403704,5.695594,17.286798,6.859696,18.649971,13.986,12.250677,6.9498034,23.15624,12.312088,13.07846,25.213348,12.063519,22.489508,31.158644,17.38093,19.508753,17.713554,9.4433975,6.46541,28.56375,26.148726,28.918118,20.16291,7.0453005,12.189417,10.361165,25.564003,26.739243,24.586031,15.255303,11.732212,19.777609
1530,21.230955,31.055046,22.579027,5.4637523,19.83183,6.9866767,19.23159,13.7556095,12.384523,7.3006063,22.763824,12.438498,13.147277,24.92108,12.445299,23.240082,31.69879,17.308388,19.74,18.420605,9.976174,7.138979,29.04776,25.837862,28.966684,19.53998,7.40824,11.935646,11.37376,24.43375,27.240429,24.91674,15.012338,11.405901,19.971394
1531,21.537466,31.443565,23.26627,5.8778505,22.15487,5.74118,19.928087,13.60425,10.355902,6.5189557,22.255095,12.174696,13.469272,25.085041,11.186167,22.206766,33.057312,18.109056,20.908663,19.174965,10.872825,8.350133,29.595163,27.065805,28.58529,19.868956,5.979269,11.596462,12.003734,23.993275,27.81563,25.513365,15.603017,11.697184,20.584486
1532,19.158709,30.216812,22.763453,8.776786,32.66317,5.954577,23.634413,11.184235,8.211423,4.8626957,11.240981,14.234259,9.453553,17.109364,15.606965,26.830462,28.474442,18.433187,22.578714,23.582573,19.551878,16.026691,28.163864,20.479874,17.189013,10.87713,8.7492,9.1173315,23.52892,10.040349,27.759201,24.91063,15.610622,9.819426,20.892117
1533,21.74796,30.391438,22.99356,6.889566,21.287893,7.75407,19.120646,13.03622,12.681042,7.0650024,20.895311,12.587248,12.561031,23.754753,12.74877,23.496317,30.748417,17.625618,19.16709,18.608063,10.379693,7.872841,28.548584,25.16642,27.417105,18.248362,7.9256687,11.4286785,11.699287,21.801266,26.829407,24.61953,14.332959,11.416725,19.841448
1534,21.444351,30.318916,22.3136,6.002606,17.210646,7.92064,18.366915,13.800955,13.646412,7.2993217,22.847496,12.465851,12.770401,24.752232,12.935234,23.417627,30.402084,17.054672,18.682371,17.486614,9.1597805,6.1454973,28.288353,25.278587,28.91673,19.454523,8.099102,12.132564,10.189979,24.798466,26.48457,24.260557,14.609376,11.507086,19.425722
1535,25.083593,29.291918,26.984053,17.628021,32.745407,9.238358,23.097662,10.185591,10.90527,3.796471,9.23083,14.730807,8.6832,16.214104,16.201235,27.591162,27.165009,21.738214,21.253817,23.605476,20.075525,17.422302,27.80444,21.943735,14.568098,10.340749,10.10799,7.976513,19.910679,7.167127,27.685532,24.868713,13.979636,12.049067,21.243685
1536,18.87433,22.542328,20.187778,9.991049,13.822512,28.603153,16.240883,11.287842,30.931782,24.265083,5.652915,26.044094,7.852885,17.834503,30.01281,32.720154,6.2360344,17.825434,7.853069,19.283337,6.698592,4.1565924,20.577045,14.778923,12.244763,11.966037,29.610926,19.19352,19.807331,2.3220413,17.920479,22.6542,13.133245,11.193394,22.166006
1537,19.598068,24.210121,20.886433,10.27738,17.492338,26.306953,17.70282,11.046022,29.229565,24.309425,7.336983,25.248333,8.113752,17.452799,29.591396,33.10832,8.553777,17.707376,9.740553,20.880322,8.578353,6.1335316,22.150755,14.417831,11.904252,11.732496,28.334984,16.958927,19.998354,2.7072082,19.772224,23.218876,12.669271,10.712225,22.140743
1538,21.386232,30.945934,22.474762,5.4594088,16.868393,6.9217935,18.761694,14.284273,12.612341,7.1599536,23.883802,12.395704,13.284504,25.698956,12.270413,22.811045,31.52798,17.376644,19.67058,17.766724,9.305633,6.2434406,28.887224,26.352228,29.604017,20.617044,7.193139,12.402242,10.226445,26.459988,27.021887,24.799978,15.45754,11.76614,19.896868
1539,23.764212,30.117609,24.36338,9.770424,21.301254,9.386963,18.846643,12.660488,14.294635,6.8705125,20.220346,12.825191,12.168813,23.379826,13.433917,24.250675,30.025143,18.646309,18.269686,18.430023,10.326875,7.95817,28.51398,25.405973,26.946165,17.693897,8.9059515,11.289079,10.483887,20.645088,26.873707,24.665728,13.4590845,12.181415,19.9284
1540,21.476267,31.077822,22.597828,5.5116196,16.616337,6.6696105,18.897455,14.399984,12.299186,7.1939564,24.091887,12.507373,13.374782,25.865742,12.193249,22.649784,31.66539,17.571543,19.968195,17.91855,9.4464655,6.3462067,29.045666,26.625402,29.45974,20.8751,7.0019608,12.4585285,10.296698,26.757421,27.17105,24.976925,15.664128,11.946178,20.086048
1541,22.09342,29.995054,23.833996,9.168744,27.24382,8.149473,20.284014,11.6769085,11.892578,6.211987,16.599913,12.932593,11.42975,21.119596,13.413704,24.590717,30.015015,18.359255,19.535362,20.266277,13.015321,10.995162,28.294653,23.769941,23.879522,15.204945,8.5198345,10.123907,14.794617,15.91872,26.952837,24.640379,13.805465,10.954784,20.094404
1542,17.877077,30.720324,22.678663,10.091829,35.712173,6.135102,26.79818,11.302303,7.3731937,4.1376247,6.4514556,16.568567,7.6043634,13.810687,19.462204,30.637384,25.977268,19.230162,24.65228,26.613453,25.553831,20.172045,28.150036,17.47369,11.208708,7.1030498,10.986917,8.927599,30.970724,5.0382657,28.685947,25.406153,17.364367,9.398609,22.046259
1543,31.544163,26.063671,30.445084,26.68416,29.796291,15.468623,19.625692,8.437494,16.868906,5.5281982,9.125223,14.616706,8.180387,15.582065,16.349688,25.94909,22.57551,24.043947,14.832504,19.50454,15.846925,13.756727,25.713993,23.650171,13.969882,9.867899,13.515265,7.769555,9.56801,5.7117615,25.850136,23.332281,8.757796,14.48906,20.18402
1544,21.034231,30.99582,22.46305,5.361213,20.735725,7.0733733,19.327505,13.537415,12.432303,7.435508,22.30536,12.46671,13.017249,24.522072,12.62503,23.466146,31.559095,17.124569,19.654879,18.59657,10.154515,7.4056773,28.976545,25.387634,28.622902,19.041868,7.627319,11.719753,11.800447,23.614151,27.197725,24.830418,14.791814,11.1576805,19.882267
1545,21.513395,29.157623,24.064705,14.100973,32.94034,10.216293,24.071194,9.891639,12.872616,9.390318,9.081841,16.827854,7.8555346,13.7047415,20.596457,30.203302,22.239775,19.181114,19.754763,25.004654,20.818224,17.058754,27.19766,16.437496,10.853077,7.586863,14.148989,7.618123,22.830791,4.2185235,27.308052,24.348648,12.522853,9.83858,20.945469
1546,24.230083,27.674725,25.65436,16.124073,28.274399,9.023722,20.973948,9.8431,10.942626,5.56722,10.42022,14.364323,9.002571,16.681784,15.052784,25.128618,25.27905,20.726957,19.517225,22.293566,16.884047,15.171173,26.532272,21.530853,14.594513,11.643148,9.4769745,8.06617,16.651058,7.9644794,25.867882,23.927542,12.953629,12.106052,20.465647
1547,21.107492,31.089447,22.322655,5.02913,16.990107,6.5650554,18.906963,14.36408,12.270261,7.2834873,24.092058,12.381822,13.389958,25.805584,12.15756,22.688517,31.729912,17.280128,19.926931,17.91008,9.38846,6.317561,28.999527,26.384592,29.6439,20.777105,6.998127,12.393307,10.456004,26.713272,27.123299,24.8843,15.630414,11.673532,19.962633
1548,22.045189,30.556362,22.81661,6.5366154,17.093878,8.004996,18.417067,13.941014,13.702911,7.0548735,23.207396,12.428491,12.964513,25.2192,12.727048,23.325468,30.88229,17.504553,18.833614,17.446434,9.109636,6.1013756,28.58033,26.007677,29.414867,19.919117,7.9103436,12.306841,9.748533,25.413513,26.752163,24.534487,14.773163,11.8461895,19.660933
1549,19.425299,30.775976,22.886044,6.980032,31.566153,4.6140723,22.656525,11.755993,7.0848856,4.3516545,14.243501,12.885338,10.987676,19.681923,12.799427,24.377645,31.33022,18.36955,22.69681,22.344358,17.018929,14.130402,28.919054,23.31676,21.442198,13.626264,6.393765,9.791521,20.58588,13.97463,28.020887,25.365557,15.880398,10.34531,20.92803
1550,22.474895,28.509666,23.306273,10.08337,23.677086,9.820975,18.676546,11.161209,14.279679,7.857995,17.078882,13.053801,10.871087,20.358479,14.399675,24.581493,27.078474,17.660795,17.08185,18.92171,11.105762,9.20252,27.000362,22.123598,22.872122,14.681338,10.063583,9.845177,12.012508,15.572484,25.56997,23.45276,11.894656,10.876406,19.06327
1551,21.39699,30.0082,22.09253,6.108385,16.562773,8.382147,18.056763,13.69168,14.314994,7.521579,22.752752,12.51208,12.537593,24.44858,13.34555,23.703178,29.738415,16.772066,18.154137,17.210945,8.871171,5.8312044,27.96111,24.669939,28.708231,19.121168,8.60862,12.07161,9.889832,24.534386,26.16885,23.933695,14.231671,11.364317,19.118074
1552,28.938711,27.892473,29.147934,21.676086,29.644981,11.094084,20.45423,9.596851,12.59307,2.7572367,10.265024,13.653164,9.16981,17.888227,13.835793,25.07257,27.717028,23.248934,19.250128,21.228863,16.493359,15.333341,27.10413,25.009626,16.638172,12.536997,9.2847805,7.95686,13.492304,8.732307,26.564018,24.338274,12.561116,13.937862,20.726698
1553,21.160816,30.561329,23.216984,7.5294423,27.600279,7.495604,20.659605,11.953894,11.549383,6.6812134,17.46747,12.917022,11.681148,21.411324,13.536301,24.78715,30.620356,17.765749,19.997997,20.508614,13.08458,10.848316,28.71864,23.494726,24.522587,15.37863,8.436659,10.247835,15.533468,16.77615,27.341774,24.849907,14.059394,10.507204,20.131014
1554,22.17727,29.45148,22.095444,7.050262,15.045347,11.648878,17.023571,13.527733,18.401346,8.511235,22.321379,13.19441,11.905122,24.052113,15.57336,25.86648,27.931322,16.229671,16.013378,16.1653,7.481699,4.4023046,27.299114,23.223267,29.46908,18.267881,11.623102,12.618141,8.789464,23.681953,25.429802,23.262915,13.091453,11.09482,18.405586
1555,24.27927,28.80018,25.301203,12.871084,26.245682,8.586666,19.628025,10.867357,11.650606,5.8056116,15.25286,13.025351,10.863676,20.196487,12.921549,23.453993,28.533142,19.809835,18.859537,20.204689,12.977389,11.565391,27.661709,24.179468,21.28988,14.825933,8.2036,9.309221,12.733469,13.847125,26.392242,24.390207,12.794785,12.278009,20.175611
1556,26.57361,28.82147,27.267097,16.169586,26.671083,8.911462,19.939356,10.792978,11.184963,4.072953,13.870941,13.275365,10.669024,20.206987,12.511091,23.377535,29.107578,21.72317,19.610006,20.688683,14.110845,12.848765,27.919607,25.783438,20.355955,15.022256,7.6242895,9.213778,12.483088,12.851642,26.790094,24.890093,13.333838,13.711737,20.87255
1557,21.406971,31.10215,22.52879,5.3697715,16.49067,6.586098,18.84734,14.459934,12.280264,7.1162415,24.262384,12.389441,13.424563,25.997524,12.06485,22.571383,31.80566,17.48932,19.978477,17.822414,9.331851,6.2487793,29.033323,26.672941,29.725698,21.044062,6.904478,12.46562,10.126403,27.07796,27.153267,24.934546,15.743919,11.867018,20.02345
1558,19.450886,22.805843,20.507416,10.445822,14.734228,28.005278,16.226841,11.163294,30.54991,23.011242,6.1446886,25.177437,7.8561554,17.749462,29.306242,32.59433,7.479874,17.695253,8.083566,18.908941,6.9256034,4.3673444,20.838545,15.004878,13.090332,11.750703,28.882336,18.47491,19.051628,2.915132,18.341377,22.450418,12.753089,11.06797,21.672653
1559,21.515814,30.35902,22.455952,6.0864067,17.617355,7.657846,18.445744,13.7754345,13.19696,7.0109406,22.765562,12.327084,12.863458,24.860853,12.5419855,23.088518,30.74797,17.233187,18.89192,17.522564,9.27045,6.3159018,28.370028,25.657148,28.994368,19.591192,7.7097707,12.114929,10.19469,24.850166,26.569477,24.36218,14.752795,11.586081,19.531557
1560,22.034336,30.723309,23.233738,6.8417044,19.30408,6.7349143,19.163248,13.639582,11.625376,6.610822,22.179115,12.467634,13.0169325,24.821049,11.914467,22.507212,31.545479,18.12816,19.985468,18.475231,10.281468,7.5673532,28.926758,26.52434,28.043722,19.72192,6.776089,11.824513,10.954727,24.043865,27.1544,25.000404,15.204206,12.085124,20.219606
1561,21.440897,31.052843,22.487587,5.4602265,17.00816,7.256532,18.81146,14.287486,13.105725,7.4081764,23.902037,12.54462,13.245448,25.624886,12.682647,23.2773,31.407604,17.29252,19.53354,17.847569,9.309693,6.208947,28.956863,26.093729,29.671492,20.427027,7.611732,12.424622,10.358305,26.272945,27.09145,24.822554,15.309485,11.700891,19.883148
1562,21.516161,30.268919,22.541065,6.404188,19.332685,7.956688,18.688158,13.322329,13.357904,7.342184,21.815464,12.531422,12.582222,24.062836,13.00603,23.588724,30.3746,17.1755,18.746565,18.009869,9.72602,6.9643517,28.329948,24.915426,28.02825,18.625544,8.2106285,11.678244,10.937295,23.064728,26.579643,24.323793,14.259081,11.336105,19.50809
1563,33.440765,25.59076,32.809696,30.2473,31.11167,11.644814,21.743362,8.471022,9.8805275,4.113775,6.578233,15.202745,8.573979,14.678181,13.873587,21.701618,21.394146,28.091267,16.77869,20.914776,20.14084,16.183353,26.596004,28.313982,9.989956,9.81594,9.190371,8.871534,9.045845,3.5987298,27.546127,25.311834,9.935779,18.655512,22.962965
1564,21.503424,31.77116,23.077538,5.3225174,19.507998,5.691529,19.703087,14.328623,10.827778,6.7968926,23.954023,12.234038,13.808386,26.140299,11.274084,22.156794,33.25159,17.998915,20.994019,18.70388,10.191021,7.363844,29.766037,27.54074,29.732065,21.122335,6.0158443,12.15857,11.118568,26.555553,27.90358,25.599592,16.126932,11.840443,20.606508
1565,21.703394,30.055988,22.18563,6.3894167,16.815632,9.71759,17.921524,13.62505,16.00443,8.042896,22.5181,12.868286,12.358733,24.262756,14.407099,24.894777,29.253521,16.56846,17.451038,17.09071,8.570987,5.5238276,27.921665,24.05171,29.093065,18.639423,9.940311,12.240679,9.866552,23.935505,26.113338,23.836027,13.7884245,11.148282,18.960386
1566,21.375801,30.721615,22.323467,5.526171,16.012714,7.2384133,18.49264,14.3059025,13.07691,7.2020593,23.891596,12.439651,13.144654,25.61522,12.516005,22.958826,31.076302,17.227064,19.337,17.494267,9.0519,5.9286737,28.63906,26.062902,29.583847,20.540865,7.4894967,12.480034,9.943134,26.526537,26.774338,24.578634,15.328291,11.762075,19.70542
1567,22.13147,30.082018,24.818773,11.489008,31.469727,6.002419,22.474476,11.145538,8.040104,3.5532556,12.497405,13.260483,10.309801,18.75945,13.236889,24.830383,30.275635,19.974504,22.301775,22.65683,17.808804,15.330948,28.485228,23.577919,19.227182,13.034522,6.9612827,9.036063,19.349094,11.7414,27.788132,25.19642,15.265556,11.4425335,21.065388
1568,21.43344,30.763891,22.725292,5.945437,19.811316,7.064317,19.102116,13.599026,12.21852,7.0683413,22.300169,12.416067,13.0181875,24.703598,12.2794,22.983114,31.42589,17.518267,19.59514,18.331173,10.017694,7.22737,28.846912,25.925617,28.54022,19.370287,7.2872143,11.876184,11.248161,23.949795,27.055515,24.823093,14.915097,11.575306,19.961683
1569,21.255785,31.452448,22.754086,5.1858163,19.027327,5.9611573,19.458841,14.206207,11.212147,7.006839,23.73954,12.290112,13.597516,25.809338,11.5877285,22.32276,32.619774,17.702024,20.599848,18.505371,10.014808,7.135461,29.448746,26.986967,29.436617,20.749674,6.360454,12.149091,11.1057205,26.167534,27.591816,25.319288,15.832798,11.725101,20.363214
1570,21.57662,30.926022,22.828743,5.935831,18.940727,6.753614,19.081757,13.867514,11.976381,6.898653,22.919622,12.343392,13.2079,25.208664,11.985163,22.66495,31.784391,17.684591,19.877651,18.22289,9.881691,7.0428295,28.998472,26.445517,28.945532,20.02662,6.9211497,12.042901,10.836838,25.008308,27.179462,24.956406,15.267099,11.778688,20.076525
1571,29.604557,26.069384,28.391722,23.435087,28.461401,18.59038,18.59862,8.709686,21.442753,7.8210807,9.573176,15.4855385,7.8027277,15.990104,19.155602,28.92934,21.690485,21.47751,13.53431,18.631151,13.680259,11.951473,24.955202,20.79106,15.915131,9.784408,17.306864,8.489833,10.978411,6.3896933,24.629673,22.34849,8.8919,12.294327,19.016808
1572,21.566736,31.526361,22.707249,5.2517056,15.9356365,6.2847996,19.022629,14.840638,12.111728,7.0019464,24.980968,12.408564,13.696288,26.626907,11.905012,22.511261,32.42849,17.674822,20.453554,17.91671,9.333865,6.199786,29.382244,27.232462,30.335938,21.790709,6.633763,12.669241,9.959445,28.245396,27.473312,25.218079,16.255148,12.011459,20.246544
1573,21.939226,31.629396,23.371243,6.0281835,19.789726,6.1255293,19.670748,14.115116,11.200865,6.7661996,23.411255,12.403191,13.602876,25.791695,11.59897,22.47606,32.90686,18.213247,20.785856,18.810629,10.343127,7.5705013,29.714766,27.363663,29.277948,20.681292,6.338574,12.072858,11.145105,25.650723,27.874054,25.590847,15.825823,12.043566,20.625412
1574,18.64115,31.50374,22.689201,6.2861385,33.64654,4.365978,23.88523,12.006143,6.6196494,3.8298845,13.331358,13.331252,10.754853,19.114014,13.691635,25.685253,31.698168,18.339853,23.603592,23.15258,18.856752,15.157295,29.41384,22.793818,21.045355,12.568313,6.7934356,10.034144,23.326498,13.190225,28.77834,25.78753,16.558865,9.966598,21.32128
1575,21.419802,30.283041,22.281664,5.9904194,16.712019,7.7462735,18.35086,13.865139,13.457781,7.3589563,23.00369,12.514164,12.784946,24.809988,12.883278,23.234922,30.30073,17.104742,18.770159,17.4833,9.157795,6.0961566,28.276253,25.348839,28.73728,19.60979,7.9740376,12.165754,10.1142645,25.032536,26.46598,24.276392,14.689691,11.6108055,19.468575
1576,29.75443,27.646936,29.72343,23.433771,30.614946,12.353462,20.558784,9.245546,13.80615,2.7563994,9.35601,13.863249,8.728675,17.234844,14.628754,25.973774,27.057034,23.61474,18.715372,21.205994,16.96088,15.779865,26.850904,24.637049,15.796466,11.680477,10.382769,7.666655,13.59764,7.6130385,26.492613,24.130621,12.065162,13.836345,20.614086
1577,22.443708,29.073095,23.349442,9.417189,23.71909,10.073213,18.801142,11.682505,14.664001,7.2333193,17.447721,13.0408325,11.226914,21.179317,14.375353,25.061563,28.12363,17.623245,17.381422,18.730942,11.005741,8.889986,27.348186,22.832685,24.623285,15.24591,10.073866,10.474338,12.353708,16.682316,25.873518,23.709604,12.612815,10.877384,19.20771
1578,22.215322,28.502426,22.107155,8.147677,17.768583,13.441605,16.929005,12.443401,19.653587,9.324414,19.554583,13.780172,11.063163,22.188725,16.793476,26.83242,25.99974,16.059132,14.769636,16.346874,7.8679366,5.1046185,26.448093,21.566408,27.308764,16.086191,13.429479,12.099972,9.825288,19.608345,24.68006,22.70503,11.917069,10.526791,18.106186
1579,19.091892,30.56602,23.474134,10.658169,35.018173,5.354967,25.84706,11.291912,6.4489574,3.0792882,7.720061,15.433646,8.35817,15.146232,17.095703,28.552992,27.731438,19.794285,24.645205,25.613152,24.061102,19.353863,28.339794,19.764414,13.224068,8.78817,8.981353,8.947691,28.204035,6.890521,28.604946,25.48408,17.225843,10.240294,21.948547
1580,21.426931,30.215687,22.090923,6.004914,17.37993,9.252118,18.153448,13.640327,15.450831,8.033659,22.541948,12.809425,12.467208,24.286715,14.180849,24.717375,29.570677,16.53085,17.79703,17.3348,8.811498,5.785041,28.063705,24.134577,29.036179,18.68728,9.609812,12.158575,10.263419,23.940025,26.261778,23.956623,13.959718,11.056457,19.067442
1581,19.202963,31.282299,22.326597,5.130188,29.160086,4.734816,21.92779,12.418467,8.161279,5.6754627,17.477867,12.5872965,11.954664,21.49575,12.408852,23.813921,32.144466,17.537916,22.08871,21.291742,14.837648,11.914158,29.300621,24.010489,24.325222,15.537345,6.494574,10.394674,18.186838,17.649632,28.10122,25.382334,15.620193,10.19476,20.64314
1582,22.01318,30.476627,23.1035,6.9500065,19.0914,7.1315017,18.92845,13.513403,12.119255,6.6946545,21.997461,12.448187,12.846365,24.577038,12.150793,22.710424,31.10963,17.942389,19.547316,18.254543,10.068032,7.3535404,28.67589,26.123877,27.963982,19.408245,7.1302824,11.779877,10.754953,23.72134,26.91212,24.757776,14.881225,11.971502,19.991175
1583,21.816153,30.264029,22.548565,6.638192,18.534763,8.962779,18.404152,13.418135,14.814742,7.684146,22.10644,12.716827,12.472785,24.105846,13.799883,24.438269,29.907461,16.969152,18.083033,17.668903,9.268413,6.3849564,28.23426,24.482224,28.54985,18.489798,9.169442,11.872559,10.454961,23.272045,26.470375,24.15114,13.903335,11.25721,19.280125
1584,21.662365,30.851707,22.507019,5.796937,16.150284,7.678928,18.526358,14.302391,13.671703,7.398626,23.950583,12.581375,13.118056,25.595024,12.9200535,23.441935,31.007229,17.272625,19.158922,17.553041,9.028704,5.8839054,28.757658,25.937212,29.713955,20.395533,7.9226356,12.502836,9.895496,26.375172,26.890678,24.643972,15.13741,11.78454,19.724749
1585,21.47112,30.834896,22.370338,5.5160975,15.384547,7.093776,18.460995,14.488091,13.042812,7.1579,24.353086,12.396685,13.255404,25.935205,12.401398,22.8354,31.2658,17.2852,19.464706,17.414736,8.922738,5.768098,28.730583,26.305456,29.87845,20.962614,7.3377924,12.570602,9.60987,27.245363,26.847862,24.637947,15.515495,11.846983,19.740765
1586,28.885857,27.738377,29.245129,23.24611,32.025837,12.615871,21.360052,9.08074,14.152462,3.4196637,8.365395,14.381429,8.175661,16.080929,16.026707,27.330896,26.036098,23.244232,18.86555,21.964727,18.313843,16.756374,26.737518,23.056812,14.133704,10.309257,11.515114,7.3728385,15.695552,6.153285,26.611877,24.03654,12.032496,13.0361395,20.61439
1587,24.01093,30.174227,24.560852,9.934308,19.15229,8.39225,18.804323,13.160762,13.101164,6.2139854,20.94219,12.786945,12.420562,24.11568,12.628132,23.203289,30.434216,19.181236,19.052017,18.318026,10.400958,7.8254695,28.632092,26.522429,27.004313,18.904066,7.7662735,11.619994,9.902875,22.28044,26.975616,24.88877,14.327012,12.916031,20.242052
1588,21.591476,31.4941,23.371891,5.9642715,22.072289,5.362866,19.99153,13.672651,9.83936,6.2619324,22.395903,12.061413,13.569202,25.2655,10.784344,21.796688,33.37082,18.271832,21.183,19.198503,10.927117,8.466877,29.657494,27.40872,28.579992,20.181753,5.563105,11.546445,11.878378,24.379295,27.881638,25.586447,15.83741,11.754989,20.671019
1589,21.366167,30.77138,22.362175,5.487468,15.825527,6.860869,18.548326,14.387588,12.6108265,7.0893545,24.082571,12.381718,13.241358,25.790775,12.209414,22.596281,31.298065,17.340712,19.606407,17.52958,9.108029,5.9968657,28.707485,26.35611,29.549791,20.850908,7.1254845,12.476006,9.864189,26.908224,26.837984,24.660177,15.550353,11.845687,19.799017
1590,25.593903,27.785152,26.453266,17.67946,27.815413,9.725666,20.764511,9.629343,12.214277,7.3000646,11.898557,14.485077,9.147354,16.611578,15.616739,25.252071,24.405916,21.068659,18.440176,22.250929,16.07909,14.559786,26.854721,21.343435,14.30368,11.627705,10.3174305,7.5552106,14.417636,8.144495,26.19254,24.066957,11.440883,12.398288,20.47721
1591,22.512829,23.959892,22.371063,13.263599,20.448378,28.469427,16.233814,10.026965,31.91821,21.893198,7.855286,23.608253,7.4026384,17.152065,28.913538,33.580524,10.996182,17.133253,8.48931,18.22295,7.4141054,5.4994655,21.907795,14.175401,14.341471,11.010322,29.819021,15.364672,16.127426,3.6548054,19.866234,21.79445,10.560043,9.716064,19.982862
1592,28.462223,27.84682,27.959665,19.437199,26.569649,13.769775,19.131691,10.096567,16.912565,6.980214,13.818147,14.209592,9.866311,18.614922,15.905716,25.954233,25.091927,21.623236,15.430004,19.100136,12.991509,10.868725,27.02679,23.788172,19.635027,12.547755,12.505936,9.334772,9.841634,11.036273,26.310028,23.996908,9.958564,13.475044,20.089258
1593,33.2853,25.795614,31.984074,30.350836,31.690224,17.331732,19.67383,7.7141824,18.496244,2.9736176,6.516233,14.445493,7.0648885,15.425777,16.653814,27.644215,24.05756,25.260721,16.061668,19.944145,16.925678,16.22686,25.305187,24.016237,12.590021,9.546125,14.237671,6.8658295,11.84004,4.4999523,25.384804,23.026033,9.845956,14.171804,20.016748
1594,21.400171,29.433237,23.930008,14.324284,34.008183,11.131947,24.664335,9.670116,14.185747,12.260447,9.367457,17.761318,7.592841,12.882255,22.56039,31.473547,20.547451,18.852606,19.317873,25.85661,21.331007,17.34383,27.364782,14.810701,9.195505,6.8764205,16.198635,7.1908956,23.17208,3.140273,27.612104,24.479927,11.778924,9.293318,21.130432
1595,24.136663,25.528679,23.1259,13.310082,20.36302,23.533176,15.78186,10.507799,28.454927,15.369076,12.826602,18.540363,8.524304,18.703014,23.787045,31.222866,17.665411,16.617653,9.7753105,15.909622,7.1401944,4.7640305,23.558823,17.17552,20.946396,12.107956,23.685377,13.302353,11.161188,10.333991,21.929094,21.403725,9.57553,9.910677,18.112236
1596,23.409182,25.464382,23.481876,15.249437,26.240452,23.06979,18.519272,9.121921,26.603607,19.4874,8.895229,21.037012,7.349557,15.440137,26.403698,32.410645,14.335499,17.54391,11.677458,20.469816,11.54114,9.714829,23.495829,14.10255,12.129391,9.843582,25.482584,11.155817,16.270222,3.3678246,22.258646,22.094137,9.903203,9.181293,19.643757
1597,21.392569,30.889244,22.457664,5.590276,17.991373,7.5345254,18.811811,13.996288,13.29185,7.418068,23.276667,12.523747,13.0706835,25.15523,12.841836,23.512583,31.189968,17.169779,19.269688,17.909313,9.434489,6.423253,28.81155,25.688257,29.366661,19.812937,7.872249,12.214598,10.645471,25.263147,26.980762,24.683544,14.96292,11.505253,19.751722
1598,24.413435,28.121046,25.475124,17.952972,32.988293,14.4505415,22.54061,8.849529,17.643944,12.74436,9.57353,17.366604,7.5048475,13.477488,22.201586,30.9129,19.903418,19.44716,16.801952,23.73634,18.424845,15.660818,26.357983,15.7662,10.263623,7.6268396,17.816965,6.9354715,18.464127,3.3220313,26.394073,23.546675,9.99355,9.799072,20.24914
1599,21.741343,24.904774,21.80626,12.370461,23.824661,21.248072,17.348303,9.408165,25.198885,17.644419,10.151959,19.313515,7.777759,15.852096,24.37028,30.669626,15.078329,16.077053,10.953907,18.601912,9.979988,7.812519,22.94006,14.329437,14.92605,10.01209,23.219664,11.428171,14.781989,5.4614425,21.618301,21.252882,9.573155,8.879675,18.521105
1600,26.740137,26.976633,26.013176,17.50485,26.350733,18.288815,18.181513,9.867588,22.227068,10.422849,12.512913,15.812706,8.965029,17.785965,19.726128,29.128565,21.9994,19.271217,13.059954,17.980103,11.441967,9.161624,25.484627,20.337154,19.713459,11.263328,17.804283,10.190982,11.2073145,9.527968,24.62682,22.630934,9.475483,11.328463,18.9257
1601,21.839357,29.92809,22.367617,6.6783366,17.229065,9.411932,17.906477,13.513517,15.394166,7.5482635,22.25561,12.59765,12.407388,24.275806,13.804079,24.34738,29.52628,16.816711,17.556408,17.019726,8.66322,5.703307,27.873915,24.507236,29.055872,18.706406,9.363977,12.151102,9.707655,23.841797,26.082584,23.84745,13.865289,11.276439,19.01272
1602,32.20463,25.570255,31.055916,29.24133,31.581173,17.408348,19.610062,7.609731,18.813185,3.9013963,6.4071765,14.620303,6.848608,14.923422,17.2942,27.990568,23.16956,24.384893,15.741144,19.979507,16.816532,16.080845,24.930439,22.694368,12.057869,9.076875,14.938149,6.724374,12.355732,4.055385,25.012123,22.653532,9.655443,13.40944,19.67763
1603,21.41915,31.104055,22.66249,5.4807153,17.380411,6.3001533,19.010292,14.315498,11.707925,6.9035616,23.912601,12.303455,13.449349,25.867512,11.725014,22.272171,32.064575,17.649275,20.199759,18.00534,9.602279,6.617792,29.092318,26.87869,29.459677,20.927618,6.5681124,12.309383,10.391051,26.645437,27.23363,25.024178,15.784177,11.87479,20.132532
1604,21.432993,30.381327,22.493294,6.0679727,18.264662,7.404882,18.630678,13.662394,12.758056,7.047435,22.489382,12.37174,12.855757,24.683994,12.436655,22.956224,30.807405,17.318394,19.097555,17.793917,9.545444,6.648302,28.441334,25.656736,28.588287,19.429646,7.5364423,11.9867935,10.573324,24.375555,26.650148,24.459536,14.757851,11.595348,19.648945
1605,21.476505,31.692337,22.85627,5.1811237,17.46808,5.788454,19.369955,14.67487,11.2728,6.817803,24.658724,12.266101,13.817149,26.530964,11.431639,22.165789,32.983574,17.840036,20.857195,18.284842,9.734003,6.749156,29.600826,27.526937,30.140875,21.674849,6.140219,12.4398155,10.462917,27.769112,27.709827,25.430384,16.33855,11.929392,20.444197
1606,22.168592,30.365965,23.06025,7.1142044,18.921415,8.057157,18.670763,13.449153,13.3328905,7.000594,21.984766,12.529591,12.704814,24.438297,12.773685,23.399923,30.64153,17.716715,18.848558,17.941013,9.696457,6.915868,28.509975,25.671154,28.307875,19.04468,7.95908,11.87378,10.480173,23.514692,26.740595,24.551384,14.434848,11.806961,19.749556
1607,18.428432,31.451176,22.162897,5.062942,31.778423,4.4367404,22.99664,12.215006,7.310751,4.8866897,15.363734,12.956381,11.336038,20.157072,13.166211,24.882668,31.881927,17.630836,22.830595,22.259993,16.904459,13.490677,29.363558,23.084002,22.77691,13.787236,6.734116,10.250641,21.235502,15.263164,28.456001,25.558674,16.05686,9.826929,20.921343
1608,21.353968,30.34637,22.387297,6.0273733,18.832058,7.8501782,18.619684,13.517652,13.343657,7.251547,22.191538,12.436576,12.713937,24.365921,12.870451,23.488901,30.56395,17.065886,18.784363,17.813473,9.543305,6.6742797,28.3475,25.119062,28.557222,18.945244,8.06639,11.872933,10.789227,23.75814,26.579365,24.318277,14.458579,11.326715,19.481138
1609,22.111166,28.749466,22.134983,7.920368,17.613062,12.41243,17.17959,12.595165,18.59218,9.092736,20.159918,13.523767,11.297601,22.456524,16.178778,26.238535,26.560036,16.221327,15.359131,16.603697,8.150183,5.3320284,26.73619,22.035603,27.279121,16.512096,12.481074,11.9392395,9.805879,20.346113,24.980482,22.925371,12.181344,10.693505,18.285995
1610,18.076698,31.147514,23.070957,10.208103,36.382565,5.8213496,27.271128,11.53572,6.828391,3.5937889,6.2683764,16.695103,7.7403674,14.051563,19.33694,30.758423,26.675083,19.697523,25.343042,26.97254,26.219072,20.677532,28.57298,18.123873,11.381891,7.280403,10.657421,9.176224,31.68568,5.1833844,29.150719,25.844023,17.93291,9.695793,22.47806
1611,30.229921,27.694885,30.465816,24.988993,31.704655,11.2444725,22.485413,9.001564,11.885134,7.1565957,9.229993,15.7702675,8.825932,15.156574,16.404278,25.291815,22.74065,25.10971,18.131525,23.17266,19.521118,16.680893,27.645542,24.185705,10.94667,10.05762,11.060695,7.788156,13.108114,4.5215077,27.909664,25.469923,10.459425,15.52098,22.445662
1612,22.32824,29.615467,22.33775,7.2999334,16.717506,12.011165,17.339128,13.297098,18.633825,8.714747,21.72325,13.363514,11.853726,23.716614,15.896334,26.35653,27.996735,16.317064,16.00076,16.551933,7.8602457,4.8864717,27.457481,23.021618,29.20156,17.73952,12.027863,12.439226,9.388655,22.616198,25.620441,23.404425,12.886465,10.9288845,18.53185
1613,21.26045,31.143345,22.556316,5.308333,18.275293,6.6507993,19.129267,14.131947,12.137451,7.2408857,23.528309,12.452057,13.334941,25.503853,12.199841,22.833551,31.839718,17.447271,19.999779,18.21717,9.743337,6.7643824,29.1185,26.360357,29.305662,20.340834,7.052447,12.237586,10.915336,25.77246,27.267628,25.014843,15.462426,11.683513,20.089556
1614,19.546675,31.741669,22.800877,5.6298065,30.92183,5.290526,22.532505,12.330357,8.662618,5.751028,16.723816,13.026782,11.793105,21.116142,13.238096,24.951647,32.23712,17.854439,22.287766,22.00645,15.619213,12.663227,29.722485,23.716576,23.99893,14.800841,7.208984,10.367443,19.371525,16.366062,28.588066,25.772825,15.588175,10.166729,20.982794
1615,21.473661,30.122883,22.18621,6.1195173,16.579927,8.317468,18.125835,13.762515,14.237024,7.4803333,22.86769,12.523987,12.61338,24.59571,13.285175,23.680056,29.921207,16.872347,18.282541,17.266504,8.906106,5.858876,28.075985,24.868357,28.846292,19.274813,8.51873,12.13247,9.898668,24.724596,26.27364,24.041485,14.346196,11.441103,19.21353
1616,20.324995,23.329342,21.086605,11.199811,16.803886,28.776957,16.43615,10.79088,31.636019,23.963772,6.6300855,25.399033,7.684092,17.5928,30.014076,33.445858,8.053542,17.526651,8.239262,19.227402,7.066998,4.8392463,21.281857,14.305395,12.858337,11.635508,30.143583,17.626257,18.685982,2.6710358,18.83022,22.474554,12.135682,10.514736,21.44929
1617,21.372011,23.695435,21.831738,12.452076,19.062365,27.433584,16.704977,10.361841,30.371984,22.322115,7.206702,24.075554,7.6369677,17.101135,28.748833,32.85246,9.803333,17.585543,8.835511,19.039928,7.94407,5.7636657,21.726334,14.569504,13.072968,11.160301,28.807878,16.06092,17.451965,3.0783138,19.617767,22.226389,11.406056,10.295322,20.834059
1618,21.919046,30.378998,22.930332,6.894864,20.15559,8.221381,18.80931,13.234594,13.483587,7.1410074,21.502195,12.531956,12.611773,24.06661,12.981398,23.743868,30.60848,17.476845,18.734402,18.12757,9.868449,7.192029,28.47798,25.199308,28.164946,18.508644,8.251925,11.67733,10.988411,22.66183,26.736198,24.481653,14.216435,11.45234,19.65618
1619,21.101469,31.224247,22.698204,5.4117002,22.094662,6.9223294,19.66343,13.424357,12.067092,7.4026146,21.971642,12.49659,13.107175,24.461945,12.499055,23.492664,31.963003,17.331364,19.952358,18.992058,10.524339,7.886158,29.240803,25.600424,28.528635,18.897888,7.4721437,11.626421,12.318487,23.06038,27.466717,25.091307,14.853959,11.153243,20.121332
1620,26.847294,29.111767,26.750546,15.065349,21.20644,10.317053,18.73926,11.898779,14.031487,5.24794,17.328606,13.368898,11.211341,22.053633,13.4051285,23.93902,28.626556,21.064627,18.155272,18.915735,11.613709,9.610611,28.063206,26.164274,23.692083,16.756723,8.835847,10.688311,9.590352,17.250706,26.685093,24.767403,13.020888,14.089171,20.473028
1621,21.57559,30.576084,22.489216,6.006972,17.189837,7.724022,18.55557,13.946534,13.441362,7.334255,23.143509,12.548609,12.921194,25.020943,12.874951,23.377588,30.720442,17.253561,18.99682,17.673458,9.282242,6.242053,28.553417,25.618633,29.04051,19.75725,7.9376664,12.221921,10.265026,25.182323,26.730814,24.504887,14.828145,11.663759,19.645046
1622,21.253271,31.119255,22.51233,5.269768,17.945404,6.678271,19.03926,14.194118,12.226982,7.1944313,23.680109,12.391689,13.354135,25.607435,12.158234,22.797508,31.841335,17.403471,19.934221,18.079357,9.607614,6.6080155,29.069576,26.399313,29.494272,20.468334,7.0382733,12.284206,10.719841,26.0639,27.213432,24.958841,15.499814,11.670302,20.031675
1623,21.426653,31.074066,22.52013,5.3910995,16.04394,6.5041103,18.787683,14.544793,12.20493,7.0123577,24.377024,12.37719,13.43831,26.108166,11.97882,22.443316,31.817545,17.519302,20.037241,17.739086,9.277785,6.177177,28.99503,26.780476,29.767485,21.233551,6.8047957,12.519087,9.980034,27.376404,27.113384,24.913866,15.874383,11.926006,20.018816
1624,20.763224,30.857151,22.455902,5.5048614,23.080566,6.9755583,19.681248,12.994951,11.9702015,7.4897623,21.022985,12.5077915,12.747281,23.641665,12.690189,23.613289,31.402676,17.07448,19.766768,19.181488,10.829211,8.365616,28.89053,24.760895,27.519888,18.04963,7.7306094,11.203743,12.875407,21.607037,27.186863,24.797861,14.491287,10.782257,19.89329
1625,31.10454,27.097588,30.513248,26.016779,31.182205,14.589203,20.32817,8.616446,16.246286,3.7108696,8.630494,14.331593,8.0635605,16.275534,16.102154,27.188807,25.412167,24.002836,17.305468,20.943419,16.89287,15.805696,26.399832,23.698845,14.350199,10.474456,12.537521,7.1812234,12.820922,6.0855827,26.222961,23.732264,10.673952,13.731622,20.326853
1626,21.380379,30.684288,22.33181,5.56531,15.92552,7.1366425,18.486294,14.297598,12.92832,7.1756268,23.895731,12.429075,13.144948,25.61178,12.429937,22.8236,31.063105,17.267042,19.380625,17.492569,9.069737,5.950963,28.623526,26.11542,29.472364,20.580442,7.3876176,12.460213,9.9056,26.552326,26.76015,24.579163,15.3487835,11.800881,19.720163
1627,25.529507,28.336884,26.544514,19.197077,32.511288,12.9801445,22.69547,8.90707,15.90427,11.555837,10.066186,16.85662,7.94856,13.986515,20.69698,29.657051,21.01564,20.671198,17.5898,24.190714,18.71086,16.275784,26.944878,17.501343,10.26567,8.421769,15.7389,6.724246,17.569191,3.8016057,26.905546,24.166342,10.1586275,10.976096,20.836092
1628,22.347498,31.888453,23.709614,6.3565893,19.515768,6.313325,19.797428,14.303245,11.444743,6.7882767,23.638905,12.613509,13.695123,26.067327,11.806084,22.73128,33.079247,18.514782,20.948736,18.946386,10.41731,7.589568,29.968681,27.687315,29.473598,20.947508,6.4766364,12.25456,11.108931,25.967468,28.111244,25.835836,16.011536,12.311249,20.853703
1629,19.521006,23.191288,20.22545,9.733196,14.098253,26.131062,15.744689,11.1890545,29.458883,21.009039,7.9906964,23.42604,7.9768267,18.123358,27.699802,31.882639,9.67398,16.89091,8.613381,18.126316,6.477597,4.0584803,21.215958,15.122331,15.06058,12.123819,26.933748,17.405441,17.49571,5.1672792,18.733126,22.003174,12.310563,10.706802,20.6146
1630,21.676497,29.973454,22.353134,6.5309987,17.767483,8.885872,18.073648,13.458135,14.691028,7.344409,22.16973,12.453493,12.473879,24.240662,13.406515,23.98097,29.82438,16.873688,17.882654,17.20002,8.919416,6.013749,27.944855,24.667868,28.854235,18.717775,8.879702,11.994867,9.963498,23.755428,26.17427,23.921778,13.986291,11.261386,19.094988
1631,21.559668,31.484066,22.885246,5.472692,17.79484,6.1381655,19.321497,14.431237,11.553877,6.995781,24.166723,12.414913,13.616204,26.095367,11.755434,22.402319,32.498817,17.84446,20.566158,18.339962,9.8206625,6.8406906,29.467089,27.162863,29.610107,21.117258,6.4856286,12.346655,10.660432,26.8554,27.592861,25.344282,15.9585285,11.96735,20.394232
1632,20.646627,24.046356,21.283684,11.432005,19.286266,25.810526,17.093311,10.4146385,29.030487,22.003937,7.8002105,23.461536,7.7908416,16.875803,28.216093,32.583843,10.320697,17.096476,9.461773,19.461178,8.502038,6.1791735,22.002878,14.253886,13.179418,11.00941,27.553814,15.419157,17.799671,3.4105723,19.972301,22.22856,11.435391,10.046145,20.662914
1633,21.671095,30.297546,22.50558,6.515767,19.705164,9.233839,18.538023,13.241118,15.033178,7.7917466,21.595612,12.775906,12.410159,23.825275,14.015327,24.793034,29.899548,16.833742,17.973774,17.832743,9.418196,6.6234446,28.233727,24.180445,28.515093,18.043491,9.490271,11.792001,10.941275,22.472446,26.486692,24.142296,13.749433,10.995139,19.257391
1634,27.572445,24.918251,26.09066,20.142332,25.79055,24.256462,16.720097,8.889141,27.895916,13.064704,9.186471,18.119215,7.2248683,16.369715,23.444807,31.57549,17.839142,18.933928,10.398729,16.958633,10.132188,8.495183,23.265991,17.47927,16.668013,9.858735,23.732895,10.774899,11.442282,5.95006,22.344324,21.170008,8.643762,10.434911,18.158953
1635,21.9737,30.417803,23.293123,7.2454805,21.122116,6.892818,19.271725,13.08902,11.45812,6.5363655,20.919472,12.446205,12.691892,23.96985,11.967669,22.624994,31.214066,18.11102,19.809462,18.807358,10.68568,8.26298,28.696644,25.914791,27.064665,18.747,6.9512925,11.341633,11.567672,22.121656,26.985466,24.839773,14.757592,11.823099,20.1178
1636,29.168016,27.231022,29.573017,24.31119,31.88182,11.751988,22.36167,8.765738,12.566998,7.7937136,8.54075,15.927033,8.427028,14.46241,17.13438,25.848965,21.69105,24.285612,17.688913,23.116287,19.56233,16.759209,26.944824,22.748316,10.095024,9.398427,12.032274,7.5523157,13.928783,3.7072701,27.266438,24.866392,10.337817,14.577431,21.989553
1637,21.524971,30.326426,22.321922,6.1466475,17.899567,8.579627,18.372087,13.628644,14.484808,7.5917063,22.520329,12.608736,12.610164,24.413933,13.537336,24.143227,30.114782,16.858904,18.28894,17.548883,9.148372,6.1835814,28.24758,24.700117,28.890938,18.89874,8.830066,12.025075,10.381836,24.043415,26.46286,24.159735,14.207904,11.259832,19.284035
1638,21.738102,29.922302,22.209572,6.516223,16.377682,9.3443165,17.819803,13.639742,15.512933,7.691538,22.6107,12.659378,12.386991,24.362734,13.95193,24.390387,29.351933,16.696218,17.562069,16.957333,8.540407,5.5067897,27.838396,24.342672,29.032238,18.855093,9.434198,12.202173,9.570948,24.263174,26.036531,23.791342,13.894869,11.301421,18.950235
1639,25.346922,29.225597,26.458572,14.26012,27.33528,8.193556,20.201448,11.001708,10.665373,4.440949,14.46268,13.087687,10.969282,20.516685,12.345635,23.348188,29.742466,21.00766,20.013922,20.841251,14.055131,12.73848,28.157688,25.59268,21.172966,15.224517,7.3286376,9.368542,13.373621,13.544353,26.95434,24.995464,13.720656,13.088466,20.845476
1640,23.611431,28.867857,23.788687,10.67922,22.743288,13.054691,18.194826,11.70541,18.24408,8.559584,17.606985,13.790524,10.974471,21.132347,16.311218,26.809828,26.656084,17.551666,15.517155,17.793678,9.95327,7.499338,27.060635,22.259932,25.41295,14.804952,12.812107,11.060123,10.9676075,16.534813,25.600273,23.408813,11.583661,10.939122,18.910826
1641,22.370638,29.415901,22.351538,7.5788765,17.74665,12.823654,17.33383,12.98811,19.357208,9.078096,20.86902,13.629617,11.600313,23.170631,16.493755,26.938662,27.435375,16.192793,15.553121,16.605473,7.9424524,5.0521235,27.243172,22.423796,28.743368,17.024485,12.873384,12.343059,9.778696,21.323456,25.433832,23.247908,12.508859,10.682182,18.428955
1642,24.054451,24.404074,23.186365,14.61562,22.89029,27.808756,15.898015,9.506205,31.837566,19.652193,9.158813,21.640915,7.311268,16.921423,27.515635,33.334145,13.583917,16.653564,8.479059,16.985794,7.432778,5.6448746,22.357002,14.315831,16.31107,10.511084,28.941902,13.630396,13.580342,5.039714,20.668764,21.125057,9.192498,9.058161,18.59866
1643,32.984272,25.639225,31.639362,30.121138,31.879768,18.371939,19.566034,7.59471,19.744154,4.2276263,6.4065084,14.922179,6.865604,15.079546,17.67772,28.320496,23.041584,24.782244,15.39289,19.79754,16.614088,15.891766,25.023338,23.011497,12.198387,9.1451025,15.7451935,6.9206133,11.883067,4.0298295,25.120361,22.78447,9.422569,13.636146,19.836134
1644,21.290895,30.471798,22.311844,5.918805,19.32386,8.188246,18.719658,13.42689,13.91131,7.6992097,22.167643,12.6077,12.629952,24.141724,13.416567,24.08755,30.394363,16.833632,18.62317,18.001482,9.573721,6.739718,28.423977,24.56919,28.468697,18.582584,8.639925,11.751883,11.051438,23.318373,26.659086,24.305986,14.172185,11.077932,19.405397
1645,21.232462,22.464518,21.721207,13.186077,18.243214,29.008684,15.986566,10.110369,31.22641,22.473255,5.493965,24.647512,7.2036734,16.859669,29.003763,32.510857,8.310161,17.86821,7.881657,18.348818,7.3083887,5.3123713,20.579962,14.564733,12.060733,11.056392,29.868244,16.88687,17.537264,1.9942966,18.39932,21.738142,11.611707,10.365452,20.83453
1646,18.004492,30.956203,22.04654,5.9757824,32.73428,4.5122976,23.629913,11.815256,6.8553653,4.4956465,12.964413,13.54492,10.388648,18.550892,14.181027,25.715986,30.4689,17.87366,23.21278,23.111166,18.715582,15.032839,28.843845,21.776321,19.960505,12.157066,7.2796044,9.869298,23.509459,12.576209,28.22064,25.35537,16.330093,9.674833,21.029388
1647,21.930643,29.758938,22.389275,7.0166497,17.738535,10.031429,17.897837,13.25823,16.052109,7.9421043,21.672144,12.880556,12.134345,23.735859,14.447662,24.933397,28.900938,16.724073,17.175428,17.158978,8.773662,5.859033,27.718262,23.83874,28.433569,18.033367,10.098145,11.991571,10.009527,22.727175,25.951885,23.717402,13.432605,11.138948,18.913353
1648,30.0888,27.501694,29.837822,23.452356,29.590801,12.358063,20.092566,9.269985,13.869625,2.7725372,9.943887,13.722872,8.876887,17.641544,14.216853,25.374159,27.134579,23.695608,18.41728,20.76351,16.174612,15.110496,26.845882,25.061083,16.288895,12.1529455,10.141006,7.7936945,12.470724,8.248844,26.3798,24.120237,11.811967,14.204224,20.557598
1649,22.89094,31.780535,23.916855,6.9480777,18.35506,7.166687,19.462002,14.414311,12.589038,6.8506837,23.857393,12.762472,13.591373,26.199684,12.333576,23.25049,32.626415,18.602262,20.396288,18.551323,10.035781,7.0577893,29.855366,27.635305,29.851704,20.986902,7.09761,12.5183115,10.41847,26.270203,27.98531,25.721004,15.78333,12.547056,20.734108
1650,21.788624,30.641459,22.769817,6.2876987,18.364769,7.7065988,18.694391,13.775988,13.193004,7.052726,22.764263,12.411786,12.973004,24.964365,12.590989,23.273561,31.097954,17.4746,19.082685,17.799173,9.476869,6.5597963,28.680716,25.922117,29.120428,19.606665,7.7226443,12.124647,10.401358,24.701351,26.870825,24.635815,14.783895,11.692557,19.758152
1651,21.352806,30.39022,22.265678,5.8146353,16.771492,7.5973496,18.400331,13.938566,13.318415,7.28186,23.150024,12.451687,12.874469,24.976376,12.744203,23.154371,30.551517,17.097063,18.91553,17.492283,9.150817,6.09796,28.359055,25.504045,28.977678,19.785627,7.8280244,12.213036,10.133819,25.311695,26.539715,24.33835,14.83797,11.587784,19.507902
1652,22.43652,29.211885,22.340279,7.73932,16.802803,12.681908,17.110052,13.035015,19.198015,8.880553,21.015661,13.536638,11.57166,23.270813,16.26486,26.584993,27.275902,16.295673,15.483172,16.386932,7.745058,4.843405,27.102955,22.595362,28.684183,17.232508,12.604172,12.42162,9.378708,21.67963,25.273184,23.168438,12.542499,10.878594,18.386812
1653,20.868052,30.964413,22.470198,5.329336,21.697468,6.719307,19.532276,13.343787,11.820803,7.3687534,21.841034,12.438742,12.980661,24.251305,12.392821,23.225563,31.663406,17.183283,19.9078,18.893482,10.498389,7.878932,28.993706,25.33969,28.10148,18.795317,7.359015,11.498152,12.266468,22.942848,27.23964,24.88698,14.80833,11.075785,19.969614
1654,23.190184,29.891253,23.900196,9.1188135,19.917046,8.54247,18.690039,12.875554,13.315215,6.5671806,20.43445,12.721916,12.217386,23.565825,12.881486,23.434237,29.984396,18.494028,18.666851,18.279415,10.270011,7.821079,28.268057,25.554266,26.708887,18.208834,8.154377,11.396243,10.482437,21.393131,26.601944,24.516657,13.98691,12.241577,19.876818
1655,17.507408,22.385847,19.401966,8.453122,10.837866,28.430399,16.395773,12.073847,30.571022,24.865526,5.2497263,26.906515,8.228377,18.490292,30.437862,32.6553,4.900569,18.166895,7.847336,19.786674,6.424258,3.544608,20.414703,15.390019,12.20568,12.560128,29.238825,20.888115,21.406982,2.4410307,17.48003,23.248468,14.382451,11.936085,23.145739
1656,21.614489,31.568348,22.834713,5.349231,16.688868,6.206954,19.167032,14.726616,11.856821,6.938324,24.70833,12.408294,13.70682,26.510048,11.795145,22.449938,32.582314,17.793776,20.567934,18.088352,9.5388975,6.463994,29.464697,27.330503,30.161888,21.628641,6.5286374,12.580097,10.22406,27.824049,27.567005,25.313822,16.22753,12.023636,20.346214
1657,21.876032,32.075966,23.204073,5.392046,17.14421,5.9101424,19.548273,14.953629,11.497978,6.8254957,25.077791,12.477597,13.987117,26.970219,11.612698,22.4373,33.350327,18.142553,21.138582,18.435127,9.807353,6.743205,29.95468,27.971811,30.550886,22.101736,6.232713,12.68849,10.4355955,28.374802,28.037628,25.748783,16.640621,12.196706,20.717028
1658,18.732471,23.940893,20.187454,9.337098,16.694437,23.754261,17.480711,10.963194,26.687468,21.81449,7.522038,23.701485,8.106231,17.240807,27.569698,31.658052,9.810817,17.262804,10.520271,20.549269,8.848944,6.4944954,21.956898,14.686369,12.290806,11.594469,25.545916,16.155458,20.00909,3.4754055,19.632889,22.779264,12.870051,10.617437,21.51878
1659,21.42551,30.987967,22.422737,5.3813486,15.457997,6.688297,18.617348,14.596279,12.542236,7.0554867,24.520689,12.370679,13.389549,26.142488,12.119669,22.555143,31.616295,17.40346,19.836805,17.551113,9.069921,5.927453,28.880627,26.631681,29.91126,21.276186,6.976872,12.582847,9.716365,27.59528,26.992569,24.789803,15.812755,11.9053135,19.892054
1660,19.309896,23.54789,20.514164,10.1016865,16.300161,26.881414,17.056593,11.050558,29.679024,23.839891,6.8205943,25.151072,7.9884143,17.453806,29.443129,32.828,7.9714828,17.514473,8.999184,20.038849,7.8608294,5.3621826,21.50941,14.462452,12.315556,11.631853,28.490063,17.479572,19.645748,2.699112,19.087267,22.79439,12.636582,10.746827,21.843752
1661,22.4276,31.207308,23.551256,6.891595,19.044636,6.910199,19.293997,13.945257,12.039217,6.7241945,22.961946,12.537605,13.289395,25.43134,12.046206,22.81035,32.089497,18.328672,20.137785,18.509888,10.13603,7.3332415,29.366096,27.025278,28.906252,20.263304,6.885161,12.088042,10.657534,25.015476,27.546368,25.32524,15.387692,12.262276,20.43284
1662,21.368681,30.788551,22.347673,5.5166535,16.508644,7.320086,18.597929,14.23254,13.16184,7.3346267,23.770021,12.498036,13.126723,25.485949,12.663528,23.149008,31.07594,17.199179,19.325071,17.634598,9.166783,6.0566244,28.70634,25.924442,29.491615,20.338202,7.633297,12.410818,10.159607,26.195438,26.849508,24.621199,15.21716,11.691723,19.728077
1663,21.636477,31.695522,22.90768,5.3240957,16.793884,6.0482125,19.283756,14.7873955,11.651814,6.894271,24.793123,12.429607,13.78014,26.61752,11.708309,22.385206,32.79172,17.885002,20.770456,18.20564,9.635953,6.5716524,29.59017,27.501722,30.194094,21.758125,6.3963532,12.595953,10.334837,27.96526,27.688131,25.433239,16.364368,12.066987,20.455072
1664,22.50635,30.099895,23.45793,8.270949,22.452335,9.364798,18.99016,12.523106,14.401994,7.32767,19.693953,12.926321,12.054789,22.873093,13.876804,24.77461,29.796446,17.710768,18.208939,18.680534,10.44085,8.1454,28.27612,24.192451,26.761652,17.005644,9.380871,11.12537,11.740123,19.742325,26.624119,24.373953,13.423383,11.227721,19.621607
1665,21.60053,30.50194,22.27808,6.0373974,17.779879,9.400105,18.33087,13.713358,15.6809845,8.166433,22.706366,12.910502,12.570141,24.451332,14.360947,25.027756,29.845982,16.627396,17.903208,17.513084,8.880314,5.857253,28.326607,24.262817,29.325289,18.760845,9.77854,12.225096,10.390993,24.02752,26.5086,24.159817,14.000569,11.079739,19.21181
1666,21.24505,30.367088,22.15282,5.7114525,16.991562,7.770577,18.393366,13.870459,13.58019,7.426797,23.035143,12.4848795,12.801234,24.803112,12.971352,23.410603,30.399246,16.926863,18.766455,17.512402,9.143239,6.0955763,28.305552,25.187012,28.935337,19.539906,8.081349,12.150938,10.266455,25.021677,26.494976,24.257477,14.67949,11.437498,19.411737
1667,21.567842,31.112082,22.50058,5.4290395,14.942905,6.739595,18.603182,14.762298,12.719284,7.0496244,24.848133,12.415384,13.458925,26.391155,12.188074,22.643595,31.72163,17.464844,19.89689,17.50328,8.982717,5.7868643,28.97361,26.788073,30.189537,21.556723,7.013604,12.7097435,9.514707,28.097643,27.071316,24.857096,15.949714,12.000742,19.93665
1668,21.3038,31.34494,22.840513,5.4241357,20.596212,6.3903346,19.556181,13.821594,11.513254,7.033121,22.839893,12.34433,13.386739,25.215542,11.887042,22.78411,32.431664,17.639225,20.336496,18.722607,10.294094,7.531645,29.380737,26.510695,29.065378,19.91034,6.759522,11.921538,11.622753,24.673239,27.563602,25.251566,15.397439,11.554285,20.290499
1669,21.2213,30.77079,22.67625,5.879037,21.47833,7.054467,19.341223,13.255958,12.101599,7.191579,21.63801,12.409542,12.876586,24.178009,12.400555,23.226166,31.455254,17.350607,19.630491,18.704212,10.36692,7.7847853,28.85244,25.404318,28.044146,18.710012,7.467052,11.497334,11.893845,22.747597,27.103346,24.791021,14.645129,11.222,19.908129
1670,24.218126,27.174759,23.418297,12.248863,21.195835,17.961847,16.61279,10.91863,23.528273,11.363332,16.049862,15.283626,9.669799,19.79284,19.601402,28.89905,22.691006,16.682022,12.386833,16.204445,8.123464,5.793932,25.31374,19.541338,23.922436,13.272689,17.834612,11.512846,9.856678,14.239036,23.823603,21.994678,9.880284,10.217333,17.824335
1671,27.035173,29.33333,27.035393,15.298189,21.781582,10.03348,19.056746,11.892914,13.597078,5.263997,17.223162,13.493309,11.274721,22.062347,13.336174,23.896376,28.892033,21.370632,18.573185,19.349937,12.000663,10.073999,28.327316,26.39614,23.343458,16.820135,8.623393,10.582084,9.934212,17.009716,26.953604,25.04032,13.190604,14.242413,20.75002
1672,31.240547,25.907719,30.024393,27.008547,30.802616,17.95823,19.32794,7.9218664,20.070395,6.007692,7.9201446,15.088899,7.1978555,15.1936455,18.303772,28.539898,22.462053,23.105228,14.789364,19.683657,15.528027,14.524427,25.066187,21.488333,13.249656,9.187039,16.27874,7.083603,11.699626,4.747922,25.00151,22.557072,8.965892,12.764051,19.381495
1673,28.509008,28.516542,29.40363,22.513191,32.760025,11.145739,22.268805,9.493591,12.326721,2.6921933,8.287179,14.5042095,8.438901,16.512465,15.557102,27.160635,27.31708,23.734827,20.56394,22.963614,19.548382,17.815845,27.501205,23.926973,14.121753,10.810778,10.248866,7.6529922,17.415762,6.4934187,27.357063,24.820799,13.330544,13.445586,21.370413
1674,21.571339,30.862804,22.789318,5.9587445,18.666553,6.825071,19.02227,13.880825,12.073141,6.9422946,22.92401,12.382891,13.169845,25.17995,12.063561,22.692099,31.628391,17.662113,19.799982,18.16761,9.832179,6.962966,28.933859,26.373743,28.881334,20.010841,6.9976053,12.070663,10.783884,25.02142,27.114372,24.907331,15.241614,11.799877,20.044094
1675,22.602903,31.095005,24.376537,8.132555,25.389889,6.188167,20.408215,12.67786,9.945091,6.0435085,19.682917,12.493336,12.882775,23.671057,11.362888,22.494524,32.58449,19.09059,20.97819,20.162178,12.134151,10.137594,29.54346,26.78868,26.327936,18.30355,6.2000823,10.818665,13.007938,20.223694,27.912743,25.699486,15.016186,12.052038,20.937551
1676,21.928205,30.495424,22.68265,6.5773697,18.338804,8.736868,18.501839,13.595549,14.609442,7.5809402,22.51377,12.677309,12.648093,24.474579,13.605556,24.30317,30.328743,17.123247,18.360357,17.711082,9.264533,6.354349,28.461763,24.909277,28.917831,18.895147,8.904949,11.994796,10.3534565,23.903309,26.673397,24.34478,14.154639,11.406867,19.434875
1677,21.39136,30.485094,22.25167,5.690157,15.690067,7.4186544,18.303131,14.215863,13.264486,7.1716375,23.72497,12.417706,13.012101,25.433598,12.5847,22.948828,30.736153,17.156668,19.07469,17.31455,8.92838,5.802787,28.42183,25.85333,29.400164,20.364153,7.61705,12.44051,9.748916,26.31879,26.569466,24.39506,15.150407,11.7491045,19.55572
1678,21.331148,30.720917,22.279196,5.5628214,17.138248,7.7332263,18.590443,14.041016,13.662979,7.548828,23.420183,12.561207,12.973573,25.112019,13.061673,23.615564,30.790722,17.001162,19.00342,17.684372,9.195672,6.1169105,28.617613,25.414154,29.34115,19.804548,8.109352,12.2675705,10.371817,25.456627,26.783253,24.497875,14.855739,11.474047,19.583166
1679,22.466612,29.5868,22.462704,7.566501,17.558502,12.572394,17.415457,13.12153,19.12931,8.942723,21.186695,13.570901,11.729102,23.419287,16.31132,26.814077,27.748627,16.32859,15.773691,16.666168,7.982504,5.0601044,27.41941,22.741488,28.973185,17.30537,12.586573,12.397096,9.6937065,21.779644,25.599396,23.39313,12.677257,10.817943,18.542963
1680,21.551756,31.625734,23.363121,5.800475,21.902992,5.257812,20.041174,13.799003,9.781395,6.282107,22.656754,12.065104,13.668832,25.473087,10.735026,21.76509,33.555893,18.2787,21.316383,19.208027,10.893109,8.408529,29.757565,27.558565,28.800547,20.416464,5.4928994,11.629084,11.8706875,24.789598,27.966713,25.666664,15.9986515,11.757185,20.731955
1681,17.943977,31.739775,21.910074,4.3114376,31.881714,3.8545995,23.31413,12.504948,6.645269,4.5084906,15.596079,12.884037,11.4929495,20.361862,12.95377,24.784746,32.378452,17.529451,23.290094,22.266693,17.297113,13.512194,29.562546,23.3441,23.182344,13.9275465,6.3059435,10.477601,21.856981,15.938953,28.709301,25.708532,16.558012,9.747852,21.039938
1682,19.558054,30.721474,23.550625,10.4163265,34.642353,6.216477,25.210443,11.29311,7.8624973,3.9159865,9.094502,15.18715,8.792801,15.959509,17.023409,28.560162,28.06892,19.461157,23.711435,24.943048,22.468908,18.09143,28.50951,20.105286,15.037238,9.416868,9.466931,9.099371,26.492853,7.9794445,28.56428,25.444288,16.45571,10.138275,21.673876
1683,20.71372,24.230732,21.348274,11.2683735,18.448101,24.808489,17.05913,10.584425,28.159637,21.088614,8.436268,22.941223,7.9752555,17.214046,27.45126,32.067745,11.070228,17.244276,9.833981,19.40736,8.434046,6.119603,22.280464,14.815354,13.751997,11.300443,26.362736,15.325814,17.463457,4.2688584,20.208109,22.372358,11.535943,10.377816,20.664492
1684,21.45042,30.647594,22.282883,5.6171484,15.581534,7.562918,18.338465,14.322549,13.558378,7.287298,23.959473,12.477697,13.069734,25.585096,12.769804,23.202461,30.829609,17.131353,19.070463,17.335487,8.864196,5.702303,28.541046,25.858831,29.69961,20.46908,7.7919874,12.532301,9.723223,26.570562,26.673973,24.466213,15.185092,11.74295,19.584957
1685,21.41926,31.352058,22.735716,5.344046,17.740852,6.219543,19.209616,14.38294,11.657011,7.032268,24.0882,12.361423,13.563687,26.001942,11.772255,22.395594,32.32911,17.700056,20.38899,18.205307,9.713027,6.720872,29.323393,27.000238,29.61842,21.010843,6.557267,12.339409,10.608826,26.765617,27.451534,25.210321,15.867908,11.871737,20.274862
1686,22.699232,32.055367,25.117386,8.188439,28.728302,5.174251,21.69007,12.791023,8.289456,5.1466846,18.899527,12.552727,13.152484,23.707691,10.914389,22.661592,34.287983,19.87795,22.56093,21.348104,13.8829365,11.824488,30.483162,27.774105,26.267496,18.187601,5.3569217,10.811859,15.047718,19.528519,28.978373,26.627844,16.03247,12.192146,21.811705
1687,32.32234,26.242352,31.507261,29.114983,32.191395,15.817387,20.323887,7.9371057,16.893633,2.7456665,6.5194297,14.374578,7.242126,15.329842,16.351946,27.515518,24.584179,25.04662,17.091616,20.815342,17.871506,17.004238,25.679634,23.85422,12.345287,9.542884,13.156582,6.765531,13.18565,4.376603,25.763409,23.353558,10.527613,13.98777,20.290522
1688,21.20542,23.294207,21.543556,12.199408,18.328,28.6699,16.14174,10.351525,31.657038,22.738344,6.875585,24.424957,7.4694357,17.231583,29.284554,33.21562,9.190565,17.279306,8.126866,18.453075,7.114516,5.024643,21.263227,14.232194,13.449685,11.216394,29.892221,16.603415,17.340557,2.9913468,19.03313,21.92727,11.370405,10.092699,20.612238
1689,24.106829,30.145334,24.586712,10.089717,19.207813,8.719425,18.766886,13.099644,13.527935,6.3922977,20.88324,12.858345,12.342355,23.986116,12.916302,23.500998,30.212952,19.13181,18.822273,18.300081,10.34924,7.7685056,28.594696,26.291803,26.954721,18.69864,8.101595,11.587349,9.863085,22.049603,26.94402,24.834507,14.11888,12.861425,20.17862
1690,23.26396,29.686481,24.169327,9.667641,21.194525,7.908004,18.96181,12.533989,12.095483,6.0714235,19.385784,12.650099,12.070607,23.053242,12.313165,22.827105,30.05722,18.89937,19.130789,18.74534,10.957015,8.747182,28.202908,25.709616,25.573498,17.845816,7.4844203,10.991271,11.0187645,20.119724,26.61008,24.595411,14.089198,12.395697,20.072573
1691,21.648771,30.547794,23.079515,6.8240347,22.775618,7.5975375,19.431007,12.836157,12.363916,7.097682,20.458517,12.594142,12.565864,23.517616,12.701649,23.5885,31.034857,17.651209,19.399553,19.01633,10.738814,8.399193,28.719587,25.058437,27.16398,17.913692,7.879112,11.207737,12.296299,21.016582,27.018158,24.76599,14.279451,11.23913,19.95858
1692,21.515713,30.375237,22.57663,6.2166805,18.633179,7.47836,18.67439,13.573775,12.785334,7.0495453,22.313612,12.384033,12.81936,24.563732,12.477709,23.031736,30.793999,17.364084,19.06273,17.873165,9.628234,6.770255,28.456364,25.603619,28.46536,19.270172,7.5910563,11.910643,10.648243,24.056313,26.67382,24.472353,14.656167,11.589629,19.660967
1693,22.728258,29.900217,23.881554,9.195948,24.584877,9.161135,19.398676,11.9977,13.586005,6.9988527,18.203648,12.972078,11.760356,22.033794,13.6950445,24.638556,29.649311,18.184566,18.489805,19.319382,11.3674135,9.342636,28.224514,24.08212,25.335848,16.154379,9.153545,10.621538,12.640299,17.700033,26.680578,24.479563,13.291186,11.2715025,19.842901
1694,21.351555,31.208923,22.893177,5.662958,21.345436,6.6565876,19.575182,13.578215,11.680447,7.063325,22.268637,12.397905,13.220805,24.816147,12.0722275,23.002344,32.19257,17.628645,20.146112,18.833038,10.438213,7.761366,29.280277,26.192858,28.688934,19.401436,7.0101056,11.766935,11.879474,23.75281,27.489075,25.177217,15.120824,11.476065,20.236914
1695,23.060347,28.2889,22.345518,9.10532,17.408276,15.755759,16.34695,12.210711,22.628164,10.379343,19.669199,14.170961,10.7104845,21.910454,18.369616,28.354933,24.918375,15.728184,13.214401,15.650926,6.924194,4.163086,26.188396,20.562166,27.840136,15.4653015,15.683574,12.245819,8.664368,19.155373,24.414253,22.313034,10.79414,10.2622795,17.62061
1696,21.44735,30.27691,22.333475,6.146437,18.301092,8.271328,18.460249,13.52869,13.993218,7.4986334,22.320925,12.547409,12.608258,24.296785,13.285664,23.855694,30.198648,16.929901,18.457354,17.67482,9.327195,6.416748,28.249268,24.777933,28.582508,18.831617,8.534686,11.8997555,10.552454,23.778782,26.475615,24.190796,14.237676,11.277466,19.33932
1697,22.032177,32.406723,23.416306,5.3929796,17.36468,5.7612634,19.779888,15.102922,11.359361,6.8151474,25.372833,12.533154,14.161248,27.2678,11.55699,22.487402,33.808334,18.327509,21.467056,18.644775,9.942375,6.880362,30.266413,28.321478,30.816078,22.39762,6.1086864,12.758312,10.544596,28.76796,28.334099,26.011889,16.868105,12.286232,20.932306
1698,21.397615,31.005558,22.612263,5.507613,17.32312,6.3976283,18.936518,14.263875,11.817367,6.9258585,23.81368,12.301062,13.388961,25.768103,11.785421,22.30698,31.903725,17.595629,20.071432,17.941275,9.556563,6.5688324,29.00032,26.752588,29.384228,20.813414,6.652844,12.293398,10.353563,26.493011,27.145594,24.944445,15.689799,11.852838,20.065351
1699,17.754587,31.079622,22.695215,9.911366,36.233814,6.1946645,27.20165,11.433505,7.4916134,4.2657924,6.400227,16.814724,7.597702,13.7919655,19.916006,31.214392,26.117422,19.244303,24.95359,27.003662,26.01025,20.470766,28.411554,17.318695,11.177425,6.9649644,11.284695,8.999708,31.738762,4.939787,28.987228,25.626406,17.604408,9.291715,22.23789
1700,20.901016,30.645464,22.128,5.3775597,19.998251,7.7669606,18.96221,13.431541,13.435787,7.7932076,22.170538,12.57501,12.733474,24.134247,13.2728405,23.992264,30.683907,16.697016,18.941507,18.258026,9.791083,6.979841,28.563644,24.542017,28.452557,18.57524,8.410754,11.683125,11.5460415,23.257961,26.800247,24.414268,14.322391,10.897787,19.487772
1701,21.627287,30.502775,22.781925,6.3333426,18.551403,6.868155,18.853233,13.688717,11.949902,6.731003,22.414251,12.341507,12.968095,24.828262,11.97621,22.490618,31.228254,17.705072,19.615747,18.06099,9.870305,7.060008,28.636597,26.194506,28.34004,19.721493,6.944847,11.923597,10.687474,24.43981,26.85095,24.70003,15.086375,11.848726,19.919252
1702,21.410717,30.532782,22.270977,5.655529,15.487104,7.3213134,18.302313,14.292297,13.176528,7.126424,23.877108,12.401075,13.066314,25.572906,12.496453,22.856108,30.847094,17.196352,19.16575,17.295364,8.895616,5.7635612,28.46369,25.995665,29.513948,20.551394,7.5117574,12.490035,9.663181,26.594383,26.601892,24.434317,15.265685,11.796457,19.591204
1703,31.453783,26.52507,31.010265,26.962126,31.148535,12.804529,21.195486,8.612533,13.123943,5.38289,8.45255,14.929654,8.525501,15.136398,15.481683,24.574419,22.610733,25.364134,16.560783,21.138105,18.32445,15.544512,26.570507,24.985624,11.977513,9.848327,11.299681,7.8684235,10.782144,4.7735777,26.983463,24.485659,9.676549,15.697634,21.561453
1704,21.557587,31.239468,22.666277,5.459576,16.643303,6.686559,18.919619,14.503565,12.411804,7.132812,24.344088,12.431885,13.477914,26.101692,12.135487,22.716286,31.953371,17.578684,20.019958,17.887112,9.3603735,6.269836,29.164606,26.792068,29.89959,21.102251,6.9722924,12.514027,10.134201,27.147133,27.277534,25.040209,15.76883,11.919311,20.101597
1705,31.376646,25.692146,29.974472,26.867447,30.072535,17.827583,18.821123,7.9251323,20.015352,5.543446,8.356623,14.670926,7.305792,15.433122,17.686579,27.963947,22.720179,22.971457,14.428265,19.037357,14.816627,13.886093,24.930254,21.775629,14.008064,9.425116,15.8342495,7.1359987,10.692417,5.3561177,24.803827,22.340351,8.68845,12.882944,19.087896
1706,24.698904,25.247807,23.967918,15.252714,23.524294,23.70435,16.73658,9.8088455,27.612728,15.819765,10.504672,19.187641,8.132824,17.32629,24.17501,31.291346,16.597092,17.641098,10.083494,17.175333,8.939315,6.667274,23.438995,16.980776,17.957623,10.840491,23.977945,12.624199,12.557275,7.0440454,22.089863,21.680574,9.422055,10.175756,18.7895
1707,21.807165,30.048796,22.65157,7.0700555,21.039776,9.729966,18.600733,12.799843,15.34167,7.9340696,20.56899,12.915121,12.113185,23.116488,14.364585,25.155657,29.408607,16.86609,17.642458,18.060955,9.688792,7.088249,28.046097,23.615131,27.704176,17.18825,9.983285,11.4719925,11.351356,20.841372,26.34758,24.018297,13.2845545,10.811695,19.188232
1708,31.062239,27.169647,30.703667,26.272703,31.645985,13.899758,20.714277,8.636446,15.180388,2.9899948,8.016716,14.27147,8.035568,16.247862,15.68121,26.927603,25.841858,24.437504,18.130907,21.396572,17.72788,16.638054,26.507795,24.214144,13.840813,10.561463,11.73055,7.169379,13.705069,5.823002,26.37228,23.962275,11.343598,13.986601,20.64366
1709,18.807575,31.088898,22.096,5.063017,29.68713,4.5899453,22.094667,12.255955,7.8264503,5.459587,16.699846,12.641258,11.656752,20.890142,12.586193,23.958158,31.754093,17.429764,22.157957,21.460258,15.372081,12.326096,29.097021,23.487638,23.56636,14.871642,6.546546,10.2621765,18.994446,16.737394,27.994383,25.249754,15.626765,10.015508,20.580935
1710,21.601137,31.0466,23.299175,6.444562,23.047903,6.253102,19.882538,13.129281,10.720718,6.6443114,21.095848,12.373454,13.029363,24.210152,11.668867,22.621313,32.285446,18.066608,20.528418,19.39485,11.135219,8.803761,29.269821,26.227633,27.491867,18.868917,6.5533223,11.261097,12.454487,22.149757,27.542864,25.280188,15.071266,11.565909,20.42908
1711,18.173649,22.857647,19.823158,8.96351,12.62119,28.48439,16.606827,11.767076,30.90226,25.135818,5.8135247,26.716616,8.136339,18.2784,30.60015,33.09824,5.693233,17.95438,8.117431,19.986628,6.7167306,4.015151,20.831587,14.912047,12.209774,12.369506,29.65229,19.959957,20.959019,2.4274786,17.994392,23.203009,13.806769,11.515205,22.839201
1712,23.650549,30.0136,24.539696,10.165672,23.890348,9.363102,19.32097,12.1182575,13.800673,6.8575916,18.650726,13.001393,11.879302,22.416254,13.58177,24.50437,29.814215,18.779985,18.453775,19.201097,11.205741,9.149614,28.46127,24.814379,25.584063,16.594736,9.049433,10.7358055,11.762849,18.276129,26.907402,24.716238,13.226939,11.889853,20.065931
1713,22.991444,28.27759,24.45883,15.941921,32.656902,13.753895,22.694242,9.183676,16.987215,12.2536745,9.4794655,17.336218,7.542471,13.5238085,22.174337,31.027838,20.172499,18.70154,17.184122,23.7365,18.585093,15.468807,26.315653,15.290071,10.842924,7.48691,17.436384,7.321519,19.785973,3.6487687,26.323593,23.46394,10.615327,9.338215,20.118176
1714,25.781713,25.08358,25.251677,18.332857,26.428036,24.225492,17.93266,9.330888,27.077795,16.081285,8.114827,20.064804,7.5139866,16.046213,24.943523,31.85956,15.644935,19.049948,10.831709,18.619148,11.389472,9.012943,23.282543,16.981524,14.557741,9.986438,24.730906,11.969184,14.062061,4.2941446,22.36285,21.95725,9.814656,10.501256,19.553257
1715,21.77201,30.975185,22.92151,6.0707893,17.974518,6.7773557,18.99206,14.090025,12.086992,6.8391805,23.312933,12.405338,13.277574,25.523151,11.986001,22.59405,31.797894,17.816591,19.932928,18.07169,9.733844,6.8046246,29.030598,26.721863,29.16896,20.441591,6.8886933,12.232561,10.480085,25.713882,27.196552,25.00146,15.481527,11.978582,20.1333
1716,21.358772,31.796484,22.857965,5.059965,17.946663,5.6228204,19.570581,14.636055,11.003935,6.9165506,24.547804,12.355174,13.839546,26.435997,11.445956,22.16849,33.07219,17.871847,21.055105,18.53011,9.95136,6.986708,29.713795,27.498182,29.887812,21.546797,6.095351,12.377946,10.882067,27.509531,27.82782,25.54718,16.367287,11.897282,20.562025
1717,21.2899,30.23819,22.352829,5.962063,17.828098,7.22533,18.519835,13.680274,12.546219,6.9495,22.517492,12.298914,12.833255,24.690712,12.26604,22.695105,30.710825,17.258142,19.105532,17.665691,9.467722,6.560298,28.302937,25.657717,28.499588,19.526293,7.3579745,11.992561,10.45198,24.553886,26.512674,24.355398,14.825694,11.598317,19.5785
1718,20.466408,30.30304,23.547623,8.774074,31.155169,5.247124,22.35449,11.431694,7.6026525,4.1971655,13.592849,12.992298,10.673295,19.28081,12.936722,24.408432,30.677496,18.892183,22.341028,22.336445,17.034836,14.450428,28.568813,23.274113,20.459558,13.436371,6.6778274,9.42168,19.78185,13.066389,27.712852,25.146833,15.485175,10.730877,20.851011
1719,22.706745,30.057339,23.891222,8.743298,22.304846,7.5498643,19.298216,12.554689,11.803911,6.3833027,19.564135,12.642487,12.249404,23.135128,12.315539,22.97819,30.578121,18.578035,19.482353,19.116993,11.110555,8.979437,28.486677,25.526108,25.824121,17.817392,7.421125,10.915342,11.743554,20.10292,26.852804,24.76568,14.230211,11.986008,20.146685
1720,21.081203,31.67284,22.779768,4.89898,19.513584,5.2332764,19.688036,14.313042,10.30961,6.7003045,24.028732,12.014969,13.849302,26.13321,10.8952875,21.73506,33.35511,17.788252,21.104326,18.622747,10.150925,7.376275,29.638388,27.485197,29.68141,21.219648,5.6520123,12.035011,11.135996,26.814438,27.785786,25.469133,16.23013,11.609269,20.493116
1721,29.238268,25.897585,28.474516,24.310179,30.213974,17.26429,19.370264,8.128969,19.577322,6.813134,8.0179825,15.281423,7.251173,15.034029,18.655268,28.628603,21.978205,21.859283,14.932545,19.925259,15.382133,14.2099695,24.823708,20.276432,13.292908,9.095765,16.28953,7.3078303,12.9750595,4.7372227,24.643353,22.331377,9.398194,11.927076,19.151703
1722,27.241373,27.592194,26.917442,17.74183,25.627289,13.354635,18.607382,10.1342945,16.719862,6.354427,13.683759,13.8767395,9.697354,18.86492,15.518749,25.830536,25.622099,20.675173,15.844596,18.86139,12.364571,10.738033,26.577608,23.12956,20.115316,12.897704,12.120319,9.266755,10.64266,11.559083,25.622898,23.495878,10.6028,12.732713,19.531843
1723,21.664629,31.944033,23.025772,5.224934,17.216839,5.751119,19.474205,14.865618,11.323333,6.797476,25.021078,12.332502,13.950673,26.856045,11.45153,22.250208,33.291763,17.985048,21.075243,18.359894,9.745042,6.729432,29.82346,27.821947,30.45953,22.02448,6.1051784,12.5668125,10.384754,28.308886,27.914066,25.614132,16.55715,12.051527,20.589418
1724,21.414972,30.7815,22.42363,5.557821,15.943929,6.7687306,18.573427,14.378458,12.458396,6.98783,24.063171,12.333107,13.265957,25.81995,12.075527,22.481016,31.410992,17.40608,19.677118,17.543959,9.151003,6.0636663,28.73005,26.475637,29.54998,20.90536,6.994454,12.446669,9.830442,26.932442,26.86533,24.685797,15.593869,11.86841,19.826134
1725,21.957163,30.072441,22.44923,6.7976637,17.79793,9.962631,18.04112,13.436404,16.112347,7.9776077,22.070444,12.893469,12.301251,24.041626,14.475612,25.0873,29.301918,16.730171,17.374872,17.251194,8.770551,5.8198967,27.974499,24.034445,28.918428,18.30153,10.083069,12.102573,10.045071,23.225504,26.190231,23.893372,13.607862,11.13545,19.019526
1726,30.627302,26.628195,30.616444,26.654875,31.865036,12.247015,22.19327,8.478903,12.489779,7.2732725,7.827375,15.888532,8.206041,14.146903,16.782848,25.109455,21.012285,25.381855,17.131998,22.567368,19.823801,16.766119,26.719105,23.820059,9.39037,9.14643,11.944956,7.6760097,12.432784,3.1845648,27.280739,24.870743,9.855741,15.597841,22.184725
1727,21.344908,30.775583,22.32573,5.4468274,15.849281,6.943822,18.52125,14.37717,12.757669,7.1382837,24.120937,12.357073,13.234105,25.780476,12.271449,22.689161,31.273468,17.271914,19.518427,17.497755,9.044127,5.9351697,28.697262,26.266336,29.645824,20.80812,7.2118845,12.467245,9.816449,26.911335,26.825672,24.627115,15.479962,11.786268,19.749353
1728,26.144579,24.643333,25.087238,18.724283,25.791576,23.7375,16.783112,8.751226,27.304201,13.207237,8.424993,18.23228,6.992813,16.009998,23.547039,31.590025,17.536266,18.24451,10.807629,17.41781,10.294919,8.955443,22.869114,16.487312,15.835469,9.643038,23.564814,10.658789,12.9860735,5.2293425,21.827396,20.899797,9.181119,9.734503,17.995012
1729,22.480494,29.10334,22.730387,8.562629,21.032398,12.91414,17.872866,12.216654,18.70931,9.000997,18.83733,13.75037,11.24385,21.876091,16.512173,27.013674,26.94855,16.53259,15.539449,17.348177,9.081944,6.4608145,27.038794,21.891888,26.881153,15.573476,12.965759,11.591068,10.980406,18.336311,25.399231,23.219078,12.036463,10.429397,18.584743
1730,28.502645,26.707895,28.099548,22.143156,29.594444,14.0079365,19.81281,8.682249,16.501991,7.4409285,10.7398815,14.52966,8.449784,15.5757265,16.931604,26.55969,22.734575,21.725046,15.318739,20.277948,15.269436,13.443313,25.912159,21.215769,14.44616,9.903725,13.562008,7.3324904,11.384931,6.4539323,25.71465,23.115107,8.898872,12.59762,19.65064
1731,22.554575,29.315119,22.521908,8.004704,18.565062,13.159218,17.404387,12.762142,19.562212,9.150459,20.339754,13.70682,11.471412,22.825224,16.678286,27.150612,27.207706,16.28366,15.365899,16.713924,8.131095,5.30714,27.170815,22.228811,28.344078,16.590155,13.153803,12.175409,9.950846,20.502224,25.398664,23.209084,12.264385,10.619009,18.428404
1732,21.845934,30.286331,23.247473,7.501586,23.47784,7.86061,19.461462,12.499824,12.461527,7.062561,19.643908,12.670671,12.262649,22.915844,12.921089,23.783268,30.570955,17.773945,19.221487,19.207214,11.051669,8.856614,28.521202,24.634604,26.299627,17.282587,8.133018,10.896861,12.551355,19.800203,26.878006,24.640139,13.979337,11.1864195,19.899488
1733,21.391438,30.34903,22.270634,5.8305864,16.13801,7.4367123,18.295185,14.0511055,13.147018,7.1112785,23.37811,12.375439,12.932048,25.197914,12.516314,22.873135,30.62627,17.174408,18.986897,17.339752,9.016309,5.944309,28.327976,25.762915,29.12665,20.106428,7.586583,12.315325,9.842485,25.81904,26.493515,24.332315,15.003787,11.714769,19.519169
1734,21.481777,31.201868,22.548344,5.3335752,15.778082,6.521565,18.798422,14.671003,12.339197,7.0420313,24.652798,12.388521,13.510733,26.30989,12.024646,22.531895,31.947784,17.522898,20.090858,17.720945,9.207401,6.0742245,29.086891,26.875954,30.045013,21.449467,6.8321724,12.603558,9.856407,27.771133,27.191998,24.969887,15.9798975,11.947727,20.04563
1735,21.781988,30.95125,23.228346,6.500243,21.418962,6.704413,19.516739,13.377692,11.467413,6.7548122,21.702608,12.41417,13.048876,24.530073,11.933405,22.78478,31.94089,17.993254,20.10271,18.893827,10.617459,8.061075,29.140442,26.289291,28.037394,19.19747,6.863896,11.592241,11.728117,23.072487,27.381123,25.140705,15.014715,11.734261,20.285402
1736,33.133934,25.853638,31.972754,30.556723,32.455612,17.625093,20.027529,7.636398,18.750978,3.3723814,5.9913583,14.751984,6.887054,15.058863,17.250776,28.210106,23.658838,25.26803,16.18437,20.340576,17.512526,16.766745,25.270485,23.557209,11.883215,9.183106,14.826061,6.7829146,12.601336,3.8416939,25.433481,23.062166,9.962659,13.903119,20.13915
1737,22.143547,30.155174,22.97274,7.2524424,19.24459,8.578566,18.524008,13.246685,13.919265,7.116227,21.537226,12.578494,12.495318,24.071884,13.13409,23.785835,30.220877,17.5273,18.422663,17.841408,9.601065,6.8880243,28.28294,25.151545,28.133064,18.540575,8.474157,11.784613,10.550876,22.801254,26.529675,24.338228,14.08952,11.599131,19.547396
1738,18.513128,23.221207,20.095142,9.191018,13.497528,28.48688,16.85773,11.711024,31.034437,25.366365,6.1121116,26.745167,8.16323,18.274488,30.772985,33.42216,6.1231294,17.97401,8.383748,20.275867,6.9708643,4.3333983,21.161575,14.820575,12.2096195,12.359037,29.83451,19.608912,20.982885,2.4378374,18.354277,23.34086,13.686612,11.406184,22.862074
1739,21.61795,31.583553,22.751938,5.265998,15.918353,6.2613425,19.038973,14.876638,12.108075,6.976168,25.074038,12.392775,13.734496,26.712303,11.871731,22.506498,32.53296,17.707064,20.500301,17.922203,9.323909,6.193287,29.435387,27.32133,30.445246,21.885244,6.5957904,12.686615,9.903536,28.386286,27.521603,25.256586,16.298223,12.033171,20.271502
1740,21.321932,30.247978,22.18442,5.897319,17.264814,8.041202,18.316002,13.752447,13.822838,7.3538165,22.726168,12.470386,12.699285,24.613272,13.071135,23.559809,30.247816,16.900263,18.54952,17.44374,9.126359,6.110968,28.189669,25.02899,28.883495,19.27471,8.265841,12.099617,10.265369,24.599125,26.395317,24.155857,14.511856,11.385634,19.321297
1741,21.271551,31.291918,22.664383,5.2498646,18.55141,6.2393417,19.274958,14.194957,11.598259,7.071807,23.69858,12.326099,13.494847,25.724459,11.796175,22.478727,32.280136,17.599667,20.324305,18.318607,9.853276,6.9203863,29.279404,26.772005,29.4297,20.646204,6.6045933,12.204778,10.917668,26.116833,27.422722,25.166311,15.701629,11.727989,20.229868
1742,20.439306,31.089027,22.365555,4.7581596,22.704144,5.757626,19.81804,13.325475,10.476184,7.0327263,21.774649,12.143093,13.22704,24.404295,11.521089,22.421236,32.37308,17.258373,20.506287,19.105087,10.819688,8.256261,29.159527,25.898865,28.148144,19.053106,6.3879113,11.42109,12.698527,23.085945,27.405651,25.075666,15.191857,11.032072,20.165857
1743,22.412024,29.399406,22.23571,7.380205,15.569752,12.527154,16.96844,13.3865185,19.317251,8.791644,21.84232,13.455077,11.7531,23.830898,16.168467,26.512804,27.587498,16.212713,15.593598,16.13965,7.382715,4.3659425,27.229675,22.898977,29.479525,17.86569,12.44301,12.705847,8.915412,22.94349,25.350039,23.21926,12.826865,10.993698,18.367456
1744,21.870657,29.652615,22.233387,6.985758,18.04243,10.775192,17.782732,13.102808,17.009497,8.416913,21.416803,13.075574,11.9457035,23.390963,15.124603,25.599136,28.401731,16.386806,16.653849,17.058764,8.595114,5.686288,27.55492,23.137953,28.38175,17.530699,10.975706,11.952462,10.080128,22.109623,25.797312,23.511513,13.020387,10.819003,18.684164
1745,21.57501,31.255486,22.582264,5.383481,15.547371,6.7159514,18.774162,14.723784,12.646823,7.1450057,24.781708,12.463094,13.509545,26.367744,12.224722,22.744696,31.88014,17.519993,20.003675,17.697361,9.134301,5.958903,29.126682,26.830126,30.172813,21.463118,7.027312,12.678929,9.784016,27.876316,27.22168,24.989704,15.9336,11.985215,20.046663
1746,21.841497,31.283407,23.025026,5.9076977,17.953976,6.7136326,19.139494,14.281733,12.120411,6.9156365,23.728498,12.458188,13.454343,25.87054,12.003941,22.698053,32.17678,17.891926,20.160446,18.168922,9.738076,6.76581,29.29673,27.00416,29.59141,20.774824,6.8636985,12.374754,10.509985,26.265533,27.437042,25.21164,15.696293,12.028433,20.28774
1747,19.259676,31.238623,22.289062,5.1150823,28.890171,4.909572,21.769972,12.413916,8.460714,5.8261747,17.704224,12.543823,11.988595,21.588072,12.436371,23.825436,32.082134,17.433975,21.872591,21.13495,14.542286,11.663294,29.25011,23.960222,24.544092,15.628458,6.6218147,10.391983,17.815666,17.849857,28.023808,25.297777,15.460507,10.15745,20.536608
1748,22.441713,29.35889,22.243092,7.447961,15.592227,12.609696,16.943317,13.343498,19.406797,8.852111,21.797329,13.476828,11.716115,23.76987,16.231525,26.552687,27.497986,16.202173,15.526335,16.126331,7.365061,4.361136,27.198753,22.818666,29.39446,17.797287,12.534108,12.678385,8.8889885,22.837578,25.320553,23.19011,12.752195,10.98051,18.342302
1749,21.541098,30.124065,22.470276,6.4586196,18.830288,8.219918,18.49217,13.356771,13.68355,7.2728586,21.802557,12.518427,12.526523,24.069042,13.097395,23.662888,30.145838,17.106823,18.48723,17.75888,9.527256,6.7023344,28.162819,24.852594,28.190207,18.612127,8.367596,11.787266,10.709073,23.174149,26.412731,24.182299,14.202176,11.348007,19.38865
1750,24.513813,29.731201,25.25776,11.847317,25.044987,9.683722,19.493822,11.587588,13.765967,6.887628,17.557184,13.216305,11.494371,21.55658,13.820901,24.61584,29.173655,19.395807,18.291073,19.66454,11.799383,9.97772,28.385815,24.5507,24.03473,15.765035,9.30593,10.180685,11.770801,16.378922,26.945967,24.753292,12.639417,12.210682,20.209513
1751,18.860605,30.703556,22.463343,7.2430263,32.199757,5.601115,23.316679,11.535152,8.274055,5.5079575,13.023211,13.900198,10.171693,18.265574,14.989918,26.262377,29.472532,17.992731,22.45584,23.172745,18.258322,14.906826,28.639027,21.179832,19.234024,11.986762,8.351129,9.49989,22.508804,11.906138,27.985807,25.16433,15.566993,9.731458,20.883356
1752,21.511806,31.52716,22.847185,5.337935,17.520205,6.0183353,19.290922,14.550978,11.456226,6.879776,24.355316,12.350382,13.686124,26.286264,11.608937,22.278101,32.66548,17.825907,20.659433,18.251896,9.744746,6.7523394,29.470686,27.316256,29.853893,21.376734,6.350326,12.41562,10.535933,27.281666,27.589977,25.340677,16.147444,11.95503,20.387735
1753,19.5334,30.433058,22.86956,7.576146,31.35038,5.081154,22.54119,11.53806,7.592473,4.5224643,13.68937,13.066729,10.617183,19.127584,13.301352,24.74787,30.526075,18.317957,22.373392,22.380451,17.156107,14.307131,28.570099,22.630735,20.560247,13.113286,6.9507556,9.559766,20.622726,13.150344,27.735123,25.080904,15.56339,10.245206,20.735312
1754,21.398901,30.684967,22.45478,5.694417,17.155203,7.1164937,18.6577,14.071219,12.685129,7.0932307,23.38318,12.389013,13.110201,25.33603,12.326991,22.826443,31.191977,17.350838,19.425493,17.710098,9.348897,6.326195,28.672724,26.10185,29.220987,20.205412,7.3172355,12.28352,10.290766,25.758923,26.833542,24.640013,15.208469,11.734553,19.784054
1755,26.457714,24.82241,25.319847,18.718279,25.966038,25.921312,16.825867,8.82896,29.556952,16.394173,8.710327,19.945784,7.0436363,16.170311,25.581055,32.60964,15.904962,18.295877,9.940847,17.70072,9.632096,8.233769,23.025902,15.735394,15.112977,9.791753,26.431974,11.434923,12.880119,4.5655723,21.848461,21.304922,8.754982,9.681044,18.559628
1756,23.062716,24.860512,23.020782,14.0082855,22.436806,25.07917,17.28909,9.896818,28.584608,19.609486,8.857978,21.880978,7.685382,16.76483,26.8904,32.475758,13.373968,17.546614,10.224907,19.014488,9.2867775,7.263894,22.917908,15.009816,14.292708,10.753593,26.574247,13.548769,15.746762,4.4709396,21.253609,22.092886,10.45618,9.8954735,19.883661
1757,32.963924,26.0663,31.973637,30.384815,32.712856,17.121458,20.359724,7.728946,18.189758,3.215993,5.906079,14.781094,6.950667,15.040305,17.193699,28.250292,23.87455,25.377272,16.627205,20.755823,18.01093,17.189114,25.4772,23.640955,11.71972,9.183975,14.426643,6.774248,13.148891,3.7322774,25.65993,23.27286,10.269322,13.96134,20.347847
1758,21.172262,30.340746,22.101307,5.723792,18.117842,8.22436,18.473618,13.6088,14.081844,7.7219553,22.519308,12.595083,12.636624,24.338516,13.428907,23.969984,30.149122,16.713593,18.469286,17.682251,9.259647,6.2973785,28.257324,24.58761,28.696894,18.873362,8.648948,11.955565,10.6835985,23.979029,26.471348,24.16794,14.275219,11.140226,19.294773
1759,23.357637,29.872602,24.836006,10.456308,26.04657,7.1116514,20.017344,11.748813,10.326904,5.471321,17.149778,12.6299095,11.8592,21.91008,11.7926235,22.692942,30.7849,19.507189,20.11478,20.17505,12.689329,11.036414,28.536743,25.663797,23.800163,16.57216,6.8393884,10.056263,13.024926,16.87665,27.10076,25.02528,14.113592,12.213091,20.565023
1760,22.03644,28.83987,22.944782,9.796003,25.761503,11.622835,19.242311,11.025407,16.464766,9.264887,16.191563,13.946749,10.461198,19.430408,16.660755,26.960901,25.999743,16.922293,16.415117,19.344976,11.723428,9.458918,26.947449,20.294195,22.533407,13.2149315,12.621157,9.865935,13.60381,13.812091,25.69288,23.308262,11.460246,9.893166,18.914988
1761,22.253912,29.510727,22.369896,7.4701853,17.774246,11.852416,17.515062,13.023755,18.270428,8.731099,21.207357,13.326578,11.753438,23.280136,15.815933,26.272322,27.886211,16.340975,16.042562,16.79535,8.230697,5.3421583,27.395899,22.790136,28.537527,17.278399,11.939803,12.109308,9.758501,21.758804,25.615877,23.366308,12.682395,10.794015,18.536535
1762,21.116465,29.66205,24.360823,12.753819,33.097507,6.6357303,24.032598,10.735547,8.192186,3.4132876,8.917684,14.615058,8.594737,15.803406,16.074526,27.419815,27.502357,20.004372,22.81141,24.180622,21.38212,17.815968,27.765488,20.529543,14.432592,9.776401,8.956003,8.431103,23.78056,7.628421,27.728699,24.813612,15.5736065,10.734656,21.168304
1763,21.617613,30.339272,22.56087,6.2610464,17.599972,7.560784,18.488031,13.749762,12.997835,7.01326,22.7088,12.375268,12.86111,24.834438,12.47691,22.958105,30.710705,17.38755,18.969769,17.614079,9.358338,6.4111114,28.406507,25.772882,28.758667,19.607311,7.5917854,12.098707,10.211091,24.741432,26.601913,24.431936,14.755548,11.7234745,19.624525
1764,21.395777,30.845984,22.366955,5.4519863,15.628743,6.897257,18.550535,14.457145,12.740138,7.1544557,24.270082,12.40149,13.277593,25.897743,12.281958,22.684679,31.334026,17.329145,19.609074,17.521053,9.050393,5.914021,28.764626,26.375084,29.70175,20.953953,7.179631,12.527216,9.786877,27.133894,26.884426,24.691595,15.5741205,11.857683,19.809252
1765,21.507414,31.116396,22.63438,5.51389,16.815231,6.686379,18.905094,14.39802,12.313995,7.1238127,24.09727,12.442053,13.405627,25.914598,12.123955,22.651348,31.796055,17.574587,19.963015,17.899271,9.426002,6.350459,29.072437,26.690653,29.624897,20.904455,6.9700623,12.4492855,10.2483835,26.793102,27.198168,24.985144,15.676316,11.910835,20.078037
1766,21.646387,30.065056,22.524149,6.6044674,18.718204,8.257001,18.41173,13.331162,13.71335,7.1836233,21.823275,12.45341,12.514283,24.087433,13.020304,23.585077,30.148132,17.146334,18.416475,17.662663,9.447396,6.641412,28.126677,24.918222,28.23448,18.639006,8.325339,11.773808,10.511267,23.230879,26.375708,24.14683,14.14973,11.392187,19.352205
1767,21.744507,30.107933,24.146921,10.112544,30.343754,7.107,21.673323,11.221755,9.994305,5.205579,14.029494,13.301045,10.647466,19.469988,13.789692,25.185396,29.916504,18.985672,21.054197,21.926071,15.812837,13.6601,28.425135,22.99354,20.880106,13.537131,8.111589,9.35909,18.048588,12.886487,27.424545,24.944834,14.463679,10.84095,20.59559
1768,21.944311,30.823738,23.077026,6.6106844,20.293436,7.7707744,19.125845,13.463337,13.045319,7.258834,22.08425,12.58271,12.895094,24.510612,12.803373,23.61918,31.225502,17.657303,19.262247,18.417229,10.036535,7.3041797,28.918617,25.700396,28.483292,19.002024,7.9123306,11.789755,11.157564,23.365406,27.142466,24.853422,14.556514,11.597378,19.961018
1769,21.68105,31.673897,23.036676,5.48348,18.000397,6.052102,19.432718,14.527674,11.447454,6.893878,24.318201,12.392548,13.737048,26.313686,11.632465,22.382048,32.852036,17.967894,20.75431,18.413284,9.8794565,6.906866,29.639214,27.45276,29.887829,21.345324,6.354049,12.398859,10.655063,27.1296,27.757076,25.487871,16.135183,12.018166,20.509056
1770,21.463686,30.550554,22.493774,5.926402,17.818857,7.4296546,18.642483,13.842777,12.945143,7.149873,22.905836,12.418228,12.957637,24.959682,12.533037,23.073324,30.94121,17.304855,19.164742,17.758844,9.432467,6.4694033,28.565014,25.776405,28.936483,19.71504,7.6005816,12.12953,10.448732,24.945885,26.751137,24.540823,14.890529,11.631985,19.694046
1771,22.340338,29.465902,23.254955,8.837746,23.9939,10.387466,18.884676,11.853285,15.285082,7.6234684,17.995928,13.108728,11.438682,21.538054,14.695774,25.562387,28.501348,17.363821,17.298676,18.726206,10.714617,8.560413,27.636854,22.81307,25.54053,15.419794,10.466562,10.676644,12.389015,17.187693,26.099766,23.848375,12.597365,10.666653,19.215647
1772,22.674555,30.189257,24.020782,8.8843975,24.764576,8.029609,19.667646,12.15584,12.188998,6.6191063,18.655626,12.73079,12.091653,22.50544,12.775547,23.731016,30.579584,18.480938,19.307714,19.569567,11.589854,9.617089,28.593864,24.957947,25.500422,16.837778,8.013296,10.58926,12.646171,18.46117,27.021158,24.822737,13.801213,11.570332,20.15537
1773,22.141829,29.829859,22.539513,7.2437954,18.22608,10.583017,17.92288,13.192947,16.680012,8.0890665,21.465927,13.020063,12.077552,23.637596,14.838144,25.435053,28.82634,16.722937,16.943287,17.187073,8.753332,5.865816,27.761238,23.66463,28.576845,17.785383,10.613722,12.019693,10.08065,22.327587,25.99811,23.733345,13.256081,11.056448,18.901472
1774,22.781727,23.133776,23.103891,15.788856,22.631239,27.732065,17.085783,9.308018,29.785618,21.578133,5.383285,23.75607,6.83778,15.89358,28.300919,32.519398,10.0536585,18.491209,9.3312,19.415562,9.512976,7.800952,21.303158,14.539525,10.453138,10.408622,28.98604,14.611337,17.396715,1.1935186,19.583757,21.815939,11.082085,10.028101,20.631647
1775,21.313147,30.871294,22.427937,5.4432225,17.014002,6.8540716,18.756737,14.216766,12.482227,7.137432,23.753714,12.361916,13.252526,25.594585,12.201958,22.717243,31.47457,17.350435,19.659416,17.77092,9.343669,6.3020296,28.828308,26.296846,29.456314,20.521154,7.1318827,12.340122,10.283278,26.285442,26.97181,24.757086,15.415318,11.729599,19.869633
1776,25.348574,28.598202,25.800882,15.005468,28.069155,12.462692,19.5838,10.441082,16.16581,6.840974,13.959036,13.814681,10.066211,18.991707,15.854945,26.789965,26.749672,19.548424,16.816889,19.749802,13.177953,11.368634,27.131056,22.39258,21.15003,12.758898,12.035321,9.301817,13.067057,11.765467,26.161985,23.77236,11.407893,11.422635,19.591263
1777,24.170488,27.91647,25.155254,17.345312,32.319546,15.514214,22.102415,8.954859,18.722052,13.112266,9.301471,17.769814,7.497341,13.871923,22.66408,31.245409,19.63544,19.134573,16.40991,23.29374,17.661184,15.0013485,26.059097,15.67513,10.879389,7.919848,18.663824,7.5270166,18.62625,3.4507742,25.930271,23.378563,10.289178,9.645924,20.131659
1778,27.475082,26.596775,26.644928,19.480734,27.414408,17.87741,18.303102,9.2648535,21.525522,8.748134,11.207696,15.30246,8.333728,16.908089,19.18098,29.053978,22.41433,19.754217,13.634882,18.381872,12.400718,10.6880865,25.168758,20.023737,18.11571,10.557278,17.18186,9.035821,11.544221,8.208598,24.485172,22.268114,9.369371,11.235826,18.623175
1779,21.587454,31.082031,22.605297,5.5663776,15.873686,6.749759,18.754263,14.5553055,12.517588,7.0910616,24.39829,12.468069,13.408532,26.108967,12.18395,22.645784,31.692234,17.5695,19.916986,17.712837,9.2363615,6.096184,29.011581,26.749302,29.796194,21.181578,7.013496,12.583069,9.907371,27.338106,27.125269,24.929213,15.78673,12.005909,20.029306
1780,21.76657,29.861198,22.356228,6.787899,17.72791,9.312894,18.055285,13.335329,15.206503,7.7445173,21.903898,12.7358265,12.267398,23.87638,13.974504,24.433115,29.252438,16.816872,17.621305,17.321484,8.986001,6.061951,27.843391,24.140112,28.300886,18.302261,9.450099,11.900959,10.125126,23.094948,26.085209,23.837444,13.682927,11.229994,19.037405
1781,26.537123,26.739004,26.753948,19.719511,28.43406,11.521088,20.072844,8.780882,14.07634,7.7320604,11.074304,14.390435,8.437996,15.383826,16.310633,25.638338,22.812254,20.919155,16.666168,21.300991,15.663966,14.152008,25.91062,20.248701,13.154431,10.245165,11.918255,6.8198414,12.933272,6.568897,25.501707,23.119778,9.750478,12.107209,19.651217
1782,18.365088,32.326477,22.274801,4.2201285,32.00175,4.082312,23.48754,12.7815075,7.1100206,4.896741,16.426764,13.046471,11.880951,21.045654,13.096571,25.093275,33.028366,17.72068,23.457756,22.441479,17.056377,13.306118,30.114328,23.898325,24.12777,14.534968,6.492409,10.736185,21.571693,16.75803,29.168573,26.136614,16.670439,9.924835,21.33864
1783,21.485533,30.046047,22.209293,6.238305,17.247742,8.544474,18.122927,13.6038065,14.408753,7.4019833,22.475668,12.480483,12.531066,24.368046,13.347511,23.842936,29.865389,16.818707,18.110231,17.266388,8.961105,5.9826555,27.990572,24.68813,28.799982,18.943308,8.684688,12.028812,10.028891,24.17585,26.21317,23.959255,14.174636,11.29822,19.134466
1784,21.391768,30.6118,22.298794,5.6056457,15.678016,7.2374387,18.405272,14.300289,13.061472,7.1856756,23.884615,12.4457855,13.102183,25.585064,12.498066,22.859692,30.92379,17.237497,19.278265,17.411156,8.996781,5.8600254,28.54869,26.045721,29.455519,20.556936,7.471538,12.486298,9.819631,26.556833,26.684685,24.516672,15.308788,11.813185,19.669672
1785,25.94343,27.568651,25.288998,15.463646,26.3024,18.390314,18.060766,10.384552,22.952284,10.783048,13.89285,15.543237,9.528889,18.593374,19.80328,29.54509,22.812344,18.306295,12.7464905,17.372772,10.626962,7.989172,25.801138,20.40528,22.27332,11.757064,18.023424,10.811571,10.901159,11.210546,24.853662,22.64424,9.575127,10.759137,18.666939
1786,33.577644,25.996822,32.438435,31.23739,32.914894,17.784868,20.330038,7.6882625,18.722506,3.3153572,5.7138515,14.954741,6.9298553,15.061734,17.3809,28.352188,23.643854,25.77254,16.332895,20.570883,17.98592,17.099274,25.452656,23.990149,11.671325,9.182271,14.898205,6.9357805,12.727213,3.604547,25.693512,23.332148,10.107165,14.230987,20.480413
1787,32.43755,25.702698,31.324593,29.284384,31.265245,16.387318,19.667072,7.753326,17.605873,3.1705947,6.8119025,14.235872,7.1495028,15.214041,16.3481,27.141136,23.815685,24.775043,16.09536,20.023087,16.919655,16.084661,25.217999,23.573309,12.426041,9.45412,13.627909,6.733588,11.868532,4.5538692,25.296097,22.910658,9.776946,13.947321,19.878906
1788,21.60289,30.57181,22.702112,6.181041,18.35073,7.18842,18.799625,13.7497835,12.47011,7.0086236,22.647955,12.42215,12.973654,24.881464,12.30354,22.838385,31.097713,17.55537,19.395641,17.979477,9.694673,6.805981,28.66108,26.003244,28.603624,19.679556,7.3148103,12.02398,10.622261,24.597126,26.85801,24.675478,14.9486475,11.770237,19.855844
1789,19.42147,30.869556,23.05656,8.307318,33.097942,5.777797,23.780603,11.49641,8.187474,4.8688064,12.220603,14.095682,9.976811,17.946949,15.246588,26.775244,29.62154,18.561703,22.854502,23.593693,19.216936,15.720617,28.799524,21.342678,18.654844,11.582161,8.4300585,9.419424,23.19867,11.150332,28.287544,25.367363,15.799142,9.972595,21.153124
1790,18.71919,31.11927,21.965656,4.515626,28.631275,3.932807,21.794409,12.53779,7.1816435,5.146091,17.759302,12.167488,12.127036,21.72795,11.576584,22.930275,32.50141,17.385927,22.293795,20.909542,14.727219,11.681887,29.144396,24.4442,24.660103,15.917252,5.588804,10.467001,18.002655,18.50474,27.948792,25.250786,15.956721,10.156781,20.53908
1791,21.617245,31.317244,22.825457,5.550793,17.161232,6.3817205,19.08914,14.483923,11.87968,6.9201355,24.190975,12.397087,13.552526,26.13769,11.825117,22.433332,32.269188,17.78133,20.326284,18.051828,9.602504,6.566518,29.277779,27.11675,29.766634,21.190712,6.6288724,12.457109,10.329565,27.053984,27.40312,25.181692,15.9534025,11.998955,20.260275
1792,21.055437,30.754494,22.14758,5.3032246,18.339252,7.750176,18.772676,13.842033,13.619945,7.6986494,22.981558,12.572053,12.910426,24.762285,13.192584,23.85025,30.798851,16.805017,18.994532,17.928596,9.428554,6.4292583,28.624767,25.034828,29.125162,19.330063,8.2699795,12.073921,10.936619,24.6586,26.816021,24.476267,14.681951,11.18391,19.544191
1793,24.238874,28.763708,26.566061,17.774605,33.17368,8.65379,23.553154,9.951937,9.732465,3.048968,7.4469247,14.893896,8.025887,15.290205,16.329865,27.532082,26.465439,21.891914,22.002325,24.03125,21.555439,18.63225,27.294579,21.477709,12.517595,9.500275,9.773743,7.881488,21.954426,5.8491106,27.371605,24.684769,14.7248,11.968284,21.356642
1794,21.781399,31.43515,23.437534,6.217412,21.754982,5.7270627,19.905655,13.652402,10.309665,6.3919744,22.302816,12.222031,13.454861,25.152706,11.15217,22.127193,33.05301,18.295431,20.984694,19.182842,10.886191,8.3789,29.61457,27.223776,28.472095,20.011827,5.912126,11.606177,11.82246,24.130878,27.836739,25.555231,15.672939,11.87089,20.64436
1795,21.630373,31.697823,22.82563,5.2481527,16.22137,6.1975408,19.17811,14.890335,11.979813,7.001562,25.041182,12.457276,13.779108,26.73074,11.874655,22.53383,32.66487,17.787806,20.645548,18.0737,9.459493,6.3323593,29.552181,27.411884,30.400534,21.878523,6.5641,12.692834,10.126333,28.305714,27.637814,25.37379,16.366528,12.059701,20.383505
1796,21.93271,30.874195,22.820286,6.189433,17.562542,7.9016304,18.650536,14.070496,13.6516,7.128105,23.36866,12.483149,13.10871,25.409473,12.779936,23.52019,31.269892,17.478275,19.096273,17.658783,9.244865,6.214426,28.831707,26.12483,29.761196,20.043856,7.905048,12.388365,10.1041355,25.59631,26.991188,24.72888,14.985314,11.773972,19.79948
1797,21.852716,30.247086,22.684538,6.673271,18.113346,8.202349,18.448942,13.551745,13.710207,7.1908617,22.272242,12.5156975,12.666963,24.464897,12.978516,23.524664,30.334898,17.35383,18.571062,17.64558,9.382913,6.4779663,28.316078,25.340704,28.548439,19.068089,8.200475,11.988849,10.298077,23.916492,26.535553,24.332071,14.365069,11.636922,19.522835
1798,23.881723,28.91105,24.000969,11.059541,22.969973,13.466449,18.214128,11.619268,18.709389,8.62667,17.397886,13.970988,10.861469,21.063843,16.647562,27.195473,26.615591,17.657015,15.507019,17.935143,9.979058,7.6898413,27.103691,22.069067,25.207256,14.6639185,13.233484,11.01137,11.125057,16.18899,25.624126,23.446997,11.515265,10.913334,18.942068
1799,18.60545,23.06443,20.105171,9.446394,14.069122,28.23976,16.773504,11.484722,30.731953,25.071114,6.0461884,26.397385,8.051633,17.968666,30.431557,33.12029,6.2645392,17.831203,8.3443365,20.075071,7.089074,4.488954,21.025082,14.649478,12.021986,12.132712,29.616236,19.163885,20.570057,2.3162804,18.31688,23.079088,13.3953085,11.206869,22.562681
1800,21.376205,31.260653,22.73881,5.417391,18.803534,6.420818,19.26539,14.109781,11.767923,7.0707893,23.516294,12.355024,13.435746,25.604424,11.904457,22.619963,32.20885,17.623713,20.219995,18.339706,9.87984,6.9733725,29.266075,26.679674,29.362722,20.463068,6.7501225,12.169441,10.948048,25.797338,27.41637,25.153276,15.569259,11.729645,20.212782
1801,20.979383,26.648954,21.180992,8.628472,17.870983,17.837576,16.93676,11.45009,23.099901,14.759859,14.980192,17.708845,9.483453,19.717173,21.62436,29.198935,19.529491,15.908649,12.964073,17.780376,8.151399,5.729445,24.630583,17.719538,20.978569,13.8610525,19.069563,12.984713,13.434032,13.006848,22.684425,22.317568,11.631526,10.025394,18.83938
1802,30.06453,27.621696,30.172426,24.665884,31.416683,11.521784,22.072716,8.873563,12.589941,7.354696,9.728566,15.505587,8.758681,15.194754,16.466652,25.51853,22.864813,24.56901,17.781923,22.897614,18.809021,16.295813,27.466063,23.563782,11.288137,10.059758,11.369865,7.406492,12.773905,4.820465,27.617647,25.113321,10.065069,14.999083,21.96718
1803,21.54451,31.447004,23.02137,5.6093435,19.293272,5.8814063,19.50396,14.152398,10.970862,6.7291756,23.55364,12.239378,13.596944,25.802357,11.370568,22.147068,32.790977,17.952927,20.719315,18.57274,10.146442,7.3502865,29.490337,27.238684,29.309217,20.79387,6.153741,12.058985,11.002265,26.01152,27.650866,25.383217,15.888178,11.861861,20.445627
1804,21.4556,30.866524,22.469414,5.5590863,16.334194,6.9605923,18.635967,14.335415,12.697068,7.1103563,24.006525,12.380762,13.264209,25.76706,12.255175,22.738062,31.42471,17.386473,19.597795,17.624962,9.173623,6.092288,28.809046,26.379543,29.637873,20.744202,7.1933017,12.445068,9.9627075,26.706114,26.939983,24.734255,15.4746,11.824694,19.844618
1805,22.484365,30.830505,24.1138,8.024936,23.998838,6.2337775,20.05324,12.802681,10.144917,6.0050173,20.017822,12.411209,12.824737,23.764252,11.344906,22.307682,32.216324,18.893177,20.704119,19.71627,11.758319,9.633746,29.249506,26.672857,26.44618,18.517794,6.2174354,10.93294,12.445143,20.867285,27.61618,25.42557,15.006379,12.061874,20.700743
1806,21.308836,31.120483,22.810043,5.5991354,20.268589,6.238917,19.421984,13.756246,11.258715,6.8341208,22.692122,12.2501335,13.309469,25.117123,11.665889,22.46306,32.279102,17.67521,20.307903,18.599735,10.263025,7.542655,29.195942,26.52807,28.793966,19.921854,6.5448413,11.8391905,11.42447,24.622011,27.392914,25.121904,15.400616,11.604704,20.213158
1807,22.993704,26.97709,22.253857,10.2329445,18.281467,18.217962,15.967291,11.463421,24.24243,11.93483,16.737913,15.599915,9.770966,20.510117,20.044392,29.049593,22.120077,15.834498,12.062147,15.657319,6.9731193,4.488762,24.957039,19.11777,25.00856,14.108553,18.233915,12.5323,9.868517,15.624376,23.194885,21.771809,10.431649,10.029955,17.62999
1808,32.658283,25.748375,31.327154,29.454615,31.647062,18.332104,19.489885,7.66801,19.922026,4.4935327,6.7608237,14.939749,6.9211845,15.18791,17.819208,28.473242,23.119242,24.411963,15.346664,19.782051,16.31894,15.640695,25.076744,22.68199,12.533646,9.196126,15.874595,6.9334517,11.942974,4.266355,25.101044,22.741049,9.386096,13.406621,19.708918
1809,21.380548,30.352276,22.18515,5.7591677,15.717557,7.643902,18.189116,14.12484,13.534967,7.1897435,23.5547,12.39488,12.910035,25.260332,12.716572,23.088037,30.516531,17.043514,18.832262,17.21031,8.84213,5.730165,28.28167,25.60909,29.35546,20.142786,7.8158765,12.387551,9.679571,26.047106,26.44032,24.254927,14.966837,11.657769,19.42022
1810,21.562029,30.242819,22.615099,6.4304085,18.973076,7.6476884,18.661463,13.428056,12.87203,7.0330796,21.907427,12.429441,12.692228,24.300566,12.583536,23.129454,30.579323,17.382473,18.942312,17.918602,9.724962,6.922484,28.345312,25.412006,28.15067,18.969404,7.7378297,11.813524,10.786145,23.480717,26.58345,24.400957,14.520745,11.558613,19.623472
1811,21.523733,30.791418,22.69009,5.9050817,18.48962,7.049712,18.916819,13.859209,12.399178,7.0786724,22.948982,12.405218,13.113103,25.109371,12.252859,22.860947,31.41711,17.530039,19.575039,18.056793,9.692905,6.789492,28.847557,26.158226,28.930893,19.888014,7.237116,12.095667,10.701976,24.97332,27.024517,24.809572,15.083888,11.729629,19.93891
1812,21.620394,30.330349,23.203444,7.375352,24.501228,7.51969,19.691545,12.360155,11.937908,6.91842,19.27532,12.569017,12.230269,22.689194,12.720503,23.680649,30.80508,17.74854,19.497728,19.466112,11.431463,9.31331,28.558556,24.56381,26.025206,17.063242,7.895838,10.700907,13.063576,19.313568,26.957619,24.674053,14.064936,11.012837,19.934679
1813,21.768171,30.574055,22.684858,6.2478538,17.255129,7.596872,18.580153,13.944756,13.151034,7.142665,23.102497,12.49855,12.983705,25.12929,12.609119,23.106443,30.879406,17.499617,19.111864,17.678593,9.340108,6.318391,28.614677,25.995129,29.03284,19.910822,7.65919,12.258894,10.156475,25.249346,26.786865,24.607054,14.923824,11.852734,19.769062
1814,21.524511,31.151804,22.622486,5.4784694,16.596348,6.6911526,18.860693,14.462261,12.398752,7.091981,24.266037,12.39658,13.43715,26.031301,12.1044855,22.662859,31.868935,17.542822,19.955576,17.830257,9.331086,6.2514753,29.083632,26.726896,29.829523,21.041166,6.962218,12.482744,10.089394,27.065004,27.202858,24.972038,15.721569,11.894803,20.045666
1815,22.178194,31.079082,23.306673,6.637043,18.394794,6.7183976,19.184158,14.005332,11.893527,6.794726,23.12966,12.5122175,13.268062,25.44063,11.985857,22.607351,31.891426,18.177011,20.126108,18.38662,10.021132,7.169489,29.221691,26.909288,28.785746,20.37758,6.7877336,12.102836,10.559334,25.312088,27.397757,25.202791,15.446001,12.216498,20.340832
1816,23.929344,29.737751,25.26426,11.383337,26.021315,7.5406966,19.987627,11.622614,10.640883,5.308468,16.58706,12.857324,11.648633,21.66653,12.060503,22.94019,30.463276,19.885056,20.036589,20.306513,12.868998,11.327114,28.465748,25.62285,23.24936,16.338186,7.123443,9.992183,13.005281,16.155294,27.051498,25.047026,14.028617,12.47867,20.654093
1817,21.383377,30.98301,22.512154,5.497596,17.77864,7.1419754,18.876263,14.115702,12.805574,7.2698307,23.533247,12.444992,13.2156515,25.43111,12.480748,23.125969,31.499619,17.317848,19.566349,17.931824,9.461909,6.445404,28.926414,26.100348,29.486292,20.199457,7.4462976,12.284063,10.559553,25.772785,27.079006,24.812271,15.231961,11.634958,19.88511
1818,28.215624,26.510777,27.4437,19.600813,22.940071,13.095085,17.710375,9.850231,15.9470005,4.9159346,12.867292,13.616884,9.18966,18.725094,14.530668,24.401518,25.0335,21.50596,15.866545,18.31633,11.9756155,10.810268,25.845587,23.713053,18.835966,13.328264,11.143373,9.121932,9.287472,11.380061,24.846004,23.100817,10.743593,13.744293,19.384274
1819,17.964043,22.436945,19.446905,8.684363,11.615742,28.447275,15.961985,11.751547,31.00842,24.009228,5.8216953,26.073635,8.021534,18.293446,30.05541,32.760616,5.8493333,17.535154,7.631817,19.041035,6.096592,3.3576999,20.406342,14.886439,13.155795,12.243409,29.271437,20.037678,20.22964,2.972176,17.581425,22.68886,13.595056,11.380261,22.232866
1820,21.156748,31.244102,22.596617,5.1606426,18.730518,6.08959,19.277105,14.145298,11.390251,7.0071397,23.624872,12.24015,13.492053,25.667654,11.646033,22.329218,32.324688,17.550983,20.358849,18.319052,9.876136,6.9814024,29.234732,26.751562,29.365786,20.614302,6.4657106,12.129324,10.955341,26.047812,27.385206,25.125257,15.70415,11.65514,20.194798
1821,26.212954,28.86813,27.499239,18.080515,30.946033,9.246422,21.75167,10.164745,10.953321,3.2430727,10.429254,13.916283,9.303275,17.525494,14.436738,25.86719,28.1511,21.99653,20.65111,22.435833,17.961971,16.107634,27.644814,23.623146,16.555819,12.022889,8.920962,8.13231,16.815907,8.811788,27.181976,24.684708,13.679524,12.767033,20.950432
1822,21.876284,30.667643,22.85318,6.3876915,17.596136,7.353894,18.727465,13.931422,12.768614,6.9975634,23.024897,12.487585,13.040144,25.17648,12.403795,22.930792,31.129772,17.696093,19.376593,17.860378,9.5349045,6.570463,28.747917,26.244017,28.917795,19.997192,7.392634,12.209322,10.277164,25.178616,26.923635,24.751984,15.052823,11.963722,19.91678
1823,21.597212,31.250082,22.620735,5.4336367,15.537472,6.58485,18.797045,14.728582,12.448912,7.060265,24.772236,12.443247,13.52756,26.394293,12.098852,22.598562,31.949968,17.588968,20.104036,17.717686,9.188717,6.0247626,29.137875,26.946642,30.101574,21.534395,6.881251,12.663862,9.779729,27.925617,27.236343,25.016916,16.004236,12.030935,20.085247
1824,22.475264,30.514551,23.280083,7.3591433,17.943542,7.8951654,18.694841,13.69078,13.224039,7.0104055,22.505253,12.641804,12.832731,24.821213,12.7191925,23.236961,30.744287,18.012207,19.086096,17.957378,9.666371,6.7916107,28.690674,26.114769,28.388653,19.57583,7.767175,12.049593,10.146547,24.293833,26.895557,24.743637,14.688693,12.153006,19.947744
1825,22.39501,29.150654,22.923622,8.641597,21.48606,11.15917,18.176317,12.162527,16.505522,8.005654,18.885378,13.155471,11.447991,21.951761,15.072921,25.662115,27.811775,17.009758,16.44657,17.756557,9.685401,7.205678,27.25978,22.730799,26.387064,15.897635,11.080696,11.168581,11.082387,18.551437,25.664745,23.464083,12.402005,10.759367,18.84242
1826,21.329096,30.407198,22.232666,5.706703,16.202438,7.4163747,18.32776,14.08078,13.160237,7.1406326,23.431755,12.375458,12.959295,25.238874,12.534882,22.921568,30.695908,17.12876,19.02519,17.363415,9.019124,5.9414806,28.363949,25.752153,29.224867,20.134233,7.599177,12.33313,9.906177,25.886093,26.526028,24.351606,15.043573,11.671898,19.524233
1827,21.497374,30.533865,22.356876,5.865555,16.580297,7.7567916,18.418425,14.043858,13.606604,7.344742,23.379782,12.513882,12.924933,25.140095,12.904484,23.3711,30.640818,17.131748,18.909266,17.493683,9.083278,6.0006437,28.472744,25.56455,29.243464,19.914648,7.984226,12.303998,10.0335045,25.581219,26.64035,24.412764,14.872747,11.631142,19.54735
1828,23.595217,29.779747,24.20728,9.740204,19.541641,8.399073,18.6331,12.86886,13.005403,6.217163,20.373735,12.651859,12.202302,23.617296,12.57588,23.068052,30.000011,18.86047,18.752676,18.20401,10.34858,7.89053,28.248617,25.965647,26.522497,18.384436,7.82361,11.384712,10.0800495,21.497606,26.615002,24.559093,14.042223,12.59576,19.966803
1829,21.579323,30.144358,22.40359,6.545922,19.991106,9.40118,18.469482,13.079397,15.207329,7.870011,21.303656,12.769641,12.279183,23.546509,14.147603,24.910807,29.654919,16.684202,17.768105,17.810204,9.397794,6.6674128,28.08119,23.826199,28.28832,17.723055,9.701237,11.660937,11.000254,21.982647,26.350302,23.993464,13.5289545,10.828629,19.118
1830,24.680002,29.711142,25.55491,12.003496,23.5961,8.205447,19.518915,11.982084,11.688454,5.5082455,17.584948,13.02518,11.725078,22.268318,12.399062,23.0892,30.088501,20.139137,19.563597,19.7466,12.130753,10.370218,28.472845,26.022936,23.902308,17.04113,7.5171432,10.432576,11.666856,17.533394,26.993988,25.041414,13.92576,13.026031,20.636042
1831,21.487982,31.069094,22.582119,5.494108,16.571484,6.6961074,18.820646,14.42105,12.373383,7.077118,24.16868,12.387995,13.395337,25.949562,12.093893,22.618792,31.767189,17.518839,19.903902,17.797497,9.326025,6.2511272,29.010817,26.662437,29.71816,20.96703,6.962788,12.457346,10.09183,26.94635,27.135637,24.917635,15.679858,11.883522,20.008833
1832,20.489428,31.421967,23.012241,6.0265217,27.916965,5.9759326,21.295431,12.541239,9.938532,6.3431435,18.669235,12.6579275,12.323176,22.414497,12.625012,24.083607,32.275677,17.789017,21.28916,20.815363,13.461591,10.9276705,29.484884,24.610159,25.669218,16.46571,7.171483,10.604218,16.148254,18.730412,28.080322,25.456419,15.095543,10.570282,20.595789
1833,22.689177,28.48853,22.78468,9.439,21.450619,13.629681,17.655525,11.736193,19.21927,9.408809,17.886055,13.949177,10.800124,21.01677,16.956469,27.131552,25.784523,16.536625,14.846523,17.219082,9.1234455,6.5889826,26.513664,21.154741,25.631416,14.721851,13.709841,11.270854,10.839293,16.850342,24.96461,22.838255,11.372297,10.316867,18.356405
1834,19.17061,31.387018,22.108812,4.194518,27.036434,3.9743304,21.31877,12.958061,7.6243134,5.514989,19.592628,11.889567,12.792388,23.051085,10.967361,22.311659,33.25919,17.37229,22.08335,20.276615,13.46226,10.537404,29.400959,25.51692,26.411173,17.434399,5.244107,10.803265,16.172398,20.884491,28.01248,25.35634,16.020403,10.410271,20.51877
1835,21.876009,30.942112,22.833,6.0773454,16.776312,7.2580714,18.736563,14.272982,12.885376,7.0590887,23.777542,12.504761,13.254958,25.72545,12.386757,22.936403,31.461617,17.68954,19.565485,17.745499,9.332296,6.249593,28.943638,26.58579,29.570812,20.602388,7.334864,12.476931,10.021408,26.326214,27.081802,24.88995,15.382765,12.030247,20.002815
1836,22.506395,31.346478,23.61977,6.875735,18.47669,6.7392135,19.350946,14.13727,11.91106,6.7427654,23.310759,12.623615,13.389258,25.700733,12.014389,22.720667,32.22217,18.452986,20.367308,18.553066,10.143409,7.282879,29.494516,27.280888,28.994497,20.63026,6.757938,12.209517,10.577383,25.566616,27.657246,25.455105,15.636558,12.416874,20.562454
1837,24.786777,24.467804,23.68076,15.566902,23.396961,27.503437,15.82077,9.332613,31.639807,18.657005,9.407359,20.988548,7.245922,16.769714,26.966738,33.15612,14.316997,16.810278,8.483181,16.69686,7.551391,5.835698,22.492176,14.545915,16.618866,10.250806,28.455511,13.068474,12.743253,5.268476,20.932629,20.987312,8.719537,9.107331,18.278086
1838,31.743212,25.779177,30.446688,26.856596,28.751358,15.87417,18.688246,8.167182,17.641443,3.5146008,8.752611,13.919308,7.7297654,16.371412,15.625143,26.19702,24.414593,23.831991,15.631014,19.121067,14.820428,14.15156,25.34129,23.708933,14.635649,10.621425,13.048313,7.272759,10.290386,6.583018,25.02963,22.80352,9.591509,13.993651,19.49293
1839,21.30007,30.505941,22.27404,5.7038145,17.325642,7.604942,18.529566,13.900053,13.326271,7.368464,23.079165,12.473317,12.900047,24.92654,12.813658,23.303885,30.678907,17.061895,18.972672,17.639145,9.259371,6.230761,28.461267,25.446215,29.01508,19.667574,7.891647,12.16817,10.376418,25.100206,26.64329,24.408136,14.805698,11.503988,19.549417
1840,25.432194,28.809933,26.856293,18.597929,32.46951,11.287748,23.011356,9.504046,13.627751,8.324628,9.752349,16.132517,8.370164,14.857697,18.84779,28.765701,23.426376,21.335825,19.03256,24.12996,19.418068,16.741413,27.452354,19.481737,11.91889,9.079254,13.23815,7.3461857,18.61648,4.9671946,27.393051,24.64648,11.607501,11.673002,21.207531
1841,22.044775,30.655003,23.223175,6.8988028,19.133911,6.662782,19.107683,13.621948,11.539337,6.5840836,22.207663,12.425187,13.002482,24.810806,11.830381,22.37768,31.495903,18.13793,19.969973,18.432148,10.239551,7.5427103,28.87928,26.53348,27.962624,19.766588,6.693891,11.78932,10.8187065,24.097229,27.105965,24.961752,15.18083,12.104862,20.191145
1842,21.170595,31.226713,22.649101,5.259078,19.394682,6.1576037,19.37251,13.983539,11.375157,7.064308,23.280127,12.297901,13.416989,25.416168,11.748451,22.45735,32.263515,17.564371,20.342619,18.49053,10.056076,7.213052,29.253298,26.57792,29.08069,20.286325,6.570709,12.012955,11.230955,25.417934,27.418694,25.146606,15.540259,11.616596,20.215275
1843,22.691147,28.883026,22.249144,8.035245,15.637994,14.157812,16.562649,13.016669,21.005491,9.452411,20.870382,13.9538555,11.284828,23.18375,17.29136,27.432064,26.313614,16.046556,14.542125,15.830871,6.989581,4.0651474,26.74711,21.965113,28.959805,17.010368,14.016764,12.828842,8.867321,21.475803,24.844978,22.865946,12.146118,10.831729,18.103666
1844,23.182516,30.886335,23.942326,8.063703,19.483913,8.407469,18.96765,13.6013365,13.688962,6.7961197,22.249306,12.656551,12.926377,24.907906,12.854792,23.765326,31.327492,18.411922,19.092516,18.162407,9.909869,7.123394,29.085478,26.524809,28.905603,19.387907,8.04007,12.049301,10.215374,23.8365,27.320581,25.062395,14.562207,12.286819,20.172909
1845,20.996984,30.094162,23.704327,9.623288,31.015009,6.712132,22.058207,11.18922,9.466388,4.865904,13.389535,13.308026,10.3621,18.899223,14.013966,25.477852,29.75729,18.715204,21.385607,22.15668,16.626394,14.151203,28.309576,22.386618,20.25672,12.858907,8.09541,9.269255,19.2943,12.332787,27.45781,24.835575,14.690524,10.472681,20.525974
1846,21.807974,30.177631,24.497078,11.223627,31.917051,6.8454585,22.596289,11.076821,9.258761,4.2318377,12.39079,13.561247,10.065983,18.361526,14.320982,25.96945,29.679995,19.49079,21.819017,22.718428,17.841753,15.212876,28.428574,22.524767,19.137571,12.328626,8.159106,9.011564,19.92154,11.251409,27.775702,25.036154,14.857127,10.864532,20.84625
1847,25.20394,27.62788,24.724361,14.013667,23.83662,16.29946,17.70361,10.777428,21.02277,9.444445,15.096072,14.74343,9.881261,19.451874,18.174139,28.091219,23.991049,18.144434,13.609181,17.229061,10.046307,7.626457,25.978445,21.128504,23.106104,12.886542,15.769293,10.849087,10.517462,13.170257,24.782818,22.718727,10.193714,11.067926,18.599619
1848,31.910036,26.33218,31.168428,28.591356,32.177845,15.860458,20.410448,7.924904,17.189661,3.4482985,6.728679,14.559643,7.1919622,15.163283,16.850399,27.885576,24.234697,24.680132,17.012522,21.05093,17.827442,16.986578,25.702824,23.186642,12.083106,9.367578,13.598159,6.654926,13.488358,4.231191,25.760021,23.325459,10.389167,13.648371,20.229671
1849,21.48389,30.68714,22.709044,6.324381,22.129173,8.509148,19.215614,12.989129,13.954707,7.814607,21.088675,12.773576,12.53053,23.579056,13.685249,24.644583,30.626179,17.026155,18.72532,18.68634,10.200822,7.662314,28.68121,24.291609,27.955915,17.733482,9.011261,11.401839,12.039251,21.468575,26.958992,24.550306,13.870035,10.8408165,19.619162
1850,19.209253,31.065071,22.257757,5.30679,28.919374,4.8941846,21.773737,12.305458,8.345553,5.725259,17.304195,12.588087,11.808476,21.287523,12.510483,23.831278,31.796667,17.457357,21.874126,21.192768,14.745981,11.870449,29.09592,23.730375,24.034178,15.3565035,6.656136,10.293581,18.038694,17.380926,27.908573,25.204815,15.437699,10.145327,20.497866
1851,21.470057,30.308125,22.318354,6.1001124,17.703888,8.1806965,18.408194,13.6560135,13.969492,7.5136757,22.64094,12.545242,12.666551,24.490078,13.237037,23.747766,30.22231,16.956005,18.50838,17.58993,9.217286,6.2486486,28.275658,24.91878,28.714708,19.093004,8.445339,11.993074,10.3421545,24.267036,26.486734,24.21266,14.344249,11.370495,19.358587
1852,21.11173,31.46199,22.580608,4.974125,17.554419,5.611453,19.351091,14.510413,10.976893,6.917836,24.338327,12.285426,13.675437,26.156048,11.430344,22.001947,32.63375,17.65756,20.81582,18.333656,9.825159,6.8613057,29.394188,27.143492,29.540682,21.314861,6.119222,12.283999,10.787331,27.258028,27.52541,25.27653,16.18845,11.787682,20.342623
1853,24.117834,29.06254,25.238503,13.717138,29.61871,11.06922,20.490404,10.5557575,14.491817,6.1625886,13.397847,13.733082,9.988515,18.621367,15.646789,26.865461,27.491009,19.27,18.056072,20.551044,14.545257,12.425878,27.445444,22.045885,20.654158,12.300946,11.236584,9.1497345,15.247213,11.3928175,26.606646,24.015556,12.212615,10.949472,19.795877
1854,21.096033,29.793076,24.791721,14.32745,34.93123,7.27529,25.557142,10.607309,8.279986,3.4234452,6.4014564,15.891052,7.6714563,14.254814,18.109917,29.327633,26.04023,20.85062,23.632977,25.687527,24.294317,20.000055,27.785475,19.465607,11.186429,7.9771743,10.352137,8.36607,27.13037,4.8982534,28.187546,25.19248,16.227978,10.812681,21.938992
1855,21.372671,31.390594,22.610567,5.1701775,16.881054,6.295833,19.083973,14.569229,11.966645,7.1212177,24.49571,12.382782,13.5942545,26.224716,11.915329,22.514072,32.25923,17.573309,20.328012,18.042828,9.483524,6.416837,29.297062,26.944221,29.935434,21.285028,6.684789,12.480488,10.336205,27.382109,27.405533,25.153114,15.971614,11.861967,20.198322
1856,20.68521,30.78131,22.48058,5.8582735,24.219297,7.1955323,19.963827,12.723494,12.06795,7.4469743,20.09958,12.6769285,12.379314,22.90184,13.191507,24.187239,31.003777,17.06181,19.753054,19.544153,11.479363,8.9903755,28.79924,24.078018,26.638838,17.158804,8.16367,10.927124,13.759377,20.253403,27.204174,24.73152,14.306788,10.557582,19.862583
1857,22.787138,29.030094,22.515327,8.348872,17.335999,13.84623,16.988094,12.761406,20.435654,9.414187,20.41057,13.896263,11.287008,22.837858,17.11408,27.38225,26.578064,16.256477,14.85394,16.344843,7.6153655,4.8116035,26.923637,21.979815,28.326849,16.617441,13.767333,12.393352,9.404361,20.615372,25.097849,23.026701,12.033,10.732576,18.275232
1858,22.990255,29.585175,23.496578,9.171234,21.460459,10.871075,18.462234,12.336372,16.225128,7.813529,19.354113,13.214381,11.639252,22.377745,14.922338,25.637468,28.431812,17.560682,16.994528,18.129406,9.956418,7.526539,27.757061,23.376303,26.484348,16.358046,10.729155,11.182565,11.023258,19.092348,26.14086,23.910381,12.651646,11.180249,19.226383
1859,20.978888,30.782677,22.70403,6.0346193,23.83966,7.0781417,19.810188,12.80804,11.857222,7.2298784,20.376854,12.544113,12.580157,23.316647,12.718464,23.719831,31.345741,17.30202,19.823887,19.381943,11.191758,8.818837,28.85648,24.698984,27.04421,17.681013,7.7652526,11.046169,13.197511,20.795403,27.202122,24.819717,14.4542675,10.819595,19.957699
1860,31.78516,26.644693,31.253153,28.11986,32.28761,14.914757,20.68598,8.1957,15.934788,2.7135384,6.7650523,14.424816,7.49376,15.574047,16.132666,27.36921,25.09678,24.956572,17.790833,21.31845,18.231806,17.263521,26.047783,24.024282,12.572012,9.842757,12.47304,6.9216003,13.9069805,4.6159177,26.068851,23.692242,11.06671,14.036557,20.571932
1861,19.501661,22.924433,20.637035,10.582567,15.237181,28.356096,16.487022,11.119726,30.817093,23.878962,5.99371,25.671124,7.8493414,17.678495,29.820915,32.889515,7.110766,17.841143,8.162018,19.360962,7.1275625,4.621149,20.94313,14.80799,12.452266,11.75986,29.459898,18.497862,19.453379,2.4304767,18.424566,22.65537,12.804537,11.041247,21.963223
1862,30.158731,28.030716,30.573275,24.569136,31.83669,10.616753,22.471869,9.242948,11.148384,5.588135,9.212324,15.269759,9.036012,15.819368,15.48102,25.1201,24.398106,25.225893,19.039309,23.19947,19.574047,17.025196,27.875832,24.9905,12.043743,10.679415,9.942186,7.890727,13.819265,5.2993555,27.990793,25.603462,11.324463,15.546121,22.460905
1863,30.734447,25.346615,29.101553,25.668665,29.752708,23.540083,18.03102,8.014179,26.316284,10.3890705,7.621346,17.426554,6.752938,15.6384735,22.204494,31.321167,19.704426,21.621122,12.156235,18.317448,12.761681,11.927542,24.058937,19.282867,14.151474,9.2425165,22.350243,8.915581,11.724213,4.3574176,23.58273,21.891485,8.552312,11.4290085,18.902287
1864,21.676603,30.396824,22.68676,6.5496416,20.040024,8.300475,18.764383,13.2485695,13.760665,7.37206,21.670662,12.552616,12.578544,24.010418,13.210371,23.970503,30.501785,17.17505,18.621359,18.085846,9.747237,7.049423,28.430687,24.823772,28.257631,18.416536,8.51032,11.644611,11.029263,22.737198,26.68653,24.372183,14.106692,11.228027,19.50761
1865,22.460379,29.189842,22.364414,7.875681,17.2682,12.742826,17.189758,12.88559,19.258507,9.116319,20.893204,13.58037,11.497706,23.031134,16.414034,26.694386,27.117151,16.258509,15.424176,16.519917,7.874498,5.01247,27.095371,22.333551,28.303406,16.976934,12.777215,12.213363,9.473949,21.277084,25.291948,23.138454,12.323901,10.77408,18.359678
1866,24.686647,29.715544,25.938454,12.498754,26.267649,7.5868344,20.151297,11.541501,10.369306,5.0505257,16.064228,13.058654,11.580939,21.503925,12.015684,22.850645,30.35563,20.59027,20.203217,20.607828,13.296683,11.797104,28.58696,26.07016,22.586367,16.253782,6.970552,9.920173,12.965147,15.475638,27.217667,25.292059,14.049972,13.039087,20.990688
1867,30.281502,26.960182,29.750109,24.652464,30.551266,14.334029,20.03116,8.768387,16.132118,4.104702,9.124524,14.226557,8.231989,16.310972,15.960688,26.824049,25.097408,23.291662,16.878857,20.480785,16.31057,15.005517,26.1767,23.301939,14.972271,10.54642,12.536934,7.3913603,12.4314785,6.5499997,25.98096,23.468885,10.492484,13.419465,20.038223
1868,21.162966,31.085388,22.318335,5.085801,16.990051,6.8714147,18.856043,14.343764,12.685261,7.3666716,24.045982,12.434898,13.329724,25.730534,12.415218,22.99386,31.589289,17.202497,19.733183,17.868002,9.320284,6.226501,28.97062,26.180338,29.73851,20.612177,7.300288,12.415725,10.435978,26.560808,27.098162,24.831871,15.48414,11.624823,19.891527
1869,21.276608,30.970676,22.353214,5.266842,16.36639,6.8633485,18.721512,14.395465,12.667394,7.258242,24.1345,12.42317,13.310836,25.812382,12.330076,22.818245,31.475424,17.286295,19.693203,17.713331,9.208543,6.0955215,28.878513,26.307322,29.69842,20.779165,7.21446,12.473752,10.151865,26.819057,27.001171,24.779478,15.542603,11.753167,19.872007
1870,21.593363,31.379066,22.89016,5.5452013,18.062027,6.4035816,19.247442,14.340479,11.797134,6.9821587,23.88395,12.423601,13.5424795,25.956099,11.863722,22.546732,32.349804,17.809889,20.364513,18.258387,9.800923,6.820106,29.3661,27.048803,29.619427,20.90395,6.6696596,12.363546,10.691423,26.483902,27.49987,25.264956,15.843895,11.938974,20.331076
1871,20.799234,30.94432,22.647606,5.7731714,24.255741,6.8860226,20.0099,12.847272,11.635023,7.2196474,20.371878,12.557835,12.617644,23.314896,12.721739,23.7838,31.541065,17.273985,20.03333,19.543762,11.406815,8.966955,28.993523,24.703281,27.07168,17.628698,7.6892247,11.057066,13.57938,20.786266,27.355984,24.92872,14.570806,10.749962,20.04159
1872,21.559305,31.284191,22.786686,5.52491,17.489166,6.423677,19.109575,14.375338,11.914259,7.03625,24.073679,12.391783,13.513053,25.982899,11.890873,22.500626,32.176167,17.722754,20.235853,18.109753,9.631507,6.615013,29.266333,26.955637,29.632921,20.978216,6.7000346,12.375093,10.432386,26.736872,27.393482,25.159925,15.781015,11.934699,20.230171
1873,19.125189,30.787527,22.526222,6.6720796,31.789825,5.496287,22.62866,11.669056,8.359097,5.029191,14.194733,13.154278,10.739333,19.293682,13.814523,25.399332,30.67049,17.822325,22.088451,22.275465,16.865116,13.837982,28.792217,22.240496,21.444252,12.950786,7.609394,9.778737,20.877758,13.503512,27.931171,25.133978,15.354018,9.8198185,20.63241
1874,21.57403,31.441328,22.765396,5.3784523,16.562107,6.2440104,19.077269,14.669166,11.890757,6.936575,24.62197,12.381961,13.642365,26.40438,11.801645,22.408812,32.41317,17.73631,20.449594,18.009163,9.482544,6.412032,29.351849,27.210161,30.044836,21.532162,6.5558257,12.544864,10.148962,27.703842,27.458937,25.216898,16.132456,12.001511,20.26613
1875,24.420252,26.553444,23.469803,13.055981,22.443308,20.61322,16.394922,10.47763,25.880716,12.833507,14.26948,16.482826,9.07446,19.0293,21.418335,30.208025,20.951477,16.530325,11.28562,16.069502,7.979724,5.7556586,24.576504,18.348267,22.70455,12.303955,20.58298,11.841919,10.603525,12.005617,23.12933,21.602247,9.537888,9.766487,17.737299
1876,21.70537,31.74211,22.977886,5.3815694,16.880165,6.0305896,19.316404,14.800606,11.615964,6.8505883,24.814314,12.419733,13.810685,26.6688,11.663847,22.370462,32.888958,17.945011,20.818308,18.229538,9.664579,6.6054735,29.641376,27.600828,30.251316,21.809954,6.348867,12.601677,10.316594,28.009457,27.738918,25.478884,16.398523,12.097815,20.493452
1877,33.79425,26.208261,33.19732,30.20792,31.362133,11.464542,22.122625,8.677473,9.841584,4.461898,7.160792,15.462839,8.828843,15.089827,14.072535,22.025463,21.962494,28.392393,17.275162,21.465382,20.318144,16.396065,27.23857,28.669146,10.262968,10.190278,9.133489,8.939095,9.293195,3.928984,28.102755,25.845055,10.131242,18.927002,23.37644
1878,21.962648,32.15749,23.219437,5.369906,16.495726,5.9802737,19.480818,15.136944,11.714135,6.794383,25.398256,12.512156,14.041989,27.228664,11.680414,22.512037,33.420036,18.146624,21.17149,18.315292,9.668002,6.5488563,29.986673,28.091398,30.867718,22.40914,6.2957225,12.838564,10.202215,28.9407,28.056976,25.761663,16.812353,12.263298,20.71736
1879,31.046518,26.846912,30.498505,25.652922,30.031376,13.353539,19.922337,8.736721,14.580526,2.4284256,8.764371,13.761536,8.305849,16.947369,14.504103,25.58925,26.35112,24.30398,17.954576,20.56532,16.54236,15.622265,26.333838,24.989836,14.922959,11.439389,10.735506,7.4044986,12.265895,7.0571012,26.026089,23.78948,11.345181,14.373838,20.407358
1880,21.480494,31.107012,22.65501,5.519667,16.986132,6.4980083,18.95562,14.369927,12.019667,7.0398827,24.027323,12.404854,13.424109,25.899097,11.953834,22.464521,31.891357,17.632605,20.088697,17.956985,9.516112,6.471884,29.086283,26.797106,29.502325,20.931377,6.7799926,12.399221,10.320454,26.744026,27.216866,25.01652,15.735577,11.929859,20.122236
1881,21.37909,30.660032,22.459755,5.746264,17.831444,7.268479,18.719334,13.91111,12.80694,7.181875,23.066687,12.4140835,13.028743,25.073257,12.476316,23.031687,31.10288,17.287542,19.315035,17.826958,9.461548,6.4916854,28.656261,25.850187,29.037134,19.849657,7.503389,12.15211,10.520912,25.160975,26.833702,24.609827,15.003051,11.615538,19.74496
1882,22.016417,30.535816,23.117947,6.8904147,18.748323,6.9087014,18.946619,13.62359,11.885357,6.6236305,22.2161,12.433754,12.928237,24.76107,11.994091,22.513882,31.25282,18.013044,19.723713,18.246193,10.062756,7.323454,28.73777,26.343885,28.040537,19.676905,6.9146047,11.842602,10.669974,24.118937,26.963818,24.824842,15.065955,12.060278,20.059755
1883,21.531813,30.179867,22.82298,7.2078505,23.698502,8.755122,19.310987,12.381625,13.793225,7.579861,19.458166,12.803836,12.009251,22.448685,13.864516,24.824453,29.906282,17.121235,18.502222,19.011843,10.858811,8.555115,28.24699,23.532461,26.458265,16.562376,9.25839,10.839792,12.737869,19.225136,26.650557,24.264132,13.462951,10.612047,19.473772
1884,25.074236,28.898655,26.384892,15.717072,30.022936,9.237579,21.047728,10.32542,11.575674,4.2396846,11.938539,13.556335,9.767505,18.32153,14.178132,25.487432,28.381111,20.800417,19.962416,21.672474,16.224302,14.57782,27.585611,23.329878,18.458378,12.711125,9.029392,8.50222,15.95462,10.334989,26.834011,24.445116,13.34292,12.087299,20.482477
1885,21.302187,30.632137,22.76572,6.3213677,22.772926,7.672466,19.44872,12.888844,12.673418,7.3606024,20.655704,12.619795,12.555846,23.472458,12.994999,23.9205,30.974651,17.28044,19.319078,18.99091,10.678647,8.261929,28.704567,24.657284,27.375206,17.803905,8.175833,11.219272,12.487343,21.147545,27.010649,24.671335,14.226265,10.950199,19.813356
1886,26.021156,28.692366,26.732256,15.446916,26.535778,9.172915,19.725214,10.74745,11.6834545,4.429988,14.050396,13.196996,10.618516,20.126392,12.745973,23.567097,28.82113,21.15367,19.17768,20.391933,13.676053,12.403482,27.71135,25.215654,20.677752,14.792569,8.030452,9.254844,12.493227,12.951491,26.552395,24.624735,13.067014,13.270193,20.5614
1887,22.243023,31.91151,23.858149,6.420407,21.325466,5.682016,20.104713,14.009225,10.356108,6.3522067,23.000505,12.35229,13.739096,25.809507,11.122634,22.197905,33.65486,18.683718,21.375319,19.30972,10.882907,8.320364,30.066479,27.928505,29.076117,20.714716,5.8037066,11.871662,11.608059,25.16394,28.24679,25.951227,16.081713,12.178407,20.978321
1888,21.425694,31.231796,22.623215,5.3447375,16.76284,6.3139534,18.98205,14.5064125,11.909241,6.9784985,24.32641,12.336088,13.525283,26.130371,11.822251,22.377447,32.137493,17.60434,20.246248,17.939737,9.460908,6.4151487,29.164804,26.940485,29.786575,21.228598,6.628617,12.441405,10.208217,27.249542,27.286266,25.058462,15.929839,11.89582,20.137466
1889,20.922747,30.799503,22.624172,5.8116775,23.102818,6.8341475,19.712204,12.966853,11.6610565,7.2336006,20.818863,12.48942,12.716113,23.615013,12.49531,23.404945,31.458612,17.29276,19.917646,19.241245,10.985644,8.566002,28.876293,24.95785,27.27779,18.0899,7.5014734,11.163578,12.883321,21.478975,27.186634,24.837938,14.610696,10.933447,19.9751
1890,21.410229,30.545162,22.286842,5.657522,15.592209,7.2795186,18.326313,14.2831745,13.108286,7.1027637,23.859993,12.384933,13.078024,25.573238,12.450176,22.819685,30.896,17.21265,19.19906,17.31651,8.924496,5.802761,28.479332,26.028612,29.506706,20.55448,7.4664006,12.472574,9.685026,26.57722,26.620155,24.449265,15.278495,11.791955,19.605492
1891,22.07691,29.551594,22.382538,7.4099045,18.423038,11.059696,17.821695,12.924715,17.232172,8.6757765,21.127958,13.194628,11.829339,23.095232,15.367777,25.767704,28.038597,16.494743,16.43609,17.162004,8.709668,5.8136973,27.511414,22.951529,27.92063,17.19502,11.246837,11.815077,10.101695,21.495205,25.77568,23.497725,12.729575,10.847197,18.703712
1892,22.79657,29.838501,23.119587,8.233094,19.461761,11.284487,18.089598,12.91748,17.18402,8.187718,20.73217,13.244469,11.944712,23.303633,15.201392,25.902948,28.635273,17.152893,16.70548,17.456234,9.035032,6.271955,27.857857,23.68586,28.171465,17.282911,11.096386,11.905125,10.25309,21.143307,26.119137,23.886759,12.941888,11.189889,19.085047
1893,32.954533,25.656723,31.659798,30.177,32.014706,18.045431,19.651922,7.5751023,19.364834,3.9378767,6.337381,14.772228,6.8573613,15.025446,17.457497,28.19666,23.228409,24.838549,15.593636,19.910603,16.827055,16.115215,25.04758,23.096968,12.101944,9.123568,15.380598,6.7909513,12.013924,4.001137,25.168,22.795244,9.515487,13.652998,19.842932
1894,19.695309,31.670864,22.38801,4.883073,27.608932,5.7007318,21.512869,12.799811,9.967807,6.760215,19.182,12.756097,12.363273,22.408676,13.052037,24.482359,32.200718,17.250257,21.424133,20.86018,13.623166,10.691761,29.585215,24.126951,25.907717,16.385817,7.3763556,10.769491,16.781696,19.305817,28.21344,25.440945,15.242343,10.2406025,20.518778
1895,19.5688,31.216581,22.190594,4.612158,26.315594,4.9120293,20.937593,12.842489,8.931659,6.3094416,19.747423,12.17293,12.663781,22.961178,11.67886,22.868277,32.506805,17.26044,21.400505,20.18247,12.861694,10.107471,29.252228,25.0058,26.34757,17.322704,6.155687,10.807742,15.499722,20.525986,27.787256,25.203009,15.421952,10.468846,20.354246
1896,32.818222,25.081419,31.448648,30.02159,30.72004,17.213942,19.156523,7.5153008,18.278198,3.6634111,6.6114125,14.347336,6.9896545,14.981817,16.453176,26.74352,22.782413,24.89954,15.179918,19.32522,16.325378,15.4538355,24.71951,23.553513,11.999265,9.317185,14.30908,6.8578835,10.756014,4.314857,24.84925,22.595926,9.148343,14.1392565,19.722383
1897,21.729311,32.076443,23.085983,5.2032084,17.105726,5.7938766,19.534649,14.964517,11.428389,6.8490586,25.179766,12.406574,14.005956,26.993101,11.546702,22.373423,33.39019,18.031176,21.155668,18.40916,9.754823,6.705561,29.932505,27.910248,30.614168,22.14868,6.1698537,12.652922,10.41412,28.517445,28.013594,25.705656,16.654097,12.10136,20.663296
1898,19.376743,30.933031,22.856632,7.366067,32.303745,5.6051707,23.106575,11.659234,8.314379,4.9364376,13.55791,13.52227,10.514937,18.924622,14.330441,25.95516,30.457834,18.203249,22.47366,22.833792,17.751324,14.579989,28.90987,22.068213,20.533066,12.57414,7.878371,9.673976,21.721916,12.762368,28.160973,25.318457,15.596643,9.94704,20.90347
1899,21.69934,31.175116,23.292345,6.287989,21.832047,6.113547,19.740824,13.4676,10.753168,6.5293465,21.893526,12.27889,13.23817,24.775558,11.472172,22.402685,32.548016,18.100368,20.604319,19.0765,10.82701,8.326279,29.354998,26.706299,28.177172,19.550077,6.3186793,11.531361,11.867707,23.466057,27.597107,25.323488,15.3622465,11.739525,20.443869
1900,30.47818,27.57121,30.244867,24.623888,30.896244,13.0896,20.581274,9.027323,14.582804,3.0595996,9.131682,14.082095,8.519259,16.998013,15.129957,26.415422,26.660599,23.991762,18.423746,21.298277,17.056723,15.978754,26.856045,24.526154,15.183296,11.371948,11.042902,7.4789658,13.37826,7.084925,26.540127,24.157959,11.662593,13.970123,20.668879
1901,18.376375,22.566921,19.820463,9.310467,13.027605,28.342335,16.263256,11.490707,30.7623,24.311344,5.7368765,26.09789,7.9606476,17.969608,30.052376,32.73392,6.0234733,17.694304,7.8790236,19.37077,6.6063757,3.9532356,20.56617,14.770158,12.457726,12.058818,29.3667,19.484894,20.17351,2.4918804,17.846725,22.73468,13.366881,11.266586,22.272585
1902,21.395887,30.544487,22.51731,5.910755,18.24147,7.169519,18.748343,13.76771,12.526252,7.0666637,22.725622,12.380335,12.96939,24.877941,12.327434,22.857983,31.0566,17.37493,19.339775,17.900734,9.604565,6.697345,28.59584,25.855448,28.706362,19.666609,7.359739,12.035199,10.640775,24.709515,26.790253,24.593655,14.939446,11.640084,19.763937
1903,25.558218,28.249966,26.45464,19.425753,33.25244,14.567708,22.622963,8.843934,17.56182,11.907834,9.4268875,17.23732,7.610037,13.784803,21.755013,30.777658,20.56467,20.346302,17.058065,23.812294,18.644606,16.068813,26.626827,16.852581,10.435885,7.9314857,17.381598,6.930097,18.022774,3.4178054,26.677433,23.851702,10.105508,10.435225,20.561783
1904,22.146278,31.53577,23.474972,6.358679,19.202133,6.2871575,19.58187,14.154274,11.369916,6.7326202,23.367874,12.5198555,13.522411,25.763493,11.74201,22.53187,32.65506,18.338709,20.708582,18.761139,10.313324,7.512554,29.639462,27.353918,29.084808,20.70316,6.456607,12.123892,10.987505,25.651142,27.802736,25.559582,15.825889,12.210241,20.635607
1905,21.704386,31.995243,23.028252,5.2088213,16.796131,5.7769146,19.446936,14.976118,11.432898,6.8077025,25.217775,12.375484,13.978692,26.996523,11.513023,22.297405,33.30696,17.992533,21.107956,18.314331,9.675023,6.623496,29.850073,27.877623,30.596067,22.194765,6.1462255,12.656035,10.27977,28.630095,27.931465,25.633032,16.654066,12.100516,20.602457
1906,21.343153,30.382881,23.55944,8.654283,29.61665,7.8875327,21.177637,11.473118,11.519001,6.3032494,15.5823345,13.233901,11.065064,20.198973,14.193935,25.583305,29.997732,18.09915,20.093794,21.19424,14.326426,12.119427,28.562479,22.694414,22.848566,13.956677,8.979206,9.790213,16.99643,14.308569,27.38313,24.826294,13.881839,10.340255,20.23122
1907,22.916754,27.616291,22.419453,9.90074,19.535532,16.027102,16.570364,11.534945,22.027971,10.623714,17.592045,14.545087,10.208003,20.705137,18.476435,28.077246,23.93156,15.944651,13.20824,16.079906,7.773203,5.2557235,25.59885,19.949057,25.540052,14.366075,16.081451,11.722446,9.812577,16.549656,23.972858,22.054207,10.631782,10.042213,17.676382
1908,21.509752,31.39761,22.718912,5.339929,16.63642,6.204274,19.06906,14.629007,11.825848,6.939596,24.558453,12.3599825,13.622264,26.339935,11.771532,22.363024,32.374367,17.701395,20.43462,18.01062,9.491015,6.4342675,29.314714,27.154266,29.964922,21.469133,6.530124,12.506846,10.187887,27.605726,27.425014,25.18627,16.097569,11.966279,20.241505
1909,21.449741,31.148785,22.697805,5.495561,17.608269,6.360967,19.053934,14.279528,11.785322,6.9844694,23.889013,12.326576,13.452699,25.833788,11.8003645,22.375292,32.072575,17.656382,20.175537,18.069706,9.63173,6.653614,29.14811,26.842554,29.462288,20.844362,6.6373525,12.293938,10.455662,26.506247,27.285767,25.06432,15.709136,11.869291,20.15589
1910,21.531582,30.97145,22.535423,5.571,15.88969,6.8436666,18.694551,14.480162,12.604553,7.1440454,24.253782,12.477894,13.336563,25.96122,12.2609415,22.684792,31.495583,17.50325,19.778563,17.672287,9.209257,6.0681443,28.913355,26.58299,29.655128,21.006178,7.1114335,12.551891,9.9345,27.093979,27.031929,24.84741,15.660726,11.970753,19.963789
1911,21.411592,31.03523,22.519878,5.4191456,16.564356,6.659124,18.803247,14.409665,12.333114,7.087184,24.150679,12.368223,13.385087,25.923092,12.070065,22.579836,31.73714,17.469858,19.894411,17.778934,9.311891,6.2420216,28.972132,26.616438,29.690765,20.95321,6.945291,12.442837,10.107414,26.935364,27.097958,24.882833,15.679417,11.845675,19.980322
1912,21.489033,30.25371,22.160702,6.0053763,16.399164,8.505949,18.124077,13.866064,14.608442,7.61201,23.104584,12.580761,12.650838,24.720104,13.510963,23.963228,29.954094,16.780743,18.222544,17.236904,8.80413,5.710238,28.148441,24.79225,29.156393,19.348404,8.7558975,12.22157,9.847081,24.98209,26.33634,24.062408,14.353267,11.384012,19.192259
1913,21.488718,30.672638,22.436768,5.7928762,16.998705,7.5587416,18.575386,14.060293,13.316881,7.28895,23.381506,12.501263,13.015614,25.22575,12.752864,23.27712,30.922153,17.22954,19.138033,17.646896,9.234954,6.1737704,28.621103,25.774786,29.288568,19.997725,7.7912145,12.30225,10.22904,25.598694,26.78526,24.554728,15.00003,11.661964,19.676453
1914,31.277159,26.155436,30.687302,28.163986,32.346306,15.864193,20.522747,7.8331246,17.208498,3.9026275,6.3370776,14.727388,6.987178,14.707582,17.27911,28.12265,23.57988,24.309122,16.93516,21.215378,18.113733,17.180927,25.44106,22.4411,11.417091,8.958854,13.987921,6.5649905,14.0711355,3.6736426,25.562195,23.136038,10.391431,13.262381,20.12869
1915,21.873072,31.328306,23.453226,6.42399,21.88953,6.142879,19.84614,13.513005,10.808813,6.6171575,22.027464,12.36542,13.293696,24.880404,11.556547,22.50783,32.663525,18.239254,20.70523,19.210373,10.882853,8.384842,29.525856,26.840021,28.221468,19.637014,6.356669,11.566469,11.889247,23.545607,27.755436,25.474459,15.384913,11.845891,20.569902
1916,20.880451,30.451405,23.234177,7.4471846,27.907272,6.1065497,20.892002,11.929668,9.551001,5.739293,17.075676,12.578936,11.734009,21.411201,12.356163,23.548151,31.249481,18.106915,20.928068,20.732489,13.699613,11.525249,28.710732,24.176144,23.91707,15.696975,7.007869,10.0749,15.931146,16.836615,27.387867,24.962553,14.722462,10.756664,20.343792
1917,19.975674,28.434774,22.54895,10.83164,30.029182,7.800303,22.138935,10.034807,10.701883,8.436759,11.625072,14.705402,8.831036,15.513009,16.978397,26.522787,24.148716,17.891523,19.504536,23.018883,17.558153,14.756771,26.723026,17.969046,14.162973,9.863535,10.896318,7.8481884,19.96093,7.9521103,26.25988,23.694386,12.595444,9.576872,19.969915
1918,20.565233,31.144846,22.467548,4.8414335,22.215063,5.536212,19.789621,13.464331,10.226963,6.876203,22.118643,12.056259,13.3469,24.697906,11.236294,22.10771,32.593243,17.411964,20.654345,19.012886,10.726441,8.150852,29.226322,26.290533,28.34298,19.458838,6.080008,11.488203,12.385448,23.713764,27.456541,25.14715,15.390983,11.168333,20.239435
1919,22.184523,29.248325,22.259254,7.5173855,17.042278,11.6904125,17.306152,13.028731,18.027433,8.523529,21.15734,13.2326565,11.689339,23.254208,15.583338,25.906006,27.658989,16.357243,15.966323,16.586138,8.105886,5.190239,27.17621,22.857344,28.372007,17.365099,11.677225,12.143733,9.51701,21.893599,25.393536,23.223352,12.725998,10.908091,18.45217
1920,31.868155,25.938793,30.781734,28.384098,31.521393,17.316347,19.754732,7.7745657,19.027853,4.799296,7.1326957,14.856494,7.048429,15.059706,17.714127,28.28528,23.107744,24.022146,15.694071,20.239655,16.595005,15.786157,25.235905,22.2741,12.339168,9.164551,15.277363,6.7623534,12.384344,4.3088045,25.252584,22.830727,9.496287,13.207058,19.74148
1921,21.887568,30.188814,22.836544,6.91495,18.720835,7.749856,18.61405,13.393387,12.955438,6.9646616,21.88091,12.459862,12.645215,24.294952,12.597082,23.101595,30.481041,17.593336,18.90293,17.915194,9.722385,6.9572754,28.348127,25.522165,27.983469,19.002733,7.740729,11.782049,10.53513,23.438429,26.589296,24.427843,14.45602,11.735039,19.666029
1922,20.156721,30.072252,22.264805,6.249758,25.008718,5.916427,20.125345,12.195984,9.989227,6.714501,18.764944,12.331118,11.937662,21.878258,12.262758,22.938887,30.571285,17.233328,20.251627,19.837088,12.40673,10.054102,28.271065,23.80105,24.52197,16.490726,7.0244055,10.231254,14.455032,18.841717,26.833029,24.42954,14.399645,10.490921,19.785847
1923,21.721178,30.792572,22.79612,6.224125,19.25743,7.7820287,18.953495,13.660259,13.265173,7.3656454,22.506907,12.602343,12.921504,24.698078,12.921341,23.64691,31.066479,17.429459,19.170332,18.174229,9.769832,6.8964505,28.821287,25.601576,28.773695,19.238405,8.004054,11.975992,10.958374,24.026085,27.025393,24.741997,14.651786,11.566666,19.842619
1924,27.243486,27.68259,27.488152,18.04341,26.19957,9.914635,19.272078,10.183041,11.922907,3.5614133,12.631833,13.116247,9.964723,19.231388,12.622027,23.223858,27.789135,21.898174,18.57407,19.933,13.975186,12.785248,26.925144,25.25457,19.01431,14.083915,8.204074,8.761635,11.619673,11.579626,25.973888,24.082533,12.504012,13.793845,20.289034
1925,25.766531,28.676022,26.542757,15.793631,28.323158,9.748079,20.17549,10.297876,12.486777,5.6177683,13.617354,13.458639,10.230978,18.98465,13.90938,24.642208,27.831757,20.742199,18.69731,20.879826,14.366776,12.971357,27.60655,23.744768,19.377405,13.482551,9.263271,8.616089,13.250334,11.435209,26.64029,24.408422,12.210759,12.511581,20.346083
1926,21.376394,30.1221,22.27441,6.0950384,17.220499,7.72676,18.332338,13.680187,13.281523,7.2583246,22.606106,12.442507,12.698592,24.563011,12.759882,23.1093,30.210987,17.10619,18.695621,17.499922,9.241576,6.258775,28.160301,25.254648,28.460646,19.345274,7.902303,12.032474,10.225208,24.498482,26.367493,24.197607,14.554514,11.557114,19.41947
1927,24.298483,28.390472,24.139423,12.013753,22.793243,14.532545,17.910318,11.327698,19.71965,9.151029,16.833567,14.271208,10.484912,20.492435,17.308266,27.515982,25.47374,17.703562,14.684856,17.57248,9.803993,7.449691,26.643764,21.544767,24.416582,14.07087,14.282146,10.953584,10.678294,15.317766,25.246998,23.104723,10.909333,10.93119,18.728792
1928,33.817875,26.13891,32.602386,31.473219,33.245453,18.451414,20.379496,7.6881666,19.502176,3.662808,5.7010303,15.205265,6.8864784,15.121366,17.879585,28.901587,23.597065,25.783842,16.209778,20.599579,17.923866,17.08038,25.52232,23.846804,11.77587,9.146512,15.617121,6.9886003,12.832739,3.5368214,25.755585,23.376463,10.054204,14.113185,20.508202
1929,30.765966,27.124336,30.312725,25.716553,31.373373,14.330191,20.45431,8.597521,15.98877,3.6932163,8.479491,14.312661,8.005497,16.160376,16.124527,27.260141,25.458155,23.863983,17.546034,21.15343,17.114576,16.075998,26.381538,23.471825,14.116646,10.39387,12.420263,7.091856,13.326065,5.943819,26.199577,23.713476,10.85362,13.535403,20.312641
1930,22.86945,26.456938,22.135822,10.487389,18.166382,20.837845,15.837608,11.339692,26.561861,14.281048,15.287199,17.4547,9.301143,20.092823,22.30899,30.400246,19.821802,15.8576765,11.111023,15.937386,6.6885247,4.1982927,24.372429,17.963049,23.424013,13.654835,21.163355,13.429047,11.037455,13.657886,22.486967,21.747663,10.4818735,9.89275,18.011671
1931,21.730684,31.193249,23.132313,6.0924883,20.446041,6.599051,19.45437,13.731941,11.6161585,6.797613,22.566502,12.360441,13.284633,25.116291,11.867457,22.743734,32.275692,17.910336,20.215816,18.660915,10.314509,7.6032543,29.30041,26.642723,28.83806,19.83568,6.768399,11.88092,11.349861,24.38588,27.499714,25.226221,15.305085,11.779765,20.308407
1932,21.47287,30.95412,22.41103,5.434776,15.230991,6.8564663,18.540398,14.608226,12.787155,7.0882654,24.554968,12.393114,13.353774,26.1353,12.247079,22.680754,31.49862,17.36501,19.70724,17.470663,8.978015,5.8119593,28.836147,26.542278,29.97843,21.24428,7.1269393,12.619034,9.606783,27.623358,26.94635,24.73912,15.745007,11.90835,19.837362
1933,26.91608,27.502773,27.63948,21.43324,31.792873,12.251263,22.138634,8.699417,14.351603,9.273633,9.331176,15.984769,8.046771,14.058022,18.66376,27.703888,21.410954,22.008444,17.433216,23.379436,18.730528,16.395243,26.573677,19.570127,10.23376,8.757624,13.75224,6.7898912,15.734634,3.7990303,26.653715,24.078434,10.042901,12.301846,20.946558
1934,20.864643,31.05085,22.483097,5.1790147,21.273426,6.4755473,19.52474,13.511597,11.552657,7.2308316,22.169424,12.366418,13.130153,24.570194,12.127113,22.957087,31.916441,17.276325,20.082417,18.807549,10.428359,7.7364874,29.08285,25.739218,28.422047,19.188997,7.0378814,11.659969,12.1052265,23.567268,27.30554,24.9813,15.047793,11.219597,20.060276
1935,32.232388,26.23661,31.110226,28.775026,32.056725,17.736866,19.978575,7.836084,19.531132,4.8159094,7.107255,15.018043,7.062042,15.170911,18.07618,28.860472,23.368254,24.206898,15.80316,20.431679,16.798223,15.998967,25.46889,22.373629,12.558133,9.150351,15.674422,6.8085995,12.624112,4.2841406,25.50403,23.008104,9.586167,13.210951,19.87863
1936,21.570663,31.287352,22.731932,5.4766383,16.594893,6.4030776,18.997358,14.568594,12.008757,6.961623,24.380621,12.413193,13.542737,26.21534,11.895226,22.452637,32.160152,17.707615,20.277552,17.950272,9.4723015,6.3984885,29.221798,27.05168,29.83882,21.309425,6.6851425,12.519455,10.17874,27.350672,27.33833,25.122831,15.988749,12.000794,20.203016
1937,22.421755,32.42718,23.667217,5.7956514,17.506634,6.2921557,19.73271,15.054631,11.95627,6.909508,25.241827,12.667587,14.110335,27.229084,11.896757,22.890242,33.65445,18.471655,21.208738,18.613407,9.919269,6.7987633,30.323849,28.33225,30.942404,22.22056,6.4881845,12.862049,10.426142,28.440834,28.386786,26.066044,16.665216,12.452488,20.969553
1938,21.17028,23.730999,21.682377,12.137861,18.628658,27.357561,16.705988,10.45473,30.363226,22.49073,7.3270946,24.162407,7.6834884,17.209452,28.830736,32.88809,9.694051,17.538958,8.8674965,19.12987,7.8442492,5.6567082,21.753574,14.543702,13.119034,11.265151,28.768911,16.196209,17.629265,3.1838298,19.588264,22.299234,11.515132,10.340076,20.912645
1939,31.95966,26.622805,31.386974,28.106709,31.892477,14.620588,20.518957,8.287463,15.492355,2.2267368,6.9323516,14.238386,7.651797,15.956047,15.540959,26.81125,25.561905,25.147705,17.96884,21.096874,17.998838,17.07111,26.090479,24.681547,13.033357,10.289352,11.887423,7.0651627,13.52449,5.127039,26.062262,23.760122,11.292527,14.352333,20.632915
1940,21.969332,31.80925,23.20981,5.700209,17.2767,6.26652,19.414965,14.730163,11.800841,6.919545,24.627111,12.557129,13.784865,26.58121,11.85698,22.597666,32.85778,18.125576,20.787195,18.373508,9.803656,6.743906,29.753765,27.64575,30.122427,21.625456,6.530194,12.607803,10.45546,27.60944,27.853634,25.598516,16.28053,12.22983,20.61001
1941,24.371902,28.88318,26.406507,17.550266,32.9294,9.969718,23.2271,9.97422,11.629866,4.0638227,8.143542,15.130196,8.070187,15.3796425,17.26568,28.448114,25.98864,21.335318,20.941797,23.623304,20.594854,17.66757,27.256027,20.716604,13.371906,9.3029585,11.23288,7.934939,21.196253,6.099332,27.290531,24.46612,13.9376955,11.494008,21.001312
1942,22.23751,29.380274,22.119556,7.211637,15.820723,12.475588,17.013426,13.324554,19.25212,8.922284,21.738825,13.481693,11.722568,23.706814,16.22025,26.532724,27.512444,16.106005,15.607559,16.217789,7.4390635,4.446374,27.202908,22.716055,29.308102,17.731977,12.498251,12.64122,9.114588,22.724785,25.327446,23.193743,12.776071,10.8801,18.345537
1943,27.974306,28.601711,28.840954,21.059072,31.701921,10.462763,21.878748,9.692852,11.932435,3.4646118,9.597138,14.275378,8.9434595,16.991276,15.0265255,26.361876,27.39909,23.143038,20.255438,22.718266,18.50968,16.850115,27.60012,23.914846,15.067581,11.503327,9.727831,7.71704,16.274506,7.469955,27.280128,24.797413,13.045991,13.36998,21.222288
1944,21.229254,30.43161,22.646795,6.344783,22.638935,7.793449,19.293432,12.799149,12.800404,7.3579416,20.51291,12.558472,12.464516,23.314278,13.010122,23.886301,30.713062,17.162134,19.076246,18.827026,10.552886,8.143147,28.509933,24.459217,27.27532,17.640745,8.258101,11.16769,12.345161,20.969584,26.825558,24.497717,14.063197,10.869852,19.664824
1945,22.49882,29.921875,22.95795,7.8380165,19.555002,10.636906,18.21887,12.949897,16.495764,8.136833,20.979582,13.096481,12.044913,23.368052,14.842327,25.513124,28.915646,17.074339,17.056847,17.593693,9.1747055,6.4266486,27.941338,23.758856,28.051054,17.44805,10.612455,11.767417,10.394791,21.438332,26.210226,23.933641,13.085904,11.131459,19.11759
1946,21.186129,29.192846,24.344584,14.498924,33.948685,9.129091,24.608505,10.185265,10.848677,5.0298185,6.893704,16.056095,7.365884,13.943794,19.209213,30.044474,24.588852,19.968328,21.870554,24.913454,22.685799,18.741718,27.098598,17.984074,11.234093,7.5617676,12.285695,8.046998,25.686014,4.6571126,27.403664,24.413572,14.846812,10.051849,21.101492
1947,23.781609,24.133518,23.265528,14.862411,21.991741,27.269585,16.202866,9.631573,30.743616,19.595654,8.32997,22.138605,7.2992444,16.885181,27.357573,32.798363,12.926956,17.40035,8.996672,17.717785,7.978739,6.238534,22.220497,14.800851,14.835924,10.715095,28.290716,14.00522,14.63394,4.3645916,20.459717,21.488874,9.931255,9.679947,19.320333
1948,21.713915,31.595974,23.003063,5.526643,17.543789,6.156797,19.31264,14.577552,11.609236,6.8632236,24.382498,12.398913,13.709639,26.361267,11.678852,22.388826,32.723408,17.94478,20.651415,18.266052,9.760921,6.750318,29.551308,27.441603,29.959608,21.419138,6.4201183,12.472807,10.468889,27.30563,27.666744,25.41566,16.150848,12.054823,20.451105
1949,21.534374,31.380615,22.71794,5.369624,16.541407,6.3267627,19.047129,14.632997,11.977743,7.00085,24.5375,12.416762,13.596237,26.315367,11.8899765,22.465273,32.267456,17.695211,20.364786,17.991508,9.471282,6.388281,29.294895,27.09745,29.946724,21.419724,6.6521187,12.543236,10.198803,27.554703,27.40401,25.174053,16.061926,11.986067,20.235826
1950,21.528812,30.11692,22.214096,6.21719,17.003613,8.640127,18.124775,13.670368,14.610233,7.5386543,22.647802,12.563028,12.542754,24.44108,13.515511,23.997377,29.829212,16.802898,18.095934,17.277348,8.909093,5.896347,28.047245,24.647738,28.879047,19.007391,8.830338,12.088837,9.992192,24.335867,26.257175,23.992962,14.173553,11.325101,19.149591
1951,19.91139,31.068508,22.709879,6.394099,29.502762,6.1601954,21.808634,12.064537,9.8359375,6.176069,16.692513,13.045316,11.474681,20.782007,13.638879,25.05482,31.111946,17.602621,21.31828,21.439148,14.856841,12.1128645,29.082283,23.019753,23.54282,14.605315,7.933996,10.12797,18.165459,16.09732,27.926914,25.180717,14.87741,10.082846,20.463629
1952,21.42793,30.59917,22.309399,5.6761475,16.01955,7.4925404,18.404018,14.213505,13.360017,7.268461,23.71028,12.480046,13.034932,25.42781,12.703707,23.124313,30.814812,17.17063,19.109606,17.431936,9.006049,5.8828955,28.525324,25.833584,29.44334,20.304735,7.726562,12.436585,9.90238,26.199457,26.67101,24.473547,15.133254,11.72698,19.611423
1953,21.378626,30.086685,23.168,7.410482,24.468178,6.399634,19.820593,12.28672,10.297236,6.332174,18.821718,12.392875,12.204715,22.540905,11.846613,22.608236,30.958286,18.034674,20.174658,19.684875,11.929736,9.888178,28.4304,24.976202,25.127905,17.261045,6.7823715,10.507503,13.366807,19.12727,26.867992,24.70257,14.535518,11.257547,20.097916
1954,22.46625,29.594715,22.79144,7.9635777,19.109495,11.080004,17.93359,12.823541,17.018013,8.339101,20.791876,13.130991,11.857518,23.109207,15.11466,25.647055,28.31769,16.883223,16.55525,17.302563,8.902833,6.131668,27.623606,23.355429,27.864067,17.178644,11.020497,11.757465,10.114689,21.153305,25.89582,23.654596,12.775466,11.025685,18.878708
1955,21.43043,30.34777,22.26123,5.9299536,16.561323,7.8756423,18.332123,13.927601,13.700979,7.408919,23.12521,12.5451975,12.796155,24.884596,13.023163,23.415215,30.312647,17.04743,18.726309,17.451105,9.084368,5.9997997,28.305584,25.298601,28.935942,19.648432,8.120749,12.229279,10.083132,25.181522,26.487463,24.27912,14.699226,11.58414,19.447012
1956,24.625776,28.487972,26.382969,18.453505,32.913403,11.620903,23.163832,9.505022,13.635187,6.4539447,7.939143,16.029436,7.6646624,14.478788,19.078917,29.510548,23.729557,21.154045,19.643316,23.906113,20.35906,17.479431,26.88979,19.139324,11.619003,8.3833685,13.433259,7.599798,20.851883,4.552082,26.979794,24.232962,12.6921625,11.148767,20.918303
1957,22.053421,29.792921,22.384293,7.002326,16.818624,10.19138,17.712303,13.429747,16.407324,7.9566784,22.14023,12.873274,12.190595,24.051117,14.515412,24.97616,28.91652,16.70711,17.065443,16.908998,8.436247,5.465283,27.736992,23.97541,28.892237,18.36607,10.19409,12.201068,9.567863,23.433794,25.932472,23.70806,13.486411,11.245534,18.86796
1958,21.56659,31.810444,23.048012,5.2908616,18.761707,5.877994,19.608137,14.487179,11.187988,6.908201,24.267345,12.326935,13.827874,26.325127,11.483506,22.327547,33.13694,17.968603,20.907349,18.570312,10.0197935,7.091157,29.770418,27.552805,29.96959,21.313137,6.2062335,12.334987,10.916521,27.010347,27.88933,25.59332,16.181082,11.918701,20.590841
1959,22.170855,29.22327,22.903156,8.74898,23.185291,11.019068,18.613894,11.838045,16.23768,8.219693,18.141369,13.284241,11.230529,21.278254,15.380486,26.040972,27.686085,16.921755,16.716436,18.389696,10.403972,8.088523,27.299911,22.048498,25.40069,15.16466,11.315005,10.694906,12.079454,17.209414,25.792622,23.487963,12.250524,10.396294,18.883179
1960,18.045818,30.837965,22.21242,7.2973213,33.950092,5.3955073,24.49805,11.521055,7.5002723,4.6593137,10.993386,14.478491,9.511471,17.031351,15.987696,27.420195,28.97274,18.14002,23.333113,24.065926,20.607134,16.41165,28.591118,20.296556,17.45888,10.433463,8.738394,9.535055,25.591972,10.05128,28.317608,25.284874,16.311012,9.484602,21.212238
1961,22.079699,29.664255,22.74076,7.669563,20.286377,10.12086,18.309237,12.722954,15.653833,7.8035626,20.246067,12.960573,11.916343,22.915977,14.461116,25.09718,28.811777,16.997116,17.24778,17.769516,9.546335,6.904001,27.709211,23.538908,27.350126,17.048983,10.16179,11.494946,10.939962,20.591991,26.032192,23.795387,13.13144,10.974693,19.065874
1962,21.536236,30.858398,22.555267,5.6764927,16.364021,6.8843355,18.651525,14.342154,12.531786,6.9753847,23.95423,12.362782,13.281553,25.80357,12.121423,22.60039,31.51317,17.491447,19.682802,17.624392,9.229851,6.160118,28.816418,26.542068,29.601046,20.818726,7.0629168,12.445624,9.934845,26.734753,26.95437,24.764006,15.557998,11.891643,19.890762
1963,31.29871,25.366783,29.97873,27.523603,30.525175,18.794687,18.978426,7.6937275,20.774073,5.9895935,7.1470013,15.236792,6.8533235,14.960968,18.58198,28.659878,21.84008,23.114862,14.402756,19.28074,15.305557,14.4548025,24.536894,21.268877,12.753807,8.975843,16.935822,7.1882463,11.756116,4.2929177,24.467829,22.211676,8.938286,12.668753,19.189972
1964,21.57062,31.030933,22.503658,5.5103855,15.199821,6.860433,18.596067,14.654724,12.785251,7.094283,24.61875,12.449274,13.38923,26.213787,12.271566,22.71052,31.570879,17.45919,19.78706,17.524961,9.0254345,5.842538,28.918474,26.661741,30.00293,21.32321,7.122251,12.664078,9.628574,27.710514,27.02405,24.822142,15.806991,11.987833,19.916834
1965,32.400673,26.024693,31.494171,29.493723,32.298813,16.49898,20.1993,7.7755156,17.645926,3.0161557,6.20111,14.510948,7.016967,15.09473,16.794462,27.884897,24.115095,24.954277,16.733727,20.660934,17.768824,16.98088,25.415009,23.446733,12.020079,9.2669,13.874907,6.6937437,13.183933,4.0329885,25.533165,23.13148,10.322696,13.761385,20.129284
1966,22.021067,29.724989,22.95699,7.782697,21.4641,9.115122,18.653553,12.5542,14.16752,7.219244,19.796026,12.720747,11.994675,22.820469,13.610178,24.32164,29.444513,17.361013,17.988228,18.243183,10.135358,7.72898,27.879393,24.009027,26.76193,17.082775,9.134899,11.17318,11.439348,20.127552,26.231564,24.02499,13.432199,11.1086035,19.33262
1967,19.316034,31.297749,22.205675,4.7213182,27.83002,4.7934394,21.448545,12.651726,8.546373,6.015336,18.718246,12.334286,12.3553915,22.284622,12.009247,23.340544,32.416153,17.331953,21.730978,20.708855,13.807567,10.945221,29.306599,24.522594,25.494843,16.457047,6.302987,10.604275,16.82889,19.210611,27.972134,25.292429,15.511529,10.275467,20.47852
1968,21.670414,30.217909,22.595242,6.477829,18.743881,8.058738,18.47646,13.454353,13.470919,7.003997,22.044966,12.358217,12.675033,24.374336,12.756807,23.40278,30.530966,17.2482,18.611452,17.643295,9.442373,6.6085186,28.27316,25.317266,28.628126,18.939821,8.035508,11.895561,10.460078,23.681091,26.506977,24.279503,14.36943,11.475386,19.460642
1969,26.930319,26.098478,25.965584,18.821756,27.129848,21.465868,17.980059,9.284849,25.156864,12.784623,10.488031,17.453354,8.035864,16.557323,22.352491,30.86088,19.185677,19.041718,11.726133,18.074587,11.486917,9.255461,24.438614,18.318907,17.278296,10.067544,21.414965,10.33475,12.00611,6.7580442,23.681011,22.029375,8.940249,10.702654,18.769722
1970,23.418966,28.4547,24.716393,15.883249,32.260147,15.032543,22.506384,9.40336,18.335089,13.269222,9.684348,18.025906,7.781129,14.173191,22.89425,31.562565,19.974194,18.84929,16.845266,23.616087,17.92232,14.864372,26.458395,15.657996,11.557186,8.065071,18.506428,8.00839,19.583504,3.8939905,26.29021,23.723513,10.811593,9.597324,20.408092
1971,19.142023,31.075567,22.653461,6.049823,31.39677,4.385028,22.600958,12.018379,7.01779,4.447531,15.167858,12.683393,11.38823,20.313053,12.443491,24.101814,31.975838,18.102812,22.708656,22.023335,16.544582,13.523977,29.16137,23.75637,22.650118,14.184161,6.14076,10.079964,20.210567,15.193662,28.193249,25.477354,15.996409,10.243681,20.920807
1972,23.594732,30.04377,25.377337,11.323574,28.346975,6.8877473,20.73601,11.43855,9.613228,5.0022287,15.616322,12.858847,11.568353,21.188316,11.975586,23.181147,31.012436,20.073706,20.90352,21.215878,14.085605,12.638893,28.7347,25.586042,22.51468,15.816213,6.701872,9.677172,14.700241,14.916534,27.410229,25.346087,14.484268,12.266846,20.973207
1973,20.868013,31.157307,22.327631,4.905352,19.210316,6.4592752,19.295025,13.965826,11.899458,7.4025354,23.230803,12.421541,13.291,25.19326,12.228062,22.904804,31.84958,17.20475,20.070105,18.447002,9.957667,7.0390725,29.111532,25.985506,29.039026,19.968462,7.0604005,12.032853,11.434641,25.176292,27.282148,24.97739,15.342469,11.396404,20.035933
1974,22.32214,29.510475,24.045002,11.087431,29.525776,9.578853,20.885618,10.86757,13.208061,6.534711,14.015861,13.660901,10.198625,18.788502,15.488027,26.667841,27.949833,18.371883,18.902035,21.080091,14.719029,12.505659,27.727184,21.399942,20.894232,12.5144825,10.518581,9.245857,16.641663,12.031349,26.770609,24.178093,12.87159,10.314868,19.83444
1975,26.824255,24.803553,25.402267,18.746145,24.374615,23.412176,16.352966,9.060489,27.248653,13.307936,10.124171,17.82076,7.5141215,16.620884,22.906212,30.734863,17.67752,18.447714,10.135944,16.569582,9.40046,7.620491,23.23664,17.450375,17.265076,10.156968,23.016098,10.981619,10.757794,6.801189,22.202164,21.104818,8.412339,10.477335,18.01676
1976,22.0087,32.63706,23.474953,5.206981,17.569237,5.4554954,19.917124,15.231916,11.068057,6.669159,25.658232,12.419146,14.3361435,27.572931,11.285033,22.333437,34.324,18.370678,21.77682,18.7151,9.978364,6.975159,30.45409,28.631498,31.180788,22.761053,5.8276267,12.767992,10.529083,29.298073,28.512691,26.145956,17.14487,12.239942,21.026785
1977,21.736124,32.01519,23.131933,5.28957,17.484493,5.702782,19.558424,14.870216,11.20196,6.7150807,24.961191,12.340735,13.990325,26.897228,11.377118,22.218744,33.45305,18.084879,21.190609,18.435163,9.843846,6.8501825,29.900272,27.963823,30.475946,22.059969,6.0298576,12.568302,10.475226,28.270184,27.994507,25.694868,16.638882,12.086416,20.66942
1978,22.540113,31.720638,23.799747,6.703165,19.302181,6.4566007,19.660967,14.220089,11.557122,6.6957116,23.484264,12.597236,13.600119,25.955845,11.811905,22.68979,32.87102,18.59461,20.779202,18.842337,10.356205,7.5508184,29.849676,27.655596,29.307434,20.858564,6.5137663,12.212986,10.864082,25.772385,27.999996,25.747866,15.874628,12.407395,20.791197
1979,21.581738,31.354822,23.188744,5.9109497,20.80843,5.7178435,19.7112,13.808798,10.46276,6.4675303,22.693445,12.180635,13.47802,25.331951,11.163053,22.037844,32.89969,18.097818,20.86462,18.901707,10.595898,7.9910135,29.479761,27.159899,28.716478,20.262102,5.9471602,11.743836,11.523224,24.784275,27.686573,25.416563,15.752952,11.811168,20.511145
1980,32.026516,26.297604,31.29705,28.745522,32.223705,15.716549,20.405039,7.9660606,16.85023,2.9247358,6.5214095,14.44413,7.2355037,15.269651,16.502918,27.646383,24.504877,24.86877,17.162367,20.953766,17.94702,17.058254,25.690144,23.5994,12.275084,9.478395,13.219627,6.7688265,13.489255,4.2982464,25.763855,23.35647,10.596708,13.831162,20.285618
1981,21.406994,31.503242,23.024048,5.5002813,20.718739,5.934606,19.72999,13.907055,10.90386,6.8332195,22.991232,12.279852,13.538552,25.446976,11.49386,22.401506,32.85161,17.893404,20.749184,18.883062,10.470765,7.7543435,29.569572,26.989481,29.062958,20.265406,6.2723875,11.900712,11.637392,25.016186,27.748798,25.450956,15.69927,11.702406,20.493593
1982,18.818459,30.423607,23.223259,11.092563,35.049145,6.3614,26.215921,11.101912,7.6364956,4.1869082,6.8855925,16.284685,7.7506375,14.142181,18.856705,29.950333,26.046982,19.589075,24.234629,26.211472,24.72245,19.785393,28.052582,18.134384,11.460075,7.6381583,10.652521,8.732618,29.341171,5.3378086,28.4685,25.31692,16.871183,9.844717,21.939766
1983,21.533384,30.850204,22.5745,5.722597,16.710226,6.9794583,18.72621,14.2452965,12.591633,7.1444283,23.773294,12.452349,13.235381,25.627384,12.2807255,22.741877,31.363525,17.505651,19.619425,17.75339,9.335853,6.2623653,28.83955,26.402857,29.365217,20.572206,7.193759,12.398471,10.152655,26.31607,26.979237,24.795794,15.405675,11.895338,19.929285
1984,21.43831,30.575632,22.25498,5.7730174,16.953798,8.165412,18.422644,13.955858,14.224413,7.656639,23.300549,12.605765,12.8285265,24.920097,13.380131,23.924124,30.43516,16.885788,18.636082,17.537422,9.039302,5.9570594,28.461174,25.070776,29.293009,19.542599,8.516537,12.230306,10.186886,25.181482,26.636734,24.330276,14.579724,11.404535,19.414652
1985,21.62357,31.658092,22.958817,5.3854923,17.493568,6.010121,19.363146,14.635852,11.459682,6.8572035,24.481348,12.396673,13.75254,26.433018,11.615885,22.323164,32.830605,17.926523,20.779333,18.311802,9.783329,6.776251,29.592587,27.486732,29.992025,21.525602,6.330522,12.482128,10.543116,27.477451,27.70433,25.450397,16.261753,12.0298605,20.48171
1986,20.424356,31.262573,22.412706,5.0643396,23.976418,6.434549,20.248323,13.104184,11.315603,7.4966936,20.97484,12.6398735,12.798756,23.585245,12.756199,23.762655,31.803446,17.126242,20.409975,19.702522,11.521673,8.88488,29.249489,24.775938,27.270674,17.938662,7.531752,11.183243,13.885602,21.51862,27.600887,25.110209,14.8516,10.703357,20.171675
1987,21.416265,30.673964,22.277405,5.6429734,16.59295,7.8666787,18.463358,14.111762,13.886544,7.5339546,23.56788,12.570122,12.958402,25.20523,13.1299095,23.654562,30.683065,16.996689,18.890875,17.536161,9.036727,5.922738,28.559772,25.42338,29.473242,19.920555,8.195605,12.3526,10.120248,25.717909,26.716175,24.44327,14.860298,11.532748,19.5319
1988,30.887917,25.403168,29.949368,27.310442,30.63583,16.798038,19.40472,7.7583947,18.301935,4.5687146,6.7568088,14.709692,6.966509,14.873356,17.295494,27.590982,22.63783,23.523878,15.574857,19.886438,16.375395,15.446216,24.71077,21.982927,12.164162,9.107919,14.778002,6.9408326,12.5841255,4.210663,24.697117,22.460243,9.679311,13.051281,19.477337
1989,22.378626,33.13436,23.820484,5.286354,17.393066,5.4908705,20.145739,15.555887,11.261565,6.6857524,26.2554,12.55846,14.590583,28.14922,11.38525,22.59597,34.907303,18.644228,22.12915,18.880384,10.020172,6.9593964,30.899452,29.170649,31.833872,23.324589,5.844875,13.01758,10.458862,30.146414,28.922655,26.512865,17.505213,12.452836,21.31603
1990,21.388851,31.182032,22.627937,5.4064875,18.013659,6.7044683,19.074865,14.199953,12.252931,7.185632,23.736353,12.402134,13.379951,25.658117,12.158515,22.82303,31.925186,17.49153,19.962746,18.120304,9.62556,6.637351,29.147232,26.491135,29.534128,20.507982,7.0355763,12.280371,10.660692,26.09584,27.288229,25.022476,15.488156,11.725099,20.08034
1991,20.690344,30.70924,23.93372,9.803508,32.827904,6.0738053,23.381903,11.383743,8.380134,4.1492324,12.249155,13.776817,10.0831995,18.24817,14.604578,26.35331,30.06106,19.201738,22.658232,23.26416,18.82532,15.680277,28.790833,22.238718,19.054096,12.010322,8.01035,9.2727585,21.821518,11.316224,28.238117,25.356352,15.565656,10.527555,21.133184
1992,25.626266,28.329346,24.947277,13.653957,22.683989,16.364079,17.686419,11.340778,21.715773,9.635424,16.990639,14.598394,10.425326,20.5425,18.211407,28.325586,24.852728,18.178366,13.549347,16.858795,9.438754,6.6780977,26.640007,21.948763,25.046524,13.855175,15.760598,11.403793,9.3914995,15.428416,25.380108,23.10528,10.222195,11.353317,18.735483
1993,21.609034,30.853973,22.731012,5.9158707,17.34725,6.6943116,18.869892,14.1298275,12.077452,6.9455748,23.483105,12.396082,13.243097,25.516766,11.998795,22.48094,31.566395,17.688143,19.852545,17.950108,9.595661,6.6201477,28.9017,26.58037,29.062464,20.510492,6.875918,12.242996,10.330751,25.950226,27.060635,24.885113,15.461997,11.952276,20.038046
1994,21.260927,30.707077,22.204037,5.4019103,16.219248,7.4178367,18.488161,14.240485,13.357508,7.392846,23.806482,12.482946,13.077558,25.44656,12.764777,23.227285,30.907375,17.051014,19.17858,17.518703,9.037613,5.9071026,28.597147,25.736631,29.546293,20.296062,7.758655,12.427659,10.073987,26.248714,26.738926,24.5066,15.156621,11.613269,19.61429
1995,22.942984,29.682854,22.982807,8.495797,20.837814,13.757446,17.874495,12.409757,20.186274,9.792448,19.914415,13.982554,11.42789,22.46471,17.311913,27.989687,27.32822,16.44439,15.309444,17.327251,8.522737,5.925503,27.577707,21.885221,28.019276,15.914883,13.912895,11.884975,10.558068,19.229904,25.823002,23.51821,11.77061,10.41264,18.647026
1996,21.865936,32.14803,23.261265,5.3640165,17.739819,5.871934,19.662916,14.891438,11.385649,6.828,24.947742,12.459719,14.018571,26.922077,11.561544,22.454683,33.496746,18.175146,21.204815,18.554443,9.928405,6.8998747,30.033869,28.012041,30.542513,22.004923,6.1920495,12.632444,10.625334,28.141647,28.122211,25.817106,16.625923,12.154084,20.774508
1997,21.877312,29.88176,22.22248,6.646596,16.128849,9.897711,17.683382,13.636831,16.227322,7.932647,22.604633,12.813425,12.299528,24.324486,14.378366,24.801775,29.069315,16.608723,17.234518,16.821476,8.324335,5.269,27.773657,24.1032,29.170052,18.740572,9.979244,12.305351,9.416292,24.166992,25.955992,23.714088,13.719233,11.259353,18.858122
1998,21.235119,31.689915,22.660942,4.9250116,16.947884,5.5965047,19.387533,14.758905,11.140459,6.9427824,24.833883,12.346041,13.807447,26.534458,11.501668,22.112993,32.857327,17.725758,20.974977,18.32504,9.732825,6.7122183,29.568438,27.373331,29.946472,21.739393,6.1326785,12.456122,10.603184,28.007332,27.67522,25.408495,16.427927,11.882484,20.437353
1999,21.648355,30.95393,22.89298,6.010193,18.72485,6.652248,19.09873,13.931728,11.847628,6.82396,22.998838,12.355793,13.241528,25.307022,11.903412,22.558287,31.852205,17.780943,19.990038,18.233131,9.907365,7.0618024,29.031366,26.601496,28.938017,20.18455,6.803272,12.074415,10.776543,25.199062,27.211075,25.00333,15.391235,11.869196,20.13548
2000,20.858324,30.968807,22.31709,5.0977774,19.955223,6.6932817,19.269249,13.698891,12.038273,7.3805304,22.642202,12.413872,13.111875,24.754745,12.360776,23.071962,31.599327,17.125477,19.835398,18.491528,10.069573,7.2400374,28.953253,25.620848,28.67798,19.426134,7.27423,11.841202,11.646289,24.256096,27.156183,24.839518,15.036433,11.258553,19.91715
2001,31.823957,26.464727,30.842026,27.066381,30.273289,15.268193,19.601408,8.367882,16.81882,3.116663,8.408715,14.056158,7.8691654,16.38177,15.682627,26.677114,25.22107,24.275755,16.678999,20.079126,16.125528,15.271529,25.924372,24.142767,14.4676285,10.592206,12.582844,7.196013,11.62833,6.2691774,25.718117,23.352617,10.311943,14.07631,20.018217
2002,21.708103,30.600746,22.966574,6.481689,19.520407,6.601774,19.065939,13.552694,11.492241,6.5775776,22.14483,12.270873,13.002252,24.72484,11.730486,22.340601,31.556,17.863424,19.871145,18.334192,10.15785,7.477441,28.78169,26.341963,28.137945,19.616995,6.6714077,11.73077,10.934121,24.010757,27.013304,24.833635,15.1057625,11.846914,20.040918
2003,21.06918,30.937866,22.296625,5.1356783,17.45301,6.62265,18.879457,14.18062,12.227034,7.2250824,23.733074,12.324189,13.286365,25.529482,12.1306095,22.66829,31.592102,17.232561,19.793613,17.912628,9.457924,6.4384327,28.879026,26.19651,29.389708,20.454927,7.025206,12.250159,10.544499,26.173077,27.026628,24.780823,15.433373,11.589136,19.876871
2004,24.50487,29.178717,25.40158,12.762337,26.500774,9.865074,19.587164,11.108782,13.366722,5.9103947,15.474164,13.194628,10.954295,20.6086,13.744438,24.73451,28.786337,19.627293,18.397612,19.928637,12.63577,11.0807495,27.835264,24.149557,22.724413,14.787254,9.274693,9.792883,12.864313,14.272088,26.527952,24.448229,12.782366,12.039496,20.108107
2005,21.706247,31.889915,23.09098,5.347432,17.565811,5.7963095,19.507868,14.777304,11.248283,6.7453313,24.751627,12.359143,13.907922,26.718971,11.438829,22.238283,33.247078,18.052568,21.059788,18.411171,9.853014,6.85867,29.79721,27.814356,30.277044,21.855925,6.1111026,12.528255,10.526054,27.94062,27.900158,25.619093,16.511774,12.071814,20.617498
2006,22.269457,31.016087,23.422401,6.8539863,19.482819,6.950151,19.228037,13.756839,11.997732,6.6849775,22.587397,12.449858,13.177398,25.14286,12.0057,22.772074,31.91588,18.194761,19.969717,18.469563,10.151682,7.4107428,29.193169,26.773188,28.69077,19.932375,6.9115396,11.953922,10.770216,24.482742,27.391422,25.173761,15.196069,12.11756,20.302223
2007,21.637701,31.396929,22.88275,5.545698,17.599064,6.420241,19.185349,14.436272,11.8990555,6.996976,24.124847,12.422392,13.572399,26.095856,11.878111,22.53717,32.343353,17.805914,20.346079,18.164143,9.688344,6.6651897,29.36607,27.109503,29.76296,21.083952,6.6790357,12.428652,10.484905,26.850882,27.491196,25.253012,15.89556,11.979585,20.313732
2008,22.962084,27.747955,24.158237,15.76312,31.866415,15.10318,21.96848,9.032516,18.414774,13.362913,9.36473,17.715694,7.4461403,13.647754,22.734962,31.137741,19.253199,18.295713,16.26981,23.098875,17.463007,14.5805025,25.771229,14.87819,10.98004,7.6825624,18.640799,7.637316,19.095592,3.521679,25.624775,23.067476,10.32903,9.126908,19.814148
2009,21.46113,30.463161,22.47867,5.9520197,17.254395,7.209151,18.558558,13.913092,12.662603,7.0120845,23.037756,12.366068,12.985009,25.086376,12.298761,22.738596,30.935387,17.385145,19.255146,17.65165,9.366403,6.3862686,28.503555,25.97772,28.883432,19.960928,7.3351054,12.182734,10.239711,25.296467,26.68252,24.521566,15.034114,11.756145,19.710676
2010,22.070555,30.02545,22.951942,7.53396,21.429344,9.449057,18.696821,12.724472,14.798277,7.476229,20.278288,12.793529,12.123771,23.091553,13.95764,24.81621,29.650024,17.214209,17.881075,18.19849,9.949502,7.4470186,28.090456,23.98129,27.456781,17.213556,9.523289,11.344469,11.362003,20.607594,26.41876,24.117895,13.398574,11.010704,19.327776
2011,21.471907,30.338196,22.338596,6.032193,17.28807,7.905937,18.375263,13.786034,13.640849,7.281801,22.875872,12.433572,12.780536,24.76086,12.908005,23.413866,30.457483,17.06111,18.686773,17.49524,9.15552,6.1614466,28.312258,25.292147,28.948927,19.454708,8.077417,12.103996,10.152857,24.810318,26.508718,24.269583,14.58129,11.497009,19.422762
2012,20.948563,30.819473,23.196308,6.953105,27.33524,6.516475,20.804115,12.239714,10.369655,6.264206,18.076765,12.66045,12.053536,22.053099,12.640364,23.91334,31.521112,17.935816,20.705187,20.518808,13.123018,10.838413,28.993671,24.40457,25.061152,16.217188,7.3971763,10.436029,15.462574,17.958267,27.575703,25.114887,14.686109,10.73483,20.374653
2013,21.917929,24.577414,21.932009,12.294796,20.45181,24.003267,16.73964,9.9971895,27.918219,19.586836,9.676215,21.39828,7.748595,16.885761,26.353958,31.779797,13.160342,16.697313,10.081202,18.64258,8.485962,6.489149,22.654776,14.478002,14.723576,10.963639,25.68115,13.500599,15.406303,5.2840033,20.829153,21.76143,10.301572,9.678021,19.429487
2014,24.393192,29.51015,24.394794,10.759506,19.713978,11.6427,18.070606,12.5691805,17.016832,7.53415,19.917734,13.254183,11.700995,22.97319,14.904139,25.531107,28.313105,18.437002,16.556883,17.505613,9.474364,6.821272,27.870651,24.56316,27.167128,17.023296,10.863658,11.703417,9.459677,20.155231,26.248419,24.113691,12.548821,12.204388,19.443995
2015,21.666723,30.948074,23.062775,6.2744417,20.197956,6.459444,19.403795,13.616473,11.361303,6.79882,22.247658,12.425844,13.121594,24.81586,11.863992,22.561113,31.887629,17.927633,20.214098,18.72108,10.435863,7.762187,29.10273,26.405573,28.156645,19.649588,6.70791,11.7316265,11.417801,23.95589,27.325571,25.102785,15.246015,11.820187,20.261436
2016,31.654898,25.404015,30.266474,26.845924,28.153366,15.884679,18.341352,8.060467,17.611177,3.4645693,8.720538,13.767189,7.6526747,16.287327,15.387386,25.769033,24.0789,23.716005,15.305172,18.738487,14.449609,13.818562,25.02836,23.650806,14.525142,10.611997,12.951136,7.251236,9.787897,6.633198,24.7084,22.547424,9.37836,14.027386,19.289349
2017,28.98807,25.623486,27.440142,22.01615,27.13311,22.396746,17.590046,8.804316,25.862722,11.558583,9.743278,17.263744,7.5280485,16.255201,22.116207,30.819315,19.278883,20.185472,11.467436,17.717728,11.513383,9.789359,24.233849,18.892841,16.405746,9.808377,21.66181,9.802408,10.762799,6.1261616,23.57976,21.858112,8.371113,11.397257,18.661734
2018,21.901655,31.008896,23.1252,6.3387985,18.828913,6.62265,19.18275,13.930421,11.727203,6.72616,22.91839,12.412972,13.2525625,25.327215,11.859567,22.520235,31.938444,18.010723,20.117552,18.355066,10.047571,7.228351,29.125767,26.794859,28.800554,20.236715,6.71643,12.053221,10.768129,25.100239,27.312046,25.115274,15.452686,12.033609,20.260193
2019,25.25125,23.824379,24.50807,18.19187,25.998943,27.414532,16.74563,8.587751,30.29481,18.697079,6.823151,21.478973,6.5706415,15.511359,26.95325,32.802624,13.358218,18.086763,9.384805,18.071886,9.695155,8.270396,21.951015,14.607795,12.708287,9.619189,28.375746,12.212915,14.398915,2.5720036,20.697046,21.015322,9.266225,9.268503,18.919992
2020,21.999952,31.410076,23.679981,6.6330867,22.410526,5.6959777,20.021318,13.493629,10.083676,6.255498,21.9188,12.224857,13.402981,24.96905,11.0458,22.051207,33.10528,18.523104,21.065063,19.367855,11.11526,8.716814,29.656906,27.312456,28.128267,19.821386,5.809754,11.454643,11.947538,23.574318,27.902504,25.63112,15.604228,11.957008,20.742855
2021,23.917635,27.639187,23.528786,11.887026,23.104113,16.48836,17.349411,10.935042,21.71112,10.540126,15.812102,14.85845,9.967217,19.677776,18.674871,28.39065,23.737839,16.886223,13.31307,16.903677,9.171781,6.761965,25.754013,20.087236,23.89237,13.137082,16.442104,11.097266,10.693041,13.882323,24.389404,22.36157,10.239521,10.2265835,18.145454
2022,21.75214,32.03905,23.201767,5.346846,18.080479,5.7271075,19.669905,14.762483,11.121952,6.774032,24.736542,12.377311,13.9775,26.751345,11.403421,22.272247,33.46215,18.142881,21.199541,18.581781,9.993199,7.0223913,29.95708,27.93788,30.303612,21.843752,6.0513744,12.50197,10.717824,27.840874,28.05745,25.75904,16.538847,12.079638,20.734259
2023,21.569845,31.456594,22.678333,5.2831025,15.709888,6.2659774,18.943396,14.843834,12.104021,6.9349403,25.006538,12.361704,13.677439,26.636578,11.846262,22.429396,32.38668,17.654877,20.413847,17.827564,9.266774,6.1366076,29.314678,27.23178,30.343592,21.838219,6.5895925,12.664609,9.815971,28.34153,27.407364,25.156874,16.254284,12.016045,20.193111
2024,21.824984,31.819403,23.06653,5.446077,16.760061,6.108378,19.322632,14.880156,11.733643,6.811965,24.915613,12.448748,13.852082,26.802385,11.697338,22.4434,32.983635,18.010202,20.84934,18.207077,9.645285,6.5620522,29.701614,27.727125,30.436941,21.943369,6.386062,12.6826515,10.236786,28.2048,27.794668,25.530352,16.488688,12.159559,20.535616
2025,29.817265,26.550829,28.640745,22.966602,27.947681,16.926561,18.68669,9.007528,19.949339,7.5401797,11.406608,14.7550125,8.535197,16.649412,17.823807,27.612097,22.59933,21.775915,13.621229,18.51123,13.334728,11.347111,25.678524,21.966776,17.104765,10.419734,15.5607605,8.505104,9.431033,7.9359775,25.351608,22.856329,8.436977,12.939768,19.295172
2026,21.619476,22.563053,21.924406,13.485237,17.994356,28.30425,15.797587,10.171835,30.708755,20.743233,5.864076,23.73844,7.268239,17.037334,28.06995,32.201202,9.42427,17.903807,8.065918,17.855833,7.2995896,5.285257,20.701714,15.152451,13.147215,11.043884,28.717615,16.57149,16.926548,2.83552,18.590988,21.58048,11.528649,10.51346,20.464296
2027,21.51496,30.828157,22.405033,5.5739284,15.320008,7.1267233,18.46985,14.494582,13.051443,7.1789627,24.316711,12.458814,13.244405,25.92603,12.448137,22.850492,31.213375,17.336464,19.475824,17.435043,8.9528055,5.7808294,28.736687,26.332201,29.79873,20.953703,7.367309,12.602489,9.652217,27.194613,26.85187,24.662897,15.52734,11.909554,19.778368
2028,22.180275,30.562172,23.485312,7.5086203,22.417744,7.6365967,19.424839,12.865439,12.315292,6.8955297,20.482065,12.646315,12.564003,23.640007,12.616318,23.4737,31.08651,18.06388,19.498007,19.059288,10.796987,8.4880085,28.8167,25.445507,27.028214,18.109013,7.7369137,11.223852,11.987815,21.111189,27.112038,24.901884,14.343443,11.605984,20.116499
2029,21.505873,30.94132,23.874943,7.542594,27.793972,5.235659,21.020882,12.294136,8.448939,5.323801,18.113735,12.264355,12.474487,22.544224,11.134584,22.450457,32.643333,18.811579,21.599056,20.727322,13.500346,11.401398,29.335823,26.05105,25.079937,17.053907,5.6914496,10.358046,15.058437,18.436277,27.9118,25.570208,15.284181,11.46468,20.8874
2030,21.43603,30.383562,22.286755,5.9702053,17.481407,8.166774,18.415134,13.756727,14.016426,7.5333376,22.811022,12.566202,12.71834,24.624043,13.262955,23.785355,30.291273,16.935165,18.559656,17.568573,9.175176,6.1625133,28.320583,24.98398,28.896124,19.23468,8.449278,12.082449,10.3327465,24.541508,26.521889,24.246582,14.448467,11.383106,19.381151
2031,27.902002,26.846172,28.157497,23.308004,32.081776,15.297394,21.230394,8.425261,17.294779,6.5263543,7.163819,15.754837,7.099507,14.377675,19.160954,29.369158,22.396488,22.133017,17.065634,21.978685,18.19613,16.437271,25.609348,19.783897,11.431694,8.401441,15.413298,7.128023,16.694447,3.7766786,25.658817,23.175787,10.763783,11.726891,20.06482
2032,23.169407,28.765095,24.398544,13.466611,30.59874,12.906161,20.897264,10.224638,16.51954,7.729328,11.88631,14.886449,9.070968,17.109447,18.251774,29.032587,25.319145,18.373934,17.286413,20.884693,15.301666,12.693394,26.813824,19.450289,18.778528,10.4203,14.107544,9.048054,17.245914,9.151477,26.211653,23.480215,11.776653,9.875513,19.461138
2033,24.763542,28.732742,25.37969,12.968679,24.215822,9.463988,18.985313,11.216459,12.910405,5.709172,16.099806,13.016844,10.99623,20.91111,13.112028,23.6464,28.452572,19.788675,18.193533,19.324242,11.953527,10.353136,27.571255,24.598085,22.682348,15.4454775,8.652628,9.938068,11.464657,15.24768,26.205074,24.267904,12.710855,12.615079,19.995634
2034,21.523783,30.087854,22.18784,6.242874,17.173159,8.833514,18.106785,13.605155,14.854025,7.6550045,22.53871,12.607068,12.483281,24.316017,13.696177,24.189405,29.690405,16.725405,17.953083,17.282637,8.886748,5.8907604,28.009155,24.439901,28.826836,18.826206,9.055433,12.050973,10.039034,24.086063,26.223528,23.943148,14.031705,11.238953,19.09247
2035,31.824203,26.172787,30.853302,28.095219,31.540897,16.286772,19.92726,7.966086,17.845533,3.9727442,7.390332,14.478903,7.3147,15.283804,16.904442,27.721449,23.883,24.192501,16.184221,20.37112,16.89547,15.93067,25.520035,22.924873,12.852768,9.420737,14.058014,6.7689714,12.363898,4.717717,25.551311,23.04332,9.791414,13.495979,19.874783
2036,25.08081,30.121162,25.49573,11.643613,20.21565,8.800835,19.05383,12.841854,13.137326,5.9311233,19.911951,13.063049,12.164817,23.622871,12.825468,23.45693,30.219973,20.013582,19.125532,18.80935,11.043629,8.658358,28.74781,26.71798,25.96776,18.403078,7.9499702,11.330261,10.023742,20.772259,27.17569,25.122728,14.104238,13.430158,20.563065
2037,21.799225,29.264206,22.00752,6.9487133,16.214617,10.787047,17.287565,13.276538,17.027899,8.105651,21.604946,12.964359,11.887896,23.635242,14.870684,25.132833,28.059067,16.344505,16.423027,16.482271,8.081133,5.0895524,27.182415,23.345528,28.619257,17.958164,10.7682,12.258076,9.418282,22.871325,25.383251,23.255518,13.218826,11.030994,18.504843
2038,25.519981,29.993185,26.75175,13.654636,27.225689,7.765927,20.529737,11.492994,10.335871,4.689282,15.562373,13.242886,11.536862,21.466045,12.120529,23.211275,30.745863,21.299204,20.625631,21.122984,13.93456,12.548749,28.915215,26.542316,22.246756,16.200579,6.967781,9.811385,13.297642,14.871959,27.594662,25.65362,14.239921,13.418198,21.367678
2039,21.269505,30.606613,23.777832,8.2599535,28.997442,5.88723,21.396648,11.831719,8.949962,5.3310995,16.195095,12.801231,11.587332,21.078646,12.412319,23.731642,31.40379,18.734371,21.534575,21.40688,14.658934,12.515568,28.935581,24.435183,23.034178,15.374172,6.774541,9.929136,16.86323,15.803103,27.690933,25.298937,15.05309,11.079606,20.759588
2040,21.300394,30.817356,22.286976,5.4067264,16.443802,7.3009543,18.607645,14.256464,13.197758,7.418296,23.857283,12.510704,13.136463,25.501017,12.715851,23.193388,31.062706,17.137644,19.330236,17.64738,9.146752,6.023509,28.720451,25.860773,29.520796,20.354826,7.669581,12.415382,10.180279,26.27071,26.859583,24.619316,15.217222,11.653349,19.71596
2041,25.195293,28.709934,25.759617,13.65422,24.532759,9.5985775,19.061216,11.111557,12.890573,5.480299,15.6740465,13.1123905,10.894063,20.762882,13.141157,23.718355,28.433573,20.131731,18.274334,19.510395,12.189807,10.698309,27.60652,24.706049,22.312883,15.303304,8.67223,9.838877,11.506111,14.705173,26.26589,24.355938,12.699229,12.825607,20.119598
2042,21.77279,31.651714,22.82529,5.3664417,15.289838,6.376867,18.994612,15.028151,12.328542,6.982044,25.319551,12.493443,13.760522,26.902966,12.005231,22.615599,32.521248,17.77984,20.523304,17.859915,9.238698,6.044132,29.482445,27.430613,30.606913,22.105341,6.6988616,12.833123,9.735807,28.783981,27.555693,25.301828,16.412756,12.163955,20.312216
2043,19.271494,30.781305,22.690882,7.3692245,32.1823,5.9057302,23.015968,11.554113,8.723258,5.3013883,13.462621,13.6359005,10.383557,18.69146,14.678694,26.175713,29.97999,18.007349,22.169504,22.79295,17.647297,14.473044,28.739248,21.611877,20.25251,12.318538,8.296987,9.590069,21.691055,12.448867,28.003235,25.160112,15.348905,9.786951,20.767912
2044,21.863659,29.80529,22.369331,6.871765,17.477167,9.645887,17.910666,13.373999,15.600557,7.665636,21.881355,12.734202,12.248744,23.950615,14.078054,24.581217,29.185772,16.786886,17.403887,17.109144,8.786774,5.8429055,27.762253,24.160887,28.62317,18.32905,9.657814,12.041685,9.914608,23.202013,25.994972,23.764303,13.665413,11.228638,18.962877
2045,21.461922,31.059614,22.638952,5.5288715,17.196838,6.518781,18.926819,14.305842,12.022771,6.996216,23.93435,12.333299,13.403787,25.832539,11.900782,22.44399,31.894321,17.59171,20.017527,17.92253,9.498843,6.4840813,29.041859,26.74447,29.518,20.847425,6.769319,12.342491,10.282785,26.610611,27.179665,24.96491,15.663668,11.8684025,20.067272
2046,19.485947,30.05996,23.081188,10.815175,33.743004,7.609493,24.671686,10.787131,9.832465,5.9354625,9.074108,15.716423,8.295427,15.03524,18.528244,29.385183,25.862448,18.747461,22.244257,24.863956,21.670921,17.555061,27.821083,18.109741,13.619308,8.559922,11.340773,8.543575,25.721481,6.700209,27.852947,24.782633,15.133801,9.521684,21.105534
2047,25.45954,28.604187,26.740238,17.272928,30.826532,9.816681,21.43904,9.979389,11.949068,4.012333,10.565148,13.913694,9.058573,17.194353,15.07691,26.367577,27.474743,21.143713,19.972406,22.093275,17.400986,15.605025,27.270243,22.4611,16.541433,11.531852,9.83927,8.021583,16.941383,8.696206,26.773252,24.224947,13.174251,11.969935,20.432735
2048,21.41939,30.547348,22.477625,5.890207,17.867538,7.3288393,18.667887,13.835953,12.807393,7.1325064,22.88511,12.407338,12.962302,24.94735,12.468884,22.99625,30.968056,17.309776,19.225328,17.795277,9.471869,6.520024,28.567167,25.788363,28.867971,19.72525,7.520483,12.104285,10.494392,24.925337,26.754704,24.54815,14.920636,11.629641,19.707651
2049,20.0931,31.000385,23.433235,8.455618,32.760937,6.121343,23.261108,11.583706,8.745466,4.6182723,13.083522,13.683502,10.38691,18.79145,14.617672,26.434652,30.4794,18.65415,22.499044,23.010014,18.137884,14.979995,28.990055,22.234625,20.296637,12.360969,8.169074,9.606871,21.799053,12.244031,28.305021,25.421337,15.567746,10.176058,21.03767
2050,25.765055,24.237408,24.616089,17.605618,24.457558,27.547844,16.053322,9.013649,31.151583,17.408731,8.310263,20.759758,6.96723,16.483768,26.441263,32.9408,14.728614,17.765985,8.93276,16.953384,8.356225,6.938974,22.35385,15.254422,15.575986,10.058402,27.965246,12.584932,12.976083,4.5379543,20.936466,20.981401,8.944358,9.444715,18.449808
2051,29.077126,26.811245,28.307379,21.696558,27.413857,14.869682,18.849741,9.285575,17.613878,6.134858,11.591625,14.242209,8.823323,17.260845,16.319817,26.44362,24.117348,21.828228,15.1272545,19.009665,13.657107,11.981684,25.981234,22.7426,17.350485,11.311166,13.372413,8.408498,10.3474045,8.821276,25.46917,23.134493,9.60113,13.10161,19.502241
2052,21.234072,31.348015,22.681292,5.1825733,18.711746,6.0352726,19.331354,14.215471,11.333145,6.9801917,23.770548,12.243846,13.562209,25.80716,11.5886345,22.297424,32.49063,17.631601,20.464296,18.350979,9.889054,6.9876785,29.332546,26.924171,29.494177,20.770742,6.3974576,12.168158,10.91853,26.272451,27.477148,25.210367,15.801106,11.705881,20.267162
2053,18.572361,30.043356,21.563711,5.6277514,28.172527,4.8725533,21.416245,11.785151,8.24014,6.003128,16.246607,12.596607,11.053345,19.870083,12.92771,23.698374,29.955881,16.940058,21.21906,21.052322,14.958766,12.070515,28.116522,22.102364,21.913927,14.15948,7.039119,9.663748,18.181671,15.797228,27.080524,24.394136,14.775294,9.703569,19.896599
2054,29.110016,27.203133,28.719238,21.20408,26.660765,12.073367,19.033041,9.599318,14.096085,3.5819478,11.549969,13.5417795,9.252002,18.458149,13.789797,24.389048,26.76347,22.686834,17.621202,19.760395,14.11239,13.156445,26.573933,24.799528,17.731022,13.103616,9.966286,8.343022,10.887629,10.007485,25.789127,23.79645,11.51393,14.075462,20.113764
2055,22.452137,29.768454,25.594784,15.689903,34.59553,8.285512,25.053541,10.388693,9.632679,4.2344565,7.213102,15.891421,7.8444085,14.630495,18.223158,29.387033,25.954357,21.19596,22.859735,25.440527,23.25964,19.476994,27.899364,19.79669,11.597911,8.422716,10.942169,8.109015,25.270882,5.122447,28.1683,25.205202,15.365201,11.10639,21.850866
2056,19.510092,31.311459,22.15382,4.3351965,25.923615,4.5451984,20.901258,13.021254,8.551709,6.1000423,20.238047,11.974442,12.893685,23.373264,11.22398,22.43949,32.943512,17.277658,21.576223,19.98772,12.693196,9.891292,29.337051,25.49494,26.858315,17.81703,5.683966,10.923101,15.189306,21.40888,27.8441,25.258818,15.675664,10.531851,20.388594
2057,22.095129,29.902729,22.801147,7.433205,19.713161,9.406192,18.370592,12.967428,14.95174,7.5240574,21.001047,12.730415,12.182406,23.454212,13.878721,24.54038,29.462759,17.152653,17.730272,17.759338,9.504949,6.8249426,27.968637,24.175138,27.781847,17.733843,9.420805,11.57335,10.633162,21.736437,26.262041,23.995243,13.484,11.204073,19.21344
2058,32.96797,25.369461,31.565563,30.090963,31.307507,17.974241,19.267551,7.5512652,19.240496,3.7279823,6.4706206,14.582312,6.8900557,15.133526,17.055008,27.667952,23.14278,24.796637,15.315077,19.463097,16.347095,15.653328,24.84827,23.306185,12.335312,9.282941,15.094851,6.891183,11.39274,4.2839284,24.925127,22.630796,9.357247,13.812981,19.686993
2059,27.03846,27.876389,26.76643,17.050743,25.302383,12.89557,18.668396,10.347744,16.405888,6.742976,14.521228,13.806227,10.002889,19.194828,15.346756,25.563772,25.818787,20.557726,15.87869,18.856022,12.14252,10.343467,26.882492,23.358564,20.717466,13.238853,11.8111,9.446175,10.306158,12.267691,25.884161,23.720232,10.577052,12.840856,19.661598
2060,21.608158,31.516575,22.857962,5.4232764,17.051462,6.2091594,19.212454,14.6115465,11.762209,6.969709,24.48937,12.429666,13.662132,26.3401,11.801782,22.435171,32.50539,17.824795,20.544676,18.171268,9.641089,6.589801,29.453907,27.267015,29.920568,21.417955,6.5318685,12.506323,10.3867,27.436634,27.564098,25.322395,16.108599,12.024839,20.36691
2061,21.245703,30.4888,22.190166,5.7889843,19.046768,8.609503,18.614761,13.48995,14.55748,7.9144206,22.285374,12.694104,12.595637,24.158642,13.797694,24.505514,30.178162,16.636892,18.337677,17.86688,9.362699,6.4686527,28.36728,24.293776,28.766977,18.509027,9.096558,11.868015,10.974824,23.411695,26.593735,24.215317,14.052661,10.946004,19.289251
2062,20.640144,30.377022,24.093157,13.38472,34.91553,8.720639,26.041468,10.404092,11.012648,9.049127,8.471215,17.500563,7.785238,13.243084,21.363525,31.217163,22.861988,19.714415,21.77516,26.854,23.628546,18.949081,28.259895,16.373993,9.576488,6.912091,13.709085,7.7988105,26.36686,3.6142004,28.665962,25.419134,13.861604,9.945959,22.03324
2063,21.749819,28.933815,24.860518,14.95116,33.533768,7.686733,24.188303,10.258697,8.793223,3.0016758,6.9315286,15.073841,7.7541227,14.639536,16.929651,28.076725,26.112812,20.637283,22.562132,24.348299,22.474287,18.818977,27.09172,19.92845,12.14868,8.5875025,9.902092,8.105284,24.565125,5.6437917,27.323757,24.463392,15.44721,10.879505,21.16371
2064,21.450766,30.587791,22.249811,5.6131287,14.939286,7.356406,18.2336,14.420835,13.356737,7.1628675,24.19791,12.399185,13.110026,25.762356,12.550091,22.904764,30.865046,17.166006,19.147406,17.195648,8.744081,5.569271,28.48738,26.041067,29.761627,20.7774,7.5534544,12.580711,9.423735,27.062313,26.611137,24.43041,15.334667,11.824228,19.566954
2065,21.584265,30.780943,22.871376,6.135975,19.148079,6.502686,19.108263,13.742641,11.5335245,6.7220774,22.59698,12.295372,13.13549,25.009882,11.76126,22.375704,31.727524,17.787508,19.989952,18.314564,10.058513,7.2989535,28.908829,26.457941,28.488031,19.918425,6.6577535,11.877131,10.910465,24.63099,27.11398,24.918915,15.276167,11.827455,20.090122
2066,20.810339,30.984173,22.695267,5.438274,22.972404,5.789185,19.856268,13.186325,10.307106,6.753049,21.315128,12.186155,13.098157,24.205864,11.445453,22.341635,32.323174,17.573353,20.59475,19.251665,11.054837,8.623592,29.120672,25.981276,27.645517,18.907705,6.313371,11.262364,12.7051525,22.534437,27.39688,25.102669,15.18736,11.196189,20.244867
2067,24.112968,26.050848,23.568201,13.569488,22.84687,20.976645,16.906317,10.353736,25.295254,13.939751,12.378219,17.690178,8.866868,18.278505,22.155659,30.091185,18.982046,17.310503,11.236709,17.002314,8.949576,6.478261,24.209467,18.238176,20.284555,11.786462,21.09514,12.36871,12.018381,9.629272,22.829367,21.958523,9.940302,10.32735,18.63614
2068,28.484838,26.168087,28.49344,24.488087,31.626257,15.259441,20.700775,8.12729,16.944601,5.5188704,6.631232,15.233211,6.934061,14.236259,18.285416,28.509857,22.341133,22.514193,16.775442,21.395061,17.98762,16.44209,25.114979,20.352833,11.18574,8.4206295,14.72264,6.9130907,15.724393,3.613679,25.20654,22.81141,10.56745,12.066827,19.806175
2069,25.498787,27.302872,25.037653,15.390371,26.679024,18.344557,18.241846,10.145298,22.589643,11.154965,12.895855,15.950748,9.200905,18.069864,20.1499,29.617432,22.183638,18.269821,13.059126,17.930162,11.113427,8.661891,25.526567,19.776178,20.84211,11.405494,18.25057,10.587902,12.011597,9.979537,24.573101,22.571007,9.85073,10.6020775,18.766108
2070,21.472456,31.04219,22.534336,5.4737864,16.313614,6.792465,18.774996,14.446196,12.532518,7.158551,24.21547,12.439409,13.3685465,25.942474,12.219471,22.708515,31.631605,17.47608,19.828613,17.75411,9.268454,6.159096,28.974575,26.57459,29.710804,20.95143,7.0819182,12.501329,10.064254,26.990072,27.095364,24.88518,15.650545,11.891585,19.981466
2071,22.545698,29.345398,22.723608,8.232919,19.346165,12.271795,17.727777,12.641523,18.312302,8.711399,20.056082,13.506557,11.536657,22.669418,16.013138,26.517931,27.557001,16.639977,15.906835,17.133392,8.720287,5.983119,27.298882,22.597124,27.689379,16.54433,12.238446,11.852459,10.307837,20.136772,25.580757,23.390028,12.43096,10.772805,18.6609
2072,21.043688,30.457914,22.087372,5.587134,19.122227,8.136852,18.66924,13.46945,13.967144,7.7987843,22.312765,12.563879,12.640087,24.16008,13.450867,24.108116,30.33658,16.624296,18.568562,17.925488,9.461551,6.598322,28.363802,24.404886,28.60081,18.607458,8.675898,11.771456,11.050469,23.50952,26.59414,24.22256,14.171233,10.935232,19.30926
2073,21.691835,30.57903,24.407534,9.2630625,30.608215,5.336525,21.854769,11.617994,7.7291965,4.2855673,14.980873,12.663521,11.465247,20.65997,11.843471,23.388363,31.838688,19.505568,22.175343,21.856997,15.763064,13.619798,29.049086,25.109375,22.248276,14.986463,5.974963,9.7175865,17.634163,14.681975,27.948479,25.571115,15.406889,11.486556,21.140688
2074,21.437176,31.029768,22.57257,5.4892387,16.897266,6.636388,18.859203,14.335121,12.230956,7.0834413,24.008558,12.371039,13.374384,25.832668,12.0391655,22.555475,31.750977,17.52093,19.912275,17.85685,9.404731,6.3573074,28.996061,26.626772,29.557077,20.836035,6.9097037,12.387114,10.217192,26.68427,27.12754,24.915052,15.619403,11.856638,20.0161
2075,22.796099,30.024572,22.98931,7.959547,18.75471,11.731068,17.9812,13.105052,18.056528,8.596822,21.311617,13.422905,11.963671,23.533396,15.763079,26.47648,28.566092,16.88111,16.520124,17.312794,8.696893,5.847031,27.947807,23.387983,28.685667,17.432081,11.725912,12.094201,10.060274,21.738127,26.172306,23.866444,12.865052,11.07406,18.974253
2076,21.424585,30.300648,22.238258,5.9378896,16.478449,7.8888206,18.271467,13.922644,13.720923,7.339183,23.126965,12.488573,12.786208,24.894974,12.968032,23.368803,30.309307,17.019842,18.67478,17.370388,9.018639,5.945902,28.253237,25.296629,29.00071,19.666233,8.098265,12.226844,9.977261,25.237312,26.436867,24.226807,14.690829,11.563568,19.396729
2077,23.309313,29.27967,23.49766,9.701445,21.797958,12.701746,18.156181,12.117827,18.292036,8.719924,18.834974,13.616318,11.343831,21.855236,16.173048,26.786505,27.242077,17.252668,15.665867,17.612938,9.517815,6.8778257,27.383572,22.58243,26.6725,15.53736,12.5136175,11.387717,10.588549,18.104412,25.8297,23.561213,11.835069,10.905097,18.906914
2078,20.326101,30.03444,23.874485,12.426646,34.10038,7.6927876,25.049776,10.71148,9.567206,5.3294845,8.200946,15.954069,8.019838,14.621777,18.690731,29.622734,25.688244,19.574894,22.644907,25.313545,22.664537,18.484585,27.860485,18.35294,12.461877,8.255595,11.312319,8.341843,26.066917,5.863952,28.050816,24.953209,15.343942,10.005653,21.4266
2079,18.294584,31.083294,23.181652,10.675638,36.424427,6.328982,27.269402,11.404337,7.4601965,4.0356045,6.159325,16.874388,7.6060467,13.858258,19.807606,31.157917,26.215588,19.731865,25.08026,27.082676,26.224123,20.745644,28.499813,17.795607,10.988737,7.076173,11.194172,9.043234,31.621382,4.805256,29.089428,25.791254,17.67191,9.621568,22.452421
2080,21.841293,27.28305,21.27539,8.199552,16.523123,14.893154,15.765766,11.906889,21.458326,9.874036,18.98358,13.62305,10.408429,21.317036,17.492638,27.11847,24.188913,15.032053,12.954588,15.04379,6.644825,3.9487436,25.212704,19.971945,27.056139,15.152605,14.830211,11.970377,8.614602,18.807426,23.466465,21.521612,10.761514,9.856366,17.007793
2081,25.353903,28.939945,26.46564,14.881537,28.049614,8.410959,20.282465,10.702936,10.746154,4.0659113,13.544679,13.043008,10.588398,19.829586,12.570766,23.70245,29.401396,20.972347,19.96875,20.955854,14.622181,13.3098755,27.831198,25.04521,20.372892,14.518406,7.5462613,9.022476,13.884225,12.493465,26.75823,24.705725,13.587936,12.860714,20.63556
2082,24.852953,28.855076,25.917416,14.045223,27.37249,8.748741,19.976473,10.717589,11.479545,4.8941755,14.110795,13.106378,10.592194,19.899542,12.973909,23.900427,28.922014,20.37573,19.428518,20.680758,13.894108,12.628898,27.69089,24.402395,20.679136,14.509933,8.1198,9.102932,13.603035,12.851661,26.517637,24.498682,13.2262745,12.455785,20.36111
2083,28.473467,28.29626,28.795929,20.100014,28.7101,10.111131,20.313807,10.020759,11.774606,2.8466105,11.496162,13.456167,9.729283,18.752403,13.106969,24.307798,28.561846,22.956753,19.629751,21.13732,15.824019,14.66317,27.508606,25.587748,17.946825,13.559827,8.374949,8.301282,12.941137,10.1558895,26.777367,24.62583,12.927151,14.115068,20.859678
2084,21.111393,30.625343,22.424517,5.75436,20.51849,7.363662,19.098969,13.326111,12.687282,7.4308653,21.882463,12.478206,12.769415,24.131174,12.773557,23.489264,30.994555,17.072947,19.283495,18.44002,10.068568,7.381736,28.650763,24.99525,28.105404,18.662052,7.867791,11.564873,11.616057,23.012756,26.89771,24.568228,14.481735,11.123078,19.684467
2085,22.063528,29.514326,22.645624,7.712124,19.74101,10.231845,18.149948,12.722589,15.8397045,7.883729,20.307985,12.98041,11.837587,22.864754,14.5604515,25.09232,28.537786,16.912733,17.0828,17.612696,9.401936,6.7269783,27.559101,23.377342,27.242146,17.049353,10.292479,11.50457,10.721856,20.688177,25.882458,23.661001,13.0495205,10.970718,18.953785
2086,18.550028,23.128016,20.011475,9.493202,15.305148,27.299192,16.95542,11.139293,29.85599,25.143223,6.3911486,25.87695,7.9589305,17.446533,29.975374,32.68665,6.5973344,17.477583,8.66405,20.26236,7.5556817,5.0397205,21.088285,14.115508,11.392235,11.843407,29.083992,18.119455,20.16686,2.1876526,18.532528,22.831974,12.925337,10.766566,22.18835
2087,18.665096,31.600145,23.708344,11.251011,37.581978,6.5768747,27.984657,11.551808,7.5809712,3.8831296,5.713818,17.280832,7.5637207,13.768438,20.403843,32.019264,26.461727,20.247997,25.577503,27.699942,27.24389,21.483673,28.957094,17.98817,10.712198,6.7927504,11.5876875,9.186761,32.682667,4.3820944,29.66928,26.254333,18.010256,9.791671,22.929916
