ID,C1,C2,C3,C4,C5,C6,C7,C8,C9,C10,C11,C12,C13,C14,C15,C16,C17,C18,C19,C20,C21,C22,C23,C24,C25,C26,C27,C28,C29,C30,C31,C32,C33,C34,C35
0,0.6098694,0.78429997,0.6607272,0.30307475,0.66665655,0.1629096,0.5670048,0.3871499,0.18700728,0.17725588,0.47752362,0.3717004,0.38157916,0.57454425,0.31501368,0.4607958,0.8309342,0.5713765,0.63093626,0.5448773,0.4709906,0.45278454,0.77285653,0.72119796,0.6145252,0.5218569,0.19770163,0.3155349,0.3548433,0.5818768,0.71829545,0.6838335,0.460432,0.41275796,0.591963
1,0.67916393,0.85160685,0.6607779,0.22038491,0.83630115,0.2412329,0.51027566,0.29534766,0.41379124,0.21673234,0.6602333,0.3300503,0.3629144,0.62717295,0.40576753,0.7534757,0.82981026,0.46528682,0.43828455,0.433227,0.30766368,0.2246753,0.8056598,0.6522889,0.85636264,0.3800377,0.26549274,0.32236564,0.2876057,0.5780326,0.7464236,0.67253125,0.33523998,0.27571476,0.5121547
2,0.9204731,0.75075877,0.9084694,0.7664184,0.8661129,0.40111655,0.54522926,0.2052258,0.5258565,0.06495203,0.18842942,0.37566993,0.2104491,0.44977704,0.43733567,0.8060216,0.6811353,0.7221096,0.4405245,0.55112284,0.43240738,0.41596895,0.750546,0.728328,0.47382194,0.3322851,0.3231451,0.17033173,0.23224846,0.14239772,0.7247424,0.6625536,0.29359227,0.40047908,0.55567497
3,0.88608325,0.7413466,0.87459964,0.7210163,0.8524181,0.3697475,0.55821276,0.2410349,0.460306,0.08812673,0.2184827,0.38880578,0.24714422,0.4546122,0.43425435,0.75811577,0.67511046,0.69444656,0.4774285,0.5589825,0.46069947,0.456762,0.73801434,0.6908825,0.46970606,0.34566683,0.32492647,0.20400222,0.2934973,0.17470184,0.71809095,0.65905124,0.3281076,0.41462198,0.56540966
4,0.72634584,0.82069606,0.71673286,0.35792953,0.8374425,0.28862798,0.5382312,0.2936723,0.418816,0.18112852,0.5357326,0.36542088,0.33293155,0.56977654,0.4175985,0.74788135,0.7807876,0.5277973,0.45832458,0.49314666,0.3599384,0.30214873,0.77943236,0.63429224,0.75697315,0.37577823,0.28777507,0.28552103,0.31619048,0.44379768,0.73508894,0.6683104,0.34380352,0.31718248,0.5334017
5,0.78904796,0.7768275,0.7907042,0.57896405,0.8725419,0.34693095,0.587787,0.2597095,0.4260707,0.17982168,0.28369737,0.44350848,0.24873917,0.45266652,0.49232706,0.7784249,0.6653341,0.62158704,0.48491985,0.6049137,0.47131458,0.44658342,0.75591856,0.5848492,0.4423286,0.30612284,0.37021762,0.22742769,0.38892922,0.16479248,0.7418413,0.6775155,0.3212826,0.3642702,0.57979023
6,0.8786255,0.75579584,0.86347306,0.6840764,0.84616554,0.40710658,0.54952013,0.239803,0.5162545,0.102347635,0.28212005,0.40259108,0.2495439,0.47143078,0.44240695,0.7807001,0.6791836,0.66773695,0.42865053,0.55022585,0.41712093,0.39317256,0.73944014,0.6842426,0.5435923,0.3417947,0.3406437,0.20713425,0.26366043,0.1971291,0.71320707,0.65665543,0.29518315,0.3902815,0.55119646
7,0.6774234,0.86910474,0.6526265,0.16996796,0.8497547,0.21018259,0.49653497,0.28491688,0.4065957,0.2189034,0.70408994,0.3073779,0.3676714,0.6548328,0.39288148,0.76104736,0.856002,0.44673568,0.4260729,0.4025227,0.2805698,0.18511939,0.8240166,0.6764531,0.8966222,0.37710175,0.24651381,0.33328566,0.26290864,0.63508224,0.7583419,0.67903674,0.32531947,0.25688392,0.5037184
8,0.87754184,0.7469393,0.86440456,0.70123327,0.85061187,0.39368,0.5545715,0.24058023,0.49592876,0.09807214,0.24277604,0.39848572,0.24509768,0.45871535,0.4448761,0.7765876,0.674607,0.6758555,0.45397863,0.55707395,0.44076028,0.43079814,0.73570263,0.6763597,0.49521032,0.33925563,0.34313843,0.20378084,0.28472134,0.18155694,0.71266323,0.6556307,0.31326574,0.3983242,0.55679166
9,0.8319993,0.7909006,0.81763124,0.5628886,0.85005486,0.38589334,0.5425911,0.24790373,0.5103392,0.12964839,0.39334852,0.3990591,0.26974753,0.50580627,0.44507003,0.79681164,0.7165093,0.61245334,0.4168004,0.53024626,0.37922406,0.34057435,0.75841683,0.6595628,0.64923096,0.34053302,0.33340174,0.22498627,0.2707228,0.257434,0.7284463,0.66492504,0.29042447,0.3500827,0.53995335
10,0.8547233,0.7795518,0.83981115,0.60610545,0.8469803,0.3901791,0.5473096,0.24992803,0.5034972,0.11822768,0.36941263,0.40019003,0.2678123,0.49802503,0.4328157,0.78352845,0.7068371,0.6378856,0.42052,0.5417321,0.39356717,0.34678215,0.75139296,0.67923796,0.6277605,0.34760138,0.32124677,0.2247469,0.26505616,0.2426062,0.723343,0.6640154,0.29281217,0.37286386,0.54642284
11,0.5863226,0.72332305,0.6241456,0.25578833,0.4243966,0.7158844,0.4950231,0.24181184,0.78240895,0.59086514,0.14632083,0.7061583,0.16988906,0.5613925,0.8305295,0.93271697,0.35425884,0.5442341,0.34274173,0.6210554,0.17661913,0.12903886,0.6918436,0.51171505,0.43030936,0.31492615,0.69487953,0.4633283,0.61024034,0.07343229,0.5915525,0.70566976,0.43747386,0.38522083,0.6548916
12,0.7984607,0.7801484,0.7818128,0.51418126,0.82538164,0.36986524,0.536744,0.2737938,0.49315152,0.1617353,0.44063368,0.3965983,0.30204612,0.5235238,0.44000998,0.7649133,0.7145273,0.5868907,0.4225506,0.5149976,0.37887034,0.329044,0.7476187,0.6555139,0.66201466,0.36012834,0.33245906,0.26310343,0.28406584,0.32881865,0.71286476,0.65666515,0.31034604,0.35658446,0.5374861
13,0.7568035,0.83707684,0.7343811,0.34562942,0.855569,0.28046817,0.5188577,0.26613924,0.44470778,0.16849104,0.5668622,0.3438451,0.32219425,0.59246397,0.40993673,0.7791635,0.79729474,0.5238229,0.4262267,0.46035832,0.32436964,0.25128376,0.7995757,0.6757573,0.78489655,0.3616704,0.27550212,0.28136522,0.26457864,0.46797124,0.75107133,0.67721117,0.30841693,0.2982205,0.5220038
14,0.70045835,0.84353936,0.6787809,0.2595099,0.83869964,0.2493798,0.50925857,0.28793356,0.423109,0.20921941,0.6323098,0.33166924,0.35659224,0.61792266,0.40812317,0.7543231,0.8172873,0.48135892,0.43323797,0.43401426,0.31287676,0.2322567,0.80072373,0.6644718,0.82927036,0.37425944,0.27142778,0.31926966,0.27613345,0.55646914,0.7444866,0.67133653,0.32776338,0.28480408,0.5139595
15,0.80782545,0.76017964,0.7942646,0.5868491,0.8350666,0.3949471,0.5473753,0.25891966,0.5059594,0.16220896,0.3375444,0.41702366,0.26649413,0.480771,0.47951165,0.78772986,0.67501396,0.6095486,0.43704143,0.5406347,0.4150746,0.39816588,0.73859644,0.6233504,0.5426648,0.3306125,0.37944165,0.23684156,0.31160426,0.22464399,0.71210253,0.65427047,0.311114,0.3612865,0.5483072
16,0.6288045,0.8547937,0.62875456,0.1769674,0.80062264,0.18977591,0.51657236,0.32154417,0.34172246,0.2191335,0.6707379,0.31364793,0.3877244,0.641232,0.3759958,0.68158317,0.8628666,0.4592771,0.49223703,0.4425369,0.33813906,0.25055203,0.8072853,0.6686053,0.8489728,0.4088656,0.22844175,0.33620116,0.297291,0.6467166,0.7439569,0.67468214,0.37288785,0.2864044,0.5229268
17,0.6462886,0.8023845,0.64934605,0.28184634,0.75261796,0.21876642,0.53551495,0.34450397,0.3219658,0.23082037,0.5738963,0.35508528,0.38583604,0.5949576,0.38335392,0.61835974,0.8046869,0.50848514,0.514138,0.48218545,0.3951036,0.33093148,0.7705296,0.6713856,0.71937644,0.4266056,0.25086394,0.3427413,0.32418406,0.570403,0.72087693,0.6658838,0.39132267,0.3450551,0.54533166
18,0.6744022,0.8657242,0.65281063,0.17194954,0.84596664,0.21103966,0.4973368,0.28713337,0.40444392,0.21892694,0.69946676,0.30836615,0.36799663,0.6529663,0.3909905,0.75482714,0.8548422,0.44931054,0.43032947,0.4052063,0.28344673,0.1888057,0.82079285,0.67615855,0.892811,0.38200644,0.24651921,0.33311534,0.26527295,0.6367909,0.7536207,0.6771824,0.32984835,0.26074225,0.50507057
19,0.7178811,0.7294838,0.73890543,0.49755365,0.70999277,0.24921075,0.58218443,0.3660531,0.24864869,0.19552493,0.39118463,0.42085537,0.35410973,0.5141784,0.37007987,0.51360625,0.71037185,0.626107,0.5522358,0.5720707,0.49698806,0.47412777,0.7337483,0.69865054,0.48925948,0.4504223,0.25066242,0.3205508,0.35305125,0.3980536,0.70501125,0.6707579,0.40624386,0.45543256,0.59844077
20,0.71115166,0.8225325,0.6968196,0.3206064,0.81978464,0.27867442,0.5162197,0.29347304,0.4354797,0.2044001,0.5832297,0.3470745,0.34719557,0.59491915,0.4093055,0.74042284,0.7944852,0.50999117,0.4351626,0.45942265,0.33854562,0.2614042,0.78472984,0.6658452,0.7875139,0.3800282,0.27890858,0.3109172,0.28208834,0.5122482,0.72943383,0.6635898,0.33258757,0.3124533,0.52084816
21,0.6693034,0.88648194,0.6497158,0.13869023,0.86021817,0.1708399,0.49664837,0.27994388,0.35878927,0.19898203,0.7246198,0.28449777,0.37170404,0.67319715,0.3706617,0.7481076,0.8842743,0.4392689,0.446863,0.39375117,0.27359757,0.17522831,0.84034663,0.6930192,0.913449,0.38154227,0.21299168,0.3278883,0.25150555,0.6739138,0.7736123,0.6906795,0.33149046,0.2440104,0.5050765
22,0.7324842,0.8354932,0.71091473,0.30584735,0.8457262,0.3028377,0.5145234,0.2723836,0.47047752,0.1944254,0.59454113,0.35688967,0.32584006,0.59562725,0.42579564,0.7882091,0.7915144,0.49841076,0.41509867,0.45525652,0.3106373,0.23949006,0.7944409,0.65060645,0.80636156,0.36099273,0.304835,0.28925154,0.27639803,0.47602242,0.7415103,0.6693284,0.30643263,0.28590527,0.51463217
23,0.57122946,0.7930732,0.61359274,0.23684947,0.6737671,0.17257465,0.5520368,0.39293593,0.22672212,0.21690091,0.53839445,0.35908765,0.40506467,0.5953773,0.33445147,0.494088,0.8395683,0.5204179,0.61770135,0.51621556,0.4428597,0.4150595,0.76584524,0.6860461,0.6817411,0.5121587,0.22022033,0.3384943,0.36371243,0.6351827,0.70764184,0.6701865,0.46607226,0.37615234,0.56987745
24,0.88770944,0.7677288,0.87335813,0.6819962,0.8563968,0.38236165,0.5537869,0.23621067,0.4871839,0.087505706,0.28288317,0.3883999,0.24627319,0.47887754,0.41864237,0.7781942,0.7006718,0.680665,0.43910152,0.5575639,0.4187346,0.38398334,0.75175023,0.7050394,0.5623613,0.34859994,0.30491894,0.19960654,0.25833037,0.20480323,0.72573984,0.66502595,0.2989417,0.39386192,0.555686
25,0.80827343,0.8080131,0.7897107,0.47790346,0.85279214,0.3277254,0.530014,0.2533663,0.4733604,0.14003652,0.4583916,0.36310777,0.2916968,0.5476548,0.41454467,0.7799637,0.756851,0.5868648,0.42469287,0.49626857,0.35816473,0.29525656,0.77905875,0.69153756,0.7023124,0.35792476,0.28976586,0.25064906,0.25690836,0.365671,0.7377639,0.6703238,0.3015048,0.33748466,0.5341534
26,0.7276322,0.8486167,0.70376956,0.27249232,0.8536949,0.2620364,0.5057031,0.26953375,0.4494934,0.19084176,0.62601215,0.33048415,0.33546448,0.6184927,0.40658087,0.7819482,0.81828517,0.49048972,0.41530094,0.43269005,0.30142337,0.21784869,0.8098763,0.67792404,0.83261806,0.36566237,0.2701996,0.300536,0.25977907,0.5348979,0.752045,0.67561466,0.30834538,0.27913612,0.51109654
27,0.8152833,0.8694624,0.8388034,0.47065133,0.9171635,0.21690734,0.6364492,0.23582427,0.21626472,0.07160806,0.2524168,0.42333454,0.2077884,0.4970619,0.39230177,0.7691152,0.76710033,0.6814524,0.5766056,0.70340025,0.4608829,0.3965361,0.8365385,0.6129981,0.5526554,0.33623686,0.20893896,0.16226546,0.44893622,0.14993134,0.8233408,0.7516107,0.3640663,0.3510317,0.63713354
28,0.8716382,0.7606435,0.8594918,0.6681388,0.8506279,0.37803835,0.5449418,0.23723802,0.49260053,0.10014723,0.28722414,0.37883097,0.25182763,0.47998887,0.4261993,0.7765146,0.6971758,0.6718173,0.44487882,0.5439998,0.42013368,0.39248413,0.7501544,0.70049995,0.5509812,0.34994403,0.31274492,0.20724146,0.26205575,0.22215211,0.72031945,0.65993637,0.3088749,0.39295793,0.5509799
29,0.9101117,0.7490187,0.8974311,0.7539434,0.86533755,0.40195388,0.5479003,0.21293814,0.51915014,0.07409234,0.19778898,0.3835461,0.21714756,0.44830078,0.44311315,0.8002712,0.67738163,0.7086067,0.44535884,0.5509505,0.43547177,0.42675695,0.7460309,0.70994604,0.47123545,0.32882074,0.33544916,0.17770083,0.24690838,0.14616318,0.72134674,0.66059226,0.29592752,0.39791223,0.5556008
30,0.56846213,0.80229867,0.5978715,0.21700987,0.70309883,0.18454328,0.53905666,0.38112032,0.26768407,0.23683555,0.5897583,0.34381297,0.4151369,0.6105174,0.35429016,0.5524713,0.83888566,0.49107856,0.5732722,0.4910098,0.414289,0.36123362,0.76438683,0.6625903,0.737796,0.47303027,0.23170638,0.35342526,0.35121945,0.65423775,0.7039598,0.66025937,0.44336408,0.35131603,0.55017555
31,0.962685,0.9039656,0.966997,0.6854903,0.9259447,0.17813537,0.6486721,0.16816266,0.1514048,0.016031755,0.19257227,0.42573708,0.13496463,0.5183233,0.29949656,0.7677396,0.7714402,0.8406457,0.48721242,0.7818433,0.42380548,0.2713665,0.8858482,0.8014577,0.54812527,0.31792745,0.104617715,0.093651615,0.23208752,0.0630727,0.8790472,0.80937463,0.25840113,0.42125386,0.7049527
32,0.68784267,0.88373816,0.6621138,0.15195033,0.86570007,0.19308358,0.49452782,0.27229306,0.3949683,0.20016198,0.7203771,0.29371354,0.35941714,0.6675674,0.38169935,0.7735888,0.8738826,0.44269186,0.42484802,0.39434382,0.26776195,0.17019263,0.8394071,0.68915987,0.9126376,0.3720927,0.22796588,0.3214662,0.24976978,0.6462232,0.77364457,0.6888452,0.31667775,0.24283385,0.50142324
33,0.894519,0.73703825,0.88104707,0.739972,0.85557395,0.4073216,0.54797226,0.22592573,0.5148587,0.09053089,0.20616272,0.39540762,0.2269543,0.44595966,0.45856476,0.789981,0.660041,0.6919764,0.4506598,0.5501932,0.44396287,0.44051248,0.733928,0.6852205,0.4495781,0.32897386,0.35974434,0.19247352,0.26874858,0.15022103,0.71005595,0.6544923,0.30638686,0.39829895,0.5566634
34,0.58391553,0.70630574,0.61211896,0.27140695,0.47107616,0.7702699,0.48190165,0.24174157,0.8263693,0.66651857,0.17795177,0.6978673,0.18034315,0.52700025,0.8385463,0.94737995,0.33947855,0.4963491,0.3147635,0.5723579,0.18160623,0.15273303,0.6684884,0.48754492,0.41257605,0.33999234,0.7604999,0.46183753,0.5431177,0.09134737,0.57851744,0.6790694,0.41384,0.31335226,0.6221634
35,0.5646718,0.84488314,0.59860843,0.14913134,0.7248062,0.13294618,0.5370593,0.3660591,0.2266305,0.19758055,0.6144333,0.3167308,0.40737787,0.6364881,0.32369155,0.5463333,0.8964993,0.48273307,0.6037637,0.48034272,0.39806628,0.34198022,0.80228424,0.6958538,0.7875158,0.4878169,0.18983974,0.33108348,0.33159846,0.6994636,0.73848104,0.6829158,0.44652644,0.32341966,0.55285305
36,0.6520704,0.8516103,0.6469716,0.18722478,0.80829686,0.20006831,0.5091801,0.30798182,0.36094517,0.21280035,0.6637527,0.31538734,0.37480092,0.6400092,0.374628,0.69944763,0.8575859,0.466786,0.47431397,0.4326884,0.31938156,0.23556502,0.809091,0.6814035,0.84730184,0.40825287,0.23379931,0.33009547,0.28486812,0.6348592,0.7441064,0.67620313,0.3585485,0.28581935,0.5187226
37,0.5866855,0.8218212,0.59783685,0.20408873,0.75280726,0.19100888,0.53205264,0.36358625,0.30456772,0.24710622,0.62214506,0.33574992,0.41655737,0.61684144,0.37751174,0.6092024,0.8435596,0.4714672,0.5325712,0.46692008,0.38430768,0.3190288,0.77118444,0.6417447,0.79212534,0.43756205,0.24158609,0.36028463,0.33904368,0.64797145,0.7120128,0.65733373,0.41943145,0.32362694,0.53507817
38,0.75232345,0.82287246,0.7315733,0.3612504,0.8395554,0.28888077,0.5220358,0.27908924,0.4420514,0.17835373,0.55428845,0.35189462,0.3301317,0.58529633,0.407377,0.75862074,0.7856723,0.5332311,0.43195048,0.47044104,0.3375512,0.26017496,0.78604287,0.6764122,0.77388054,0.37518686,0.27810213,0.29117313,0.2754557,0.46862087,0.73657596,0.66919106,0.3205297,0.31680343,0.5266558
39,0.8016043,0.80864,0.78319836,0.47096652,0.85304624,0.3290761,0.5354985,0.26027414,0.46684998,0.14392264,0.46378034,0.3702283,0.29534963,0.5447446,0.4200632,0.77867335,0.75546587,0.57989824,0.42964783,0.5018631,0.36311492,0.3056849,0.77693236,0.6744372,0.70081234,0.35653418,0.29568553,0.25199994,0.2704994,0.35961014,0.7381,0.6702652,0.30514643,0.33517912,0.5358117
40,0.73501486,0.8194712,0.7157941,0.3546273,0.83156455,0.28151566,0.5226748,0.28804556,0.43343267,0.18841898,0.5527694,0.3499144,0.3407517,0.5833569,0.41165867,0.74671423,0.78593105,0.52597773,0.44367522,0.46918994,0.34672093,0.2752518,0.7809302,0.66614336,0.76462454,0.37551358,0.2831089,0.30103296,0.2859031,0.47864223,0.7325252,0.66561055,0.3310395,0.31844497,0.52650446
41,0.62764233,0.7145975,0.6376808,0.35576335,0.6044716,0.6579374,0.5103947,0.27027997,0.72308326,0.5267681,0.22264114,0.62588555,0.21263094,0.5050305,0.7349628,0.8888346,0.4492778,0.51327425,0.37186378,0.56828403,0.27240455,0.24794975,0.6746112,0.481923,0.43703637,0.33703032,0.67978156,0.40202865,0.49071112,0.13236721,0.6120405,0.6552325,0.38089806,0.32494476,0.59215
42,0.72094876,0.85072803,0.69778365,0.27349412,0.8564924,0.23103726,0.507432,0.27181536,0.4077499,0.18658206,0.6153611,0.314066,0.3438878,0.6217711,0.39220446,0.7598981,0.83058566,0.49471608,0.4357969,0.4290455,0.30910945,0.22940862,0.8127965,0.68878794,0.82365763,0.37016016,0.25012195,0.30454883,0.25810644,0.5569293,0.7556922,0.67848694,0.32255757,0.2830094,0.51430875
43,0.7269263,0.8493474,0.7048615,0.29328483,0.85888624,0.3433207,0.51562184,0.2561987,0.5353307,0.2154974,0.59224147,0.38333294,0.30020154,0.58404654,0.4796185,0.84087294,0.77968425,0.47818366,0.37951487,0.46735707,0.2973575,0.23783386,0.8030055,0.6030734,0.8045267,0.3285548,0.3535165,0.2703005,0.28295818,0.40811363,0.7517735,0.6717992,0.28154066,0.2522388,0.5092227
44,0.7393305,0.8573395,0.7765802,0.41858476,0.91276073,0.22202131,0.63445646,0.25744122,0.24250403,0.10863545,0.2844492,0.42627445,0.22935586,0.48828036,0.41959047,0.76146716,0.7597264,0.63076824,0.59347826,0.68956923,0.47700986,0.42638978,0.8202734,0.55719775,0.5370339,0.33256504,0.24561565,0.1872754,0.49983722,0.17876175,0.80689824,0.7333565,0.38200197,0.33826074,0.6214658
45,0.8050234,0.80855215,0.78635335,0.48083383,0.8549507,0.31163222,0.5263889,0.24993786,0.45859116,0.13868019,0.4517643,0.3495906,0.2931172,0.5496197,0.41147548,0.7750335,0.76196617,0.58850056,0.43305975,0.48767138,0.36157018,0.30368707,0.7832332,0.6999423,0.68812513,0.3554971,0.28147566,0.25212485,0.25200698,0.37670216,0.7420007,0.6724957,0.30661848,0.33645484,0.5331467
46,0.5397085,0.80833495,0.5874251,0.18905215,0.6786908,0.15112533,0.55509436,0.39567286,0.2125841,0.21010816,0.5467204,0.34882492,0.4145299,0.60760486,0.32574138,0.4957134,0.8687471,0.5044261,0.642071,0.51494104,0.44667882,0.4183874,0.76906383,0.6803881,0.70749176,0.51607823,0.21041939,0.33367917,0.36802024,0.6682924,0.71258414,0.67016906,0.4805091,0.3578893,0.5669502
47,0.6494593,0.88546973,0.6375763,0.13448185,0.8453113,0.1535283,0.5029629,0.29378527,0.32141083,0.19750965,0.72089165,0.27960595,0.3837214,0.6737131,0.35893434,0.7147005,0.8920315,0.44120234,0.47411704,0.4043339,0.29146513,0.19288811,0.83824193,0.6926969,0.9043083,0.39122182,0.1987989,0.33213153,0.26086867,0.69025123,0.7717948,0.69146293,0.34861076,0.2533729,0.5122
48,0.88923264,0.7545861,0.88056976,0.7196565,0.86861837,0.3784488,0.5535821,0.2230486,0.48730427,0.079973176,0.20928249,0.382402,0.22656676,0.45276707,0.4433114,0.79213625,0.6840914,0.69570386,0.46880665,0.55658656,0.44680673,0.44087023,0.7493925,0.6918275,0.47468376,0.33224615,0.33118004,0.18524761,0.2775105,0.15788123,0.72567004,0.6633388,0.3157328,0.39386806,0.55986255
49,0.77743554,0.8197317,0.7571278,0.41323248,0.8563368,0.28926715,0.5213654,0.2584002,0.4493863,0.15691444,0.49755025,0.3402613,0.30714104,0.5701587,0.40726596,0.77498454,0.7836257,0.5585702,0.43496665,0.47074834,0.34783867,0.28606296,0.7918376,0.6907877,0.72932047,0.36162344,0.27579936,0.26787174,0.2606034,0.431322,0.74389136,0.6715394,0.31426302,0.32072216,0.5272596
50,0.820572,0.7645019,0.79650486,0.58244854,0.82843935,0.4751804,0.54043865,0.23775968,0.5831154,0.19949082,0.27060494,0.47582704,0.22925611,0.4698042,0.5465137,0.81942225,0.6542694,0.5928048,0.39838156,0.5307549,0.37561768,0.37974757,0.7333376,0.5770644,0.50851804,0.30328995,0.5039319,0.2378507,0.3089984,0.1661689,0.70748264,0.6528923,0.28406513,0.3285345,0.5466441
51,0.80172837,0.7790729,0.7855851,0.5211731,0.828977,0.3540191,0.5406909,0.27353042,0.47605076,0.15121661,0.41403255,0.38458627,0.29851955,0.52045333,0.42756358,0.7581948,0.72532576,0.6001502,0.44553933,0.520805,0.39044052,0.34185958,0.7510159,0.6674341,0.6494843,0.36846977,0.31619924,0.2554173,0.29178137,0.32995853,0.7149743,0.6564814,0.32385716,0.364207,0.5425025
52,0.9021398,0.7545756,0.88937235,0.732234,0.8666814,0.38670346,0.55036485,0.21989743,0.49543533,0.07796657,0.22227903,0.3802413,0.22921443,0.45679417,0.43276381,0.79017454,0.68508685,0.701589,0.45474666,0.55237496,0.43845654,0.42738858,0.7490665,0.70744383,0.495354,0.33394974,0.32326144,0.18480273,0.25823626,0.16281322,0.7254242,0.6625897,0.30296794,0.40075693,0.5576283
53,0.84390986,0.8015269,0.8271734,0.5542505,0.86043966,0.3285714,0.5420578,0.24273777,0.45497116,0.11259393,0.38705617,0.3626456,0.27296036,0.524878,0.4008047,0.7740512,0.7505218,0.6337708,0.4390645,0.52286947,0.38113323,0.32138792,0.7776209,0.7146319,0.65771365,0.3585264,0.27330503,0.22693913,0.2502245,0.30899203,0.74209887,0.67507505,0.30148718,0.3605117,0.547295
54,0.8447688,0.78343755,0.8294827,0.58596694,0.8440096,0.38583156,0.54254234,0.24987678,0.50615823,0.12663366,0.38478845,0.39700875,0.27163264,0.5071478,0.4329668,0.78309506,0.710756,0.6289119,0.41334563,0.53297055,0.38510174,0.3338608,0.7565261,0.68104005,0.64194465,0.3487309,0.32012242,0.23007934,0.26137486,0.26330888,0.724891,0.6643924,0.28959748,0.3664807,0.5438634
55,0.8745014,0.74910265,0.86320317,0.6922411,0.8468515,0.37320638,0.55563027,0.24446705,0.46899804,0.10105946,0.25520235,0.3941396,0.25047505,0.4649478,0.43385816,0.75953186,0.67851925,0.6815648,0.46086293,0.55861264,0.44627658,0.4266181,0.74249196,0.68913805,0.5000099,0.34550697,0.3208208,0.2118191,0.28881335,0.19410849,0.71896434,0.6609405,0.3184096,0.4069565,0.5616614
56,0.6633999,0.8039023,0.65427625,0.3135947,0.79729664,0.27134913,0.5443953,0.33919534,0.38058645,0.23651572,0.5475017,0.3794632,0.37436527,0.5711316,0.42352882,0.68789345,0.77289635,0.50800383,0.49304447,0.501474,0.3820593,0.32458478,0.75634766,0.5996189,0.74747145,0.4049986,0.301955,0.326929,0.3698257,0.4969631,0.7093047,0.6546215,0.38820773,0.33398184,0.54210377
57,0.7522587,0.79507625,0.7360166,0.42273173,0.8206104,0.32892057,0.5324751,0.29238304,0.4613707,0.18835472,0.504379,0.38019392,0.32945314,0.5522878,0.42890805,0.75208485,0.74630636,0.54832876,0.43758708,0.49531412,0.36797872,0.3109049,0.75751877,0.64598227,0.71790797,0.374374,0.31477925,0.29063216,0.30305472,0.4103469,0.71599233,0.65650374,0.33228174,0.3396998,0.53250134
58,0.78794855,0.82452905,0.769467,0.42805386,0.8603541,0.29518625,0.5253873,0.25282764,0.44906932,0.14512505,0.4917604,0.345256,0.2994348,0.56677544,0.40484315,0.77969104,0.7833959,0.565594,0.4288764,0.47955734,0.34556302,0.28246516,0.79395497,0.69317925,0.73248446,0.35772905,0.27114704,0.25722426,0.2537697,0.4096006,0.7492546,0.6762543,0.30579314,0.31912273,0.52840436
59,0.8041173,0.77232873,0.7879742,0.5337834,0.8336838,0.36033183,0.5380122,0.2685851,0.48558918,0.14628468,0.39665514,0.3838943,0.29209965,0.514588,0.43855372,0.76859295,0.7158087,0.5949985,0.44294685,0.5156189,0.3943115,0.36238378,0.7473421,0.6541936,0.6231143,0.3577799,0.33275303,0.24973845,0.29439917,0.3170891,0.71236885,0.653084,0.3232108,0.35962802,0.5379937
60,0.8864273,0.7381179,0.87483346,0.72776514,0.8537671,0.37368542,0.5585762,0.23822868,0.46259075,0.091081515,0.20737593,0.3940367,0.24081644,0.44935235,0.44092885,0.7589196,0.6653621,0.69694674,0.47780007,0.5631689,0.46501675,0.46037373,0.7375441,0.687204,0.44876704,0.33920047,0.33240464,0.20200917,0.2973941,0.16247799,0.7176752,0.6596859,0.3247764,0.41539788,0.56728446
61,0.8328164,0.7843541,0.8152855,0.5564338,0.8463279,0.34687918,0.5365381,0.25261447,0.47119427,0.12570852,0.3947901,0.37184486,0.2831383,0.5212553,0.4198298,0.7680212,0.72608465,0.618732,0.4356432,0.515793,0.38694695,0.33783528,0.7622911,0.6928445,0.6351747,0.35553885,0.301353,0.24012312,0.26296562,0.311817,0.72787917,0.665453,0.30784363,0.36412218,0.54223907
62,0.73405457,0.84196866,0.7133258,0.30247074,0.8466091,0.26970294,0.5135551,0.27665758,0.4398923,0.1887609,0.6083591,0.33943257,0.33816156,0.60585994,0.40413284,0.76817906,0.80964166,0.50669456,0.42147073,0.4503947,0.31637537,0.23043542,0.800665,0.6780342,0.82261217,0.36957902,0.26668012,0.30121455,0.26586756,0.5079783,0.7474677,0.6741446,0.31353167,0.2950525,0.5171364
63,0.7234045,0.81545746,0.70919436,0.38504615,0.83066404,0.33802217,0.54616785,0.28455958,0.46406907,0.21514186,0.46618906,0.41449815,0.30240384,0.5399004,0.47735316,0.7874436,0.7436202,0.5235705,0.44569737,0.51430815,0.3667822,0.3369284,0.7721008,0.5812211,0.68671113,0.3436462,0.37069425,0.2810539,0.35094267,0.3450263,0.73591363,0.6681123,0.33079952,0.30384508,0.5404755
64,0.7698889,0.8114804,0.7526911,0.4187374,0.8383814,0.3140432,0.524812,0.27181676,0.46166173,0.17146944,0.5098117,0.36178392,0.3153182,0.56534547,0.41490716,0.7644976,0.7663127,0.55607593,0.42317724,0.48343572,0.3500053,0.28030348,0.77838343,0.67693835,0.73875386,0.3670019,0.2894175,0.2789375,0.2698234,0.4207626,0.73156935,0.6663538,0.3135276,0.32982475,0.52840364
65,0.725705,0.7276147,0.7436515,0.5021194,0.7042007,0.24530204,0.5800227,0.36454725,0.23913482,0.19263446,0.3926036,0.41645545,0.35341594,0.51741034,0.3603719,0.49789256,0.7161077,0.63130945,0.55708486,0.5658892,0.49867073,0.47188863,0.7371187,0.7174326,0.48681265,0.45660883,0.24259481,0.32112733,0.3432152,0.40683007,0.7077562,0.6727876,0.4051252,0.46188655,0.600227
66,0.81077754,0.7853387,0.80214006,0.5610993,0.8515388,0.36096555,0.5562965,0.26024956,0.46974057,0.13873534,0.36144614,0.4034431,0.2731164,0.49571735,0.44709817,0.7776117,0.71196043,0.61226165,0.44932795,0.5469184,0.41037202,0.38607454,0.756735,0.6380077,0.6021231,0.34141546,0.333139,0.23104787,0.31230238,0.24895652,0.7299596,0.66581357,0.31493983,0.35822088,0.5509225
67,0.8537852,0.7893832,0.83666974,0.5863842,0.85418284,0.3580504,0.5427789,0.24448088,0.4818059,0.11219642,0.37141606,0.37946883,0.2686544,0.51415193,0.41627055,0.77734053,0.72704333,0.6377449,0.4267552,0.5290097,0.3877298,0.33387128,0.766171,0.7015471,0.63666123,0.35224247,0.29638442,0.22599983,0.25419372,0.28110152,0.73314124,0.66963214,0.29525858,0.367544,0.5465764
68,0.8054099,0.7693401,0.7794848,0.5371872,0.8215507,0.4768253,0.52250636,0.24284825,0.6159992,0.1984065,0.34068614,0.456467,0.2473906,0.49262944,0.5412041,0.83108556,0.66949433,0.5655392,0.37498766,0.50279,0.34583926,0.33793747,0.7353161,0.58156765,0.5778433,0.3134591,0.49751154,0.244948,0.28052706,0.22570059,0.6996657,0.6442677,0.27692753,0.31218523,0.5274349
69,0.82369643,0.7912848,0.8059859,0.53326464,0.8407693,0.36961317,0.5392133,0.25951555,0.49620762,0.1414144,0.43032002,0.39239708,0.2877071,0.5228683,0.43274993,0.7785848,0.72342557,0.6046663,0.41752607,0.52095026,0.37487078,0.31620857,0.7594696,0.6740326,0.67290753,0.35393655,0.31722572,0.2467206,0.26836607,0.30402288,0.7260247,0.66504085,0.29585356,0.35600123,0.54059875
70,0.80796397,0.7768239,0.79292214,0.5440238,0.8350053,0.38956347,0.53359807,0.25678724,0.5248202,0.15591075,0.39524457,0.39490634,0.27883396,0.5089191,0.454278,0.7942339,0.7075983,0.59781647,0.41913104,0.5155099,0.37995797,0.34671676,0.7503072,0.65135276,0.63423795,0.34670287,0.35190302,0.2419655,0.27830133,0.28538218,0.71385133,0.65346575,0.3032851,0.35047275,0.5335399
71,0.7231094,0.8344485,0.7826692,0.530805,0.9287303,0.24952109,0.663707,0.26195005,0.30608767,0.23061633,0.2710023,0.47455853,0.20817018,0.42561847,0.5045159,0.7825277,0.6308361,0.6386882,0.5198983,0.7483454,0.55630475,0.4620633,0.810826,0.53459233,0.3291073,0.2557189,0.3132929,0.18065979,0.46649393,0.0906168,0.79641724,0.7259654,0.30450472,0.3432557,0.6314951
72,0.7966086,0.79240054,0.7804849,0.48979244,0.8348435,0.35069656,0.53720915,0.2726068,0.47836667,0.154881,0.45690233,0.38324314,0.30210835,0.53534764,0.42557436,0.76679134,0.73503137,0.58386916,0.43092585,0.51335955,0.37429866,0.3155683,0.760197,0.6649501,0.68952256,0.36359984,0.3095884,0.26002833,0.28462982,0.34754878,0.7222955,0.66147804,0.31255794,0.35114878,0.5371934
73,0.7849897,0.75989777,0.7428378,0.45082754,0.7582809,0.74395597,0.47382942,0.18804283,0.8714283,0.411565,0.19766176,0.6370002,0.14672416,0.47972926,0.7737521,0.9557997,0.5357308,0.49826708,0.24472897,0.47139007,0.19962695,0.21412535,0.70681965,0.4336686,0.491949,0.25425196,0.83589107,0.29549056,0.2713183,0.07678698,0.64920217,0.63475883,0.20012102,0.21850577,0.524491
74,0.86693096,0.7456967,0.8548729,0.6902936,0.8493966,0.4298703,0.5451537,0.22575143,0.5487696,0.114371814,0.21462071,0.4154509,0.21968341,0.45035744,0.490095,0.81778795,0.6541281,0.66175425,0.43914312,0.5528908,0.42500597,0.42040673,0.734279,0.64855874,0.4577256,0.31694388,0.40400687,0.19795707,0.2877828,0.14707294,0.7075982,0.65313953,0.30587113,0.372028,0.55284774
75,0.7383763,0.84930736,0.71669257,0.28374803,0.8556358,0.26072875,0.50971854,0.2697228,0.4373024,0.18123516,0.62444335,0.33137783,0.33466023,0.61593455,0.39812288,0.77596873,0.81842357,0.5003893,0.419921,0.4428192,0.30494833,0.21591802,0.8088705,0.68464017,0.83602846,0.36750594,0.259019,0.29669952,0.2588678,0.5220686,0.7535831,0.6783926,0.3083782,0.2863112,0.514747
76,0.67423666,0.8317175,0.67046624,0.261624,0.7944076,0.20972344,0.5167266,0.30904454,0.34926325,0.19295326,0.59830296,0.32149282,0.3676773,0.61909306,0.37396586,0.67932564,0.8348404,0.49980825,0.48645598,0.45217547,0.34870765,0.27506572,0.79605836,0.6919344,0.78154975,0.41150022,0.23529282,0.31987375,0.284797,0.5948494,0.73749655,0.6739999,0.36731297,0.3112522,0.5287441
77,0.5952194,0.79858714,0.62280154,0.25396043,0.71043956,0.17868212,0.54961854,0.3767458,0.24217121,0.21976288,0.55230457,0.3502573,0.40579462,0.59804165,0.34595788,0.5326069,0.8320273,0.51607907,0.5889536,0.50662553,0.43841895,0.3847002,0.76517504,0.68155414,0.69712305,0.47077584,0.22101876,0.34329838,0.34565845,0.61662465,0.71430564,0.6670516,0.44233245,0.36632264,0.562154
78,0.7961596,0.80158675,0.75344455,0.42117938,0.8124088,0.76112735,0.46893042,0.15743852,0.9009142,0.39479762,0.22921768,0.6311449,0.1247714,0.4813736,0.7897733,0.97445536,0.5804576,0.46764055,0.205784,0.45206237,0.16777733,0.18727152,0.742632,0.41591817,0.540092,0.22152612,0.86195546,0.25351387,0.23510675,0.06833123,0.6836608,0.64094007,0.16248313,0.16591397,0.5010274
79,0.79803264,0.8050952,0.80047953,0.5436707,0.86564285,0.31168252,0.599831,0.25588617,0.35415846,0.1343415,0.24746382,0.44032913,0.23675957,0.4732167,0.45557985,0.7662976,0.6963792,0.6450397,0.527109,0.6418122,0.4609809,0.42833441,0.7773346,0.60172594,0.4884153,0.3283518,0.31585136,0.21214883,0.43111485,0.16957632,0.76257324,0.7010687,0.3594138,0.37157017,0.60240287
80,0.63325673,0.8181554,0.6338606,0.24367025,0.7847131,0.2478077,0.5284573,0.33228526,0.3963803,0.25852972,0.6246113,0.3588794,0.37482136,0.60027397,0.42228284,0.7015351,0.8002348,0.47260165,0.47423768,0.47273245,0.36180514,0.28957978,0.77644265,0.62654644,0.7734416,0.40158477,0.28191718,0.3382992,0.34179825,0.56520164,0.720409,0.6607337,0.37057742,0.30428213,0.52764434
81,0.90723974,0.7451234,0.8937728,0.74471885,0.85717046,0.3873274,0.54858303,0.22272761,0.49218422,0.07481078,0.21477437,0.37883162,0.23313895,0.45607919,0.42906794,0.7758087,0.6773726,0.70869076,0.45586705,0.5548466,0.44156876,0.42904156,0.74367875,0.7143742,0.48500523,0.34308153,0.31850907,0.18609011,0.25548938,0.1669355,0.71963435,0.659927,0.3079816,0.41189775,0.55914843
82,0.5922801,0.7671239,0.6210531,0.2974702,0.6833973,0.23264101,0.55020845,0.39145058,0.29638714,0.25690275,0.5347141,0.38345653,0.40197688,0.5709652,0.38915682,0.5505826,0.78421944,0.51952237,0.5607003,0.52396506,0.44005433,0.40116468,0.7375732,0.63205844,0.6568538,0.47145677,0.26895145,0.35400197,0.38635412,0.57225686,0.6798897,0.65040034,0.44270533,0.3829535,0.5616681
83,0.83383733,0.75688946,0.82329637,0.6434275,0.8565346,0.4104231,0.5627011,0.2313265,0.49547577,0.17640293,0.20759138,0.4560074,0.21267185,0.44403377,0.519342,0.8019164,0.63545865,0.6465477,0.4594934,0.5807285,0.4423822,0.4346159,0.74490196,0.60427266,0.40595236,0.29837024,0.4349989,0.21738234,0.34573215,0.12468952,0.72539604,0.6683701,0.30464864,0.36684626,0.57504666
84,0.8964385,0.75052214,0.8807874,0.71843374,0.8599402,0.43914598,0.540944,0.21263185,0.56489563,0.10207021,0.21752045,0.41062728,0.2147175,0.45114177,0.4812933,0.81731796,0.6647265,0.6767079,0.4164899,0.5398897,0.4081697,0.4032045,0.7407748,0.6710943,0.48222166,0.31663853,0.40013924,0.1859067,0.24657778,0.14472316,0.71363527,0.65414876,0.2800955,0.37328476,0.54748803
85,0.8049489,0.80823135,0.78533715,0.47222152,0.85173386,0.33923882,0.53056556,0.255588,0.4858516,0.14640999,0.46786436,0.37265292,0.2916857,0.5459793,0.42559457,0.78683996,0.7514489,0.57780147,0.41728464,0.49712235,0.35627168,0.29744998,0.77737397,0.67616636,0.7048372,0.35323536,0.30339593,0.251636,0.2637228,0.35766762,0.73699814,0.66954166,0.29647654,0.33193934,0.53226644
86,0.6550747,0.8424509,0.68936455,0.3330971,0.87693036,0.24294336,0.6046833,0.29867682,0.3194117,0.19062336,0.42577386,0.4167284,0.2873277,0.5169992,0.45374388,0.7512177,0.7608571,0.53922147,0.55133474,0.6204754,0.4444941,0.3945887,0.79860127,0.5276226,0.6169507,0.3441032,0.29350385,0.25115132,0.4779098,0.28943744,0.7711808,0.69978756,0.38371062,0.31162825,0.583226
87,0.8721315,0.75848436,0.8594128,0.67232144,0.8497742,0.38898912,0.5433461,0.23442125,0.5087709,0.10156532,0.2814728,0.3832903,0.24673846,0.47621733,0.43607122,0.7860123,0.6928733,0.6694317,0.43735677,0.539629,0.417262,0.3934401,0.74774164,0.6955353,0.54297394,0.34374475,0.32510328,0.20565982,0.2586659,0.21098852,0.7183272,0.6581647,0.303818,0.3878425,0.5483684
88,0.7265306,0.8303522,0.7060057,0.31702667,0.8383423,0.29139492,0.5142518,0.2805614,0.46221024,0.1981736,0.5883021,0.35118303,0.33508614,0.5947366,0.42133722,0.7747403,0.79205936,0.5034636,0.41890174,0.45421648,0.32311177,0.25145608,0.79163766,0.6566475,0.79760975,0.3669978,0.29195762,0.29982227,0.27875128,0.49012747,0.7382806,0.66689116,0.31664643,0.29663584,0.51620835
89,0.8716234,0.76077735,0.86278534,0.69720125,0.872917,0.3645286,0.56740034,0.22544082,0.45111734,0.10239384,0.19632205,0.40930742,0.21992764,0.44442663,0.46158886,0.78741443,0.6690792,0.6866709,0.48598853,0.57910806,0.4642269,0.46061,0.7544075,0.66127646,0.42906985,0.31488633,0.35289136,0.19104521,0.32198238,0.13513109,0.7378722,0.6740328,0.3164153,0.39130908,0.57638
90,0.9185465,0.74323595,0.90666735,0.7690544,0.86196136,0.40127736,0.54702,0.21269608,0.51881504,0.06509826,0.18302694,0.37902918,0.21560684,0.44763702,0.43773404,0.7957713,0.6763531,0.71791106,0.447707,0.5513438,0.43968868,0.43125242,0.74400264,0.71865404,0.46525797,0.33458665,0.32878095,0.17563708,0.2429043,0.14394754,0.7178365,0.6584023,0.30143347,0.40520477,0.5556806
91,0.8906638,0.7465355,0.8766099,0.71479374,0.8494395,0.3946038,0.5516823,0.23694582,0.4963339,0.08936597,0.2449234,0.39300677,0.24632514,0.46230572,0.43545943,0.77080196,0.6761538,0.6868552,0.4493305,0.5540045,0.43623787,0.42157498,0.7376003,0.694108,0.5080105,0.3456617,0.33182928,0.20131087,0.26951432,0.18424664,0.713621,0.6564385,0.30915254,0.40492183,0.5571574
92,0.80245465,0.8035188,0.78495896,0.48765248,0.8446299,0.356085,0.5327154,0.2582609,0.4918793,0.15117268,0.4606816,0.38348857,0.2918745,0.5370277,0.43290266,0.7865275,0.7398012,0.581391,0.4147902,0.50636446,0.35877413,0.30324244,0.7686696,0.66573703,0.70125365,0.35086,0.31616455,0.25095123,0.2677989,0.33423465,0.731501,0.6668971,0.2960469,0.33652994,0.5333199
93,0.9055607,0.7623114,0.89472324,0.74941987,0.8897845,0.31425348,0.5798136,0.2218575,0.37514842,0.07281752,0.17646769,0.38605547,0.22403798,0.43861136,0.41966358,0.7496926,0.68273556,0.728921,0.51451796,0.58650047,0.49794263,0.49340996,0.7676651,0.70842505,0.41047677,0.31994677,0.28685316,0.18453658,0.3145061,0.12829587,0.7589984,0.6871859,0.31850922,0.42581886,0.5920721
94,0.678571,0.8133254,0.68379474,0.31809312,0.7785454,0.2037962,0.54298437,0.33185133,0.29680192,0.20023413,0.5592659,0.35318637,0.369924,0.59030396,0.3688641,0.6209009,0.80626833,0.5364734,0.501288,0.48991242,0.39279383,0.3274483,0.7874933,0.6886722,0.71577156,0.41972312,0.226491,0.32734984,0.30607766,0.5420612,0.7363499,0.6791085,0.37516657,0.3575023,0.5554732
95,0.7114396,0.84882295,0.6885549,0.26818663,0.8472284,0.2467906,0.51267624,0.28072912,0.42026868,0.20177129,0.62334526,0.333502,0.34616607,0.6150137,0.40934214,0.76413965,0.82028073,0.48624134,0.43009162,0.4392438,0.3146759,0.23788568,0.807003,0.66674125,0.8221208,0.36677486,0.2669235,0.31022912,0.27577373,0.5370088,0.75334483,0.67688465,0.32102886,0.28168404,0.5162405
96,0.886998,0.72493917,0.8728548,0.73965997,0.8443653,0.39868873,0.5495574,0.23832218,0.49450174,0.09807054,0.20760778,0.39533272,0.23965552,0.44644624,0.45393857,0.768361,0.6508959,0.6923295,0.4636426,0.55303025,0.45840517,0.45492697,0.7256676,0.68281806,0.43797994,0.33776242,0.35571986,0.20443937,0.28465074,0.15918402,0.70346767,0.6504103,0.32057706,0.41286415,0.560402
97,0.54238355,0.8351286,0.5875068,0.14686039,0.69531065,0.12581097,0.5459636,0.3820324,0.20444557,0.19494966,0.5796319,0.32828572,0.4119092,0.6270331,0.31469434,0.50662345,0.8993255,0.49238738,0.6406064,0.497118,0.42150488,0.38426116,0.7930991,0.6982776,0.7531884,0.5157814,0.19035259,0.32872367,0.34851047,0.70035213,0.73105747,0.6816945,0.47170752,0.3373855,0.56278026
98,0.55329424,0.70196927,0.58932954,0.22631189,0.3243846,0.79757965,0.47004932,0.24266052,0.8724518,0.6851316,0.13188995,0.7438351,0.1657857,0.5724552,0.8868186,0.9599199,0.29384506,0.5181354,0.30694902,0.5952322,0.13260153,0.0930717,0.6722833,0.5034815,0.42724013,0.31429827,0.7754868,0.5147582,0.6246425,0.06609462,0.55552644,0.69806445,0.44735664,0.38277143,0.6527278
99,0.72916156,0.8483917,0.7077786,0.28152764,0.85290766,0.27315888,0.50968134,0.2710218,0.4511879,0.19014946,0.6250413,0.33833227,0.33364996,0.6118852,0.4100073,0.7836388,0.8131415,0.49339953,0.415343,0.44289213,0.30386066,0.22107609,0.8068166,0.66959965,0.83451384,0.36302176,0.27362838,0.2969529,0.26455337,0.5128221,0.75178117,0.6762017,0.30670664,0.28117514,0.5122406
100,0.67467046,0.87601393,0.65066653,0.15870145,0.85602635,0.19353719,0.49935803,0.28465098,0.38375992,0.21130617,0.70892394,0.3003373,0.3702124,0.65965587,0.38611683,0.7545244,0.8661822,0.44440404,0.43713313,0.40128297,0.27934092,0.18487778,0.8296469,0.6772172,0.9026171,0.37880751,0.23496523,0.3301479,0.2634042,0.64561665,0.7645333,0.6836079,0.33044356,0.25198057,0.5057393
101,0.72092664,0.8493624,0.7027807,0.2738707,0.8485616,0.26086357,0.50901735,0.27465478,0.4360401,0.18988654,0.6315168,0.33132607,0.3393505,0.6164519,0.4012516,0.7708502,0.8209263,0.49167982,0.42107922,0.44012445,0.30701083,0.22207613,0.8077447,0.67688084,0.83648336,0.36762768,0.26178297,0.3021645,0.2615234,0.53154665,0.75152063,0.6764342,0.3124388,0.2831952,0.51194215
102,0.78113425,0.78988266,0.7744659,0.5045289,0.84506387,0.3120796,0.55382633,0.27874857,0.4200697,0.14369002,0.40039682,0.37807965,0.2998709,0.51883155,0.42117128,0.74554884,0.73928595,0.59617233,0.47576046,0.533058,0.4121092,0.37742716,0.76227623,0.64847517,0.63176244,0.36350644,0.29642585,0.2519607,0.3221361,0.3275426,0.7307301,0.6656519,0.3443044,0.36012006,0.55060565
103,0.68018377,0.86632806,0.65493965,0.17459448,0.8475655,0.2189699,0.4944788,0.28310943,0.42106858,0.22295015,0.7022545,0.31121287,0.36486667,0.65233886,0.39854857,0.76782954,0.8503515,0.44716182,0.41813016,0.40209347,0.27898937,0.18388286,0.821648,0.6756767,0.8937318,0.37537524,0.2533497,0.33375788,0.2613166,0.62804556,0.7559411,0.6773985,0.32116252,0.25703678,0.50213736
104,0.61846185,0.84625113,0.61587214,0.17767134,0.7900943,0.18543455,0.51033604,0.32986927,0.33440647,0.23752908,0.6791542,0.30967906,0.40290856,0.6448022,0.37630525,0.6676311,0.8571881,0.45479316,0.48457783,0.43006968,0.33330745,0.24395928,0.79912454,0.66698104,0.8512508,0.4107775,0.23035498,0.35841882,0.29592386,0.6718461,0.73213303,0.66827166,0.3777818,0.29380578,0.519635
105,0.7716547,0.8124763,0.75370264,0.41551837,0.8413353,0.32768646,0.5275955,0.270364,0.47379026,0.16887246,0.5152607,0.37110108,0.31173468,0.5598466,0.42746305,0.779028,0.7596966,0.54780495,0.42146045,0.48736954,0.3490727,0.28888953,0.77662534,0.65918267,0.73556167,0.35944396,0.30416924,0.27140465,0.27951774,0.39783835,0.73438174,0.66681,0.30852556,0.3216769,0.52755415
106,0.6960413,0.8782711,0.6689074,0.17355287,0.86330175,0.2173337,0.49958363,0.27308732,0.4179077,0.20058993,0.7008059,0.3095205,0.35157892,0.6538935,0.3958286,0.7867114,0.8596147,0.45017737,0.42084637,0.4090952,0.27480957,0.18142895,0.8335784,0.6741393,0.9004154,0.36840543,0.24548924,0.3137122,0.26176047,0.60643697,0.77085555,0.6864134,0.31300622,0.24704723,0.5042939
107,0.68074214,0.83971083,0.66615987,0.24939027,0.83092415,0.25855458,0.516562,0.30171466,0.42075023,0.22010168,0.6358999,0.3424092,0.36170503,0.61139643,0.4113329,0.7457012,0.8144615,0.47612602,0.44355813,0.44657606,0.32058296,0.24413726,0.79322594,0.6407658,0.8365938,0.38270077,0.2774756,0.32074797,0.29903403,0.55093354,0.7357504,0.66637146,0.341362,0.28850895,0.51575416
108,0.67034894,0.78682816,0.65297884,0.329019,0.7849667,0.32761928,0.5224634,0.32647184,0.47378245,0.28354603,0.5858182,0.390267,0.3683669,0.5706029,0.46014398,0.7330324,0.7347602,0.4878779,0.42811966,0.47392702,0.35782722,0.29550257,0.746656,0.60127425,0.73880976,0.379567,0.34598637,0.34315068,0.33158952,0.48701277,0.69655967,0.6421708,0.34482488,0.32338136,0.52217585
109,0.60236275,0.7287695,0.63784647,0.28307182,0.43973583,0.69392776,0.5013049,0.24061668,0.74929225,0.59030026,0.15856254,0.69067967,0.16900754,0.5498208,0.7970954,0.9194994,0.36529368,0.54788166,0.34693462,0.61989087,0.20420459,0.15430918,0.7005769,0.5213993,0.41769058,0.31506377,0.6773683,0.450452,0.58568,0.079439715,0.60293216,0.70892674,0.4218031,0.3723398,0.65360725
110,0.6631336,0.70689994,0.632398,0.3334967,0.5699261,0.81083393,0.46762776,0.24903373,0.91154957,0.61005634,0.1813771,0.707625,0.17812385,0.51220596,0.84568727,0.9632813,0.41486564,0.46775454,0.26130623,0.5021433,0.17287911,0.16096202,0.65429336,0.41125098,0.4676424,0.30556887,0.88297147,0.44242358,0.40441117,0.0875099,0.5834338,0.63472545,0.28798538,0.26824808,0.56296617
111,0.8189993,0.7838682,0.80533075,0.54277116,0.8378871,0.3546788,0.5417639,0.26346666,0.47621328,0.13746738,0.40206575,0.38224396,0.28650323,0.52111065,0.41843575,0.7634057,0.7270958,0.6148311,0.43588609,0.52634346,0.3884612,0.33341095,0.7587527,0.6830545,0.6508751,0.3657446,0.30160326,0.24467078,0.27691677,0.31656116,0.72170275,0.661918,0.3130361,0.36655176,0.54390556
112,0.8039198,0.7795659,0.78807116,0.53902185,0.84594697,0.35396558,0.542254,0.2598457,0.47629023,0.15113191,0.37061018,0.3905406,0.2797106,0.5067302,0.45285654,0.7783114,0.71233004,0.60050493,0.4504568,0.52100664,0.40178728,0.37748516,0.7568396,0.6453628,0.5963402,0.3434227,0.34340742,0.24499433,0.30510002,0.2835141,0.72437096,0.660885,0.32066667,0.35299534,0.5450075
113,0.78368294,0.78204453,0.76693267,0.48962814,0.81882095,0.3597727,0.53460735,0.28140113,0.48441297,0.17380087,0.45884418,0.39195243,0.3121702,0.5327791,0.43508023,0.754486,0.7222396,0.57712376,0.42551345,0.5102855,0.37621826,0.32052222,0.7492529,0.6566193,0.6779468,0.36569604,0.32555783,0.27537924,0.28847829,0.35628188,0.71135724,0.6553167,0.31726,0.35560006,0.5359615
114,0.6866334,0.84638375,0.67099637,0.2385029,0.8326024,0.2488914,0.5074091,0.29345232,0.42336655,0.21528673,0.65716696,0.3289186,0.3604953,0.6243874,0.4014713,0.7513243,0.8254547,0.47244,0.43209147,0.43335372,0.3108299,0.22332616,0.80283815,0.66578114,0.84991723,0.3787523,0.26199093,0.32467604,0.27813148,0.57287693,0.7430206,0.6704459,0.329827,0.28323942,0.5105181
115,0.86307365,0.7663166,0.84906626,0.65120256,0.85277367,0.39088136,0.5479638,0.23741071,0.50092393,0.11297687,0.30270672,0.4000021,0.25018156,0.47572142,0.44750795,0.7869921,0.68886197,0.6550849,0.43713856,0.5431706,0.41400036,0.39174134,0.7492161,0.6753797,0.55197895,0.33529443,0.34239826,0.21035652,0.27317077,0.20571914,0.72313905,0.66249096,0.29700744,0.37959975,0.5522383
116,0.81916857,0.7520447,0.807999,0.60805464,0.82632655,0.36556524,0.55729336,0.27996945,0.455831,0.13904826,0.33265358,0.40268272,0.29163578,0.48462486,0.43876258,0.7392805,0.6903362,0.6291936,0.46617097,0.5463908,0.43723145,0.42054653,0.73013556,0.64828295,0.5577913,0.36116058,0.33336455,0.2483182,0.32095537,0.2618718,0.7063569,0.6517728,0.3397762,0.39296782,0.55511975
117,0.65339357,0.849676,0.6434523,0.19356504,0.8163122,0.21954942,0.5077813,0.3087905,0.38764352,0.22387674,0.67451185,0.31881195,0.3767056,0.6385198,0.3855826,0.71668625,0.84595364,0.46147567,0.45823306,0.43091503,0.3164311,0.22471233,0.805225,0.66845024,0.86328936,0.39821213,0.24748223,0.33629242,0.28721496,0.62799203,0.738311,0.6693363,0.3517237,0.28526384,0.51480395
118,0.8244451,0.7903013,0.8079976,0.53901637,0.84667,0.3554123,0.5326673,0.24938145,0.49027628,0.13279071,0.4116954,0.37561142,0.27978337,0.52378505,0.43002596,0.78263503,0.7289469,0.6052047,0.4208691,0.50782216,0.37375826,0.32523033,0.76540005,0.68501604,0.6476125,0.34797886,0.31178612,0.24112129,0.25642037,0.31372753,0.72927856,0.6657888,0.298276,0.34935588,0.53592855
119,0.84625846,0.8761593,0.88111705,0.44631797,0.84582055,0.27640396,0.6093249,0.18766642,0.3148606,0.09508236,0.21176687,0.5113453,0.15183985,0.54248464,0.5190474,0.82997954,0.67346954,0.74266255,0.4729576,0.7736887,0.32739082,0.20475058,0.8391301,0.66390795,0.51746255,0.30370575,0.20852141,0.16505994,0.40521058,0.06388556,0.82246655,0.77323467,0.33324772,0.41127366,0.68652517
120,0.7431327,0.8075994,0.7248889,0.3932752,0.82823527,0.32843643,0.52720577,0.28348333,0.4721889,0.1922901,0.52204865,0.37794113,0.3237527,0.5599701,0.43892273,0.7727412,0.755058,0.531054,0.42760992,0.485116,0.35110646,0.2976835,0.7680197,0.6355871,0.7328215,0.36285013,0.32363105,0.2857023,0.2982263,0.41455188,0.72465897,0.6608091,0.3213693,0.31866172,0.52651113
121,0.84567034,0.771799,0.83144414,0.60769767,0.8421828,0.40023488,0.5409788,0.24669163,0.5207363,0.12630482,0.35717517,0.40121466,0.2645247,0.49296802,0.44721222,0.78925097,0.6961831,0.6296691,0.41562504,0.532916,0.39166784,0.35913098,0.74769604,0.66754025,0.60702735,0.34223875,0.34181565,0.22315446,0.26627913,0.23861043,0.7172121,0.6581648,0.29221985,0.3671829,0.54106706
122,0.8481027,0.78052986,0.83086795,0.59037685,0.8494336,0.35261115,0.54206294,0.24938603,0.4736937,0.11376033,0.36144346,0.37644672,0.27378187,0.5117287,0.41746107,0.7670396,0.7215718,0.6345252,0.4347878,0.52583456,0.39544266,0.35117948,0.7603245,0.69775563,0.61482894,0.355055,0.30000445,0.23067684,0.26039645,0.2900074,0.72723806,0.6653155,0.30550137,0.37083513,0.54577845
123,0.76106447,0.7621896,0.7521116,0.5233463,0.81771135,0.37397453,0.55330896,0.28690368,0.4759488,0.18990253,0.37297815,0.42140013,0.29307824,0.4946898,0.47532654,0.76121795,0.68398774,0.57936573,0.45522156,0.5432612,0.417056,0.39769322,0.7341906,0.5981685,0.566939,0.34675893,0.37331295,0.2665135,0.34807044,0.2754249,0.70537364,0.65180504,0.33952427,0.35993004,0.54967505
124,0.69463956,0.76027167,0.70031494,0.44923696,0.73787737,0.4652911,0.5597045,0.27267247,0.5326031,0.32260042,0.24858323,0.52575064,0.23279178,0.48719686,0.5987654,0.8173609,0.59489393,0.56421304,0.45219406,0.6053721,0.3805804,0.35300678,0.72915536,0.5246416,0.45281392,0.32208177,0.49472055,0.30406287,0.4745577,0.16458087,0.69357187,0.6727683,0.3761136,0.3437158,0.5892496
125,0.85714066,0.77769274,0.8409358,0.61355174,0.85512704,0.35817108,0.5378355,0.23549327,0.4881335,0.105646506,0.32906353,0.3697784,0.258604,0.50174266,0.42653808,0.78295326,0.7181016,0.645213,0.43664867,0.5210334,0.39703223,0.36086702,0.76283574,0.7034693,0.5845032,0.34532398,0.30922502,0.21806271,0.2508356,0.2672355,0.72940797,0.66537064,0.3023168,0.36780518,0.54424524
126,0.853083,0.74905586,0.8392417,0.6623353,0.84671676,0.42089152,0.55161226,0.2399559,0.5254366,0.13900606,0.24845795,0.43164125,0.23750544,0.4565648,0.48864064,0.7934842,0.65826446,0.64520466,0.43565378,0.55030346,0.42439303,0.4209621,0.73288834,0.6307704,0.4798584,0.3204792,0.41181928,0.216542,0.2990895,0.16789344,0.709905,0.6540643,0.30137736,0.37402898,0.55499303
127,0.83773726,0.77917844,0.8190897,0.5841397,0.8521164,0.39529,0.5302765,0.2313736,0.5423535,0.13140775,0.33687052,0.3885831,0.24880119,0.49681464,0.46671462,0.8226881,0.70576036,0.61815226,0.41640645,0.5151932,0.38053542,0.35863322,0.7600916,0.6621961,0.58955896,0.32803398,0.36280718,0.21787426,0.26361483,0.23879524,0.7244543,0.6591414,0.29355448,0.34280849,0.53577244
128,0.7195672,0.8486888,0.70441896,0.26527953,0.85003155,0.2683488,0.50985324,0.2765322,0.4445108,0.19086358,0.6396141,0.33283073,0.33726388,0.6171187,0.398825,0.7764642,0.82100713,0.48912176,0.42268038,0.44324103,0.30620164,0.2182746,0.80768156,0.67334735,0.84660566,0.3705514,0.26158634,0.3002139,0.2684376,0.53056395,0.74925506,0.674603,0.3132367,0.28344262,0.5110693
129,0.78221,0.8232156,0.80083287,0.50404227,0.88043225,0.2520662,0.6191669,0.27606657,0.2593854,0.11052718,0.27954507,0.43425044,0.25183758,0.48555303,0.41226846,0.7192027,0.7210125,0.65622747,0.5581417,0.6703281,0.482423,0.43313098,0.79246986,0.5969083,0.5125824,0.35309982,0.25440034,0.2079043,0.4528672,0.19498183,0.77993786,0.7157098,0.37783128,0.38301566,0.61866534
130,0.89177495,0.7579465,0.88179827,0.7282522,0.8808052,0.33480248,0.5739075,0.22908108,0.40821642,0.080491975,0.18419686,0.39139175,0.22639184,0.44329938,0.43237942,0.75848466,0.6769308,0.7134536,0.5059948,0.58650726,0.4865714,0.47876206,0.7585176,0.6904972,0.42235112,0.3269661,0.30758893,0.18842597,0.32200718,0.1387244,0.74495846,0.677803,0.32596508,0.41424394,0.58349216
131,0.5496739,0.8516366,0.59603685,0.13046125,0.7134064,0.11540522,0.5405222,0.37059915,0.19884786,0.18066478,0.6075733,0.31099892,0.40641293,0.6419674,0.3033082,0.5149,0.9108958,0.4865126,0.63617676,0.48614734,0.40229875,0.35757932,0.8111957,0.7118558,0.7875358,0.51401925,0.1741195,0.32159773,0.33107066,0.7202753,0.74428356,0.69099146,0.46262664,0.3251136,0.5601124
132,0.7908422,0.7879766,0.77651924,0.4923628,0.8287802,0.34888628,0.5326034,0.271524,0.48136348,0.16319415,0.45040408,0.37937024,0.30177882,0.5362662,0.42448992,0.7640163,0.7328377,0.5852044,0.4263359,0.5080123,0.3735456,0.3142401,0.7597808,0.67286915,0.6804983,0.36480236,0.30825678,0.2651948,0.2786011,0.3578487,0.7189581,0.65926987,0.31342483,0.35340354,0.5349914
133,0.70438224,0.84784687,0.68498623,0.26366797,0.8475192,0.23402825,0.5152863,0.28595212,0.3957646,0.1934666,0.61885774,0.32472008,0.3537635,0.6174208,0.39806062,0.7455586,0.82579887,0.48788938,0.450147,0.4391837,0.3178226,0.24201651,0.8053171,0.66613007,0.8220523,0.37647232,0.25814992,0.30857086,0.27785882,0.5558103,0.7499147,0.6761719,0.3346931,0.28490695,0.5188532
134,0.5959144,0.8475258,0.61112845,0.1604813,0.7586571,0.15707038,0.5261137,0.3446564,0.2800742,0.20953469,0.63936687,0.31603637,0.39997935,0.6395081,0.34929442,0.6130997,0.8809851,0.47018394,0.5495983,0.4579412,0.36640173,0.29842764,0.8028759,0.68233734,0.81170815,0.44918743,0.2102396,0.33690727,0.31510907,0.6752454,0.740661,0.6788599,0.41043463,0.304998,0.53741807
135,0.69178754,0.82734615,0.7604464,0.4197351,0.876438,0.33422345,0.62011826,0.24058107,0.3821165,0.26416248,0.26519108,0.50975066,0.18883331,0.4838995,0.5751569,0.8228037,0.6036885,0.6334757,0.5124565,0.7436017,0.43681717,0.32228982,0.79393995,0.53390104,0.3923772,0.29403493,0.32575062,0.21591708,0.52214074,0.09282054,0.76431465,0.72869825,0.36627805,0.36123276,0.64324987
136,0.6629981,0.88741124,0.64610946,0.13595298,0.85651666,0.16398859,0.49817148,0.28350797,0.34569186,0.19798903,0.7260617,0.28149095,0.37526572,0.67499024,0.3659831,0.73887074,0.8878907,0.4392313,0.4554421,0.3964833,0.2787825,0.17915377,0.8410398,0.69477093,0.9119015,0.38423243,0.20666969,0.32899433,0.25312987,0.6815467,0.7744398,0.69181794,0.3359633,0.24564275,0.507099
137,0.63424075,0.7441583,0.6474191,0.36368886,0.6564394,0.5449003,0.52968746,0.2853137,0.62549746,0.4409507,0.28206837,0.5659302,0.24359253,0.507413,0.6614762,0.82661664,0.5589379,0.51276696,0.4068481,0.5622522,0.3162617,0.3056039,0.70837414,0.50386626,0.47630697,0.34668493,0.58558744,0.363121,0.45882544,0.20630178,0.6532119,0.65835464,0.3783267,0.3146718,0.57713306
138,0.7649776,0.8224796,0.74698615,0.3865742,0.84728545,0.30900437,0.5225394,0.2685648,0.46113792,0.16695783,0.5409493,0.35698143,0.3160587,0.57476676,0.4154387,0.77589023,0.7772064,0.5386404,0.4231421,0.47587448,0.3376672,0.26864475,0.7858563,0.67034024,0.7620518,0.36130208,0.28813708,0.2757314,0.26964805,0.43121332,0.7392904,0.67013305,0.3084016,0.31395656,0.52356225
139,0.8072106,0.76475704,0.78212863,0.55490446,0.8195567,0.49800667,0.5205232,0.2355769,0.646927,0.20635863,0.32529902,0.4670797,0.23329327,0.48239216,0.56012094,0.8516161,0.6552102,0.56642944,0.36193794,0.5027706,0.34323603,0.3388714,0.7308871,0.57259643,0.55606526,0.30053145,0.5250942,0.23933041,0.2738449,0.19699387,0.6955086,0.64328367,0.2663752,0.30530104,0.52569073
140,0.66167736,0.82840747,0.64243925,0.24355778,0.812899,0.29475224,0.5131748,0.30563027,0.46749955,0.27006334,0.62655026,0.36800706,0.3599143,0.6035593,0.4543077,0.76457536,0.7802613,0.46003088,0.42587537,0.45110884,0.31817842,0.24671403,0.7804065,0.61437047,0.80655843,0.37362677,0.32426015,0.33755487,0.31574824,0.52953583,0.7231848,0.6582885,0.3382114,0.27934423,0.51480854
141,0.9061159,0.7525592,0.8926544,0.73420775,0.8596708,0.39440337,0.5486088,0.22007954,0.5064131,0.07491651,0.22159135,0.38334045,0.22828086,0.4595899,0.43264645,0.78919923,0.6828856,0.70329434,0.4448464,0.5539657,0.43155828,0.41446823,0.746707,0.7123636,0.5009145,0.33955416,0.32269496,0.18397056,0.2491333,0.16544569,0.7217053,0.66119653,0.30133015,0.4004911,0.55647075
142,0.5552276,0.80706084,0.5907878,0.19411233,0.6923075,0.16825809,0.5451821,0.38598683,0.25119346,0.22644348,0.564874,0.3523543,0.41146627,0.60609084,0.34899816,0.5363339,0.85815966,0.49488774,0.6016776,0.49911103,0.422002,0.3893383,0.76718444,0.6648766,0.7217493,0.49534783,0.22963676,0.3434958,0.36547232,0.65525115,0.70791996,0.6651195,0.45911512,0.34955174,0.55637944
143,0.7703153,0.86735183,0.806472,0.3900704,0.87267387,0.29554358,0.61793697,0.21617529,0.3198579,0.12598187,0.21844046,0.47919697,0.17909138,0.5144083,0.51171815,0.83946115,0.71466464,0.6527332,0.5419391,0.71208835,0.39049262,0.30939275,0.8311082,0.5765008,0.53470623,0.30702713,0.27690843,0.19225928,0.5133959,0.11073141,0.8056213,0.75715864,0.38397777,0.33355194,0.64691275
144,0.7100302,0.86552256,0.68651336,0.23640418,0.8641181,0.20699707,0.51176625,0.27618247,0.37648708,0.18451105,0.64526993,0.309709,0.3530603,0.63384324,0.3857282,0.75535876,0.84764946,0.47980762,0.44623858,0.42528453,0.30473942,0.22379296,0.822583,0.6828786,0.8488177,0.37085786,0.23529477,0.3086869,0.2666238,0.57738364,0.7679755,0.6863585,0.32755798,0.2711056,0.5159081
145,0.9345506,0.74777687,0.92331076,0.7963327,0.8804968,0.3689157,0.55119455,0.1989832,0.47537512,0.050196886,0.1485771,0.36221927,0.20637703,0.43975028,0.42472857,0.7894937,0.68190587,0.74633044,0.4782818,0.55770373,0.46126896,0.45983696,0.7576768,0.7407678,0.43233496,0.33141834,0.3039897,0.16221425,0.24897735,0.122827746,0.73661643,0.6697983,0.30879688,0.41904742,0.5683112
146,0.8319212,0.8573412,0.83949625,0.50031585,0.9111706,0.22164953,0.62815225,0.24244133,0.22894391,0.06837454,0.2540802,0.40892553,0.22679527,0.49216667,0.3871924,0.7526452,0.77196974,0.6800081,0.5829547,0.6789888,0.46601272,0.41605806,0.82372856,0.627365,0.56067663,0.34914482,0.2172317,0.16944298,0.43472615,0.17071271,0.81246054,0.7387214,0.36903876,0.35978776,0.6268043
147,0.8734169,0.7403301,0.8591646,0.7002447,0.84063894,0.38136643,0.55452895,0.24805179,0.470726,0.10591991,0.25145516,0.39809734,0.25768274,0.4605701,0.44119826,0.7541646,0.6681863,0.6785696,0.46369928,0.55447257,0.44980025,0.440847,0.73338974,0.68157923,0.48835626,0.3460458,0.33638164,0.21551712,0.2923965,0.19098583,0.7129611,0.6563885,0.3207697,0.41162252,0.562123
148,0.7723354,0.7396833,0.79016316,0.56688756,0.73510545,0.22951202,0.5895442,0.33985487,0.21164866,0.15274844,0.35948473,0.4117414,0.32989827,0.5074738,0.34603548,0.5025115,0.71208537,0.6727745,0.544371,0.5764823,0.50652266,0.46714535,0.7572372,0.7511711,0.46240348,0.43463153,0.21318328,0.29975814,0.3116447,0.35680646,0.73244596,0.6919464,0.3779495,0.4802689,0.616654
149,0.7486939,0.8167347,0.7316437,0.3919831,0.8324396,0.28786606,0.5240353,0.28046057,0.43796873,0.18506081,0.5251246,0.35072723,0.33026138,0.57417995,0.4078341,0.7465854,0.7812444,0.547527,0.4358015,0.47573128,0.35198617,0.27802715,0.7815151,0.6825664,0.7501149,0.37364906,0.27587238,0.29357067,0.27211463,0.45730716,0.7331851,0.66663754,0.32509777,0.3276922,0.52927774
150,0.78275335,0.81535226,0.76620275,0.44287276,0.8511893,0.3359085,0.5236191,0.25139934,0.49203935,0.15969384,0.4826445,0.36554113,0.2917616,0.5499807,0.43360433,0.7987292,0.76026374,0.5624948,0.41415167,0.48643082,0.34505218,0.29229966,0.7833543,0.66633815,0.7187818,0.3473507,0.30894798,0.2522028,0.26166314,0.3671772,0.73992735,0.6692345,0.29776147,0.3172777,0.5253086
151,0.72742486,0.86153233,0.7037517,0.25475436,0.86337197,0.23835096,0.50627035,0.26606825,0.4207941,0.18166956,0.64355946,0.31808296,0.3380151,0.6305486,0.3907633,0.77746785,0.83688915,0.48866224,0.4218842,0.4277285,0.29331908,0.20380779,0.8205978,0.6901344,0.8547227,0.3672592,0.24708669,0.2992201,0.25117162,0.55562377,0.76307714,0.6841219,0.30869102,0.27268994,0.51221436
152,0.641724,0.7905153,0.6512232,0.31129724,0.7565172,0.23768349,0.5503927,0.36011106,0.320588,0.23758915,0.5426465,0.37981534,0.38485077,0.5726395,0.39716783,0.61418414,0.7803062,0.5192412,0.522238,0.5057267,0.411117,0.36892465,0.7577716,0.63128555,0.6952878,0.43304,0.27165323,0.34147173,0.3638005,0.5259982,0.70926553,0.6602623,0.4049549,0.3595801,0.5533846
153,0.81745464,0.79856884,0.80144435,0.5202321,0.8530407,0.32689866,0.53579587,0.25217363,0.46272486,0.13176078,0.4099713,0.36183852,0.28403324,0.53367454,0.40937346,0.7708103,0.7508563,0.6093526,0.4377862,0.508042,0.37600315,0.32168424,0.7744876,0.6976439,0.6664569,0.3611905,0.28593045,0.24212027,0.26038003,0.34470844,0.7338007,0.66833246,0.31023556,0.35203534,0.5402763
154,0.7010125,0.79368114,0.73954004,0.41211972,0.76271784,0.41105074,0.5857851,0.25857753,0.45357245,0.2961523,0.2478249,0.52714336,0.21205111,0.5034885,0.58780324,0.82621306,0.5848354,0.61425626,0.4868741,0.6827281,0.38326803,0.30089575,0.76200354,0.5507101,0.4547078,0.32600674,0.39440817,0.27509737,0.51883054,0.12675098,0.7200685,0.7113281,0.39226088,0.37439927,0.6312335
155,0.8376051,0.7579637,0.82262594,0.6148055,0.83600265,0.37836057,0.5444769,0.25900012,0.49221754,0.13057378,0.33057126,0.3916892,0.2751922,0.4902734,0.43999466,0.7650936,0.69413334,0.6354641,0.4443299,0.53206307,0.41609198,0.39058974,0.740672,0.6710801,0.5689045,0.35439402,0.33435914,0.23555765,0.2861629,0.2608395,0.7098266,0.65301406,0.3186987,0.3825573,0.5471133
156,0.77400553,0.80116814,0.7307256,0.37303618,0.7985593,0.76907915,0.46411958,0.16448303,0.89793414,0.4470625,0.2578482,0.6288278,0.1334921,0.49959484,0.7975542,0.9770011,0.54918027,0.45518985,0.20640163,0.45927763,0.16502252,0.16719107,0.74296826,0.42646497,0.5646235,0.23365459,0.84242094,0.27872628,0.26048797,0.07481955,0.6785867,0.6448708,0.18576643,0.1683237,0.50861394
157,0.7040593,0.85759735,0.6837424,0.2320443,0.85129595,0.24039999,0.50365674,0.27702415,0.4241363,0.1995022,0.6587974,0.3215692,0.34939188,0.63113534,0.39767498,0.7676128,0.83506364,0.4743422,0.42379913,0.42441148,0.29351842,0.2054716,0.81385005,0.6763504,0.8624318,0.37224227,0.2566666,0.31207848,0.26077196,0.57225525,0.75325805,0.67735606,0.31783664,0.27163208,0.5087911
158,0.7521219,0.8378645,0.73463064,0.34417152,0.8448334,0.24772549,0.5183693,0.26947293,0.39573336,0.15584585,0.56195986,0.32570842,0.3298518,0.60443574,0.3830998,0.74547625,0.81173706,0.5329293,0.4452157,0.46006265,0.33377394,0.2507953,0.8042281,0.70623124,0.7753064,0.37495124,0.24128008,0.28576183,0.25353298,0.5056931,0.754208,0.68212783,0.32159403,0.30833465,0.527743
159,0.7736518,0.81045675,0.8138436,0.5729095,0.8885857,0.26818603,0.63591975,0.2712645,0.28836575,0.18935575,0.2755754,0.46485907,0.22893426,0.460778,0.45595187,0.72015435,0.6421211,0.6768139,0.5067216,0.70998716,0.5121269,0.42562738,0.79486525,0.61260724,0.39503604,0.3112275,0.27236617,0.20867582,0.41518694,0.12519851,0.7784442,0.7225357,0.3291419,0.39776736,0.636538
160,0.82751435,0.7864407,0.814621,0.5627158,0.8520378,0.3485539,0.5462508,0.25528342,0.46824732,0.12838462,0.3736426,0.38053536,0.27619547,0.51002705,0.42228216,0.7738457,0.73001164,0.62255913,0.44458795,0.52654755,0.39974573,0.36263448,0.76293564,0.67797154,0.6275286,0.35313416,0.30416876,0.2347259,0.28192252,0.28917956,0.72967535,0.66504127,0.3130979,0.36498463,0.5454206
161,0.57263875,0.8224988,0.5998291,0.1864033,0.7207041,0.17029412,0.5352205,0.37190512,0.26824546,0.227403,0.60855186,0.33604997,0.4097128,0.61999273,0.3558609,0.57250786,0.8629612,0.48214346,0.5701415,0.4811296,0.3943053,0.34225845,0.78026986,0.6610567,0.77004135,0.47376508,0.22386396,0.34690452,0.34950215,0.6684904,0.7138756,0.6674472,0.43854102,0.3327523,0.547025
162,0.71196496,0.8563348,0.68984187,0.24392685,0.84921294,0.24740013,0.5083302,0.27885395,0.4267276,0.19529113,0.65002066,0.3272022,0.34663582,0.62664545,0.40057006,0.77153164,0.8308765,0.47997537,0.42414913,0.43457818,0.30165845,0.2128227,0.813587,0.67371225,0.85461634,0.37126952,0.25654468,0.308307,0.26800904,0.554176,0.7561973,0.67851025,0.3171835,0.27536374,0.5118526
163,0.86824656,0.78237027,0.85161954,0.6331973,0.8619205,0.37635022,0.54063433,0.22501512,0.51128143,0.10310265,0.31103808,0.3780841,0.24255387,0.49149722,0.43533093,0.8058754,0.7156842,0.655297,0.42669997,0.5302576,0.39341128,0.3616904,0.7660283,0.70069087,0.5838879,0.33555952,0.3166205,0.20369527,0.24638858,0.22852704,0.73458606,0.66812646,0.28908214,0.36448488,0.54546463
164,0.7782909,0.8055496,0.7628046,0.452632,0.8441116,0.32192177,0.52823627,0.2646344,0.47130013,0.16003963,0.46920243,0.36032087,0.3021531,0.5492259,0.4206519,0.7746283,0.76104105,0.56858116,0.43328857,0.48909736,0.36266497,0.309242,0.7763885,0.67477214,0.7033593,0.3602305,0.29675573,0.2628043,0.27241966,0.38860673,0.73212737,0.66404974,0.31484082,0.33202735,0.5295769
165,0.853539,0.737476,0.84039974,0.68214464,0.8375513,0.41167098,0.54735816,0.2471846,0.51911,0.12295483,0.25235003,0.40721267,0.24654193,0.45665517,0.47237977,0.7871479,0.65768737,0.6567716,0.44970435,0.55032974,0.43838328,0.4288017,0.7254701,0.6523024,0.47477427,0.33389056,0.37965962,0.2140542,0.2946124,0.18343152,0.7003544,0.64790475,0.3177584,0.38652974,0.55222404
166,0.6118349,0.8101079,0.61931837,0.22880773,0.7467691,0.22191794,0.52577007,0.35431534,0.3451666,0.24945572,0.61968976,0.34958047,0.39759842,0.6111654,0.39124805,0.6408369,0.8210642,0.47828212,0.5044862,0.46722484,0.36967352,0.30701232,0.7704848,0.6401366,0.7775073,0.4345755,0.26354578,0.3525486,0.33990568,0.6187309,0.7071532,0.65789545,0.39995232,0.32628965,0.5334413
167,0.86467135,0.7536512,0.8525451,0.68066394,0.854891,0.3749631,0.5543741,0.24093565,0.47282958,0.10756345,0.2544032,0.3950572,0.24772306,0.46200815,0.44679627,0.7746341,0.681172,0.67028034,0.46570173,0.55049026,0.44478568,0.43733603,0.74313027,0.673915,0.49462786,0.33523434,0.34049895,0.2091712,0.29438573,0.18823181,0.72158986,0.66091573,0.3179276,0.39368707,0.5601469
168,0.6070299,0.7607625,0.6207708,0.30939674,0.714259,0.2921944,0.5419162,0.36994734,0.379222,0.29807654,0.53959906,0.39947677,0.38475847,0.5654192,0.43273798,0.6316392,0.738159,0.50390714,0.5121254,0.51301116,0.41582942,0.36622947,0.7284206,0.6128881,0.6543728,0.4363388,0.31446084,0.355084,0.38260633,0.525788,0.676509,0.6429722,0.41510087,0.36113125,0.5488564
169,0.8076599,0.77796566,0.79316247,0.53884834,0.83368987,0.36903697,0.53344774,0.2599013,0.502755,0.14969386,0.40023318,0.38344496,0.28448054,0.51549566,0.43974775,0.780967,0.7186439,0.60172987,0.42711526,0.5126673,0.3837275,0.34335735,0.75387657,0.66632223,0.6376405,0.3546307,0.32915798,0.24735168,0.27616003,0.3091184,0.7162113,0.65573376,0.3120954,0.35688215,0.5357095
170,0.81667244,0.7609087,0.807341,0.5911034,0.8284501,0.34695274,0.5587612,0.2780897,0.43252707,0.13190563,0.33875275,0.39445773,0.29155046,0.49307504,0.42916393,0.7295958,0.6979137,0.6315719,0.4737243,0.5554792,0.43426648,0.4052052,0.7409741,0.65662503,0.5646802,0.36705643,0.31434113,0.24295934,0.31860608,0.27540398,0.715284,0.6587466,0.34407562,0.39118844,0.56040007
171,0.53312063,0.6743058,0.56725985,0.23709118,0.30100626,0.82098806,0.46559173,0.26218894,0.8955909,0.73158866,0.13940036,0.75038624,0.18040477,0.56362885,0.89587784,0.959637,0.270294,0.50345665,0.29843184,0.5766372,0.13702947,0.10030792,0.6481736,0.49005637,0.4070496,0.3246634,0.81263715,0.5431713,0.6155655,0.07510376,0.53160655,0.68402976,0.4482909,0.38788882,0.64616483
172,0.7904922,0.82456475,0.7716309,0.42341042,0.86261064,0.3051396,0.52084947,0.24820428,0.47042012,0.14758606,0.4967855,0.3451888,0.29443642,0.5668001,0.41110215,0.79239666,0.78167915,0.56400067,0.42224932,0.47461987,0.34000137,0.27521867,0.795689,0.6930388,0.7375493,0.3539893,0.2790227,0.25516862,0.2510839,0.40518364,0.7484555,0.67491496,0.2991678,0.3157942,0.52536345
173,0.83323014,0.79449403,0.81657887,0.549362,0.8647459,0.3315887,0.5282556,0.23335414,0.4848415,0.11917378,0.37119386,0.34908038,0.2648471,0.5225264,0.42191824,0.7962489,0.74641645,0.62244457,0.44119635,0.4988597,0.38054067,0.33916748,0.77923,0.70484793,0.6260088,0.34723526,0.29673308,0.22604927,0.24985628,0.31539848,0.73828226,0.66839623,0.30728018,0.3476592,0.5368701
174,0.73029125,0.8330156,0.71319664,0.32750577,0.83667165,0.27274755,0.51796377,0.28142604,0.42750254,0.18468525,0.5827445,0.34304485,0.33947134,0.5962682,0.40586534,0.75099856,0.800807,0.5156427,0.4355339,0.45955724,0.3313881,0.25392225,0.7923752,0.67312557,0.7923043,0.37211782,0.2723943,0.29838902,0.2707978,0.49798608,0.74110144,0.67193663,0.32264292,0.30511743,0.5225619
175,0.66527796,0.866271,0.7433932,0.3785848,0.9463912,0.23672962,0.66295296,0.24841031,0.3062639,0.21226342,0.30425242,0.46582645,0.19801407,0.4423542,0.5268526,0.8371228,0.6901469,0.5788213,0.5786829,0.7554561,0.5315557,0.4324099,0.83002603,0.4549963,0.38224953,0.25152317,0.3183364,0.17392147,0.5750356,0.10858643,0.81160337,0.7348941,0.34407488,0.2895871,0.62615204
176,0.85406435,0.7805548,0.83846414,0.6058448,0.85264236,0.40104103,0.53769624,0.23441815,0.53205276,0.119302034,0.3538017,0.3976242,0.25431913,0.49501482,0.4512566,0.80451906,0.7021379,0.63085854,0.40895247,0.52728426,0.38195503,0.34946808,0.75671226,0.6733183,0.6109206,0.3337337,0.34398675,0.21403053,0.2546327,0.23119752,0.7252217,0.66257954,0.28158507,0.35614175,0.53981227
177,0.86418027,0.7829162,0.8488555,0.6193849,0.8592495,0.37642014,0.5429583,0.23349035,0.50538427,0.10334401,0.33129278,0.38214865,0.25127536,0.4967114,0.4298032,0.7962889,0.71714747,0.64884216,0.42745334,0.53273237,0.39362615,0.35465646,0.763068,0.69594616,0.6029931,0.34206796,0.31410572,0.20866048,0.25283623,0.24159828,0.73153186,0.666736,0.29154807,0.36644095,0.5454221
178,0.6094599,0.7949689,0.632897,0.30875704,0.77926296,0.27785057,0.56024957,0.3487414,0.39126652,0.28886285,0.5371505,0.40214244,0.35932186,0.5451735,0.45662656,0.68175805,0.7478706,0.49732304,0.50726354,0.5440829,0.42792273,0.37571007,0.75210065,0.5708205,0.6410372,0.39681572,0.31788358,0.31942898,0.4024683,0.4648176,0.70341235,0.6543523,0.3886782,0.32762006,0.5490631
179,0.641805,0.8435195,0.6316392,0.20176837,0.8067673,0.22180124,0.5120779,0.3183896,0.38330325,0.23848219,0.66691464,0.32713318,0.38562882,0.6312367,0.3969106,0.70814955,0.8356384,0.45826322,0.46250564,0.43493897,0.32732493,0.24281037,0.79689085,0.6545318,0.8459546,0.3977896,0.25647587,0.34447902,0.2987321,0.6217594,0.7355481,0.66674197,0.35983846,0.28715283,0.51623887
180,0.9326261,0.74948466,0.9220172,0.79345965,0.8813294,0.39748347,0.54466975,0.1912187,0.5218216,0.053857476,0.14929871,0.3701898,0.19365028,0.43738446,0.4443255,0.81611186,0.67558515,0.73617584,0.45499367,0.5526296,0.4436485,0.43907046,0.75604445,0.7293762,0.4313549,0.3195602,0.3326531,0.15629221,0.2343375,0.11456554,0.7308732,0.6662191,0.2943007,0.39993367,0.55985504
181,0.8058237,0.77619016,0.7828534,0.54127026,0.82989085,0.47308055,0.5306064,0.23710947,0.6160137,0.19280617,0.35289833,0.4563101,0.24205072,0.4890828,0.5385461,0.8481266,0.6636544,0.56977904,0.3716109,0.5188287,0.34978142,0.33808178,0.74250436,0.584272,0.5855099,0.30459735,0.4729515,0.2339153,0.28572968,0.20023398,0.708094,0.65115213,0.2687231,0.31117973,0.5313061
182,0.69664043,0.75680864,0.7138823,0.44646516,0.7501292,0.2360466,0.57732445,0.35728118,0.26304674,0.19915217,0.43032664,0.40452155,0.36196917,0.5310974,0.37542662,0.5542555,0.7372366,0.59784967,0.54220325,0.551648,0.473625,0.44264883,0.7455511,0.67779297,0.55677164,0.4340848,0.24889383,0.32233346,0.35232607,0.42862815,0.7139224,0.67049307,0.4006776,0.42365384,0.5865855
183,0.59850895,0.7030231,0.59420323,0.27110118,0.44593468,0.80126745,0.47415653,0.25306076,0.890419,0.6634654,0.1457525,0.7399651,0.1677074,0.54142094,0.87314224,0.96371603,0.34504235,0.4883954,0.28450656,0.56149703,0.15531251,0.12538847,0.65636283,0.43776125,0.4324035,0.30406407,0.8459085,0.492606,0.5279894,0.066463664,0.56915724,0.67073697,0.35881954,0.32381773,0.617493
184,0.71292007,0.84434396,0.6901434,0.26746753,0.8634038,0.38158274,0.51010454,0.2503325,0.5705341,0.27788013,0.5848372,0.40402612,0.2888596,0.58318985,0.51982826,0.8578808,0.7406929,0.46314326,0.3719274,0.47008547,0.28466108,0.21888873,0.79546297,0.5866848,0.77229273,0.32516,0.3990248,0.28043666,0.29355782,0.39808184,0.7404995,0.66833556,0.28028697,0.23669896,0.51271063
185,0.73301107,0.8173954,0.71366316,0.34728116,0.8304884,0.29461965,0.52133536,0.28816825,0.44487602,0.19322467,0.5680271,0.35581717,0.33898634,0.5840089,0.4151875,0.7532759,0.7785407,0.51863676,0.4360985,0.46905002,0.33972806,0.26717302,0.7790984,0.65974414,0.7711429,0.37378997,0.28988546,0.29929265,0.2890345,0.47538632,0.730301,0.6645795,0.32574195,0.31528583,0.5235864
186,0.7378397,0.82181054,0.72532403,0.36598343,0.82980096,0.26021868,0.5229656,0.2836215,0.39981088,0.16999722,0.5367087,0.33636302,0.33806062,0.5881723,0.39226165,0.7251237,0.79669416,0.5389747,0.45695862,0.4704588,0.35275698,0.2785557,0.78745997,0.68989885,0.75073874,0.38164935,0.257474,0.2940299,0.270303,0.4946112,0.73667496,0.6711857,0.33674532,0.32422668,0.5311679
187,0.6058263,0.7945369,0.6571619,0.29784438,0.6729058,0.1541732,0.56501085,0.38252273,0.18332908,0.17719993,0.48890692,0.364397,0.37994704,0.5776769,0.3156733,0.4666112,0.8392255,0.5704192,0.6294466,0.5443117,0.46652627,0.43719792,0.78076875,0.72093797,0.6275166,0.5175818,0.190745,0.31414518,0.3537069,0.58891994,0.7220974,0.6882874,0.45657253,0.40959153,0.5941817
188,0.7343733,0.8349279,0.7154254,0.31726605,0.8453182,0.2673157,0.5161163,0.27532235,0.4287458,0.1846061,0.58463913,0.336913,0.33239213,0.60247964,0.39779577,0.76186085,0.804756,0.51514447,0.43360853,0.45568433,0.32243901,0.24180517,0.79868025,0.6823678,0.7972197,0.37560505,0.26336104,0.29388148,0.27079028,0.5079972,0.7447535,0.6740255,0.3205145,0.30130368,0.5212992
189,0.5600015,0.8678175,0.6048902,0.11135296,0.7294095,0.104161955,0.53344727,0.35509387,0.19703034,0.16472645,0.6311966,0.2951094,0.39807373,0.65803754,0.29189056,0.52701706,0.9230873,0.47962028,0.62935746,0.47000113,0.3795396,0.3334829,0.8303526,0.73138875,0.8135834,0.5121648,0.16020441,0.31273538,0.3098832,0.7375836,0.7621008,0.702613,0.45081598,0.30912027,0.5560743
190,0.8546907,0.77127016,0.8383688,0.6186813,0.84957427,0.35987338,0.5387319,0.23887582,0.48692846,0.108483054,0.32190534,0.37136677,0.26125914,0.4988802,0.42657137,0.7777215,0.7126702,0.6466877,0.43806228,0.5226471,0.40109912,0.3668669,0.7577746,0.70239246,0.5762102,0.34856686,0.31038895,0.21947007,0.25282916,0.2672972,0.7244585,0.6620644,0.30556422,0.3731975,0.5448903
191,0.7934371,0.79383814,0.7734164,0.48381072,0.83864975,0.36753178,0.52886385,0.25847638,0.5139964,0.16480896,0.44234577,0.38927627,0.29007673,0.53112555,0.45457172,0.79344976,0.727025,0.57003295,0.4141534,0.5010458,0.36109358,0.3205533,0.7630584,0.6477024,0.6737755,0.34475112,0.34496886,0.25527534,0.2790691,0.32695287,0.7239563,0.65956485,0.30048156,0.33134735,0.53050345
192,0.741653,0.81578475,0.72576576,0.3793496,0.8367716,0.2964834,0.5281442,0.2849044,0.44056058,0.18294193,0.5302254,0.35755458,0.32996,0.5705566,0.41535726,0.756284,0.77780455,0.5350728,0.44406796,0.48048162,0.35304397,0.29187626,0.77802765,0.6555274,0.75084317,0.372245,0.2899836,0.28768456,0.2930776,0.44700092,0.7313628,0.66465783,0.33168378,0.32167473,0.52789885
193,0.8641909,0.7745105,0.84952974,0.6399228,0.8636775,0.37889817,0.5395675,0.22458944,0.51336294,0.10968475,0.294079,0.38283873,0.24094601,0.48354644,0.44583297,0.80153435,0.7058274,0.6546935,0.43339682,0.5244356,0.4015066,0.37841848,0.7617499,0.6921552,0.5524382,0.3308751,0.33834076,0.20663318,0.25382784,0.22572288,0.7301401,0.66485107,0.29211912,0.3664786,0.5467513
194,0.8515499,0.7784891,0.8353098,0.60226685,0.85029566,0.3678871,0.53953075,0.24199478,0.4974671,0.11588416,0.34948802,0.37903878,0.2639303,0.50397176,0.42758593,0.7829482,0.7158634,0.63975203,0.42770115,0.5253035,0.3935281,0.3507824,0.7597509,0.6958602,0.6061921,0.34823316,0.31231454,0.22367617,0.25557917,0.2692714,0.7261003,0.6637578,0.29826388,0.3690645,0.54401714
195,0.6904238,0.84717405,0.6699595,0.24102814,0.8594545,0.24426682,0.513708,0.28142416,0.41865188,0.23916943,0.65041286,0.33484945,0.34937215,0.6154994,0.4212064,0.7617394,0.80876637,0.4678749,0.4281659,0.4408452,0.31348994,0.23040597,0.80661166,0.6521553,0.8005716,0.35877097,0.27261734,0.31695786,0.2822725,0.54797286,0.75188184,0.67542344,0.31595042,0.2726996,0.5143761
196,0.8360287,0.77199453,0.82033587,0.60599524,0.85256654,0.39266664,0.5483449,0.241051,0.5070597,0.13633344,0.31583518,0.4124487,0.25200224,0.47868222,0.47164804,0.7997018,0.6856669,0.6258866,0.43568936,0.5413993,0.40914097,0.3954242,0.7507891,0.6403611,0.5488929,0.32288176,0.37291414,0.21730313,0.2950186,0.2060539,0.7253256,0.6618611,0.2977396,0.35913926,0.5500535
197,0.7606993,0.83090305,0.7406298,0.37334377,0.84806126,0.27345255,0.51954406,0.26729453,0.4318189,0.1658279,0.5415444,0.33913505,0.32283574,0.58802307,0.40020537,0.7614368,0.7966453,0.5415389,0.43076402,0.4642511,0.3363913,0.2591215,0.7967432,0.69476855,0.766481,0.3665808,0.26283497,0.2844129,0.25635266,0.4685789,0.7478854,0.67593867,0.31343117,0.31298947,0.5259601
198,0.8748355,0.76034534,0.8616456,0.6787766,0.854002,0.39623138,0.543612,0.22796497,0.52063924,0.097779706,0.26290092,0.38643023,0.23751362,0.47021237,0.4473576,0.8008486,0.69050103,0.670134,0.43844366,0.54171383,0.41628394,0.3989182,0.74850917,0.6882297,0.5305766,0.33564502,0.33972067,0.19741967,0.26057294,0.19113569,0.7201637,0.6586208,0.30143285,0.3802354,0.5482171
199,0.7889571,0.7812038,0.77216095,0.49945673,0.8287503,0.3537891,0.534846,0.2743179,0.48509425,0.16296883,0.42893586,0.38508117,0.30243507,0.5283108,0.43755525,0.76333463,0.7248591,0.58149105,0.43520886,0.50684,0.38089165,0.33719546,0.75311315,0.6556448,0.6552706,0.36352968,0.3296462,0.26375118,0.28969073,0.35104746,0.71349365,0.6546937,0.32171878,0.35144252,0.536682
200,0.7331974,0.84265745,0.71044695,0.3014762,0.85438997,0.26685843,0.5134101,0.27129406,0.44447178,0.18423708,0.5897199,0.33444282,0.32926023,0.603936,0.41011548,0.781531,0.8124379,0.5044116,0.4294096,0.44646484,0.3172894,0.24329026,0.8056569,0.66939414,0.8061916,0.36604872,0.2745774,0.29127616,0.2719486,0.5060804,0.7500977,0.6743009,0.3168134,0.2875879,0.5166491
201,0.63719165,0.7274044,0.63944024,0.37651616,0.6479581,0.56825125,0.5168744,0.2936501,0.66653115,0.45513588,0.30537814,0.5640689,0.2527247,0.50534445,0.66493636,0.82722443,0.5641825,0.5006502,0.38999677,0.53446186,0.3101577,0.30862862,0.6902607,0.48828983,0.48357862,0.35274455,0.6334896,0.36625513,0.41654462,0.23044781,0.6317026,0.6368103,0.35292202,0.30822784,0.55794173
202,0.8120848,0.7808855,0.7962142,0.542026,0.83717096,0.36700875,0.54013264,0.26272255,0.49064827,0.14318359,0.39839587,0.38936532,0.2858203,0.5136034,0.43909812,0.77725804,0.7183198,0.60228914,0.4330442,0.5214703,0.38755363,0.35135335,0.75350356,0.6585137,0.6367574,0.35459155,0.32795626,0.24362469,0.28380477,0.29946128,0.71963924,0.65880644,0.31318235,0.35705128,0.53950685
203,0.710916,0.86265266,0.6888999,0.24055381,0.8589479,0.25336844,0.51775646,0.27628693,0.43038473,0.19154376,0.640128,0.33865887,0.33583844,0.6183918,0.41753608,0.79304945,0.8291418,0.47451773,0.43155327,0.4467267,0.3038745,0.22921863,0.8165692,0.6444143,0.84681284,0.36289605,0.27174082,0.29204887,0.2875174,0.5212518,0.7638062,0.6830758,0.31735867,0.2619383,0.5156105
204,0.52057695,0.8279251,0.5831853,0.14292924,0.6512921,0.112870134,0.5507714,0.40156937,0.16873142,0.18743782,0.5627903,0.33297494,0.41294914,0.622433,0.29654852,0.45023656,0.90759736,0.50618696,0.6791545,0.5177385,0.44183928,0.415592,0.7938084,0.709581,0.72791624,0.5547029,0.17849748,0.3240723,0.36711913,0.71719277,0.72486126,0.68621427,0.49825916,0.35938302,0.57711744
205,0.86350375,0.7754273,0.84933406,0.6330748,0.8509181,0.3796854,0.5447736,0.23948224,0.49929357,0.108909704,0.32960966,0.3855124,0.25717816,0.493469,0.42587295,0.78322095,0.7084404,0.65587234,0.42677784,0.5390129,0.4012665,0.35915238,0.7570385,0.69905585,0.5972675,0.34792495,0.3098123,0.21434441,0.25430438,0.24016757,0.7263613,0.6643156,0.29472193,0.37867996,0.5480059
206,0.8259305,0.78624827,0.81162244,0.5559041,0.84898996,0.3487416,0.53576285,0.24883732,0.48345867,0.12983148,0.38092473,0.3685,0.2759343,0.5163373,0.42306995,0.7791155,0.73253185,0.62051564,0.4360314,0.51525205,0.38797536,0.34525198,0.7657014,0.68868816,0.6346446,0.35451502,0.3032507,0.2341234,0.2644803,0.30574527,0.7281332,0.6633871,0.30982646,0.360601,0.53963614
207,0.83154166,0.75174046,0.81887496,0.6229662,0.8312939,0.38631612,0.5474529,0.26457363,0.4953979,0.13480712,0.32481682,0.39527526,0.2767251,0.48357582,0.44170338,0.763259,0.68763036,0.6356643,0.44903618,0.54034096,0.42291808,0.40042353,0.7326444,0.6614654,0.55983496,0.3549398,0.3411749,0.23559818,0.29681516,0.2527738,0.7036946,0.6490757,0.32346487,0.38701048,0.5474124
208,0.81823313,0.8032112,0.7992571,0.5065424,0.8608719,0.31312716,0.52844197,0.24465147,0.4608698,0.12640966,0.4188725,0.34769398,0.28346154,0.5414549,0.4112692,0.77812237,0.7584885,0.6005832,0.43845135,0.4917062,0.3694678,0.3188448,0.7817418,0.7036449,0.6634294,0.35374045,0.2837667,0.24234803,0.25139505,0.3595209,0.7406411,0.67098516,0.30893382,0.34074533,0.5349988
209,0.69459945,0.7826258,0.71394026,0.40094948,0.7444673,0.19732971,0.5674224,0.344817,0.23021904,0.17136112,0.45968843,0.37325615,0.36023837,0.55714875,0.3454563,0.5326834,0.7803025,0.5927417,0.5627037,0.5338108,0.4567709,0.41234666,0.77353543,0.72439206,0.5949931,0.44828945,0.21056637,0.31332606,0.31850848,0.48638463,0.7355636,0.6868408,0.40121573,0.4107975,0.5873475
210,0.71786886,0.8060754,0.7562922,0.46984297,0.85328627,0.21039763,0.61453104,0.31307212,0.23202209,0.14663838,0.36972302,0.4139758,0.3029789,0.50446326,0.3802635,0.6221372,0.74143076,0.6247197,0.5601202,0.61850196,0.4918252,0.45223197,0.7855166,0.64143217,0.5305789,0.3816742,0.22875436,0.25561723,0.38718814,0.29483098,0.76786774,0.7054317,0.38093555,0.3965892,0.6106656
211,0.81155646,0.7958822,0.79285574,0.5043627,0.85432327,0.3286484,0.53417426,0.2551718,0.4689805,0.13468856,0.41984385,0.36348623,0.2869729,0.534036,0.42251524,0.7778805,0.74691164,0.59230214,0.4408452,0.5012114,0.3768901,0.33378914,0.7722209,0.6778038,0.65716356,0.35475206,0.30248266,0.24496707,0.2731834,0.34604514,0.73273593,0.66590345,0.31335816,0.3432676,0.5364299
212,0.8255738,0.7915093,0.8120344,0.53812873,0.84631157,0.346229,0.53795975,0.25252822,0.47693086,0.13007228,0.40393996,0.37200248,0.27988845,0.52442485,0.41594118,0.7736177,0.73715127,0.6192181,0.4331107,0.5190817,0.38074735,0.32107466,0.7677879,0.69588363,0.6589161,0.36003536,0.29237962,0.23851812,0.2622861,0.31498152,0.7299012,0.6667657,0.3068092,0.36033267,0.542319
213,0.66244525,0.8556553,0.6662011,0.24488664,0.8700973,0.25214857,0.55330324,0.2905427,0.4227181,0.23877127,0.61384356,0.3661533,0.31921408,0.5835117,0.4595479,0.7928365,0.79368055,0.4727804,0.466842,0.51579255,0.36953184,0.27644965,0.80860627,0.5943328,0.7649733,0.34095192,0.28433245,0.28570077,0.365362,0.4500061,0.7634324,0.68348217,0.33275163,0.2612664,0.5348612
214,0.7523105,0.77370656,0.74473214,0.49956933,0.82135403,0.3389287,0.559159,0.30050838,0.4330883,0.17988947,0.40280008,0.4059457,0.3147038,0.50751907,0.44612402,0.73779637,0.7111039,0.57910645,0.47560135,0.54458344,0.42449132,0.39755553,0.73968625,0.60971117,0.6064897,0.36611313,0.3363592,0.27063754,0.35674432,0.31965506,0.7123164,0.6546062,0.35517472,0.36512613,0.5528654
215,0.716606,0.84378177,0.69814867,0.28390068,0.8409227,0.25765955,0.51250637,0.2811595,0.4250214,0.19260934,0.61372787,0.3331588,0.34335354,0.6128776,0.39997727,0.75792384,0.8175454,0.49924222,0.43258747,0.4465871,0.3167711,0.23174572,0.8033417,0.6766596,0.8238948,0.3753538,0.26179,0.30448407,0.26939732,0.5338235,0.74677,0.674463,0.32224774,0.29225296,0.5181609
216,0.8002062,0.8764409,0.8340613,0.4491779,0.93212235,0.2191958,0.64463,0.22533353,0.23224664,0.100732185,0.25249174,0.4328257,0.19202642,0.48769015,0.42127275,0.79437244,0.753562,0.67314214,0.57859737,0.7270562,0.46799517,0.3869843,0.8440337,0.5902022,0.51615125,0.31554794,0.2213999,0.15489206,0.47366747,0.12773362,0.8295883,0.7575542,0.35386065,0.33611634,0.6420501
217,0.75490874,0.82160103,0.73815,0.38221058,0.8410615,0.29430082,0.53116614,0.28158814,0.43411523,0.17025249,0.5316936,0.35891515,0.32551503,0.57261944,0.40841046,0.7561838,0.7836038,0.54219913,0.44271144,0.48602542,0.35251176,0.28409007,0.782595,0.6655973,0.76109105,0.37229633,0.27856416,0.28177977,0.28887114,0.43975782,0.7372887,0.66922414,0.3266789,0.3226533,0.53074396
218,0.7888228,0.80189466,0.77429086,0.46545863,0.8406683,0.3572864,0.5265377,0.26037914,0.506724,0.16294384,0.47677845,0.3796609,0.29488105,0.5421296,0.43610248,0.7893316,0.7415597,0.568326,0.4077657,0.49485892,0.3535569,0.2972026,0.7705867,0.66351306,0.7107577,0.35264856,0.31800312,0.25798026,0.2677125,0.35473615,0.727543,0.66248405,0.2962472,0.33122873,0.5263373
219,0.8040907,0.78123474,0.78777874,0.52429867,0.826536,0.3608762,0.5380247,0.27105078,0.48314744,0.15668963,0.42704922,0.38867098,0.29754695,0.525944,0.42839986,0.76201904,0.72037756,0.59817106,0.42767867,0.5186188,0.38258183,0.3280788,0.7531146,0.67011654,0.65851796,0.36350235,0.31624016,0.25901997,0.28095192,0.33151567,0.7170917,0.6594503,0.31215638,0.362007,0.54034585
220,0.7053482,0.81907004,0.6731966,0.29239118,0.7977589,0.4790071,0.49910504,0.25691235,0.63951576,0.33218217,0.50051475,0.46343237,0.27643538,0.5678235,0.5814757,0.86481297,0.68736655,0.45963898,0.33936214,0.46718568,0.26541924,0.22131434,0.7684557,0.5487453,0.73770094,0.3222838,0.5042345,0.31786114,0.31170487,0.3377067,0.70946085,0.65604246,0.2909964,0.24292405,0.51547337
221,0.77594006,0.81425285,0.7573803,0.41974622,0.8431405,0.30897006,0.5250565,0.26750618,0.4573272,0.16284578,0.5079974,0.35799658,0.31255612,0.5661718,0.41260114,0.7667692,0.769819,0.5568826,0.42619437,0.4814054,0.34840763,0.2801457,0.78170335,0.6821977,0.7350829,0.36405316,0.2849061,0.2738765,0.2658688,0.4188211,0.7364994,0.6691246,0.3110617,0.32657334,0.52847826
222,0.78713477,0.80962163,0.77791727,0.47209948,0.85469455,0.3518375,0.54288125,0.25548238,0.49444884,0.15483387,0.45091406,0.38758245,0.27716285,0.5286466,0.45118362,0.8017193,0.7413503,0.5727319,0.42845678,0.52302516,0.37323573,0.32318008,0.7760701,0.6418344,0.6848927,0.33847538,0.3228762,0.23775125,0.2949699,0.30541942,0.7400561,0.66999257,0.30058223,0.32153672,0.5366666
223,0.83433676,0.78032714,0.82088375,0.58785003,0.86041707,0.37979192,0.5430077,0.23776981,0.51368684,0.1257739,0.32484666,0.39646783,0.25084543,0.48898038,0.46303135,0.8076113,0.7061512,0.62002164,0.43720588,0.5272092,0.39718103,0.3772182,0.75746375,0.65164363,0.5666253,0.32949346,0.35988432,0.21533473,0.28239053,0.23897676,0.72625697,0.66249907,0.30154333,0.34709358,0.54408133
224,0.818332,0.8052909,0.79850245,0.50109863,0.86182654,0.3112735,0.5273279,0.2422976,0.45943943,0.124337696,0.421552,0.34518638,0.28293005,0.54353094,0.41171497,0.78150165,0.7595463,0.59894913,0.439739,0.48973742,0.3660735,0.31426382,0.7841112,0.70517653,0.66425085,0.35241777,0.28273645,0.24079013,0.24943168,0.36089295,0.7435265,0.6728366,0.3072862,0.33749348,0.5346628
225,0.67571723,0.85808563,0.65360457,0.19098327,0.84069824,0.23064892,0.501726,0.29224306,0.420677,0.22470169,0.68530697,0.32122576,0.3665064,0.6412708,0.4015234,0.7591044,0.8410198,0.45354867,0.42837805,0.4157939,0.29254445,0.20180695,0.8129765,0.66304606,0.88071346,0.38084915,0.2611174,0.33223855,0.27691993,0.61153185,0.74816525,0.67265517,0.33043355,0.26713425,0.50673187
226,0.76034826,0.8067936,0.74226874,0.41201454,0.828814,0.32628143,0.5238745,0.27842245,0.47595206,0.18678203,0.5221933,0.3695643,0.3208763,0.5645102,0.42270437,0.76531523,0.75810343,0.5487246,0.41968623,0.4835004,0.34916845,0.27778128,0.7720661,0.6678674,0.7425005,0.36728883,0.30227906,0.28690138,0.27789086,0.42176944,0.72584283,0.66265225,0.3122479,0.3304679,0.5272668
227,0.769113,0.810435,0.74683416,0.42682037,0.8382314,0.3998199,0.52255714,0.25199395,0.55894697,0.19055171,0.4872746,0.41308054,0.28319645,0.538069,0.4889722,0.8310698,0.7256793,0.530316,0.3814384,0.49362412,0.32699984,0.2916898,0.7684785,0.6077615,0.7146301,0.32563013,0.3897105,0.2534738,0.28067058,0.31549555,0.72842944,0.6606853,0.27866036,0.29397684,0.52002424
228,0.7177597,0.82696354,0.70181775,0.318491,0.8292713,0.26955074,0.5153264,0.28692323,0.43123513,0.1971654,0.58019894,0.33871844,0.34239528,0.5984952,0.4023276,0.7470165,0.80180347,0.5129702,0.43889213,0.45589393,0.33432227,0.25553364,0.7908629,0.6762439,0.7887799,0.3795096,0.27042502,0.3061077,0.27689832,0.51707137,0.7346891,0.66673183,0.33067036,0.30918968,0.52106345
229,0.6542684,0.8653616,0.6381148,0.16959594,0.8372607,0.1930718,0.50950265,0.3038787,0.36159533,0.2187964,0.68805087,0.30920872,0.38214418,0.64812565,0.38675156,0.72221226,0.8593855,0.45047432,0.46336055,0.4192698,0.30261794,0.21479806,0.816655,0.6609913,0.88145196,0.3916964,0.2379607,0.3361912,0.2862,0.641348,0.7526047,0.6780769,0.35239035,0.267541,0.51427394
230,0.8430478,0.7801918,0.8267726,0.58879125,0.85160553,0.36616305,0.5386995,0.24493584,0.49557358,0.1222232,0.36166084,0.37878168,0.26885507,0.5059633,0.4290393,0.7819718,0.7188416,0.6297873,0.42917508,0.5217413,0.39157936,0.3539834,0.75956744,0.6873313,0.6165367,0.34722772,0.31559068,0.22778258,0.26102558,0.27682143,0.72529924,0.6619733,0.3004744,0.3655371,0.5412493
231,0.8473221,0.7674751,0.8310177,0.61440307,0.8486117,0.3446824,0.54907167,0.25448856,0.45123214,0.117661156,0.32549065,0.38010794,0.2748221,0.4958168,0.42223138,0.7518448,0.71013063,0.6457825,0.4589111,0.53288615,0.42231783,0.39487082,0.7531679,0.68862283,0.56749,0.35416427,0.30679256,0.23356776,0.28505635,0.26798317,0.72477424,0.6630757,0.32075787,0.3874668,0.5542768
232,0.5976574,0.8310981,0.611479,0.18301545,0.7462391,0.17616053,0.5223847,0.35080048,0.29820445,0.22852197,0.6371338,0.32617474,0.40241313,0.63118726,0.361796,0.6138729,0.85969603,0.4728253,0.53134334,0.45688763,0.36433178,0.29788533,0.79096425,0.6732895,0.79842967,0.44947904,0.22669213,0.34864998,0.32116768,0.66869986,0.7252425,0.670776,0.40806755,0.31616387,0.53556293
233,0.7445918,0.8244438,0.72476333,0.35762966,0.83869827,0.3025668,0.5226954,0.2799181,0.45657676,0.18703346,0.5634013,0.36057413,0.33059666,0.5808954,0.42104435,0.7701386,0.77945673,0.524094,0.42505231,0.47123545,0.3347702,0.26281735,0.7838532,0.6586081,0.7775056,0.3664541,0.29346633,0.29160315,0.27943635,0.45379123,0.73700523,0.66889435,0.31554592,0.31008407,0.5239279
234,0.7800743,0.7842406,0.7630605,0.48407984,0.82772624,0.36694083,0.5313129,0.26997402,0.50378084,0.17188887,0.4420434,0.39268014,0.30020535,0.5260412,0.45435005,0.7790329,0.7204051,0.5673256,0.4248311,0.50206286,0.37110406,0.33296037,0.7515226,0.6393161,0.6610757,0.35198718,0.35011426,0.2619875,0.28948185,0.3378821,0.7139858,0.65396136,0.31217957,0.33876696,0.53159225
235,0.64613974,0.7930773,0.6961147,0.38915357,0.82431877,0.22866297,0.6094974,0.34188747,0.26581365,0.18729009,0.38809818,0.42612964,0.32179877,0.5099185,0.39782256,0.62398005,0.7508296,0.57722795,0.57958573,0.61200505,0.4929749,0.48189077,0.7625461,0.59827554,0.5387059,0.40570512,0.26270527,0.27614883,0.43305913,0.3377696,0.73899496,0.68194336,0.41471428,0.37737167,0.59100395
236,0.6529892,0.8645965,0.65211093,0.20665398,0.8491691,0.21345007,0.53954154,0.30195078,0.37782857,0.22245488,0.6495836,0.3383964,0.34927136,0.6132476,0.42204696,0.75069344,0.83586466,0.46354157,0.47520518,0.47953826,0.34861794,0.25608787,0.81628454,0.62328273,0.8265594,0.3666194,0.25047305,0.3091386,0.338466,0.5388958,0.763291,0.6844795,0.34900647,0.2648217,0.52902114
237,0.730899,0.8074705,0.7150208,0.36507827,0.8223833,0.33212093,0.52137125,0.28864402,0.48424497,0.20496888,0.5583457,0.375226,0.33078504,0.5696583,0.43436956,0.7703925,0.7590129,0.51815957,0.41947737,0.47607642,0.34159315,0.27729806,0.7681342,0.6384131,0.76126873,0.36809215,0.31905746,0.29618865,0.29524428,0.44050923,0.71992415,0.6572087,0.31931403,0.31715393,0.51995677
238,0.66019833,0.7866024,0.6503931,0.3235236,0.7731907,0.3175387,0.523599,0.32869795,0.45581332,0.27807075,0.57539195,0.38665015,0.36740652,0.571716,0.452156,0.7233926,0.7407807,0.49141866,0.43988228,0.47678858,0.36030155,0.2998971,0.7464936,0.6105312,0.7336086,0.38772148,0.3315743,0.343906,0.33837283,0.4937915,0.6965496,0.64540803,0.3584541,0.32649636,0.52527994
239,0.8054861,0.7994972,0.7856708,0.4872373,0.8471321,0.31680447,0.5286285,0.25553632,0.46085668,0.13811661,0.43748942,0.35554776,0.29405302,0.54522544,0.4171299,0.77175176,0.7531012,0.58681536,0.43577638,0.4907856,0.36793074,0.3139361,0.7757204,0.69271487,0.6687304,0.35732856,0.29105306,0.2549194,0.2604894,0.3719969,0.73543894,0.6680771,0.3125135,0.33955517,0.53396225
240,0.7239219,0.77806807,0.71182585,0.42217064,0.7912167,0.36275935,0.5330982,0.30968094,0.4869019,0.2181346,0.50813305,0.4031306,0.33749682,0.541253,0.4512399,0.74831444,0.7210092,0.53521925,0.4306399,0.5055878,0.37458512,0.32434916,0.7386478,0.6115942,0.7043723,0.3774217,0.34678382,0.3022465,0.32686946,0.39726764,0.6976948,0.6457418,0.34009105,0.34538227,0.52969575
241,0.8867523,0.742333,0.8745471,0.73460424,0.8654132,0.3353195,0.5731614,0.24183588,0.39690188,0.094708934,0.19704401,0.39663547,0.2430212,0.4426199,0.4315478,0.7319641,0.664143,0.7107939,0.50495356,0.57833946,0.49382368,0.48851877,0.7472921,0.6915294,0.4137403,0.33248878,0.30952057,0.2073636,0.32304007,0.14910015,0.73649824,0.67293924,0.32922435,0.43144077,0.5853721
242,0.84564745,0.7692617,0.82840425,0.61335397,0.8490184,0.44254383,0.5374772,0.23115687,0.57803106,0.14291894,0.33029047,0.4265027,0.24320622,0.47750252,0.49471554,0.82398653,0.67212385,0.615188,0.3922532,0.5278901,0.377974,0.3633697,0.74402755,0.63459384,0.5689975,0.3155672,0.40694198,0.2113738,0.26293427,0.19636595,0.71315014,0.6534354,0.27015558,0.34289426,0.53633636
243,0.6012825,0.73948705,0.6347659,0.3131868,0.552431,0.6030345,0.5283085,0.26303002,0.6680447,0.49852714,0.19867647,0.6248807,0.20104294,0.527651,0.73861325,0.8969553,0.4642846,0.5325238,0.4010921,0.6072832,0.2644313,0.22297966,0.7094797,0.50370896,0.4462758,0.32076907,0.60698545,0.4034036,0.5663821,0.114989474,0.6370454,0.6913966,0.4215106,0.34914765,0.62250584
244,0.8086666,0.8134484,0.791827,0.47834998,0.85164404,0.3179375,0.5310838,0.254337,0.4561983,0.13672772,0.4639029,0.35942855,0.29443645,0.55435395,0.4030521,0.76921105,0.7643731,0.5918902,0.42563844,0.49863976,0.35886994,0.28674358,0.7840389,0.7042896,0.7126946,0.36097124,0.27349657,0.2534837,0.25026774,0.37652144,0.742368,0.6748908,0.30006477,0.34067854,0.53698313
245,0.80064124,0.8104421,0.7806808,0.46126136,0.8555139,0.30120522,0.5278878,0.25474578,0.44505483,0.13719974,0.4639388,0.3476519,0.2992132,0.55638385,0.40646142,0.769253,0.7681025,0.5789872,0.43772984,0.48484516,0.3581919,0.2991981,0.7836191,0.6975527,0.6973878,0.3588604,0.27696732,0.25643528,0.2554077,0.3940924,0.74190086,0.6726074,0.31106848,0.33296508,0.53296036
246,0.5266501,0.82853603,0.58280766,0.14870915,0.6696292,0.11960651,0.5520965,0.39628065,0.1811907,0.19216666,0.56281626,0.33353087,0.41433406,0.6216283,0.30459654,0.4700318,0.90192163,0.5019903,0.6686548,0.51337826,0.4412713,0.41111574,0.78940856,0.70167094,0.73234636,0.5383484,0.18502522,0.32571954,0.36289597,0.70644015,0.7258557,0.6826414,0.4914238,0.35201636,0.5725862
247,0.9097506,0.7454066,0.8964175,0.74821115,0.85817003,0.38917416,0.5511802,0.2246464,0.4947742,0.070286766,0.20861018,0.38027304,0.23180974,0.4555222,0.42711872,0.7774969,0.6799424,0.7091068,0.45629373,0.5576335,0.4426334,0.4296969,0.74281013,0.71294343,0.486955,0.34347123,0.31889892,0.18545268,0.2579273,0.16567989,0.7181994,0.65893507,0.30899948,0.411474,0.5589411
248,0.82716525,0.7924128,0.8111636,0.55147415,0.8593028,0.33783093,0.53196824,0.24068901,0.48492032,0.12652189,0.3723027,0.35644427,0.2699564,0.5193403,0.42195934,0.7893504,0.7439921,0.6204038,0.4412631,0.5044569,0.383961,0.3442723,0.7741231,0.69643646,0.63135403,0.3493675,0.30062923,0.2308459,0.2576364,0.31440252,0.73374116,0.6654705,0.30909887,0.35194153,0.53745985
249,0.8065373,0.8045713,0.79326195,0.50600165,0.84652436,0.3039923,0.5317399,0.2536853,0.43762398,0.13209407,0.4244775,0.3481394,0.29297954,0.5444032,0.3987029,0.75334406,0.7644712,0.607426,0.44389018,0.5001875,0.3761602,0.3150565,0.78104204,0.7131099,0.67366076,0.363773,0.2664841,0.25006178,0.2486989,0.37321597,0.73888665,0.6725305,0.31376606,0.35183606,0.54034895
250,0.6329446,0.8668329,0.7300215,0.37956733,0.95616513,0.23872945,0.6789504,0.24522153,0.33012903,0.25726923,0.28572714,0.48555908,0.18559922,0.41581148,0.57602465,0.86233807,0.6515544,0.56504315,0.5710278,0.78127396,0.56460017,0.45690137,0.83129156,0.4144128,0.30370724,0.21230972,0.35206968,0.16962662,0.6066341,0.08031971,0.8128583,0.7338745,0.32799268,0.27431148,0.6282841
251,0.65261036,0.7927367,0.6991531,0.4099892,0.8138259,0.37646583,0.6048355,0.27448183,0.44411397,0.324489,0.2831598,0.5141351,0.22902775,0.46556148,0.58979785,0.8161949,0.603919,0.56369144,0.49907845,0.67984426,0.4438711,0.38052762,0.76291233,0.4928419,0.39505607,0.29257756,0.41616383,0.26984116,0.5386338,0.13810089,0.73166144,0.69664145,0.3718875,0.33513176,0.6093464
252,0.72262657,0.8710745,0.7973941,0.35794252,0.912755,0.28035322,0.6349772,0.20560193,0.3529544,0.18708229,0.2509846,0.51821804,0.15622024,0.48582911,0.59528875,0.8603613,0.6402621,0.6456975,0.5295657,0.79229975,0.41608372,0.2770303,0.83210313,0.5100634,0.3882174,0.2591796,0.28971902,0.17219839,0.5491818,0.06346151,0.81125593,0.75656474,0.33938152,0.34374034,0.6590258
253,0.75353086,0.75436443,0.74239135,0.5199803,0.8045519,0.5023778,0.5435163,0.2507669,0.6068548,0.29330125,0.26939636,0.5117978,0.2243729,0.4667099,0.5963089,0.8449071,0.6051072,0.5613967,0.4042023,0.557826,0.37556496,0.37360835,0.71970654,0.5221087,0.45977888,0.3004036,0.55227786,0.26908523,0.37022117,0.1532222,0.6887544,0.6483602,0.3046089,0.31647283,0.5553426
254,0.55146474,0.8289797,0.59260416,0.16376556,0.702302,0.1429484,0.5426168,0.38087678,0.22531116,0.20572385,0.59171987,0.3308577,0.41075882,0.6233048,0.32762465,0.524522,0.8851612,0.48966306,0.61470246,0.49258834,0.41143256,0.37249932,0.7884686,0.6840069,0.75999993,0.50379,0.20080833,0.3353002,0.3499185,0.69007945,0.72293997,0.67590696,0.4614919,0.33956903,0.5569176
255,0.7755083,0.70686734,0.7833165,0.60410154,0.7236628,0.27297956,0.58763397,0.35107383,0.25675753,0.19118783,0.3490651,0.43425474,0.33927092,0.4892876,0.37933335,0.5217707,0.668763,0.66779,0.5161058,0.5786632,0.5126195,0.47541618,0.72460115,0.7165418,0.43108624,0.41949573,0.25491053,0.32032114,0.33232313,0.3260623,0.70414907,0.67086375,0.37503982,0.49017373,0.6086123
256,0.6930794,0.81219065,0.6732751,0.32996175,0.8095331,0.35888505,0.5257704,0.2935695,0.50935245,0.25462347,0.5286437,0.41104212,0.3227582,0.5617769,0.49170667,0.7940086,0.74430627,0.48710018,0.41860047,0.47992468,0.33335474,0.2921115,0.7630688,0.5736338,0.7320687,0.35249144,0.39728665,0.30541667,0.32917726,0.41279373,0.7161299,0.6543953,0.3258632,0.28541833,0.52355045
257,0.9243361,0.7514769,0.912372,0.77761084,0.87118834,0.3838076,0.5516392,0.20818993,0.4945875,0.058611147,0.18114313,0.36880374,0.21491039,0.44848084,0.41986647,0.790182,0.6882764,0.73075294,0.45501834,0.5584626,0.44395143,0.4326601,0.7529479,0.7339953,0.47153443,0.33538625,0.3032558,0.1688619,0.23842463,0.14489982,0.7294723,0.66536677,0.2993193,0.41232252,0.5606952
258,0.5518746,0.6795782,0.58530414,0.22921386,0.32630625,0.87241155,0.45427233,0.23217122,0.9270919,0.77134955,0.1165364,0.7729023,0.15527122,0.5466403,0.9204391,0.9771449,0.23577552,0.4972778,0.2701544,0.57096493,0.11781238,0.08646856,0.6454841,0.4834321,0.37755528,0.33188054,0.8589077,0.52944386,0.5907505,0.05441324,0.53176683,0.68962395,0.43031567,0.3421362,0.6493216
259,0.7419425,0.8361017,0.7198201,0.31733587,0.84917897,0.27316654,0.5140343,0.27337122,0.44261986,0.18047306,0.58967197,0.33873522,0.3318787,0.602084,0.4053065,0.7710999,0.8030716,0.5110115,0.42652512,0.4516236,0.32038957,0.24221687,0.79851466,0.67644715,0.8009766,0.36837354,0.27229187,0.2937011,0.26901266,0.5005336,0.74556696,0.67324346,0.31529847,0.29726234,0.5182041
260,0.66250956,0.83871114,0.6420728,0.21369548,0.81838113,0.2480015,0.50440377,0.3079239,0.42728576,0.24693838,0.66623497,0.33554903,0.37695482,0.62795246,0.4121335,0.7407788,0.81855667,0.4578352,0.43212357,0.42432928,0.30792493,0.2222265,0.793661,0.64861095,0.8556732,0.3877223,0.2811379,0.34652,0.29278043,0.6023464,0.729844,0.6622232,0.34265867,0.28388628,0.50971353
261,0.72175825,0.8020856,0.70770913,0.39074868,0.8360815,0.38553378,0.5320364,0.2713964,0.5392148,0.2519086,0.4847506,0.42735583,0.29304284,0.5324074,0.5123099,0.8130549,0.70961463,0.5111891,0.40376192,0.50581187,0.34887528,0.30673194,0.75955576,0.5721587,0.66199684,0.32736427,0.41717926,0.27949446,0.32406107,0.3369165,0.7185191,0.6554789,0.29967207,0.29204303,0.5281086
262,0.7830852,0.76864827,0.7629574,0.5116387,0.81812394,0.41824484,0.5311569,0.2665423,0.55141485,0.19074202,0.4026722,0.42666608,0.2839772,0.5072462,0.4918437,0.79879,0.6878342,0.5639574,0.40768495,0.5071156,0.3684781,0.34672445,0.73404455,0.6068263,0.614085,0.3379243,0.41893497,0.25887808,0.29545018,0.29140136,0.69948137,0.64548886,0.30167812,0.33404988,0.53153765
263,0.5867895,0.7970065,0.60726994,0.23982377,0.7141932,0.22207907,0.53546715,0.37727895,0.3271548,0.25985906,0.5980309,0.36175886,0.40578613,0.5962696,0.3892951,0.5982207,0.8177025,0.48792642,0.53270996,0.48867446,0.40036136,0.348494,0.7580259,0.6351074,0.74590933,0.45947853,0.2622079,0.35700294,0.3658259,0.6197098,0.6948053,0.6523711,0.4269889,0.34599686,0.5427172
264,0.7849082,0.8014167,0.7728055,0.47373104,0.8331157,0.3131548,0.5370761,0.27271113,0.4390626,0.14755277,0.45194787,0.3638937,0.30724603,0.5455198,0.4079836,0.74539554,0.76014435,0.5863312,0.4492155,0.5067542,0.37838367,0.31993514,0.7707885,0.68274254,0.68924415,0.37098,0.28309703,0.26165834,0.27517194,0.3822375,0.72952616,0.66695213,0.3247016,0.34938675,0.5403923
265,0.82608616,0.7515814,0.8067816,0.61127776,0.8296304,0.45206028,0.5392956,0.24354914,0.5736581,0.170206,0.28518787,0.4444859,0.24057989,0.46886435,0.51824075,0.8224349,0.65452963,0.6087906,0.4100136,0.532951,0.39411753,0.3925472,0.7266551,0.6031081,0.5117766,0.31529832,0.4555973,0.23023303,0.29712322,0.18037751,0.69927776,0.6470481,0.29601398,0.34664243,0.54325503
266,0.6190025,0.83402526,0.6191312,0.19295645,0.77680147,0.19268139,0.5121387,0.3335473,0.33107978,0.23940413,0.66919774,0.3162483,0.3998515,0.6404552,0.3754304,0.6605433,0.84550273,0.46074137,0.4868265,0.43597302,0.3398401,0.25680774,0.7929477,0.66814685,0.8244852,0.4167251,0.23408608,0.35598463,0.30153108,0.6655475,0.7276946,0.66787696,0.3802085,0.30152112,0.5221575
267,0.8137635,0.79395723,0.79708403,0.5202204,0.85022324,0.33952847,0.5348617,0.25349942,0.4738299,0.13429177,0.4147633,0.3695152,0.28573617,0.52850133,0.4235646,0.7757575,0.7390183,0.5982931,0.43414298,0.5067048,0.37614602,0.33279115,0.76815534,0.67986315,0.6560718,0.35313696,0.30483323,0.24174447,0.26714966,0.3323137,0.73108125,0.6654631,0.30752927,0.3470956,0.5369035
268,0.86102265,0.7785422,0.8471667,0.62674356,0.855234,0.36642042,0.547016,0.24123058,0.4864934,0.103404164,0.3238579,0.38041472,0.25775462,0.49591643,0.42250484,0.78004825,0.71692675,0.6543741,0.43757534,0.53666306,0.4040331,0.36591244,0.76023924,0.6976198,0.5937059,0.34954345,0.3043527,0.21379468,0.2589624,0.24904457,0.7288324,0.6659832,0.3019507,0.3752793,0.5492385
269,0.8406433,0.7699925,0.82429636,0.59675276,0.8459277,0.37728697,0.54118633,0.24904004,0.50089896,0.12501141,0.34164122,0.38946182,0.2667299,0.49733672,0.4419535,0.78128344,0.70511204,0.62750703,0.43606955,0.5263414,0.3987572,0.37075317,0.74991286,0.6705624,0.5845707,0.34733865,0.33801916,0.22671692,0.2736547,0.2658545,0.71749973,0.65771294,0.30716744,0.36648887,0.5437821
270,0.8650862,0.75313693,0.85454047,0.68545806,0.85629976,0.35801297,0.5701274,0.2485114,0.43677682,0.104533955,0.2294608,0.40798655,0.24763766,0.45367122,0.44368854,0.7551619,0.67493266,0.67809504,0.4859627,0.5754442,0.46671486,0.45911822,0.7436243,0.66388816,0.4618966,0.33639684,0.33237672,0.2103996,0.32719088,0.17222327,0.7269422,0.6672281,0.32796273,0.40485463,0.5732661
271,0.5511013,0.8461496,0.59764135,0.1341632,0.7034205,0.115618385,0.5413221,0.37303537,0.19710295,0.1815629,0.5981411,0.31724805,0.4049758,0.6374229,0.30495617,0.5116399,0.9099239,0.49052793,0.6363547,0.48885617,0.40676308,0.36619934,0.8077699,0.71214575,0.7726898,0.5162015,0.17706443,0.32185665,0.33435526,0.71364355,0.74220455,0.6901428,0.46378914,0.3303463,0.56130135
272,0.64200485,0.81550753,0.6348361,0.22189453,0.7615632,0.35274866,0.503269,0.29627284,0.501707,0.33207732,0.5733787,0.4044156,0.33862516,0.6048649,0.50045216,0.78205407,0.72738844,0.4580722,0.4176938,0.45700955,0.2907871,0.22108535,0.76756066,0.6110032,0.7603717,0.3804854,0.37366474,0.3606127,0.33612752,0.5008357,0.70180845,0.66312754,0.35892218,0.2771539,0.52871984
273,0.8059068,0.7954143,0.7869912,0.49941579,0.848285,0.34332168,0.5342722,0.25591284,0.4806952,0.14818731,0.42271298,0.38048014,0.28640676,0.53024155,0.43939656,0.7824365,0.73539174,0.5863735,0.4325344,0.50112283,0.37223545,0.33207002,0.7699667,0.66476446,0.65481174,0.34931678,0.3252339,0.2494977,0.27792564,0.33098298,0.7324427,0.66625404,0.3063097,0.33985013,0.53850174
274,0.83614635,0.7885293,0.81963885,0.5593056,0.8514735,0.36876294,0.5403526,0.2504216,0.49731678,0.12692611,0.39772135,0.38548872,0.27576965,0.5145518,0.42862615,0.78407097,0.72430605,0.6170163,0.42346844,0.52268517,0.38170332,0.33374828,0.76092803,0.68044007,0.64974767,0.34980983,0.31445798,0.23324105,0.26427418,0.28831998,0.7274156,0.66436166,0.29628947,0.35843647,0.54060215
275,0.7127048,0.84918517,0.6928692,0.26214787,0.8502121,0.24128929,0.50566363,0.27339035,0.41857058,0.1891897,0.624381,0.31993592,0.34393674,0.6228329,0.39865598,0.76273245,0.82608163,0.48607802,0.4340427,0.4277564,0.30483449,0.22484025,0.81017363,0.68142855,0.82522506,0.3708737,0.26040226,0.30435327,0.2599503,0.5599753,0.7517398,0.67676985,0.3209941,0.27802148,0.51269615
276,0.74135447,0.7911283,0.7548617,0.5177008,0.8861788,0.35411948,0.5957733,0.26003104,0.449037,0.23685102,0.31201333,0.46406713,0.24194238,0.44673958,0.53196585,0.80797434,0.65084165,0.58319294,0.47367468,0.6333461,0.46680927,0.43219703,0.76262665,0.5316435,0.42469436,0.28477675,0.39694658,0.22549586,0.42347613,0.15365915,0.74436545,0.6789962,0.31363302,0.33400145,0.5778272
277,0.87634313,0.7646261,0.86244714,0.67711574,0.8564329,0.41305012,0.5401805,0.21839023,0.54141104,0.1051044,0.26967728,0.39617962,0.23063926,0.46945876,0.4595615,0.81251764,0.6837737,0.66655916,0.4197627,0.5379608,0.40211925,0.3857191,0.7514187,0.68356085,0.5364768,0.32721174,0.3561607,0.19204511,0.24802501,0.17870185,0.7228818,0.6603657,0.2848752,0.37137386,0.5466542
278,0.7048228,0.8361807,0.7320307,0.4040087,0.8897988,0.2662689,0.61257523,0.2801727,0.32495657,0.17098092,0.35675606,0.4332021,0.25981158,0.49488273,0.45807108,0.7672422,0.73580253,0.5806129,0.5428904,0.64693767,0.45744747,0.4144782,0.7965336,0.5393177,0.55939925,0.33355755,0.30032185,0.22426431,0.4733302,0.21951306,0.77613115,0.7048723,0.37026095,0.3274351,0.59388983
279,0.9526966,0.75530416,0.9432932,0.8258317,0.8878807,0.38842553,0.54353535,0.17683502,0.5240458,0.03723713,0.12972322,0.3516062,0.18145119,0.43833438,0.42237377,0.8218276,0.69136983,0.76654935,0.44756207,0.5534018,0.440842,0.42709368,0.7663741,0.7698139,0.44009322,0.324822,0.29497924,0.14094543,0.20275481,0.1066051,0.7405486,0.67166626,0.28646126,0.40913868,0.56025577
280,0.6815896,0.87639105,0.65833426,0.16520089,0.8604933,0.19854167,0.50184405,0.28087458,0.38657886,0.20316331,0.70469975,0.30150676,0.3635556,0.6573437,0.384669,0.7621301,0.8644165,0.44692197,0.43941075,0.4058323,0.279032,0.18686752,0.83106107,0.6767279,0.8980113,0.3771692,0.23438051,0.32115155,0.2653478,0.633299,0.76759464,0.685809,0.32706416,0.25064605,0.50674206
281,0.8348023,0.7583633,0.8271964,0.63143265,0.848553,0.3681585,0.5556799,0.2532874,0.46478453,0.12098167,0.2842591,0.3994065,0.26013175,0.47248,0.4502682,0.76456034,0.68617773,0.6467641,0.4705283,0.55214447,0.4364623,0.4264421,0.74343044,0.6525334,0.5188066,0.3420374,0.34404796,0.21969905,0.31136802,0.2146078,0.71959853,0.6600178,0.32744467,0.38363904,0.5592477
282,0.7651137,0.83462346,0.74453104,0.3636127,0.8598403,0.2788778,0.51544863,0.2579357,0.44792825,0.16302004,0.5489191,0.33469206,0.31463996,0.5883196,0.40358567,0.7808119,0.79937166,0.5366495,0.42631382,0.45845127,0.32660633,0.25348,0.8013199,0.6909353,0.7764833,0.36071467,0.26830566,0.27510992,0.25424403,0.4624237,0.7505971,0.6760807,0.30750954,0.30408075,0.52112687
283,0.92004746,0.7393755,0.90802115,0.775973,0.86445045,0.37947708,0.55077326,0.21447055,0.4826828,0.06236605,0.17144112,0.37313956,0.22078057,0.44427642,0.43040514,0.77967507,0.67306757,0.72696465,0.47035336,0.5566459,0.45842823,0.4543337,0.74581164,0.7229168,0.44322386,0.337003,0.31778878,0.17701508,0.25880253,0.14092597,0.72355896,0.66173637,0.31357735,0.41912445,0.5643106
284,0.9135159,0.76268655,0.90083617,0.74416435,0.86848813,0.39842403,0.5468381,0.20523961,0.520886,0.07029331,0.21594986,0.37792236,0.21296725,0.45757303,0.43273443,0.8092124,0.69080096,0.7123834,0.4299813,0.5519713,0.42037448,0.39693752,0.75805676,0.7260456,0.5050198,0.32881385,0.315644,0.17113812,0.22667234,0.15077487,0.73172295,0.6669781,0.2828413,0.39238286,0.55425096
285,0.8727846,0.7545417,0.85759526,0.67433584,0.83616513,0.4050215,0.54974407,0.24685612,0.5103256,0.108615756,0.29650578,0.4050848,0.25736347,0.47626862,0.43951577,0.7715222,0.677793,0.6654037,0.42806807,0.5517922,0.41695434,0.38377196,0.7372816,0.6859281,0.55283463,0.348256,0.33594647,0.21532173,0.26640147,0.20911458,0.7112157,0.65677977,0.29811588,0.39431518,0.55276203
286,0.6843827,0.83659184,0.66358274,0.24742608,0.82596856,0.25796658,0.50984275,0.3007474,0.4277552,0.22731058,0.6420309,0.33961195,0.36548334,0.6174927,0.41127723,0.746642,0.81159735,0.47411194,0.4348248,0.436721,0.31496215,0.23306584,0.791996,0.65102273,0.83811265,0.3826279,0.28116217,0.33011466,0.2911322,0.56637543,0.7330507,0.664924,0.33728033,0.28980368,0.513698
287,0.68211925,0.85724336,0.6597041,0.20830004,0.84219646,0.24823456,0.5101551,0.29168725,0.43207145,0.22258568,0.66343343,0.3372028,0.3560379,0.62842476,0.4176901,0.77215016,0.8298842,0.4593742,0.4316701,0.43424302,0.29933065,0.21633306,0.8104006,0.6423255,0.8660119,0.37405914,0.27816787,0.32009554,0.2923643,0.5663094,0.74983466,0.6740433,0.32815665,0.26606846,0.51242447
288,0.68871737,0.8616872,0.66457385,0.19966857,0.84785044,0.2366776,0.5037359,0.28529054,0.4282028,0.2146529,0.68214595,0.32273975,0.3573435,0.63889694,0.40373665,0.77458847,0.8399833,0.45683327,0.42464215,0.42037115,0.2907713,0.20095491,0.81730765,0.663204,0.8779475,0.37376124,0.26055488,0.32170194,0.27563488,0.58994836,0.755916,0.67709863,0.32120028,0.2631982,0.50689447
289,0.68421626,0.86668026,0.6650842,0.18856452,0.8484067,0.22006395,0.50272447,0.2843008,0.40643162,0.20581082,0.6895648,0.311601,0.35878378,0.64692414,0.38980696,0.7609175,0.8535512,0.45702782,0.43235803,0.41714078,0.2907905,0.19851589,0.82265425,0.67452544,0.88416374,0.37779245,0.24306008,0.32001442,0.2679109,0.6111438,0.7587669,0.6800542,0.3258869,0.26272365,0.50719845
290,0.6808387,0.8466538,0.65937436,0.23072305,0.8324453,0.2571132,0.50924027,0.29499012,0.43552676,0.22812855,0.6485246,0.34098315,0.35947242,0.62010396,0.419535,0.7634699,0.8181753,0.46610323,0.428701,0.43592668,0.3078598,0.2274762,0.80021095,0.64323425,0.84784955,0.37426037,0.2857379,0.32533905,0.2916829,0.5586451,0.74147433,0.6686236,0.33057803,0.27667642,0.51196456
291,0.59605426,0.7750439,0.6493627,0.34075356,0.77864695,0.2298095,0.59736425,0.3690553,0.27018914,0.22404793,0.41959327,0.42673373,0.35221538,0.5190365,0.40410462,0.59408367,0.75652874,0.5469599,0.5934031,0.5887042,0.48658958,0.48713294,0.7440343,0.5839449,0.54915714,0.4340678,0.28141856,0.30722252,0.44767532,0.4044214,0.7141893,0.6672072,0.44024402,0.37685758,0.5812763
292,0.7255839,0.84812355,0.7043966,0.282286,0.85449255,0.24698994,0.50928044,0.2712738,0.41881818,0.18237713,0.61714345,0.32278082,0.33993903,0.61756504,0.39718956,0.7648825,0.8213051,0.49512973,0.4297482,0.4350523,0.30881506,0.22944722,0.8095627,0.6828028,0.8210696,0.36726123,0.25635505,0.2991391,0.2587015,0.53854495,0.75478005,0.6785021,0.31662634,0.2833837,0.51396835
293,0.6733027,0.8211026,0.65449226,0.2697767,0.81882876,0.29768288,0.51418704,0.30397967,0.46931696,0.26538095,0.6258384,0.3662401,0.35817975,0.5958301,0.448392,0.760557,0.7743436,0.4703024,0.4207777,0.4538022,0.32794386,0.2532869,0.7772597,0.6204958,0.793647,0.36998925,0.32081282,0.33044913,0.308652,0.51836956,0.7212919,0.65547967,0.3295175,0.28952795,0.51467973
294,0.8185123,0.81256497,0.8225652,0.5674252,0.8833643,0.2551847,0.60995203,0.26542535,0.28179464,0.09037347,0.2572773,0.40740246,0.25860685,0.4767185,0.39993644,0.7181119,0.73446494,0.67232054,0.5611698,0.6415271,0.48233873,0.45499128,0.78677833,0.6386511,0.51838714,0.35929853,0.2521903,0.20096023,0.4102932,0.19686122,0.77719903,0.7066792,0.36953726,0.39089477,0.60823077
295,0.90146285,0.74586767,0.8880351,0.7387374,0.85846007,0.38838667,0.5537913,0.22925289,0.4896292,0.08000011,0.21782628,0.38752294,0.23482516,0.45468313,0.4329625,0.77468944,0.6775168,0.70106256,0.4554658,0.55628544,0.44555312,0.43445492,0.74133795,0.7029856,0.48292217,0.3389201,0.32571927,0.19262119,0.26582846,0.1656372,0.71846837,0.659496,0.3078925,0.40864077,0.55992883
296,0.8593502,0.7610315,0.84728813,0.6553339,0.849562,0.36622983,0.5493715,0.2446198,0.4758803,0.10800576,0.28585202,0.3816476,0.25857598,0.4796645,0.42801586,0.7684475,0.700038,0.66500247,0.45683217,0.54343206,0.42807904,0.4073104,0.7492442,0.69038355,0.54468495,0.35087797,0.3142715,0.2147954,0.27848098,0.22998622,0.7210999,0.6600485,0.31873322,0.39218962,0.5537746
297,0.84640473,0.7823145,0.8302124,0.58823746,0.84892446,0.37080446,0.54361606,0.24974911,0.49169093,0.118769646,0.37000114,0.38751936,0.2710035,0.50719994,0.42686462,0.7778913,0.71660864,0.6313168,0.42689976,0.53159034,0.3923428,0.34804145,0.75837964,0.6842074,0.6258308,0.35177955,0.3124092,0.22702463,0.26548302,0.27324003,0.72613156,0.6644411,0.29899716,0.3678204,0.54503894
298,0.5584002,0.679589,0.59093946,0.23281248,0.34391683,0.88303006,0.4534491,0.22770488,0.9346186,0.7774552,0.11372886,0.777048,0.15207453,0.5398596,0.92311305,0.97937834,0.23149636,0.49402118,0.26446018,0.5700137,0.11718825,0.08828057,0.6412611,0.475101,0.37224215,0.33436337,0.8720134,0.52322954,0.5805208,0.05214821,0.5303261,0.6867982,0.4225014,0.32867557,0.6466569
299,0.8394805,0.774943,0.82311076,0.58732605,0.84445447,0.3590632,0.541337,0.25202233,0.47951514,0.12270886,0.3580006,0.37949765,0.27565888,0.5063612,0.42632967,0.769424,0.7148403,0.63063806,0.44072628,0.52551126,0.39937147,0.36175114,0.7551372,0.68589896,0.605299,0.35457402,0.3136821,0.23271747,0.2709505,0.2845914,0.72235155,0.66141945,0.31146652,0.3723333,0.54557765
300,0.6785007,0.8141147,0.6758443,0.33997592,0.8357047,0.3033444,0.5569909,0.31075132,0.4197692,0.24639705,0.51606345,0.40573764,0.3296407,0.54743147,0.46767917,0.7487058,0.74033296,0.5100008,0.46893746,0.53381044,0.38824975,0.336517,0.7697784,0.5703494,0.6853859,0.3611409,0.33307493,0.29580748,0.38044643,0.3923834,0.728672,0.66528785,0.35513815,0.3098157,0.54663754
301,0.5358156,0.8252894,0.5862055,0.15980884,0.6866844,0.13264786,0.5541009,0.3908917,0.20016769,0.19632527,0.5560552,0.34012753,0.4104499,0.6156434,0.31762293,0.49637514,0.89249027,0.50019884,0.6534394,0.5111343,0.43568724,0.4104294,0.7837802,0.68680966,0.7310253,0.5254025,0.19669378,0.32570335,0.3668601,0.68563384,0.7223131,0.6778244,0.48321986,0.34693056,0.56748116
302,0.80196273,0.7856412,0.78504276,0.5119149,0.84127104,0.32942337,0.5383443,0.26856238,0.4569667,0.14549196,0.41376036,0.370148,0.29816765,0.5290352,0.4206993,0.7580453,0.73755205,0.596064,0.45025975,0.5087005,0.39085045,0.34826952,0.7621304,0.6736018,0.64773893,0.36411732,0.3036359,0.2565276,0.28849608,0.34879234,0.724006,0.6607987,0.32615703,0.35816732,0.54107034
303,0.63961625,0.8456087,0.6278717,0.19781977,0.8107935,0.21298668,0.51448727,0.32327616,0.37157527,0.24114819,0.6691762,0.325653,0.39193755,0.63144046,0.39793473,0.70183015,0.83897364,0.45674735,0.46456447,0.43375617,0.32692918,0.24433136,0.79671085,0.6455259,0.85271615,0.39770672,0.25338697,0.3502225,0.30569166,0.62655044,0.7347563,0.6663741,0.36508718,0.2874859,0.51697886
304,0.8357817,0.77311504,0.81905186,0.58265436,0.83700097,0.37307757,0.54133976,0.25696346,0.4945197,0.13090557,0.36971432,0.39074656,0.27805832,0.5067903,0.4336205,0.77053976,0.70771325,0.6243731,0.42812595,0.526895,0.3950819,0.35252377,0.7507283,0.6783353,0.6129173,0.35457164,0.32367617,0.23804362,0.27165657,0.28383273,0.7175932,0.65918297,0.30536112,0.37031856,0.54415655
305,0.7649161,0.7968052,0.77261984,0.51980156,0.8633469,0.28048572,0.59926146,0.29090056,0.32568058,0.13078324,0.3090133,0.41808954,0.2851078,0.48161525,0.4235963,0.7177788,0.72232735,0.62338376,0.5470675,0.6131803,0.474046,0.4572146,0.76294285,0.5975869,0.54052824,0.359142,0.29253015,0.23462994,0.42821908,0.2378532,0.7506244,0.6850163,0.38031763,0.38096276,0.58935666
306,0.58321005,0.8027895,0.63436186,0.25154004,0.6753061,0.146407,0.56403905,0.38580504,0.18056391,0.17523433,0.49852642,0.35520932,0.39168367,0.5905474,0.30803022,0.4573613,0.8526057,0.54796404,0.65570706,0.5347397,0.4626774,0.44289955,0.7806949,0.7218352,0.64956707,0.52796984,0.19109707,0.3144121,0.3536081,0.61910397,0.7284462,0.6872132,0.4731795,0.38772598,0.5868098
307,0.8219722,0.78777605,0.79915893,0.54566073,0.8549018,0.43721431,0.5307749,0.22530487,0.5873455,0.17605497,0.35411173,0.43745533,0.23460162,0.492278,0.5236498,0.84931964,0.6825435,0.5812089,0.38212907,0.5124628,0.35441026,0.34058386,0.759423,0.60851264,0.5759873,0.29763094,0.44612747,0.2273223,0.27343714,0.20951667,0.72653234,0.66187793,0.26294625,0.30891165,0.5349149
308,0.5595063,0.6942995,0.5888745,0.27279255,0.36877483,0.73984414,0.48504153,0.2702476,0.81669235,0.63754666,0.17655738,0.69112325,0.20318365,0.556038,0.839867,0.93248713,0.35305715,0.51142734,0.33533674,0.57853687,0.17818546,0.1404684,0.6696683,0.5108618,0.4443407,0.3353882,0.7153815,0.48864117,0.5908353,0.107345305,0.5684904,0.6785013,0.4488387,0.3763446,0.62858754
309,0.75444335,0.77378875,0.7659957,0.56411374,0.8779377,0.31737846,0.6088507,0.27721924,0.37965828,0.21160266,0.27095646,0.4549058,0.25390723,0.43637928,0.49850878,0.7557575,0.6432352,0.6200453,0.5172808,0.64853084,0.5140215,0.47385415,0.75494015,0.55653137,0.37716985,0.30089897,0.358148,0.23397236,0.4489041,0.15522374,0.7450063,0.6815525,0.34046593,0.37609625,0.5950875
310,0.8533619,0.77746695,0.83704454,0.60932827,0.8590563,0.3583719,0.5382119,0.23640135,0.48922688,0.106800124,0.32881328,0.36908647,0.25864077,0.50023854,0.42991146,0.7855213,0.7185086,0.6405012,0.44084606,0.5199505,0.3977468,0.36600003,0.7613845,0.69594157,0.5823945,0.34323663,0.31529462,0.2174534,0.25648108,0.2679466,0.7276273,0.66382694,0.30462676,0.36436623,0.5430889
311,0.8125822,0.7903341,0.7973336,0.55967426,0.863515,0.42092258,0.5555205,0.23012011,0.5358407,0.17527707,0.28645557,0.4566227,0.22297049,0.46978632,0.5293027,0.83267057,0.67242044,0.5940813,0.42035827,0.55812895,0.398955,0.39124772,0.76091623,0.5784248,0.51660836,0.28787595,0.44495124,0.21685958,0.33196518,0.15528533,0.73769593,0.6710355,0.28757915,0.32122263,0.55397356
312,0.87666684,0.7505711,0.86366117,0.6958722,0.849274,0.35936886,0.5654345,0.25024843,0.43790984,0.097420774,0.24542177,0.39718103,0.25735593,0.46210527,0.42706198,0.74591196,0.68028796,0.68616235,0.4784054,0.5692438,0.4600942,0.4475275,0.7414234,0.68629026,0.49069086,0.35031834,0.31388536,0.21249986,0.30611056,0.19070168,0.7238649,0.66429585,0.3277562,0.41463727,0.57035047
313,0.76199037,0.83846825,0.8114065,0.4684209,0.8659393,0.29983634,0.6213333,0.23237517,0.33855376,0.18699762,0.25655922,0.49509144,0.18876293,0.4896389,0.5201053,0.8015938,0.64062995,0.6726652,0.5057317,0.7444761,0.43217582,0.31515124,0.8075353,0.58431405,0.4285705,0.30548546,0.28184003,0.19809957,0.46404305,0.09621144,0.784609,0.739486,0.34508377,0.38239136,0.6509511
314,0.78315365,0.8240051,0.7645076,0.41273832,0.85835,0.31017727,0.5255024,0.25698936,0.46902674,0.15222275,0.5079859,0.35520378,0.3000417,0.5660321,0.41697717,0.79036635,0.7780453,0.554469,0.42414027,0.48069304,0.34180903,0.2786709,0.79119176,0.6760009,0.74326825,0.35554206,0.2871285,0.2591302,0.2648859,0.40272617,0.7458575,0.6737348,0.302356,0.3137742,0.5263174
315,0.63007087,0.6869944,0.628048,0.2838448,0.5119561,0.8952567,0.44902664,0.2209899,0.9505456,0.7431816,0.13393293,0.7611474,0.1460959,0.5107851,0.9053561,0.9827501,0.28763846,0.4742404,0.24515963,0.5307472,0.13416763,0.10999596,0.62799585,0.4275361,0.3991221,0.32975075,0.9109888,0.48053294,0.46500817,0.053950667,0.54247606,0.648022,0.33569652,0.2716081,0.5996791
316,0.8891101,0.7723727,0.87674874,0.68409294,0.8628438,0.38335985,0.5488122,0.22610423,0.49894857,0.08593377,0.28173834,0.38163844,0.23842278,0.47809297,0.4212621,0.79085445,0.70584404,0.68203133,0.4327032,0.5483341,0.41230187,0.38105974,0.75832236,0.70961523,0.5646749,0.34067953,0.30537444,0.19340909,0.24606128,0.19945848,0.7303287,0.667013,0.29106233,0.38681906,0.551422
317,0.58260727,0.8323762,0.60333216,0.1743653,0.73909414,0.16300061,0.5333832,0.3581968,0.2730255,0.21662395,0.6111187,0.3283288,0.4053824,0.6279939,0.35004848,0.59105355,0.87233514,0.4775651,0.5657691,0.47129303,0.3882582,0.33075494,0.78678215,0.6738976,0.78070563,0.46008292,0.21880582,0.34026897,0.33022228,0.66688144,0.7276022,0.6715023,0.427147,0.31930953,0.54227316
318,0.855229,0.7886661,0.83829975,0.58852553,0.8570196,0.35881752,0.54089594,0.23988381,0.48721045,0.109995104,0.36758092,0.3771937,0.26402643,0.5115069,0.4205648,0.7852862,0.7272836,0.6374644,0.42649698,0.5242206,0.3867976,0.33808157,0.7674725,0.7008187,0.6288636,0.34700307,0.30046672,0.22228804,0.25134492,0.27408513,0.7346103,0.66976523,0.29304975,0.36425442,0.5447677
319,0.81364536,0.79796493,0.79584736,0.51391876,0.8477003,0.35789022,0.53259623,0.25239894,0.49259168,0.14266089,0.43673268,0.38053006,0.28593266,0.5306245,0.43176904,0.78415173,0.73360574,0.5920336,0.41546574,0.506647,0.36418968,0.31358367,0.767444,0.67373866,0.67805207,0.34798032,0.31603855,0.24459629,0.26131743,0.3235651,0.7306682,0.666165,0.29410994,0.3418406,0.53410614
320,0.87128484,0.77193177,0.85821307,0.6512468,0.8529574,0.3722714,0.5495711,0.24007495,0.4856872,0.09920545,0.3065316,0.38183132,0.25401273,0.4895482,0.41546384,0.77506053,0.70923734,0.6689296,0.437838,0.54821986,0.41195256,0.37028068,0.75595754,0.70720947,0.58069766,0.3538187,0.29844928,0.20932022,0.2573286,0.2347,0.72593766,0.6646839,0.30241102,0.3878925,0.55265224
321,0.5636771,0.71998215,0.60624236,0.24719143,0.40352687,0.7139203,0.4951013,0.2508469,0.7910043,0.6131322,0.16046034,0.70050454,0.18027663,0.563336,0.83741456,0.9362478,0.35696796,0.52642125,0.34630346,0.6109432,0.17837022,0.13242841,0.6928833,0.5055007,0.43952703,0.31287056,0.69443476,0.47359437,0.6201456,0.08293295,0.5883325,0.7003781,0.4465149,0.38063237,0.6466833
322,0.87719774,0.72057694,0.8628063,0.727715,0.8332084,0.4056171,0.54793346,0.24698725,0.50426584,0.106003724,0.21980658,0.39793497,0.24813628,0.4499293,0.45569032,0.76422226,0.64904106,0.68307483,0.4605519,0.5516708,0.45502076,0.45050555,0.7189592,0.6759347,0.44961935,0.3440719,0.36116454,0.2127026,0.28909898,0.17364547,0.69520193,0.6448959,0.32580492,0.4128388,0.556625
323,0.830109,0.8257667,0.85969657,0.5899416,0.8874914,0.24569261,0.6315596,0.25571376,0.24811812,0.11652537,0.26298457,0.4513796,0.21950665,0.47656187,0.4138286,0.7046423,0.68292266,0.71161455,0.51600474,0.7096652,0.49373856,0.40061313,0.8107461,0.65822643,0.43813998,0.33026314,0.22323696,0.19485115,0.38842556,0.13228703,0.7975502,0.7395068,0.3320014,0.4117813,0.6483866
324,0.66897744,0.83871204,0.66261625,0.26807648,0.8376392,0.24615327,0.5393566,0.31336674,0.38454118,0.21720836,0.59179956,0.35915333,0.3583762,0.59031606,0.41868338,0.7348831,0.8053361,0.48833507,0.47657782,0.48326796,0.3570141,0.29323792,0.79055953,0.6107522,0.7927229,0.37993464,0.2781157,0.3131497,0.34715366,0.5054234,0.74325097,0.67152417,0.36136642,0.2985585,0.53278667
325,0.75664747,0.8020421,0.7417852,0.42297417,0.8247296,0.38185623,0.5255304,0.27408713,0.53009164,0.19900164,0.51695573,0.40241748,0.30493346,0.54447883,0.463888,0.80067414,0.7293838,0.5359831,0.39280835,0.4986828,0.34359235,0.28931245,0.76195186,0.6207502,0.732257,0.34851032,0.3529523,0.2732156,0.28966886,0.3522965,0.7190119,0.6568212,0.2973448,0.31678566,0.521423
326,0.6244415,0.80717003,0.6829672,0.40900818,0.87166995,0.35416132,0.6314066,0.27863985,0.45587873,0.35990986,0.30395335,0.5114595,0.2251224,0.42858514,0.61421835,0.85424197,0.59040606,0.54049724,0.5013475,0.71247774,0.50450885,0.43398944,0.7684681,0.4317201,0.33367288,0.25414115,0.44292846,0.23864906,0.5502786,0.11226519,0.7439564,0.6898159,0.33771205,0.29518446,0.59859264
327,0.6704234,0.8822004,0.6490319,0.146988,0.85641736,0.1799358,0.49640995,0.28215152,0.3699294,0.20588832,0.7214798,0.2898725,0.371818,0.66901004,0.3766484,0.7505373,0.8773104,0.44057983,0.439957,0.39566836,0.27663714,0.1783608,0.8363627,0.6891991,0.9087636,0.37920287,0.22045639,0.33110142,0.25421882,0.665093,0.77040416,0.6877712,0.32944617,0.24756603,0.5042703
328,0.7654193,0.8162343,0.74983424,0.41435266,0.84042966,0.28781787,0.5276483,0.27108797,0.42994863,0.1607927,0.49912184,0.3465349,0.31590667,0.56914586,0.39999825,0.75076467,0.7815666,0.5620624,0.44475812,0.48535496,0.35744882,0.2868589,0.7855776,0.69190437,0.7288319,0.37219772,0.26697856,0.27399474,0.26889724,0.43650475,0.73846066,0.6706915,0.3227485,0.33142453,0.53295547
329,0.6635305,0.8486924,0.7275367,0.38422924,0.924181,0.24543831,0.6424955,0.272164,0.30975378,0.20972654,0.34183314,0.45370263,0.23423147,0.461668,0.49873465,0.796749,0.70548785,0.57000244,0.5661286,0.71278965,0.5061997,0.43212676,0.8111954,0.4796196,0.4464306,0.29161507,0.3113696,0.20361719,0.54143703,0.15659577,0.7917143,0.7189272,0.36177966,0.30934983,0.6116629
330,0.75036824,0.8350722,0.79804623,0.41676703,0.8142616,0.33993202,0.600392,0.22968233,0.39180914,0.1946061,0.24945168,0.5190276,0.18544674,0.51251054,0.55362386,0.8188308,0.6285261,0.66145545,0.49197966,0.73325574,0.37846336,0.26509613,0.79923266,0.57685304,0.46684676,0.31242537,0.31106204,0.22248188,0.48642483,0.09852041,0.76790476,0.7377329,0.36172426,0.39008683,0.65067106
331,0.6523489,0.88579875,0.64087504,0.13230358,0.8436127,0.15309837,0.49687022,0.2892275,0.3267608,0.19732991,0.72993463,0.2745882,0.38102704,0.6800903,0.35459828,0.7199308,0.89416754,0.4398176,0.46477166,0.39772534,0.2865886,0.1838111,0.8407607,0.7044625,0.90697175,0.390099,0.19474746,0.33364207,0.25038248,0.7016198,0.77244693,0.6922389,0.34263757,0.25187653,0.50899595
332,0.7443582,0.81840944,0.7250324,0.36654297,0.8357831,0.2952541,0.52070034,0.28044644,0.45059198,0.18452261,0.54819167,0.35471645,0.33086103,0.5801784,0.4170869,0.7588514,0.778868,0.52784586,0.4301363,0.46744075,0.34117383,0.2730182,0.78194374,0.6652545,0.7594562,0.36932427,0.29104814,0.2929352,0.27845144,0.46491632,0.7327741,0.66583717,0.32138202,0.31501526,0.52379316
333,0.79637367,0.78723794,0.78291404,0.5386079,0.8466833,0.37987065,0.556144,0.25750607,0.486039,0.16576333,0.36166555,0.4273274,0.2681805,0.49053082,0.48134676,0.7974216,0.6978909,0.5913409,0.43857145,0.5453882,0.4031704,0.3910908,0.75349104,0.60565865,0.58325845,0.32329208,0.37783915,0.23575029,0.32498974,0.23132458,0.7303213,0.66546977,0.3081397,0.34129807,0.55105364
334,0.6812515,0.8430548,0.7497411,0.3630536,0.86375844,0.33575088,0.626311,0.2297684,0.42386454,0.25351936,0.24923375,0.5277629,0.18091193,0.47329682,0.63220966,0.8682564,0.60370904,0.60820097,0.5136474,0.7593893,0.4248094,0.3142628,0.8035491,0.48682842,0.38052025,0.2625901,0.3613433,0.20957251,0.56936026,0.07729155,0.7752776,0.7316239,0.35448116,0.3351751,0.64125913
335,0.8405387,0.7827644,0.807823,0.53886503,0.8472333,0.6316235,0.49830905,0.17758548,0.7592126,0.27338648,0.21241903,0.55650663,0.1547137,0.46433425,0.67596596,0.9124359,0.60986346,0.54820544,0.2914999,0.48657283,0.27054143,0.28027093,0.7423761,0.49960056,0.50318944,0.24707887,0.69077617,0.22212835,0.2410645,0.089506656,0.69769704,0.64760935,0.20183274,0.24393113,0.5208911
336,0.76627016,0.77514225,0.7524204,0.48415512,0.80973977,0.34961826,0.54256046,0.29879767,0.45904604,0.18153426,0.45401,0.3952822,0.32451016,0.5283337,0.4336852,0.7375166,0.71958035,0.573781,0.44704184,0.5203876,0.39454094,0.34694114,0.74104583,0.63926345,0.66644424,0.37732616,0.32464862,0.2830233,0.31760973,0.36298326,0.7053688,0.65141815,0.34002632,0.3640073,0.5413618
337,0.812668,0.8067707,0.79502314,0.49134916,0.85633695,0.31715077,0.5317993,0.25035352,0.46015102,0.1324906,0.43723392,0.35372633,0.2872731,0.5437062,0.4073946,0.7771202,0.76131535,0.59928495,0.43832865,0.49979243,0.3675519,0.30811602,0.7821517,0.700601,0.6857773,0.3606551,0.2781636,0.24393725,0.25870892,0.3600401,0.7412375,0.67210543,0.30922118,0.34354648,0.53757274
338,0.6663367,0.8660858,0.64997756,0.18833432,0.8505036,0.19738925,0.5154605,0.29823208,0.3616469,0.20829983,0.6717347,0.3130121,0.37432483,0.6380802,0.38883176,0.7316691,0.85428923,0.4580029,0.46557888,0.42705017,0.30679533,0.22447662,0.8163807,0.6564333,0.87260866,0.3838013,0.23926696,0.3247419,0.29062155,0.6119343,0.75796187,0.68002546,0.34930304,0.26779518,0.51645476
339,0.6629985,0.7783457,0.6970835,0.37605637,0.7098949,0.1862272,0.571268,0.36413884,0.20363057,0.17178546,0.45393914,0.3749226,0.3683202,0.56026614,0.32868773,0.4871734,0.7909852,0.59019697,0.6030826,0.54507196,0.47415686,0.44258422,0.77042097,0.72851825,0.5849254,0.48183408,0.20528284,0.3119929,0.3346209,0.51429427,0.7307309,0.68734276,0.430837,0.4174408,0.59392947
340,0.6970192,0.84800243,0.6746071,0.23575322,0.83911884,0.27705902,0.50725806,0.2863564,0.46597248,0.21911407,0.65447265,0.3450443,0.34688085,0.6187258,0.4230815,0.78709614,0.81488883,0.46766663,0.412915,0.4370741,0.3011176,0.21864954,0.8043811,0.64564085,0.85607225,0.37063298,0.28779784,0.31310636,0.2853522,0.5411766,0.7450803,0.6694702,0.31653818,0.27293187,0.50831825
341,0.8040508,0.79558086,0.76415086,0.48856282,0.8252703,0.5852562,0.5058266,0.20031743,0.74192536,0.26603168,0.2958251,0.52681947,0.18630192,0.48889452,0.6458398,0.9121826,0.6514019,0.5191434,0.29785892,0.480649,0.27241138,0.2829769,0.7495968,0.5074611,0.5769776,0.25754815,0.66172105,0.23817682,0.26450792,0.13516086,0.70824486,0.64858186,0.21987872,0.23775753,0.51450455
342,0.84046566,0.75228095,0.82413787,0.61703944,0.8340244,0.3643511,0.5413834,0.25909048,0.4792593,0.122921646,0.3196864,0.3807183,0.2771362,0.4929269,0.4347008,0.75584745,0.69644016,0.6378275,0.45498317,0.52681863,0.42022437,0.39685392,0.74018306,0.67781126,0.55480057,0.35772592,0.3292641,0.23714635,0.2860011,0.27210408,0.7080802,0.65176475,0.32842252,0.3869009,0.54740554
343,0.78406304,0.7881995,0.76509917,0.48441043,0.83903825,0.44785962,0.5278384,0.2454135,0.60967374,0.20900002,0.4317533,0.4402562,0.26225477,0.5087382,0.5282501,0.8457817,0.6818924,0.54556787,0.37200397,0.5092891,0.34254143,0.31297916,0.75022805,0.58911043,0.63861984,0.31171423,0.443693,0.24466646,0.2849707,0.2540608,0.71217734,0.6509928,0.2679581,0.29914898,0.5248528
344,0.8997877,0.7486803,0.887241,0.74134386,0.8699621,0.3607737,0.5624569,0.22620602,0.44638634,0.07992587,0.19758919,0.3870928,0.23117292,0.44572145,0.4336238,0.76646215,0.6745175,0.7089764,0.48182526,0.56698644,0.46855587,0.46396017,0.7491023,0.6993019,0.4433387,0.3297158,0.3175221,0.1894013,0.28904524,0.1484634,0.7322971,0.66844773,0.31552488,0.41485673,0.57191956
345,0.7766689,0.7899884,0.7686443,0.4946553,0.83891356,0.32751274,0.55347204,0.28294262,0.4368379,0.15246084,0.41442984,0.3873359,0.30326572,0.518956,0.4305753,0.7554143,0.73508877,0.58661973,0.46682936,0.53460187,0.40789157,0.37156227,0.7576434,0.6361681,0.6444345,0.3634922,0.30947447,0.25589314,0.32792088,0.32624412,0.72667444,0.66279614,0.34211522,0.35577524,0.54776335
346,0.8226408,0.78557694,0.80548954,0.5418564,0.8377938,0.35043156,0.5371288,0.259521,0.47393814,0.13607948,0.4105347,0.37894416,0.2885125,0.52616227,0.42074695,0.76480794,0.7258452,0.6103156,0.4279088,0.51669186,0.3819186,0.32668844,0.7605189,0.6883696,0.64903146,0.35888258,0.3023458,0.24832182,0.26525962,0.32387123,0.7253015,0.66468114,0.30654842,0.3617478,0.5412198
347,0.78881323,0.78780234,0.7772764,0.50282025,0.84335536,0.33050892,0.54810745,0.27558404,0.44335595,0.14777216,0.41330647,0.38217777,0.29874888,0.5207044,0.4290158,0.7580364,0.73380023,0.5900341,0.46298122,0.52465874,0.40150604,0.3650377,0.7582966,0.6471449,0.64114994,0.36033717,0.31142595,0.25378117,0.31391463,0.32650068,0.72544646,0.66271144,0.33472618,0.354729,0.54547167
348,0.54837036,0.78845817,0.5950738,0.21903434,0.65293837,0.1817753,0.548241,0.40643182,0.2488106,0.23928651,0.55689085,0.36766693,0.41167608,0.5926815,0.35540697,0.5106051,0.8462575,0.5088411,0.6069823,0.5210141,0.4410606,0.41024607,0.75614816,0.6540385,0.6942816,0.51569027,0.23629887,0.34794155,0.39133433,0.64949816,0.6876093,0.6593414,0.47321692,0.3751631,0.5656739
349,0.8564048,0.7736122,0.83931446,0.6169282,0.8540346,0.34098282,0.5461494,0.24633245,0.45324993,0.10360827,0.32408565,0.3685524,0.2693923,0.5014842,0.4123456,0.75938296,0.72022754,0.6503533,0.45499897,0.53117096,0.4125213,0.37986022,0.75908744,0.70346797,0.5798842,0.35609883,0.2934757,0.22312245,0.26735047,0.27528793,0.72879595,0.66515374,0.31711277,0.38205707,0.55137974
350,0.8176135,0.7781126,0.79946876,0.5486637,0.8370918,0.39434806,0.53448796,0.25436285,0.5270829,0.15125316,0.39718753,0.40213674,0.2770044,0.5094108,0.45652205,0.79173964,0.70440024,0.59693915,0.41052872,0.5152231,0.37558302,0.3406462,0.75092113,0.65230334,0.6319882,0.34260327,0.35737848,0.24123771,0.27329618,0.28455988,0.7152263,0.6555155,0.29394913,0.34933227,0.534979
351,0.7097429,0.84235287,0.6967339,0.3054914,0.8690282,0.3087669,0.53599447,0.2681907,0.48469052,0.2470719,0.5846196,0.3813997,0.30761188,0.5646552,0.47543734,0.818631,0.763028,0.4881261,0.4110271,0.5014764,0.34176445,0.26623222,0.800131,0.5976318,0.727862,0.32843858,0.32779843,0.27443734,0.31631106,0.41300812,0.7518139,0.6742949,0.29102415,0.268525,0.52355134
352,0.83636653,0.7622659,0.82716495,0.63368267,0.8517785,0.34956712,0.56997055,0.2642161,0.4269914,0.12310076,0.29034537,0.40838224,0.26989037,0.46925122,0.43858847,0.7473701,0.68961555,0.6494204,0.48016286,0.5670368,0.45582777,0.4440794,0.7431199,0.6484117,0.5151868,0.3432098,0.32494003,0.2282244,0.33318162,0.21302882,0.7263082,0.6657329,0.33331636,0.39510214,0.56750554
353,0.75170386,0.7991599,0.73542523,0.42355806,0.8226795,0.31519678,0.5321142,0.28892675,0.44591314,0.18095884,0.49477392,0.37208912,0.3290637,0.5537315,0.42550382,0.74344885,0.7530057,0.55097085,0.44385076,0.49353218,0.3684387,0.3121802,0.76270115,0.6521586,0.7113883,0.37173635,0.3055588,0.28763264,0.2969474,0.4142353,0.7211618,0.6598109,0.33317575,0.33806953,0.5332401
354,0.7331856,0.81712854,0.7165632,0.3537314,0.82697165,0.30833173,0.5213392,0.28918293,0.46195564,0.19940332,0.57079583,0.3640695,0.33697,0.5801685,0.42099103,0.7616416,0.77518106,0.5198776,0.4237277,0.47180086,0.33906108,0.26513505,0.7771311,0.655008,0.7798301,0.37284654,0.29579896,0.30153948,0.2874437,0.46340734,0.7279504,0.6628864,0.32185555,0.31589502,0.5218904
355,0.5854125,0.85952795,0.60983866,0.13855852,0.7621145,0.13247778,0.5297307,0.3450921,0.24368253,0.19169204,0.6397258,0.30453166,0.40065527,0.6484629,0.3293813,0.5915893,0.8998162,0.47172308,0.57969254,0.4612028,0.36832657,0.30155498,0.81421757,0.69544446,0.82178366,0.4657527,0.18840176,0.32769862,0.31349573,0.7010383,0.7491447,0.6875316,0.4234826,0.3007965,0.54407907
356,0.8075287,0.779277,0.79123247,0.5307447,0.8365321,0.3680729,0.5360504,0.26279822,0.49697858,0.14954434,0.4123703,0.38766944,0.28901136,0.51804745,0.43913555,0.7748425,0.716962,0.59416044,0.42845383,0.5121937,0.3815884,0.34303364,0.7523508,0.65979415,0.64154387,0.35373652,0.33240828,0.24805407,0.27974087,0.31565484,0.7162303,0.65641785,0.30819595,0.35392883,0.53630817
357,0.85996306,0.7558899,0.84494936,0.65729237,0.84865206,0.37695602,0.55003923,0.24382834,0.48070678,0.113509856,0.28573343,0.39332917,0.25613666,0.47347555,0.44510287,0.77277625,0.6859635,0.65729797,0.4526127,0.5429409,0.43066245,0.41882032,0.74474996,0.6735889,0.52528393,0.3394572,0.33734685,0.2162329,0.28745848,0.2068909,0.7204839,0.6596786,0.3126029,0.3892097,0.55522096
358,0.72757953,0.8398961,0.7068607,0.303562,0.84608114,0.2664526,0.5127648,0.27542108,0.4308075,0.18616474,0.60205483,0.33687657,0.3388553,0.60542977,0.40732265,0.76458126,0.80671895,0.5014831,0.42884308,0.44581628,0.31645128,0.24111712,0.79919136,0.67116356,0.80725205,0.3674671,0.272985,0.29797044,0.26685467,0.51307845,0.74706876,0.6744664,0.31714138,0.29076046,0.51666313
359,0.6986686,0.863155,0.6765521,0.2074523,0.85351497,0.23513803,0.49942797,0.27613008,0.42687982,0.20496294,0.6855382,0.31476486,0.3514618,0.6426674,0.394638,0.7759092,0.8424673,0.46168604,0.41834038,0.41504866,0.285611,0.19237666,0.8211306,0.6802139,0.8783366,0.36990708,0.2503661,0.3167594,0.2592088,0.59228253,0.75917757,0.6795656,0.3128751,0.26315957,0.5041641
360,0.8221753,0.79710484,0.8031243,0.51711136,0.8563924,0.3236432,0.527434,0.2425663,0.47310668,0.12686624,0.4045732,0.35238805,0.27825055,0.5355918,0.41871294,0.78360087,0.7498702,0.6041977,0.4351522,0.49305397,0.3709135,0.32218212,0.7779484,0.7020554,0.64789486,0.35202044,0.2934545,0.23972401,0.25102824,0.34643355,0.7368862,0.668522,0.30719846,0.3429063,0.53495324
361,0.7830624,0.80965155,0.7645506,0.4460528,0.8457962,0.3166696,0.5272387,0.2641931,0.46059328,0.15663761,0.48371562,0.36066812,0.30829793,0.5550015,0.41866302,0.76689494,0.761325,0.5652746,0.42927986,0.4867173,0.35599998,0.29707053,0.7769288,0.67821515,0.7133673,0.35914543,0.2938993,0.26703456,0.26573762,0.3963892,0.73464525,0.6675459,0.31053418,0.33016142,0.5299181
362,0.76928395,0.8109887,0.7843257,0.5217058,0.8872129,0.2728138,0.61697274,0.2658937,0.31023496,0.13486183,0.2495741,0.43942112,0.24016371,0.4642315,0.4467531,0.7503663,0.7032565,0.64049464,0.5579656,0.6618689,0.5012795,0.45906106,0.7842455,0.57932657,0.4577624,0.32367116,0.29777664,0.21324527,0.47537184,0.17111443,0.7742899,0.7064579,0.3721214,0.37224588,0.609402
363,0.82586116,0.8072384,0.8082617,0.5104457,0.8588804,0.30884248,0.5380882,0.24812238,0.43687373,0.1169019,0.41939133,0.3532427,0.28347665,0.54365146,0.39673153,0.76907146,0.760258,0.6099923,0.4428246,0.5107348,0.37268057,0.3119375,0.7834239,0.7097837,0.6713183,0.36402622,0.2637822,0.23548663,0.25539595,0.354495,0.7460666,0.67699635,0.31071502,0.3479672,0.54315805
364,0.75541097,0.8305362,0.7336358,0.35950023,0.8462744,0.2666027,0.517074,0.26974434,0.42278314,0.16867214,0.5547855,0.33525568,0.32906455,0.5946674,0.39776736,0.7542911,0.7976796,0.53370464,0.43102893,0.4580062,0.3328843,0.25417292,0.7965933,0.69597816,0.7706181,0.3688275,0.26013657,0.2902597,0.25626206,0.48748922,0.747119,0.67557096,0.31662983,0.3110915,0.52426016
365,0.8876179,0.7552986,0.87502444,0.708724,0.85443956,0.39202446,0.5461211,0.22594468,0.5062951,0.09030521,0.24760897,0.38367277,0.23618574,0.46494904,0.43666267,0.78905207,0.6858491,0.6889607,0.44210452,0.5482483,0.4262806,0.40881127,0.7470652,0.702511,0.5157723,0.33991042,0.3253549,0.19329843,0.25441355,0.182547,0.720856,0.6604951,0.3028851,0.3949188,0.55313843
366,0.69720924,0.83813524,0.68045676,0.2754588,0.8370886,0.23541507,0.5190353,0.29572403,0.38820577,0.19854423,0.60407794,0.32952112,0.35965496,0.6107168,0.3984689,0.7273267,0.81833327,0.49300498,0.46000457,0.4461398,0.32928678,0.25797367,0.7961602,0.660199,0.80645645,0.38418064,0.26088494,0.31364602,0.28858915,0.55440176,0.7407834,0.67139125,0.3469309,0.2957428,0.5222934
367,0.5553586,0.78331554,0.5908248,0.22913375,0.6656693,0.1993399,0.5450135,0.39893013,0.27855402,0.25038448,0.55260175,0.37126628,0.4141068,0.589311,0.36675626,0.5314597,0.8301342,0.50227845,0.5875369,0.5096324,0.43325573,0.40280408,0.7469781,0.6488553,0.6938793,0.4989164,0.2538062,0.353127,0.38108915,0.6344422,0.6865371,0.6529499,0.46124825,0.3684897,0.55726445
368,0.80685776,0.7603413,0.79598653,0.57013774,0.82191145,0.36972386,0.54433405,0.27431077,0.48148346,0.14726138,0.36785078,0.39252073,0.2919729,0.49941215,0.43842712,0.753696,0.70233166,0.6146933,0.4519275,0.5315981,0.41224247,0.381819,0.7370358,0.6553166,0.5996219,0.36342818,0.3320624,0.24892497,0.3025015,0.2912033,0.70540684,0.65003085,0.33208132,0.37882274,0.54462636
369,0.6708208,0.88200104,0.6495301,0.14642608,0.8559936,0.17877422,0.49784327,0.28265575,0.36702043,0.2042695,0.7185095,0.29053107,0.37135148,0.6683009,0.37623253,0.74902475,0.8775158,0.44169894,0.44389233,0.39789525,0.27739495,0.18012664,0.8360549,0.68715554,0.90738076,0.38017175,0.22098693,0.32896408,0.25657162,0.6628215,0.77018464,0.68829644,0.33080453,0.24815066,0.5058819
370,0.64614075,0.8445444,0.70451117,0.35202804,0.9068155,0.20004714,0.6357018,0.29984927,0.2457948,0.16161433,0.34796682,0.42504367,0.2761714,0.48898205,0.42080873,0.7110007,0.7703555,0.5704237,0.61322844,0.65935785,0.49024057,0.47530347,0.80339956,0.52683264,0.5453597,0.352241,0.26550275,0.2235229,0.51313704,0.24879861,0.7864979,0.71053183,0.4069193,0.32867688,0.6032615
371,0.8522393,0.7635037,0.8361799,0.62412107,0.8425541,0.35977727,0.54314196,0.24995902,0.47763819,0.11215244,0.31821555,0.3755237,0.2687779,0.4962563,0.42240518,0.7626198,0.7075961,0.65005225,0.44858035,0.5322188,0.4131462,0.37989426,0.7502049,0.69634444,0.57142437,0.357799,0.3094295,0.22593203,0.26914772,0.26925415,0.7176086,0.6583486,0.31819302,0.38555908,0.5488413
372,0.88417304,0.75289977,0.8748825,0.7255311,0.8731621,0.32806212,0.5753146,0.23314118,0.3948686,0.08773191,0.1832866,0.39497495,0.23054722,0.44089442,0.43453366,0.7474893,0.66948336,0.71262395,0.51300484,0.59149987,0.4944942,0.4829828,0.7566451,0.68652517,0.40721554,0.3272666,0.30767703,0.19349203,0.3321379,0.13836348,0.74520475,0.67901057,0.33064887,0.42204928,0.58844024
373,0.82373226,0.7969111,0.80766183,0.5327517,0.85909843,0.3480454,0.53234994,0.24200153,0.49333492,0.12853909,0.39884025,0.3675248,0.2722551,0.5227665,0.42928657,0.7936408,0.7413371,0.60392535,0.4266519,0.5035675,0.37237772,0.33298296,0.7729832,0.68319476,0.65033495,0.3436879,0.30997854,0.23144534,0.25692564,0.31308216,0.7344019,0.6662618,0.29809323,0.34165588,0.5336742
374,0.6910467,0.8651636,0.69005734,0.25182888,0.83816165,0.18004279,0.5154896,0.2799143,0.32461077,0.1563552,0.60957795,0.2891462,0.35022554,0.6360306,0.34815693,0.70400816,0.87019956,0.50409454,0.49402303,0.44190678,0.33275166,0.25031883,0.82800865,0.7215973,0.8157772,0.39398307,0.19745573,0.29336157,0.24888161,0.6035516,0.76941115,0.6927105,0.34847587,0.28766853,0.5271578
375,0.8080133,0.7473408,0.79540247,0.595562,0.81440467,0.38141435,0.5496972,0.28240246,0.4812693,0.15174107,0.34755874,0.4041373,0.29586524,0.48801723,0.44550762,0.74587417,0.68310463,0.61885846,0.45474654,0.54210174,0.42667127,0.40344152,0.72386324,0.6445569,0.5670644,0.3636762,0.347408,0.2531322,0.31565532,0.27527493,0.6968664,0.6453577,0.33696142,0.38983005,0.54919285
376,0.68403906,0.85858804,0.66134393,0.20760146,0.8431791,0.24458651,0.5113696,0.29230258,0.42841285,0.22035606,0.66970176,0.3343342,0.35628897,0.6301111,0.4143328,0.77380925,0.8327004,0.45967045,0.43181866,0.43469277,0.30240703,0.21528368,0.81308955,0.64560276,0.86770546,0.3758858,0.2709611,0.3193837,0.29348978,0.57099485,0.75271064,0.6757527,0.32827884,0.26608983,0.5121738
377,0.7175826,0.80476445,0.7634651,0.5013387,0.87358487,0.23045497,0.6290953,0.30651015,0.25198895,0.16643703,0.32957077,0.44174773,0.27816457,0.47655573,0.40921655,0.65834004,0.70602596,0.633331,0.55384743,0.6668008,0.51190555,0.46838006,0.78330386,0.60021627,0.46489882,0.35477173,0.25822645,0.23660222,0.4327259,0.21674237,0.76962864,0.707037,0.37186718,0.3956478,0.61819243
378,0.84026116,0.7415482,0.8258853,0.6472043,0.81987745,0.39722723,0.54920155,0.2675689,0.4959778,0.1325893,0.3111144,0.4047988,0.27788696,0.47749907,0.44314384,0.7527283,0.6724588,0.64509827,0.44593692,0.5492627,0.42830133,0.40624133,0.72365505,0.66222423,0.5438377,0.3588036,0.34651688,0.2356368,0.29608506,0.23935959,0.69755375,0.64689386,0.32396644,0.3992026,0.55106056
379,0.66140586,0.85180485,0.6426431,0.18858315,0.82452965,0.22478965,0.5002804,0.3017978,0.40957347,0.23656659,0.6845976,0.32051182,0.37700304,0.6424347,0.39956528,0.73816884,0.8402446,0.4532064,0.43472973,0.41579348,0.3005616,0.20767622,0.80654776,0.66469526,0.874441,0.3878191,0.26019996,0.34502867,0.27896783,0.629162,0.7396944,0.6687535,0.34007686,0.2753067,0.50809544
380,0.5629898,0.71707165,0.5997344,0.25251213,0.4298564,0.71893704,0.49535245,0.25079444,0.7819533,0.62195635,0.16002785,0.7011095,0.17781967,0.55108756,0.8273643,0.92834187,0.35737818,0.5179163,0.34452543,0.60221297,0.18712388,0.14837238,0.68602115,0.49435315,0.42567414,0.31897756,0.7167344,0.4702784,0.60435677,0.08796938,0.58721554,0.69823337,0.43578815,0.3625339,0.6447702
381,0.8526629,0.76346314,0.84030306,0.6445524,0.8490753,0.39210176,0.55502385,0.24809214,0.49711198,0.11824073,0.30160102,0.40866932,0.25655583,0.4731494,0.450001,0.78062826,0.6850778,0.646935,0.4395989,0.55296767,0.42108354,0.40123445,0.74197894,0.659306,0.5459929,0.33760038,0.3451927,0.21613963,0.28889552,0.20671359,0.7177547,0.6597954,0.3043696,0.3797575,0.5528226
382,0.9382652,0.74851894,0.92691123,0.8022094,0.87746716,0.3644554,0.55283135,0.19954363,0.46617737,0.046794362,0.15286794,0.35899076,0.2087104,0.4424997,0.41210094,0.78070223,0.68528104,0.75268996,0.47329077,0.56314594,0.45907217,0.45073533,0.75921804,0.7515023,0.4409566,0.33639327,0.2876536,0.16035761,0.23922023,0.1292504,0.73821867,0.67140716,0.304833,0.426551,0.5696441
383,0.71507865,0.84775895,0.6957989,0.27749452,0.8510591,0.23974535,0.51843387,0.2829451,0.39923775,0.18668495,0.60799164,0.32868165,0.3467734,0.6137496,0.3954054,0.7497341,0.82294714,0.49870834,0.44999853,0.44767752,0.31851754,0.23962247,0.80616987,0.67031956,0.8218316,0.3792901,0.2554155,0.3008765,0.27861887,0.54049146,0.7509822,0.6777769,0.3324425,0.28899294,0.52235115
384,0.9019518,0.74016714,0.88873637,0.74695367,0.8611604,0.3795885,0.5519303,0.22439185,0.47684437,0.079536684,0.19608776,0.3833871,0.23102358,0.44771466,0.4400939,0.7731825,0.66705525,0.7077511,0.4733982,0.5568887,0.45806494,0.45613718,0.74177426,0.70158166,0.44857368,0.3354028,0.33166033,0.1884275,0.27713665,0.15180571,0.7210255,0.6603545,0.31641597,0.41289383,0.564442
385,0.9069072,0.7386771,0.89408576,0.7614975,0.86685973,0.39312416,0.5508669,0.2172713,0.49682188,0.077533685,0.18117063,0.38563728,0.21691234,0.44084215,0.44959202,0.79038537,0.6612592,0.7112784,0.46427646,0.5582432,0.45696267,0.45138526,0.741835,0.6996665,0.42958298,0.32476726,0.3439015,0.18122515,0.26856288,0.13401851,0.71935314,0.6597601,0.30744165,0.4061451,0.56276673
386,0.7648988,0.8071346,0.7523239,0.43526998,0.8358056,0.33900428,0.5370983,0.2780003,0.47215208,0.17552932,0.49692482,0.38805786,0.31031102,0.5449163,0.43567532,0.77472967,0.74689746,0.5564004,0.42613968,0.5072988,0.36411554,0.30630526,0.7684479,0.6423429,0.7203933,0.3582085,0.31415182,0.27113932,0.29742903,0.36544776,0.7303633,0.66570556,0.31328958,0.33150476,0.5339743
387,0.8414593,0.78857213,0.82689035,0.58168113,0.85373926,0.35431975,0.538767,0.2424529,0.48020998,0.11682973,0.36977804,0.3723516,0.27085716,0.5115577,0.42102742,0.7748704,0.72932434,0.631791,0.43343276,0.5207685,0.38842466,0.3442795,0.7655376,0.6975199,0.62795675,0.348149,0.30203003,0.22629976,0.25241104,0.28780648,0.7316472,0.66723484,0.29821965,0.36326185,0.54306746
388,0.7174569,0.8364806,0.70348465,0.30425513,0.83712643,0.2529494,0.5176681,0.28527635,0.40743446,0.18661363,0.58971465,0.3326455,0.34430054,0.6051195,0.3922413,0.73963577,0.81380576,0.5122123,0.449104,0.45697492,0.33059353,0.24769242,0.7973427,0.681345,0.8027937,0.38268107,0.2556829,0.30216283,0.2744973,0.5284694,0.7413354,0.67264766,0.33235937,0.30487877,0.5238327
389,0.597364,0.8416511,0.60861355,0.1747633,0.76724076,0.17015211,0.5259789,0.34796292,0.29220104,0.22347435,0.6439207,0.31988588,0.4051752,0.6336013,0.36202127,0.62036073,0.8670989,0.46755785,0.53376377,0.45540303,0.36284167,0.29431662,0.79512537,0.6651033,0.8178837,0.44072142,0.22101083,0.34642485,0.32068977,0.66836864,0.7312386,0.6713495,0.40865955,0.3078529,0.5338028
390,0.8412902,0.7635924,0.8279998,0.62345845,0.84626293,0.38562602,0.5452567,0.24510106,0.5014607,0.12710209,0.30775183,0.39704114,0.2581566,0.48034436,0.45513797,0.7873118,0.6908773,0.63859206,0.44310302,0.5366348,0.41497916,0.39885765,0.74577314,0.66049844,0.5477075,0.33861715,0.34960037,0.22026655,0.2858315,0.22580238,0.71753156,0.6578392,0.3116942,0.37192008,0.5482646
391,0.5974194,0.83720636,0.6414313,0.25294957,0.8473433,0.18675852,0.59713376,0.33662602,0.2581181,0.18776825,0.4615492,0.38980848,0.34266603,0.5475906,0.3875621,0.6466583,0.8213538,0.5186017,0.60597026,0.5664181,0.44195867,0.4344924,0.78835726,0.5751322,0.6774914,0.41295663,0.25096315,0.27977726,0.44325614,0.43595085,0.7569395,0.6871317,0.43126434,0.31859595,0.5731066
392,0.81502664,0.8427717,0.8291022,0.4967948,0.8745648,0.27550927,0.6146096,0.24489465,0.2752249,0.09159773,0.24679331,0.44181362,0.21691069,0.4996706,0.4256975,0.7719188,0.72552764,0.67791903,0.544372,0.6863455,0.4408307,0.36899978,0.8093046,0.6184762,0.53853023,0.34381694,0.24860275,0.18697837,0.43745202,0.1554259,0.7925881,0.73453486,0.3721266,0.37025332,0.6311797
393,0.8600601,0.7668621,0.8467661,0.6380482,0.84791315,0.3844062,0.54356116,0.24315958,0.5030232,0.1117263,0.32263908,0.3863681,0.25972703,0.48841244,0.43067116,0.7790754,0.7014302,0.6526763,0.43311438,0.53730106,0.40750042,0.37462538,0.7499154,0.68966836,0.5831504,0.34829074,0.32053742,0.21712554,0.26365405,0.23811285,0.7189206,0.6589986,0.30184633,0.38253894,0.546226
394,0.64649,0.8753395,0.63822204,0.1402167,0.82319087,0.16195461,0.5029528,0.29909602,0.3332939,0.20059645,0.7002924,0.29227343,0.37872964,0.6654822,0.35936934,0.70157087,0.8876314,0.4493548,0.47810254,0.41122484,0.30123958,0.21313111,0.8317585,0.6994793,0.879965,0.4061769,0.20807183,0.33002678,0.26702577,0.68185794,0.7656972,0.6891203,0.35478786,0.26338536,0.5149079
395,0.6437193,0.8540894,0.6294546,0.18337847,0.81963825,0.20288265,0.50975,0.31484,0.3688088,0.23383418,0.68217313,0.31619492,0.39017433,0.6406851,0.3919269,0.7101723,0.8488034,0.451202,0.46105093,0.4228825,0.31421506,0.22843814,0.80553734,0.65643626,0.8673333,0.39430737,0.24550565,0.34831566,0.29333672,0.63948166,0.74251086,0.6709138,0.35831112,0.27819517,0.51382744
396,0.8250225,0.7765044,0.81194466,0.5729025,0.83887136,0.3763798,0.5409088,0.25645986,0.5004355,0.13701275,0.3766395,0.3891826,0.27635202,0.50559264,0.43438888,0.77788293,0.7128459,0.61956257,0.42840162,0.52849233,0.39271265,0.35317874,0.7526492,0.67088187,0.6260118,0.35305002,0.32355672,0.23514464,0.27551907,0.27922437,0.7184029,0.6578923,0.30617094,0.36650604,0.5409483
397,0.716706,0.8555683,0.6947406,0.2431088,0.85464334,0.2520421,0.5039133,0.27311605,0.43987018,0.19558921,0.6562511,0.3245812,0.34173936,0.62878853,0.39770785,0.77941835,0.830256,0.47979465,0.41658965,0.4280428,0.29317036,0.20286965,0.8141619,0.67982614,0.86101353,0.37000242,0.25850973,0.30640924,0.2606038,0.5581453,0.75385326,0.6772481,0.31053758,0.27401564,0.50849795
398,0.690358,0.87238085,0.6659662,0.18643948,0.85703623,0.21814486,0.50002927,0.2766487,0.41073972,0.20396523,0.6923233,0.31063682,0.35648304,0.64844465,0.39620644,0.7741536,0.8535253,0.45283833,0.42426977,0.41016588,0.2808439,0.19116975,0.827034,0.6735176,0.88866216,0.3687721,0.24744625,0.31784293,0.26070455,0.60413015,0.7659776,0.6836125,0.31722927,0.25319618,0.5046407
399,0.93681353,0.75673175,0.9260162,0.7956275,0.87871706,0.39391124,0.54763216,0.19126688,0.519871,0.049595173,0.16087882,0.36504704,0.19571921,0.44383782,0.42552036,0.8138238,0.6894738,0.7439066,0.4429869,0.5566559,0.4349486,0.41848922,0.760593,0.7481531,0.46307626,0.32610816,0.3052653,0.15359685,0.21664801,0.12367189,0.7351726,0.66887444,0.28493252,0.4046003,0.5587841
400,0.6696266,0.8710183,0.6485733,0.16399738,0.8438598,0.1997725,0.49695167,0.288413,0.3916454,0.21675107,0.71005714,0.30136842,0.37128752,0.65905285,0.3852381,0.7488969,0.86422145,0.44593278,0.43217126,0.4034666,0.2859059,0.18834135,0.82618845,0.6827286,0.89703465,0.38036245,0.23425612,0.33534813,0.26145932,0.6490685,0.7596471,0.68014896,0.32981995,0.25850177,0.50418836
401,0.6920679,0.8547152,0.68091226,0.25229412,0.8370417,0.2129614,0.5116223,0.2878385,0.36903876,0.18879357,0.63442975,0.31024247,0.35959062,0.63010293,0.37832946,0.72319967,0.8444784,0.48975477,0.45615357,0.43626732,0.32003602,0.23251536,0.81289256,0.6909356,0.8341057,0.3838033,0.23029509,0.3141462,0.26180553,0.59017926,0.75334054,0.6804294,0.33769697,0.28769258,0.51937944
402,0.7801304,0.8031352,0.7629948,0.45396805,0.84571296,0.3396843,0.52975786,0.2641587,0.48461303,0.16162883,0.46697602,0.37322345,0.29996005,0.5424391,0.43654013,0.7856431,0.74848056,0.56336045,0.43131655,0.49356994,0.3614098,0.31517845,0.770336,0.6538105,0.69693536,0.35378808,0.32147714,0.2586648,0.28248137,0.3655871,0.728837,0.6622964,0.31277922,0.32813352,0.5302235
403,0.724272,0.8251007,0.7049916,0.3202037,0.8354522,0.27988228,0.5124081,0.28105742,0.44739047,0.19626641,0.5797178,0.34308594,0.3382076,0.5944082,0.4160902,0.76195306,0.792686,0.50693464,0.42903703,0.449898,0.3267824,0.25555426,0.7882923,0.6645087,0.7853397,0.3700809,0.28705472,0.30250353,0.27614367,0.49974084,0.73453605,0.6657011,0.3241422,0.30136722,0.5166201
404,0.62635165,0.76209867,0.6411481,0.34443173,0.7213611,0.2674566,0.55320656,0.37290558,0.34077647,0.26630044,0.51708955,0.39740443,0.3879317,0.5542165,0.41415215,0.594677,0.74792117,0.5261654,0.5303487,0.52436894,0.4376758,0.39631718,0.73105615,0.6237589,0.63844526,0.44122347,0.29402912,0.34670296,0.3799448,0.5111723,0.6858557,0.6476798,0.4169112,0.37676314,0.55802333
405,0.7857369,0.78682363,0.7714477,0.49620146,0.8395567,0.32754436,0.5418993,0.27750474,0.44995418,0.15308483,0.4261508,0.37381604,0.30713362,0.5282031,0.42559886,0.75331813,0.73849046,0.58365047,0.45674148,0.51040477,0.39360917,0.35589308,0.7579607,0.6557189,0.6529462,0.36427754,0.30981573,0.26209107,0.30195183,0.35547087,0.72169006,0.659033,0.33344322,0.35371584,0.54094183
406,0.7725331,0.8189107,0.75449485,0.414954,0.84800255,0.2916711,0.5238473,0.26332554,0.443194,0.16038127,0.5004563,0.34510118,0.31033558,0.5712482,0.40224877,0.7650102,0.78231335,0.56023544,0.4337833,0.47685614,0.34858358,0.28068072,0.78937966,0.69429976,0.73437345,0.3672767,0.27108356,0.27143803,0.2601483,0.43588725,0.7413115,0.6715309,0.31518966,0.32493246,0.52928364
407,0.6549095,0.8250616,0.67180336,0.3245433,0.84110224,0.25749668,0.57549655,0.32561868,0.35176662,0.21453747,0.5077104,0.39637038,0.33478454,0.54644793,0.43563232,0.718482,0.77170694,0.51733536,0.5181685,0.5611853,0.41737986,0.3642407,0.77916276,0.5617889,0.6974175,0.37501022,0.29165426,0.29009086,0.42204505,0.39876366,0.7424766,0.67577726,0.38762835,0.3223011,0.5589529
408,0.7982415,0.7061416,0.80247724,0.63714033,0.74126524,0.27469462,0.59365326,0.3425502,0.25178728,0.18253244,0.3309752,0.43759912,0.3294999,0.48068196,0.3780244,0.527475,0.6585163,0.68416274,0.50761336,0.5864544,0.5188353,0.4796771,0.727335,0.72324413,0.41121855,0.40717134,0.2502593,0.31277925,0.32490996,0.2952916,0.7108918,0.67543405,0.3626001,0.498706,0.6143986
409,0.6930206,0.8469928,0.7604664,0.40880805,0.9152729,0.28277332,0.6430407,0.24283414,0.34490603,0.22628598,0.27803218,0.48822746,0.19372633,0.4518785,0.5502594,0.8302361,0.6504046,0.60768044,0.54299676,0.7555629,0.49113235,0.38428485,0.8126362,0.488882,0.37162203,0.26539022,0.32681307,0.19121239,0.5492425,0.099747196,0.7919168,0.7300776,0.3439979,0.32605356,0.63235646
410,0.71575135,0.8327602,0.695981,0.3063899,0.83542633,0.32698423,0.516893,0.27729568,0.50261,0.2201875,0.5896785,0.37758487,0.32284698,0.584694,0.45890117,0.80475885,0.7752235,0.48769158,0.40463704,0.4666895,0.31544557,0.25237155,0.78767335,0.6189689,0.7967353,0.35322168,0.33372957,0.29332408,0.29604247,0.44414574,0.7362963,0.66575384,0.3072757,0.27836207,0.5148907
411,0.6836871,0.83363885,0.6714188,0.2743222,0.81908435,0.23629272,0.515139,0.30101356,0.3886281,0.20750554,0.60766804,0.3282259,0.36430952,0.61138844,0.39761004,0.7150884,0.81958693,0.49140954,0.45924073,0.44564033,0.3363005,0.26173168,0.7924934,0.6664828,0.798958,0.38584042,0.26078907,0.32145268,0.28443795,0.5666485,0.73497957,0.6679804,0.3484562,0.30139813,0.5212261
412,0.83709115,0.774953,0.8214139,0.5860405,0.8442575,0.3653159,0.5354438,0.24617088,0.49780196,0.12618306,0.3555657,0.37620825,0.2692644,0.5060408,0.43242055,0.78238404,0.71602124,0.62860125,0.43142042,0.5177892,0.3927135,0.3555109,0.7572678,0.6881088,0.60531086,0.34952003,0.3182339,0.2306331,0.26139176,0.28220212,0.7216384,0.6595278,0.30625337,0.36608726,0.54001105
413,0.682437,0.8728914,0.65659535,0.1701813,0.8549081,0.21046205,0.4996604,0.28282195,0.40620857,0.21283579,0.70143807,0.3091541,0.36349082,0.6536008,0.3946734,0.7681446,0.8575692,0.44804138,0.42908207,0.4069337,0.2804784,0.18624878,0.8272394,0.6719295,0.8976412,0.3752106,0.24689014,0.32639012,0.2667883,0.6237525,0.76296574,0.6820159,0.3234238,0.2536729,0.5056304
414,0.8260361,0.78508854,0.81100655,0.56145704,0.8463626,0.39893577,0.53804165,0.24622698,0.5285207,0.13888967,0.38962442,0.40304217,0.26755938,0.5023203,0.45636606,0.80347174,0.7084054,0.6052915,0.40993658,0.5231097,0.37486902,0.34373236,0.75397664,0.6511623,0.6381091,0.3367894,0.35219184,0.22622132,0.26880682,0.25536403,0.72197324,0.6597151,0.28817827,0.3460563,0.5356069
415,0.7260468,0.8116318,0.70837665,0.3574795,0.823542,0.30583626,0.51800525,0.2878424,0.46680933,0.20669584,0.5476358,0.35948065,0.33487475,0.5770975,0.42619282,0.7612306,0.7732654,0.52259934,0.42785287,0.46669263,0.3430717,0.27610296,0.77616024,0.6542701,0.76192564,0.3737555,0.30335835,0.30168724,0.2880529,0.4682961,0.723486,0.6585114,0.32824752,0.31706184,0.5214127
416,0.59636474,0.7100185,0.6065718,0.27588564,0.4963072,0.7599255,0.48178878,0.2536785,0.82655305,0.63233054,0.17316377,0.7076142,0.18114232,0.5319218,0.82556564,0.93347514,0.3709732,0.49202323,0.31249255,0.55704767,0.1847132,0.16015643,0.6637492,0.45318118,0.44666368,0.3251533,0.79105157,0.4699575,0.5158269,0.094715565,0.5791346,0.66940534,0.37302202,0.31881076,0.6119615
417,0.75142324,0.83452386,0.72878444,0.343399,0.848872,0.2698643,0.51792914,0.27105445,0.427658,0.17190526,0.5676631,0.33956322,0.33065853,0.5955978,0.4029007,0.76092273,0.7991954,0.5251217,0.4311033,0.4577879,0.3266495,0.24943082,0.7971928,0.68403864,0.78450453,0.3682099,0.2676682,0.28939685,0.26252764,0.48612776,0.7478356,0.67597187,0.31515282,0.30415076,0.5236082
418,0.6013465,0.7526065,0.6308297,0.3471025,0.7172481,0.2987226,0.556532,0.37183776,0.3972276,0.31274056,0.52259624,0.4176117,0.36825332,0.5357313,0.4569934,0.6441334,0.7145454,0.5109178,0.5010835,0.547948,0.44343996,0.39488488,0.7250396,0.57430357,0.5924462,0.41572613,0.3336884,0.33884597,0.41399932,0.47660717,0.67190564,0.64094055,0.39994535,0.36257428,0.5526024
419,0.92892855,0.74533486,0.9173266,0.7871226,0.86826324,0.38824692,0.548512,0.20514739,0.50324327,0.05663364,0.16762157,0.36881173,0.21071228,0.4451975,0.42763224,0.79337174,0.6803318,0.73593223,0.45489272,0.5555763,0.44653386,0.43530264,0.750805,0.7374377,0.45332184,0.33567253,0.3102833,0.16802683,0.23635173,0.13634184,0.72662455,0.6636874,0.3018344,0.41394633,0.5611675
420,0.78819144,0.76836646,0.7956313,0.6130766,0.90522367,0.3400015,0.61628073,0.2496145,0.39786524,0.27004415,0.28204378,0.4740162,0.2360218,0.4066101,0.5338727,0.76214486,0.6034359,0.63291085,0.46390072,0.6589161,0.5072254,0.45910853,0.7604326,0.5719434,0.28805265,0.26121965,0.37412667,0.23008576,0.39066872,0.10181099,0.75583184,0.68993783,0.2724256,0.37993377,0.60208994
421,0.8478721,0.7642791,0.8330895,0.6243974,0.83715785,0.36542013,0.54237586,0.25207627,0.48233968,0.121517465,0.32566884,0.37928367,0.27162474,0.49624792,0.4233129,0.76024866,0.7055172,0.6521241,0.44214836,0.5336315,0.41102052,0.37069327,0.74895424,0.69831973,0.5811938,0.3587962,0.30971116,0.23108034,0.26542225,0.26974434,0.7159138,0.6582591,0.31440178,0.38818213,0.54919446
422,0.72356725,0.8316246,0.7037269,0.32089654,0.8394316,0.27301115,0.5174812,0.2826292,0.4308052,0.19373553,0.58295846,0.3458257,0.3420964,0.59434307,0.41454315,0.7582439,0.79617965,0.5062067,0.43313512,0.4543715,0.32953247,0.26033652,0.7896729,0.6606206,0.78815305,0.36725006,0.2832672,0.30238605,0.27938113,0.49823028,0.74067086,0.66997343,0.32496357,0.2995084,0.5198988
423,0.8700433,0.75870717,0.8559481,0.6756644,0.8534543,0.41625223,0.5422357,0.22546807,0.5378679,0.110577546,0.2656464,0.4029123,0.23416524,0.46458364,0.46681005,0.80906916,0.67711246,0.65905464,0.42733374,0.54065824,0.40989366,0.40061253,0.7432999,0.66795385,0.518587,0.32557416,0.37006876,0.197941,0.2625633,0.17888114,0.71630013,0.6569541,0.29335207,0.37147725,0.54713756
424,0.6803118,0.8775222,0.6585116,0.15735796,0.8583864,0.19565126,0.49626765,0.2780592,0.39022094,0.20412242,0.7112883,0.29721493,0.3633775,0.6629653,0.3815446,0.76184785,0.868919,0.4456292,0.43343434,0.39899614,0.27409157,0.17808655,0.8328007,0.6855235,0.9045092,0.3790517,0.23131709,0.32439968,0.25589138,0.6475834,0.76602185,0.6853293,0.3250937,0.24961421,0.50422037
425,0.8011961,0.7708207,0.7851656,0.5412024,0.8239926,0.39185667,0.540239,0.26998824,0.51163083,0.1628907,0.40467376,0.40935212,0.29158884,0.5066307,0.45812672,0.77466744,0.6965933,0.59148854,0.42230353,0.52442586,0.3890418,0.35503227,0.73992926,0.6384666,0.625154,0.35081536,0.357311,0.2522856,0.29404134,0.2909727,0.7084606,0.65208787,0.3089704,0.35781264,0.5388462
426,0.7999656,0.78874046,0.7801274,0.50403917,0.83599025,0.37808314,0.53426117,0.26233807,0.5136112,0.16575046,0.4365712,0.39914408,0.289399,0.5249497,0.45528704,0.78883505,0.71645,0.5776479,0.4106461,0.5109651,0.3684432,0.3265559,0.75731283,0.64452416,0.66276824,0.34630167,0.34877542,0.25454012,0.28185907,0.3119239,0.7212287,0.65922916,0.29871356,0.33891028,0.53396434
427,0.8090208,0.8010497,0.79053175,0.4921442,0.8468213,0.3596828,0.52997935,0.2514006,0.5054844,0.14656457,0.4476289,0.38222587,0.28444356,0.5353471,0.43843517,0.79407793,0.736652,0.58231306,0.41017756,0.5015554,0.3572765,0.30606225,0.7712796,0.66841835,0.6872756,0.34674639,0.32176948,0.24472308,0.26274437,0.32879382,0.73236436,0.6658201,0.29143488,0.33343092,0.5318567
428,0.7509264,0.84680367,0.72751874,0.31687266,0.857213,0.24455173,0.51547873,0.26565945,0.40423733,0.16133848,0.58748394,0.32274836,0.33104107,0.61127627,0.3874483,0.7616364,0.81915396,0.51833266,0.43613252,0.44917837,0.31836337,0.2350012,0.8107756,0.69992363,0.8012287,0.3689957,0.24303298,0.2871183,0.25413078,0.5135436,0.7604162,0.68379563,0.315262,0.29431447,0.521882
429,0.74790734,0.76281047,0.71308553,0.38733897,0.72312266,0.7692367,0.46881834,0.19278114,0.8737518,0.4829781,0.19354667,0.661475,0.14499867,0.4929596,0.8052109,0.9589958,0.5030832,0.47604948,0.24216492,0.47871488,0.18444474,0.18683147,0.7111085,0.4183999,0.49679047,0.25929838,0.8403991,0.32763034,0.31182972,0.0745877,0.6440715,0.64113885,0.22339162,0.21396904,0.53271663
430,0.8192948,0.7689638,0.8070052,0.57383156,0.84526557,0.34817687,0.5470525,0.2615884,0.46243078,0.13127044,0.34395832,0.3833889,0.27975616,0.49936563,0.43679714,0.7631834,0.7092005,0.62170875,0.46501413,0.53103584,0.4180212,0.39327112,0.7501602,0.66075516,0.5749786,0.35370693,0.32485965,0.23794834,0.3051595,0.27993095,0.7197073,0.6590743,0.33156222,0.37193406,0.54916817
431,0.844804,0.756559,0.832291,0.6432786,0.84239876,0.35567394,0.5633337,0.26570252,0.43665057,0.11589279,0.2932027,0.39797026,0.27678457,0.47412348,0.4331972,0.74628663,0.6899678,0.6542761,0.4782136,0.5609082,0.45124602,0.4372631,0.73849106,0.66186035,0.5301493,0.35411805,0.32137173,0.2281653,0.32124552,0.22280116,0.72035915,0.6599131,0.33742326,0.40080556,0.5640131
432,0.8028035,0.8146082,0.7858834,0.47413564,0.85895395,0.30281997,0.5283498,0.25034112,0.44587573,0.13396606,0.45613098,0.34611326,0.29512075,0.552892,0.40462908,0.7707037,0.7713743,0.58689773,0.43839425,0.48858005,0.36073938,0.30180484,0.7866247,0.7011334,0.6995618,0.35632378,0.27369857,0.25103974,0.2512144,0.3840987,0.7452091,0.67474306,0.307661,0.3341559,0.533887
433,0.7913856,0.79615575,0.77288246,0.47454506,0.83388203,0.32857186,0.53261274,0.27217254,0.46177658,0.15681222,0.4619928,0.37006754,0.30840665,0.54623497,0.4170908,0.7565724,0.7471347,0.5805947,0.43315014,0.5016393,0.371862,0.30919737,0.7664667,0.68016815,0.6932911,0.36718696,0.29592812,0.26897842,0.2756303,0.3801432,0.725883,0.663133,0.31698188,0.34891728,0.53627574
434,0.6989616,0.7817852,0.7238234,0.48751035,0.87766755,0.3610336,0.6082209,0.26927474,0.43615288,0.3025606,0.28836185,0.49426794,0.23690346,0.43506557,0.565268,0.8019694,0.6134306,0.57571787,0.48950434,0.66866475,0.48080522,0.43353152,0.7561723,0.49958307,0.35083503,0.2786542,0.4208038,0.2433885,0.48170638,0.13313402,0.7385727,0.68154734,0.32767588,0.34016022,0.5937384
435,0.85186356,0.77891225,0.83481866,0.59811276,0.84863776,0.34162548,0.54709107,0.25102338,0.45136514,0.105911896,0.34576982,0.37263054,0.27401847,0.5093683,0.41004795,0.7570883,0.7230351,0.6441635,0.45005298,0.53539956,0.40458545,0.35967073,0.76043475,0.70220536,0.6015471,0.36151284,0.28858843,0.2257946,0.26617455,0.28707188,0.7294632,0.6672747,0.31573522,0.37840694,0.5519279
436,0.90414715,0.7470889,0.89272964,0.7533835,0.8726376,0.33618078,0.56802386,0.22680505,0.40707102,0.07463053,0.17805628,0.38257897,0.23131701,0.44253856,0.42427006,0.7472932,0.6737878,0.7251337,0.50517255,0.57473725,0.48698592,0.4854611,0.7537905,0.70873797,0.41994238,0.33396256,0.3006889,0.18925035,0.30383733,0.14091995,0.7403957,0.67466575,0.32614073,0.42878503,0.5826975
437,0.7682598,0.83363914,0.74677926,0.36722907,0.8609244,0.27608714,0.5198511,0.26027,0.43687123,0.15510264,0.5422141,0.33711255,0.3149883,0.5887879,0.40127048,0.77520084,0.7978883,0.5367149,0.43204933,0.4614645,0.32960814,0.26011747,0.80004466,0.6873447,0.7677986,0.36282265,0.2678322,0.272399,0.25878912,0.46337882,0.7509181,0.67739165,0.31069803,0.30436453,0.5239488
438,0.7821611,0.81102693,0.7647917,0.42935085,0.8421548,0.33051777,0.5278179,0.26749358,0.4730026,0.1615207,0.5107741,0.37128577,0.30940086,0.5585786,0.42136732,0.77362573,0.7579146,0.55760324,0.41979456,0.4900751,0.3479487,0.28102612,0.77508324,0.6699685,0.7359563,0.3605979,0.29971027,0.26918858,0.2700737,0.3924488,0.7328574,0.667734,0.30494213,0.32824335,0.52913874
439,0.7145622,0.8035704,0.70440847,0.37840742,0.8156513,0.31141916,0.53724444,0.30768275,0.44178882,0.20718792,0.5287231,0.37978053,0.34427434,0.5566955,0.43253604,0.74311316,0.76025623,0.5267846,0.45351514,0.49668026,0.37276348,0.31890532,0.7595936,0.6207692,0.7391737,0.3771137,0.31224868,0.3019186,0.3289667,0.43306264,0.71785307,0.6561453,0.34891266,0.33053216,0.53225124
440,0.6865758,0.8643427,0.66490334,0.19277418,0.85314864,0.2299972,0.50700736,0.2869152,0.4174912,0.20935242,0.6827177,0.3204492,0.35708666,0.6406175,0.3974613,0.77001065,0.84660673,0.4573404,0.43338165,0.42210403,0.29171085,0.20273681,0.81920433,0.6606288,0.88388634,0.3782159,0.2553884,0.31801364,0.27970052,0.5968311,0.7557816,0.677498,0.3274117,0.26289743,0.5089568
441,0.6670834,0.7991083,0.6729089,0.3336042,0.7896034,0.2488188,0.55554694,0.32823348,0.35813412,0.2462438,0.5432669,0.37938905,0.35158724,0.5601777,0.42986518,0.670885,0.7615023,0.52126247,0.49229392,0.523953,0.41567898,0.34310853,0.76951337,0.6312885,0.65406555,0.3836647,0.2785958,0.3175969,0.35620958,0.4666354,0.7260626,0.66855323,0.36430997,0.3389176,0.5522935
442,0.7934588,0.7773734,0.7783865,0.5187895,0.8241705,0.3555242,0.5350697,0.27245483,0.48318896,0.16061886,0.41734558,0.38441882,0.3000984,0.52309245,0.43521556,0.7578309,0.7211431,0.5920579,0.43327197,0.511537,0.38580343,0.34092265,0.7507738,0.66355187,0.64606595,0.36212602,0.3239779,0.26193443,0.28352392,0.338237,0.71238613,0.65461624,0.31962445,0.3595538,0.53763086
443,0.71555644,0.7858582,0.6983293,0.41025653,0.7896451,0.42444682,0.53063506,0.27766436,0.55455273,0.2777416,0.42181236,0.4583097,0.28444594,0.5260146,0.54381645,0.8045397,0.68010485,0.5176319,0.40026623,0.5141379,0.3458919,0.31469616,0.74455214,0.55779237,0.61864316,0.32634175,0.460847,0.2997647,0.3482932,0.30253226,0.70365757,0.65453225,0.31983364,0.30361858,0.53801394
444,0.5931595,0.8166431,0.65027404,0.2596473,0.6870822,0.12686002,0.56782234,0.37554842,0.15367606,0.14952663,0.4917956,0.34545976,0.38113016,0.594368,0.28837472,0.44666806,0.8642336,0.5630723,0.6638068,0.5371317,0.46417522,0.4420557,0.798915,0.74699944,0.6513497,0.5304653,0.1660507,0.30067584,0.33598477,0.6175271,0.7462243,0.70135593,0.46785283,0.3920208,0.5956171
445,0.75968176,0.81424254,0.72918797,0.39591417,0.83056897,0.39003682,0.51639163,0.2541561,0.5551904,0.20239191,0.47718078,0.4075101,0.28435028,0.5518917,0.49354273,0.83196956,0.73865974,0.5178598,0.384498,0.47542396,0.31748942,0.28484213,0.7745918,0.6059345,0.7213254,0.32847103,0.403724,0.26834145,0.28322935,0.34000692,0.7306377,0.6607591,0.29008174,0.28392246,0.51820433
446,0.77572364,0.86754626,0.8096096,0.4368444,0.91953766,0.20984626,0.6388987,0.24734798,0.21933647,0.08673016,0.27413025,0.4222106,0.21779747,0.49317044,0.39874095,0.7627112,0.76977277,0.6561724,0.5903839,0.6991873,0.47340426,0.41631335,0.83254176,0.5830983,0.5497549,0.33552608,0.2192153,0.1709776,0.4764971,0.16506132,0.8196557,0.7448897,0.37262446,0.34164447,0.6301791
447,0.9264078,0.7467683,0.9146434,0.7812003,0.8718263,0.38394856,0.54892886,0.20704827,0.49609,0.05545829,0.17180286,0.36602053,0.2147911,0.44644222,0.42332387,0.7916682,0.6845543,0.7308493,0.46221906,0.5551809,0.44821984,0.44272727,0.7506114,0.7307345,0.4623514,0.3355071,0.31058383,0.16774943,0.24339822,0.14199518,0.7263671,0.6626458,0.30559686,0.41396514,0.5599233
448,0.66128176,0.85204536,0.74320966,0.40233213,0.94897735,0.27627298,0.6598902,0.24084818,0.3559145,0.27501032,0.2842513,0.49521217,0.1861288,0.42248097,0.57984066,0.8527421,0.6334074,0.58346176,0.5485433,0.7798433,0.53046656,0.41676974,0.81898415,0.44486135,0.29862633,0.23154609,0.35273492,0.18021727,0.58282137,0.07761132,0.79933983,0.72919637,0.32628053,0.3013267,0.6299806
449,0.6965265,0.85501367,0.6755368,0.23031032,0.84607345,0.26045346,0.51089746,0.2853414,0.44073582,0.20950451,0.65412813,0.33854687,0.34744996,0.62250054,0.4156023,0.78052104,0.8248747,0.46899286,0.42361078,0.4379689,0.30096126,0.21915193,0.81005824,0.64549375,0.85904515,0.37095237,0.27702576,0.30870542,0.28550082,0.5462742,0.7510887,0.6745626,0.321287,0.26956302,0.51121145
450,0.7667567,0.78365296,0.7469206,0.47003478,0.8147906,0.41529232,0.52758163,0.26879898,0.55640954,0.20254417,0.45426965,0.42296878,0.29130867,0.5230778,0.4911624,0.80721396,0.6986922,0.5466126,0.39148277,0.5059849,0.35276556,0.32032195,0.74673,0.60315937,0.6704646,0.33847204,0.40053934,0.26484442,0.29670128,0.30309382,0.7081033,0.64986116,0.29545665,0.3216024,0.52593225
451,0.8790654,0.7766717,0.8639647,0.65376115,0.8727261,0.35262677,0.5368986,0.21728249,0.48867506,0.08473853,0.28128028,0.35315743,0.23943606,0.49027777,0.41976205,0.79719424,0.7232002,0.6709626,0.44904757,0.521879,0.40657863,0.38172007,0.76936716,0.7204164,0.5560616,0.33928066,0.2994093,0.1959482,0.24079084,0.23888521,0.7356779,0.66762733,0.30280226,0.3733738,0.5456561
452,0.6663111,0.8594182,0.6459687,0.18068561,0.83547896,0.21512091,0.5004127,0.29552728,0.399849,0.22681156,0.6926507,0.3132275,0.37386498,0.64811134,0.39379248,0.7440791,0.84750175,0.45052367,0.4370381,0.41174063,0.29356992,0.20050354,0.81433094,0.6693746,0.8813675,0.38405687,0.25134814,0.338237,0.27403075,0.63283545,0.74905175,0.6746133,0.3359964,0.26738226,0.5076901
453,0.69800717,0.8095978,0.7533271,0.35710183,0.7427864,0.43414253,0.57649386,0.23393603,0.50424564,0.28702676,0.23411925,0.56441414,0.18606701,0.52514887,0.6475595,0.8572135,0.5490329,0.6328014,0.46345383,0.71816283,0.32630715,0.22542974,0.7683556,0.5545616,0.453693,0.3164943,0.3906725,0.27015418,0.532785,0.08974034,0.7243415,0.72350967,0.3909952,0.39100543,0.6503619
454,0.79166275,0.78695136,0.7793385,0.51240623,0.8316716,0.34787965,0.5321082,0.26411805,0.48141724,0.15641315,0.4201849,0.37385133,0.29360735,0.5271011,0.4287983,0.7668847,0.73576874,0.5932051,0.43355656,0.5059605,0.37972862,0.33396825,0.7605891,0.6734194,0.6576874,0.3585573,0.31305256,0.25569087,0.27186972,0.34298733,0.7196933,0.65873635,0.3153558,0.35197204,0.5348543
455,0.6540371,0.8438943,0.7189809,0.3771911,0.90864265,0.24067788,0.63913286,0.2808122,0.29492277,0.19116704,0.3297922,0.45056835,0.2442005,0.46983632,0.48096952,0.76609993,0.7162673,0.5758022,0.58361197,0.6986519,0.49711728,0.44199276,0.8046072,0.48988932,0.4743263,0.31203502,0.3020777,0.21337661,0.54142386,0.18823159,0.7857473,0.7154825,0.38114297,0.32283384,0.61157316
456,0.6442946,0.8654547,0.63277453,0.15788655,0.825343,0.17302938,0.511159,0.30649105,0.33339816,0.21133752,0.68495184,0.3033739,0.3844164,0.65326923,0.37274894,0.70205957,0.87195647,0.450699,0.48224813,0.4198462,0.30984828,0.22748153,0.8185774,0.674428,0.8649789,0.40106672,0.22322437,0.3326908,0.2843914,0.65949035,0.7572712,0.68279994,0.36110914,0.26818973,0.5172963
457,0.82736236,0.8371371,0.84920007,0.51684225,0.78447974,0.3490914,0.5984144,0.21232358,0.3736537,0.16887024,0.20045093,0.5083509,0.17267713,0.52342594,0.5018346,0.8077232,0.6349443,0.7259672,0.46594077,0.7220906,0.3639905,0.25380364,0.8111989,0.67968017,0.500819,0.3301269,0.2849731,0.21163256,0.39894372,0.08655856,0.77668583,0.75778574,0.34218815,0.41275755,0.67043114
458,0.8968798,0.7550825,0.8834261,0.7231453,0.8573748,0.39666373,0.5470675,0.22051625,0.5112583,0.08371186,0.23279504,0.38375628,0.22926946,0.46127778,0.435744,0.7926386,0.68494093,0.6951927,0.43882936,0.55143607,0.42567825,0.40903163,0.7484226,0.7071357,0.5087599,0.33735052,0.32522687,0.18553236,0.24799934,0.17137502,0.72191906,0.6605961,0.29753828,0.3955115,0.5532019
459,0.74024785,0.8190201,0.7208485,0.36731392,0.83721125,0.30288163,0.5240664,0.28293395,0.45516545,0.19027038,0.5458806,0.36150318,0.331884,0.57430923,0.42456976,0.7644737,0.775671,0.5261581,0.4324824,0.4719448,0.34343725,0.27964962,0.7792808,0.6524616,0.760724,0.36709753,0.30081415,0.29254067,0.2868157,0.45109302,0.7323023,0.6648294,0.32174367,0.3136407,0.5249549
460,0.8187243,0.8035668,0.7718665,0.44214973,0.82500553,0.7604045,0.4644503,0.14885691,0.8990922,0.36013725,0.21218047,0.63249445,0.11923064,0.47725877,0.7836292,0.97189456,0.59456766,0.47454748,0.1989105,0.4359468,0.16481358,0.1904313,0.74678934,0.41547784,0.54354864,0.21505754,0.8671169,0.23734841,0.21162574,0.0651414,0.6870571,0.63956857,0.14783628,0.16344003,0.49519175
461,0.5912444,0.7234458,0.61596453,0.30645838,0.61685836,0.5790455,0.5181333,0.29761326,0.6499468,0.50796664,0.31575298,0.5712348,0.26598996,0.52306384,0.6765059,0.8464695,0.5024199,0.49745136,0.41133365,0.55308044,0.29072195,0.2638089,0.681378,0.51070845,0.5067852,0.37975788,0.5889738,0.4027497,0.48212925,0.23255484,0.61926585,0.6539029,0.4140312,0.3261818,0.58508456
462,0.8072699,0.77701676,0.7943737,0.54261243,0.82824105,0.33769956,0.5419034,0.2707364,0.44911188,0.13711213,0.39183703,0.37539816,0.29691795,0.5213448,0.4162385,0.74381685,0.7261206,0.6110589,0.45316237,0.52413696,0.40002614,0.3548022,0.75317776,0.68108976,0.6253947,0.37010565,0.29988137,0.25109905,0.28285006,0.3338702,0.71828353,0.6600596,0.32917815,0.3704211,0.54597247
463,0.8637764,0.77772117,0.8480371,0.62847674,0.866141,0.3553292,0.53934085,0.22888227,0.4858678,0.09741162,0.3082462,0.3628069,0.25179175,0.4946015,0.42442846,0.78918874,0.72076625,0.65334666,0.44738832,0.52327275,0.4032568,0.37709925,0.7647792,0.7032878,0.57249933,0.3417278,0.3076648,0.20707655,0.25325066,0.25304,0.73200953,0.6655665,0.30419594,0.3696836,0.5450603
464,0.73470527,0.8148244,0.71985435,0.36358857,0.8288733,0.28640616,0.520501,0.28428346,0.43363744,0.18347691,0.54555285,0.34678668,0.33435848,0.58090615,0.4087432,0.7469484,0.78280866,0.5293249,0.44414982,0.46912163,0.34777737,0.27875975,0.78037506,0.6714635,0.7527771,0.37538904,0.2802152,0.29385978,0.28094432,0.4745981,0.73024464,0.66470903,0.3310531,0.32007626,0.52463454
465,0.60912806,0.84947336,0.6132725,0.17080249,0.78634876,0.17182896,0.5189888,0.3358928,0.30839944,0.22530656,0.6648878,0.3107102,0.40374708,0.642223,0.36618784,0.64834845,0.8682946,0.45945343,0.5107807,0.44123954,0.34747547,0.26621336,0.80086577,0.6685119,0.839918,0.42214832,0.219431,0.35007846,0.30470502,0.6723212,0.7370454,0.6720084,0.39175448,0.29574722,0.5260865
466,0.7657085,0.74957013,0.7557051,0.5536334,0.81245756,0.3824936,0.55719054,0.28856778,0.47428378,0.20354049,0.33954397,0.4338109,0.289128,0.48138666,0.4846848,0.7528865,0.6633018,0.5929388,0.46185717,0.5521847,0.43591553,0.4210158,0.7257422,0.59532535,0.52075994,0.3431937,0.38995346,0.27062976,0.36182624,0.25137725,0.70135117,0.64964086,0.34221622,0.37344366,0.55666107
467,0.6984168,0.7873279,0.6874603,0.38608688,0.79620993,0.34324458,0.5345209,0.3135714,0.47590694,0.24196863,0.5254062,0.40257615,0.3440339,0.5475885,0.4610116,0.75006163,0.7274373,0.5170534,0.43577608,0.5011984,0.37545162,0.3254972,0.7455554,0.59959286,0.7055589,0.37215078,0.34972757,0.31288671,0.34001023,0.4165245,0.7042556,0.6481627,0.34328133,0.3314874,0.5307558
468,0.77196544,0.74913776,0.75738037,0.54114956,0.7944633,0.39788008,0.54455096,0.29565892,0.50165117,0.19339363,0.39943296,0.4234569,0.31135345,0.49890953,0.46697918,0.749143,0.6747301,0.5827583,0.43618503,0.53345025,0.40886813,0.38248545,0.71787703,0.6146325,0.59651697,0.36161143,0.376883,0.27660915,0.32698542,0.29989895,0.6892501,0.6408643,0.33306226,0.37395856,0.54291934
469,0.6089571,0.7457803,0.63130695,0.3335222,0.68477356,0.2739077,0.54652995,0.38705945,0.34802166,0.27882546,0.5276955,0.40093368,0.39433107,0.55854213,0.40590507,0.57593364,0.7482945,0.52108854,0.52857494,0.5184992,0.43665567,0.40308285,0.7224302,0.6308163,0.6364783,0.46141118,0.29819232,0.35547203,0.37887436,0.5427725,0.6705646,0.63999546,0.4257773,0.38661146,0.55365294
470,0.8284739,0.77896166,0.81385565,0.5795519,0.854442,0.35724008,0.5501038,0.25406376,0.47014514,0.12675111,0.3451038,0.39091825,0.26915437,0.496669,0.44063306,0.77927405,0.7102224,0.62121725,0.45382413,0.53690577,0.4120202,0.3855021,0.7555889,0.657504,0.5793797,0.34154266,0.33020478,0.22903141,0.30011606,0.2620339,0.72735566,0.66410816,0.31631985,0.36287373,0.5503944
471,0.859101,0.78216374,0.84354,0.6142766,0.8534706,0.3502818,0.5428149,0.23967394,0.47275463,0.102949455,0.33490983,0.37088147,0.2623973,0.5064948,0.41241735,0.771901,0.7254114,0.6515199,0.43550777,0.52824235,0.3985181,0.35330018,0.76514083,0.7138385,0.6016456,0.35197824,0.29058164,0.21980631,0.24720187,0.2741444,0.7322205,0.6684969,0.30117607,0.37401795,0.5478816
472,0.7783541,0.78671825,0.76740366,0.49687654,0.82717514,0.32326898,0.56447726,0.2980867,0.40446216,0.15465583,0.40741816,0.40030235,0.31228146,0.51644,0.42392054,0.7273883,0.73060715,0.5970881,0.4856348,0.5572621,0.42215338,0.37794286,0.7512313,0.63193023,0.63965034,0.37722626,0.30238858,0.25976756,0.3517931,0.32112905,0.72423553,0.6648454,0.35611564,0.37110037,0.5602957
473,0.71790516,0.8342773,0.69781876,0.29781696,0.8382683,0.28235444,0.5186938,0.28753936,0.44404846,0.19947226,0.60529053,0.35178083,0.3427856,0.5984039,0.41835824,0.76836205,0.797821,0.49652615,0.4321043,0.45735937,0.3234711,0.25003237,0.7907262,0.6474355,0.8106451,0.3723674,0.28840595,0.3018065,0.28988692,0.49935588,0.7393473,0.66924226,0.32438096,0.2942927,0.51880425
474,0.7447995,0.7994331,0.73280096,0.39779532,0.80895376,0.22202858,0.5485166,0.30526048,0.3028556,0.17894083,0.5121274,0.35862702,0.3488426,0.5722524,0.37743554,0.63482225,0.76986945,0.5678953,0.48869175,0.49545652,0.4016601,0.32989308,0.783843,0.7127779,0.65409124,0.3882423,0.23124988,0.31408602,0.28525564,0.4690434,0.7488734,0.6862586,0.346898,0.37026155,0.5634984
475,0.7138871,0.8579689,0.783665,0.45115915,0.9440218,0.2489551,0.66647935,0.23624317,0.31100994,0.21828666,0.26900944,0.48199353,0.18207611,0.42687353,0.53383934,0.8183385,0.6523675,0.6215452,0.5454321,0.77158964,0.53742814,0.428998,0.82912505,0.49563485,0.3233871,0.24311519,0.30713817,0.17146102,0.53293854,0.08521536,0.8147543,0.7406849,0.31358832,0.3177083,0.6372551
476,0.8261541,0.7866244,0.8108894,0.54777515,0.83807135,0.34908694,0.5383692,0.2587819,0.4714392,0.13050888,0.4058435,0.37787753,0.2869606,0.52453446,0.41770786,0.76144826,0.7292499,0.6154621,0.42964807,0.5190179,0.38477618,0.3292915,0.7615194,0.691934,0.6501513,0.35988188,0.29783294,0.24575785,0.26239663,0.31910142,0.7257882,0.6652338,0.3071282,0.3635785,0.54206306
477,0.9379309,0.75192976,0.9271215,0.7987134,0.87693805,0.40148705,0.5447606,0.18983695,0.5322305,0.04938612,0.15087251,0.36751875,0.1918025,0.44068828,0.43659106,0.8196999,0.6824859,0.7421521,0.44289526,0.5539113,0.43585372,0.4222304,0.7572659,0.7436369,0.44740105,0.32433516,0.3192307,0.1533112,0.2187473,0.11725934,0.731135,0.6661048,0.28814325,0.40126187,0.55744946
478,0.7580522,0.82262564,0.7395481,0.38795027,0.8479438,0.29125053,0.5322425,0.2755105,0.436905,0.1742591,0.5244137,0.36106566,0.3190496,0.5684743,0.42074323,0.7681496,0.77805036,0.54205847,0.44191185,0.48386168,0.35676453,0.29547128,0.78750646,0.66116184,0.7403924,0.3634601,0.2862067,0.2788722,0.29300758,0.4243571,0.74461234,0.67341214,0.32041222,0.31740704,0.5328334
479,0.6882675,0.833058,0.6675149,0.2604007,0.8242092,0.26516235,0.5081791,0.2986575,0.4379553,0.2301888,0.63472897,0.34318393,0.36402464,0.6125903,0.41685882,0.74767095,0.8045085,0.47813255,0.4266161,0.43669504,0.31592935,0.23434293,0.7889395,0.65310585,0.8295933,0.37893128,0.28693533,0.33183816,0.28435606,0.556229,0.7307084,0.6630465,0.33262306,0.29277843,0.5128025
480,0.8297243,0.79836,0.81487715,0.5366098,0.8509098,0.3578513,0.5390939,0.2511301,0.48785418,0.13060799,0.4179712,0.37967354,0.27708095,0.52526057,0.41671896,0.7843846,0.7385504,0.6149241,0.42076343,0.5223988,0.37353057,0.3134577,0.770234,0.690122,0.67983365,0.35563144,0.2963559,0.23544788,0.26081347,0.30495057,0.73311824,0.6686481,0.29501995,0.35479075,0.54032266
481,0.6168139,0.8282096,0.6999539,0.32798758,0.81828165,0.41525316,0.625744,0.22743896,0.5043557,0.40133053,0.23423775,0.5687467,0.15931773,0.45652857,0.70514524,0.9141077,0.52729404,0.55928695,0.48851117,0.7530228,0.42948848,0.32287708,0.79417163,0.4339896,0.3108428,0.23273322,0.46680617,0.24317375,0.6185633,0.057310678,0.7463905,0.7273718,0.3531431,0.2931592,0.63964397
482,0.65826064,0.83850175,0.6589123,0.2718497,0.8473295,0.27505198,0.54946274,0.30907112,0.43257064,0.2540905,0.5882381,0.38114876,0.33714956,0.57251644,0.4624556,0.7726893,0.77622545,0.4791121,0.4643046,0.5122641,0.37124038,0.29622683,0.7885591,0.57721883,0.7474154,0.3569564,0.3124926,0.30010456,0.36904636,0.45443615,0.74040747,0.6697949,0.34624398,0.28092176,0.53414553
483,0.66592467,0.89634836,0.64836055,0.11890946,0.8631719,0.14731434,0.4905866,0.27386594,0.33559757,0.19004436,0.7459687,0.26626343,0.37378067,0.68970615,0.35457844,0.7430898,0.9013357,0.43242493,0.4494492,0.38149112,0.2657449,0.1621214,0.8515655,0.7133644,0.92401534,0.3808679,0.19067201,0.3284153,0.23487203,0.70763475,0.7835884,0.69802284,0.3286285,0.23574214,0.50246453
484,0.811516,0.81164706,0.7923588,0.48067966,0.8577155,0.3213098,0.53172505,0.2515493,0.4638194,0.13542706,0.454971,0.36048084,0.29013482,0.5490337,0.41029453,0.7791282,0.7612758,0.5886969,0.4271465,0.49764028,0.35901967,0.29818803,0.78264534,0.6934511,0.70192444,0.3569993,0.28399777,0.24766406,0.25670615,0.36668593,0.7419484,0.6731568,0.301322,0.33606642,0.5352422
485,0.712602,0.8511899,0.69809127,0.28255874,0.8479451,0.2235496,0.5119659,0.27590737,0.38653302,0.17996967,0.6058052,0.3101762,0.34442502,0.6205756,0.3804984,0.7420967,0.83701766,0.5047326,0.44924837,0.43891162,0.3203242,0.2371095,0.8140001,0.6981575,0.81640416,0.37828153,0.23330493,0.30132198,0.2558731,0.5615557,0.7558366,0.68054694,0.33048564,0.29018575,0.519292
486,0.65187436,0.7287661,0.6714362,0.40323296,0.6820663,0.25310725,0.56352603,0.39094216,0.28090557,0.2468225,0.46409434,0.41043606,0.38879097,0.540407,0.38197714,0.52419126,0.7364105,0.566949,0.5500223,0.5393116,0.47193247,0.44924027,0.7197853,0.6606763,0.56328285,0.46567512,0.27435198,0.352629,0.37532914,0.49249378,0.6782929,0.64881897,0.42947888,0.42717534,0.573874
487,0.8820776,0.7558707,0.86955965,0.70221764,0.8608516,0.3878523,0.5505215,0.22615281,0.49528712,0.09352033,0.23659146,0.3915642,0.23383884,0.4574028,0.45124102,0.7928926,0.6801566,0.6810511,0.45462927,0.5501929,0.43568522,0.42902166,0.7467252,0.683456,0.4892338,0.32959238,0.34350654,0.19319725,0.2735714,0.16923197,0.7243827,0.66230845,0.3072294,0.3887844,0.557451
488,0.63297874,0.68397534,0.62257785,0.30768037,0.5353223,0.8701272,0.4540341,0.23534867,0.94128025,0.71041596,0.16263333,0.7395776,0.16115613,0.51024216,0.8851673,0.97693765,0.3133861,0.47485074,0.25181895,0.52632725,0.15106967,0.12780082,0.6273402,0.4214056,0.41037497,0.32268062,0.90365773,0.4653779,0.44634566,0.06413026,0.5461293,0.635791,0.31948617,0.28385657,0.5872667
489,0.6996429,0.8566168,0.6810419,0.2413437,0.87467164,0.25957102,0.51730716,0.26886123,0.4487311,0.23298705,0.6483104,0.34203666,0.3300966,0.6091129,0.43558413,0.79940957,0.8054954,0.4656036,0.41678172,0.4527444,0.31253165,0.22854146,0.8139809,0.6405046,0.7971566,0.3452603,0.28223702,0.29478914,0.28554899,0.51309407,0.7606379,0.6793657,0.30134735,0.2564206,0.51235497
490,0.6423896,0.8269123,0.6919931,0.3717715,0.8804019,0.22775726,0.62255335,0.31141496,0.26656818,0.16988003,0.35541442,0.43080455,0.28694275,0.4937305,0.42924786,0.70436543,0.75018066,0.5708283,0.5941441,0.6452381,0.48067895,0.4625655,0.7861291,0.5235723,0.55502546,0.36156195,0.2815273,0.24457057,0.5123583,0.26099205,0.7682812,0.69937766,0.4116784,0.3450684,0.5982674
491,0.7454031,0.7985133,0.7052947,0.35376623,0.77783287,0.6623021,0.4775776,0.19970271,0.8103404,0.397432,0.32833415,0.5730661,0.18190266,0.52061284,0.7212552,0.9425499,0.5960585,0.46268797,0.2607403,0.46361417,0.20309134,0.19184205,0.74356866,0.47523993,0.6051175,0.2682645,0.73052907,0.29417163,0.2900263,0.16323349,0.6847924,0.64979184,0.23134704,0.20076159,0.51520455
492,0.7460761,0.8441186,0.72759587,0.32718045,0.85018826,0.25157207,0.5177161,0.2695526,0.41039723,0.16598102,0.5771794,0.32776624,0.33016244,0.604751,0.38813415,0.7562248,0.81786376,0.52594227,0.43920025,0.4580348,0.32630578,0.24140434,0.80709016,0.69815123,0.79908824,0.3720258,0.24594036,0.28696257,0.25729498,0.50403404,0.754923,0.68103737,0.31707627,0.3018265,0.5247524
493,0.6986788,0.79901564,0.6855378,0.3789733,0.806927,0.3362421,0.5472455,0.30969864,0.44834456,0.23175128,0.4820098,0.41385776,0.32768676,0.54219615,0.46616516,0.7545703,0.73201734,0.5236102,0.4566123,0.5233142,0.3816632,0.33960143,0.7549399,0.58018994,0.68527204,0.36596736,0.35597667,0.30157992,0.3706967,0.3792749,0.7165793,0.65852183,0.35519895,0.32612866,0.54329014
494,0.62517416,0.76772344,0.62583643,0.3242567,0.7467245,0.38078365,0.5371455,0.34084067,0.48419666,0.33852005,0.4892644,0.44610557,0.3494179,0.54667497,0.5079312,0.72298974,0.6853871,0.49017024,0.4562892,0.5156935,0.37637585,0.34348884,0.7215091,0.55359745,0.64965457,0.3929395,0.4124542,0.35500082,0.39521796,0.41955978,0.6729605,0.63809943,0.38693228,0.32551682,0.5416387
495,0.6054471,0.763416,0.64533365,0.32412735,0.6686818,0.20345613,0.5619672,0.39282545,0.24174008,0.2160409,0.48288554,0.38617396,0.39286676,0.56240326,0.3492392,0.4934377,0.7970084,0.55545866,0.59678185,0.5365012,0.46670127,0.44937998,0.7455309,0.6843868,0.60951865,0.49897105,0.23764113,0.33693373,0.36793852,0.5619018,0.6957571,0.6632377,0.45313448,0.41088995,0.5779587
496,0.8250433,0.7439097,0.8130945,0.62760776,0.82399243,0.36636195,0.5562569,0.27688986,0.45391673,0.13576922,0.30820054,0.40090576,0.28613058,0.47813922,0.44176573,0.73608863,0.68031454,0.63949406,0.47194058,0.5498828,0.44622225,0.43106365,0.728087,0.65311086,0.5262699,0.359693,0.33685914,0.24475221,0.32206944,0.24925844,0.7048504,0.6509423,0.34274969,0.4003231,0.55826855
497,0.6979232,0.773043,0.68384266,0.41730508,0.82035685,0.45500118,0.5372476,0.2796618,0.60089695,0.3366016,0.46394032,0.46672782,0.2861487,0.50404745,0.57011044,0.8274361,0.64337873,0.50039804,0.38311404,0.5307941,0.36577493,0.32824215,0.73046535,0.5253263,0.58248484,0.3148586,0.48467746,0.29012868,0.3503984,0.27811742,0.68993247,0.6367318,0.29468948,0.2928815,0.5289866
498,0.6856049,0.8706649,0.66330975,0.1874888,0.8560098,0.21467634,0.5040674,0.2814539,0.40200195,0.20457569,0.6888038,0.31203285,0.36015123,0.6459093,0.3960263,0.7682003,0.8524458,0.45283717,0.43387204,0.41380438,0.28671405,0.20002857,0.82439345,0.66749454,0.8831946,0.37230512,0.24705061,0.3186366,0.26862696,0.6047629,0.764566,0.6831999,0.32412618,0.25523418,0.5072275
499,0.89361715,0.73098475,0.88016415,0.7437029,0.85000914,0.37836772,0.5547757,0.23743197,0.4669281,0.087809145,0.20408547,0.38904092,0.24287507,0.44785196,0.43896347,0.7565187,0.66190374,0.7016964,0.47499046,0.556754,0.46541986,0.4638153,0.73343277,0.69464046,0.4449249,0.34118974,0.33342248,0.20204481,0.28792992,0.16270718,0.71365863,0.65638137,0.3239254,0.42144126,0.56582916
500,0.73136854,0.7493315,0.69666415,0.41965002,0.70969194,0.7158454,0.48589188,0.21314105,0.8434107,0.45747676,0.22095044,0.62675846,0.16694148,0.48619264,0.765879,0.9470166,0.53237617,0.48779282,0.27762368,0.49348617,0.21908493,0.23227999,0.6991211,0.43707114,0.47525495,0.27178845,0.81163657,0.32360977,0.33000603,0.09781122,0.6425628,0.6347462,0.24384733,0.23177584,0.53379047
501,0.86945665,0.7697803,0.8621408,0.68402255,0.87898815,0.30194527,0.58815426,0.2454572,0.3565726,0.090550855,0.20486803,0.40052685,0.24361506,0.45015937,0.42247835,0.7334255,0.6900056,0.69907916,0.5291771,0.6008039,0.49754876,0.49032393,0.7647398,0.67254907,0.43711877,0.33368215,0.2908591,0.20285352,0.36219132,0.15771176,0.75555676,0.6863462,0.34218055,0.41703406,0.5932982
502,0.75593555,0.78345126,0.7398985,0.44604406,0.81138945,0.3336214,0.5317782,0.29384193,0.46259028,0.18895622,0.48145348,0.38054886,0.32855397,0.5464379,0.4271658,0.7378971,0.735413,0.5608506,0.44044524,0.4998602,0.37512892,0.31510454,0.7505988,0.6549006,0.6945573,0.37904668,0.31528828,0.291331,0.3002287,0.4066875,0.70760626,0.6526122,0.33509764,0.35295457,0.5351609
503,0.7743486,0.7949592,0.76244193,0.48436338,0.8504416,0.39128768,0.5453524,0.2623583,0.5218639,0.1955379,0.4261033,0.42522383,0.2784968,0.50660425,0.49204558,0.80399597,0.70447403,0.5582067,0.41386572,0.5281745,0.37769064,0.3512238,0.75710946,0.5915042,0.63213855,0.32461077,0.39096317,0.24837229,0.3143844,0.27249843,0.72527236,0.6590146,0.29779142,0.32085523,0.53616136
504,0.7306967,0.8325362,0.710462,0.32033533,0.84578264,0.26943076,0.52345026,0.2841091,0.4209559,0.18295547,0.5767536,0.3452664,0.33901635,0.5938856,0.40838462,0.7579527,0.8001397,0.51075584,0.44621667,0.4618527,0.33405814,0.26599243,0.7917161,0.6573641,0.78799176,0.37342572,0.27749687,0.29414344,0.2899628,0.49357992,0.7422953,0.6716613,0.33112127,0.3014874,0.52446043
505,0.5310192,0.77202994,0.5854913,0.22679612,0.6235474,0.1782684,0.55472076,0.41834435,0.22670905,0.23390388,0.5177802,0.37613386,0.41624317,0.58533156,0.33831972,0.46573082,0.8396803,0.5183286,0.63826865,0.529419,0.4610064,0.4528703,0.74490845,0.6691494,0.6519041,0.5397805,0.23663004,0.34716424,0.3935909,0.65078324,0.6826928,0.6580938,0.493159,0.39143237,0.5720284
506,0.6991626,0.8151234,0.6881136,0.31994945,0.80658436,0.27789956,0.52346504,0.3064446,0.41991934,0.20862767,0.574663,0.35391322,0.35398242,0.58975697,0.4049037,0.7192764,0.79078233,0.51280016,0.45555502,0.47277722,0.35227636,0.27590257,0.77660334,0.6605374,0.77465546,0.39175037,0.27883786,0.31463417,0.3005857,0.5122839,0.7226255,0.6608964,0.34649166,0.32311314,0.52709293
507,0.53261626,0.8470629,0.5913019,0.13023505,0.6911911,0.10784855,0.5484556,0.3837365,0.17353845,0.17363344,0.5871438,0.31521687,0.40727034,0.6370388,0.289627,0.47502065,0.91496515,0.49661177,0.6677087,0.50250334,0.42265648,0.39055935,0.8094476,0.7181079,0.7665075,0.53914845,0.16632973,0.315387,0.3437095,0.72612894,0.74248064,0.6934812,0.48421717,0.33846417,0.5698848
508,0.5501585,0.80342656,0.5990672,0.19089475,0.6547603,0.16204824,0.5426379,0.3963294,0.23560509,0.21563306,0.56763536,0.35329792,0.40668988,0.6070632,0.33238533,0.501141,0.86725366,0.50552046,0.61424804,0.507332,0.4251646,0.39849967,0.7745149,0.6854072,0.71639097,0.52637744,0.21658973,0.33862668,0.36550695,0.67430943,0.705147,0.67032397,0.46981263,0.36565733,0.56339365
509,0.5470462,0.6883646,0.5789145,0.2499377,0.3280851,0.79100907,0.47214884,0.26259574,0.86564875,0.6977879,0.15719914,0.7244433,0.18725403,0.56171703,0.87408227,0.9519459,0.3082474,0.50203264,0.3094737,0.5721057,0.15108258,0.11573447,0.662864,0.5002007,0.42895085,0.32766753,0.7725913,0.52181244,0.60166866,0.08806046,0.55087316,0.6831267,0.44719663,0.37218457,0.63654816
510,0.86708677,0.76595294,0.8511435,0.6502646,0.85703886,0.36785054,0.5440504,0.23494887,0.4887064,0.10355337,0.28826082,0.3781627,0.25063825,0.48297042,0.43374044,0.7840111,0.70361996,0.6605158,0.44804913,0.53339046,0.4176774,0.39785224,0.7557026,0.69429004,0.5467963,0.34183052,0.32079244,0.21085203,0.2678574,0.22744927,0.7262198,0.6623815,0.30814153,0.38157615,0.5504836
511,0.7365479,0.8517135,0.7912067,0.4106694,0.89512396,0.292171,0.62838614,0.22881696,0.3424217,0.18771414,0.25670522,0.49384946,0.184347,0.48079276,0.54661304,0.83025235,0.65742004,0.64320177,0.5285785,0.7521857,0.43782082,0.3261928,0.81634873,0.5353139,0.42420855,0.28432268,0.2982064,0.18907186,0.5198782,0.09436081,0.7945569,0.74189454,0.35002738,0.34754053,0.6450893
512,0.84554994,0.7808813,0.82822335,0.5885951,0.8552616,0.34799352,0.54016405,0.24176832,0.46749562,0.11473687,0.35417017,0.3736369,0.27028567,0.50689447,0.42578715,0.77197665,0.7189641,0.6313361,0.4430223,0.5189114,0.396813,0.36512664,0.7633085,0.69276667,0.5948075,0.34686446,0.30829486,0.22573714,0.26316756,0.28108713,0.73294246,0.6677003,0.30432984,0.36589882,0.5463473
513,0.8493637,0.78113294,0.8318058,0.5952977,0.8458487,0.4168294,0.53889436,0.24068825,0.5433775,0.13194463,0.37649843,0.41197124,0.26029068,0.49803132,0.45859075,0.8036626,0.6943234,0.62196994,0.39418846,0.5301409,0.37457758,0.3349523,0.7529255,0.6623782,0.6302551,0.33353454,0.35768062,0.22196022,0.25568762,0.2301199,0.72223294,0.66111326,0.27338436,0.3543814,0.53849804
514,0.6304109,0.83420724,0.62167954,0.20356318,0.78890586,0.2222925,0.514909,0.3287651,0.37937236,0.24851844,0.6478628,0.33705038,0.39228553,0.6243502,0.40225673,0.6912414,0.8304151,0.46049517,0.47255197,0.4403088,0.3374788,0.2625827,0.7860869,0.6460756,0.8267115,0.40716118,0.26649076,0.3518718,0.31096074,0.61897326,0.7261082,0.6623026,0.37220323,0.29517332,0.5195621
515,0.70563704,0.8405835,0.7060324,0.33610383,0.8709469,0.31177235,0.5564927,0.2724149,0.4684766,0.2292449,0.52943903,0.40275478,0.29116365,0.5408193,0.48761767,0.82420856,0.7512162,0.5036467,0.43405715,0.54334706,0.3741849,0.3089608,0.7965991,0.56623864,0.6868107,0.31846133,0.33578342,0.25625893,0.35967338,0.34020808,0.7572788,0.6802882,0.30599833,0.27526218,0.5375101
516,0.7299783,0.8372917,0.711908,0.3098454,0.84292734,0.26971668,0.51728225,0.2811409,0.43047976,0.18517861,0.59614295,0.3408863,0.3394386,0.6017868,0.40317553,0.75909346,0.806627,0.5095343,0.43502727,0.4567276,0.3250828,0.24355868,0.7959443,0.67217046,0.80877763,0.37383628,0.26895514,0.2987132,0.27442637,0.50669146,0.74306375,0.67258644,0.3228556,0.30019745,0.5208464
517,0.80589694,0.783808,0.7903165,0.53007174,0.8423414,0.34301406,0.53791183,0.26207703,0.47014284,0.14771518,0.4032546,0.37806487,0.29050812,0.51952755,0.4311916,0.76508796,0.7274128,0.5997899,0.44044647,0.5097211,0.390238,0.35192928,0.7603091,0.67032135,0.6335905,0.35305795,0.3154077,0.25167015,0.28152886,0.32393518,0.7244156,0.66135997,0.31470713,0.35718727,0.54034173
518,0.65957856,0.83158284,0.735393,0.4425288,0.93042487,0.25286752,0.6569809,0.27580082,0.3176433,0.25358623,0.30586994,0.48062682,0.22272298,0.42534932,0.524837,0.785333,0.6410227,0.5894903,0.5494059,0.7519793,0.5506282,0.4670307,0.80003947,0.4706834,0.32620358,0.25608826,0.32898384,0.20273975,0.5497239,0.11607957,0.7860628,0.7139694,0.3349758,0.33213753,0.6200102
519,0.78514457,0.8357382,0.810979,0.38949388,0.7040054,0.4255267,0.56638116,0.20175438,0.47879267,0.2122862,0.18025047,0.56019,0.16232911,0.55463016,0.6116581,0.87049294,0.59393626,0.68291456,0.44004226,0.70901406,0.27159697,0.18295312,0.79909503,0.6334076,0.5359365,0.3172961,0.35858187,0.25208133,0.46642917,0.07564797,0.75171846,0.7529968,0.3747757,0.3921384,0.668102
520,0.8853814,0.74829376,0.8726388,0.72457564,0.86827624,0.31414607,0.58373636,0.2506642,0.35839218,0.09898019,0.21019736,0.4032022,0.25453225,0.44605094,0.42183942,0.7085763,0.6717164,0.71206266,0.5125858,0.58161867,0.5014606,0.49625093,0.7513738,0.6947824,0.4197453,0.33700818,0.2917105,0.21996272,0.33329886,0.15711154,0.745813,0.6806601,0.33118415,0.4397214,0.59420073
521,0.8181615,0.79108053,0.80055225,0.5243646,0.84639007,0.3189742,0.5364288,0.25755614,0.44730973,0.13033529,0.40241033,0.35925946,0.29031116,0.53201467,0.4099678,0.7591812,0.7441559,0.61161286,0.44938773,0.5119,0.38730556,0.3355984,0.77081937,0.69606656,0.6460024,0.36642408,0.28417265,0.24556565,0.27065784,0.34658533,0.7322749,0.66697234,0.3223458,0.36066803,0.5438355
522,0.6376647,0.8499392,0.7027582,0.3390642,0.91047317,0.19664344,0.6387297,0.29787564,0.23951991,0.15513574,0.351157,0.4254856,0.27019623,0.49041948,0.41920727,0.715782,0.77415735,0.56920487,0.61873883,0.6661835,0.4878985,0.47287846,0.8080079,0.51879257,0.55208963,0.35049897,0.2591178,0.21944518,0.5217052,0.24100503,0.79138136,0.71456623,0.40774387,0.32530183,0.604509
523,0.6777214,0.8361818,0.6581237,0.25035155,0.82309103,0.25346857,0.5146444,0.30709136,0.41824222,0.23043056,0.63514316,0.34267384,0.3702723,0.61239165,0.4144002,0.7400904,0.8107295,0.47480124,0.44377232,0.4429316,0.32448834,0.24603216,0.7895757,0.64267313,0.8306297,0.38267395,0.282053,0.332709,0.30179757,0.5598656,0.7335659,0.6647209,0.34366846,0.29251128,0.5169227
524,0.5660713,0.68641937,0.5921496,0.2560506,0.3732232,0.8414483,0.46315128,0.24474454,0.9071519,0.7314161,0.14137413,0.7440606,0.17079353,0.54036486,0.89454985,0.967933,0.2882157,0.48927236,0.2800702,0.5587276,0.14153154,0.11317645,0.6489521,0.47631627,0.40399212,0.3341339,0.83754385,0.51322997,0.5578412,0.07165973,0.546584,0.676282,0.41493803,0.32767832,0.62827873
525,0.69694793,0.7252637,0.67180204,0.31912392,0.6620203,0.88089734,0.44731718,0.19389465,0.9538137,0.65579635,0.16736588,0.7368957,0.13289952,0.50169504,0.88766116,0.98532856,0.36456412,0.46131533,0.21042962,0.49461013,0.13543214,0.11994593,0.66324425,0.39007917,0.45268863,0.2824455,0.9262847,0.40132776,0.36186373,0.0501369,0.57984555,0.6341022,0.24471276,0.22398248,0.5584005
526,0.7670225,0.76361966,0.76053566,0.52276677,0.8129738,0.3509542,0.5550043,0.30085412,0.44754624,0.17255189,0.399647,0.40437764,0.31526962,0.5071495,0.43947512,0.72692966,0.70450383,0.59068775,0.4679769,0.5415708,0.42207026,0.3899014,0.7331587,0.62532306,0.61146355,0.37273532,0.33198133,0.2729998,0.34041542,0.32352042,0.70312756,0.6503239,0.35172415,0.37644547,0.5508091
527,0.83470803,0.79802775,0.8214266,0.5660199,0.8582489,0.3426427,0.5356865,0.23616321,0.4812224,0.122176684,0.3747264,0.36258087,0.26456124,0.5175561,0.41611776,0.7879354,0.74370265,0.633427,0.42934018,0.51540744,0.37971586,0.32981956,0.77659667,0.706869,0.6431853,0.34872907,0.28897452,0.22338536,0.24397011,0.29641932,0.7391256,0.6717868,0.2969603,0.3554694,0.541443
528,0.64651763,0.87062913,0.6347469,0.15839684,0.83807737,0.17732605,0.5115271,0.30536655,0.3382085,0.21089987,0.69055575,0.30165428,0.38590294,0.6531763,0.3766868,0.70980847,0.87008476,0.4492828,0.47900137,0.41920453,0.30399418,0.21645693,0.821116,0.6660527,0.8855506,0.39795297,0.2245284,0.33493036,0.28601277,0.657241,0.7562753,0.6816797,0.3603442,0.26531643,0.5168801
529,0.70733565,0.8356493,0.6895995,0.29343304,0.8429203,0.25020942,0.52032506,0.29097152,0.4064907,0.19511053,0.5909704,0.3349612,0.35084444,0.6025671,0.4040286,0.74319565,0.81083965,0.49896613,0.45470452,0.45122153,0.33110017,0.26217833,0.79482263,0.6570838,0.7993782,0.37868065,0.27014577,0.30613706,0.29062572,0.530186,0.740777,0.67003435,0.34090468,0.2972818,0.5222362
530,0.851161,0.7927946,0.8341962,0.58636,0.85839427,0.34574112,0.54510814,0.2428653,0.46638107,0.10976441,0.36140767,0.3742682,0.2681114,0.5128567,0.4129057,0.7774958,0.7336623,0.639027,0.43531793,0.5304001,0.39142337,0.34384364,0.76921475,0.702029,0.62979996,0.35236263,0.29004174,0.22257666,0.2563213,0.28154346,0.7378779,0.6718173,0.30087656,0.36530772,0.5482642
531,0.7895715,0.8208827,0.77109414,0.43682903,0.861004,0.29818815,0.52098835,0.24766283,0.46323442,0.14861244,0.4779159,0.33925778,0.29316586,0.56392854,0.40614122,0.78704137,0.782641,0.57406855,0.42872542,0.47469863,0.34713766,0.2831722,0.795743,0.70318305,0.7209735,0.3580801,0.27195606,0.25542745,0.24827874,0.40966725,0.747554,0.67394346,0.30608392,0.32250503,0.5279093
532,0.8102884,0.8435253,0.8477314,0.50201404,0.86507034,0.26886004,0.6186341,0.23783498,0.29522237,0.1221471,0.26366097,0.47970015,0.19699974,0.5027362,0.46409565,0.76646835,0.67804277,0.69925296,0.5033528,0.7338606,0.42969123,0.31460977,0.8135317,0.6244699,0.47704005,0.32388124,0.23974463,0.1910024,0.4184823,0.11383957,0.79483294,0.74397707,0.34071237,0.40125617,0.65330875
533,0.69724303,0.88044107,0.78181785,0.37998828,0.9588679,0.24698046,0.6695102,0.21184258,0.32380405,0.21334703,0.26143688,0.49247608,0.15781543,0.4317344,0.57190835,0.86798525,0.6617807,0.6136295,0.5637105,0.80425376,0.51370114,0.37835976,0.8459875,0.45730677,0.31906444,0.22192034,0.3100596,0.15061006,0.5840577,0.062358655,0.8294654,0.7565397,0.31476912,0.2932293,0.6487423
534,0.6323043,0.8402525,0.6265597,0.20102313,0.8059012,0.21005368,0.5116221,0.3179633,0.36066747,0.24493107,0.67334545,0.31937608,0.3865738,0.6355582,0.3922333,0.69585806,0.8304812,0.4562851,0.46979266,0.43550736,0.33076143,0.24319391,0.7972252,0.6614474,0.8242649,0.39687452,0.24562688,0.3465249,0.29880995,0.6357139,0.73595136,0.6696509,0.362604,0.28766173,0.5183991
535,0.64118063,0.8261504,0.6342725,0.23213807,0.78757626,0.24420547,0.5157384,0.32744223,0.3976775,0.24625485,0.63633645,0.34426302,0.38465095,0.6138018,0.4069747,0.69721466,0.8176607,0.4707194,0.46289164,0.44982237,0.34200144,0.26612523,0.77988255,0.6407126,0.8196901,0.40216398,0.2764191,0.34530652,0.31173295,0.5919326,0.71874315,0.6578368,0.36628142,0.30484456,0.5201097
536,0.77594084,0.79565954,0.7614612,0.4872833,0.8404126,0.35380465,0.5522376,0.2686329,0.46750265,0.17249617,0.40195447,0.41296205,0.28424436,0.5111617,0.46687102,0.7869381,0.71749836,0.5735526,0.4478159,0.5381163,0.3962021,0.37200466,0.7617281,0.6097046,0.620182,0.33727714,0.35320026,0.25038248,0.33615932,0.28370437,0.73325956,0.66739565,0.32111695,0.33629885,0.548319
537,0.65251285,0.86070555,0.7405799,0.4191343,0.96106803,0.24143179,0.6840024,0.24197903,0.33138105,0.27568498,0.2786148,0.49128962,0.18373749,0.39314145,0.5790646,0.8537428,0.63087136,0.5770143,0.55111456,0.7943706,0.5777153,0.4736235,0.8279689,0.42068583,0.25576708,0.20205176,0.35200447,0.16345975,0.5819122,0.06964765,0.8144189,0.73124784,0.2980498,0.28158015,0.6263236
538,0.78052723,0.80933416,0.7620942,0.44609252,0.8434124,0.38392305,0.5269642,0.25348565,0.5381974,0.17374976,0.47527027,0.4012689,0.2839426,0.53717744,0.46936256,0.81959087,0.73308647,0.5489564,0.39409918,0.49887055,0.33925784,0.29744583,0.77095646,0.627065,0.7109899,0.33441913,0.3619753,0.2492979,0.27779707,0.3193049,0.7308682,0.66293895,0.28470188,0.3074149,0.5245312
539,0.85643613,0.78089637,0.8399531,0.6072017,0.8561163,0.36614364,0.5427009,0.24107862,0.49121937,0.10972402,0.345167,0.37868786,0.26222432,0.5026778,0.42229947,0.7819668,0.71919394,0.6426567,0.43206835,0.5304076,0.39642495,0.35712218,0.76136553,0.69566363,0.60854894,0.3489107,0.3070359,0.21845785,0.2585444,0.2644817,0.7288474,0.66485155,0.29882812,0.37076294,0.54526407
540,0.7416483,0.81506664,0.72257537,0.37891886,0.8353032,0.3086801,0.52441025,0.28090802,0.46071544,0.18967974,0.53226656,0.365259,0.32833245,0.56767046,0.4319354,0.76692045,0.7687059,0.5270283,0.43001586,0.4734901,0.34745955,0.29096377,0.7764598,0.6479901,0.7420159,0.36279026,0.30766088,0.2896505,0.28798842,0.4381272,0.73158723,0.66364944,0.32071087,0.31337014,0.5245093
541,0.8281807,0.79726136,0.8099414,0.5313548,0.8492506,0.3650146,0.53529024,0.24902979,0.49722582,0.13555577,0.4246265,0.38577628,0.27939275,0.5271043,0.43053928,0.786725,0.72914714,0.6040865,0.412,0.51439965,0.3665473,0.31055555,0.7679614,0.68122876,0.6719164,0.34759444,0.31504092,0.23920326,0.25714678,0.3078286,0.7320205,0.6679885,0.2884339,0.3473394,0.53805244
542,0.8090277,0.78412116,0.79301107,0.526476,0.83843076,0.33379677,0.5358374,0.26321226,0.46237072,0.13978462,0.40424937,0.36683446,0.29292202,0.52823913,0.41635782,0.75703156,0.7364733,0.60504425,0.44416308,0.51017106,0.38759992,0.3386498,0.76225626,0.68754345,0.6437756,0.3647504,0.2972291,0.25195557,0.2734887,0.34590775,0.7228331,0.6609609,0.321662,0.36100754,0.5400607
543,0.83783567,0.7504365,0.8225042,0.6152353,0.8159916,0.40180808,0.54665524,0.2712371,0.5058798,0.13789469,0.35379553,0.41108936,0.28443772,0.49006963,0.44486016,0.7572305,0.67777187,0.6320583,0.43009204,0.5437183,0.41206065,0.37300497,0.72752196,0.6632811,0.5842041,0.36013943,0.34468108,0.24531229,0.28812367,0.25401744,0.69943887,0.6494524,0.31440526,0.39070225,0.54800236
544,0.8067137,0.7684258,0.79057133,0.5396184,0.81651604,0.36612403,0.54481524,0.2837038,0.4752512,0.15437527,0.4089375,0.396218,0.30377978,0.51634276,0.42634946,0.7442373,0.71113575,0.60654825,0.4415233,0.5324415,0.40021977,0.34711906,0.74089277,0.66578805,0.64094603,0.37465376,0.3180403,0.26336122,0.29910022,0.32206112,0.7064799,0.65295094,0.32745513,0.3786896,0.54587567
545,0.5170928,0.82860076,0.5846814,0.13755338,0.65079224,0.10698144,0.5538813,0.4011888,0.16008171,0.17633261,0.55292565,0.33285317,0.41104808,0.6229507,0.28672618,0.44170398,0.9130188,0.5077568,0.68792903,0.5170671,0.4449605,0.43113422,0.79537797,0.71921587,0.7223362,0.56079274,0.17290029,0.31928596,0.3592587,0.7190217,0.7293223,0.6880801,0.50244355,0.3598289,0.5766796
546,0.84924805,0.7842065,0.8373438,0.6093186,0.8647227,0.33218575,0.54811275,0.23925725,0.45147458,0.104659595,0.31704465,0.36672387,0.2601487,0.4987765,0.41555366,0.77208614,0.72926015,0.65288377,0.45926324,0.5320797,0.41322175,0.38160422,0.76875937,0.7016064,0.5792426,0.34800452,0.28957787,0.21683466,0.26936013,0.26352993,0.73846173,0.6712276,0.3155184,0.37339443,0.5525317
547,0.81415683,0.86667806,0.8554346,0.45157164,0.8504499,0.28875685,0.6119463,0.19673443,0.3241306,0.13174553,0.22080927,0.50692344,0.15784681,0.5336913,0.5162674,0.82598513,0.66483897,0.7258104,0.4842166,0.7676609,0.34686336,0.22050524,0.8313575,0.64769185,0.5033922,0.30805868,0.2277236,0.17524604,0.42406827,0.07179035,0.8096609,0.7670585,0.34102473,0.4055255,0.67953527
548,0.7558641,0.806828,0.73970515,0.4060523,0.8257197,0.30306798,0.52581763,0.28166234,0.44487828,0.1784209,0.51113075,0.36019585,0.32453257,0.56942296,0.40832457,0.7456254,0.7678939,0.55442125,0.43660823,0.48491392,0.35547796,0.28113997,0.7750061,0.68125474,0.73398185,0.3794229,0.28342566,0.2877707,0.27830282,0.44379115,0.7263152,0.66429913,0.32551724,0.3359029,0.53236353
549,0.7125091,0.8361718,0.69593513,0.2980555,0.8337682,0.2625048,0.5141321,0.28696686,0.4287992,0.20010415,0.5995932,0.33715528,0.346478,0.60550463,0.40309697,0.74857473,0.81110823,0.5041145,0.43420988,0.4500292,0.32604066,0.2454249,0.79599345,0.6719879,0.81160676,0.377741,0.26790255,0.30917582,0.2748069,0.5287158,0.73907685,0.6694241,0.32814223,0.3002595,0.51883346
550,0.7461127,0.82234097,0.7300974,0.35441405,0.8382772,0.30554968,0.51849455,0.27660677,0.46320218,0.18524802,0.5674561,0.35370344,0.32473132,0.58479816,0.40975165,0.7699553,0.7832489,0.5269478,0.42039213,0.46893102,0.33256698,0.25305066,0.7869652,0.6740317,0.78361815,0.37005606,0.2813034,0.29006106,0.273889,0.46273303,0.7349361,0.6668419,0.31252757,0.31365433,0.5200721
551,0.69852245,0.80794287,0.687364,0.34565562,0.8105275,0.30371618,0.53497946,0.31356055,0.43587333,0.22035432,0.54860675,0.3799012,0.35048187,0.5682548,0.4316483,0.73560685,0.76611793,0.515489,0.45520443,0.49423394,0.36487952,0.30264133,0.7642173,0.6174575,0.75446546,0.38431373,0.31146187,0.31133932,0.33574846,0.46041232,0.71725553,0.6573534,0.35375726,0.32584172,0.5325414
552,0.6642052,0.7690996,0.6883387,0.38877,0.7187649,0.2111731,0.5640503,0.36457205,0.24373314,0.20473035,0.4801178,0.3784932,0.37399182,0.5579375,0.35296196,0.5245041,0.7745756,0.57874095,0.56049937,0.5356825,0.46342477,0.41566348,0.7575717,0.700315,0.60219467,0.45696092,0.22598834,0.32827747,0.33833775,0.5105717,0.71312267,0.67315066,0.41513926,0.41666573,0.58338314
553,0.57863086,0.6633866,0.5849924,0.2824269,0.42422527,0.8509722,0.46251956,0.26510537,0.9274043,0.7291568,0.15493773,0.74527234,0.18676716,0.52692735,0.8905393,0.9682983,0.2910672,0.48539194,0.27976117,0.5474703,0.15478286,0.121954046,0.6180897,0.44575596,0.40654355,0.3449206,0.8780786,0.5150777,0.5189722,0.076542266,0.5315046,0.650242,0.3797473,0.33396372,0.6132313
554,0.66198236,0.8739894,0.64043134,0.15309648,0.8443874,0.18453243,0.4961474,0.29030955,0.37261486,0.21875787,0.71552116,0.29515487,0.37904996,0.6638807,0.38150996,0.7385868,0.8696557,0.44153705,0.4399035,0.3975385,0.28330773,0.18526499,0.827831,0.68461245,0.90078783,0.38202733,0.22849317,0.34110045,0.25946385,0.6657392,0.7614234,0.6821092,0.3349689,0.25614408,0.5049602
555,0.86247206,0.7438758,0.8483127,0.6728908,0.83235246,0.4133133,0.5469917,0.24879673,0.52121574,0.11758916,0.27992535,0.41102743,0.2562879,0.46742803,0.4596072,0.7765925,0.6662359,0.65484524,0.43456095,0.5453778,0.4215521,0.40556413,0.728498,0.6638684,0.52077717,0.34389323,0.36650226,0.21822803,0.27931678,0.20244813,0.7021209,0.65002877,0.30820867,0.3892317,0.5507892
556,0.77161,0.81512105,0.7527432,0.4122633,0.8482758,0.3004093,0.5222203,0.2649827,0.45905843,0.16352907,0.5048672,0.3480431,0.3106789,0.56879336,0.40887055,0.7704586,0.7772764,0.55541503,0.43105078,0.47484666,0.34863296,0.28354523,0.7857928,0.68603045,0.73420274,0.36529246,0.28142554,0.2727522,0.26598364,0.43177003,0.7371434,0.66753876,0.3147306,0.32455882,0.52655727
557,0.76665384,0.81577796,0.74692845,0.40152383,0.8472419,0.30921495,0.52512586,0.27006322,0.46419019,0.1666804,0.51304704,0.35675988,0.31323728,0.5673161,0.41831177,0.7761263,0.77365243,0.54596937,0.43169037,0.4789908,0.34851927,0.28641576,0.78289235,0.6673497,0.7398764,0.3636334,0.2936179,0.2732774,0.27866584,0.42462263,0.735887,0.66649896,0.31603655,0.31994712,0.52636385
558,0.69238174,0.76675403,0.7071365,0.40567318,0.7317894,0.21763912,0.5639385,0.35326028,0.25482172,0.19325963,0.46308303,0.3856232,0.36600274,0.5514704,0.3627735,0.54378223,0.76445293,0.5845661,0.54869795,0.5314131,0.45384532,0.4135182,0.75759995,0.7029309,0.5878695,0.4464961,0.23422389,0.32431304,0.33298987,0.48013264,0.71895015,0.67535585,0.40239406,0.4122581,0.5812212
559,0.857113,0.75404364,0.84320086,0.6556951,0.83607996,0.38399416,0.5517475,0.25470293,0.48206067,0.11317749,0.29827362,0.39822227,0.26671982,0.47736964,0.4368019,0.7619678,0.68554544,0.656793,0.44910422,0.5510806,0.42730975,0.4061978,0.7370668,0.6741706,0.546416,0.3528434,0.33162135,0.22160459,0.28649443,0.22349921,0.7123202,0.65608424,0.3189352,0.39511186,0.55476516
560,0.8114611,0.7852658,0.81666076,0.5981792,0.8778987,0.27107278,0.6009861,0.27012986,0.31344903,0.11029259,0.25034222,0.40947977,0.2664954,0.46416688,0.41536433,0.70952475,0.7129724,0.6655828,0.55289954,0.6077398,0.49677342,0.4939757,0.7690078,0.64102393,0.47706518,0.34903592,0.2794084,0.22161146,0.4008333,0.19555742,0.7614394,0.69087017,0.3648161,0.4030551,0.5969559
561,0.67074823,0.88564175,0.65035635,0.1426067,0.85792935,0.17358574,0.4964332,0.28014922,0.3601588,0.19953212,0.7252733,0.284975,0.37080264,0.6730705,0.37096563,0.7485722,0.88290244,0.43987378,0.44314796,0.39467317,0.27556363,0.17708977,0.8404684,0.69374925,0.9104279,0.37926948,0.2126199,0.32785627,0.25101766,0.67110217,0.77453905,0.6908883,0.32923403,0.24525991,0.504485
562,0.69038737,0.85217917,0.73678476,0.37900487,0.9072029,0.2094306,0.63341707,0.2810936,0.23730874,0.12449292,0.3214116,0.42170462,0.2558664,0.49339572,0.41255173,0.7319367,0.7725903,0.6009023,0.6060358,0.6692055,0.47682062,0.44982594,0.81188667,0.5404095,0.56405467,0.35037953,0.24875703,0.20594423,0.5074719,0.21983206,0.79691535,0.7215394,0.3986645,0.3348371,0.61046255
563,0.8495811,0.79169154,0.83288115,0.58290017,0.85418016,0.35035104,0.5403236,0.24174078,0.47551456,0.11554942,0.37468654,0.37287828,0.2697288,0.51587534,0.41366673,0.7763926,0.7313799,0.6390418,0.42668265,0.52469873,0.38536137,0.33,0.76903474,0.7089941,0.6376493,0.35232744,0.28968793,0.22718067,0.24666727,0.28794372,0.73581326,0.6712562,0.2953605,0.36637226,0.54589427
564,0.6082433,0.7845908,0.66072047,0.31098554,0.65943784,0.16165319,0.5650099,0.3860823,0.18691063,0.17866823,0.48049745,0.37062827,0.38093397,0.57344055,0.31555375,0.46018687,0.82935846,0.5748782,0.6238843,0.5449706,0.4687268,0.4450636,0.7745081,0.72348857,0.6138792,0.5196541,0.19616565,0.31769082,0.34986687,0.5810052,0.7178422,0.68569213,0.45639592,0.41803423,0.5939888
565,0.8870829,0.7686492,0.8776023,0.71158934,0.8826647,0.30287218,0.5858314,0.23587628,0.35646647,0.0796005,0.19124527,0.39301848,0.23615198,0.44646627,0.41741925,0.736802,0.6889528,0.7152731,0.52725285,0.60066414,0.49852523,0.48859057,0.76754177,0.69049203,0.4281959,0.3318354,0.28301328,0.1926234,0.3443734,0.1459938,0.7593271,0.6887159,0.33477715,0.4230485,0.5955442
566,0.7390688,0.84194565,0.71951675,0.32507208,0.8550685,0.26481166,0.5124771,0.2652501,0.43780485,0.17934003,0.57688916,0.33001852,0.32655007,0.59942734,0.40329447,0.77366924,0.8119111,0.5169192,0.42630845,0.44714278,0.31906676,0.24424012,0.8049286,0.68446946,0.7988046,0.36265972,0.2649015,0.28853676,0.25629467,0.4964984,0.7514316,0.67583764,0.3120975,0.2933002,0.51655734
567,0.716575,0.81691945,0.70178294,0.3487923,0.8307568,0.28787643,0.5330781,0.29820773,0.42727083,0.20087966,0.54176986,0.36635038,0.34018913,0.571614,0.42651612,0.7488924,0.7770196,0.5193759,0.45696813,0.48221582,0.3602231,0.3061083,0.7778617,0.6310531,0.74986684,0.37517682,0.29822487,0.29974025,0.32161635,0.45509997,0.7317727,0.66448605,0.3444543,0.31753486,0.5312111
568,0.58429873,0.78780097,0.62477225,0.2574436,0.6723553,0.17493226,0.5538316,0.39266795,0.2234364,0.21322122,0.52889717,0.36316317,0.40152454,0.58883977,0.33475196,0.48998028,0.83406466,0.5311335,0.6120223,0.5218245,0.44875425,0.42043096,0.7643096,0.69048256,0.66557705,0.5093807,0.21868543,0.33753464,0.36309928,0.61866903,0.7064997,0.66972643,0.4610383,0.38703966,0.5727736
569,0.9164359,0.7527627,0.903765,0.7681709,0.87911093,0.35008925,0.56277275,0.21271399,0.4317905,0.0687653,0.18092433,0.37786907,0.22041328,0.44137985,0.42449465,0.76689595,0.6785004,0.73112375,0.4852342,0.56617826,0.4719631,0.4681851,0.75896597,0.72333837,0.43123156,0.3262672,0.30035728,0.17796218,0.27250054,0.13346854,0.74424124,0.67665493,0.30620956,0.42187566,0.57790434
570,0.76457214,0.8219327,0.7482697,0.39589542,0.8428234,0.31409773,0.522682,0.26801533,0.4653334,0.17051692,0.5364753,0.3618016,0.31553045,0.57075423,0.41942245,0.7726585,0.7742464,0.54308426,0.41802797,0.47709244,0.33833617,0.26888725,0.78420156,0.6709752,0.7596397,0.36001223,0.29189676,0.27608848,0.26444212,0.42343202,0.737905,0.6702256,0.30448565,0.31564358,0.52444756
571,0.6569427,0.8133007,0.6384967,0.24413852,0.7850886,0.33929425,0.5084532,0.30148873,0.50264275,0.30754763,0.59356624,0.3916368,0.34681186,0.60080254,0.48723787,0.78821933,0.74285007,0.45882073,0.41370893,0.4549974,0.30461314,0.23560843,0.7680731,0.6061194,0.7736286,0.37318707,0.36304727,0.34979934,0.3286117,0.49977607,0.7082373,0.6575104,0.34499878,0.2797596,0.51938665
572,0.90855473,0.75812346,0.8956501,0.7354142,0.8587843,0.39557257,0.5482229,0.21725067,0.5106355,0.075513564,0.23296022,0.3822921,0.22580548,0.46207935,0.4282151,0.7925948,0.6868702,0.7086075,0.4344713,0.5545993,0.42463955,0.39552903,0.751815,0.72404253,0.5129938,0.3382032,0.3122809,0.18313341,0.23600307,0.16674635,0.7264838,0.6652852,0.28984895,0.40081173,0.55658257
573,0.60945505,0.8086689,0.6697725,0.37564212,0.8858576,0.2422442,0.62944704,0.32451433,0.3010848,0.24440137,0.36522436,0.4505015,0.2937233,0.47006384,0.46565604,0.7059208,0.7088335,0.5485872,0.5823261,0.65821815,0.5070864,0.48687452,0.7701075,0.50118536,0.4730836,0.34007853,0.31898862,0.2582189,0.5178509,0.2465454,0.7523845,0.68662345,0.39895153,0.34149545,0.59307206
574,0.79367644,0.81165296,0.7778252,0.46001738,0.84533626,0.2975883,0.5298268,0.2611103,0.42991227,0.13895567,0.47031483,0.35029626,0.3052627,0.56087625,0.39883098,0.7525736,0.76951504,0.5811635,0.43999833,0.49249792,0.36306575,0.2960724,0.7830521,0.702563,0.7026515,0.36671284,0.26750046,0.26176265,0.25586504,0.40622377,0.74084884,0.674364,0.31446522,0.33864206,0.5367357
575,0.8191578,0.79741126,0.8006743,0.5193547,0.85079575,0.33235812,0.5341566,0.25255108,0.47229806,0.13485947,0.41394576,0.36470255,0.28453356,0.5344033,0.41444635,0.77564114,0.7469439,0.60633075,0.43111888,0.5064032,0.37531275,0.31993064,0.773781,0.69576037,0.66575897,0.35816616,0.29132217,0.24476495,0.25980818,0.342379,0.73389757,0.6674751,0.3065333,0.3510098,0.53860015
576,0.7151061,0.7634862,0.72384804,0.45700303,0.758818,0.23030122,0.57100236,0.3414678,0.26362905,0.19428656,0.44292554,0.3913795,0.3577011,0.53815633,0.372924,0.5648368,0.74052763,0.6019812,0.5265909,0.5391715,0.4631718,0.41181892,0.75537074,0.7000502,0.56447846,0.41775924,0.23731685,0.32197717,0.3258801,0.43443617,0.7241768,0.6769881,0.3822763,0.42084622,0.586076
577,0.61263525,0.7039506,0.60670817,0.29238564,0.44477445,0.79606307,0.46898612,0.25502485,0.8912376,0.6455132,0.16793418,0.71382654,0.1815777,0.53448516,0.8582307,0.95828533,0.37930733,0.4754866,0.28048518,0.527434,0.16191952,0.1437115,0.6648117,0.45002753,0.44744968,0.31240743,0.83919394,0.4808721,0.48668623,0.08767903,0.5786643,0.6589015,0.353844,0.3017647,0.59160876
578,0.77740526,0.79921496,0.7616768,0.46325994,0.8396555,0.31904203,0.5274726,0.26579803,0.46810928,0.16567662,0.4532126,0.3563785,0.30307332,0.5458976,0.41819462,0.76802856,0.7573823,0.57979774,0.43945456,0.49124965,0.3689305,0.31322664,0.77398,0.6815356,0.6915181,0.36720353,0.29352382,0.26407224,0.2737546,0.3905666,0.7277668,0.6619422,0.32190377,0.34212592,0.5327922
579,0.5443038,0.6872128,0.57021636,0.2246099,0.3027053,0.83560926,0.46089014,0.24949273,0.90729874,0.7332138,0.12767904,0.762107,0.16533527,0.56698143,0.9062573,0.9683994,0.26831517,0.4993353,0.28382522,0.5733358,0.12482903,0.089647606,0.6573535,0.48478928,0.41271034,0.31533742,0.8330406,0.53854144,0.6091012,0.0640275,0.5394209,0.6917997,0.43435135,0.3686455,0.6485981
580,0.7144753,0.8410835,0.6947737,0.28355157,0.8402926,0.29067838,0.5171846,0.28331444,0.4657425,0.20558819,0.6164643,0.35753864,0.33579612,0.59899205,0.43160382,0.78870076,0.79874766,0.48771805,0.42068225,0.45833668,0.31602862,0.24107066,0.7967266,0.6385306,0.8224535,0.36665788,0.29586634,0.29744488,0.29176673,0.48940992,0.74431413,0.6713797,0.31568694,0.28197533,0.51603407
581,0.9068934,0.89465886,0.9271116,0.6249086,0.9289428,0.19488518,0.6510208,0.18093966,0.18803981,0.056881987,0.2079446,0.4399895,0.14326051,0.50029105,0.35741347,0.7798836,0.74278754,0.794146,0.50364554,0.7826928,0.44575444,0.29797673,0.8737729,0.7317672,0.4948078,0.30294982,0.14852612,0.10931542,0.30556214,0.06547646,0.8644222,0.7965427,0.27338788,0.39918151,0.6926147
582,0.8115469,0.7841482,0.7967911,0.5401268,0.8462365,0.36040336,0.5406066,0.25635847,0.48872167,0.1386402,0.38551697,0.38505334,0.2791388,0.51023674,0.4439082,0.7852618,0.7223768,0.60077906,0.44007963,0.5196337,0.39013872,0.36162987,0.7578019,0.65340984,0.62417763,0.34727785,0.33161855,0.23541155,0.2877418,0.2923855,0.7244735,0.66044396,0.31297988,0.35004982,0.5399418
583,0.8331014,0.7707201,0.8173479,0.5959922,0.83673316,0.4060575,0.5454882,0.25490522,0.51781845,0.13984634,0.36557055,0.41448814,0.2726882,0.49078423,0.45769423,0.7846886,0.6885966,0.6179968,0.41752014,0.5371375,0.39497167,0.36660734,0.7411727,0.6478973,0.6041093,0.3403526,0.35813242,0.2306771,0.28115064,0.23860204,0.7140416,0.6563216,0.2955928,0.36504957,0.5433375
584,0.83363503,0.76407087,0.8176386,0.59123796,0.8266772,0.3657188,0.54328775,0.2641438,0.48149878,0.13220027,0.35645843,0.38691425,0.28280735,0.5054127,0.4242383,0.7560704,0.7060568,0.63383085,0.4389239,0.53225964,0.4057579,0.35946387,0.7452539,0.6883338,0.59927154,0.36587965,0.31262383,0.24364915,0.2759029,0.29136854,0.7121128,0.65619457,0.3188259,0.38364443,0.547816
585,0.8933522,0.7369326,0.8793809,0.73246354,0.8426593,0.39408034,0.553054,0.24091418,0.49399108,0.085765205,0.22566518,0.38987637,0.24535897,0.45784408,0.43069205,0.7629527,0.6726723,0.69509536,0.45475143,0.5587738,0.44544053,0.43250427,0.7319252,0.6987961,0.48899183,0.35012633,0.32726312,0.20111918,0.27100462,0.18341817,0.7073991,0.65234715,0.31695384,0.41494757,0.55764323
586,0.70940125,0.83195513,0.69528294,0.3089982,0.8309976,0.2552318,0.51659876,0.28821772,0.40905303,0.19263649,0.5818086,0.33430657,0.34823278,0.6005915,0.40141314,0.7369158,0.80828696,0.507438,0.44950747,0.45372462,0.3347221,0.2627451,0.7922803,0.670183,0.78972095,0.37880832,0.26736525,0.30588695,0.27780443,0.5249842,0.7380336,0.66942996,0.33734387,0.30393592,0.52212656
587,0.86668694,0.76356727,0.8540412,0.6565053,0.8506792,0.38421085,0.5449735,0.23778804,0.5052921,0.103736974,0.29303244,0.3841399,0.2503415,0.48132387,0.43239895,0.78429353,0.6994883,0.66254795,0.43806997,0.5394899,0.41325784,0.3862141,0.7499277,0.6938514,0.5584539,0.34592396,0.32173237,0.20891449,0.26114702,0.22409502,0.7192213,0.6589271,0.30373335,0.3834781,0.5477786
588,0.85285205,0.77329034,0.8403238,0.6372899,0.85721385,0.38582096,0.5502228,0.23795037,0.5013836,0.115184985,0.30015698,0.3951699,0.24882774,0.47966403,0.4450237,0.7937724,0.70136374,0.6497305,0.43655968,0.5435538,0.40956777,0.39240724,0.754032,0.66896695,0.56704926,0.33532792,0.33868414,0.20714405,0.2735524,0.21045613,0.7263892,0.6617512,0.2998979,0.369783,0.5485132
589,0.6653288,0.86811715,0.64328563,0.16817793,0.84261703,0.20050542,0.50005996,0.2932065,0.38647932,0.22146001,0.7037345,0.30524474,0.37592226,0.6544432,0.38898358,0.743549,0.8591434,0.4460241,0.43802232,0.4061366,0.28926903,0.19475095,0.82196,0.6742636,0.8922272,0.38151398,0.23952024,0.3383929,0.26911944,0.6440598,0.7571162,0.67865884,0.33498874,0.26096722,0.5062038
590,0.59604806,0.82188845,0.6551239,0.2523882,0.6890166,0.12261172,0.56771123,0.374438,0.1483498,0.14420834,0.49925166,0.3418077,0.37944323,0.5990944,0.28393883,0.44642752,0.8686218,0.5629667,0.6662119,0.53745306,0.46134496,0.4367465,0.80476224,0.7501172,0.6612399,0.5322666,0.16028838,0.29757807,0.33464465,0.6227838,0.7506708,0.704718,0.46744815,0.38900897,0.5965432
591,0.7874022,0.776345,0.77464277,0.52042586,0.82637346,0.34792477,0.5479891,0.28397042,0.45170102,0.15765783,0.40915054,0.3938507,0.3071794,0.5148044,0.43641725,0.7473534,0.7181594,0.5914335,0.45643812,0.526859,0.40427962,0.37252635,0.74529165,0.640837,0.6335249,0.3656368,0.32565564,0.2624058,0.31561786,0.32307658,0.7145818,0.656769,0.3382458,0.36477542,0.5462658
592,0.68114054,0.84611577,0.6703882,0.2345541,0.82768714,0.24209377,0.5104778,0.29537958,0.4083324,0.20943673,0.64926004,0.32793716,0.35996702,0.6238948,0.39461118,0.7375924,0.8304454,0.4762195,0.44524193,0.43953618,0.3160366,0.2312938,0.80240583,0.6664052,0.84389526,0.38456884,0.2567783,0.3191361,0.2808012,0.5739848,0.7422271,0.67165506,0.3370158,0.28662747,0.5139623
593,0.81731665,0.7820099,0.8063137,0.5706763,0.8534462,0.33089694,0.5612434,0.26361787,0.42556626,0.13195105,0.34136817,0.3951075,0.27693292,0.4940691,0.4351945,0.7580536,0.7167389,0.62437534,0.47382736,0.54726696,0.42953223,0.4124314,0.76040006,0.6494211,0.57500106,0.34534186,0.31313935,0.23622325,0.32489613,0.25609508,0.7367604,0.6704446,0.33069676,0.37271914,0.559716
594,0.8592361,0.7875495,0.8426164,0.60631645,0.86064833,0.34235388,0.5413607,0.23454201,0.46692902,0.10207744,0.3424874,0.3626123,0.2611583,0.50975436,0.40861267,0.77745354,0.73148173,0.65061367,0.43850175,0.5255095,0.39371127,0.34745517,0.7706892,0.7175604,0.6074999,0.35025132,0.283967,0.21637908,0.24404523,0.27903083,0.7381544,0.67191446,0.2997793,0.36999372,0.54760444
595,0.7680647,0.82203645,0.75172484,0.39777046,0.84783953,0.2953564,0.52150226,0.263915,0.44755554,0.1599169,0.52403677,0.346045,0.3136157,0.57508934,0.4068826,0.76850945,0.78277373,0.5487606,0.430449,0.47271824,0.34237522,0.2722072,0.78968155,0.68776953,0.74661565,0.36258325,0.274745,0.27362666,0.25925496,0.43740687,0.74250996,0.6724083,0.3106878,0.31776056,0.5254753
596,0.6062338,0.73437524,0.6236609,0.3142982,0.5020288,0.66265213,0.50973666,0.25923038,0.7377917,0.5431,0.19796401,0.63627404,0.20309153,0.5363706,0.77926713,0.9132716,0.45435494,0.5101701,0.35923782,0.58105695,0.22838,0.19744256,0.7060989,0.5107714,0.4625492,0.32325813,0.65030026,0.41669664,0.5496793,0.12181008,0.62618256,0.6822727,0.4251178,0.3264361,0.60981685
597,0.6599781,0.8077874,0.6971053,0.35444954,0.74671966,0.41861382,0.58020556,0.25073496,0.47645482,0.29353496,0.23108104,0.53627664,0.20479588,0.5161166,0.6198445,0.8438196,0.61777276,0.57312715,0.48098245,0.6601587,0.35011405,0.29714593,0.7747377,0.5250996,0.48756027,0.3060409,0.42212433,0.28554502,0.55418444,0.13378403,0.7318911,0.71454006,0.40880942,0.33725613,0.62212574
598,0.67617,0.87106097,0.6516506,0.16581956,0.8512336,0.20435724,0.49698457,0.28480783,0.40061322,0.21711545,0.70674163,0.3047472,0.36891147,0.65645075,0.39079955,0.7593836,0.85912275,0.4453474,0.42935354,0.4014209,0.2797144,0.18453953,0.82557714,0.6775664,0.89847964,0.37745252,0.24275358,0.33296925,0.26287383,0.63901913,0.7603529,0.6805018,0.32638288,0.2549663,0.50407755
599,0.6383091,0.845307,0.62513864,0.19501074,0.81571543,0.20833412,0.5168633,0.32310435,0.36055946,0.23893721,0.66117746,0.3263436,0.39331365,0.6304585,0.39697525,0.69705176,0.83738536,0.45698565,0.47459903,0.43330973,0.32404616,0.24632797,0.79565716,0.64108837,0.8509327,0.40093908,0.25614104,0.34772307,0.31010634,0.6264916,0.7344378,0.66735834,0.37013897,0.28623906,0.5195282
600,0.82922095,0.7751157,0.8141321,0.573583,0.8359479,0.38719887,0.5418666,0.25879583,0.50554967,0.13637069,0.38334894,0.39790994,0.27786866,0.50510854,0.43836665,0.77796257,0.70599705,0.61759865,0.42264518,0.5319251,0.3908435,0.3495566,0.74816275,0.66494024,0.63081837,0.35242742,0.33182415,0.2361882,0.2777198,0.27017507,0.7159077,0.6573209,0.30238643,0.36707368,0.541329
601,0.8519947,0.7651814,0.837554,0.63065374,0.83993447,0.3771283,0.54339725,0.24871461,0.49607906,0.119839214,0.3221198,0.3855034,0.26513904,0.49210936,0.429356,0.77115214,0.7025255,0.65182817,0.43577567,0.5353225,0.40884042,0.37116566,0.7490853,0.6934086,0.580219,0.35372216,0.31749052,0.22573404,0.26471868,0.25468194,0.7166742,0.65832865,0.30780187,0.38448304,0.54818887
602,0.6910466,0.86847746,0.66399723,0.1904905,0.8512627,0.23888728,0.50256217,0.28040615,0.4384223,0.21510693,0.68400365,0.32645527,0.35226145,0.6409628,0.41341615,0.7887422,0.8424088,0.45144072,0.41838402,0.4188447,0.2829809,0.19607273,0.8226945,0.6569816,0.88432264,0.3667729,0.268008,0.31940833,0.2744228,0.57954353,0.76195896,0.6804497,0.31436166,0.25308916,0.5062019
603,0.57326806,0.7397174,0.6221864,0.2322288,0.43790588,0.7211428,0.4981934,0.23074636,0.79490304,0.6109385,0.15293276,0.7101594,0.15799075,0.5638732,0.8501053,0.9464139,0.34694755,0.5351615,0.3458343,0.63532686,0.17261975,0.11705266,0.7076653,0.50373703,0.4262908,0.30428296,0.6884054,0.4513958,0.63416815,0.066444576,0.60170794,0.7125114,0.4384717,0.36836973,0.6577461
604,0.69408923,0.85573304,0.6725439,0.23014984,0.8417283,0.25799257,0.5060419,0.28091827,0.4415409,0.21168473,0.65243703,0.3354587,0.34726164,0.6248116,0.4173929,0.7744212,0.82661504,0.4667585,0.420587,0.4314328,0.29799914,0.21922715,0.81056356,0.65335953,0.8518351,0.36591807,0.28125018,0.3106329,0.27365917,0.5519599,0.75167024,0.674486,0.31606644,0.26618224,0.50924695
605,0.85299623,0.80600965,0.8362279,0.56613255,0.86637735,0.34252518,0.5414171,0.23677556,0.4702812,0.10631374,0.39524195,0.36913887,0.26748386,0.52473176,0.4076639,0.78449136,0.7462765,0.6323825,0.42474827,0.52162904,0.37538353,0.31596622,0.7793297,0.7109834,0.66561216,0.347119,0.28010568,0.22205468,0.24171934,0.29344502,0.74661815,0.6779396,0.2867132,0.3547038,0.54454577
606,0.7400077,0.83764666,0.71936,0.32663542,0.8476893,0.2821314,0.5112057,0.2676958,0.45319405,0.1828988,0.5837016,0.3414332,0.32717517,0.5983573,0.41312703,0.7767726,0.8000895,0.5117787,0.4164451,0.45001063,0.3170386,0.24222016,0.7994885,0.6754979,0.79771054,0.36123544,0.2803163,0.29074812,0.25928745,0.4879976,0.7465365,0.6733377,0.30728698,0.29292655,0.51576656
607,0.8351947,0.78546554,0.8205822,0.5705102,0.845287,0.3516606,0.5362455,0.24658504,0.4864574,0.12799112,0.37335104,0.37025943,0.2712133,0.5162934,0.41888922,0.77769643,0.72959834,0.6339444,0.43196926,0.52008975,0.388205,0.33327204,0.7664817,0.70591867,0.6285252,0.35703045,0.29539627,0.23371518,0.2557887,0.30053797,0.72946745,0.6660963,0.30558208,0.36635682,0.5435475
608,0.7243163,0.8376188,0.70714426,0.31058624,0.8436395,0.2518831,0.5125955,0.27573478,0.41720074,0.18510428,0.5854236,0.3243217,0.33769906,0.6060376,0.39559737,0.7532379,0.8152834,0.5121796,0.43878564,0.44530433,0.32525396,0.2470841,0.8025448,0.6878502,0.7953142,0.3735004,0.25565132,0.29899493,0.26263353,0.5265605,0.7463797,0.67376417,0.3258384,0.29852766,0.51864713
609,0.5820916,0.7081872,0.6116386,0.27913973,0.46730375,0.7585802,0.48843116,0.25179958,0.82381356,0.65197194,0.18870752,0.68419296,0.19335398,0.5287566,0.8355276,0.947237,0.3618415,0.4926538,0.32052737,0.56867415,0.18867847,0.16116317,0.67238563,0.49171224,0.42803177,0.34525788,0.7385483,0.45697895,0.5423045,0.103769824,0.58341163,0.67616904,0.42439348,0.31393147,0.6153024
610,0.5868665,0.82990634,0.60919154,0.17520396,0.73030245,0.157777,0.5312862,0.3573609,0.26113886,0.21115306,0.61171734,0.32695293,0.40152106,0.630816,0.34181896,0.5778715,0.87087995,0.4825507,0.5692886,0.46924242,0.3830224,0.33075798,0.79279137,0.68901575,0.771993,0.47174674,0.21220377,0.33688778,0.3270904,0.67542344,0.7315194,0.677449,0.426972,0.32260385,0.5454966
611,0.8610544,0.77119374,0.8453798,0.6166199,0.8362613,0.38145864,0.55002886,0.2555645,0.48663464,0.11234045,0.35022435,0.3985662,0.27051952,0.4977016,0.42457303,0.76706564,0.70208085,0.64934,0.43074137,0.55024993,0.40478128,0.35176095,0.74801624,0.69084036,0.6083697,0.35875136,0.31003538,0.22669737,0.2704535,0.24599199,0.72026527,0.66310143,0.30357876,0.38588881,0.5524998
612,0.6829238,0.8469006,0.66277736,0.22794926,0.83370477,0.25461096,0.5071231,0.29544875,0.43660372,0.22607645,0.66044885,0.33555362,0.36167222,0.6241941,0.411835,0.7612496,0.8221682,0.46553963,0.4263064,0.43090987,0.30602288,0.22111888,0.8020295,0.6520667,0.8561877,0.3769375,0.27563363,0.32829303,0.28540486,0.5707726,0.7417847,0.6684917,0.32862073,0.27864265,0.5092103
613,0.6724675,0.88406676,0.6513563,0.14945403,0.8648443,0.17579994,0.50708103,0.28424412,0.35110492,0.19612978,0.70762885,0.29360545,0.37037176,0.66246647,0.3762857,0.7464967,0.8766657,0.4441142,0.46004406,0.40659723,0.28097707,0.19052872,0.83630264,0.6739098,0.9038318,0.38189167,0.22054422,0.31883946,0.2693557,0.6492432,0.7737735,0.69092613,0.33821204,0.24635956,0.5111273
614,0.79318625,0.8127922,0.77513176,0.45753136,0.84958965,0.31191692,0.5266989,0.25661248,0.45470914,0.14683613,0.47424954,0.35497966,0.3005589,0.5569556,0.4106396,0.76975936,0.76559067,0.5763003,0.42765674,0.48855758,0.35488477,0.291699,0.7829951,0.692932,0.7109218,0.35947588,0.28198835,0.25931913,0.25428763,0.39220464,0.7400838,0.67195785,0.3067286,0.33179736,0.5319079
615,0.9095985,0.74814993,0.8984421,0.759455,0.8772112,0.36170012,0.5599056,0.2158211,0.45238408,0.06977264,0.16874216,0.3805251,0.2161241,0.4408029,0.43696466,0.7789073,0.671821,0.7231108,0.48921594,0.5696505,0.47272792,0.4697341,0.7530037,0.7063669,0.42175546,0.3267711,0.32042742,0.17724995,0.28762794,0.12993637,0.73431313,0.6697907,0.3172635,0.4125355,0.573343
616,0.83295745,0.7959073,0.8165329,0.5459839,0.85059243,0.33222657,0.53744227,0.24752446,0.4597847,0.12244167,0.39924034,0.36338803,0.278296,0.5280979,0.4076261,0.772364,0.7429613,0.6241944,0.43546906,0.5167788,0.3805567,0.32143098,0.77394927,0.70893973,0.6504022,0.3584512,0.2796115,0.23541538,0.25320107,0.32121715,0.7383031,0.6724452,0.3048342,0.3596426,0.54405546
617,0.74393934,0.794085,0.7274192,0.41566008,0.8168424,0.3220614,0.52869165,0.29476082,0.46112663,0.19687879,0.50429773,0.37288898,0.33317477,0.55768245,0.42451596,0.7415005,0.75060904,0.5478894,0.4388508,0.48918423,0.36658853,0.3038599,0.76005244,0.653988,0.72085524,0.37886333,0.30919936,0.29744875,0.29902136,0.43274292,0.7125884,0.6541699,0.3346528,0.3419874,0.53126216
618,0.6921799,0.8762749,0.7690103,0.37655765,0.945577,0.2550482,0.66519487,0.2185863,0.32864445,0.20927644,0.2558094,0.48523864,0.16701975,0.43954983,0.56822693,0.86870015,0.67100877,0.60212463,0.56349915,0.77946043,0.5081319,0.3904533,0.8418702,0.45941067,0.35785326,0.23125204,0.32187116,0.15919325,0.58143127,0.076212205,0.8228216,0.7507739,0.328374,0.28632018,0.6402116
619,0.7100465,0.8639327,0.6926306,0.24369411,0.8661224,0.25702015,0.5214931,0.2695581,0.43863553,0.19462898,0.6342958,0.34251434,0.32471362,0.6130997,0.42630252,0.80090415,0.82401526,0.47510487,0.42911252,0.45766678,0.3075953,0.22742924,0.81881285,0.6396346,0.83744824,0.35260308,0.2781356,0.2852463,0.29158705,0.4985568,0.7655929,0.6847418,0.3106035,0.25758988,0.51728034
620,0.8456705,0.7626678,0.8280735,0.6260003,0.85429573,0.3609745,0.5496868,0.24496767,0.4659083,0.1335447,0.31371137,0.39507017,0.25794953,0.47986144,0.44998512,0.77088803,0.6866177,0.6446915,0.44983178,0.5370266,0.42861184,0.40148297,0.7517955,0.67348003,0.5164139,0.33057338,0.33576173,0.22799864,0.28654575,0.23071165,0.7278355,0.6660229,0.30404902,0.3801918,0.5581813
621,0.689932,0.72771084,0.6639911,0.33459347,0.5954375,0.8422068,0.45142397,0.20857072,0.92975485,0.60937446,0.17124477,0.71155035,0.14791383,0.50706893,0.8585539,0.97622615,0.41169196,0.4667778,0.23246217,0.48618937,0.14385182,0.13945869,0.6731223,0.4185566,0.46935216,0.29113615,0.8985386,0.41073513,0.37079003,0.06741341,0.59497434,0.6414385,0.26535773,0.23647085,0.55690634
622,0.73323137,0.8138366,0.7171655,0.37043172,0.8374087,0.3053939,0.5307076,0.2860435,0.45222372,0.19293702,0.52938235,0.3708567,0.32715118,0.56466687,0.43296748,0.76605046,0.7668812,0.5242262,0.44206947,0.48271447,0.3564341,0.30160883,0.7754241,0.6347845,0.7333058,0.36377236,0.3107238,0.2881516,0.30751598,0.43292588,0.7310912,0.66384006,0.32842025,0.31477496,0.5284956
623,0.7767586,0.82169163,0.7575408,0.41569108,0.86200255,0.27067563,0.53224754,0.26259592,0.41280717,0.1521397,0.48543,0.3435432,0.30818722,0.56397706,0.40617236,0.76294583,0.7829218,0.5645042,0.46052402,0.48344404,0.36653093,0.31046018,0.795498,0.681634,0.7089106,0.3610691,0.26970506,0.26488233,0.2850522,0.41714635,0.7525605,0.67797357,0.32447255,0.32749814,0.53843135
624,0.6582273,0.8346615,0.6819038,0.33031517,0.86072874,0.24511266,0.58937514,0.31304622,0.3251842,0.18943767,0.46082076,0.40162867,0.31525588,0.53300416,0.43388453,0.7294588,0.77467376,0.53208625,0.5398386,0.5860469,0.42864537,0.38471767,0.7884364,0.54875296,0.6695608,0.36484027,0.28564173,0.26900512,0.44650823,0.34893134,0.75787973,0.6874112,0.38960737,0.3200311,0.57025784
625,0.80337906,0.7994585,0.78951305,0.4987572,0.84188014,0.34358242,0.53343487,0.25996658,0.47584754,0.14446588,0.44403037,0.37350866,0.2917294,0.5354918,0.42239016,0.7739465,0.74486065,0.5911854,0.426515,0.5079342,0.36951438,0.31321597,0.7692262,0.67857915,0.6866654,0.35644,0.30044866,0.25100583,0.26620716,0.34158134,0.72985595,0.6659695,0.30595043,0.34528083,0.5349028
626,0.6074742,0.7410494,0.64597857,0.36511397,0.6591152,0.5380287,0.552477,0.2814179,0.61430216,0.46781245,0.2545749,0.58156544,0.22665986,0.4947203,0.69507664,0.86275464,0.50594485,0.52569544,0.42398039,0.62340236,0.33812985,0.2909991,0.7125121,0.48598605,0.41078234,0.31953174,0.5563575,0.3623579,0.5386938,0.14120586,0.65656424,0.67329705,0.39828357,0.3386507,0.60125846
627,0.5790221,0.8187313,0.60337794,0.18928878,0.72204953,0.17345229,0.536547,0.3676862,0.27381617,0.22419254,0.59280646,0.34184673,0.40495664,0.6164446,0.35510197,0.57500565,0.8582404,0.48657423,0.57259035,0.48115402,0.39442384,0.34676677,0.7776282,0.66717625,0.75895363,0.47532696,0.23036575,0.34071618,0.34573376,0.6569952,0.71608466,0.6679112,0.43616325,0.33232456,0.5479255
628,0.6025127,0.83987856,0.6089436,0.18170239,0.77473176,0.17755102,0.5265466,0.344974,0.3028256,0.2282283,0.6421259,0.32190776,0.40534598,0.63215786,0.36865243,0.6334982,0.86047727,0.46567184,0.5258723,0.45385656,0.36307675,0.29135287,0.79078734,0.6588143,0.81763124,0.43045312,0.22804017,0.3474621,0.31985533,0.65856475,0.7303452,0.6685606,0.40388498,0.30464324,0.5312859
629,0.6449278,0.73353183,0.6556555,0.37911573,0.6091712,0.5959347,0.5258026,0.26657227,0.67097795,0.46548542,0.21931973,0.6005344,0.21496627,0.50736916,0.7050146,0.8736393,0.4949518,0.5319334,0.39188582,0.5845543,0.2938303,0.26771,0.70001304,0.50347555,0.4433012,0.3232897,0.61942226,0.37953106,0.5002438,0.13504209,0.6426856,0.67022073,0.38724306,0.33657083,0.59827495
630,0.74279433,0.8269124,0.72719675,0.3384013,0.84191275,0.30920714,0.5221715,0.2796895,0.47117957,0.18835287,0.578484,0.3589201,0.32440844,0.58412623,0.41097754,0.7769953,0.7883397,0.5234507,0.4234663,0.47552195,0.33037668,0.24746516,0.7878273,0.6648762,0.80290043,0.37304616,0.28418997,0.28801543,0.2847211,0.45775348,0.73483104,0.6662274,0.31325573,0.31097522,0.52148545
631,0.66022617,0.829224,0.6572415,0.2803979,0.824643,0.25773627,0.5455472,0.32271928,0.38359556,0.22464184,0.5706396,0.37139115,0.35957894,0.57976615,0.42538637,0.72408295,0.79305714,0.49445137,0.48626208,0.50057054,0.36956835,0.30915728,0.78067935,0.5946609,0.7745945,0.38677776,0.2896034,0.31379744,0.36784646,0.48798576,0.7338165,0.66761047,0.37273988,0.308194,0.53803194
632,0.5826422,0.83504236,0.6080427,0.17896695,0.7373884,0.16598493,0.5333451,0.36320502,0.27030957,0.21687922,0.6251494,0.32690284,0.4037168,0.6269251,0.35031694,0.58358115,0.87181056,0.48052087,0.56131667,0.47635508,0.38654944,0.3270058,0.7927608,0.67059314,0.79364187,0.46769443,0.212113,0.33995092,0.33795524,0.67267287,0.72562885,0.67242783,0.42979422,0.32471946,0.5444467
633,0.712031,0.7569136,0.7422799,0.49627933,0.79484904,0.26169476,0.6064043,0.35026985,0.26599908,0.18351276,0.35709196,0.4486247,0.3259015,0.49342838,0.3988915,0.5967539,0.69463193,0.61871326,0.54092777,0.61794937,0.5010644,0.4891562,0.7403948,0.61667067,0.48741284,0.40401888,0.275392,0.2868099,0.41245136,0.29294884,0.7241635,0.6744306,0.3979631,0.42388764,0.59793216
634,0.8625574,0.7807212,0.8487911,0.6292748,0.8578844,0.39352816,0.54068995,0.22996318,0.5230831,0.11046211,0.33275604,0.38875675,0.24819708,0.49057713,0.439476,0.8036011,0.7079021,0.6478132,0.41458488,0.531729,0.38937014,0.35547632,0.7602252,0.68852544,0.60282105,0.33530194,0.3269239,0.20668578,0.24768963,0.22349748,0.7287307,0.6646489,0.2828465,0.36420447,0.54204714
635,0.67042917,0.8637433,0.6538346,0.18486777,0.8408931,0.20682518,0.5013219,0.29089868,0.3857817,0.21408124,0.6907756,0.30644765,0.3711238,0.64915705,0.38542655,0.7397774,0.85488474,0.45504946,0.44144058,0.4126649,0.29415753,0.20026699,0.8185218,0.67890483,0.8812043,0.3833929,0.23737171,0.33276263,0.26619133,0.63220775,0.7538339,0.6781327,0.33566058,0.26716715,0.5078208
636,0.77356577,0.8137064,0.7942042,0.528044,0.88567936,0.23860177,0.62661177,0.28433514,0.25381827,0.12746644,0.28963938,0.43346953,0.2617076,0.47352648,0.41031614,0.6966223,0.7157072,0.65557957,0.5585092,0.66444004,0.5053381,0.46184087,0.7889451,0.60277075,0.48132548,0.34448436,0.25260243,0.2212218,0.44632488,0.19567648,0.7808776,0.7135971,0.36729538,0.3918343,0.6194876
637,0.68081725,0.8816613,0.65544724,0.15400274,0.86117,0.19111696,0.49534497,0.2775905,0.39040485,0.20681241,0.72155756,0.29439494,0.36579353,0.6658577,0.38368696,0.7662652,0.8716706,0.44072142,0.4271977,0.3944437,0.27261508,0.175944,0.8364236,0.68677294,0.90855724,0.37259364,0.22791676,0.32790536,0.25368136,0.6499878,0.7723353,0.68738097,0.32076043,0.24478891,0.5016393
638,0.6035356,0.7937166,0.65719223,0.2894786,0.6793128,0.16056596,0.5678264,0.38297236,0.17732677,0.16918455,0.4855264,0.3587562,0.3812284,0.586539,0.29953325,0.44282627,0.8277914,0.5623301,0.655834,0.5398356,0.46770883,0.4552342,0.78268164,0.7360493,0.6276559,0.5324934,0.19110224,0.30756685,0.34736305,0.5967829,0.7341172,0.6930618,0.46970224,0.39891958,0.5927919
639,0.68647474,0.7951141,0.7259415,0.35195154,0.6726627,0.47152582,0.5615468,0.24455658,0.532905,0.30887184,0.21846047,0.571808,0.19821401,0.5341385,0.6561378,0.85254097,0.55269516,0.608279,0.4492995,0.67554283,0.3072444,0.23306184,0.75970685,0.5572791,0.48592645,0.32446125,0.43407783,0.30523688,0.54227287,0.11240319,0.70547867,0.7181411,0.40859413,0.38075536,0.6399764
640,0.76405567,0.847033,0.7406569,0.3367923,0.8636322,0.26915425,0.5158586,0.25862092,0.4371558,0.16206597,0.5819043,0.33500314,0.3201058,0.60225195,0.39854956,0.7812073,0.8103119,0.5263791,0.42006874,0.45421368,0.3145244,0.23053452,0.80857486,0.69398874,0.806608,0.36034817,0.25889415,0.27986112,0.24916637,0.4805563,0.75919014,0.6830092,0.30055007,0.2947312,0.5213145
641,0.8496424,0.7784244,0.83346653,0.5985853,0.84381026,0.40691328,0.54335296,0.24718349,0.52405447,0.12693605,0.37967318,0.40931964,0.2687611,0.49619895,0.44904166,0.7903099,0.6958116,0.62679887,0.4091413,0.53624,0.38462213,0.34210354,0.74786264,0.66685224,0.6278025,0.34079307,0.34352136,0.22551537,0.26319999,0.23679423,0.7205946,0.66171575,0.28384703,0.36472142,0.5431505
642,0.8764089,0.76651466,0.86165655,0.6679365,0.85342896,0.4251131,0.5383506,0.21909885,0.5592011,0.10587941,0.2785244,0.40328678,0.22896679,0.4704562,0.46949348,0.82085055,0.6815817,0.65750325,0.4099377,0.5353164,0.39314055,0.36974183,0.7501412,0.67877555,0.5418705,0.32318845,0.3695375,0.19456679,0.24607313,0.18105343,0.7203957,0.6593083,0.27901974,0.36194676,0.54323894
643,0.710446,0.8216923,0.69454086,0.31782535,0.82556,0.28187907,0.5167533,0.29340953,0.4368371,0.20834847,0.5892654,0.34817407,0.34849876,0.5947129,0.41087446,0.7441799,0.79013914,0.5056881,0.4366271,0.45781535,0.3340911,0.25815663,0.7828339,0.661239,0.78957814,0.37909764,0.28364748,0.31220937,0.28704545,0.5124625,0.72845453,0.6631736,0.33193576,0.309793,0.5199912
644,0.6577016,0.864189,0.63884246,0.17399007,0.83553445,0.20309022,0.5042416,0.30060896,0.38346824,0.2269456,0.6945975,0.31168717,0.38055772,0.64768153,0.39472827,0.7351692,0.85437506,0.4470757,0.44465742,0.41299486,0.2983584,0.20798433,0.81614906,0.66413885,0.88355935,0.38536298,0.24401423,0.34171313,0.27873197,0.63771373,0.7526814,0.67611027,0.34316942,0.26485395,0.50880325
645,0.76365423,0.8148402,0.7445595,0.41067344,0.8395685,0.33960447,0.52560556,0.2678644,0.49115086,0.18069881,0.51511633,0.37986118,0.30979276,0.5568546,0.44333965,0.7878182,0.7552413,0.5406831,0.4124933,0.48554176,0.34300599,0.28543693,0.7749997,0.6471968,0.73653233,0.35158795,0.32437378,0.27266154,0.27820012,0.3893518,0.73288596,0.6651333,0.30282933,0.31291437,0.525525
646,0.7532307,0.8202777,0.7380568,0.3753895,0.84549934,0.3075448,0.5238365,0.2744563,0.4645694,0.17815429,0.5427424,0.35536495,0.3186598,0.57385266,0.4118217,0.77270144,0.78072417,0.53698456,0.43010902,0.4777058,0.34139222,0.27072412,0.7844321,0.6681958,0.7678611,0.36767924,0.2854492,0.27953833,0.28015012,0.4400963,0.73459953,0.66597646,0.3151552,0.31719914,0.52344817
647,0.8652552,0.7839515,0.849228,0.6196543,0.8623209,0.3588932,0.5425948,0.23448923,0.48439902,0.1017925,0.33402103,0.37136087,0.2570136,0.5022744,0.41491795,0.78300494,0.72407526,0.6535905,0.43397197,0.5312912,0.39715102,0.35602337,0.76651466,0.70821065,0.60642666,0.34808663,0.29606646,0.21240151,0.25016356,0.25989205,0.7337824,0.66819555,0.29647857,0.37326923,0.54698044
648,0.8227418,0.80020106,0.80685127,0.5158145,0.8568571,0.34095794,0.53277814,0.24756353,0.4849752,0.13046446,0.42255217,0.36471206,0.27878478,0.532217,0.4171215,0.7881285,0.7491946,0.6042894,0.4269092,0.50525934,0.37088323,0.31766596,0.7759963,0.69166344,0.6765531,0.3530697,0.29386562,0.23848554,0.25820744,0.32897365,0.73585284,0.6677321,0.3015088,0.3466013,0.5350528
649,0.6347449,0.8674253,0.628157,0.15910624,0.8195368,0.17440201,0.5081346,0.3125504,0.33517224,0.21760663,0.6994663,0.29764384,0.39225373,0.65638435,0.37114453,0.69616884,0.8738248,0.44853315,0.47720972,0.4200984,0.31477422,0.219888,0.81934845,0.67699367,0.8811172,0.39988628,0.21618597,0.34531194,0.28097492,0.6729574,0.75304735,0.6793257,0.36251125,0.27293724,0.51569766
650,0.774821,0.78835505,0.76958025,0.5104267,0.838097,0.30456457,0.576317,0.29861635,0.37039757,0.14591786,0.37124246,0.40377074,0.30724773,0.50519055,0.4215714,0.71771145,0.7280043,0.6075263,0.50943387,0.5749938,0.4427688,0.40947908,0.75327146,0.6211005,0.60267854,0.3746195,0.29738066,0.25341254,0.37672344,0.29966527,0.73117185,0.6705722,0.36954826,0.37745956,0.57162607
651,0.9007858,0.75052965,0.8871099,0.7291108,0.85441935,0.39968312,0.5505288,0.22748339,0.50942945,0.08057562,0.23341641,0.3894872,0.23436444,0.46015865,0.43311802,0.7829857,0.68087065,0.69595283,0.43952933,0.55434394,0.43028483,0.41226006,0.7425168,0.70543534,0.50836945,0.34060782,0.32554904,0.19051442,0.25222665,0.17281076,0.7171917,0.6584746,0.2984675,0.40165052,0.5546343
652,0.77785766,0.7661974,0.77030945,0.5451919,0.82818824,0.38887733,0.5530492,0.27237225,0.49689373,0.17279129,0.342674,0.42483693,0.2764452,0.48701614,0.48233205,0.7806527,0.6845768,0.58957684,0.44847327,0.54741514,0.41420645,0.40318432,0.73736,0.5973247,0.55981886,0.33690295,0.38791457,0.24745157,0.33953977,0.24425939,0.7100486,0.65294456,0.33059877,0.3537689,0.54889554
653,0.7365433,0.7730925,0.7151311,0.44300574,0.7424856,0.55926013,0.5251442,0.23606133,0.6695378,0.34726423,0.25802603,0.5498119,0.20554852,0.4936143,0.6557184,0.8812829,0.5964484,0.5309714,0.36392277,0.5414211,0.30433047,0.3004497,0.7329356,0.5050225,0.5035321,0.2925802,0.6156359,0.29530323,0.38239497,0.14152208,0.68942004,0.660879,0.3011041,0.28251174,0.55728805
654,0.71280026,0.84046394,0.69070864,0.28280455,0.8438071,0.26056927,0.5132402,0.28431568,0.43076688,0.1992306,0.61167854,0.33585447,0.34742492,0.60929143,0.40820074,0.7611371,0.8108513,0.49199086,0.43505707,0.44303608,0.31738278,0.24132304,0.7996025,0.6635993,0.8168006,0.37243843,0.2748441,0.3080925,0.27925667,0.53152806,0.7445172,0.6713449,0.32450992,0.28933978,0.5164335
655,0.8635465,0.7799993,0.8471648,0.6176768,0.8616952,0.3579396,0.5381509,0.22932069,0.48965913,0.10047443,0.3246274,0.3675933,0.2528371,0.5007245,0.42324057,0.7889083,0.7201208,0.6498842,0.43585485,0.52196157,0.39468938,0.36028582,0.76598203,0.7078302,0.58484364,0.34386975,0.3045227,0.20999923,0.24612395,0.26107454,0.73290265,0.66753256,0.29741555,0.36727613,0.54471457
656,0.70743334,0.8374006,0.6870098,0.28587484,0.83762676,0.27350718,0.51998806,0.2913918,0.43725386,0.21121486,0.6050219,0.35341305,0.34574082,0.5997099,0.4220212,0.7661648,0.8020197,0.49143872,0.43218112,0.45596614,0.32736096,0.25501952,0.79421544,0.64240956,0.80869657,0.3713004,0.28860977,0.31015325,0.297318,0.508736,0.74134356,0.6697179,0.328665,0.29233098,0.519907
657,0.81462014,0.7668938,0.7795805,0.5296917,0.8143326,0.64531887,0.49579772,0.19179428,0.7815698,0.2951923,0.22587915,0.55888814,0.16547497,0.46566504,0.6826684,0.9161027,0.6026167,0.5329436,0.29099458,0.4829312,0.26698136,0.2850296,0.72384894,0.48872167,0.49566236,0.25864524,0.71991265,0.23852368,0.2568535,0.101916775,0.6780855,0.63495016,0.21546404,0.24365199,0.51692545
658,0.8970663,0.7506671,0.8826267,0.7202876,0.8505386,0.3959702,0.5539813,0.2361542,0.4997472,0.083438344,0.2461484,0.3924964,0.2421143,0.46504506,0.42686638,0.7733352,0.6815815,0.69289374,0.44114703,0.55919945,0.4320034,0.40744123,0.7403966,0.7046742,0.5199853,0.3468454,0.3197469,0.19772927,0.25907716,0.18462518,0.7154163,0.6583031,0.30187556,0.40555555,0.5568811
659,0.8935143,0.7616254,0.88156796,0.71722615,0.8589282,0.38634434,0.54845804,0.22202559,0.5044306,0.08611635,0.2409739,0.37672198,0.23035423,0.46567813,0.42469296,0.7901349,0.6955532,0.70164573,0.444223,0.5537837,0.42564577,0.39699095,0.75382566,0.72054076,0.519843,0.34120968,0.30904058,0.18846245,0.24601655,0.18527852,0.72668236,0.6647841,0.2983516,0.3969086,0.5559712
660,0.65504503,0.8790081,0.63878536,0.1465481,0.84765816,0.17040047,0.5033277,0.2939334,0.3442805,0.20777182,0.7122067,0.29086813,0.38178468,0.6647238,0.3731153,0.7257096,0.8784536,0.4424705,0.46184072,0.40473875,0.2896164,0.1948894,0.831077,0.68100524,0.9000596,0.38789496,0.21623965,0.33471566,0.26669472,0.6705946,0.76585203,0.6862713,0.34546015,0.25493938,0.51019615
661,0.9067503,0.7440861,0.8938996,0.74496174,0.8572728,0.39130086,0.54909027,0.22178516,0.49761677,0.077688396,0.21003988,0.38570675,0.22902575,0.45268717,0.4395782,0.7807454,0.6723634,0.7071867,0.45322585,0.5514429,0.44303045,0.4318177,0.7436868,0.71042,0.47246903,0.33730713,0.32929206,0.18893006,0.2579656,0.1566002,0.7202204,0.6608148,0.30502993,0.40799728,0.5600584
662,0.7339796,0.8434356,0.7135825,0.29970443,0.85345334,0.27840737,0.5111857,0.26819173,0.4550844,0.18481138,0.6036817,0.34027964,0.3281402,0.6049609,0.41178375,0.7834918,0.8071617,0.5011838,0.4172395,0.44610494,0.307967,0.2317458,0.80393934,0.6692508,0.81774676,0.3633555,0.27874824,0.28980997,0.26402745,0.5002745,0.7489463,0.67440474,0.307228,0.28500947,0.51457554
663,0.67440283,0.7784909,0.6942445,0.44017774,0.81096363,0.38609284,0.5786611,0.28363806,0.46439734,0.26305208,0.29355773,0.49067774,0.24864264,0.47967643,0.5498568,0.79615915,0.6434222,0.55707055,0.48857713,0.61332226,0.42056292,0.40000096,0.74448913,0.5174867,0.46829528,0.31975025,0.43179017,0.27742425,0.47269088,0.19294469,0.716492,0.6737769,0.37467012,0.3371083,0.5825673
664,0.7024867,0.7681674,0.7425598,0.470218,0.78900397,0.22012961,0.6066006,0.3458875,0.22497812,0.16229896,0.3616067,0.42574915,0.32597816,0.5067253,0.36470622,0.5611697,0.7388583,0.6274227,0.569427,0.6021694,0.50760204,0.49562493,0.7586285,0.6674673,0.49554008,0.42596078,0.23454085,0.283435,0.3788539,0.34136105,0.7372685,0.68736583,0.403128,0.42798242,0.60583454
665,0.6987616,0.8216945,0.764258,0.3683563,0.8182646,0.36319456,0.59616816,0.2395976,0.42656174,0.24035056,0.2646355,0.5349536,0.1939095,0.5163704,0.61521494,0.8316326,0.5914101,0.6322848,0.49066377,0.73496425,0.36654925,0.25370714,0.78163207,0.5398978,0.44051972,0.31353983,0.33059555,0.24071118,0.52845806,0.09771663,0.74838567,0.72376174,0.3897981,0.38700694,0.64493036
666,0.9015056,0.7441924,0.88917863,0.74874544,0.86787903,0.3375171,0.56842816,0.23308602,0.40614003,0.07732777,0.18603119,0.38531578,0.23841234,0.444669,0.4236454,0.74065125,0.67237395,0.7203639,0.5036792,0.57306826,0.48692232,0.48591715,0.7503641,0.70616645,0.42629918,0.33783287,0.30209163,0.19587299,0.30746394,0.14878158,0.7370022,0.67234915,0.32922012,0.43093833,0.5821293
667,0.5672683,0.81200373,0.6130505,0.2435449,0.77935666,0.18554485,0.5812996,0.37110925,0.24998334,0.21013848,0.48835832,0.38576216,0.38242775,0.5627038,0.3789295,0.5849968,0.8242752,0.5122936,0.61089265,0.5452495,0.45259285,0.4427874,0.7639567,0.5983857,0.66764224,0.4509139,0.2506888,0.31591612,0.42111072,0.5145304,0.7257751,0.670153,0.45480543,0.3433127,0.5686847
668,0.88109463,0.7711346,0.866883,0.6774217,0.8588432,0.40890235,0.54332864,0.21935138,0.533414,0.10166534,0.28588465,0.39592662,0.23352034,0.47199926,0.44910088,0.8091423,0.69083595,0.6700227,0.41504365,0.54182994,0.40027612,0.37485176,0.7542367,0.6929382,0.55318797,0.32734972,0.34044805,0.19340834,0.24091277,0.18312776,0.72738886,0.6647033,0.27879494,0.37348074,0.5475501
669,0.81967765,0.8000957,0.8049184,0.5212367,0.86360824,0.31748188,0.54028,0.24822588,0.45001736,0.12513693,0.3959115,0.3610506,0.27822798,0.52708006,0.4144658,0.7777163,0.74999344,0.6099476,0.452787,0.5113429,0.38845366,0.3468382,0.7787076,0.6878025,0.64313936,0.3528463,0.28754812,0.2350657,0.27698344,0.3251191,0.7422948,0.67229044,0.31548533,0.35011423,0.54332626
670,0.78797513,0.79748726,0.7704321,0.47775307,0.8359658,0.3536654,0.52878463,0.2637064,0.4978489,0.16816041,0.46148792,0.37882936,0.29625753,0.54045963,0.43078393,0.78213465,0.7399269,0.57685685,0.4135123,0.5003492,0.36101,0.30357325,0.7682423,0.6692513,0.69868207,0.35784036,0.31507114,0.2611001,0.27105263,0.35731724,0.72528946,0.66117966,0.30243072,0.33977482,0.5307949
671,0.8977176,0.7449886,0.88484097,0.7350413,0.8553151,0.37577215,0.5572071,0.23547038,0.46877775,0.080752715,0.21837862,0.3855203,0.24266501,0.45611772,0.42610818,0.7615947,0.6816186,0.70228493,0.46596938,0.55773234,0.45220885,0.4454596,0.7408812,0.7037945,0.48437387,0.34594694,0.31523058,0.19779047,0.27443713,0.1735438,0.719744,0.6602064,0.31786388,0.41477114,0.5629595
672,0.8892659,0.7557794,0.8783523,0.72668755,0.8754055,0.31243485,0.5815843,0.2390919,0.36596954,0.086914286,0.19419596,0.39525375,0.24195287,0.44417447,0.42106915,0.72778165,0.67910993,0.7159103,0.51781166,0.5857883,0.4993809,0.4945948,0.758758,0.6958481,0.41963425,0.3317666,0.29116207,0.20361538,0.33320484,0.14844337,0.7511025,0.68302566,0.33125794,0.43188596,0.59286433
673,0.6534066,0.77518445,0.6972619,0.4235529,0.76530874,0.37027097,0.5928031,0.29373094,0.42054257,0.3016536,0.28465733,0.5122321,0.25139278,0.48702216,0.5605657,0.75921714,0.6133017,0.5748692,0.4970286,0.6526147,0.42582646,0.380157,0.75251514,0.5365183,0.4338371,0.32698846,0.38772517,0.30158833,0.52123576,0.17867407,0.718864,0.69198734,0.39851528,0.37255597,0.60934484
674,0.76206124,0.80648434,0.7439957,0.41526794,0.83632195,0.3246312,0.52473575,0.2760905,0.47280818,0.18099658,0.51695645,0.36607605,0.32034215,0.56084335,0.4238104,0.7664431,0.7585449,0.5473355,0.42520252,0.4819932,0.35105,0.28730384,0.7711404,0.66394603,0.73609096,0.36444172,0.3048678,0.28239924,0.27828494,0.4172016,0.72565085,0.66150343,0.3140696,0.32830542,0.52614707
675,0.80237913,0.8020383,0.7834973,0.4761428,0.8422066,0.33639356,0.532621,0.26295647,0.47507024,0.14761497,0.46106404,0.3735435,0.29792333,0.5454715,0.42052406,0.7735921,0.7481125,0.5828215,0.42424884,0.50245017,0.36401445,0.30128998,0.7717889,0.67965347,0.69892186,0.36182716,0.2984696,0.25762242,0.26939,0.36395025,0.73188174,0.6669307,0.3071591,0.3417949,0.5354599
676,0.8714722,0.7933012,0.8543496,0.61220396,0.8675478,0.34808835,0.5437295,0.22963762,0.47466826,0.093125015,0.3393985,0.3680694,0.25337988,0.51035684,0.4071556,0.7862082,0.73436517,0.65536547,0.4306744,0.52938396,0.3896063,0.34034353,0.77493995,0.7202712,0.6182,0.34721908,0.28248757,0.20887187,0.23967092,0.2658606,0.742675,0.6752844,0.290246,0.36715978,0.5485001
677,0.8530406,0.7599727,0.8367995,0.6291932,0.8457403,0.34871328,0.54626083,0.25177687,0.45630485,0.11011342,0.30804777,0.3747329,0.27156538,0.49115103,0.42521676,0.7553877,0.7036286,0.65187037,0.46464244,0.53338355,0.42679614,0.4037777,0.749833,0.68984485,0.5503264,0.35636634,0.31115884,0.2271494,0.28473672,0.25920796,0.72108424,0.6600746,0.3268845,0.39067692,0.5540636
678,0.716602,0.8398838,0.69748604,0.29484937,0.8383052,0.31911403,0.5171449,0.27666882,0.49333715,0.20594914,0.60085803,0.37108967,0.32246715,0.58949006,0.44827786,0.80907935,0.78781456,0.48816976,0.40470704,0.46731552,0.31282744,0.24613881,0.79452443,0.62088645,0.814731,0.35532925,0.31799948,0.28573388,0.2939873,0.44959217,0.7437222,0.66958034,0.30664185,0.27662614,0.51373845
679,0.6034652,0.8124264,0.6522163,0.26338202,0.70560485,0.14477976,0.5654091,0.37212148,0.18293071,0.16357417,0.50125325,0.35044974,0.3818012,0.5921938,0.30769515,0.48315397,0.85335255,0.5525268,0.63818645,0.5298102,0.45454836,0.43048254,0.79079765,0.7250202,0.66280377,0.5104641,0.18277378,0.3085482,0.34074873,0.6053623,0.7389332,0.69231004,0.45702678,0.38212082,0.5850512
680,0.5799484,0.8020166,0.63656306,0.282087,0.76945996,0.33318943,0.58845675,0.31201065,0.39417833,0.29200682,0.35248533,0.47876185,0.28412804,0.5200554,0.51596946,0.75125253,0.69349706,0.51476717,0.54722863,0.6010371,0.3965724,0.39356482,0.75811404,0.5188845,0.5672293,0.3767807,0.37647116,0.3105154,0.5075894,0.2745555,0.71760386,0.68692094,0.4362289,0.3186849,0.5890082
681,0.78177094,0.8185687,0.7622884,0.41887778,0.84904003,0.3048011,0.52697957,0.2658453,0.44955015,0.1564388,0.5108017,0.35606456,0.31256217,0.5679982,0.40756592,0.76624775,0.77436435,0.5594677,0.43032908,0.48375177,0.34681466,0.2758103,0.78361547,0.68484455,0.74438417,0.36499912,0.28016263,0.27067545,0.26540893,0.41801667,0.73934877,0.6718714,0.3102339,0.32631773,0.53073514
682,0.63968945,0.78207254,0.6653558,0.33710903,0.7092855,0.20919757,0.5562344,0.36662325,0.2671461,0.2134281,0.509131,0.3765141,0.3785629,0.56945145,0.36471757,0.549451,0.7928253,0.5533611,0.5586022,0.5253088,0.442442,0.39682204,0.76391566,0.6833761,0.6414165,0.46361715,0.23590407,0.33075175,0.35119876,0.53918636,0.71337473,0.67317516,0.41902646,0.39123836,0.57471085
683,0.59793556,0.8324655,0.65452206,0.24002245,0.7064226,0.119821094,0.5642282,0.36653012,0.1508258,0.1407403,0.520782,0.3288495,0.38034755,0.6106754,0.28026187,0.45717496,0.8733388,0.55296236,0.6637003,0.5279027,0.45081893,0.41718253,0.8124107,0.75397766,0.6873185,0.5245084,0.15464108,0.29556042,0.32303327,0.6363793,0.7591416,0.7080892,0.46244583,0.37507492,0.5920393
684,0.92247546,0.75724447,0.9106725,0.77073216,0.87356603,0.38832808,0.5500423,0.20439498,0.5067507,0.061209865,0.1889216,0.3692715,0.21080446,0.45040923,0.42337888,0.8015461,0.691038,0.72878754,0.44704694,0.55682606,0.43625292,0.41934857,0.7564175,0.73579913,0.48069018,0.33212197,0.30468282,0.16680744,0.23186271,0.14414349,0.73232776,0.66730404,0.29225358,0.40485653,0.5589204
685,0.83589727,0.7661582,0.82766163,0.6356737,0.86005193,0.33605045,0.57666916,0.2606151,0.40395284,0.1270426,0.27524143,0.41383496,0.265091,0.4646341,0.44226775,0.74156094,0.6861938,0.65730745,0.49285245,0.5736126,0.465722,0.45854586,0.7505811,0.6487156,0.4928388,0.33729318,0.3233502,0.22789821,0.34590152,0.19433317,0.7373654,0.6733933,0.3314745,0.39831626,0.5768875
686,0.6051361,0.69001055,0.60687864,0.31569284,0.46556014,0.7871336,0.47202095,0.25900313,0.87807655,0.6450328,0.18610069,0.6997688,0.19025858,0.52730787,0.84024584,0.9508743,0.3664868,0.4881044,0.2900886,0.53630775,0.17933407,0.16009155,0.64909077,0.46131778,0.43736276,0.32311958,0.82071483,0.47231135,0.4891797,0.09674757,0.56476974,0.65163845,0.36465162,0.32235354,0.59538925
687,0.70305794,0.81250906,0.6713668,0.31742927,0.79402924,0.4611047,0.5050914,0.2657047,0.6194255,0.3131942,0.4813935,0.46615463,0.28149956,0.5567345,0.5718112,0.8478759,0.7030918,0.46388882,0.35531756,0.46379942,0.2772722,0.24851382,0.76013136,0.5327155,0.71520907,0.32533526,0.5146227,0.3135908,0.31117088,0.345193,0.70506394,0.6495987,0.2891186,0.24680097,0.5140993
688,0.67159235,0.87061805,0.65097713,0.16596758,0.84907037,0.20032792,0.50003284,0.28789943,0.38789696,0.21315412,0.7018156,0.3039728,0.37018275,0.65577555,0.38609686,0.74984103,0.8619405,0.4476346,0.43968964,0.40605778,0.2847136,0.19082507,0.8246108,0.67577636,0.8952676,0.3822648,0.23842344,0.3306721,0.26612735,0.6421639,0.75853574,0.6805457,0.33329585,0.25800568,0.5069292
689,0.8489995,0.7732893,0.83432484,0.60747117,0.8509073,0.36379534,0.54181534,0.24626644,0.48692665,0.113962054,0.33847424,0.37606296,0.2667087,0.4992794,0.42554784,0.77677286,0.7146441,0.64294386,0.4441393,0.529667,0.40442538,0.368239,0.7554935,0.6911861,0.595204,0.35340363,0.31224626,0.22334209,0.26806417,0.26738584,0.72227037,0.66077983,0.31186405,0.37567055,0.54631054
690,0.7533505,0.82979316,0.73445225,0.36607152,0.84752876,0.3018198,0.5256937,0.27177414,0.4618352,0.1770052,0.5474367,0.3602938,0.31796902,0.5768255,0.4251681,0.7852176,0.7844088,0.5282323,0.42507988,0.4757937,0.33869275,0.27144253,0.7907747,0.65857726,0.7696456,0.36052972,0.29141343,0.27913654,0.28181773,0.43574777,0.7447673,0.67265695,0.3122728,0.30298194,0.5245994
691,0.8966985,0.77153885,0.88399374,0.69385964,0.8745717,0.3624614,0.5384716,0.20689607,0.4979878,0.07526071,0.2486947,0.35339665,0.2242465,0.4771433,0.41946235,0.80288184,0.7141421,0.69712126,0.44728166,0.5330719,0.41545987,0.38892025,0.7704307,0.7352625,0.5288968,0.3373241,0.29498842,0.18175247,0.2323362,0.20431538,0.7388126,0.6695928,0.29768372,0.38548052,0.5508726
692,0.6663376,0.8164406,0.72614056,0.3814114,0.8470165,0.37606627,0.61060935,0.25253916,0.44353047,0.29875094,0.25968072,0.5269287,0.20063715,0.48429936,0.6240133,0.8505424,0.58723646,0.5964522,0.50053793,0.7218434,0.41741753,0.32445344,0.77928305,0.49897116,0.40547305,0.28842008,0.38735265,0.2412962,0.55455554,0.100380436,0.7437042,0.7137581,0.37926114,0.34178248,0.62987995
693,0.9202951,0.74314296,0.9079378,0.7710882,0.8670994,0.3894884,0.5461788,0.21060929,0.50233036,0.061585356,0.18137008,0.36871517,0.21864614,0.44824272,0.4298791,0.78994167,0.6773488,0.7234606,0.46185094,0.55431485,0.44636074,0.43936077,0.7465697,0.7237537,0.46209875,0.3375499,0.31914285,0.17214064,0.24825343,0.14722082,0.7212415,0.6596869,0.30834216,0.41212186,0.55839527
694,0.6775738,0.8406433,0.6953318,0.33575436,0.87350035,0.26527572,0.5866508,0.2952277,0.38208562,0.22264922,0.48552436,0.40580302,0.29656965,0.53076744,0.47068024,0.77783245,0.7545411,0.52583224,0.50601155,0.58963114,0.43035692,0.35333782,0.79639727,0.55477655,0.6429209,0.3356083,0.3031042,0.26199475,0.43174982,0.33408815,0.76202875,0.68902457,0.35564497,0.299833,0.5654337
695,0.88405716,0.7558826,0.8681103,0.6934589,0.8541662,0.42427865,0.54216385,0.22097126,0.5486836,0.107548974,0.2508589,0.40599123,0.22758213,0.46258456,0.4681105,0.8081945,0.67286825,0.66809815,0.41568035,0.539142,0.4067672,0.39641884,0.7448121,0.6745435,0.5165199,0.3238445,0.37638786,0.19343396,0.24931958,0.16613548,0.7165783,0.6558281,0.2818934,0.37430498,0.54596996
696,0.76146245,0.8147972,0.7440285,0.40789956,0.83766985,0.30583814,0.5311559,0.2787053,0.44108263,0.16875258,0.5153722,0.36538118,0.32371312,0.56378365,0.41800126,0.7570766,0.76844525,0.54948485,0.4406356,0.4897778,0.35523826,0.29082173,0.7751004,0.66221774,0.738782,0.36772078,0.29325807,0.2792736,0.2844346,0.4193036,0.7338405,0.6686089,0.32273918,0.32674053,0.5331179
697,0.5749072,0.8084744,0.6070528,0.20301361,0.6945655,0.18067446,0.5381452,0.3786255,0.27357733,0.22597711,0.58482933,0.3509418,0.40300006,0.6084318,0.35456488,0.5556841,0.85331136,0.49505028,0.5735714,0.49238744,0.40622464,0.36667126,0.7742134,0.67024016,0.73847103,0.48855343,0.2305466,0.34266964,0.3531268,0.65052485,0.70945275,0.66631955,0.44196138,0.3481806,0.551473
698,0.79030883,0.798351,0.77928674,0.4920004,0.83631355,0.33283058,0.537718,0.26905662,0.457887,0.14890057,0.44406733,0.3734309,0.3014204,0.535982,0.41893262,0.7564043,0.74796504,0.5878152,0.4396514,0.5098479,0.37971708,0.32696456,0.7667843,0.6737964,0.68244267,0.36262482,0.2978831,0.25706357,0.27664298,0.3569611,0.72765523,0.6649921,0.31625226,0.3489253,0.5388147
699,0.64830685,0.72308224,0.65774536,0.4104373,0.65755826,0.5529455,0.54153514,0.2897939,0.62210935,0.45317292,0.26886612,0.5744447,0.24939728,0.48941216,0.6746365,0.83463323,0.51886994,0.5306484,0.40226632,0.5797682,0.3341698,0.31228426,0.6959735,0.50360215,0.42906195,0.33759078,0.57562333,0.37087828,0.46901137,0.16677442,0.64578474,0.65763736,0.3705248,0.34659666,0.58612233
700,0.814353,0.8013913,0.7975389,0.50724804,0.85647297,0.36901063,0.535205,0.24350715,0.5189723,0.14527713,0.4243463,0.3899845,0.26728803,0.52273417,0.45870763,0.8129395,0.7298172,0.58267957,0.41113877,0.5117527,0.36396095,0.3229321,0.7722616,0.65281856,0.65628797,0.33317924,0.3384464,0.23132114,0.270507,0.29037422,0.7360152,0.6685348,0.28703064,0.32264313,0.53376555
701,0.9162285,0.73603076,0.9037288,0.7722827,0.86205065,0.3679105,0.5547468,0.22173977,0.45877972,0.06673326,0.17496727,0.37586054,0.22870627,0.44448027,0.42769742,0.7626875,0.6692138,0.726985,0.48119146,0.55993015,0.4686157,0.46613163,0.74427724,0.7206016,0.4345271,0.3404811,0.31294757,0.18513481,0.27197433,0.14516358,0.72446185,0.66312635,0.32062602,0.42745858,0.5698922
702,0.5763111,0.83127385,0.600166,0.17293732,0.7286659,0.16041005,0.52899045,0.36401105,0.26869366,0.22243385,0.62748855,0.32382125,0.40989858,0.62992084,0.3475361,0.5780161,0.8740221,0.47588462,0.5608414,0.46957725,0.3855405,0.32312396,0.7889093,0.67697465,0.789691,0.46524566,0.21319047,0.3474559,0.32984948,0.6835068,0.72288626,0.6702133,0.42884716,0.32601503,0.54184765
703,0.5621717,0.78357977,0.59993094,0.23947887,0.67415255,0.20691243,0.5442772,0.39690924,0.28390864,0.2481132,0.56243986,0.36919653,0.40973806,0.59028745,0.36818165,0.54114664,0.8246719,0.5025393,0.57555425,0.5087062,0.42685193,0.3951488,0.74966896,0.64360446,0.705152,0.49492246,0.25187683,0.3528557,0.38044018,0.6325462,0.68393075,0.6525497,0.4571057,0.36909944,0.55521256
704,0.7047812,0.8514515,0.75399286,0.3945879,0.90288126,0.2522688,0.6321447,0.25678968,0.2861067,0.15939045,0.2820282,0.45208496,0.21967995,0.4850894,0.4704481,0.7851566,0.7245542,0.6108867,0.5746277,0.6985466,0.46529275,0.40712625,0.8157276,0.5307705,0.5014904,0.31531972,0.28156108,0.19984053,0.5270131,0.15857022,0.7965261,0.7307128,0.3815133,0.3304133,0.62251216
705,0.6565884,0.7169736,0.6360145,0.30116874,0.5341965,0.85089636,0.45573074,0.22183776,0.936372,0.6487123,0.15327914,0.73538554,0.15144649,0.51911056,0.8797175,0.9788443,0.37087604,0.46796408,0.23838726,0.5111635,0.13669288,0.121948816,0.66207284,0.41918206,0.45439482,0.2977615,0.90103114,0.44882035,0.42643395,0.060433973,0.5811915,0.6526619,0.29646283,0.25957084,0.5798163
706,0.60883594,0.7124783,0.6459595,0.38645628,0.62799764,0.26720205,0.561163,0.41253987,0.29324013,0.26932067,0.4607849,0.42537588,0.39312822,0.5346403,0.39036527,0.5059314,0.72998774,0.56160146,0.56492716,0.553081,0.48040313,0.4677283,0.70551425,0.64492595,0.5430625,0.49557382,0.29263505,0.35753077,0.4032182,0.5128478,0.6547119,0.64084125,0.4530415,0.4374563,0.5770787
707,0.756209,0.81078374,0.73823404,0.40516943,0.83757746,0.31302032,0.52186173,0.27154976,0.46701956,0.17774579,0.50974256,0.35817844,0.31637463,0.5633054,0.42619818,0.7736906,0.76624936,0.54426926,0.43248653,0.47532606,0.3483221,0.29041135,0.777281,0.6639467,0.72688293,0.36203122,0.30338913,0.2791739,0.27703583,0.42114562,0.7315785,0.66457915,0.31848556,0.31941825,0.5250355
708,0.73963034,0.8718418,0.78979367,0.39971083,0.9203538,0.22561154,0.6411725,0.23647945,0.25268513,0.11319004,0.26230198,0.44115573,0.20025773,0.4877739,0.4466126,0.798142,0.7534064,0.6346966,0.5894525,0.71489364,0.47089225,0.39873853,0.836199,0.54707795,0.51401997,0.3062839,0.24787834,0.17447002,0.52167296,0.14008506,0.8207529,0.7492217,0.3743139,0.3231483,0.6334854
709,0.8901129,0.73413974,0.87751377,0.7437809,0.8618577,0.39341,0.55349857,0.22777739,0.49278498,0.08953166,0.18581328,0.3940576,0.22104594,0.43991575,0.4589959,0.7874337,0.6502944,0.6995399,0.47155222,0.56845015,0.46609387,0.45642287,0.7355548,0.6790335,0.41759095,0.3236893,0.35658732,0.18833177,0.2924009,0.13640824,0.713483,0.6558396,0.31661528,0.40417814,0.56403846
710,0.82271737,0.75098985,0.8086212,0.6106613,0.8230955,0.4112602,0.54011106,0.25967866,0.5277882,0.15011942,0.33417866,0.40967217,0.27134615,0.48254013,0.46773753,0.7829038,0.67371434,0.62019145,0.4281439,0.53372276,0.40845662,0.38769102,0.72980744,0.643114,0.55849457,0.34403872,0.37404367,0.23623052,0.29148284,0.24039331,0.6993957,0.64635766,0.3119482,0.37239736,0.54176533
711,0.7488127,0.81239814,0.72991604,0.3831947,0.83280724,0.30509716,0.5229761,0.27997962,0.45899382,0.18422051,0.5297829,0.35813174,0.32445112,0.57183784,0.41911697,0.76437414,0.7728088,0.536813,0.43215156,0.47470254,0.34726113,0.28152576,0.77902424,0.6652489,0.7447134,0.37029254,0.29389405,0.28810486,0.28342408,0.44658947,0.7304017,0.6640649,0.3224215,0.32085115,0.5255111
712,0.64904296,0.7265967,0.65938205,0.40219504,0.6452163,0.5335797,0.54316145,0.29729366,0.5878393,0.4093705,0.23743375,0.57765347,0.24309297,0.5038364,0.64078224,0.81901705,0.51391125,0.5572883,0.43485388,0.6025077,0.34664455,0.30842075,0.6909443,0.5063783,0.45364523,0.34603462,0.560837,0.37491474,0.50779825,0.16541511,0.6441086,0.6666851,0.39265257,0.37743142,0.605044
713,0.77743274,0.82122743,0.8136485,0.49012804,0.8285737,0.30928653,0.60728925,0.25341922,0.34158486,0.17086264,0.26542658,0.4914375,0.21418972,0.5053423,0.49813145,0.7633449,0.6494227,0.67625296,0.4940076,0.7115943,0.41706896,0.31710574,0.7919198,0.61250585,0.47555122,0.33328527,0.27898878,0.22376254,0.43992987,0.12786575,0.7678962,0.72813946,0.36018226,0.40544072,0.6446353
714,0.5614005,0.7680746,0.6024257,0.24727127,0.64100343,0.20082346,0.5426092,0.40448302,0.26587245,0.2474877,0.54941773,0.37414438,0.4118063,0.5881726,0.35841644,0.5130423,0.8217064,0.51229656,0.5826901,0.5111335,0.4338726,0.40714055,0.7445668,0.6605394,0.6728719,0.50865734,0.24946542,0.35694638,0.3767578,0.63845634,0.6788017,0.6532075,0.46180946,0.3857329,0.56000364
715,0.8860715,0.73803484,0.8725907,0.73227566,0.85780895,0.3427511,0.5706528,0.24778366,0.40572685,0.097032726,0.2107211,0.39794832,0.25299662,0.44702345,0.42851526,0.72506934,0.6666192,0.7050648,0.4963097,0.56825894,0.48678413,0.48485032,0.7411381,0.69329697,0.4331627,0.33931068,0.31151226,0.21604738,0.31555694,0.16291404,0.7297559,0.6682998,0.32949924,0.43419075,0.58107316
716,0.7340127,0.81165725,0.71783286,0.3660561,0.82795733,0.31491655,0.525012,0.29001155,0.46608597,0.19676216,0.54882634,0.36757955,0.3327041,0.5705743,0.42543593,0.7624341,0.76958346,0.5240575,0.431144,0.4790319,0.34880868,0.28369188,0.77309406,0.6464834,0.7603737,0.37254208,0.30317572,0.29532078,0.29882225,0.4473261,0.7247869,0.6596494,0.32662812,0.31962457,0.52354425
717,0.8780219,0.75630647,0.8622669,0.688962,0.8579299,0.42701378,0.5436665,0.22204912,0.54791343,0.105773255,0.24576342,0.40976793,0.2256519,0.4574545,0.47555953,0.81845313,0.66956264,0.6609227,0.4259171,0.5433129,0.4127594,0.40793148,0.7406633,0.6623079,0.4999834,0.3171148,0.38582435,0.19210932,0.2649773,0.16156979,0.7143847,0.6557462,0.28816247,0.36839262,0.5477532
718,0.81405526,0.7818268,0.79549456,0.54061514,0.8448752,0.39241463,0.5273937,0.24395509,0.5390452,0.1538061,0.3920364,0.39169008,0.26874074,0.5102459,0.46586657,0.8102649,0.7083654,0.59334934,0.41010493,0.50509566,0.37077144,0.34067857,0.7574693,0.6512678,0.6268533,0.33462504,0.3644414,0.23554102,0.26788697,0.27865142,0.71935475,0.6555023,0.2931445,0.3372325,0.5301264
719,0.619521,0.7012218,0.61468345,0.30099362,0.4879338,0.8063011,0.46947068,0.24656506,0.8887119,0.65652674,0.16306774,0.7189075,0.17204057,0.5266217,0.85749054,0.95889986,0.36102343,0.48479304,0.28143057,0.5400851,0.16643292,0.14414872,0.6542034,0.4449286,0.4346556,0.31453308,0.8440895,0.47079715,0.48570377,0.07807347,0.57092845,0.65678364,0.34912062,0.30451095,0.5985935
720,0.5907434,0.73387283,0.62468123,0.30480495,0.5327895,0.615661,0.52390015,0.2674087,0.6851185,0.5160965,0.1992991,0.6344379,0.20345435,0.5315498,0.7516228,0.89853704,0.45086604,0.52811134,0.392875,0.60362744,0.2551167,0.2127856,0.7040804,0.50156564,0.44657588,0.3231816,0.62292683,0.4186017,0.56811935,0.11405538,0.62918186,0.69017404,0.42286843,0.3545751,0.6235737
721,0.7141353,0.8464924,0.6934182,0.2761414,0.84748554,0.24621597,0.51283646,0.2801087,0.42009526,0.19404523,0.61358213,0.32832208,0.3444524,0.6137694,0.40568417,0.7618655,0.8210541,0.49150196,0.43661276,0.44027838,0.31750914,0.2393705,0.80656815,0.6706149,0.8172625,0.37110335,0.26335555,0.30576295,0.27413854,0.53923875,0.75082356,0.67570686,0.32559046,0.28356826,0.5163546
722,0.7102376,0.81535256,0.7362176,0.4659124,0.9026181,0.30040437,0.6194561,0.27735308,0.3941046,0.23287149,0.34052694,0.44905394,0.2543262,0.45220524,0.5113653,0.79580224,0.6766186,0.5759317,0.51534206,0.6641716,0.49890023,0.44672862,0.77808076,0.5173257,0.44590297,0.295276,0.34892392,0.21649012,0.47011024,0.17997189,0.7623422,0.6888353,0.33561337,0.3237479,0.5850178
723,0.6446177,0.8342699,0.69171363,0.35235533,0.8827423,0.21522948,0.61935586,0.31291136,0.25981063,0.1678045,0.379067,0.4200856,0.29472238,0.50450444,0.42019495,0.69601107,0.76623315,0.563454,0.59548855,0.6349628,0.47106808,0.44935733,0.79275405,0.5316673,0.5854171,0.36646336,0.27014145,0.2466847,0.50081384,0.2891285,0.7710288,0.700858,0.41102725,0.3386821,0.596003
724,0.91926956,0.74188554,0.907024,0.7730596,0.8670317,0.3762499,0.551031,0.2140923,0.47782248,0.06339975,0.17637636,0.37139368,0.22272786,0.4453978,0.42821604,0.7776109,0.6765353,0.7262555,0.47250253,0.5553368,0.45696893,0.45545202,0.74728644,0.723188,0.44849414,0.3378214,0.31455362,0.17711863,0.25854507,0.14403036,0.7255825,0.66313446,0.31333643,0.4188512,0.56471956
725,0.8399741,0.76931554,0.8194246,0.60505044,0.8492916,0.4700462,0.5400171,0.22720842,0.5759898,0.17399101,0.2744366,0.465106,0.22591233,0.4641993,0.5332509,0.82111883,0.6607379,0.60493624,0.39247808,0.52918255,0.3755404,0.37630832,0.7390805,0.59163916,0.51441854,0.29970378,0.47341976,0.21847129,0.28230923,0.16487935,0.7131356,0.6553475,0.26990345,0.33036906,0.5427246
726,0.8418573,0.77087563,0.8331769,0.6364044,0.8599941,0.3185025,0.5777602,0.26274386,0.38278064,0.1134053,0.2774816,0.40141168,0.2696619,0.4696135,0.4278601,0.73493475,0.69906443,0.6643194,0.503524,0.57655036,0.4692669,0.45737076,0.7551114,0.66000086,0.50716317,0.34636903,0.30142492,0.22426674,0.34501538,0.20557365,0.74212104,0.67629206,0.3412938,0.40239516,0.5788739
727,0.6093791,0.7560536,0.6593102,0.20933564,0.39726618,0.7230897,0.47945237,0.19644932,0.79111904,0.5752619,0.119021274,0.7456378,0.13106194,0.5915305,0.84894526,0.9464504,0.31726137,0.5764791,0.31713024,0.6659464,0.13512054,0.08099149,0.71535265,0.52758884,0.42879754,0.2906395,0.6853927,0.46605843,0.6290482,0.043070737,0.5992411,0.73834497,0.43004927,0.4083255,0.6890081
728,0.6446892,0.75378007,0.6440855,0.33543998,0.6879211,0.51998943,0.51853067,0.2898782,0.6108174,0.4227942,0.3656966,0.5318583,0.26683727,0.52913946,0.62507355,0.82263213,0.58018345,0.4996224,0.39842248,0.5382759,0.3073223,0.2733981,0.7123014,0.52187455,0.55251426,0.3556262,0.5458676,0.36159772,0.42958587,0.2732129,0.6547843,0.65436184,0.3682077,0.30751595,0.5658962
729,0.60397327,0.75357527,0.6198918,0.34349597,0.7129146,0.40931877,0.54801285,0.33509105,0.50265396,0.36169276,0.4162249,0.48355493,0.32382822,0.526029,0.5460998,0.74909896,0.63807297,0.50276315,0.46455747,0.5455241,0.37685877,0.35211998,0.7129506,0.5280995,0.58334297,0.37683582,0.44601917,0.36379907,0.45196065,0.3367136,0.6669043,0.6467243,0.40211573,0.34325734,0.5608633
730,0.7811796,0.79955703,0.7651073,0.46197423,0.83982754,0.3565662,0.5309759,0.26507646,0.49847978,0.16487603,0.46677628,0.3848773,0.29695302,0.53611785,0.44493932,0.789796,0.73870575,0.5625831,0.42228442,0.4993083,0.3608087,0.31626144,0.7652344,0.64458025,0.6943892,0.35087943,0.33289093,0.25642413,0.28462234,0.34731093,0.72555673,0.66082823,0.30647734,0.3287929,0.5297302
731,0.9167161,0.73170274,0.9040227,0.7736372,0.858494,0.39560083,0.544211,0.21549892,0.5065178,0.06716249,0.17096826,0.37523788,0.22057322,0.44399828,0.44320196,0.7858593,0.6633928,0.7199272,0.46593195,0.55085737,0.45297927,0.4510645,0.73799,0.71424544,0.4373495,0.3380618,0.3375667,0.17937545,0.25833228,0.14225595,0.7131713,0.65506876,0.31630063,0.41386017,0.5591086
732,0.6266519,0.6926706,0.63036263,0.3687766,0.5070921,0.6910973,0.49886388,0.2767309,0.773839,0.56880003,0.21943279,0.64588416,0.22191778,0.51711744,0.77161586,0.89232415,0.41631603,0.515847,0.33640367,0.55609554,0.24443285,0.21575162,0.6643208,0.49874514,0.4283498,0.32837224,0.7066903,0.44326496,0.48947296,0.124945186,0.59227467,0.6551634,0.37695718,0.35461462,0.5969559
733,0.7571273,0.7561945,0.7593691,0.55117893,0.8278124,0.3321284,0.5773922,0.3006698,0.39856106,0.1684333,0.32205588,0.42268434,0.29853672,0.4772416,0.450015,0.7129514,0.6835584,0.6089679,0.5110942,0.57811785,0.46641222,0.45870036,0.7330769,0.597508,0.5160668,0.35848755,0.34121594,0.260809,0.3984168,0.25228134,0.71442854,0.6589357,0.36968198,0.39050588,0.5713279
734,0.65839994,0.8525591,0.63709223,0.19055718,0.82786834,0.21864018,0.5035072,0.3044346,0.39810562,0.23884547,0.6872512,0.31914574,0.38236988,0.6408416,0.4006442,0.735694,0.8380316,0.44949216,0.43910384,0.41441822,0.30154997,0.21283937,0.8063146,0.65925604,0.86975974,0.3834348,0.25794205,0.3473847,0.28306833,0.62679803,0.74478793,0.67077017,0.34136117,0.27291542,0.5082369
735,0.628127,0.78759843,0.6686621,0.3891104,0.82747144,0.27574036,0.60318863,0.3357326,0.32287598,0.221752,0.3720325,0.44548184,0.31326523,0.49426737,0.45289335,0.68236417,0.71086663,0.5557785,0.5681755,0.62175304,0.4778691,0.45798865,0.7479683,0.5302496,0.52662194,0.38061243,0.32582325,0.28096586,0.4922815,0.29881734,0.72610795,0.6727997,0.42079106,0.36287206,0.58580863
736,0.8507856,0.75230134,0.8411828,0.66599953,0.8450078,0.32585135,0.5806409,0.26891452,0.37945467,0.10755162,0.23759624,0.40705103,0.26879302,0.45967183,0.42599145,0.71589446,0.6777294,0.6796695,0.51588476,0.5949949,0.48645025,0.47291917,0.74308276,0.66156787,0.46395677,0.35478708,0.30581555,0.22426207,0.3622628,0.1940285,0.7309605,0.67113215,0.35496745,0.4220976,0.5857456
737,0.67677915,0.8024725,0.7156413,0.3636706,0.74079233,0.4169538,0.5815342,0.25410908,0.4603088,0.2981022,0.23318379,0.53571826,0.20560667,0.51526177,0.5971478,0.84065276,0.60352063,0.5922644,0.48798633,0.66451555,0.35694906,0.29637122,0.7684797,0.5345346,0.48765916,0.32070172,0.41572514,0.2917233,0.54084665,0.13043901,0.72420156,0.7177782,0.40509504,0.35185757,0.6300844
738,0.8726487,0.75385296,0.8600445,0.68190193,0.8534996,0.39196,0.5463394,0.2317029,0.5021168,0.105310485,0.26096505,0.3961651,0.24180882,0.46478933,0.45375115,0.7854104,0.67799795,0.6696481,0.4455467,0.5407461,0.42683297,0.41460213,0.74521035,0.6793295,0.5067653,0.33255213,0.35119644,0.20541605,0.27290952,0.18678176,0.71967983,0.65989995,0.30353087,0.38783488,0.55449927
739,0.68544084,0.8600351,0.6644465,0.20236993,0.8432859,0.23336491,0.49894506,0.28407517,0.42510304,0.21668799,0.68430585,0.3178535,0.35987365,0.64079714,0.39966434,0.7639491,0.84163475,0.4585988,0.41916424,0.41472858,0.2902829,0.19786344,0.81619567,0.6735071,0.878544,0.3734699,0.255565,0.32681638,0.26346245,0.5999201,0.752806,0.6753232,0.32039252,0.26653582,0.5040306
740,0.8613101,0.7370954,0.8445727,0.6770278,0.83288336,0.44350785,0.5398414,0.23888686,0.56276023,0.132183,0.25660956,0.42364782,0.2400457,0.45860776,0.48909417,0.8006854,0.65109146,0.6461744,0.42008084,0.5372038,0.41228014,0.40959215,0.7228509,0.64376307,0.49136382,0.32766637,0.413992,0.21378084,0.27475005,0.1771698,0.69514525,0.6439044,0.29703835,0.37568852,0.5443301
741,0.8212798,0.7912644,0.8049207,0.52911127,0.84261703,0.34258455,0.53612125,0.2560142,0.47604623,0.13581076,0.41058213,0.37123734,0.28467396,0.5285611,0.4177452,0.7722436,0.7375046,0.61267775,0.43158498,0.51500994,0.3805346,0.31941912,0.7678794,0.6956782,0.6580864,0.36076427,0.29375637,0.2458132,0.2640616,0.32672942,0.7298492,0.6658328,0.30819362,0.35889146,0.5412156
742,0.6792172,0.86215246,0.65599096,0.18717913,0.84597635,0.22542837,0.5004985,0.28850964,0.41790214,0.22056255,0.69029444,0.31667736,0.36532176,0.644682,0.39856172,0.7620884,0.8456982,0.4527158,0.42650127,0.41236633,0.28875136,0.19641535,0.8169023,0.66778296,0.8858693,0.37761965,0.25582606,0.3307351,0.2714655,0.61415464,0.752671,0.6751179,0.32706162,0.2638661,0.5054636
743,0.7946005,0.79400605,0.77999604,0.49008855,0.8366246,0.3576991,0.52932847,0.26030755,0.49974775,0.15917015,0.4511323,0.37956184,0.29140308,0.533301,0.4352967,0.7855924,0.73439455,0.58095485,0.41810742,0.5039139,0.36522174,0.31468207,0.76570255,0.66493016,0.68460464,0.3547198,0.31799468,0.25331077,0.27353245,0.33783793,0.7257228,0.66189635,0.30339232,0.34149727,0.53077954
744,0.9160366,0.76098186,0.90369093,0.7505467,0.8699454,0.40105057,0.5473021,0.20588262,0.5226256,0.069263615,0.21336925,0.3804091,0.21379614,0.45571676,0.43270254,0.8056103,0.68770415,0.7133678,0.4320422,0.55178964,0.42209005,0.402445,0.75590813,0.72424734,0.50230706,0.32864,0.31967545,0.171543,0.22882788,0.14971891,0.7298477,0.66636384,0.28215662,0.39430484,0.5549774
745,0.5723667,0.6719789,0.5865103,0.27209362,0.39790797,0.8481121,0.4614562,0.25686756,0.919819,0.73032725,0.14898166,0.74393374,0.18141253,0.53285134,0.89184105,0.96833754,0.28829527,0.4865965,0.27818054,0.54978406,0.1489089,0.118779376,0.63109726,0.46138868,0.4066964,0.34032643,0.8606324,0.5159286,0.53408957,0.07437564,0.53750813,0.6612343,0.39638546,0.33226973,0.6187247
746,0.78795123,0.7994481,0.7631974,0.46037978,0.8381828,0.40082994,0.5191117,0.24603538,0.5643667,0.18523446,0.43260747,0.40706366,0.27083334,0.5326046,0.48826617,0.8270521,0.7238666,0.5482273,0.38902754,0.4841198,0.3341199,0.3030954,0.7655438,0.62487,0.6737933,0.32998008,0.40085062,0.25446087,0.2713036,0.31496233,0.7229262,0.6572815,0.2850625,0.302488,0.5217787
747,0.7191742,0.82054937,0.70281255,0.34003156,0.83062613,0.33860204,0.5198506,0.278701,0.50123507,0.21550322,0.5604725,0.38331133,0.32083338,0.56998974,0.45731622,0.7967518,0.76118034,0.5012686,0.40552267,0.47547016,0.33013466,0.27222174,0.7774349,0.61662674,0.76560736,0.351262,0.33942866,0.28947115,0.29789874,0.42434746,0.7292236,0.6607755,0.309171,0.29349425,0.51661026
748,0.74290574,0.83841974,0.7219377,0.32548553,0.85551614,0.27009946,0.51634127,0.26949173,0.4390602,0.17581818,0.57560843,0.33557537,0.3267421,0.5969494,0.40642816,0.77575034,0.8065127,0.5157173,0.43328604,0.45367295,0.3240655,0.25216496,0.8017548,0.67354995,0.7939861,0.364608,0.2714227,0.28603706,0.26997006,0.48741007,0.7496288,0.6747529,0.3158847,0.29561132,0.51908886
749,0.794318,0.7859468,0.7817162,0.5142787,0.8394915,0.33779973,0.54712427,0.2733082,0.45295343,0.14683715,0.40974838,0.38582554,0.29695842,0.5174093,0.43444508,0.76268804,0.7297573,0.59168017,0.45416316,0.5236137,0.39987916,0.3686394,0.75703186,0.64678687,0.6384417,0.35765666,0.31634673,0.2518863,0.30857483,0.3165501,0.7260772,0.66246057,0.32989907,0.35580164,0.54494584
750,0.744286,0.85083467,0.7727095,0.42449886,0.906,0.21124549,0.63077986,0.27333167,0.22852866,0.10311365,0.30180082,0.41596594,0.2530951,0.4953483,0.39712936,0.72750825,0.77360785,0.6304013,0.5961197,0.66673267,0.4720006,0.44303256,0.8132849,0.5760397,0.57054186,0.35723037,0.23427644,0.19716024,0.47667637,0.21356407,0.79938227,0.72504365,0.39007276,0.3485239,0.61532086
751,0.77641165,0.8408643,0.7981929,0.4639493,0.8890241,0.23968413,0.62288487,0.2701602,0.24637644,0.10055499,0.2913932,0.42703933,0.24572024,0.49689206,0.40476933,0.7346631,0.7466775,0.6502794,0.5696615,0.6730203,0.46583018,0.4157055,0.80568457,0.5928297,0.5540404,0.35866252,0.24106154,0.1968061,0.45446557,0.19784904,0.79013693,0.72364384,0.3822226,0.36370414,0.6196164
752,0.7494941,0.80570734,0.72946924,0.41438025,0.83396626,0.3663462,0.5276266,0.26595226,0.5175071,0.20241952,0.48004532,0.40461206,0.296686,0.5406399,0.47948343,0.8080977,0.72976935,0.5283495,0.4065469,0.4936761,0.34549624,0.30862433,0.76655644,0.60870296,0.6885743,0.33396727,0.37440497,0.27054223,0.2994853,0.34651193,0.726514,0.66072726,0.3003949,0.30290985,0.5262426
753,0.8899458,0.7645953,0.8770817,0.70322907,0.8679131,0.38514826,0.5525915,0.22165787,0.49460617,0.0893418,0.24426237,0.39074358,0.22983773,0.46111116,0.44158322,0.79334944,0.6895788,0.68560994,0.44631854,0.5512589,0.42871505,0.4159301,0.7549945,0.6945373,0.5096552,0.3279594,0.32898265,0.1900811,0.26434544,0.16774186,0.73130673,0.6670497,0.2951544,0.38801226,0.55694973
754,0.60849845,0.6707172,0.6109415,0.2808721,0.48462883,0.89299506,0.45014882,0.23452964,0.9516697,0.7572314,0.1374247,0.7633534,0.15745409,0.5143933,0.90683985,0.9807951,0.26909724,0.480843,0.25485602,0.5395313,0.13966335,0.11052805,0.6152915,0.43339244,0.38910764,0.34158853,0.9131071,0.49776107,0.48627633,0.057933897,0.5293997,0.6475423,0.3522225,0.29565805,0.60898286
755,0.69294393,0.86757267,0.6727851,0.2098537,0.8589517,0.2294029,0.5154847,0.2838257,0.40962172,0.20033443,0.6622146,0.32747507,0.3497421,0.63009214,0.40633836,0.7778925,0.8420122,0.4651092,0.4421619,0.43770045,0.30265355,0.21991912,0.82029283,0.6487428,0.86454344,0.36954147,0.2586434,0.30608577,0.29070395,0.56050426,0.7643552,0.6832741,0.32632342,0.2614189,0.51508677
756,0.6746276,0.8787255,0.6507327,0.15015265,0.85396826,0.18808076,0.49234265,0.2801603,0.3872482,0.21168192,0.72221863,0.29249707,0.36971384,0.66814125,0.3810946,0.7564442,0.8723736,0.4407042,0.42781457,0.39205685,0.2732734,0.17404883,0.83390045,0.691258,0.9083773,0.3766323,0.22764726,0.3338908,0.25031725,0.66246426,0.76686305,0.6849359,0.3238831,0.24900012,0.50140506
757,0.76375175,0.8134259,0.7476214,0.4102002,0.8444592,0.31239724,0.53176624,0.27498528,0.454215,0.17029333,0.5087376,0.36886677,0.3137429,0.5579915,0.42484707,0.772545,0.7656624,0.547755,0.4348472,0.48985726,0.36010072,0.30521113,0.7786023,0.65330184,0.7289596,0.3601174,0.2985126,0.27359012,0.29383495,0.3998429,0.7369357,0.6678404,0.3189723,0.32439932,0.5304094
758,0.75140774,0.7925734,0.73951644,0.4602604,0.83209324,0.38783062,0.54264325,0.2700488,0.5170676,0.20297794,0.43474174,0.42607585,0.28417015,0.5137733,0.49130344,0.8075568,0.7008719,0.5489821,0.4208303,0.5317111,0.37637663,0.3430729,0.75411284,0.58736366,0.63743484,0.32936943,0.38703924,0.25896534,0.33386287,0.28828564,0.7199413,0.6583795,0.31012154,0.32052964,0.53783727
759,0.8812879,0.7275043,0.867468,0.72639847,0.8416234,0.40420404,0.5479373,0.23971975,0.50611544,0.10143609,0.21772738,0.39715758,0.24184194,0.4501114,0.45654765,0.773189,0.65412295,0.68405515,0.45832187,0.5511079,0.45086092,0.44750977,0.7248901,0.67754126,0.45350367,0.3397239,0.35968482,0.20551424,0.28402847,0.16804436,0.7010024,0.64835733,0.320359,0.40668792,0.55629754
760,0.80506593,0.8042656,0.7867516,0.48952156,0.850663,0.33411175,0.5287434,0.25289774,0.48263502,0.14627984,0.44474632,0.36671346,0.29061264,0.54104453,0.4246294,0.78142405,0.75026715,0.58562183,0.42206207,0.49336663,0.36104184,0.30745268,0.775882,0.6843482,0.68714964,0.35185266,0.30281886,0.25243205,0.25796646,0.35776624,0.7346357,0.66771567,0.2999129,0.33573616,0.53217924
761,0.7598659,0.84150994,0.73895204,0.34703904,0.86029273,0.253223,0.51461923,0.25868866,0.41400447,0.15512511,0.5631959,0.3229474,0.32277927,0.60238755,0.39053386,0.7648991,0.8118765,0.5300072,0.43369895,0.4493722,0.32264957,0.2454638,0.8075286,0.70427287,0.7805964,0.36387894,0.24901044,0.2804963,0.24492887,0.49599543,0.757696,0.68230706,0.31137925,0.29879206,0.5219053
762,0.8517872,0.772818,0.84464407,0.655869,0.86818135,0.3089177,0.58969784,0.25420865,0.35924736,0.10615344,0.22550574,0.41331688,0.24928156,0.45518127,0.43172598,0.732632,0.68569607,0.6833669,0.52336335,0.60888046,0.49067926,0.4729847,0.7615973,0.65633374,0.4479975,0.3366397,0.29956105,0.21058843,0.3744399,0.16944346,0.75228834,0.68648833,0.34535998,0.40958467,0.59440744
763,0.85695946,0.75634646,0.840298,0.6495651,0.8441847,0.42486152,0.5374219,0.23254867,0.5542891,0.12281092,0.28348014,0.40742236,0.24188817,0.4718295,0.47425097,0.8117732,0.675809,0.6413605,0.41997147,0.5308988,0.39957508,0.39111656,0.73880595,0.6561581,0.5372673,0.32878813,0.38591662,0.20827445,0.26663607,0.19481526,0.7091321,0.6512021,0.2936048,0.36467153,0.5412222
764,0.68182254,0.85795707,0.65994596,0.20277628,0.841562,0.2380323,0.50296074,0.2890189,0.42727166,0.2208283,0.6776929,0.32507965,0.36162433,0.6362302,0.40652698,0.7649213,0.83665526,0.4576315,0.42536697,0.42063612,0.29451776,0.2060676,0.81258506,0.6603573,0.8743825,0.37548453,0.2649688,0.32640436,0.27588552,0.59191704,0.7504388,0.67381275,0.32544222,0.26710495,0.50710726
765,0.62752056,0.8635684,0.6243316,0.15261754,0.8066608,0.16422848,0.506029,0.31478816,0.32038295,0.21559067,0.69687426,0.29351208,0.39442635,0.6605835,0.3604753,0.6781746,0.8793837,0.44978538,0.48647434,0.41921443,0.31916833,0.22574261,0.81741774,0.68831426,0.8699422,0.4076867,0.20996556,0.34521657,0.27629906,0.690189,0.750312,0.67960006,0.36855584,0.27825925,0.5172087
766,0.66432965,0.87641656,0.6429208,0.15459114,0.84927464,0.18317984,0.5002272,0.2902354,0.36666733,0.21299024,0.713518,0.29558855,0.37734336,0.6624345,0.380892,0.7401589,0.87100285,0.44197416,0.44453105,0.40116888,0.2850663,0.19064283,0.8296871,0.6801137,0.8997742,0.3814638,0.22556524,0.33561066,0.26428616,0.65930086,0.7653091,0.6842423,0.33644733,0.2537735,0.50630504
767,0.8112877,0.7676611,0.7994994,0.57367414,0.8254887,0.37270012,0.54172707,0.26754984,0.49458623,0.15350905,0.3739849,0.38700706,0.28535292,0.5032062,0.43097362,0.7619294,0.7090966,0.6258136,0.4427229,0.53181094,0.40292317,0.3560515,0.7451395,0.6768883,0.6127019,0.36373883,0.32065377,0.24745758,0.2863747,0.2948947,0.7102953,0.65439403,0.31966472,0.3780829,0.5452275
768,0.80359745,0.7856759,0.7870914,0.51413316,0.83889484,0.36259007,0.5343555,0.2610468,0.49846515,0.15014076,0.42066246,0.38650805,0.28816813,0.5224452,0.44268227,0.7809109,0.72384036,0.5869394,0.4258576,0.5083404,0.37597317,0.33730897,0.7579203,0.6571654,0.65077657,0.35185432,0.33115312,0.24801078,0.27871028,0.32160395,0.72089803,0.6589333,0.30686772,0.34540516,0.53461945
769,0.7610899,0.8132288,0.7428903,0.4019455,0.84677804,0.29342946,0.52840376,0.27427495,0.44269687,0.16326608,0.50178295,0.35132998,0.31802607,0.5654022,0.41792506,0.76456606,0.7755326,0.54553455,0.448978,0.47844297,0.3573218,0.30394492,0.78196096,0.6626389,0.7227861,0.36683246,0.28952327,0.27389222,0.28673664,0.43041748,0.7362413,0.66686916,0.32891887,0.32047343,0.5292547
770,0.805274,0.8033428,0.78642535,0.48221022,0.8499466,0.32431474,0.53353417,0.2606902,0.46183363,0.14043573,0.45164356,0.3639981,0.29704127,0.54637766,0.41216627,0.76944584,0.7538543,0.58704555,0.4341177,0.50135386,0.3674922,0.3074157,0.77478635,0.6862941,0.69286025,0.36205617,0.2891515,0.25460848,0.26843756,0.36959884,0.7344583,0.66831225,0.31059366,0.34349093,0.5366836
771,0.89326173,0.74099714,0.88153476,0.7347013,0.8553961,0.36744606,0.5599509,0.23567538,0.45525151,0.08282298,0.20074566,0.38889742,0.23889849,0.44994193,0.43316984,0.7571445,0.6716727,0.7043282,0.4804154,0.56638557,0.46561304,0.45950112,0.74115807,0.69556797,0.45139813,0.3418251,0.32122305,0.19724935,0.29457685,0.16302755,0.72133195,0.66210306,0.3256331,0.41823658,0.5688965
772,0.7937869,0.8000681,0.7746185,0.47355923,0.84800214,0.32211167,0.53471214,0.26638737,0.45843276,0.15087399,0.45239916,0.36737087,0.3032358,0.5415652,0.4228403,0.7675924,0.7505065,0.57795876,0.44279918,0.49763814,0.37401757,0.3252616,0.7707121,0.67024976,0.6828681,0.35926586,0.3018784,0.2611274,0.28315553,0.36714768,0.7324092,0.66563714,0.31707612,0.34154028,0.5367627
773,0.7114275,0.8458301,0.68904656,0.26723933,0.8439047,0.25340983,0.51060504,0.2840159,0.42657095,0.20178017,0.6335861,0.33168516,0.35050777,0.617808,0.40272135,0.7606952,0.81874704,0.4873616,0.42840338,0.43776885,0.3108193,0.22523117,0.8038019,0.67216784,0.8349929,0.37275714,0.26441374,0.31370297,0.27175504,0.5467124,0.7480557,0.6738818,0.3215837,0.28648606,0.51438355
774,0.6783711,0.84100026,0.65831643,0.23624463,0.8266721,0.24729171,0.50966084,0.30152115,0.41585335,0.22720876,0.65025103,0.33558697,0.36866012,0.62200534,0.40915227,0.74242085,0.8173792,0.46940652,0.43717265,0.43373036,0.31275156,0.23013374,0.7960708,0.6512207,0.84249574,0.3824553,0.27478343,0.33229172,0.2896157,0.57702464,0.7369108,0.66747,0.33894125,0.28584942,0.5134249
775,0.7848903,0.7857277,0.772104,0.5115625,0.8416147,0.35621634,0.55043435,0.26998797,0.47261876,0.16607264,0.40091562,0.40720063,0.2885411,0.5078112,0.4566845,0.77481294,0.7111919,0.58370554,0.4434363,0.53335243,0.40011734,0.3691639,0.7540243,0.6255496,0.61320657,0.34310126,0.34416574,0.2533466,0.32063866,0.28954422,0.7250482,0.6631974,0.31735346,0.34824497,0.54620856
776,0.64808095,0.80773926,0.6673528,0.3482425,0.8300425,0.25194508,0.58427966,0.33839735,0.32058197,0.20606954,0.45542097,0.40677637,0.34118327,0.5317076,0.42003998,0.6743463,0.76436716,0.53741014,0.5472625,0.57185477,0.4357337,0.40671754,0.76328427,0.5630017,0.65882903,0.3952915,0.29168585,0.2902997,0.43814224,0.38835537,0.7312449,0.67075384,0.4088828,0.34711912,0.5684343
777,0.8720724,0.8036741,0.88462746,0.65465534,0.8669163,0.23208153,0.6271601,0.27869195,0.21362107,0.08214319,0.27152175,0.43360502,0.25207654,0.4795062,0.361586,0.63671577,0.6926384,0.7332737,0.5088965,0.6759144,0.50674933,0.43960708,0.79923815,0.7060758,0.46079272,0.35692263,0.19907637,0.20793101,0.33453697,0.16435611,0.7896678,0.7296959,0.32807368,0.44378233,0.6419654
778,0.7353896,0.8250232,0.7168168,0.34972358,0.836139,0.31812674,0.52582407,0.28064007,0.47499165,0.19273941,0.5552429,0.37553087,0.32351726,0.57237494,0.44170552,0.78814906,0.773048,0.51331604,0.4235577,0.47932872,0.33539099,0.27800593,0.7812461,0.6303598,0.77119184,0.35947788,0.31641778,0.28458315,0.29778486,0.42674714,0.73670554,0.66731393,0.31642103,0.2997448,0.52350456
779,0.69017965,0.8938692,0.6607537,0.13307515,0.8757286,0.17462644,0.4882048,0.2634812,0.38361153,0.19500057,0.74064845,0.2795752,0.36038756,0.6810413,0.3741799,0.77824444,0.88606435,0.43420252,0.42038172,0.37913665,0.2539517,0.15312016,0.8499489,0.7033147,0.92601156,0.36659715,0.21495195,0.32195687,0.23474517,0.6695205,0.78431296,0.69534665,0.30929393,0.23121479,0.4974009
780,0.9174388,0.763309,0.9053074,0.7477488,0.8746644,0.3859945,0.54979634,0.20730603,0.5016802,0.06584759,0.21473368,0.37411836,0.21656707,0.45779982,0.42456275,0.8004379,0.6944274,0.71776944,0.44441524,0.55341977,0.42962033,0.40933228,0.7589983,0.72947156,0.5030937,0.33177108,0.30714178,0.17332658,0.23518483,0.15267119,0.7348574,0.6697813,0.29012126,0.3983821,0.55853957
781,0.5394355,0.8562876,0.5906299,0.12367344,0.7073228,0.10368711,0.54587615,0.3743487,0.1749365,0.17201272,0.60019106,0.3052922,0.41077548,0.6461252,0.28965962,0.4936026,0.91883963,0.48965755,0.66208285,0.49465126,0.41780347,0.36743432,0.8140642,0.7209798,0.7855958,0.52103627,0.16224465,0.3171185,0.33179203,0.7296586,0.75086606,0.6953748,0.47450322,0.32600242,0.5667574
782,0.7200272,0.82346356,0.7008482,0.3205761,0.8311116,0.2908637,0.5139526,0.28672153,0.45802817,0.20653248,0.5881897,0.3501894,0.34108657,0.5945711,0.41595975,0.7623619,0.7887846,0.50557363,0.4237163,0.45374584,0.32772708,0.25309858,0.7857544,0.6608176,0.7942098,0.37339807,0.29050153,0.30768982,0.28155288,0.5028192,0.731006,0.663311,0.32259592,0.3050953,0.5168853
783,0.65898496,0.84435177,0.7054097,0.3684167,0.89772546,0.23725565,0.6281282,0.29057875,0.30454832,0.19342878,0.36544052,0.4312201,0.26742777,0.48365384,0.4679233,0.76114225,0.7334453,0.56346095,0.5672691,0.6622769,0.48399726,0.43570748,0.80099356,0.50632304,0.53838605,0.3223358,0.2996783,0.22404556,0.50461334,0.23597483,0.78089845,0.70573336,0.37492153,0.31427896,0.59541976
784,0.87792,0.7829723,0.86475056,0.6452853,0.8598005,0.3888234,0.5451954,0.22968543,0.5086733,0.098161906,0.33056888,0.38866022,0.24670252,0.49115396,0.426017,0.7968098,0.7105071,0.663904,0.41666442,0.5419313,0.39396873,0.3487721,0.7619142,0.70344555,0.6077501,0.34066936,0.308464,0.20357239,0.2425333,0.21692455,0.7329281,0.6700417,0.28159592,0.37456864,0.5478334
785,0.60502684,0.8430899,0.61133766,0.17731825,0.77257955,0.174897,0.5183884,0.3419241,0.3055484,0.23019564,0.6629639,0.31258664,0.40548164,0.6406906,0.36477977,0.63594925,0.86482537,0.46319693,0.5112468,0.44573107,0.35422295,0.27131194,0.79722965,0.669842,0.83216983,0.427548,0.21979542,0.35363922,0.30806822,0.6763958,0.73076785,0.6695796,0.3958134,0.3050976,0.52796113
786,0.5787574,0.8275116,0.60190314,0.20049839,0.74845743,0.1798569,0.5415997,0.3676093,0.2796031,0.23144095,0.61285555,0.3360288,0.4086562,0.61544,0.3661588,0.59436494,0.8545119,0.48001695,0.56085765,0.4873642,0.404238,0.33954424,0.7792789,0.6470401,0.7784324,0.44995174,0.2261188,0.34496653,0.35386842,0.64390975,0.7196025,0.66481555,0.4316013,0.32664138,0.54538655
787,0.80455893,0.81827605,0.7880032,0.4705023,0.8544529,0.28359345,0.5332266,0.25411496,0.41447908,0.12704639,0.45473653,0.341932,0.29825348,0.55989033,0.38707218,0.7540613,0.78085715,0.59464645,0.44690165,0.49695474,0.36463866,0.2961269,0.7912167,0.7172591,0.7016851,0.3674416,0.24998307,0.25120303,0.24855964,0.39862213,0.7499851,0.67990667,0.31317216,0.34016678,0.5408205
788,0.76923764,0.8267363,0.7494837,0.39567837,0.85399073,0.2847852,0.5201356,0.2605784,0.4428936,0.1601553,0.522086,0.33945194,0.3131612,0.5797702,0.4026451,0.77070075,0.7899203,0.5479844,0.42861897,0.46592456,0.33872843,0.26992983,0.79549444,0.6943078,0.7498015,0.36122927,0.26867598,0.27433333,0.25461015,0.44994363,0.747418,0.67465603,0.30926424,0.3136302,0.52468795
789,0.7070352,0.8251255,0.7685268,0.4973015,0.9120747,0.24862914,0.6474797,0.277376,0.29409653,0.21405497,0.3030035,0.4687428,0.23048297,0.44350475,0.48112673,0.74887824,0.6555278,0.6255787,0.53736126,0.7330654,0.5365731,0.44838348,0.7996016,0.53345525,0.3671208,0.2853587,0.2960384,0.20477672,0.49183083,0.13136835,0.78508615,0.71863365,0.33644548,0.36354652,0.6271485
790,0.6667754,0.8857973,0.6473066,0.13291995,0.8548789,0.16454054,0.4905471,0.27840918,0.3571245,0.20272127,0.73329747,0.27823558,0.3741249,0.67951614,0.36611137,0.7437505,0.88711435,0.43635553,0.44139704,0.38557678,0.26980025,0.16876656,0.84096014,0.7036689,0.91393566,0.38136443,0.20833007,0.33350295,0.24226145,0.6912929,0.772696,0.69074935,0.32902384,0.24404964,0.50237393
791,0.7623471,0.8422941,0.7168872,0.3318767,0.8320506,0.5639912,0.4866902,0.19923623,0.738893,0.3029994,0.40925384,0.51027966,0.2056433,0.5465534,0.65485305,0.9182267,0.6936842,0.45529136,0.27383074,0.44517136,0.21574047,0.19501674,0.7885312,0.50448394,0.70646536,0.25666028,0.6360289,0.26603383,0.2561756,0.22772339,0.732443,0.66428494,0.21876653,0.18754187,0.5008606
792,0.7991338,0.8066599,0.7809504,0.4686467,0.847527,0.3213943,0.5316857,0.26244932,0.4602999,0.14624625,0.46821538,0.36331525,0.30052045,0.55149966,0.40990058,0.76829946,0.7584748,0.58203304,0.4296944,0.49776515,0.36190313,0.29715866,0.7769067,0.6883424,0.7078042,0.36356145,0.28502896,0.2596357,0.26514286,0.3806097,0.73512495,0.66913694,0.30927303,0.34083506,0.5350891
793,0.535686,0.80108786,0.59425604,0.19459109,0.6489338,0.14414987,0.5580064,0.40586728,0.18907818,0.19969122,0.5281726,0.3540524,0.40998822,0.6034075,0.30923373,0.45176715,0.86975306,0.51962847,0.6668166,0.52670336,0.456611,0.44417357,0.7724307,0.69973516,0.6815456,0.54834455,0.2022556,0.32678115,0.37418038,0.6742997,0.7120925,0.67659134,0.49530515,0.3757291,0.57805115
794,0.7373937,0.8259574,0.70642585,0.34695977,0.82812154,0.47661895,0.50633925,0.23161629,0.651338,0.27728805,0.44669294,0.46880093,0.24293359,0.5470053,0.586867,0.88672507,0.702369,0.47819185,0.3347233,0.47655067,0.27170905,0.24285321,0.77795327,0.5383935,0.69038975,0.28889054,0.5269534,0.27688995,0.2978641,0.2765774,0.7268928,0.6627052,0.26273814,0.23343365,0.5147821
795,0.68024725,0.8757225,0.65481246,0.16307345,0.85734624,0.20124559,0.49717927,0.28071767,0.39779383,0.21031411,0.7112659,0.30123812,0.36569494,0.6591996,0.3878327,0.76525384,0.8635105,0.4445413,0.42920843,0.4002951,0.27640432,0.18070275,0.83062935,0.68052226,0.90223837,0.3744931,0.23747213,0.32808226,0.25987735,0.6379989,0.76628184,0.6838535,0.32236037,0.25079852,0.5035428
796,0.85184276,0.76811296,0.8357922,0.62565225,0.8428397,0.38800955,0.5436095,0.24417858,0.50659287,0.12152408,0.3233014,0.3942459,0.2604844,0.48935813,0.44288722,0.78441525,0.6969571,0.6429758,0.42891937,0.5370224,0.40319547,0.37517008,0.7496685,0.6774949,0.5777291,0.34488276,0.33482423,0.21981458,0.26835576,0.23647833,0.71955335,0.6590179,0.301355,0.37447125,0.54713887
797,0.8299713,0.8008753,0.81308734,0.5432214,0.86650145,0.31737474,0.5287439,0.23347244,0.46855927,0.11989428,0.38184524,0.34235343,0.26955813,0.52861726,0.41072026,0.78646505,0.75658923,0.6227622,0.44086757,0.49650565,0.37717322,0.33129504,0.7840634,0.7157048,0.6390525,0.3485613,0.28041154,0.22919388,0.24148624,0.33214933,0.7433792,0.6718354,0.30548942,0.34763247,0.5371226
798,0.8004699,0.86554754,0.82179844,0.46223754,0.92212737,0.20658307,0.63783514,0.24188983,0.21260834,0.07416827,0.25554004,0.41322184,0.22008386,0.48938054,0.38908988,0.7566839,0.775356,0.6690849,0.59430426,0.6928303,0.47380608,0.4274168,0.8315755,0.6007783,0.54936236,0.33761397,0.21363747,0.16742387,0.465553,0.16373572,0.8213953,0.7448733,0.37079403,0.35010636,0.6298021
799,0.775136,0.8192561,0.7588039,0.40882784,0.84777844,0.32058138,0.526994,0.26764673,0.46941695,0.16243678,0.5260035,0.36380687,0.31061345,0.56576836,0.41645837,0.7786087,0.7706585,0.550607,0.42045155,0.48624593,0.34411132,0.27395007,0.7828823,0.6706124,0.7551261,0.36025438,0.28865054,0.2703818,0.27073136,0.4056138,0.7387097,0.6699556,0.30539575,0.32162362,0.5262374
800,0.72889596,0.8428332,0.706631,0.29645553,0.84960043,0.2808176,0.51357734,0.27256113,0.46078834,0.19257163,0.5983642,0.34645125,0.32851392,0.60218304,0.42248163,0.7877057,0.8050825,0.49693877,0.4197053,0.44952783,0.3124328,0.2397799,0.8029011,0.65767497,0.81135064,0.36174896,0.28761393,0.29349893,0.27501473,0.49323273,0.7487946,0.67381525,0.31057215,0.28233656,0.5157014
801,0.7390672,0.8234991,0.7271985,0.37238976,0.8268593,0.25497708,0.52448636,0.28338423,0.39154035,0.16957815,0.53049964,0.334827,0.33711886,0.5874581,0.3875075,0.7217346,0.80050135,0.54633504,0.45813298,0.47565636,0.35622644,0.27772328,0.7892413,0.6976921,0.74924487,0.3838525,0.24855539,0.29318756,0.26731288,0.49199566,0.7391045,0.6731416,0.33733436,0.32816565,0.53380936
802,0.6803752,0.8935825,0.65515023,0.13381638,0.8719165,0.16722387,0.49557957,0.2714973,0.36120254,0.1925601,0.73258215,0.28071812,0.36637872,0.67745507,0.37123162,0.76367414,0.8878147,0.4356645,0.44024563,0.38798615,0.2638976,0.16629314,0.84786797,0.6949537,0.92025137,0.3728236,0.21050349,0.32145151,0.24620457,0.6690895,0.7839431,0.6961901,0.3215897,0.23436885,0.5029255
803,0.635347,0.8574337,0.7251235,0.37421295,0.94682425,0.29765055,0.6720713,0.22980008,0.39594966,0.32751542,0.26935047,0.51608944,0.16497533,0.4085698,0.6394037,0.8957779,0.5985602,0.5603789,0.5351432,0.7916981,0.53676975,0.4200202,0.8239107,0.40380302,0.25875184,0.2016211,0.39823174,0.17437372,0.60375154,0.0585429,0.7988665,0.7310629,0.3099517,0.26326913,0.6287451
804,0.82568777,0.78523976,0.81088686,0.5512119,0.8510114,0.3544189,0.5336058,0.24689078,0.4941607,0.13090014,0.38265043,0.36944288,0.27299812,0.51704687,0.42811608,0.78550386,0.7301715,0.61496985,0.43359083,0.50995046,0.38317445,0.34078604,0.7650497,0.6872489,0.63038564,0.3504316,0.3115986,0.2347235,0.26300246,0.30740958,0.7262472,0.6620144,0.30591434,0.35503083,0.5371761
805,0.7115099,0.78353965,0.7406729,0.5214262,0.9026979,0.3093377,0.62780195,0.27802312,0.36777496,0.286277,0.29521915,0.47958654,0.24830571,0.41933995,0.53337586,0.76172346,0.6189186,0.59720284,0.510753,0.69033563,0.52619207,0.4668271,0.76535046,0.51399076,0.31354475,0.2722372,0.36795622,0.23841774,0.4880411,0.12734015,0.75480336,0.6901688,0.32148352,0.36343446,0.60436803
806,0.7730686,0.8199622,0.75443083,0.40037045,0.8502945,0.30920738,0.5226027,0.26310176,0.46677035,0.16121583,0.52032787,0.35597956,0.30878168,0.57037294,0.41810775,0.7809515,0.7744341,0.5453461,0.42298737,0.47444287,0.33953315,0.27549928,0.78705645,0.6731663,0.7448207,0.35900754,0.2913928,0.26947135,0.26648483,0.42112976,0.7401366,0.6706829,0.30633095,0.3138229,0.5244588
807,0.87585384,0.75754666,0.86159676,0.6815917,0.85718393,0.40401873,0.5395051,0.22242585,0.5321251,0.10175733,0.2535198,0.38861752,0.23163943,0.46642628,0.4603837,0.8110714,0.68205583,0.66617,0.4360817,0.536023,0.41473418,0.40479273,0.7480742,0.68072236,0.51315784,0.32766214,0.35924572,0.1960733,0.26150346,0.18033494,0.7187952,0.6573006,0.29916793,0.3742043,0.54687583
808,0.7083012,0.8391094,0.69344556,0.29118755,0.8424589,0.24656507,0.51933414,0.2882653,0.40265045,0.19062524,0.59589523,0.33126983,0.34930158,0.60570014,0.39788648,0.74062836,0.8167629,0.5009575,0.4540394,0.45155793,0.32930255,0.25613394,0.79780054,0.6658818,0.8054802,0.3794327,0.26101592,0.30438727,0.2825349,0.53373647,0.74308693,0.67229617,0.33791414,0.29684845,0.5217641
809,0.7861114,0.7922252,0.7434285,0.4318059,0.7753132,0.7149395,0.48049003,0.1738716,0.86292475,0.36880094,0.22488078,0.6105903,0.13887319,0.48799887,0.760348,0.9627716,0.59063256,0.4851528,0.24114284,0.46850008,0.19402106,0.21292153,0.7394198,0.4477324,0.53151846,0.23463218,0.81794405,0.26505342,0.2700065,0.08003861,0.6842419,0.6490485,0.1978749,0.19203036,0.5160953
810,0.78615534,0.784091,0.7549947,0.45367688,0.8181242,0.6550778,0.49337512,0.19281067,0.7818996,0.35940632,0.26379156,0.57609016,0.16826385,0.48115617,0.7099931,0.9233761,0.5822748,0.5042811,0.28288475,0.49193296,0.2574594,0.25535405,0.73955643,0.47034985,0.52116394,0.25106218,0.70917374,0.25829062,0.283364,0.11106987,0.6881986,0.6449706,0.220877,0.22664633,0.52062666
811,0.820176,0.80364,0.801421,0.51488245,0.86092645,0.38041925,0.52714807,0.23293069,0.53889805,0.14488894,0.40772715,0.38933563,0.2607878,0.52187014,0.46180335,0.8218171,0.73170143,0.58633643,0.39825284,0.49726582,0.34882063,0.31332976,0.775265,0.6579398,0.65770704,0.32656473,0.3577025,0.22939193,0.24999121,0.29194883,0.7356018,0.6662188,0.27630278,0.31837586,0.52879035
812,0.783398,0.8060573,0.7661411,0.44655523,0.8480075,0.32711518,0.52655995,0.26249054,0.47745115,0.15980937,0.47962245,0.36330527,0.30115876,0.5510251,0.42296705,0.77949905,0.75888765,0.5639242,0.4255208,0.48615843,0.35726088,0.30437613,0.7762787,0.6701339,0.70980537,0.35763353,0.3017846,0.26280493,0.27172095,0.38656896,0.7319219,0.6642728,0.30951512,0.32951507,0.527468
813,0.57591695,0.8173836,0.61005485,0.20758033,0.71898985,0.1855096,0.5494565,0.3728489,0.27821073,0.22493085,0.57808465,0.35715127,0.39221436,0.6004706,0.36844438,0.5794868,0.8484454,0.494316,0.5821252,0.50982887,0.4158947,0.37202746,0.7784924,0.6502799,0.733715,0.47651902,0.23442212,0.32897994,0.37472692,0.61596966,0.7186375,0.6709968,0.44151813,0.3353592,0.55633974
814,0.5622227,0.7653736,0.6070849,0.26465276,0.6465983,0.19293864,0.5579722,0.4093023,0.23617086,0.23459932,0.5078148,0.38209337,0.40887195,0.57704693,0.3470474,0.48410112,0.8186781,0.5286481,0.61893976,0.5309313,0.46305567,0.44895014,0.7415937,0.6673351,0.6366756,0.51864755,0.24266839,0.3456799,0.38758653,0.6133257,0.6856045,0.65734684,0.47678033,0.39581698,0.5723759
815,0.6845542,0.87364817,0.6598621,0.16841486,0.8564218,0.21038096,0.4980596,0.28048745,0.4092872,0.21010351,0.7043468,0.30675286,0.3614011,0.6556138,0.39149287,0.7700084,0.86016905,0.44789678,0.4256146,0.40449628,0.27822095,0.1834404,0.8285974,0.67656463,0.90058947,0.37531564,0.24349895,0.32528076,0.2623828,0.6278683,0.7631864,0.6819452,0.32171518,0.2527478,0.5038872
816,0.80880547,0.8140977,0.7924118,0.47807187,0.85277855,0.30324417,0.53221446,0.25385916,0.43800315,0.12978165,0.4543808,0.3518857,0.29480845,0.55582577,0.39683974,0.76286155,0.76995534,0.5940176,0.43759212,0.49917382,0.36415818,0.2954052,0.7864982,0.7090687,0.7016178,0.36347154,0.26503694,0.2508344,0.25112566,0.3838548,0.74524975,0.6768338,0.30708012,0.3412023,0.5392693
817,0.76642686,0.80790436,0.7496631,0.41368017,0.83772266,0.33588845,0.5251958,0.2740323,0.48655826,0.17719202,0.5194874,0.37281227,0.31449232,0.5591728,0.4268754,0.77597606,0.7572421,0.5471588,0.41895857,0.4853979,0.34835136,0.28355464,0.7717658,0.66004884,0.7425249,0.36327514,0.30904832,0.27755332,0.2791981,0.40614992,0.7261487,0.66126025,0.3095804,0.3266463,0.52532595
818,0.6379712,0.8641098,0.7295008,0.40747532,0.9693488,0.24365993,0.6911611,0.23866685,0.34610182,0.29963332,0.2760825,0.4976643,0.17782375,0.38213065,0.60541666,0.88042355,0.6203127,0.56191045,0.5501515,0.80334437,0.5893966,0.4804367,0.830969,0.39265108,0.2288224,0.18277529,0.37474704,0.15784378,0.59960955,0.05554254,0.8157881,0.730902,0.29050007,0.2633273,0.62474376
819,0.65913594,0.8682133,0.65494,0.17550683,0.8249341,0.18479137,0.5093981,0.29793328,0.3451292,0.19190022,0.6779225,0.30014563,0.37068158,0.652237,0.36144274,0.70775414,0.8739008,0.46430993,0.47956857,0.42948762,0.31455928,0.22305146,0.82411003,0.69414663,0.8673795,0.40073147,0.2133185,0.32002428,0.2702322,0.6435415,0.7603698,0.6855243,0.35191664,0.27430573,0.5181483
820,0.6995541,0.83927166,0.6787972,0.26719013,0.8322194,0.27104196,0.5132935,0.2936291,0.44321123,0.21635422,0.63072413,0.34663472,0.3538465,0.6098185,0.4185966,0.765102,0.8068657,0.4812147,0.42735496,0.44494757,0.31647494,0.23785079,0.7950491,0.64788353,0.8301363,0.37460986,0.2849413,0.31839684,0.28920743,0.5329196,0.73995906,0.6684575,0.3268965,0.28710333,0.5143722
821,0.6889256,0.88198125,0.6643845,0.16248521,0.86473036,0.20118177,0.49765068,0.27292374,0.39887336,0.1981946,0.7117403,0.29901546,0.35793105,0.6611235,0.38678956,0.7759224,0.8681841,0.44571194,0.42786688,0.4013886,0.27269587,0.1776312,0.8370611,0.68329114,0.905224,0.37058926,0.23252349,0.31754544,0.2542561,0.6291522,0.7739965,0.68883824,0.31625614,0.24428618,0.50320506
822,0.7236134,0.8289789,0.75099885,0.43168846,0.8744601,0.24159563,0.6162271,0.2927748,0.26361844,0.13510038,0.32801735,0.42650446,0.2725509,0.4990264,0.41473168,0.71554464,0.7451984,0.6156243,0.57195055,0.65146035,0.4666194,0.4281408,0.7909948,0.57048833,0.5644,0.36530834,0.26184532,0.22492227,0.46720165,0.2391609,0.773689,0.70832074,0.39439416,0.36083427,0.6072186
823,0.7014751,0.8513231,0.681704,0.23725626,0.84425354,0.2574181,0.5027254,0.28073898,0.44420338,0.20972939,0.6608202,0.32928777,0.3494119,0.6267399,0.4057281,0.77313983,0.82541245,0.47221184,0.4142104,0.42677927,0.29705462,0.20889346,0.80879956,0.6692729,0.8599313,0.37053636,0.26684174,0.3160817,0.26585466,0.5626837,0.7481448,0.67260945,0.31535062,0.2750036,0.50608516
824,0.7648829,0.8065561,0.7477907,0.4357079,0.84187424,0.34245664,0.53122145,0.2669108,0.47984466,0.1788372,0.48623624,0.38552967,0.3045154,0.54357946,0.44647294,0.7827913,0.7421254,0.5481267,0.42167258,0.49473685,0.35739654,0.313893,0.7698785,0.6374792,0.6996601,0.34586358,0.33196363,0.2662017,0.29012194,0.36267993,0.73169893,0.6643963,0.30590656,0.32089943,0.52966034
825,0.91664046,0.74121785,0.9047748,0.7678391,0.86193484,0.40331227,0.5437809,0.20935631,0.5234181,0.06728057,0.17870943,0.37721348,0.2141641,0.4458089,0.44416675,0.8005419,0.6703534,0.7176014,0.4519697,0.5511708,0.4403347,0.43249625,0.7438709,0.71682084,0.45455867,0.33334902,0.33772928,0.1731802,0.24594554,0.14194258,0.7173564,0.6576785,0.30381325,0.4041327,0.5560884
826,0.68355215,0.81224537,0.6933894,0.36890796,0.83130616,0.291571,0.5674673,0.31386417,0.39243427,0.20739305,0.48058516,0.40267795,0.32835945,0.5343958,0.44506603,0.7381927,0.75089705,0.5333849,0.49805322,0.55697316,0.41401616,0.3609163,0.766561,0.5714461,0.67382526,0.36838073,0.31217873,0.2837025,0.40482688,0.37508777,0.73245084,0.66925895,0.3727783,0.33151764,0.55484354
827,0.85300046,0.77150244,0.83853877,0.6154377,0.84624064,0.37947565,0.5424792,0.24652839,0.50131875,0.116801955,0.34188893,0.38673156,0.26459694,0.49655384,0.4298109,0.7789527,0.707098,0.6435944,0.4307111,0.5328617,0.40124598,0.3621692,0.7525029,0.68921673,0.5995194,0.35021788,0.31870067,0.22366881,0.26394618,0.25471252,0.72018117,0.6599896,0.3017214,0.37719116,0.54524213
828,0.81682557,0.7784134,0.80048895,0.550145,0.835868,0.36366916,0.53919137,0.26350507,0.48456913,0.14238396,0.4015491,0.38832983,0.2892918,0.5150114,0.43465424,0.76637936,0.7139839,0.6055994,0.4309853,0.5190552,0.3883193,0.34688222,0.752174,0.667414,0.63197225,0.35426933,0.32425717,0.24767688,0.27714872,0.30808347,0.7183808,0.6593758,0.30829197,0.36170012,0.54079074
829,0.63890463,0.8803213,0.63415426,0.1308907,0.82413113,0.1461097,0.5012548,0.29973063,0.3097336,0.19661298,0.714678,0.2793966,0.38480195,0.6753133,0.3481118,0.6931882,0.8976749,0.44515824,0.48551092,0.40757912,0.30146798,0.20563011,0.8362633,0.70705163,0.8883427,0.40505067,0.1922718,0.33337504,0.25949323,0.70562017,0.7685429,0.6918762,0.3571612,0.2617619,0.51501024
830,0.62182957,0.81241786,0.6215276,0.23242953,0.7644386,0.23423572,0.5188721,0.33909988,0.37300858,0.25832388,0.6340705,0.34356695,0.3932254,0.61447275,0.39819926,0.6635884,0.8095125,0.47138143,0.4835332,0.4556256,0.35976762,0.28631312,0.7716407,0.65077144,0.7824913,0.4160532,0.26872677,0.35047284,0.31785473,0.61520886,0.714108,0.65717965,0.37987563,0.31454113,0.52525246
831,0.77813303,0.8162879,0.7608615,0.42031345,0.84780777,0.32486394,0.5262964,0.2636698,0.4733172,0.16130857,0.5073058,0.36428848,0.30382407,0.5612224,0.41806212,0.7827985,0.7675096,0.5558645,0.4214894,0.48854503,0.34509254,0.2805918,0.78195846,0.6711673,0.74218976,0.35971406,0.29403594,0.2641353,0.270644,0.39650303,0.7367458,0.6685091,0.30614752,0.32221898,0.5267953
832,0.7903486,0.87214184,0.8261302,0.4118132,0.90114677,0.27650878,0.6266204,0.21120727,0.30033946,0.13082965,0.22480197,0.47298557,0.17228091,0.5079341,0.50110143,0.8413154,0.71357685,0.6694375,0.538971,0.73120147,0.40413183,0.31043148,0.8381748,0.58835757,0.51713365,0.30043423,0.25906,0.17363368,0.4891581,0.09859352,0.8154483,0.7619029,0.3640635,0.33196846,0.6517929
833,0.7676504,0.8136218,0.74764574,0.3995312,0.842202,0.3123211,0.5254072,0.2725304,0.459477,0.16887693,0.5250832,0.3618226,0.31845856,0.5683734,0.41868725,0.76896733,0.766973,0.54384816,0.4306758,0.48097906,0.34612063,0.27964488,0.77768004,0.66708755,0.74216825,0.36419725,0.29608914,0.277093,0.2779151,0.4239649,0.73378783,0.667045,0.314039,0.3220894,0.52785885
834,0.8505648,0.76765597,0.83324593,0.60588163,0.84025204,0.3554001,0.54131126,0.25090384,0.4737475,0.11248056,0.33817127,0.37567836,0.27277496,0.50560325,0.42003632,0.76108944,0.7112889,0.6420948,0.4410984,0.52655596,0.4043905,0.3629993,0.7527674,0.70042026,0.5864358,0.35882553,0.30487752,0.2311914,0.26295036,0.28453103,0.71975106,0.6605053,0.31416166,0.3803442,0.547511
835,0.5538002,0.7840912,0.5933153,0.23807919,0.6830161,0.22637653,0.55065835,0.39126596,0.29688588,0.2660516,0.5379385,0.38284588,0.4022119,0.58450943,0.39543843,0.5677498,0.8022898,0.50038064,0.58078206,0.52264464,0.42864436,0.39386287,0.74561244,0.6213583,0.6851309,0.48362392,0.27057248,0.3517093,0.40465412,0.59595287,0.6824722,0.65502393,0.46342468,0.36183694,0.5616744
836,0.58170974,0.74126345,0.623759,0.32469675,0.59921867,0.5278234,0.5470943,0.29532424,0.5811741,0.44467932,0.25587398,0.57341486,0.24764696,0.52265847,0.6740901,0.84114283,0.52288544,0.5254593,0.44682303,0.6019988,0.30917212,0.28101826,0.7117979,0.5133606,0.48396832,0.35437673,0.5196196,0.38330936,0.55996245,0.17772372,0.64593214,0.67988807,0.44961128,0.35688695,0.60929185
837,0.55420476,0.6968937,0.5803808,0.2310332,0.35253185,0.816068,0.46840945,0.24314077,0.87943804,0.7074424,0.12847514,0.7539048,0.16052657,0.55978215,0.88809127,0.96043044,0.28507698,0.50433457,0.2936427,0.5858815,0.13871324,0.10292226,0.66227174,0.4789648,0.40998545,0.31351653,0.8174513,0.518617,0.6054547,0.06415062,0.5508462,0.69472,0.425241,0.3598106,0.6502606
838,0.74346375,0.83482087,0.72801393,0.34542316,0.8408367,0.2664465,0.5197393,0.27373907,0.41711813,0.167872,0.56605446,0.33741635,0.3303585,0.5956785,0.39491954,0.74943495,0.8052224,0.52888566,0.44000202,0.46337643,0.333757,0.25668588,0.79713845,0.6880909,0.78153944,0.37220865,0.25989288,0.2864986,0.26189074,0.49019727,0.74675065,0.67711407,0.3193345,0.30835208,0.5259895
839,0.7274249,0.79680485,0.71093744,0.39458415,0.8196453,0.32523626,0.53525174,0.296467,0.4581655,0.2071346,0.5053555,0.38664997,0.32961756,0.5519701,0.44939613,0.75574595,0.7434541,0.52706975,0.44375968,0.49511275,0.36829132,0.32422718,0.75952226,0.61571074,0.70010424,0.3658045,0.33296603,0.29412526,0.3227803,0.40847054,0.71794313,0.657037,0.33782175,0.32465476,0.5325062
840,0.6304949,0.8274188,0.62975585,0.24911094,0.81597173,0.22227685,0.5474688,0.34041053,0.33311176,0.23444483,0.57888883,0.36080256,0.38266593,0.5899201,0.40684137,0.6701795,0.8080549,0.48648414,0.51601696,0.4893139,0.37287122,0.3200442,0.7774495,0.5998483,0.77832174,0.4086876,0.2721976,0.33020645,0.37348652,0.5442579,0.7268711,0.66527873,0.39814886,0.312387,0.54162896
841,0.5991636,0.7726641,0.6144092,0.29343203,0.7123116,0.27246135,0.53335,0.37475404,0.3757852,0.2800324,0.57346475,0.3825249,0.3993324,0.5770456,0.41818485,0.6260572,0.77213377,0.49310216,0.50198853,0.49418902,0.39944184,0.35365397,0.73519224,0.6060408,0.7142917,0.44038835,0.30400363,0.3615936,0.37405872,0.5683385,0.67406416,0.63992566,0.41324195,0.3558913,0.538627
842,0.77198064,0.8008378,0.755136,0.4435737,0.8311098,0.34407592,0.53371227,0.2781387,0.48438555,0.17824075,0.49594992,0.38433126,0.3127702,0.545854,0.43838564,0.7723822,0.7424698,0.5581973,0.42590126,0.502286,0.36515522,0.3027616,0.76400673,0.6522275,0.7124581,0.362654,0.3171917,0.27405432,0.2910733,0.3761405,0.7243877,0.6616693,0.3136491,0.33379078,0.5329739
843,0.6847669,0.9028856,0.78535986,0.3749039,0.98092985,0.22480416,0.70494956,0.18444319,0.32232448,0.23139612,0.22923133,0.50139755,0.12672693,0.38279527,0.62109315,0.9171222,0.64323103,0.6010146,0.5674549,0.8462987,0.56663847,0.42330757,0.8705654,0.40118527,0.22209899,0.16199023,0.33584663,0.112695515,0.60912806,0.030890027,0.857155,0.77013195,0.2633742,0.23968482,0.6513344
844,0.91056347,0.7637774,0.89795935,0.73795855,0.87151223,0.40114713,0.54465497,0.2044559,0.5266689,0.07339891,0.22172908,0.37811357,0.21467896,0.4574139,0.43694988,0.81133145,0.6901457,0.7073453,0.43337616,0.5485469,0.4187327,0.39983734,0.7571956,0.71999,0.50772536,0.32699138,0.32345432,0.17212605,0.23107556,0.1536696,0.73113143,0.6664595,0.2832727,0.3890348,0.5527703
845,0.5809527,0.6775762,0.58916354,0.27933356,0.41178426,0.83722985,0.46286806,0.2595223,0.91655666,0.7110798,0.1551253,0.74011385,0.18159756,0.5335429,0.8824538,0.96495646,0.30994776,0.48397285,0.27855787,0.54599106,0.15180251,0.12546407,0.63391876,0.45018584,0.4181829,0.33286604,0.8646609,0.51164645,0.52134615,0.0784208,0.54277295,0.65746653,0.3799768,0.3290311,0.61230034
846,0.89125013,0.76649916,0.87736434,0.6856585,0.85413057,0.39033967,0.54896605,0.23196849,0.5026677,0.08839507,0.28371483,0.38907486,0.24308789,0.47844929,0.4257586,0.7847209,0.6959524,0.6830276,0.43136206,0.55165297,0.41451916,0.375812,0.752027,0.7095906,0.560511,0.34549555,0.31101778,0.2003611,0.24988036,0.19897345,0.7249433,0.6651054,0.29384622,0.39209056,0.5539196
847,0.7070154,0.784091,0.700605,0.41648096,0.8010187,0.3266879,0.5511705,0.31896624,0.43051487,0.21563306,0.4761923,0.40630364,0.3392382,0.53378886,0.4485349,0.7262076,0.7257677,0.5412644,0.4693261,0.52928305,0.40186197,0.36050564,0.74441963,0.5948199,0.66749656,0.37785006,0.33334768,0.30133256,0.36655727,0.38535765,0.70999175,0.6544612,0.3620319,0.34954137,0.54579765
848,0.8247778,0.81808645,0.8055309,0.49705124,0.870046,0.29275337,0.5287717,0.23505998,0.43715897,0.1133884,0.4281064,0.3353003,0.2789933,0.55208796,0.39526653,0.7800384,0.7764987,0.60427177,0.4393857,0.4895451,0.3603975,0.30188712,0.796241,0.723336,0.6783516,0.35203975,0.25784367,0.23423688,0.23561172,0.37134448,0.75620145,0.68194187,0.30163956,0.33352023,0.53654414
849,0.67820174,0.83307695,0.6942851,0.34977588,0.86569154,0.2744911,0.5813273,0.29819852,0.3825549,0.20662156,0.47055307,0.40849885,0.30257693,0.5277723,0.46129552,0.76971376,0.7558748,0.52497756,0.50323445,0.58035636,0.42089063,0.36594874,0.78909844,0.55008477,0.64885795,0.34282458,0.31245714,0.2637184,0.4249483,0.33193493,0.75658244,0.6845244,0.36082953,0.308075,0.56154716
850,0.91534865,0.748587,0.9029857,0.7609159,0.8652447,0.38970903,0.5518418,0.21594517,0.49927402,0.06731696,0.19378938,0.3799632,0.22088249,0.45000973,0.43068734,0.78728867,0.68167174,0.7166656,0.45259523,0.5549592,0.44310242,0.43307814,0.74771696,0.7192304,0.47395712,0.33426315,0.31871668,0.1788626,0.24927199,0.14908175,0.7242192,0.66241777,0.30083826,0.40804353,0.5594344
851,0.8019177,0.81701183,0.7856882,0.46134257,0.85927075,0.32243466,0.528887,0.2500152,0.4760297,0.14345661,0.4689579,0.35685048,0.28757435,0.5531719,0.4094615,0.79018813,0.76970595,0.5828234,0.42155486,0.4937974,0.3526629,0.28684455,0.7886365,0.69400924,0.72093093,0.35625577,0.2795034,0.24809703,0.2550888,0.37298027,0.74425924,0.67297244,0.29829386,0.3298954,0.5309717
852,0.78970903,0.80704546,0.77213556,0.45711765,0.8487736,0.32494643,0.52771235,0.26006347,0.47381192,0.15393972,0.4714559,0.36232197,0.2986295,0.5503746,0.41975483,0.7787671,0.7589185,0.5711941,0.4261779,0.48916474,0.35749888,0.30164355,0.7777616,0.6773059,0.70708615,0.35751224,0.29692167,0.25913864,0.26619658,0.3815294,0.73412544,0.6663802,0.3075219,0.33166686,0.5294755
853,0.89015186,0.7467254,0.8759224,0.7172131,0.8469389,0.39246202,0.5551938,0.2411789,0.492299,0.08802333,0.24492641,0.3937667,0.24669938,0.4622516,0.43077892,0.76807505,0.6791069,0.6873626,0.44758883,0.5582329,0.43802515,0.42090654,0.73652226,0.69560117,0.50897443,0.34698907,0.32461944,0.20199645,0.2687205,0.18633144,0.7129165,0.656224,0.30916667,0.4060108,0.5571945
854,0.80683434,0.75033355,0.81484413,0.61938727,0.8061718,0.2514983,0.6071386,0.32208154,0.23291716,0.14891477,0.33153406,0.43155187,0.3114081,0.4874137,0.3721327,0.5699402,0.676212,0.68607396,0.5073922,0.6072221,0.5118639,0.46721363,0.75526273,0.704744,0.44897255,0.38518178,0.2295504,0.2808608,0.32826507,0.25621194,0.744188,0.69362974,0.35121787,0.46943426,0.61925286
855,0.8321039,0.79177153,0.8149351,0.55040073,0.8488612,0.36111835,0.53847927,0.25180405,0.48952454,0.1299899,0.4090069,0.38348636,0.27973893,0.5209696,0.42705345,0.78078306,0.7265074,0.61230606,0.41996202,0.5187666,0.37751335,0.3266185,0.76415384,0.6820532,0.65572506,0.35020757,0.31016898,0.23814432,0.26149157,0.3005021,0.73004526,0.6672037,0.2946617,0.35494894,0.5401169
856,0.8075925,0.7694645,0.79230833,0.5556917,0.8255615,0.3621922,0.53608835,0.26754636,0.490841,0.15495214,0.38042116,0.380781,0.29041487,0.5129209,0.432163,0.76218545,0.7153586,0.61309737,0.43787584,0.5163387,0.39715278,0.35439536,0.7492515,0.67581576,0.62109125,0.3635807,0.32150024,0.25487342,0.28100032,0.31957316,0.71045667,0.6527914,0.3222449,0.37095457,0.540396
857,0.6613218,0.7684654,0.68868566,0.40268296,0.7737807,0.24835882,0.57900774,0.35169506,0.2967618,0.22728959,0.4403976,0.41075125,0.34987664,0.52698153,0.40015835,0.59508073,0.7347537,0.56938565,0.5430852,0.56479704,0.46817535,0.44049984,0.74953824,0.63895625,0.55475503,0.4198882,0.27285638,0.31248954,0.3801572,0.4146815,0.7160573,0.6696807,0.39981955,0.3938415,0.57843244
858,0.71629447,0.8263214,0.70766515,0.3442475,0.8452139,0.28888035,0.53861505,0.29075447,0.42766485,0.18904944,0.5380853,0.36990616,0.32829052,0.5677166,0.42670947,0.76234096,0.78139365,0.51822174,0.45517093,0.49332175,0.35912198,0.30658895,0.78436977,0.6224437,0.75176203,0.3653974,0.29584286,0.2851631,0.32533115,0.43310112,0.74113923,0.67004,0.33763823,0.30844352,0.5323908
859,0.60723627,0.794392,0.6547411,0.40029374,0.8838728,0.32482472,0.6168246,0.3193882,0.43859023,0.34334865,0.40863127,0.47217798,0.28463417,0.45220533,0.55880606,0.7906972,0.6302027,0.5183207,0.5054881,0.6679356,0.5068886,0.4441298,0.7491394,0.45375317,0.42068034,0.29405352,0.40489572,0.25801778,0.5096313,0.21261163,0.7244167,0.6646098,0.3513544,0.31093016,0.57523304
860,0.6203328,0.7606157,0.63059866,0.32205242,0.7020794,0.24389382,0.5435223,0.37734756,0.3211946,0.26507846,0.535216,0.38231152,0.40214214,0.5709113,0.39536157,0.5757993,0.76869476,0.5200588,0.52913314,0.5040723,0.42873478,0.38125816,0.73248976,0.6444887,0.6565297,0.44641194,0.28034177,0.36158758,0.3618074,0.5570695,0.68466645,0.6471746,0.41926613,0.38040197,0.5531677
861,0.75416094,0.82442796,0.7343341,0.3666155,0.8468774,0.30413836,0.5187768,0.26915422,0.46487466,0.17752416,0.5518285,0.35540015,0.32090235,0.5798365,0.4202253,0.7771765,0.7800959,0.5276887,0.42005596,0.46520752,0.33094716,0.2632646,0.786909,0.66646683,0.7682021,0.36119804,0.29493922,0.28227836,0.26905507,0.4503015,0.7385005,0.66879475,0.30860767,0.3067131,0.5210964
862,0.63400936,0.8586596,0.62584186,0.17027278,0.81515443,0.18411048,0.51009613,0.31684035,0.34216926,0.2260612,0.68785423,0.3064693,0.39352757,0.6488176,0.37822732,0.69261813,0.8631673,0.45067787,0.47411188,0.42236987,0.3192503,0.23162493,0.8103997,0.668296,0.8680576,0.40154734,0.22724643,0.34793493,0.28826815,0.6631306,0.7460767,0.67450523,0.36647603,0.27807918,0.51549494
863,0.6865009,0.849012,0.6715912,0.24410005,0.8425169,0.23988552,0.52070916,0.29703635,0.39919052,0.20580642,0.6307915,0.33619633,0.35919052,0.61347663,0.4050393,0.7474908,0.8259325,0.4784886,0.45419604,0.44815508,0.3220107,0.2477727,0.80085623,0.64361346,0.83945435,0.3792998,0.26588532,0.31343585,0.3005783,0.54923755,0.746531,0.6730639,0.34374297,0.28373477,0.51942605
864,0.74714166,0.8162176,0.7326701,0.3870012,0.8290227,0.27898583,0.52515256,0.282705,0.41943845,0.1727087,0.5237367,0.3461644,0.3310446,0.57894564,0.39918402,0.7345162,0.786133,0.5473844,0.44580847,0.47776955,0.35607874,0.28295285,0.7829884,0.6859195,0.7437668,0.37960178,0.2665713,0.29012722,0.27368793,0.46974382,0.7332157,0.66804755,0.33226198,0.32983106,0.5312225
865,0.83873147,0.77774966,0.8207758,0.57269967,0.8408267,0.3587323,0.53964764,0.25474694,0.48119432,0.12376708,0.37723345,0.3812459,0.2794049,0.51504105,0.42424098,0.76733553,0.7169956,0.6237253,0.43169746,0.52222204,0.39139637,0.3439053,0.7561626,0.6895782,0.6204357,0.356417,0.30986524,0.2388411,0.26621804,0.29924124,0.7224094,0.6627483,0.30680233,0.36862448,0.54388463
866,0.6819094,0.8688656,0.67745185,0.23288691,0.868616,0.23697586,0.54473144,0.2840125,0.39991996,0.2008203,0.6170951,0.35370842,0.3236247,0.5996224,0.43430462,0.7917392,0.8249792,0.47352546,0.46257377,0.49610177,0.33987466,0.25934255,0.82092744,0.6059392,0.81405735,0.34990466,0.27044767,0.28201908,0.3406269,0.46943635,0.7730811,0.6909095,0.33224577,0.25804847,0.5313896
867,0.8133775,0.81669724,0.79374766,0.4748938,0.86455023,0.3227638,0.52571076,0.24039407,0.4779016,0.13433589,0.45672616,0.35434222,0.2818871,0.5495845,0.41704106,0.79721326,0.7651914,0.5859399,0.42039317,0.48912516,0.350002,0.29230076,0.7893137,0.695605,0.7034091,0.3483305,0.2874756,0.24102649,0.24660616,0.36012545,0.74775606,0.67539847,0.2936893,0.32626703,0.53070784
868,0.89780676,0.7574457,0.8842801,0.715619,0.8551599,0.40748462,0.5475584,0.22357316,0.52420247,0.08498621,0.2473115,0.3948634,0.23089354,0.463524,0.44246063,0.7952323,0.6811876,0.68821937,0.42833304,0.54992497,0.41811913,0.39590627,0.74612916,0.70132256,0.5205547,0.33563563,0.3361408,0.1902041,0.24686082,0.17192009,0.71980274,0.66100204,0.28932545,0.3893719,0.55243593
869,0.80671453,0.80261624,0.7896207,0.4848302,0.848461,0.3406094,0.5320779,0.25730485,0.48145714,0.14433108,0.45726666,0.37132034,0.2918809,0.5414006,0.42164215,0.78136,0.7482283,0.58615005,0.42336997,0.50136954,0.36226147,0.3016166,0.7725353,0.6815717,0.6969514,0.35621107,0.30002064,0.2520836,0.26452842,0.35136804,0.73273575,0.6674537,0.30193862,0.3401497,0.53388584
870,0.72545874,0.873709,0.7074832,0.24540238,0.87000906,0.20168833,0.50429386,0.25781772,0.37707308,0.16072878,0.6434567,0.2925927,0.3373912,0.64474416,0.3663091,0.76318395,0.86036503,0.49164915,0.44052267,0.42063332,0.2931871,0.20101628,0.8357189,0.71748704,0.8528756,0.3699972,0.21282825,0.29205784,0.23236153,0.58776605,0.7769028,0.6946066,0.31277853,0.266879,0.5142908
871,0.6970455,0.80597895,0.6863108,0.36438486,0.8222038,0.32254788,0.5415653,0.3012142,0.45156693,0.22714052,0.49818343,0.40308958,0.3280176,0.5484214,0.46107912,0.7616896,0.74150264,0.51545036,0.4513584,0.50912774,0.37327346,0.33076653,0.76301116,0.58825886,0.69753635,0.35832396,0.35058048,0.30014884,0.35637608,0.3966114,0.72234684,0.6598977,0.34508148,0.3172355,0.53740823
872,0.84125006,0.74197465,0.8265091,0.6521793,0.82885236,0.41753045,0.5459224,0.2509201,0.5249559,0.13793078,0.27962044,0.41876778,0.2564602,0.46384257,0.47976956,0.7838392,0.6572024,0.63858783,0.43845373,0.54546696,0.4237573,0.41625834,0.7250219,0.6400586,0.4993097,0.3350975,0.3896677,0.22291346,0.29665485,0.19802904,0.70054346,0.64792216,0.31310725,0.37997827,0.55031717
873,0.87501174,0.7860154,0.86107457,0.6369789,0.8738848,0.35557717,0.5328548,0.21280059,0.50143397,0.09310067,0.30926174,0.35309738,0.23709698,0.49633974,0.42124978,0.80825675,0.7272445,0.6688088,0.43497595,0.51967514,0.394623,0.35717624,0.7769213,0.72650856,0.57993966,0.33651823,0.29431862,0.19677112,0.23036876,0.24104221,0.7422639,0.6722358,0.29147035,0.36630836,0.543952
874,0.8495181,0.7669509,0.8367449,0.6212541,0.8450621,0.3656291,0.5456315,0.2503426,0.48160768,0.11159293,0.32569772,0.38125598,0.2675785,0.49330512,0.4277974,0.76760685,0.7077798,0.6468537,0.44695964,0.53444445,0.41248092,0.38152114,0.751141,0.68655366,0.5787834,0.35404092,0.31334916,0.22309008,0.27243057,0.25789753,0.71980333,0.65957963,0.31533432,0.38166022,0.5486383
875,0.63808477,0.67488754,0.6252888,0.35084286,0.56919706,0.8284767,0.46874967,0.2623973,0.9098064,0.6612034,0.1995854,0.6950438,0.19560064,0.49885195,0.8389354,0.9597107,0.37103263,0.47403988,0.2785973,0.5138733,0.19502701,0.17663689,0.6225321,0.43146667,0.43168908,0.34418273,0.8665665,0.45372018,0.42295378,0.10055567,0.5548426,0.61948955,0.32756725,0.28860688,0.56756353
876,0.73518693,0.8345801,0.7169592,0.32102662,0.84432954,0.2965191,0.51521313,0.27515754,0.4684503,0.19090873,0.5919068,0.3512519,0.3279055,0.5939435,0.41574723,0.78096277,0.79644895,0.51015973,0.41401306,0.45796537,0.31997386,0.24153769,0.7948577,0.6646884,0.8101307,0.36591345,0.28449503,0.29260662,0.27200454,0.4799869,0.741306,0.669254,0.309737,0.29739568,0.5158902
877,0.6999752,0.87884676,0.67420685,0.17503056,0.86702955,0.21210416,0.49467477,0.2670775,0.41614538,0.19737422,0.70739937,0.30133933,0.35069865,0.65781343,0.38909942,0.7848213,0.8621526,0.45061317,0.4152761,0.40028685,0.26932234,0.17407045,0.83534735,0.6875615,0.902266,0.36575902,0.23798926,0.31410652,0.24761681,0.6159924,0.7719242,0.68729764,0.30764204,0.2462506,0.5006175
878,0.9111701,0.72833467,0.8979375,0.7690917,0.8526718,0.37249425,0.5510177,0.22750866,0.4628902,0.07046121,0.18007728,0.3747403,0.23642254,0.4462236,0.4287842,0.75506884,0.663575,0.72191983,0.48286277,0.5578028,0.46801051,0.46720475,0.7367989,0.7153988,0.43609008,0.3465581,0.31881693,0.18982305,0.27531987,0.15528212,0.71598107,0.6575523,0.3275111,0.43061692,0.56730926
879,0.7593971,0.83644503,0.7375475,0.34997916,0.85796297,0.26142424,0.51666415,0.26233193,0.42291784,0.16117659,0.55649567,0.32855666,0.32261357,0.59620535,0.39592603,0.7676877,0.80578834,0.53162533,0.4359781,0.4541332,0.32623774,0.2522155,0.8030445,0.6946225,0.7772622,0.36618128,0.25793236,0.28037807,0.2552394,0.48489863,0.7527684,0.6787537,0.31518623,0.30265042,0.52309
880,0.6634876,0.8522309,0.6459564,0.19554797,0.828344,0.22178042,0.50307024,0.3006268,0.40026492,0.23054306,0.6807114,0.31865948,0.3756212,0.6402306,0.3963994,0.73559934,0.84078753,0.45540056,0.43771157,0.41763896,0.30195707,0.21224833,0.80677825,0.66462106,0.86964476,0.38583797,0.25469095,0.34129816,0.27875614,0.62284726,0.7423903,0.6705935,0.3414003,0.27557105,0.5083341
881,0.815633,0.81168526,0.7960774,0.48840895,0.8635367,0.30399796,0.5282665,0.24308856,0.4495524,0.12613204,0.4374563,0.3445601,0.28599235,0.5492574,0.4057588,0.77824104,0.7670976,0.59488595,0.4368133,0.48923635,0.36102653,0.30464056,0.7878073,0.7072854,0.68162835,0.35344124,0.27392232,0.24272113,0.24694964,0.37181494,0.74709696,0.67582273,0.30480272,0.3351941,0.535024
882,0.7724484,0.8057709,0.7581571,0.44362348,0.8316458,0.30522117,0.53506213,0.27932993,0.4319068,0.15701099,0.48213148,0.36230907,0.3194982,0.55548686,0.40786076,0.7405446,0.7643498,0.5706166,0.45100802,0.50067353,0.371455,0.30709144,0.7712026,0.67719096,0.7100128,0.37316483,0.28264225,0.27341217,0.28048235,0.40660104,0.7300378,0.66735405,0.32689545,0.34369493,0.53883845
883,0.7704524,0.79693747,0.7525984,0.44820222,0.83485806,0.34474856,0.5330426,0.2746933,0.47966117,0.17351237,0.47309485,0.38568598,0.3086813,0.54174435,0.4414421,0.7723337,0.7385724,0.5554824,0.43037897,0.49763814,0.36449385,0.31971222,0.7616462,0.64186114,0.6899393,0.35727543,0.33207837,0.2692662,0.2935563,0.3727962,0.72200364,0.6595155,0.31657022,0.33157715,0.5327526
884,0.8009235,0.80657685,0.78635585,0.47473216,0.84609586,0.34121042,0.53170884,0.26098996,0.47786742,0.14677815,0.47485805,0.37311596,0.29660887,0.5453475,0.4194359,0.7764458,0.7515106,0.5796643,0.41842842,0.50148964,0.35946426,0.29666886,0.77377653,0.6774064,0.71419126,0.35633013,0.2963193,0.25614983,0.26403877,0.35735565,0.73320484,0.6680588,0.3006804,0.33798236,0.5315
885,0.7181838,0.87561333,0.69557744,0.22014642,0.8707368,0.20956638,0.5018791,0.2616053,0.39157638,0.1748236,0.672922,0.2999053,0.34416148,0.64810705,0.37852153,0.77208555,0.8574127,0.4748912,0.4279105,0.41296548,0.28098762,0.18818915,0.8334302,0.70146406,0.875385,0.36675453,0.22631745,0.30121744,0.2389071,0.5925067,0.7746493,0.6921566,0.3092577,0.25816736,0.5090058
886,0.80780286,0.81746083,0.78825223,0.4655119,0.85795534,0.31722978,0.5296492,0.25212783,0.4636971,0.13978945,0.47323665,0.35937724,0.29432398,0.5556673,0.4094781,0.7798464,0.7668874,0.5834083,0.42160672,0.49290425,0.35201028,0.28354925,0.78609276,0.6959357,0.72145295,0.35587507,0.2804299,0.2536475,0.25195533,0.37620646,0.74469596,0.6753874,0.29722446,0.3319608,0.53381294
887,0.7827185,0.7992669,0.76809347,0.46430492,0.8411458,0.33204108,0.54054564,0.2767301,0.4586826,0.16380508,0.465616,0.38301364,0.30593857,0.53925186,0.42437148,0.7637798,0.74453586,0.5737623,0.4374117,0.51098835,0.37913755,0.32508755,0.76670516,0.65608305,0.690983,0.36177644,0.3042714,0.26854977,0.29913154,0.3614753,0.7287048,0.66475785,0.3196196,0.3462985,0.53858435
888,0.6771513,0.88259804,0.6514567,0.14466265,0.86233854,0.18192574,0.49347028,0.27708068,0.37853736,0.20683865,0.7226371,0.2900309,0.36941448,0.6699925,0.37967536,0.7583821,0.8751831,0.4390625,0.4320224,0.38943028,0.26782754,0.17015919,0.8370074,0.6895517,0.91299546,0.376042,0.22591679,0.33032528,0.24979381,0.66383857,0.7705568,0.6876955,0.32449526,0.24423411,0.50221944
889,0.9080722,0.73355085,0.89517945,0.7643484,0.86233217,0.3988797,0.5471619,0.21709593,0.50516355,0.07829945,0.17568743,0.3871473,0.21728492,0.440135,0.45613226,0.79006875,0.65548503,0.71099186,0.46380043,0.55392253,0.4551733,0.45315534,0.73800164,0.6980811,0.42243975,0.3270453,0.3550689,0.18308513,0.2679393,0.13296458,0.71486175,0.65708697,0.31033808,0.4065959,0.5618695
890,0.75676763,0.812414,0.738603,0.39293313,0.8365995,0.3178905,0.52151096,0.27619997,0.47472468,0.1834775,0.5330391,0.36353227,0.32095793,0.57026815,0.419629,0.7685157,0.7682452,0.54077256,0.42025843,0.475341,0.34288216,0.27297223,0.7773946,0.6684896,0.75457245,0.36801165,0.2987343,0.2861051,0.2747554,0.43822894,0.72784096,0.66264325,0.31288072,0.32310385,0.5244161
891,0.63991076,0.85301745,0.6262529,0.17970493,0.8154786,0.19808055,0.5078923,0.31601813,0.3624209,0.23666056,0.68480587,0.3134113,0.3926609,0.6437777,0.38957506,0.7030755,0.8504969,0.4508699,0.46127647,0.42077178,0.3145567,0.22651955,0.8051316,0.6601947,0.8664595,0.39590472,0.24266537,0.35199314,0.29018834,0.6495255,0.7407502,0.67067313,0.3598073,0.28007737,0.51364166
892,0.8719549,0.7650737,0.85794544,0.66671145,0.8553993,0.396846,0.544616,0.23148485,0.5158198,0.102551125,0.28909257,0.39062893,0.24465962,0.47458452,0.44355997,0.7961109,0.69357586,0.66215855,0.43132943,0.53984916,0.40994912,0.39131013,0.7487774,0.68394744,0.5545302,0.33633524,0.33674747,0.20151922,0.25901824,0.20030423,0.7208162,0.65967786,0.29572403,0.3780626,0.54675066
893,0.7372686,0.81760466,0.7834986,0.47959018,0.87469923,0.24666467,0.62615263,0.29242095,0.26159036,0.14530177,0.31400505,0.44863892,0.25639218,0.48444018,0.4270166,0.70036227,0.70129627,0.6366769,0.5505534,0.6813914,0.48907954,0.43532252,0.7923692,0.5784825,0.48807487,0.3462266,0.25596923,0.22640423,0.4645266,0.1936455,0.774805,0.71432793,0.37625867,0.38423783,0.62024164
894,0.8791726,0.73745936,0.86479104,0.70853126,0.83931655,0.3780333,0.558736,0.2535742,0.46062255,0.10051397,0.24875467,0.3985765,0.26198038,0.46106324,0.43234006,0.74193686,0.66905373,0.68417436,0.466772,0.5586831,0.45462132,0.44452563,0.73054785,0.6872241,0.4897086,0.35392168,0.3266317,0.2186279,0.29408592,0.19463274,0.71090823,0.6559433,0.32502636,0.41897026,0.5650242
895,0.9184222,0.7516078,0.90639603,0.76202327,0.869082,0.39734682,0.5464679,0.20708302,0.51701915,0.06508388,0.1914344,0.375906,0.21361342,0.44939142,0.43692523,0.80247486,0.6818436,0.717679,0.4470726,0.5511948,0.43466783,0.42393526,0.75054544,0.72132504,0.47396475,0.33072078,0.32566687,0.17166741,0.23964515,0.14387794,0.7254441,0.66293514,0.2955305,0.40020388,0.556324
896,0.76168156,0.8200003,0.74917346,0.39855307,0.838884,0.2990959,0.5262798,0.27454686,0.44252825,0.16281661,0.5260563,0.3534127,0.3194144,0.57151467,0.40487066,0.75502574,0.782166,0.5502933,0.43799204,0.48456573,0.35124892,0.27948478,0.78422177,0.67896885,0.7535804,0.36869305,0.27563065,0.27652436,0.27108964,0.43402576,0.73623514,0.6697482,0.31793547,0.32574254,0.52916956
897,0.7695785,0.8114136,0.75040066,0.4135607,0.8403775,0.33219796,0.52158785,0.26705763,0.48527575,0.17513917,0.51929677,0.3703696,0.31248334,0.56145185,0.4313089,0.7797946,0.75693923,0.5454756,0.41338816,0.4786648,0.3410564,0.2782056,0.7751517,0.6631341,0.7392572,0.35703617,0.31215662,0.27522603,0.2686135,0.40629473,0.73037446,0.6645322,0.30276084,0.31982622,0.5241462
898,0.78255504,0.8071864,0.7658102,0.44211537,0.8449358,0.3206757,0.5279733,0.26530826,0.46879324,0.15750644,0.48040494,0.35995117,0.3030357,0.5547113,0.41680032,0.7756063,0.7621929,0.56753784,0.43131813,0.49107727,0.35937816,0.29946694,0.77890474,0.6752359,0.71424973,0.36461908,0.2918648,0.26319054,0.27490705,0.39351946,0.73339105,0.6659619,0.31582657,0.3331361,0.5302594
899,0.76966435,0.785518,0.75714636,0.4724248,0.82228005,0.3485585,0.5349676,0.28515905,0.4794241,0.17884043,0.46229273,0.3831282,0.31391394,0.5367378,0.4273159,0.7533989,0.7347479,0.5734284,0.4356386,0.50789624,0.37812856,0.3225735,0.75359076,0.6554283,0.6915078,0.3722333,0.3158384,0.27622545,0.2963847,0.37406382,0.7107952,0.6535408,0.32608944,0.35384294,0.5347793
900,0.725747,0.83206403,0.7530567,0.43448362,0.88646203,0.23956938,0.62164885,0.28489134,0.26056182,0.1270856,0.3070286,0.42687044,0.26314324,0.49114093,0.4193949,0.7264969,0.74683255,0.6178243,0.58272785,0.65661633,0.47294036,0.44247046,0.79404,0.5625557,0.5498229,0.35643584,0.26387757,0.2178407,0.48494586,0.21972235,0.77951515,0.7112923,0.39587742,0.35705826,0.6090759
901,0.8872358,0.788221,0.8723272,0.65749276,0.87677956,0.34172782,0.5387073,0.2094383,0.4781385,0.07800402,0.2861204,0.34856114,0.23315835,0.49690732,0.40603796,0.79739755,0.7339094,0.6836422,0.43920746,0.52525026,0.3985117,0.35811406,0.78069454,0.7452792,0.56816185,0.34025806,0.2742905,0.19031587,0.21980341,0.24242795,0.74809897,0.67747957,0.2914172,0.37236705,0.5495739
902,0.6734743,0.7280239,0.661784,0.40079182,0.6556694,0.65838504,0.50548804,0.2510913,0.755787,0.4867901,0.23473486,0.6102279,0.20156543,0.49448556,0.7364195,0.91009986,0.49732774,0.5038861,0.33530772,0.53902704,0.26530516,0.25590515,0.6882188,0.46606922,0.450605,0.30468678,0.7122103,0.3619109,0.42073599,0.12240206,0.6306203,0.64241916,0.3219357,0.2893986,0.5625963
903,0.7795216,0.79651076,0.765444,0.46003357,0.83603585,0.34105283,0.5323088,0.27308717,0.47958994,0.1647004,0.47115302,0.37541083,0.30588678,0.5414982,0.4264101,0.7691156,0.7455937,0.56972635,0.43344775,0.5020145,0.36766377,0.31160393,0.76389754,0.6605233,0.70202965,0.36384836,0.3102755,0.2659637,0.28680307,0.3704942,0.7218321,0.65969616,0.31748328,0.3417987,0.5319783
904,0.804053,0.8037144,0.78729844,0.48419207,0.8448516,0.35226008,0.53393483,0.26201373,0.48861533,0.15022264,0.46994892,0.38162035,0.29632002,0.5385768,0.42815977,0.78314567,0.7428186,0.5817783,0.41618165,0.50695527,0.3614476,0.30052263,0.7682613,0.66965425,0.7088932,0.35448363,0.30828887,0.25566337,0.26847774,0.3395118,0.7312507,0.6667651,0.29857627,0.3400173,0.5333794
905,0.86052406,0.7396948,0.8489814,0.695128,0.8519495,0.3895289,0.55994666,0.24232101,0.4786891,0.1259658,0.2098893,0.41896367,0.23452254,0.4459954,0.4746131,0.77352077,0.64928496,0.674375,0.47417897,0.57069266,0.46050406,0.45634422,0.7335155,0.64773005,0.4241826,0.3269394,0.38146073,0.21176985,0.32202289,0.15028164,0.71463525,0.65886134,0.32203835,0.39680064,0.56935424
906,0.7796711,0.82597005,0.7602846,0.4055659,0.8546254,0.3032567,0.5264372,0.2621931,0.45125633,0.15601556,0.52393156,0.35785806,0.3104817,0.57027453,0.41212416,0.7770623,0.77965724,0.55095303,0.42300206,0.4794015,0.34014976,0.2732454,0.78847265,0.6785325,0.7545306,0.35826886,0.282767,0.2687654,0.26327032,0.41613203,0.74531776,0.6750567,0.30475283,0.31596485,0.5279774
907,0.60768175,0.79293007,0.62156993,0.24915603,0.72169876,0.20518038,0.5369564,0.36690181,0.2978563,0.24041148,0.57547677,0.35875222,0.40001744,0.599977,0.3714982,0.58556545,0.81612253,0.49897304,0.54004294,0.48363394,0.4003707,0.35573015,0.76189643,0.6623509,0.7152896,0.45638838,0.25142783,0.34986717,0.34597278,0.61033607,0.7070761,0.6604846,0.4186514,0.35009766,0.54635775
908,0.9065889,0.7718393,0.8952573,0.72942054,0.87763155,0.40462422,0.5400409,0.19389272,0.54739654,0.07515761,0.21645162,0.37485346,0.20109372,0.45767316,0.4479989,0.83514833,0.6971972,0.7044325,0.42525578,0.54219586,0.40835458,0.38938102,0.7659562,0.7195424,0.50684345,0.3175984,0.33257475,0.16472572,0.2231783,0.14655939,0.73684007,0.6689247,0.27674916,0.3722599,0.54882526
909,0.84451497,0.7679962,0.8295928,0.6072915,0.83533543,0.3912831,0.5413055,0.25095224,0.5142675,0.1264076,0.34738472,0.39803562,0.26823756,0.4960518,0.44295248,0.77940243,0.6966703,0.633348,0.42174038,0.5314849,0.3967359,0.35831413,0.74721193,0.6769676,0.5976943,0.34960526,0.33566466,0.22867963,0.2673245,0.25540724,0.7147697,0.6571939,0.29942426,0.37235978,0.5439931
910,0.83208305,0.76685864,0.80570775,0.57018965,0.8400198,0.5818089,0.5110893,0.19644448,0.708645,0.24525926,0.2240252,0.5221508,0.17485487,0.45947766,0.6355898,0.88429356,0.61517894,0.56772256,0.33048385,0.5044327,0.31473073,0.32437032,0.736335,0.5276779,0.4784924,0.26488027,0.6326818,0.22213209,0.26511085,0.10470718,0.69621134,0.645085,0.23319522,0.2762986,0.5277556
911,0.6668973,0.78315437,0.6725128,0.374114,0.7987747,0.5049454,0.5450652,0.2642153,0.5998578,0.38085395,0.34577814,0.5240367,0.23538883,0.49821043,0.6268295,0.8604237,0.5970578,0.5051441,0.40479994,0.57570684,0.34181476,0.3148336,0.7350119,0.48053747,0.5211611,0.31122547,0.54493344,0.30137554,0.42437363,0.18500432,0.6911459,0.6583263,0.33293682,0.27882785,0.56018674
912,0.622863,0.80822027,0.68781674,0.3387801,0.8006741,0.4319167,0.6001645,0.2511633,0.51605797,0.37941012,0.2571027,0.5590257,0.19189696,0.48690915,0.6828125,0.87976664,0.5461273,0.56278145,0.48078188,0.71707904,0.3914652,0.29874864,0.7725304,0.47253639,0.3835495,0.27658895,0.4505385,0.26954776,0.59289104,0.0915284,0.72577405,0.7108991,0.3852133,0.3291019,0.62923634
913,0.8067169,0.79143465,0.7935303,0.5191406,0.8355778,0.35502517,0.53593934,0.26297218,0.48151308,0.14566287,0.43440342,0.38221282,0.29381728,0.5269734,0.42769408,0.7653612,0.73154896,0.59701383,0.42604628,0.5139961,0.3768211,0.3223408,0.7607317,0.6756347,0.6699231,0.35610813,0.31088096,0.25199494,0.26715326,0.3284605,0.7236083,0.6631797,0.30397892,0.35360676,0.538015
914,0.9030503,0.7501646,0.89127094,0.751842,0.87709343,0.32765645,0.5735186,0.2282439,0.3916042,0.0776635,0.18037479,0.3871684,0.23162499,0.44049793,0.42358136,0.7408456,0.6730264,0.7256432,0.50817585,0.58030546,0.4936215,0.48851362,0.7571108,0.70757776,0.41171694,0.32875383,0.29597256,0.19217515,0.31034613,0.13688543,0.74648875,0.67921835,0.32376266,0.43129367,0.58778274
915,0.77340156,0.8218447,0.75943893,0.41133904,0.8511416,0.2860643,0.52217805,0.25874406,0.4355618,0.147481,0.5040795,0.33874148,0.30791634,0.5736549,0.4004353,0.7649414,0.7866495,0.55673915,0.43805403,0.47297788,0.3471494,0.28310737,0.79249775,0.69632775,0.730807,0.3630144,0.26658815,0.26529098,0.25338602,0.43623868,0.74515945,0.67462236,0.31348902,0.31893176,0.5271528
916,0.7745945,0.80789787,0.7583484,0.42418593,0.84234256,0.32297537,0.5246672,0.26701722,0.47726673,0.16609938,0.499049,0.36085024,0.30619398,0.559205,0.41684562,0.77592325,0.76429,0.55832684,0.42585397,0.483992,0.3515238,0.28767502,0.7775835,0.675702,0.72792333,0.36411014,0.29510644,0.2702178,0.27266163,0.40722767,0.73022354,0.663976,0.31196785,0.32919878,0.526628
917,0.5363236,0.68009543,0.5646661,0.21246782,0.29013067,0.86236084,0.45237198,0.24261038,0.92674553,0.7686183,0.117175266,0.78364384,0.1556133,0.56707937,0.92046434,0.9730851,0.23560004,0.49795675,0.2690997,0.57712,0.113031104,0.07924876,0.6463399,0.47332257,0.3940633,0.31368127,0.86331385,0.5569111,0.6154906,0.05626757,0.52416193,0.69371825,0.4275051,0.3686536,0.6566533
918,0.7790295,0.8001029,0.7587802,0.447105,0.84003145,0.326764,0.5277162,0.2683607,0.46746436,0.16289099,0.47882137,0.36860543,0.30988473,0.5506605,0.4288345,0.7673892,0.7473321,0.55980694,0.4319923,0.48741966,0.35956317,0.307386,0.7684437,0.66406596,0.6945603,0.35882387,0.31216544,0.26852798,0.27714372,0.39155465,0.727723,0.6633712,0.31318644,0.33159682,0.53084797
919,0.6594038,0.8576163,0.64849925,0.20994158,0.8471367,0.22928986,0.52491635,0.3015877,0.40490046,0.23562081,0.65963167,0.33757573,0.3598101,0.61794436,0.42305645,0.7570163,0.8256885,0.45843768,0.45368975,0.45490772,0.330113,0.24207577,0.8086506,0.630508,0.8327967,0.3702436,0.26524395,0.32170704,0.31833756,0.5597364,0.7535943,0.675868,0.34166855,0.26692614,0.51908195
920,0.7196108,0.82388973,0.6988697,0.3216421,0.82801116,0.29772192,0.5133769,0.2863031,0.46254307,0.21044917,0.5912119,0.35779697,0.34300447,0.591238,0.42696705,0.765401,0.7818917,0.50136894,0.41806683,0.45405903,0.32500917,0.25321728,0.7827062,0.65208846,0.7913755,0.36729765,0.3023564,0.30981424,0.280425,0.49063295,0.73132205,0.6637899,0.31824842,0.30149242,0.5162845
921,0.8819028,0.7521375,0.8693279,0.69962347,0.84923637,0.3945794,0.5471428,0.23286161,0.5091079,0.09223236,0.2485147,0.38751152,0.23995587,0.46521807,0.44066578,0.7875857,0.6844138,0.6813703,0.44561857,0.54824275,0.42774954,0.41065806,0.7421893,0.69388217,0.51444536,0.3419271,0.33320817,0.19870235,0.26352876,0.1878539,0.71548164,0.65710396,0.30900225,0.39296293,0.5522132
922,0.7137414,0.83235466,0.7032422,0.33102793,0.8484017,0.31151462,0.53511417,0.2799914,0.48127428,0.21653092,0.563355,0.37831068,0.31307912,0.56819254,0.46061754,0.8008232,0.77183,0.5025524,0.42879885,0.49422747,0.3528989,0.28266206,0.7888324,0.6158565,0.75071484,0.345488,0.3174048,0.28220418,0.32101125,0.41888636,0.74375445,0.6700479,0.31473178,0.28480214,0.5258916
923,0.59356594,0.850618,0.61212415,0.15221503,0.7549751,0.14840253,0.524731,0.34443387,0.2686012,0.20323078,0.6431081,0.3114971,0.39890754,0.6440917,0.3409207,0.6054268,0.8886469,0.47091523,0.555235,0.45707121,0.36499125,0.29687053,0.80791664,0.69143957,0.8149697,0.4557681,0.201862,0.33483574,0.3105279,0.68752545,0.7429695,0.6819879,0.41244096,0.3055155,0.53848636
924,0.6665496,0.72035044,0.6819658,0.42524323,0.6811944,0.2839747,0.56101096,0.38321275,0.32613635,0.26112103,0.46280432,0.42370516,0.37667316,0.5299891,0.4055336,0.5556985,0.7160318,0.5684166,0.5235518,0.5424348,0.46800542,0.4387935,0.7138998,0.6519731,0.5519997,0.45357776,0.2948943,0.35006264,0.37585506,0.46027312,0.67316514,0.6445964,0.41330442,0.42482248,0.5701392
925,0.7335007,0.82920676,0.71490484,0.3407938,0.84666616,0.26226902,0.52450216,0.28160995,0.41160646,0.17729935,0.5504863,0.33768526,0.3362264,0.58758277,0.40318593,0.7485867,0.80138266,0.52401775,0.45783368,0.4641033,0.34181795,0.27696002,0.79121804,0.66695255,0.7703041,0.37466383,0.27095026,0.2888374,0.28529468,0.48838836,0.741478,0.67092246,0.33613163,0.30861545,0.526979
926,0.7330198,0.81937426,0.71834505,0.36289373,0.8374871,0.29387382,0.53368247,0.28998646,0.42896503,0.18466964,0.5396547,0.366033,0.33318448,0.5702197,0.41924214,0.7550654,0.77859646,0.5259497,0.45080763,0.4850811,0.3549312,0.2989139,0.7765523,0.6402386,0.7576409,0.37150067,0.29493558,0.2878265,0.3084097,0.44344267,0.7334171,0.66619843,0.33676046,0.31615454,0.53056455
927,0.7833386,0.81591827,0.7663616,0.4349286,0.8443648,0.3005733,0.52823365,0.26582447,0.4421878,0.15224035,0.49431252,0.35346037,0.3097973,0.5647639,0.40391216,0.7597838,0.7740365,0.5691596,0.43243757,0.48826256,0.35586372,0.28368342,0.78461695,0.6944879,0.7278203,0.3654313,0.27094558,0.2692531,0.26133057,0.41330665,0.7404886,0.6722573,0.31241074,0.33271438,0.5325449
928,0.6906829,0.79965746,0.6786671,0.35612077,0.8058257,0.30096936,0.5329326,0.31386742,0.42962417,0.2293175,0.5274478,0.37605533,0.3534004,0.56454664,0.43933162,0.72545564,0.7570645,0.5136422,0.46127662,0.4857757,0.3693233,0.32346556,0.75876135,0.61307544,0.72296304,0.38087544,0.3219015,0.31579083,0.33424067,0.4612721,0.71222824,0.65345466,0.3597065,0.3253315,0.5320576
929,0.81769246,0.79629,0.7989966,0.51401514,0.8512003,0.32319385,0.5337852,0.25386423,0.4608174,0.13090788,0.41400886,0.3590916,0.2872321,0.5358631,0.414221,0.77134025,0.7483371,0.60438776,0.4410653,0.504349,0.3784613,0.32594883,0.7743045,0.69415796,0.6583514,0.35981083,0.28886312,0.24518804,0.2647415,0.34805334,0.734863,0.66797984,0.31404,0.35085827,0.53949463
930,0.75131464,0.80711144,0.73435277,0.39922023,0.83139324,0.3119051,0.5248927,0.28209528,0.45904988,0.18439774,0.51936066,0.3635521,0.32605797,0.56648934,0.41861424,0.7538786,0.76481926,0.5438345,0.4330142,0.47996873,0.35166666,0.28546247,0.7723338,0.6650471,0.7399651,0.37288922,0.29824677,0.28853208,0.28320444,0.43990222,0.723786,0.66098917,0.32392517,0.32914376,0.52803665
931,0.6970278,0.8754573,0.67134905,0.18332162,0.8619606,0.22637412,0.502185,0.27400893,0.42427978,0.20092389,0.69180167,0.31598598,0.34903854,0.64781964,0.4012267,0.7895797,0.85356885,0.45269102,0.42130765,0.41506854,0.27854723,0.18909054,0.83025664,0.6667494,0.89289343,0.3672529,0.25219727,0.31095397,0.26659447,0.59138954,0.76903474,0.68517655,0.31334192,0.24884903,0.50552464
932,0.55336285,0.8480037,0.5972811,0.13251549,0.7117369,0.115912475,0.54200083,0.36950165,0.20017743,0.18004331,0.59876025,0.3156553,0.40422535,0.63898104,0.30578703,0.5199485,0.9107518,0.4877612,0.6352272,0.48711842,0.40514883,0.36462113,0.8077213,0.71037495,0.7747573,0.5116384,0.17740552,0.31921998,0.33330077,0.71213883,0.74369013,0.6898828,0.46166915,0.32497507,0.5595752
933,0.8341037,0.7490951,0.8196322,0.6194661,0.82283413,0.3956309,0.5453946,0.26549393,0.5042634,0.13432801,0.33245355,0.40395054,0.27748936,0.48529577,0.44774008,0.7618068,0.68086755,0.6309861,0.4377647,0.5393435,0.41580892,0.3919034,0.7295674,0.65806067,0.56414074,0.35556668,0.34832326,0.2369329,0.2911284,0.25072485,0.70069486,0.64803404,0.3183605,0.38591892,0.5458738
934,0.87363374,0.7697392,0.8581155,0.6503644,0.85625714,0.36017045,0.5434804,0.23369542,0.48238438,0.09398543,0.2958818,0.36969677,0.25158128,0.491144,0.41781563,0.7787505,0.7127541,0.6679932,0.44366962,0.5349542,0.41223398,0.37902546,0.7599485,0.7122857,0.564608,0.3505444,0.2988701,0.20745794,0.2527624,0.24248254,0.72843635,0.6645824,0.30639878,0.3848822,0.55021
935,0.54058313,0.82026327,0.5995797,0.17169163,0.6699961,0.13534164,0.55293196,0.39516905,0.1919159,0.18810879,0.5577816,0.33933187,0.4049725,0.61608636,0.3044561,0.47017726,0.8866359,0.5111478,0.6560142,0.51653904,0.43792763,0.41774064,0.7889639,0.7039811,0.7224336,0.5420371,0.18877985,0.32094806,0.36174697,0.6911161,0.7232008,0.6825503,0.48560238,0.3611725,0.5728717
936,0.7466165,0.8139614,0.729282,0.37962416,0.8356514,0.29852563,0.5248062,0.28200716,0.44700962,0.1820025,0.53505874,0.35628882,0.32822254,0.5736316,0.41412163,0.75810975,0.775122,0.5354032,0.43766943,0.47704783,0.34858927,0.28332442,0.7782777,0.6632307,0.7496433,0.37250516,0.28926498,0.28815618,0.2857859,0.451646,0.7307555,0.6647312,0.32694522,0.32199004,0.5267212
937,0.8388322,0.78537047,0.82515526,0.580527,0.8593872,0.35001892,0.5361176,0.23756333,0.48782197,0.1150531,0.34766918,0.36378613,0.2619816,0.50682485,0.4264885,0.7919711,0.7327647,0.6317759,0.4430639,0.51494205,0.39291847,0.36167142,0.76788795,0.69087,0.610342,0.3460036,0.30752975,0.21942258,0.26092148,0.28061986,0.7317664,0.66459703,0.30906516,0.3589969,0.5402387
938,0.8491508,0.74935544,0.8355877,0.66808355,0.8522147,0.3921045,0.5611043,0.24484453,0.48406142,0.13564721,0.25101206,0.42529783,0.24213135,0.45142913,0.47760606,0.7817917,0.6571803,0.65285283,0.45340857,0.56177914,0.44739658,0.43971968,0.7363194,0.6392732,0.45573252,0.31624848,0.37753525,0.218612,0.3134809,0.16280988,0.71928966,0.6616584,0.30733272,0.38465613,0.56453496
939,0.8177322,0.7952331,0.79913425,0.51434726,0.85037106,0.3316463,0.5323288,0.25319898,0.47370797,0.13428062,0.41803783,0.36325,0.28604126,0.5350471,0.41697645,0.7749236,0.74573934,0.60134214,0.4321304,0.5026657,0.37501612,0.32352933,0.77264476,0.69202757,0.66318285,0.35757583,0.29421067,0.2459087,0.26189032,0.34595922,0.73238486,0.66598684,0.30844116,0.34946105,0.53660697
940,0.80741966,0.78227794,0.7924854,0.5357178,0.8401097,0.34201303,0.54297304,0.26658872,0.46250805,0.14774813,0.39235175,0.38096005,0.29123867,0.5170044,0.42645913,0.76104796,0.72676533,0.6075576,0.4487788,0.52090275,0.40083274,0.36195296,0.7594363,0.66923076,0.6312896,0.36020687,0.30968255,0.251626,0.29554963,0.31836173,0.7242927,0.6614355,0.32339323,0.36544865,0.54495144
941,0.8625086,0.7681714,0.8462777,0.6257217,0.8541557,0.35280064,0.5410085,0.23954384,0.474598,0.09806822,0.31107977,0.365831,0.259764,0.49777403,0.42066136,0.7731811,0.71328646,0.6531781,0.4525415,0.52863073,0.4105917,0.3797762,0.757376,0.7030377,0.56452006,0.35365313,0.30450073,0.21511161,0.26279622,0.26495788,0.72463995,0.6623024,0.3170098,0.37876853,0.5481019
942,0.77334726,0.78958833,0.7585996,0.4712244,0.8307368,0.3212464,0.53656065,0.28140578,0.44730926,0.16273782,0.4515399,0.3703833,0.31659985,0.5392702,0.42336965,0.74613994,0.7429726,0.57353485,0.452524,0.5026428,0.3839288,0.3366287,0.75867367,0.6600937,0.6722702,0.370285,0.30513093,0.27200484,0.29526752,0.3837362,0.7199191,0.6586715,0.3350801,0.34957686,0.5380669
943,0.8605609,0.75021756,0.84756166,0.66512907,0.8426776,0.38172168,0.5490798,0.24656382,0.48514205,0.11130528,0.27622017,0.39384824,0.25694042,0.4714388,0.44378358,0.76813567,0.68146205,0.6619364,0.4541842,0.5454687,0.43231854,0.41918594,0.73961234,0.6753771,0.5197161,0.34546068,0.33745116,0.21642141,0.2869807,0.20813394,0.7140993,0.65616655,0.31812724,0.3943267,0.5543011
944,0.67837274,0.8511535,0.75336,0.46768016,0.95944357,0.24046806,0.68472207,0.24667677,0.3239059,0.27278447,0.2711273,0.48734722,0.19008453,0.3902871,0.56693983,0.8393965,0.6225661,0.5941739,0.5398079,0.7813095,0.5874345,0.48693404,0.82278013,0.44678196,0.2496285,0.20269254,0.34621537,0.16781196,0.54671705,0.06364254,0.8116659,0.7292902,0.28983468,0.2962155,0.62702805
945,0.7144105,0.8589163,0.6908159,0.23721567,0.8552829,0.2522604,0.5012833,0.2708075,0.445023,0.19952174,0.6619322,0.32520217,0.3421157,0.6306066,0.4043077,0.7844826,0.8305955,0.47421676,0.4095096,0.42346874,0.28886077,0.19971563,0.816539,0.6765142,0.86446106,0.36405355,0.2629127,0.3078205,0.2562686,0.55848545,0.75699246,0.6780892,0.30596396,0.26780444,0.50592583
946,0.855423,0.7695774,0.84922314,0.676386,0.88338196,0.30803403,0.59218204,0.24326003,0.3612854,0.113345996,0.20484364,0.4172091,0.23387513,0.4407652,0.44559163,0.74464554,0.6717409,0.6898861,0.5220791,0.61032504,0.5042581,0.48735315,0.765085,0.652473,0.39922255,0.31338927,0.3122348,0.20669846,0.3729097,0.13840553,0.75858945,0.68973815,0.33165497,0.4094638,0.59843755
947,0.8255272,0.7697825,0.8145653,0.5962828,0.8411087,0.38316625,0.5474082,0.25555617,0.49659482,0.13786991,0.3459449,0.40093914,0.27095562,0.48873168,0.44925356,0.7801354,0.6959586,0.62586117,0.43948603,0.53896654,0.4092011,0.3839098,0.74584544,0.6534625,0.5854443,0.34399,0.3433681,0.23008247,0.29314724,0.24334636,0.7172399,0.65779084,0.3108374,0.37001973,0.54670954
948,0.7054466,0.8089554,0.70886487,0.40311414,0.8390034,0.27094433,0.5786965,0.31469983,0.34689507,0.18218331,0.43185225,0.4040917,0.32389545,0.5251597,0.4276548,0.71245193,0.75040245,0.56051904,0.5223646,0.57092917,0.43186766,0.39322776,0.7680227,0.5853744,0.64232516,0.37593424,0.29408607,0.27572936,0.41434765,0.350399,0.7409518,0.6763541,0.3821114,0.34993523,0.5684163
949,0.84858483,0.7653903,0.834185,0.6210632,0.8420719,0.40969896,0.53925884,0.24265781,0.5317882,0.12716146,0.3408865,0.40349156,0.26006174,0.48572183,0.4547932,0.79169697,0.6873783,0.6322684,0.414684,0.5307247,0.3940919,0.36839682,0.7436086,0.66525555,0.5849017,0.33865958,0.3533506,0.21985142,0.2642085,0.22916606,0.71354455,0.6553213,0.28990793,0.36833325,0.5401472
950,0.6287998,0.8345486,0.62429553,0.20658302,0.78653777,0.21710579,0.51318604,0.3310816,0.36697435,0.24258229,0.6596342,0.32631153,0.39522836,0.6293539,0.38864633,0.67996114,0.83629024,0.46364117,0.4759245,0.44195423,0.34016013,0.25351936,0.78884715,0.65659666,0.8364223,0.4083038,0.25204295,0.35431597,0.30556816,0.6340927,0.7235194,0.66172045,0.37270784,0.30344635,0.52053386
951,0.710585,0.84284574,0.69073087,0.27049294,0.83900416,0.24900393,0.5080951,0.2830838,0.42425013,0.20000634,0.62467843,0.32839364,0.34906825,0.61849254,0.4004201,0.75407344,0.8203311,0.49034515,0.42953354,0.4362386,0.31497064,0.2326444,0.8030699,0.6771012,0.8237003,0.37495333,0.2629678,0.31320468,0.26779643,0.5543435,0.7450264,0.67249316,0.3239702,0.2893375,0.5145099
952,0.70705545,0.8305915,0.695872,0.31513208,0.8249381,0.24839178,0.5202036,0.29314128,0.3944367,0.1915103,0.57744014,0.3313982,0.34971604,0.6011507,0.3907978,0.72244835,0.8130413,0.51539385,0.4579417,0.46115345,0.34397236,0.26601064,0.7928157,0.67991847,0.7847951,0.38527647,0.25300473,0.30699214,0.28008077,0.5319408,0.7372954,0.6702407,0.34236214,0.31264895,0.5257519
953,0.8642805,0.76755023,0.8516464,0.66113365,0.863176,0.37799954,0.55098003,0.23059972,0.48614106,0.10573266,0.26824066,0.39275548,0.23971906,0.46833816,0.45114994,0.79315937,0.692082,0.66296375,0.45503086,0.54709935,0.42778176,0.418266,0.7546161,0.67138,0.5229689,0.32753542,0.3428538,0.19894528,0.28291315,0.18846986,0.7299051,0.66448647,0.30639836,0.37697366,0.5553071
954,0.90319157,0.76705205,0.8895353,0.7165445,0.86403865,0.3900484,0.554278,0.22394681,0.4981598,0.07809348,0.25614962,0.38852462,0.23282504,0.4678443,0.42372164,0.78813547,0.69605035,0.69635403,0.43273625,0.5559205,0.421012,0.39230302,0.7538699,0.7136795,0.5395009,0.33697343,0.30884236,0.18825802,0.24401152,0.17544839,0.7299963,0.6680671,0.28681722,0.3942906,0.5569705
955,0.7244032,0.76744115,0.6974158,0.4020153,0.73635256,0.5842074,0.49667716,0.24166086,0.73146296,0.36393362,0.36198393,0.53181034,0.23320901,0.5179916,0.6468886,0.90226287,0.5970825,0.49222946,0.31658804,0.48935547,0.26587164,0.2564363,0.7199226,0.519006,0.59503376,0.30578548,0.6248031,0.31529674,0.32854939,0.21405125,0.6677492,0.64212465,0.28469422,0.2620561,0.52787554
956,0.67874444,0.8349527,0.7095062,0.389556,0.89951575,0.29979318,0.6089631,0.2766761,0.4135995,0.23370688,0.41109252,0.43927184,0.26010314,0.48085603,0.5131988,0.806568,0.7089113,0.53932047,0.5019468,0.64248806,0.46255785,0.4045282,0.78997076,0.5065953,0.53464997,0.30066416,0.3441698,0.222402,0.4608551,0.21755496,0.766625,0.6893888,0.33567423,0.29311088,0.5728039
957,0.69697773,0.87530136,0.67922115,0.21449277,0.8713213,0.24152867,0.5237075,0.27056408,0.42232257,0.19762285,0.64402056,0.33999842,0.3276469,0.62028897,0.4286635,0.80264646,0.83632106,0.46300238,0.4377523,0.4573266,0.3021532,0.22379944,0.8271054,0.62897515,0.84891397,0.35052243,0.2752728,0.28614053,0.2988106,0.5079774,0.77428424,0.6900093,0.315367,0.24488822,0.51862943
958,0.6332344,0.8605405,0.7230862,0.41099706,0.97004366,0.25086552,0.68968,0.2425327,0.35652384,0.3117494,0.2799422,0.4985198,0.18134049,0.3806272,0.60858697,0.8818437,0.6152054,0.5587216,0.54521704,0.8007449,0.58943874,0.48463646,0.82583857,0.39112526,0.22764853,0.1831434,0.38105235,0.16097523,0.5956456,0.054204106,0.81108826,0.7259673,0.28981656,0.26321477,0.6210155
959,0.7212399,0.8605935,0.6975303,0.2484333,0.86166155,0.22257118,0.5051216,0.268403,0.4020194,0.18070978,0.6417828,0.31017977,0.3442749,0.6344545,0.38816187,0.7657015,0.83980006,0.48383695,0.43121314,0.42146388,0.29597977,0.21149044,0.82112616,0.6912833,0.843927,0.36922255,0.24229021,0.30367446,0.2514888,0.57356673,0.7634339,0.6846272,0.31691235,0.2710248,0.5121294
960,0.7549782,0.8360236,0.73627967,0.35165113,0.8546028,0.2792316,0.518446,0.26551765,0.44557667,0.16813302,0.55809987,0.33796704,0.31835896,0.59067404,0.4016119,0.7767005,0.8030548,0.5312064,0.42891073,0.46302366,0.32979363,0.25381598,0.801321,0.68579334,0.78405154,0.36509937,0.26533094,0.2790193,0.2627887,0.47080153,0.7494248,0.674985,0.31153625,0.30385503,0.52149385
961,0.87731504,0.7529885,0.8621006,0.6866229,0.85140353,0.43741316,0.5403377,0.22333348,0.5653038,0.114212975,0.25324103,0.4141398,0.22767901,0.45932284,0.48130688,0.8172504,0.66683376,0.65858376,0.41598693,0.53688437,0.4042576,0.3952192,0.7375665,0.6617064,0.5068227,0.32121995,0.39801708,0.1986585,0.25646943,0.1660689,0.70961857,0.6530057,0.28470808,0.3684106,0.5447384
962,0.8056471,0.781649,0.79003143,0.5228412,0.8275467,0.34195694,0.54017735,0.27442187,0.4598822,0.14771791,0.417876,0.3792867,0.3024009,0.52658546,0.41787916,0.74722576,0.73024213,0.6048743,0.44383994,0.5212037,0.39076898,0.33397478,0.7542373,0.6804321,0.6559267,0.3717174,0.30050272,0.26038542,0.28311333,0.3416387,0.71730167,0.65934867,0.3240744,0.36842114,0.54391164
963,0.6665597,0.8612115,0.6457829,0.18696582,0.83784324,0.22278781,0.5061482,0.29804978,0.40941516,0.22691269,0.68517953,0.3224117,0.3733527,0.6390988,0.4055554,0.75265485,0.84371746,0.44940352,0.4377287,0.4191332,0.29843014,0.21317402,0.81303823,0.65463877,0.8778919,0.38150102,0.2581612,0.33563435,0.28523475,0.60983914,0.75180453,0.6741863,0.33619064,0.264131,0.50820017
964,0.85006773,0.7566082,0.83383113,0.62813365,0.84268075,0.35870042,0.53801566,0.24558751,0.4797368,0.116158344,0.3058253,0.3727691,0.26626983,0.49064922,0.43557096,0.7664626,0.6986761,0.6479153,0.45558318,0.5226777,0.41833562,0.39636034,0.7483574,0.69085467,0.5426462,0.3507901,0.32372898,0.227,0.2742748,0.25930715,0.717005,0.6571121,0.32146376,0.38386837,0.5480087
965,0.60697937,0.83298147,0.61150116,0.19336043,0.77090585,0.1921983,0.5240289,0.34594697,0.3218088,0.23820877,0.63944244,0.3300035,0.40391546,0.6261331,0.38032648,0.64061487,0.84717524,0.46720552,0.5134133,0.4536931,0.35849446,0.28902107,0.78546286,0.64983314,0.81206113,0.42981887,0.242114,0.3519662,0.3259415,0.6467147,0.7228805,0.664922,0.40045366,0.30842462,0.5306304
966,0.80015075,0.80068433,0.78175205,0.47814623,0.8494601,0.3099001,0.5333743,0.2614575,0.44634524,0.1397681,0.44398278,0.35494357,0.29931295,0.5461721,0.40765685,0.7622546,0.7578413,0.5874488,0.4476184,0.49892703,0.37167773,0.31728095,0.77443343,0.68860954,0.6805376,0.36614436,0.28370744,0.25415784,0.2722865,0.37966895,0.7340387,0.6676876,0.3207931,0.3448797,0.53773475
967,0.70037967,0.84826547,0.7444194,0.37061036,0.8764927,0.302315,0.6202448,0.24271229,0.34446833,0.1969595,0.25672665,0.480452,0.2020957,0.4959747,0.5300747,0.82596695,0.6957498,0.6005964,0.5459665,0.69730544,0.4209984,0.36022353,0.81141675,0.52470905,0.49679738,0.30014467,0.32341164,0.21475382,0.54050356,0.13186638,0.7853669,0.73268616,0.38493365,0.31804183,0.6257389
968,0.757417,0.80260813,0.7363208,0.42048398,0.8294115,0.37584838,0.52160245,0.26709622,0.5324314,0.200033,0.50299186,0.39906782,0.30178997,0.5445346,0.47198194,0.80700284,0.7300383,0.5305953,0.3950836,0.48615545,0.33840376,0.29585153,0.76426476,0.62114954,0.71356684,0.34120935,0.36521682,0.27259022,0.28481355,0.35653868,0.72198445,0.65714055,0.29418582,0.30827922,0.5209695
969,0.9041848,0.8944276,0.9200228,0.53212774,0.85451543,0.25637347,0.6173971,0.16463582,0.28130776,0.06348469,0.18730749,0.4896671,0.13298716,0.5454936,0.4435261,0.83136415,0.70956767,0.78989565,0.46207562,0.78297037,0.3293988,0.19375436,0.86247855,0.73518056,0.55216134,0.30592465,0.17977628,0.13905045,0.31958658,0.053097896,0.8478327,0.79496706,0.2947677,0.41615543,0.7007619
970,0.7974912,0.79734004,0.779601,0.4917609,0.84939545,0.31576487,0.53055507,0.25772113,0.4552874,0.14505167,0.42427707,0.35784408,0.29700646,0.53671867,0.42273265,0.76900643,0.7509646,0.5870539,0.4473568,0.49292436,0.3780958,0.33706063,0.77226746,0.67909425,0.6599536,0.35506815,0.3008933,0.2553145,0.2745452,0.36188966,0.73337543,0.66533625,0.32112595,0.3432799,0.5357424
971,0.6882395,0.74920815,0.6652199,0.32646984,0.6890968,0.71009356,0.47308928,0.22703424,0.81698483,0.52885705,0.28793448,0.6184788,0.19345999,0.51972634,0.7563152,0.93409395,0.48657686,0.4696507,0.2855576,0.49282637,0.20171008,0.1791341,0.6942646,0.47004867,0.52618533,0.3113732,0.7527607,0.37061062,0.36138627,0.16430472,0.6262779,0.64220095,0.2874108,0.24261275,0.5477465
972,0.7974483,0.8047597,0.77757215,0.46786052,0.8479061,0.31564713,0.53190947,0.26280853,0.45229483,0.14490171,0.4604644,0.362274,0.30229494,0.5500355,0.4146101,0.76449436,0.7562171,0.5787769,0.43671045,0.49541026,0.36435014,0.30687198,0.77545214,0.68246144,0.69370013,0.36191857,0.29087815,0.25910142,0.26896566,0.3819892,0.7349617,0.66887015,0.31282932,0.3385089,0.5359092
973,0.6048148,0.83293504,0.61170197,0.19217937,0.76762563,0.19216265,0.5255901,0.3484808,0.31984818,0.23559847,0.63522613,0.3324683,0.40258545,0.6233252,0.3784551,0.6346503,0.848715,0.4694736,0.5189558,0.45736605,0.3599731,0.29457414,0.78638875,0.6499943,0.8114311,0.43558764,0.24237645,0.3495151,0.32854006,0.6443464,0.722792,0.66553766,0.40296096,0.31148058,0.5322234
974,0.70513755,0.8403903,0.68746185,0.2753121,0.83413124,0.24180122,0.50877285,0.28652233,0.41120714,0.20196259,0.6139198,0.32596865,0.35386398,0.6173833,0.39605212,0.73982656,0.8211603,0.4958407,0.43765956,0.43705186,0.31861252,0.2337986,0.8005272,0.6816896,0.8202443,0.3808276,0.2585888,0.31766865,0.2666819,0.56171274,0.74089915,0.6714315,0.3319556,0.29530206,0.51720077
975,0.7385402,0.81379586,0.7246933,0.37012303,0.8233932,0.29954237,0.5249231,0.28847113,0.44269648,0.18865012,0.54680866,0.3596237,0.33332413,0.5775832,0.4089004,0.74613863,0.77659416,0.53609216,0.43910185,0.48174462,0.348486,0.27107367,0.77706796,0.66919243,0.76245415,0.38027158,0.283705,0.2946317,0.2862157,0.46156588,0.72700346,0.66450965,0.3277878,0.32674506,0.52921575
976,0.6740061,0.8311259,0.6926102,0.35918087,0.87689734,0.27835628,0.58833826,0.29696387,0.39170495,0.22561567,0.46190023,0.4123044,0.2984567,0.5149771,0.4721922,0.77398,0.7419034,0.5265187,0.50516486,0.5900396,0.43496236,0.3789917,0.7844137,0.5404447,0.61584777,0.33227164,0.32016164,0.2569092,0.42978674,0.31860906,0.7541873,0.68128586,0.3534073,0.30436677,0.5620252
977,0.7722218,0.7895025,0.7851356,0.5637101,0.88996536,0.27948624,0.6189601,0.27778926,0.32667112,0.19102791,0.29746488,0.44320482,0.2630242,0.44574314,0.4650012,0.7226665,0.6684152,0.63539666,0.5188569,0.6498451,0.5142455,0.47023496,0.7723059,0.5897736,0.40623862,0.30901536,0.304882,0.23448476,0.42594165,0.17109475,0.76574045,0.696591,0.33303842,0.38752764,0.60409945
978,0.5649912,0.68902034,0.5820526,0.25043774,0.35479385,0.8303932,0.46273866,0.25318676,0.9111515,0.71233934,0.14150053,0.74715245,0.17314772,0.5507997,0.8949375,0.96794796,0.30253822,0.48645338,0.2783422,0.55308306,0.13618846,0.10693991,0.6539322,0.46851125,0.42210817,0.32017353,0.8452155,0.5226168,0.556878,0.07033581,0.5501995,0.67631704,0.40349007,0.33880466,0.62519914
979,0.9106639,0.75761074,0.89830816,0.7400013,0.86764354,0.40345645,0.5441831,0.209097,0.5270716,0.07320658,0.22010449,0.38017103,0.21809009,0.4569632,0.43907794,0.8062371,0.6845907,0.70572025,0.43582088,0.54810065,0.42313153,0.40587574,0.7523257,0.71568114,0.50176066,0.3303844,0.3289335,0.17651954,0.23679891,0.15459833,0.725314,0.66312677,0.28951815,0.39220768,0.5526681
980,0.69642466,0.8448324,0.6791297,0.26120397,0.8328106,0.22686455,0.50913084,0.29010075,0.39079934,0.20098157,0.62748647,0.31843573,0.3610912,0.6244016,0.38996488,0.73034394,0.8295786,0.48895365,0.44569778,0.43433172,0.31986725,0.23383816,0.8042278,0.68398875,0.8248922,0.3818662,0.24744847,0.3220066,0.26749727,0.5798934,0.74557835,0.6741609,0.33656693,0.2924642,0.51721025
981,0.7798506,0.834576,0.7599093,0.39999765,0.8660108,0.26421216,0.51623535,0.24579835,0.43102747,0.14476487,0.50840837,0.3212268,0.30278903,0.5833747,0.3935809,0.7772815,0.8038877,0.55888176,0.43277088,0.45819417,0.33456594,0.2647214,0.80760306,0.7163228,0.7414413,0.3572069,0.25071284,0.26302648,0.23575358,0.4539652,0.7583376,0.6814321,0.30637187,0.30900022,0.524897
982,0.6641253,0.8814818,0.64348286,0.14372048,0.8511629,0.17458865,0.49564105,0.285641,0.36256817,0.2089303,0.72358084,0.28760228,0.37694606,0.6705681,0.37435907,0.74137414,0.8792068,0.43922997,0.44310302,0.39430577,0.2788682,0.17960703,0.8354534,0.6913465,0.9082424,0.38102803,0.21769384,0.3363313,0.2535401,0.6742075,0.7690338,0.6871177,0.33282343,0.249813,0.5045235
983,0.7532897,0.7705715,0.7328076,0.48222256,0.80497825,0.3906142,0.5380026,0.2881027,0.510903,0.21292326,0.43458337,0.4228076,0.3090993,0.5152016,0.48258966,0.7743685,0.6931563,0.5515477,0.4213428,0.5132102,0.38292083,0.35896534,0.73462296,0.5982202,0.6295471,0.3485266,0.39095894,0.2820606,0.32256237,0.31872907,0.70196086,0.64685774,0.3215704,0.34106222,0.5353688
984,0.7098786,0.7409431,0.71538264,0.49643508,0.76991254,0.48635417,0.55736566,0.27091327,0.56915486,0.34035218,0.2512708,0.53259027,0.23067196,0.46332636,0.6115018,0.8239132,0.57108057,0.5650771,0.43108553,0.5929492,0.3947083,0.37551504,0.714049,0.5146323,0.40351954,0.3068564,0.5342199,0.3036477,0.43440396,0.14594753,0.6832385,0.6588248,0.33788347,0.3437278,0.5789989
985,0.75767916,0.82499105,0.73879755,0.37861145,0.84637296,0.3416863,0.5207166,0.26059717,0.50821054,0.1802781,0.53199184,0.3767436,0.30091456,0.5648486,0.44886535,0.8093759,0.76621675,0.5258217,0.4037071,0.4795548,0.32679987,0.2703331,0.78570235,0.63865894,0.76032114,0.3459475,0.32766247,0.2655822,0.27758917,0.38914046,0.7394516,0.6681591,0.29545686,0.29549432,0.5191126
986,0.62188303,0.8494674,0.62353516,0.17227182,0.7839774,0.17940578,0.5152883,0.32913855,0.3230682,0.21974483,0.665635,0.31391194,0.39255175,0.64260244,0.3676502,0.6596296,0.86692077,0.46245322,0.5019641,0.4405168,0.33858368,0.2598796,0.80604744,0.67413294,0.8375862,0.4231662,0.2243888,0.3415379,0.3023552,0.6625781,0.74012786,0.675546,0.3820045,0.29477248,0.5257942
987,0.80163586,0.7695525,0.78712386,0.54528904,0.826687,0.3886965,0.5361947,0.26363343,0.5161964,0.15738687,0.38264292,0.40153486,0.2816992,0.5041982,0.46323395,0.7866453,0.69963527,0.5939638,0.42748135,0.51896286,0.38982734,0.36400855,0.74378604,0.6375683,0.6096339,0.3474412,0.36276022,0.24617013,0.29396328,0.28351268,0.7092006,0.65155876,0.31411645,0.3527246,0.5368377
988,0.710243,0.82849133,0.70514303,0.32985458,0.8326213,0.27890554,0.5319909,0.29021907,0.4294985,0.19391546,0.5631858,0.35536963,0.33033234,0.5799017,0.4207065,0.7517502,0.7943975,0.51460296,0.4540041,0.48447007,0.3578277,0.28670904,0.7885541,0.64624554,0.76554555,0.36871567,0.28120583,0.2903279,0.30521372,0.46823278,0.7384404,0.66949743,0.3346085,0.30479503,0.52866685
989,0.86399823,0.7469268,0.8499974,0.67915213,0.83947,0.3892181,0.5576819,0.25627828,0.48175955,0.11275969,0.2788425,0.40563893,0.26274306,0.46741867,0.43826753,0.7560487,0.6742098,0.6651316,0.4512884,0.5596671,0.43957528,0.42068976,0.73142576,0.6717007,0.51907194,0.34925523,0.33577806,0.22065666,0.29280108,0.20665869,0.7091845,0.65498096,0.31613177,0.40320283,0.55838835
990,0.7759847,0.809461,0.75800264,0.43105203,0.8424339,0.32123077,0.52427673,0.26580852,0.47359815,0.16796899,0.49493805,0.36164266,0.30781928,0.55825716,0.42159304,0.7754144,0.76232016,0.56061566,0.42434496,0.4847837,0.35295346,0.29048666,0.7789243,0.6736723,0.7261392,0.36192393,0.29717657,0.26989803,0.27079934,0.40187335,0.7330907,0.66547155,0.31090036,0.32939792,0.5282118
991,0.7088588,0.83500135,0.68959343,0.2890342,0.8367225,0.2728452,0.51821023,0.29063585,0.43924904,0.20768575,0.6056738,0.34755787,0.3458741,0.6018206,0.41910022,0.7621247,0.80221355,0.49296814,0.4353126,0.45338345,0.32786185,0.25239244,0.79375446,0.6496151,0.80711305,0.37425798,0.28461456,0.30907112,0.29342523,0.5173283,0.73926264,0.6683033,0.32996348,0.2921973,0.51882386
992,0.68605506,0.8606898,0.6628026,0.19111887,0.84857213,0.23572178,0.4986282,0.28396207,0.4346513,0.21860568,0.6906424,0.31888923,0.35834104,0.6435113,0.399652,0.7727521,0.84256095,0.45467788,0.41937384,0.41274118,0.28549296,0.19218735,0.81707174,0.67033625,0.8861636,0.37625727,0.25984597,0.32571262,0.26882932,0.60694015,0.7516367,0.6739926,0.32026687,0.2638417,0.50403345
993,0.7072049,0.83263224,0.6885476,0.29256314,0.83380634,0.27514812,0.5195825,0.29445058,0.43448496,0.20770645,0.607139,0.35000387,0.3501791,0.5998418,0.41618267,0.7565336,0.79918164,0.4946789,0.43695503,0.45683536,0.327846,0.252046,0.7893543,0.64683944,0.81007624,0.3760296,0.28488258,0.31083912,0.29393232,0.5133667,0.73657393,0.66748035,0.33163542,0.29794452,0.51973945
994,0.7642745,0.8116069,0.746515,0.4131268,0.8390605,0.30632943,0.522288,0.26837823,0.4533822,0.16920425,0.5112459,0.35501656,0.31646404,0.5674141,0.41674685,0.76431036,0.76659083,0.5484797,0.42871675,0.4746779,0.34706673,0.28501678,0.7799747,0.67661506,0.7263792,0.36243922,0.29092562,0.276818,0.2661594,0.42912784,0.73486805,0.6679223,0.31376353,0.32235807,0.52618295
995,0.89298666,0.7385151,0.8797364,0.73471147,0.85198486,0.39449042,0.55022544,0.23063762,0.49732485,0.08829804,0.21190682,0.39090756,0.23572497,0.45098677,0.44537926,0.7777607,0.667,0.6942643,0.45990077,0.55167145,0.44804707,0.44487977,0.7357567,0.6919025,0.46668905,0.33758354,0.34427512,0.19493443,0.27449998,0.1642542,0.7124101,0.65506446,0.31344,0.40664297,0.5587252
996,0.5625193,0.6654423,0.5762415,0.24127233,0.3737263,0.88898146,0.4483129,0.24354772,0.9477024,0.7819017,0.12550236,0.7841325,0.15715753,0.54347694,0.91954744,0.9783696,0.23298292,0.4908889,0.25959447,0.56297445,0.12536211,0.091005966,0.61812323,0.44587922,0.3852147,0.3308963,0.9034108,0.5437299,0.5608406,0.055022586,0.51356316,0.66864085,0.38924757,0.3426273,0.6390457
997,0.75900507,0.8176569,0.74793786,0.41311663,0.835488,0.29880682,0.5238097,0.26774368,0.44042596,0.16157453,0.50641125,0.34937382,0.3143577,0.5671023,0.4089772,0.7560449,0.7785735,0.5565063,0.43916887,0.48279205,0.35313326,0.28653142,0.78463155,0.68468624,0.73027265,0.3647256,0.27919015,0.2712777,0.26037732,0.42585403,0.7376345,0.6705166,0.31618977,0.32501915,0.5300995
998,0.84053123,0.7769648,0.8244182,0.5842896,0.8427373,0.36308852,0.54033816,0.25182337,0.4873108,0.12409022,0.36763582,0.38096842,0.27426377,0.50939304,0.4240654,0.77212054,0.7170078,0.6307453,0.43156385,0.5249169,0.39409596,0.34894076,0.75650823,0.69097793,0.61636585,0.35456887,0.30922568,0.23433785,0.26393825,0.28723237,0.7226905,0.66223586,0.30558234,0.37147856,0.5440766
999,0.6739105,0.8486725,0.6655769,0.25283104,0.8619298,0.26425028,0.5299121,0.28623447,0.44290727,0.24679093,0.6199769,0.35582677,0.33644646,0.5916678,0.44804278,0.78401434,0.7903524,0.46988767,0.4377582,0.47607845,0.34133556,0.2589237,0.80026037,0.6135603,0.7713359,0.34837097,0.29689756,0.29909578,0.31879044,0.49464902,0.7487284,0.6720792,0.3223785,0.26585355,0.51941353
1000,0.71769905,0.8282779,0.7027251,0.3304808,0.8384363,0.2796904,0.5309662,0.2926415,0.42352456,0.19330959,0.5624405,0.3593466,0.34056965,0.5803613,0.4220585,0.7566516,0.79000396,0.5104779,0.45179695,0.4746767,0.34790117,0.29027677,0.784255,0.63467693,0.7728382,0.37180096,0.2904559,0.294942,0.30947688,0.4710253,0.73865354,0.6685997,0.33868,0.30433667,0.52770007
1001,0.6839119,0.71006614,0.65745896,0.3512044,0.64915746,0.8241987,0.466117,0.23002772,0.9131314,0.61637294,0.18800229,0.7056345,0.16493273,0.4982491,0.8494962,0.964753,0.40618658,0.46849805,0.24979143,0.4999898,0.17609663,0.16217366,0.652403,0.39733744,0.45513177,0.2966819,0.8841914,0.40802127,0.37481156,0.0790486,0.580877,0.6237545,0.2644413,0.25174382,0.5532335
1002,0.7213417,0.82026327,0.7037991,0.34788102,0.83125544,0.32107204,0.52615225,0.2857514,0.47554892,0.20433871,0.54654694,0.3788949,0.32656556,0.56815106,0.44949874,0.7844061,0.76785344,0.5079248,0.42786765,0.4786788,0.3399675,0.29015937,0.77638274,0.6176628,0.75742567,0.35937333,0.32884717,0.28826833,0.30736262,0.42928904,0.73098576,0.66282386,0.32244933,0.29889193,0.52320373
1003,0.8032311,0.7965253,0.7557199,0.37192076,0.81956565,0.85641557,0.4406641,0.13958669,0.9535675,0.49643946,0.18466876,0.7010344,0.10145918,0.48588476,0.86158735,0.98855495,0.5079409,0.445611,0.1588829,0.429972,0.118014,0.12703128,0.73154324,0.36426646,0.5376309,0.21684495,0.934793,0.2808091,0.2161978,0.043183126,0.65724105,0.6337701,0.13462678,0.14318778,0.49977246
1004,0.7386355,0.8326872,0.72526896,0.34921497,0.8393095,0.26739284,0.52332157,0.27742678,0.41685843,0.1691322,0.5545568,0.33964586,0.33115208,0.5892972,0.3970415,0.74488705,0.8055582,0.53085726,0.44811574,0.46915713,0.3427012,0.27194598,0.79389066,0.68176144,0.7732229,0.3734061,0.26313585,0.28455928,0.2689234,0.48207647,0.744737,0.6746914,0.3252863,0.31074107,0.5270378
1005,0.70178163,0.82982045,0.69482756,0.34059706,0.8494829,0.33396298,0.54596925,0.27891177,0.49009663,0.22300097,0.52822626,0.4022472,0.30230945,0.54856044,0.48724055,0.8186369,0.75247526,0.4991669,0.43088132,0.5199755,0.3617422,0.3090039,0.7814692,0.57176435,0.7184676,0.33014217,0.356703,0.2693167,0.3486399,0.3562048,0.7421068,0.668509,0.3158996,0.27942342,0.53082645
1006,0.7890317,0.80933046,0.77238184,0.44703597,0.84172285,0.33616263,0.5334267,0.2709771,0.4729373,0.1595587,0.501684,0.37715578,0.30776957,0.5521446,0.41937447,0.77358925,0.75476664,0.56926405,0.42110434,0.5020765,0.3558752,0.28536016,0.7724308,0.67033654,0.73568976,0.362853,0.29648113,0.26747894,0.27444956,0.37397957,0.7322424,0.66798115,0.30503014,0.336691,0.533361
1007,0.85661393,0.7628401,0.8407062,0.6397149,0.8415569,0.4121229,0.5440581,0.24241015,0.5249152,0.12377912,0.32479578,0.4107267,0.25955015,0.47982502,0.45712414,0.7869605,0.6787722,0.6413045,0.42000246,0.53837436,0.40222993,0.37811974,0.7409512,0.6649419,0.57124966,0.33628458,0.35970864,0.21789713,0.27002284,0.21176787,0.7146362,0.6566914,0.29031926,0.37535733,0.5468684
1008,0.6298394,0.6947321,0.6180642,0.3220469,0.50258076,0.807862,0.46792227,0.25500178,0.89854395,0.64068824,0.18017372,0.70458955,0.18555379,0.51721764,0.8480152,0.9599331,0.38505203,0.47595406,0.27712908,0.51671267,0.17255582,0.1575217,0.64919573,0.43933526,0.44488263,0.32427278,0.85587966,0.46312326,0.44965196,0.09148638,0.57152784,0.64250934,0.333829,0.29173177,0.5793461
1009,0.8253249,0.78223485,0.80850637,0.5483596,0.83678406,0.3496887,0.5397779,0.26096356,0.46698752,0.12941135,0.40062085,0.38009804,0.28969687,0.5224868,0.4215869,0.757271,0.72339803,0.61268556,0.43730703,0.52016485,0.38807428,0.3369846,0.7569612,0.68561804,0.6370944,0.360465,0.30539438,0.24600795,0.26984534,0.31922704,0.7236052,0.66386443,0.3116247,0.36472908,0.5440291
1010,0.8060754,0.8135292,0.7870225,0.47207302,0.859577,0.31565112,0.5287352,0.2501806,0.46335092,0.13672464,0.46061182,0.35537434,0.29251415,0.55161965,0.4124369,0.77950203,0.7645142,0.5815995,0.42726788,0.48931447,0.35604832,0.29864228,0.78435194,0.6928188,0.7028724,0.3532908,0.28523684,0.24991302,0.25350338,0.37586388,0.74320626,0.6729994,0.30041528,0.3300057,0.5319589
1011,0.703921,0.84798825,0.6815111,0.2533924,0.844666,0.25139007,0.5107442,0.28478134,0.42483813,0.20512626,0.6328413,0.33465022,0.35163614,0.6183425,0.4091823,0.76249903,0.82009125,0.4800876,0.43235904,0.43565893,0.30726814,0.22830248,0.80376613,0.6590592,0.83692807,0.37276763,0.27455965,0.31313545,0.2773634,0.5498416,0.74690807,0.67366385,0.3255908,0.28006133,0.51463383
1012,0.8105644,0.8062132,0.7928757,0.48805338,0.85711443,0.30943105,0.52699715,0.24767236,0.45581967,0.13191745,0.4383169,0.3457663,0.2894936,0.5476854,0.40759668,0.7753817,0.76388717,0.5949238,0.43787426,0.4888901,0.3646028,0.30762714,0.78295326,0.7052525,0.6814624,0.3579902,0.277664,0.24791732,0.24978586,0.37340495,0.7407957,0.67148626,0.310247,0.33981168,0.5341495
1013,0.84213984,0.7631119,0.83349526,0.647434,0.85720885,0.35912275,0.57684195,0.24682939,0.42363477,0.14712426,0.22185588,0.43473205,0.23853402,0.4534462,0.47378612,0.75973433,0.66187173,0.66515034,0.4915188,0.58929193,0.463971,0.45739383,0.7510943,0.63676506,0.433812,0.3236486,0.36123744,0.22335689,0.3611358,0.15268679,0.7379937,0.6781164,0.3300759,0.39360505,0.58635694
1014,0.8593073,0.7728564,0.84395915,0.6298598,0.85137004,0.40244803,0.5408074,0.23307641,0.5289036,0.11504747,0.32319647,0.3971181,0.24954128,0.48585272,0.45152727,0.8018204,0.6952933,0.64308685,0.41790104,0.5351716,0.39339143,0.3666735,0.7524992,0.6746949,0.5829865,0.3348028,0.3459723,0.20818047,0.25836912,0.21557215,0.7225134,0.66057706,0.28755957,0.36496234,0.5435851
1015,0.6741799,0.8832682,0.65175116,0.14920186,0.8579216,0.18301909,0.49688593,0.2805258,0.37518126,0.2039222,0.72193784,0.29088184,0.36924773,0.6681205,0.3779611,0.7562412,0.87699765,0.44082174,0.4370339,0.39657837,0.27623272,0.17811064,0.83780754,0.68884057,0.9090687,0.37628618,0.22087821,0.32877573,0.25421825,0.6580999,0.77304834,0.68872744,0.32596248,0.24622884,0.5037277
1016,0.8782563,0.7505968,0.8656665,0.70758915,0.86145896,0.36367303,0.56667674,0.24123819,0.44486317,0.098954335,0.22451606,0.40223536,0.24270952,0.45044938,0.4424092,0.7605045,0.6733714,0.68619365,0.47904247,0.5683756,0.46556434,0.4598322,0.74342126,0.6754361,0.45654735,0.33168548,0.33091474,0.20543905,0.30934498,0.16340227,0.7272519,0.6665503,0.31957665,0.40689892,0.5712705
1017,0.8284257,0.7979766,0.8112687,0.52965903,0.8541721,0.32306132,0.5352339,0.246412,0.4565257,0.12055315,0.40257445,0.35618263,0.27894104,0.5340331,0.40590468,0.7727237,0.7501522,0.61651206,0.43865117,0.5088835,0.37782854,0.3209997,0.77773297,0.70998836,0.65378284,0.35955936,0.27607375,0.23595372,0.25337777,0.33702555,0.7394241,0.6716472,0.30859074,0.35347995,0.5410483
1018,0.8690321,0.7851805,0.85352504,0.6273292,0.8616406,0.35871488,0.5421332,0.23034497,0.4875761,0.099747166,0.3231736,0.3712706,0.25115165,0.5010712,0.4169511,0.7872671,0.7248269,0.66084146,0.43104005,0.531057,0.3960505,0.3497344,0.76855946,0.7165889,0.5985408,0.34682852,0.2951194,0.21024382,0.24203663,0.2543797,0.7356581,0.67045486,0.2944953,0.37174988,0.54854774
1019,0.58894926,0.80340225,0.6000865,0.22660859,0.7328117,0.2109359,0.53078246,0.36824894,0.32222393,0.25938874,0.609089,0.34805527,0.41392636,0.608107,0.3841852,0.60652226,0.82254726,0.4784235,0.52559197,0.47246164,0.39061883,0.3287942,0.75903183,0.64134157,0.763231,0.44201222,0.2575713,0.36286533,0.34498858,0.6345167,0.70083857,0.6520178,0.41796398,0.33572358,0.5362178
1020,0.83324826,0.7864889,0.81976044,0.5697302,0.84903747,0.3434158,0.5363685,0.24543485,0.47378635,0.12240257,0.372369,0.36479118,0.27350718,0.51662713,0.41560143,0.77219397,0.7333521,0.63006914,0.4374118,0.51675814,0.38969356,0.3415358,0.76775324,0.7045711,0.62580407,0.35470602,0.2923785,0.23169713,0.2542245,0.30547187,0.73066247,0.66623217,0.3065901,0.36481065,0.5423333
1021,0.7990719,0.80891466,0.77863246,0.46541825,0.8502134,0.34021097,0.5261837,0.2510062,0.49255663,0.15195625,0.46369815,0.3717252,0.28983307,0.5459808,0.4360176,0.79328763,0.74950683,0.5716436,0.41591176,0.488774,0.3500349,0.29479164,0.7783502,0.6731146,0.6953683,0.34697816,0.3164814,0.2525131,0.25927603,0.3591438,0.7371167,0.6691267,0.29469633,0.3232413,0.5302239
1022,0.7703867,0.82368374,0.750296,0.3912528,0.850104,0.30091324,0.5226852,0.26649755,0.45601964,0.16377962,0.5327812,0.3517281,0.31387982,0.5776301,0.40782347,0.77438104,0.7822131,0.54511297,0.42318144,0.47432995,0.33890718,0.26666823,0.79017043,0.68216646,0.7594446,0.3643836,0.27805138,0.27536243,0.2654757,0.43946105,0.74233335,0.67180395,0.3086879,0.31663227,0.525302
1023,0.7596618,0.8048695,0.7417339,0.40508264,0.82575834,0.31563023,0.5287939,0.28649238,0.4521311,0.17750008,0.5275274,0.36890224,0.3292114,0.56624305,0.41733354,0.7509061,0.7593462,0.5459278,0.4334368,0.48783007,0.3563003,0.2861623,0.7687127,0.6645092,0.73683137,0.3738224,0.29486805,0.28989303,0.2862372,0.4291812,0.72542167,0.6634108,0.32401124,0.33401728,0.5308176
1024,0.869748,0.75105715,0.8555395,0.6803751,0.8499228,0.39781108,0.54307365,0.23294744,0.5156003,0.10396922,0.25493926,0.38915542,0.24239068,0.46677127,0.45368558,0.79549414,0.679105,0.66595244,0.44757968,0.5423619,0.4256704,0.41764492,0.7414433,0.6756068,0.51244056,0.33625448,0.35340726,0.20178196,0.27483526,0.18842828,0.7136806,0.65387774,0.31168807,0.38460132,0.5494168
1025,0.8207036,0.7787929,0.8063506,0.5624682,0.8341552,0.40133387,0.54029566,0.25605488,0.5231323,0.1460386,0.39327484,0.41020197,0.27443567,0.50111896,0.45950785,0.79532933,0.69952744,0.6042624,0.41198605,0.53028905,0.38197356,0.34665605,0.7470628,0.64531857,0.63058406,0.34080213,0.35486627,0.23581174,0.2792839,0.25538686,0.7167468,0.6580714,0.29563403,0.3529787,0.538367
1026,0.76512355,0.808696,0.7486416,0.42890257,0.84627473,0.3476249,0.53078055,0.26302692,0.49418935,0.17751089,0.47629786,0.38800216,0.29684806,0.54222494,0.45334107,0.7939804,0.7439079,0.54516417,0.42015028,0.4941114,0.35451794,0.31175783,0.77203196,0.63365304,0.6959944,0.34193814,0.34201708,0.26272288,0.29068607,0.35833317,0.73220384,0.6637094,0.30369225,0.31349805,0.52794117
1027,0.81341344,0.79148924,0.80012083,0.5182821,0.84005487,0.373593,0.53690183,0.2613868,0.50390404,0.14615022,0.4396062,0.3907806,0.28707254,0.5242627,0.4322051,0.7821862,0.72678965,0.5957771,0.4162914,0.51941144,0.37230328,0.31675014,0.7600147,0.6661011,0.68487406,0.35463005,0.31777164,0.24578509,0.27424783,0.30851144,0.72281057,0.6614477,0.2984672,0.35159498,0.53547704
1028,0.8379916,0.78115666,0.82184637,0.5806358,0.852157,0.34385172,0.54585963,0.25231317,0.4611064,0.12034253,0.35786453,0.3779851,0.27524135,0.507073,0.42367792,0.7677864,0.722374,0.6294508,0.44798607,0.527506,0.40445703,0.3681798,0.76064605,0.68390393,0.6015628,0.35034603,0.30506545,0.23295526,0.27776724,0.283319,0.7303053,0.6664494,0.31284183,0.36971754,0.54819834
1029,0.67440164,0.86109126,0.6610536,0.20741872,0.8497267,0.22669837,0.52266,0.29857263,0.39441174,0.21035877,0.6581643,0.33240455,0.35900423,0.62502766,0.4061419,0.7556775,0.83940065,0.4636642,0.45703083,0.44766384,0.31656343,0.23585577,0.8130789,0.63679135,0.8598186,0.37992367,0.25764173,0.31374165,0.30936828,0.56872016,0.75556386,0.67852604,0.34479278,0.26921794,0.51939934
1030,0.60899,0.7790247,0.6624913,0.27600557,0.6090477,0.5582144,0.545831,0.23610918,0.6265978,0.4655861,0.19625624,0.62780684,0.17117248,0.53235036,0.7381101,0.90372926,0.47892132,0.54843223,0.4198339,0.6570439,0.27154866,0.2052995,0.74569637,0.49373212,0.43618584,0.29484105,0.5637661,0.37037635,0.5998553,0.086792275,0.67202204,0.7214304,0.41229042,0.34136024,0.6454917
1031,0.68080544,0.8283051,0.6639624,0.27024004,0.8192673,0.28601316,0.5159679,0.30431786,0.4493493,0.23244877,0.62129617,0.35785824,0.3590902,0.6003333,0.42809492,0.7560962,0.79325354,0.47774345,0.43339482,0.4528927,0.32475966,0.25412172,0.78244936,0.62785274,0.8184023,0.37884617,0.30319032,0.32235035,0.30653387,0.5250254,0.7272837,0.6604023,0.33688006,0.29333508,0.5155873
1032,0.6887308,0.8899981,0.6636227,0.14443007,0.87150633,0.18398578,0.4944767,0.26830834,0.38320857,0.19178835,0.7270488,0.28691494,0.35829484,0.6732012,0.37534925,0.7746054,0.88152945,0.44046044,0.4298029,0.39187324,0.26421955,0.16574265,0.8458847,0.69465446,0.9175618,0.3708401,0.21832626,0.31696233,0.24510856,0.653412,0.7808185,0.69362974,0.3150627,0.2373527,0.5015865
1033,0.7885288,0.78892344,0.7733423,0.49269915,0.8320764,0.32853502,0.54600173,0.2819536,0.439288,0.1512317,0.43235403,0.38165328,0.30897906,0.5310707,0.4187368,0.7448402,0.73812854,0.58863336,0.4561011,0.52299833,0.3924958,0.34349978,0.7567624,0.65967655,0.66458243,0.37244037,0.30079663,0.26208955,0.30470574,0.35432488,0.7221092,0.6620323,0.33486637,0.35887426,0.5453267
1034,0.68405503,0.82974166,0.6727493,0.29354435,0.8262637,0.2763972,0.53393775,0.308369,0.42241248,0.22078559,0.5891916,0.3672698,0.35252666,0.58451563,0.43511897,0.75155145,0.7903164,0.48922285,0.45632878,0.4795998,0.35068297,0.28877205,0.7821553,0.6114181,0.78428876,0.37595138,0.29837427,0.3100561,0.33231145,0.4888676,0.7346981,0.66636,0.3499619,0.29670268,0.52755463
1035,0.66765344,0.72336185,0.6936968,0.44111675,0.66123414,0.24202767,0.5694146,0.38617992,0.25563246,0.22163515,0.4223482,0.41599923,0.37558523,0.526947,0.3695572,0.49437228,0.73678887,0.60125726,0.5613675,0.55576956,0.4892959,0.46698484,0.72403336,0.6913646,0.51787466,0.47526377,0.25820902,0.33983755,0.3627502,0.46736082,0.68383414,0.65871656,0.42723164,0.45348293,0.5897423
1036,0.74055684,0.8194402,0.72136223,0.36325997,0.83908147,0.30215257,0.5245237,0.28169146,0.45429438,0.18570182,0.54453135,0.36110097,0.32891428,0.5750968,0.4249584,0.76678026,0.77665937,0.5235952,0.43442363,0.47191754,0.34265006,0.28213328,0.7807211,0.6491324,0.7573579,0.366388,0.30168286,0.28844827,0.28933108,0.45114002,0.73335314,0.66532415,0.32300073,0.31075355,0.5245911
1037,0.8323941,0.79393464,0.8298577,0.6034325,0.8714592,0.29605266,0.6014037,0.25833836,0.33050787,0.1102402,0.23452881,0.42625338,0.24345891,0.4643403,0.4310555,0.73690355,0.6951567,0.67429507,0.5351899,0.6400968,0.4838077,0.45072478,0.7731494,0.63211536,0.46651727,0.33926287,0.29386884,0.20620795,0.40514094,0.16924974,0.76295483,0.6992961,0.3550046,0.39412913,0.60581166
1038,0.7722828,0.7866942,0.75415885,0.4902664,0.8360027,0.39203644,0.5399335,0.2623258,0.52286017,0.19262588,0.40196735,0.42265597,0.2764934,0.5084724,0.490959,0.8082436,0.70105755,0.560718,0.41644067,0.5190074,0.37805036,0.35605648,0.7533961,0.5985246,0.6154288,0.32553035,0.39730027,0.25575823,0.3155747,0.27512994,0.7201996,0.65737665,0.3042248,0.32505125,0.53678983
1039,0.70656997,0.73124707,0.69946307,0.46135163,0.70382416,0.59415925,0.52407795,0.2536468,0.69152033,0.39678258,0.22004752,0.57450104,0.20502827,0.48332876,0.679922,0.88129807,0.530859,0.5423497,0.3757643,0.56254387,0.3147423,0.29967403,0.69661546,0.498756,0.44050422,0.30617633,0.63278913,0.3278646,0.4205676,0.12475797,0.64930815,0.64957255,0.33053988,0.3184555,0.5707186
1040,0.8438493,0.79616165,0.8279492,0.56206644,0.8559759,0.32601643,0.54014266,0.24308412,0.45022064,0.109522775,0.3781033,0.35881937,0.27339816,0.5241494,0.40151042,0.7694214,0.7470778,0.6358344,0.4444201,0.52027357,0.38644442,0.33006284,0.7754484,0.71846896,0.63864225,0.36015034,0.27326077,0.22814405,0.24945185,0.31269592,0.7404021,0.6741436,0.30718383,0.36318797,0.5475243
1041,0.6795197,0.8199276,0.7087549,0.38943672,0.85484695,0.28215888,0.6023129,0.29423252,0.33675152,0.19259927,0.35518625,0.44593424,0.27231014,0.5052485,0.4675747,0.7484483,0.72236925,0.5705924,0.538076,0.62773883,0.4392774,0.40617543,0.78250945,0.54335153,0.564586,0.34647006,0.31427476,0.2543375,0.48031673,0.24806699,0.7569225,0.69642293,0.38716918,0.3381729,0.5923152
1042,0.64236414,0.80271673,0.69576705,0.26925197,0.6328753,0.5500957,0.545824,0.21418795,0.6233487,0.41488972,0.1821411,0.6346442,0.15559429,0.5501329,0.74797684,0.9085158,0.48619166,0.5805577,0.41338038,0.688109,0.24651107,0.17115346,0.766074,0.5194404,0.45588118,0.29023105,0.52245456,0.34422284,0.6066993,0.07244076,0.69144547,0.7365916,0.41083184,0.3545604,0.66015476
1043,0.85388184,0.77586585,0.83691597,0.6057888,0.85705316,0.34778157,0.5433124,0.24355483,0.46718884,0.106231615,0.3349321,0.37051475,0.2672624,0.5032306,0.41894913,0.7704961,0.7201258,0.641363,0.4487451,0.52442724,0.40543312,0.3750833,0.76009065,0.6967509,0.587471,0.35076192,0.30294532,0.22247681,0.2664806,0.27540174,0.72883785,0.6647636,0.3111569,0.37383765,0.5475144
1044,0.65589947,0.8655559,0.637623,0.16528824,0.8331121,0.19341372,0.49864942,0.29776224,0.37647146,0.2262052,0.70688367,0.30186453,0.38218126,0.6569848,0.3853963,0.7310145,0.86093634,0.44440684,0.4428404,0.40433502,0.2933959,0.19828789,0.81950414,0.67837346,0.88731784,0.38550848,0.23450622,0.34520924,0.2678183,0.6590341,0.7541346,0.6778295,0.34060937,0.26389927,0.506543
1045,0.610221,0.8129692,0.6208006,0.22513326,0.74686575,0.1944079,0.52660775,0.3553669,0.30292886,0.23853266,0.6218829,0.33441576,0.4050662,0.6196235,0.36893415,0.611308,0.834037,0.4824094,0.52089596,0.46419764,0.3787547,0.3093241,0.7756694,0.66526437,0.7720046,0.43755102,0.23597403,0.3561495,0.3241725,0.6434243,0.71386874,0.66228545,0.40558997,0.33215922,0.5368357
1046,0.64841974,0.84576625,0.6408855,0.21284242,0.82181466,0.21057025,0.523904,0.31897953,0.35255784,0.21905203,0.6416571,0.3276183,0.38388315,0.6226963,0.3906079,0.6968179,0.8383666,0.46907133,0.4882369,0.44663963,0.33295262,0.26042622,0.7954761,0.64311075,0.83852756,0.40256715,0.24962728,0.33103025,0.31323737,0.60371244,0.7374957,0.67020863,0.372728,0.28975672,0.5244459
1047,0.8638755,0.74035823,0.84789324,0.684171,0.83891743,0.42259604,0.5453731,0.2420531,0.533804,0.11648681,0.25926334,0.4093679,0.24719945,0.45844197,0.46820968,0.7909738,0.66103095,0.6556524,0.4369483,0.544995,0.42609638,0.42019996,0.7248889,0.6578276,0.49703377,0.33484715,0.3788561,0.2081748,0.28093675,0.1850788,0.70052594,0.64681286,0.30560145,0.38556558,0.54816544
1048,0.79366314,0.7605983,0.780788,0.5489601,0.8073045,0.38548303,0.5449682,0.28714833,0.48816222,0.16719641,0.40338975,0.40921107,0.3039546,0.5061425,0.44394502,0.75035256,0.6943833,0.5995326,0.43650708,0.5361968,0.4037889,0.36358938,0.73021436,0.64120275,0.62417775,0.36827776,0.34237903,0.2638269,0.30893916,0.30346143,0.6990842,0.6482687,0.32920918,0.37708455,0.5435258
1049,0.7898417,0.8034214,0.7717241,0.46676546,0.84141505,0.32174656,0.52998686,0.26512808,0.46215338,0.15492016,0.46677732,0.36433315,0.30582094,0.54837835,0.4188088,0.7634701,0.75409496,0.5775857,0.43148738,0.49379668,0.36397305,0.30272812,0.7725697,0.682343,0.69942117,0.36169913,0.29433244,0.26511368,0.26632652,0.38271615,0.73162043,0.66633236,0.31216234,0.33973333,0.53404546
1050,0.80000275,0.7803637,0.78740543,0.5375868,0.83342665,0.37397477,0.5404665,0.26277503,0.49836254,0.15259722,0.39294297,0.3973275,0.28302756,0.5074324,0.4519573,0.7844037,0.7132565,0.5960291,0.4307035,0.5232004,0.3888717,0.36032408,0.7513463,0.6429275,0.629666,0.34855038,0.34329206,0.2421139,0.292293,0.2856103,0.718528,0.6573278,0.31316194,0.35147566,0.53918344
1051,0.5926496,0.80212194,0.63778573,0.2860868,0.7406037,0.39603487,0.5740406,0.2926665,0.4605078,0.33414322,0.31739178,0.51061887,0.2588616,0.5217916,0.57420194,0.79554576,0.6553606,0.5091804,0.5047507,0.5964539,0.3534096,0.3478635,0.7577365,0.5081188,0.5555973,0.3563282,0.4338982,0.32549435,0.51113784,0.2280256,0.71153474,0.6910846,0.42605558,0.30554265,0.5920657
1052,0.7926619,0.7917535,0.77551377,0.49652857,0.83525574,0.38861004,0.5288867,0.25717896,0.5296124,0.18033767,0.43605003,0.40125075,0.28554013,0.5272473,0.4660155,0.7923571,0.7141647,0.5716717,0.3991136,0.5046228,0.35864592,0.3144409,0.75977117,0.6436528,0.66803926,0.34044927,0.36155385,0.25861502,0.27100116,0.314453,0.71897453,0.6576848,0.29373315,0.33033076,0.5296562
1053,0.84743214,0.76235825,0.83135045,0.6154881,0.84245574,0.3634349,0.54015285,0.25098193,0.4844063,0.11757259,0.3289707,0.37716085,0.2718435,0.49705324,0.42816544,0.76446664,0.7057648,0.6406263,0.44439656,0.5257661,0.41053304,0.3812649,0.7482605,0.68828046,0.57470834,0.3546721,0.31847256,0.23058617,0.2711663,0.27318275,0.71516883,0.6560875,0.31695995,0.3818739,0.5453769
1054,0.89947635,0.75930905,0.885291,0.71628284,0.85796297,0.40291867,0.5477633,0.22113517,0.5179426,0.083973065,0.24795982,0.38989714,0.23072925,0.46443874,0.43676847,0.79547364,0.68456805,0.6927748,0.43083873,0.55161726,0.41863078,0.39361635,0.7487174,0.707924,0.5239614,0.3360963,0.3274594,0.18785056,0.2435426,0.17194602,0.7232262,0.6625082,0.2887615,0.3924636,0.5536039
1055,0.80676156,0.7615032,0.7942384,0.5966517,0.84310925,0.41916567,0.5583136,0.24643362,0.52261484,0.17882885,0.26071015,0.4553516,0.23220232,0.45808092,0.5202718,0.81327647,0.6478059,0.6125444,0.44384545,0.56861484,0.4266706,0.41610742,0.7376696,0.5865654,0.46306357,0.3031115,0.43837857,0.22844489,0.34881476,0.1586172,0.71704143,0.6609596,0.3097406,0.35058948,0.561676
1056,0.8944377,0.74689734,0.8798475,0.7204693,0.8544258,0.4055701,0.54728687,0.22531545,0.51621616,0.09141472,0.22875969,0.39600745,0.23290527,0.4568847,0.45067796,0.7890112,0.67137176,0.6865996,0.44181386,0.5470955,0.43036333,0.4225598,0.74082077,0.6893734,0.49178982,0.33251902,0.35384345,0.193484,0.26166192,0.16520035,0.71570677,0.6564406,0.29942387,0.39614683,0.55452347
1057,0.8932583,0.761459,0.87971914,0.7072202,0.86129045,0.3955635,0.54546654,0.22025451,0.5143601,0.0859179,0.25154746,0.38156587,0.23180255,0.46644583,0.4345224,0.7982451,0.69149035,0.68976426,0.43754846,0.5471847,0.41900152,0.39765564,0.75162286,0.70688933,0.52932984,0.33622268,0.3238493,0.18791744,0.2468903,0.17879318,0.7247864,0.6623106,0.2945599,0.39036292,0.551641
1058,0.7370233,0.8284456,0.7218371,0.3524645,0.8397148,0.32376638,0.5240258,0.27578706,0.48298424,0.19195285,0.56350976,0.37470314,0.31878757,0.57301897,0.44124165,0.7952593,0.77224153,0.5139801,0.41224122,0.47956952,0.33025923,0.2678164,0.78540754,0.63372296,0.77893245,0.35396764,0.31295186,0.28259987,0.29003713,0.4185218,0.73984945,0.66917247,0.3070676,0.2966621,0.5204969
1059,0.704706,0.83641416,0.6863801,0.27640018,0.8316703,0.25439885,0.51142716,0.29065338,0.41999382,0.20576644,0.61966646,0.333991,0.35439152,0.61423063,0.4001735,0.74458605,0.8125868,0.4936406,0.4370288,0.44314528,0.3197736,0.23432755,0.7959159,0.6729255,0.8207841,0.38199592,0.26625937,0.31758276,0.27645755,0.55211556,0.7381129,0.66953087,0.33153433,0.2973953,0.518093
1060,0.70296806,0.84129107,0.6807598,0.25838438,0.83706445,0.24541628,0.50533867,0.28371078,0.41973782,0.20687707,0.63224167,0.32663962,0.35460657,0.62254524,0.40461755,0.7526356,0.81613433,0.48066664,0.430065,0.42719537,0.3074464,0.22623906,0.80186766,0.6727597,0.82362807,0.37441698,0.26941958,0.318611,0.26815382,0.5666416,0.7438545,0.6723521,0.32600722,0.28334585,0.51254034
1061,0.62881696,0.84853286,0.6265685,0.182428,0.79614615,0.19363946,0.511967,0.3246268,0.34448504,0.2281036,0.67546403,0.3129605,0.39225978,0.642697,0.37613195,0.6790757,0.85773766,0.45924363,0.48173183,0.4355189,0.33297324,0.24471483,0.80306494,0.6679213,0.8505111,0.40981063,0.2310522,0.34665164,0.29630995,0.6572038,0.7361585,0.6705078,0.37223428,0.2922256,0.5202196
1062,0.8547865,0.789634,0.8377886,0.592347,0.866224,0.35477632,0.53454506,0.22580054,0.4922425,0.10594624,0.34825194,0.36502296,0.2541451,0.509435,0.4257176,0.7971746,0.7286617,0.6365241,0.42883,0.51232487,0.38133472,0.34506506,0.77215284,0.70570743,0.604982,0.33800897,0.30678192,0.2124948,0.239851,0.27509072,0.73816615,0.67036456,0.29110128,0.3536877,0.54070854
1063,0.7833534,0.82304925,0.7637509,0.41048408,0.8572937,0.29962957,0.5215128,0.2560532,0.46095592,0.15402369,0.50837874,0.34574556,0.30258447,0.57275796,0.4046758,0.7809959,0.78370714,0.55856454,0.42398715,0.47406712,0.3401268,0.27058816,0.7932477,0.69444954,0.74558216,0.36172646,0.27433267,0.26499557,0.25581664,0.42683774,0.7442461,0.6728229,0.30524665,0.31885326,0.5259798
1064,0.79988724,0.77710915,0.7840239,0.5271058,0.8303331,0.34014413,0.53709334,0.27241978,0.4662949,0.15146208,0.4020245,0.37420982,0.29984063,0.52341884,0.42642918,0.7531477,0.7267851,0.6014572,0.44817924,0.5131923,0.3955571,0.35212103,0.7544928,0.67121273,0.6348694,0.36763144,0.3108465,0.25959003,0.28865686,0.34268516,0.715923,0.6565001,0.33074325,0.36480692,0.5413131
1065,0.86279124,0.7775602,0.8498554,0.63242584,0.85666865,0.37282577,0.54937565,0.240725,0.48658305,0.10569712,0.32448754,0.38744292,0.2564965,0.49041876,0.42624778,0.7813683,0.71133524,0.6537148,0.4337389,0.54125947,0.40738583,0.37477946,0.7580277,0.69013274,0.59082997,0.3446435,0.309378,0.21258359,0.26403725,0.23239505,0.7295378,0.6662231,0.29847878,0.377058,0.5495446
1066,0.67165136,0.8730068,0.649006,0.16065273,0.85319644,0.19444671,0.4969309,0.28460017,0.38460916,0.21360774,0.7117272,0.2980224,0.3716996,0.66074264,0.38365695,0.75156194,0.8640154,0.4433423,0.4362957,0.39850813,0.27884868,0.18381022,0.8275434,0.6822077,0.8987732,0.3792052,0.23393264,0.33252543,0.25970498,0.65229523,0.7622873,0.6824487,0.32952946,0.25362357,0.5043717
1067,0.837691,0.76227194,0.82179976,0.6066402,0.84185946,0.3729708,0.5382978,0.24981019,0.49874443,0.1251437,0.32650828,0.38219246,0.26870698,0.49316472,0.44399357,0.7769445,0.7005938,0.6303859,0.4438904,0.5220721,0.4071943,0.38321277,0.7460183,0.6740014,0.5648578,0.3473992,0.33778152,0.22997221,0.27571797,0.26577517,0.7130312,0.6542241,0.31527728,0.3709516,0.54250795
1068,0.75547445,0.81440866,0.7384361,0.39176828,0.83903253,0.29492986,0.5304719,0.28199428,0.43669367,0.16871163,0.51939416,0.35653758,0.32573715,0.5693019,0.41113958,0.7540332,0.7763382,0.5442751,0.4470035,0.48479262,0.3551533,0.2915545,0.7788989,0.6642065,0.7425901,0.37486872,0.28314844,0.28037602,0.28859696,0.4384055,0.7334861,0.66664016,0.33071393,0.32493156,0.5310709
1069,0.64003783,0.84843427,0.724825,0.38878733,0.94219124,0.29107538,0.6628207,0.2432481,0.38128507,0.30898213,0.28273576,0.5058171,0.18255433,0.41908184,0.61030513,0.8708679,0.6108094,0.56728166,0.5407857,0.77866447,0.53383744,0.4198041,0.8154772,0.42398095,0.28316,0.21983838,0.38125223,0.18492788,0.59600437,0.07177354,0.7917801,0.72548604,0.32482538,0.2867654,0.6275025
1070,0.72647476,0.7871283,0.7232169,0.41254616,0.7849496,0.22512496,0.5538155,0.32309958,0.28951102,0.19362547,0.4981897,0.3695763,0.35568506,0.5626504,0.37515554,0.6051682,0.76254404,0.5761254,0.4983883,0.5078262,0.42389718,0.35522386,0.77390176,0.707204,0.63340193,0.40245193,0.23186167,0.323944,0.3013865,0.46846324,0.73650044,0.68019444,0.36233193,0.38979143,0.5694729
1071,0.6866228,0.867185,0.6831749,0.23275356,0.83394134,0.18224272,0.51421946,0.28571302,0.32686442,0.16592646,0.63767207,0.29445815,0.3593107,0.6434926,0.35075724,0.7037765,0.8691713,0.49384993,0.4843617,0.4404522,0.32533002,0.23182535,0.82606256,0.7159859,0.83875763,0.39455464,0.19892812,0.3041327,0.25186685,0.61444455,0.7674285,0.69198906,0.34540924,0.28604347,0.5261295
1072,0.63160694,0.7704317,0.6688149,0.37445173,0.72687006,0.38727227,0.5778897,0.31178257,0.42979115,0.30769998,0.30807754,0.5092691,0.2734369,0.508706,0.54097176,0.74900806,0.62052613,0.5576529,0.5032596,0.61657244,0.398632,0.3740115,0.73720014,0.5329137,0.5055118,0.36284027,0.4136269,0.32636505,0.50544083,0.22697203,0.6965207,0.68324435,0.41703495,0.36722553,0.60259855
1073,0.8752119,0.75808954,0.85343534,0.6749215,0.85834235,0.48237318,0.5298998,0.20101261,0.61667913,0.14345717,0.20781341,0.4441165,0.19184959,0.45009238,0.5385693,0.85596323,0.6484431,0.64190114,0.39369482,0.5280988,0.38178176,0.38629493,0.74149823,0.6212436,0.46361127,0.2897385,0.4911376,0.19016083,0.25525138,0.11767952,0.711578,0.65274036,0.2633181,0.33330074,0.54177964
1074,0.83471507,0.7792142,0.8188532,0.57717264,0.8432905,0.3582484,0.5457511,0.25700414,0.47252274,0.12492342,0.37045407,0.38368592,0.2792395,0.5097276,0.42315817,0.765374,0.7177487,0.62733316,0.4405303,0.53233576,0.39775085,0.35463133,0.75584996,0.68180066,0.61810976,0.3585967,0.30791137,0.23345575,0.27438182,0.28951627,0.72399354,0.6632219,0.3122893,0.3704655,0.5476367
1075,0.8837277,0.82899034,0.90084714,0.6454936,0.8766726,0.2352972,0.62705624,0.2529472,0.22279672,0.0728763,0.26032725,0.44111276,0.22015086,0.48842302,0.36830562,0.68620765,0.6976398,0.7483988,0.49692407,0.7083086,0.48577183,0.38268206,0.8164501,0.70977366,0.4774534,0.34995824,0.19158041,0.17726341,0.32481474,0.13732174,0.80340195,0.74458826,0.31833205,0.43109196,0.65385467
1076,0.77674997,0.7947481,0.75694305,0.4563256,0.8298782,0.35188776,0.5241602,0.2658606,0.4984416,0.17477207,0.47163445,0.3829783,0.3047628,0.5427066,0.4479506,0.7776248,0.73267955,0.55653566,0.41521233,0.48686147,0.35473472,0.3073986,0.7628527,0.6546155,0.68545073,0.35254273,0.33614683,0.26962346,0.27367464,0.37167078,0.72159874,0.65918404,0.3040814,0.32848722,0.527881
1077,0.9138605,0.73617923,0.9013548,0.7749547,0.86838114,0.36485928,0.556677,0.21942687,0.4508687,0.07053918,0.17085895,0.3783911,0.22385314,0.43971643,0.43275315,0.76456565,0.6635992,0.72747356,0.4854239,0.5627872,0.4755787,0.47374314,0.7458038,0.71486866,0.41620407,0.33141628,0.3184668,0.18356994,0.2777065,0.13474968,0.7277947,0.6655761,0.31750807,0.42595133,0.573138
1078,0.69522655,0.8453311,0.6782046,0.25082988,0.83646125,0.26690134,0.50921977,0.287692,0.44162494,0.21202263,0.6437237,0.3388255,0.35001522,0.61594546,0.41237783,0.76712203,0.8168708,0.4764594,0.4227818,0.4402644,0.30885372,0.22701064,0.80128413,0.6545152,0.8449618,0.37237304,0.2752832,0.31390366,0.2804277,0.54166067,0.7434703,0.6700851,0.32308862,0.28119892,0.5099126
1079,0.7779113,0.8173973,0.7579032,0.41464028,0.85282266,0.3006518,0.523814,0.26187038,0.45973593,0.15751413,0.49871445,0.34900177,0.3060102,0.5678846,0.4110639,0.7777387,0.7782687,0.55657,0.43110126,0.47635895,0.34824634,0.28600997,0.7883613,0.68324906,0.7309748,0.36229315,0.2826348,0.2671676,0.2658165,0.4231248,0.7406815,0.66956425,0.3126698,0.3211812,0.52713805
1080,0.62175906,0.7731578,0.66789824,0.4272991,0.83333254,0.3066656,0.6085248,0.3387865,0.35702357,0.27355272,0.37130895,0.46539196,0.305739,0.47180492,0.49327388,0.70947534,0.6517842,0.5555898,0.5433019,0.6530142,0.49789852,0.4562611,0.7379509,0.49549755,0.4564333,0.34971857,0.36097875,0.28272468,0.5185343,0.2530253,0.71495384,0.6675166,0.4019888,0.36934608,0.5893208
1081,0.7077416,0.83306473,0.70948446,0.36999336,0.8938634,0.3574628,0.56492704,0.25493613,0.5305723,0.2877942,0.5181587,0.42419568,0.2705767,0.50703233,0.5410993,0.8470333,0.70544815,0.4983128,0.41015816,0.5674706,0.38837042,0.32266885,0.786423,0.53558815,0.60158384,0.28986436,0.38237134,0.23761845,0.35252398,0.2906348,0.7480842,0.66994995,0.27589566,0.25751105,0.53442216
1082,0.8264192,0.7555818,0.8094932,0.60296637,0.8247945,0.4256389,0.5419537,0.25898916,0.538803,0.15212978,0.35367644,0.42399484,0.2749476,0.48325452,0.47333303,0.7839541,0.6687631,0.6129985,0.41554618,0.5347091,0.39691362,0.37537453,0.7275869,0.6362308,0.57804096,0.3402535,0.3856865,0.23640975,0.28687236,0.2349706,0.7004515,0.6475203,0.29796937,0.368472,0.54187644
1083,0.80820847,0.7742511,0.80286056,0.5931848,0.85192156,0.382695,0.57472676,0.24499261,0.4604093,0.15422797,0.21688013,0.45202285,0.22092435,0.45720148,0.5016541,0.80066264,0.65856403,0.6355712,0.49129552,0.6091951,0.44806108,0.42760557,0.7527114,0.5910743,0.44237846,0.3106071,0.40263215,0.2150043,0.39955038,0.14520848,0.73258024,0.6758908,0.34039316,0.3630643,0.58216065
1084,0.81742924,0.8000326,0.799302,0.5098361,0.85535705,0.3234518,0.5308125,0.24871889,0.4671108,0.13108128,0.41811672,0.3558357,0.28393877,0.53786963,0.41381508,0.7776041,0.751846,0.6034967,0.4371391,0.49925908,0.37195626,0.31867662,0.77786523,0.69800687,0.66433334,0.35692215,0.2887219,0.24309495,0.25763288,0.3512461,0.73679835,0.66939735,0.30919218,0.34599996,0.53731567
1085,0.7941747,0.7963961,0.7770722,0.48453742,0.84384394,0.3291768,0.5412077,0.27143607,0.4549392,0.15272489,0.44280425,0.37813482,0.3017938,0.5345076,0.42498818,0.7645767,0.74337053,0.58385074,0.44492182,0.5101506,0.38367072,0.3369314,0.7666074,0.662786,0.673728,0.36214265,0.30401176,0.260175,0.29540765,0.350678,0.73041594,0.66543007,0.32117575,0.34838685,0.5411757
1086,0.78018296,0.78539973,0.75307095,0.47559386,0.82035667,0.45032653,0.518393,0.24922712,0.6088123,0.21713018,0.4196753,0.44049412,0.26540726,0.5190722,0.52585745,0.8424694,0.68632615,0.5390898,0.36479664,0.49345654,0.32911322,0.30907482,0.7490339,0.58994746,0.6478831,0.31742486,0.45643958,0.26224792,0.28159952,0.26909524,0.70832866,0.6493848,0.27532363,0.29983893,0.52139366
1087,0.51050985,0.84659165,0.5911331,0.11337557,0.64817244,0.08436917,0.555848,0.39864084,0.12810199,0.14949676,0.5586299,0.31803662,0.40417033,0.6368916,0.25864926,0.41196388,0.932617,0.5125205,0.71898043,0.51990074,0.44241357,0.43402162,0.81733406,0.7462559,0.73925287,0.5864359,0.14637046,0.30248624,0.35008183,0.7461829,0.74804133,0.7047906,0.5136161,0.35514307,0.58528996
1088,0.769626,0.79813826,0.754165,0.45764637,0.83719397,0.32404035,0.5415805,0.2824908,0.44740087,0.16924028,0.46416736,0.38072363,0.31498924,0.53774846,0.43058172,0.7593654,0.7470514,0.5651753,0.4487311,0.5049399,0.38394552,0.3427125,0.7633158,0.6443728,0.68592185,0.3629097,0.31152424,0.2721352,0.30821517,0.36985025,0.72746706,0.6625242,0.33048785,0.34252113,0.5388784
1089,0.87013835,0.75054747,0.8520211,0.67348003,0.8402029,0.43188477,0.53816533,0.22848749,0.55494183,0.12419955,0.25385052,0.4097826,0.23376445,0.4664051,0.4754932,0.8080538,0.66981804,0.6572929,0.42287183,0.53711706,0.40619373,0.39413697,0.7367553,0.6642966,0.5157659,0.33016503,0.39338422,0.20690408,0.26461568,0.17759158,0.70810926,0.65127087,0.2962563,0.3743022,0.54544485
1090,0.6548425,0.82364357,0.6927226,0.372554,0.8654769,0.24128985,0.6103884,0.3114784,0.2871284,0.1767329,0.3712253,0.42517415,0.2952785,0.50473064,0.4323865,0.7093034,0.75062466,0.5670539,0.5757948,0.62486875,0.46104807,0.43901706,0.78208125,0.53760606,0.5839821,0.36393455,0.28516728,0.25554508,0.4922194,0.28594083,0.7602089,0.6944694,0.4083398,0.34548205,0.5918878
1091,0.711181,0.8314908,0.69176877,0.29627383,0.83131135,0.28521106,0.5103003,0.28669763,0.45646638,0.21333942,0.6146319,0.3496099,0.34678727,0.60105455,0.42051187,0.76436555,0.7949524,0.49316472,0.41620106,0.44626337,0.31778347,0.23941381,0.78914773,0.65696394,0.81494653,0.36968818,0.29070634,0.313651,0.27584267,0.5131962,0.7346028,0.66541684,0.3183556,0.29525694,0.512956
1092,0.61960924,0.7974843,0.61882406,0.2581471,0.7567478,0.26597092,0.5212253,0.345803,0.39814737,0.28762507,0.6164235,0.3636581,0.3913199,0.5993435,0.42824525,0.68026865,0.7750146,0.4733037,0.46703276,0.46441373,0.35910806,0.2886151,0.7573255,0.62383604,0.7606281,0.4092307,0.29360598,0.36495358,0.342853,0.5793852,0.6976141,0.64995176,0.38449746,0.32408813,0.5274212
1093,0.9177681,0.7562136,0.9055673,0.76108515,0.8737809,0.40366584,0.5482103,0.2040613,0.5256282,0.06609244,0.18897998,0.38117525,0.2075462,0.44656673,0.4441475,0.81314677,0.68297577,0.71332496,0.44033775,0.5520738,0.430585,0.42103022,0.7522317,0.71412814,0.4711182,0.3225645,0.3349362,0.16781926,0.23767462,0.13630356,0.72760177,0.66410327,0.28868666,0.3912391,0.5553775
1094,0.79943305,0.768848,0.7956732,0.5713097,0.84279996,0.3266434,0.5682044,0.28154427,0.40884143,0.1347031,0.33569223,0.39638132,0.29049605,0.48877734,0.42949024,0.73169154,0.7093925,0.6241457,0.49346834,0.5585884,0.44796342,0.43014136,0.7467042,0.6390034,0.5618404,0.35804042,0.31062374,0.24454121,0.3464355,0.2644158,0.7251002,0.6634468,0.35193306,0.38555008,0.56397164
1095,0.75170934,0.7161262,0.76675034,0.570264,0.71876913,0.26370266,0.58548224,0.35414845,0.2550585,0.19283552,0.3621574,0.4297205,0.3414597,0.49593887,0.3780358,0.5220042,0.6850625,0.65616703,0.5261287,0.57716215,0.50710195,0.4722023,0.72903186,0.70919496,0.4496767,0.42859834,0.2529576,0.31910744,0.3392802,0.34976393,0.70411867,0.6722675,0.38407153,0.48070842,0.6070378
1096,0.677321,0.88272524,0.65370333,0.14701883,0.85900575,0.18530461,0.49272323,0.27683878,0.38450328,0.20599839,0.7240995,0.29034895,0.36724368,0.66992074,0.37938103,0.7606984,0.8760331,0.44027385,0.42919248,0.391849,0.27079135,0.1711236,0.8377538,0.6926137,0.9117571,0.37493786,0.22418141,0.32970184,0.24764022,0.66110164,0.7712039,0.6876796,0.32147607,0.24542241,0.50156957
1097,0.6971146,0.83865136,0.67588603,0.27918524,0.8312483,0.3114807,0.5162312,0.28510302,0.48308635,0.23156731,0.6027862,0.3726229,0.33461064,0.5946845,0.45733476,0.79205054,0.784855,0.47328252,0.4105018,0.45827803,0.31197637,0.25006503,0.791672,0.6141182,0.8071288,0.35465774,0.32999808,0.30836442,0.30119514,0.4718259,0.7391632,0.6669848,0.3178464,0.27183405,0.514264
1098,0.694267,0.8462809,0.67623127,0.25219733,0.8373493,0.24176884,0.51177084,0.28966016,0.40970507,0.20627967,0.629897,0.33080468,0.3566456,0.61872375,0.40356714,0.74847263,0.8244051,0.48087353,0.4419152,0.43707544,0.3145607,0.23688403,0.8017583,0.6621267,0.83113813,0.3772798,0.26721603,0.31661266,0.27994922,0.56114924,0.7445309,0.67286974,0.33379123,0.28403956,0.5163232
1099,0.7666767,0.8433178,0.7446702,0.35620642,0.86382514,0.2620321,0.51712024,0.25656787,0.42856055,0.15884174,0.55832195,0.32807323,0.31719545,0.5968962,0.39206117,0.77495587,0.81101257,0.53774095,0.42634568,0.45672697,0.3231086,0.24286683,0.8085591,0.7044869,0.7867439,0.36224777,0.25016755,0.27662548,0.24516983,0.47769842,0.7590691,0.682316,0.30474433,0.30137488,0.52318853
1100,0.8465743,0.74859136,0.83329135,0.6490365,0.8341875,0.38418484,0.55201316,0.25944003,0.48332152,0.12081572,0.29704127,0.39993185,0.26894328,0.474173,0.44324774,0.76086485,0.6823521,0.64823055,0.45300046,0.5466372,0.4325927,0.41823822,0.7321338,0.66319525,0.533636,0.34972095,0.34075603,0.22639649,0.29587772,0.22557625,0.7078621,0.65212667,0.32266736,0.3936066,0.5528254
1101,0.8582984,0.75967395,0.8444915,0.6487671,0.84170246,0.38819355,0.54989296,0.25180835,0.49515915,0.111821964,0.31045112,0.39505965,0.26361597,0.48219138,0.43185896,0.7689021,0.6928505,0.65413773,0.44007102,0.54777014,0.41761667,0.389673,0.7406045,0.67924076,0.5672841,0.35262007,0.32668647,0.21890986,0.27673286,0.23125295,0.71264994,0.6560772,0.3097298,0.38911682,0.5501512
1102,0.836713,0.7731323,0.82552814,0.60142386,0.86004674,0.3250851,0.55653083,0.25306314,0.42532468,0.11336124,0.3097789,0.37865657,0.26830083,0.49072987,0.42546266,0.75487196,0.71228707,0.64522123,0.48405036,0.54537976,0.4372279,0.4139638,0.7605723,0.6734276,0.54395753,0.3483771,0.30357748,0.22467431,0.31194225,0.25485447,0.7345815,0.66925955,0.3331716,0.38313216,0.5611219
1103,0.6911835,0.8612486,0.6675996,0.2151753,0.8494835,0.2287797,0.5057132,0.2828651,0.4057258,0.20535299,0.6663872,0.31991038,0.35831064,0.6354915,0.40032578,0.7609468,0.83865005,0.46366176,0.43304595,0.42204386,0.29352117,0.2099143,0.8156522,0.6654198,0.8640641,0.37178665,0.25800517,0.31712335,0.26954496,0.58373934,0.7568571,0.6791814,0.324179,0.2656934,0.5098541
1104,0.77549773,0.7951956,0.74947935,0.47231406,0.8298563,0.44996423,0.5300677,0.24396631,0.59587514,0.2073437,0.37424532,0.4530118,0.24622293,0.50772107,0.5405838,0.8581974,0.69270223,0.5407846,0.38176733,0.51296157,0.33886,0.32773334,0.7540055,0.56383324,0.621219,0.30395076,0.4778297,0.24698703,0.30786118,0.22746186,0.7180643,0.6562556,0.28426597,0.28830066,0.5295948
1105,0.76508904,0.84467757,0.744908,0.35415784,0.8621936,0.2535336,0.51592445,0.25658163,0.4121593,0.151261,0.5604451,0.323107,0.31952164,0.6029545,0.38573304,0.7646993,0.81434834,0.5366055,0.43078166,0.45387244,0.32320705,0.24218218,0.81081676,0.7104219,0.78495616,0.36443526,0.24231553,0.27712208,0.24081676,0.49162993,0.7605407,0.6847476,0.3073167,0.30082807,0.52360076
1106,0.75792986,0.8292157,0.753389,0.4161221,0.89183456,0.29917186,0.56956923,0.254333,0.4399058,0.20959496,0.47486252,0.39747295,0.27235672,0.52006114,0.47894412,0.79756105,0.73298484,0.5511597,0.44571123,0.5591515,0.40401626,0.32910287,0.79789376,0.61357737,0.6035638,0.30724698,0.31182927,0.2441928,0.33848163,0.30174378,0.76665103,0.6889092,0.29112443,0.30427298,0.5542214
1107,0.7106417,0.7601859,0.69086874,0.4118494,0.78111786,0.4626371,0.51724356,0.2885071,0.59252185,0.31111875,0.45294985,0.4535388,0.3020111,0.5293952,0.5389238,0.8078726,0.6448012,0.5149443,0.38685507,0.50129396,0.3414545,0.30075556,0.7205534,0.5710937,0.63907564,0.35398448,0.4692122,0.31208643,0.33141926,0.3282218,0.6721927,0.634621,0.3232212,0.31500763,0.52827203
1108,0.7944873,0.81786805,0.77550924,0.44812536,0.8560519,0.31770456,0.5257563,0.25197324,0.4724903,0.14808998,0.47793597,0.3571193,0.2934336,0.55712956,0.4161125,0.7886163,0.7697786,0.57140386,0.42093688,0.48491296,0.34767678,0.2870881,0.7873932,0.68655014,0.72199446,0.35352618,0.28847435,0.25432822,0.255477,0.38350305,0.74367994,0.6727514,0.29914126,0.3230278,0.528623
1109,0.6219958,0.8358489,0.6154152,0.19901194,0.7917261,0.20729391,0.51462907,0.33475745,0.35505828,0.25105318,0.66390496,0.32520205,0.40288648,0.63045263,0.3933803,0.67401886,0.8363118,0.45779005,0.47670823,0.4364794,0.33762068,0.2558016,0.7873902,0.64639574,0.8388748,0.40775028,0.25196177,0.36074373,0.31072164,0.64412904,0.72351897,0.66151416,0.37867117,0.298961,0.5197661
1110,0.70651853,0.7241699,0.72614974,0.49218273,0.7113312,0.25752908,0.58189654,0.3728095,0.26013687,0.21116476,0.3947909,0.4261555,0.3601991,0.511223,0.38106236,0.5218623,0.707132,0.61639863,0.55035806,0.57044023,0.4989879,0.4797123,0.725212,0.67903066,0.49002337,0.44741192,0.26396397,0.3291811,0.37050548,0.39916453,0.6961812,0.66314316,0.41084448,0.45271286,0.59402287
1111,0.6142394,0.8585968,0.6172823,0.15769851,0.79398376,0.1629549,0.5147826,0.32710978,0.30469972,0.21549733,0.6785726,0.30085683,0.399175,0.6522349,0.35779992,0.6555551,0.878551,0.45595402,0.5090933,0.43445426,0.33825564,0.25063103,0.81124437,0.681904,0.8544575,0.419545,0.20967504,0.3442387,0.29190612,0.68423283,0.7461401,0.6777514,0.38443598,0.28768754,0.52412224
1112,0.838161,0.770216,0.8238616,0.5938958,0.83575344,0.38452023,0.53939176,0.25181457,0.5092983,0.13066521,0.36131397,0.39166054,0.27038854,0.5008459,0.43839568,0.78013074,0.70295507,0.63028497,0.4238836,0.529029,0.39511895,0.35288075,0.74969494,0.6798937,0.60589474,0.35164875,0.3278082,0.23216522,0.2672522,0.26607364,0.71662056,0.6578946,0.30317122,0.37162977,0.54251385
1113,0.55436605,0.710027,0.58517665,0.21409698,0.32025138,0.8219762,0.46310106,0.23004618,0.8863387,0.712064,0.11966418,0.75986546,0.15058687,0.5712576,0.8992127,0.96597004,0.28095195,0.5047659,0.28560695,0.5853917,0.12276243,0.088859685,0.6797198,0.49424085,0.41727477,0.30393118,0.81091565,0.52167165,0.61703974,0.05842073,0.559565,0.70714206,0.43440205,0.35523105,0.65586704
1114,0.7054812,0.7631334,0.7093917,0.4329745,0.75469375,0.5081073,0.54607123,0.2593204,0.60055894,0.37103966,0.29373974,0.5307463,0.22820683,0.48461574,0.6261648,0.85956746,0.5737037,0.5425154,0.412467,0.58130205,0.35890278,0.32715923,0.7240373,0.51660746,0.47683057,0.31569505,0.5365266,0.3058504,0.4265979,0.15733759,0.68429935,0.6641432,0.3320104,0.3108953,0.5736752
1115,0.9193717,0.7363887,0.90678656,0.7776852,0.8652294,0.39586115,0.54373,0.20850125,0.50994855,0.06583494,0.16503139,0.37306157,0.21249819,0.44207805,0.44480962,0.7953476,0.66523385,0.7236634,0.46550187,0.55216527,0.45106012,0.4491423,0.7427759,0.71694547,0.4333845,0.3327065,0.33765906,0.17189543,0.2534487,0.13349393,0.717735,0.65778446,0.3109159,0.40925875,0.5593521
1116,0.80087626,0.8176028,0.78300035,0.45566168,0.85398406,0.30376023,0.52852005,0.25527745,0.44429928,0.1364747,0.48003608,0.35195017,0.30012846,0.56237215,0.40198058,0.76649696,0.7720202,0.5790027,0.43068352,0.48905683,0.3538876,0.28506893,0.78730315,0.70101684,0.7184253,0.36027032,0.27122074,0.257229,0.2512742,0.39782423,0.7450231,0.6764606,0.3040678,0.33211368,0.53430396
1117,0.88419306,0.76815087,0.8707868,0.67754406,0.8665147,0.36200553,0.5405298,0.2193583,0.4917388,0.08569762,0.2629389,0.36046794,0.23622099,0.4806919,0.42263904,0.79359025,0.7110437,0.68457824,0.44934678,0.53169507,0.417902,0.39193672,0.7641751,0.7224495,0.53483063,0.34222612,0.30198947,0.19465281,0.24453402,0.21842852,0.7325019,0.6659553,0.30486432,0.3855028,0.5510129
1118,0.7706357,0.76646286,0.7207568,0.35738692,0.7642302,0.86350596,0.44677553,0.16634071,0.95320255,0.54586494,0.17051074,0.7132065,0.114676714,0.49028307,0.8664917,0.98706836,0.46741515,0.45155495,0.18330082,0.45163426,0.12973067,0.12893851,0.69874585,0.37395787,0.50862396,0.24611862,0.9339746,0.3311718,0.26841268,0.047565933,0.628994,0.6303821,0.17546757,0.17305718,0.5206121
1119,0.90698755,0.73731816,0.8941058,0.7567308,0.85455304,0.38572198,0.55231106,0.22695832,0.48661977,0.07596426,0.19666281,0.3828205,0.23275225,0.44916517,0.43277797,0.7690982,0.67185754,0.712356,0.4625539,0.55544555,0.45311967,0.44651836,0.73908657,0.71164215,0.4596564,0.3416221,0.32344335,0.19114736,0.26468086,0.15867566,0.71674097,0.6581764,0.31380635,0.41797143,0.5620198
1120,0.7873082,0.8212097,0.76897013,0.42393667,0.8606373,0.2890595,0.5226048,0.2518371,0.44803873,0.14391163,0.4856082,0.33733138,0.29855204,0.56870127,0.40327305,0.7795757,0.7847656,0.56747305,0.4369687,0.47478142,0.346915,0.2825391,0.7948786,0.699236,0.7237016,0.36208513,0.2685476,0.2574239,0.25402004,0.4199069,0.74730474,0.6747142,0.31307477,0.3204583,0.52882135
1121,0.72765297,0.80699664,0.71515757,0.37905818,0.82258415,0.31265157,0.53698355,0.30200702,0.4396302,0.19311133,0.5330637,0.37795728,0.33917296,0.5612337,0.42616072,0.7469333,0.763459,0.5292071,0.45152378,0.49646455,0.3653411,0.30857047,0.76339716,0.62784845,0.7453443,0.3775428,0.30669296,0.29406705,0.3207296,0.43322498,0.721218,0.6595829,0.34417337,0.32849637,0.53236294
1122,0.7857431,0.8125555,0.76723975,0.44649965,0.8541378,0.3050465,0.5309331,0.26175815,0.445956,0.15453932,0.47716373,0.36019832,0.3047554,0.55332553,0.41652846,0.7687719,0.763843,0.56747115,0.43522453,0.48778495,0.36190167,0.30726796,0.781287,0.6777713,0.70255005,0.3544019,0.28935447,0.2651524,0.2718113,0.38976973,0.7410816,0.67173326,0.31091154,0.33029878,0.5332033
1123,0.6863917,0.8503723,0.6646115,0.22222242,0.8388842,0.23293927,0.5059482,0.2920578,0.40844065,0.21618709,0.6626751,0.3232809,0.36545014,0.63199115,0.39945152,0.7476446,0.83068216,0.46706095,0.4362967,0.42408472,0.30204326,0.21531801,0.80574304,0.66602224,0.8569304,0.38013077,0.26096624,0.32744303,0.27634102,0.5918463,0.74547416,0.6728507,0.33286697,0.2775848,0.5113048
1124,0.7082246,0.83764017,0.6900829,0.2769636,0.8376352,0.26844206,0.5187365,0.29260236,0.4293979,0.20186308,0.6144873,0.34445807,0.3488345,0.6049241,0.40650654,0.7553283,0.81029594,0.49300128,0.44123346,0.45635104,0.3234113,0.24393892,0.79342127,0.6540991,0.82617104,0.38053924,0.27431202,0.30784684,0.29460436,0.52352107,0.7381736,0.66816884,0.3337744,0.29555413,0.5186406
1125,0.65598714,0.8568015,0.6395925,0.18509866,0.8237395,0.21278921,0.5065993,0.30399755,0.39031258,0.22994134,0.6832612,0.3194133,0.37783223,0.6411704,0.39983502,0.73300123,0.84649813,0.45108828,0.44789314,0.4223349,0.30662355,0.2196918,0.80991924,0.6593416,0.8663824,0.38746244,0.25157323,0.33889946,0.2863888,0.6239004,0.747824,0.674314,0.34505433,0.27029294,0.5117556
1126,0.6077431,0.6902348,0.6105162,0.2707108,0.44527864,0.87607354,0.45000046,0.22990331,0.94322383,0.72977984,0.13787067,0.7604936,0.1555675,0.52821445,0.8994525,0.9777497,0.29195827,0.47870284,0.24960622,0.5365457,0.13179712,0.10956091,0.64020795,0.44054708,0.41375524,0.3226474,0.9017523,0.49893397,0.4959461,0.06108004,0.5456848,0.6619654,0.35337678,0.2944345,0.61126685
1127,0.7510678,0.82042503,0.7315318,0.3738676,0.8399569,0.31930918,0.52226406,0.2753691,0.4778459,0.18664435,0.546996,0.36756176,0.32157806,0.57211626,0.42916456,0.7809141,0.77233064,0.5282987,0.41745734,0.4737297,0.3374971,0.27216706,0.781131,0.65377957,0.7666778,0.36189643,0.30650052,0.28439313,0.2801079,0.43395448,0.7339737,0.6654132,0.31046724,0.31062925,0.5224837
1128,0.83410996,0.77354974,0.81640244,0.57379615,0.84149283,0.3661226,0.53852797,0.25319967,0.49232617,0.12783676,0.36885828,0.38280904,0.27671868,0.50864697,0.43544894,0.7753653,0.7110939,0.62004334,0.43610364,0.5205926,0.39368725,0.35487,0.7525141,0.6783434,0.60623467,0.3523395,0.32483086,0.23571494,0.27223498,0.28888398,0.71956193,0.65939265,0.30915925,0.36514795,0.54230887
1129,0.72317713,0.8355051,0.7059445,0.31009957,0.8409959,0.25837883,0.51801676,0.284436,0.41253996,0.18648009,0.5893947,0.33635792,0.34526187,0.6024323,0.39915648,0.7445761,0.80814755,0.51005083,0.4447836,0.45493093,0.32861727,0.25045434,0.79450786,0.67323905,0.8016111,0.37798405,0.2642094,0.3024729,0.27598232,0.51875687,0.7413946,0.6721581,0.3309998,0.30262965,0.52250445
1130,0.7797259,0.80527145,0.7630364,0.44704938,0.83534586,0.3811876,0.52689093,0.26275223,0.5274323,0.17624192,0.49885923,0.3983568,0.29534706,0.5405222,0.4557248,0.805168,0.7323147,0.5531626,0.39474016,0.5005656,0.34308228,0.28844228,0.76587445,0.63782614,0.7283198,0.34553435,0.34467214,0.25908622,0.27622572,0.33453876,0.7259567,0.6612941,0.28911772,0.31976455,0.5243551
1131,0.7293248,0.8410403,0.7103931,0.3095709,0.8513271,0.26623517,0.5156314,0.27331236,0.44282827,0.18821537,0.5876304,0.33485195,0.3299687,0.6010862,0.4079532,0.7757497,0.8119608,0.50812787,0.43071842,0.4506399,0.32301298,0.24595746,0.8037609,0.6748651,0.8031418,0.3678057,0.26846272,0.29386735,0.2721086,0.5054461,0.74877036,0.67375314,0.3188718,0.2907151,0.5176578
1132,0.6658493,0.8600581,0.64385843,0.18462966,0.83936864,0.21417722,0.50717956,0.29958066,0.39150023,0.22625348,0.68447536,0.3182866,0.37568235,0.6424922,0.39864776,0.7429552,0.8447382,0.45147532,0.44614893,0.41856346,0.29843953,0.21078971,0.81276786,0.65582144,0.87675416,0.3838217,0.25514907,0.33536524,0.2864584,0.61988145,0.75066626,0.67545295,0.34104514,0.2671786,0.5112691
1133,0.7189833,0.8671318,0.77549064,0.40391865,0.9311158,0.22857162,0.6495408,0.24663603,0.27212268,0.15260877,0.2886347,0.44564635,0.206581,0.46853775,0.47003168,0.8054191,0.7267646,0.6158875,0.58096737,0.7266635,0.49719507,0.41687864,0.8299878,0.5167898,0.47013226,0.29148751,0.27317625,0.17387667,0.52277386,0.13524447,0.8145358,0.7398823,0.35812518,0.31240374,0.62718475
1134,0.7983797,0.79893446,0.7806996,0.47810784,0.8391113,0.34225196,0.5336774,0.26669663,0.4793717,0.15331224,0.4632563,0.37737268,0.29921594,0.54301727,0.42039528,0.77150977,0.7448416,0.58303475,0.42391282,0.5055599,0.36629722,0.30225453,0.7682573,0.67779696,0.699355,0.36412585,0.30115026,0.2604669,0.27330846,0.36268982,0.72784394,0.6643823,0.3079203,0.34608084,0.5359794
1135,0.7237543,0.83993673,0.7044999,0.30124506,0.8521122,0.26190996,0.5172897,0.2787656,0.43054366,0.18643105,0.5887237,0.33452326,0.33610338,0.60216177,0.4054087,0.76757544,0.8127549,0.5038904,0.44094867,0.4499097,0.323773,0.2524854,0.80107087,0.66458505,0.80437934,0.37207633,0.27187306,0.29461366,0.28025514,0.51406103,0.7455963,0.6719906,0.32714683,0.29217896,0.51910436
1136,0.7094882,0.830005,0.6892706,0.28856274,0.83123255,0.28073883,0.5125502,0.2900565,0.44961062,0.21363425,0.6128956,0.3486315,0.34859294,0.6031507,0.41649705,0.76034033,0.7967177,0.49285594,0.42553586,0.44919562,0.32039008,0.2405468,0.7884765,0.65678704,0.8132089,0.37547645,0.28830218,0.31507194,0.2849056,0.5218169,0.7329666,0.66502035,0.3254186,0.2976753,0.51572037
1137,0.70605403,0.86623126,0.68472356,0.22899432,0.8575877,0.22242384,0.5049287,0.27148107,0.40166163,0.19020075,0.66139,0.31202492,0.34865922,0.63794667,0.3937666,0.76650757,0.8448752,0.47129065,0.43010172,0.4199601,0.29427838,0.20852402,0.82322896,0.68420583,0.85483587,0.36667582,0.24410832,0.30849478,0.2553916,0.58222353,0.76595616,0.6855276,0.31735456,0.2622301,0.5099801
1138,0.9252548,0.761338,0.9131646,0.7698711,0.8822336,0.38649154,0.54861003,0.1935018,0.50504816,0.063081935,0.18068056,0.37368637,0.20168123,0.44609776,0.43564886,0.8095368,0.6864644,0.72976637,0.44905156,0.552337,0.43663406,0.4267283,0.7637564,0.73241836,0.46412683,0.31978968,0.31789017,0.1618484,0.2334402,0.12699917,0.7408494,0.67264795,0.2850605,0.3988921,0.5621542
1139,0.84870183,0.7768818,0.8336562,0.6072005,0.85848314,0.3661726,0.5458576,0.2402778,0.4891776,0.11522062,0.3206574,0.3868861,0.25672427,0.49170455,0.44130737,0.78834474,0.7101741,0.6366103,0.44438428,0.5294639,0.4058102,0.38258943,0.7589326,0.67514277,0.5709014,0.33898672,0.33187717,0.21713081,0.27704877,0.24667192,0.72846013,0.66414213,0.30468887,0.3650629,0.54812634
1140,0.91354495,0.75788003,0.9011817,0.7426528,0.8630017,0.38878435,0.5481988,0.21320014,0.5070002,0.068918,0.21895449,0.37431106,0.22116482,0.46116987,0.42347732,0.7959487,0.6912601,0.7167248,0.43925723,0.55470496,0.42820206,0.39853048,0.75444853,0.73364174,0.50615585,0.34045386,0.30322012,0.17794123,0.23220214,0.1639865,0.7283776,0.6655828,0.2940759,0.40257588,0.55722624
1141,0.50691736,0.8509475,0.5880007,0.1073704,0.6464448,0.081125416,0.55331045,0.39780775,0.12508467,0.148713,0.5685266,0.31180674,0.405559,0.6423763,0.2547575,0.40691647,0.9355339,0.50940317,0.72261834,0.51718515,0.43851447,0.42557877,0.8217748,0.7507192,0.74909467,0.5897476,0.14237761,0.3023666,0.34704736,0.7565533,0.75101584,0.70764685,0.51476896,0.3522014,0.5857635
1142,0.73630893,0.8239644,0.7157041,0.3413558,0.837852,0.29818583,0.5199118,0.2809652,0.4556685,0.19055197,0.5734822,0.35714883,0.3335767,0.58565867,0.42209655,0.7695369,0.7812935,0.5135438,0.42619094,0.46410084,0.33226845,0.26317114,0.7842753,0.6552672,0.77691925,0.36677068,0.29567885,0.29455957,0.28226995,0.47000307,0.7364147,0.6675186,0.31822085,0.30479342,0.5208304
1143,0.75188273,0.8308695,0.7298811,0.34994358,0.8484208,0.28663653,0.5170454,0.26987427,0.4495604,0.17759773,0.56469977,0.3474675,0.32644945,0.5897962,0.41218084,0.77097374,0.79116666,0.5246593,0.42332616,0.45940894,0.3267879,0.25220543,0.7929278,0.6759079,0.781462,0.36428592,0.28182802,0.28819594,0.2646477,0.47213095,0.7434961,0.6724647,0.31059238,0.30435488,0.5217175
1144,0.77359974,0.82125247,0.7563445,0.41033792,0.8473066,0.3050321,0.5213483,0.2612982,0.46191263,0.16212818,0.5141863,0.3522777,0.30900377,0.5713304,0.41195816,0.77401054,0.7778672,0.5541298,0.4187929,0.47485685,0.34158796,0.27085835,0.78911185,0.6878885,0.74673957,0.3610986,0.28044766,0.27126962,0.2558238,0.4259748,0.74144584,0.67148054,0.30509838,0.31882888,0.52539384
1145,0.8482,0.7771918,0.83189523,0.59819746,0.84962523,0.37227285,0.54012454,0.24547645,0.499062,0.118469335,0.35310164,0.3833278,0.26743338,0.5033276,0.43052897,0.7805525,0.71336323,0.63399136,0.42864043,0.5253908,0.39420757,0.35581627,0.756842,0.6870699,0.6093646,0.34866467,0.31884047,0.22592099,0.2619875,0.27022895,0.72324246,0.6614265,0.29988116,0.3686907,0.5429811
1146,0.7195822,0.844396,0.70009124,0.28477293,0.8517785,0.25383615,0.51980907,0.28308478,0.4168965,0.18839632,0.6073478,0.33510363,0.34295872,0.60711354,0.40235648,0.762862,0.816628,0.49761453,0.4443241,0.45194778,0.3230749,0.24720936,0.8023322,0.6628329,0.8171257,0.3736567,0.26423544,0.29948133,0.28586856,0.5205822,0.7498523,0.675079,0.32870474,0.29000124,0.5204231
1147,0.68843085,0.8691753,0.6689072,0.18974832,0.8544213,0.21230316,0.5004013,0.27889627,0.39824957,0.20142636,0.6924899,0.30461845,0.3587374,0.64993584,0.38425612,0.7602695,0.8559225,0.4582819,0.43179193,0.41219735,0.28582552,0.19056161,0.8255108,0.6854911,0.88600266,0.37538892,0.23477018,0.31982678,0.25840208,0.6162435,0.76242834,0.6826459,0.3222825,0.26085788,0.505838
1148,0.7129278,0.77000797,0.7119874,0.4625597,0.8251449,0.52602106,0.5485283,0.2422268,0.6477109,0.34905666,0.29662332,0.52920014,0.21065044,0.4652936,0.6430515,0.8811296,0.5857209,0.52885264,0.38714018,0.58030695,0.36605778,0.34664387,0.72704715,0.48236617,0.4463237,0.27881542,0.5806948,0.26021558,0.39571613,0.13462335,0.69272476,0.6506706,0.29764938,0.28295904,0.5534848
1149,0.7026085,0.83042085,0.6870374,0.2948792,0.82843983,0.28989688,0.5185945,0.29461974,0.45168415,0.21170905,0.6073893,0.35643712,0.3475006,0.5952193,0.4240326,0.76112115,0.79434365,0.49253416,0.42964253,0.45945626,0.32892126,0.25645694,0.78658944,0.63997066,0.8094956,0.3745751,0.2941355,0.307849,0.29499334,0.5039121,0.7328023,0.6638535,0.32906747,0.29678458,0.5176206
1150,0.8731872,0.77806216,0.8575028,0.64177614,0.8664071,0.35646445,0.5398608,0.22457404,0.49108297,0.09195475,0.29788917,0.3617919,0.24439514,0.49413043,0.42012373,0.79267055,0.7224822,0.6649922,0.44110647,0.52576673,0.4030013,0.3700762,0.7669749,0.7173821,0.568845,0.34262028,0.29938275,0.20284232,0.24288325,0.24709468,0.73388445,0.6672983,0.30023545,0.37250707,0.5463821
1151,0.6681915,0.84590495,0.6483237,0.21762171,0.82900953,0.26156965,0.513635,0.29880205,0.4327413,0.24403226,0.64578295,0.34842232,0.35841566,0.6198398,0.4313706,0.7664831,0.8078597,0.4577578,0.4382584,0.4435586,0.30895546,0.23203547,0.79848063,0.63088953,0.8307864,0.37534332,0.29243475,0.32844132,0.30752552,0.5549275,0.74057645,0.67029077,0.33845386,0.27017814,0.5159849
1152,0.92161065,0.7532359,0.9094435,0.767111,0.874684,0.39025742,0.54660064,0.20365088,0.5077092,0.06148666,0.18745832,0.3696517,0.21241435,0.44877553,0.43090528,0.80140054,0.6850096,0.72256887,0.45340648,0.5519434,0.43805996,0.4303965,0.7537278,0.72568685,0.473219,0.33001333,0.31775734,0.16686343,0.23898283,0.14212112,0.7290161,0.66452813,0.29654297,0.4031562,0.557337
1153,0.7565943,0.8224987,0.7394654,0.38175073,0.8440363,0.28017858,0.5239492,0.27300262,0.42614228,0.16666532,0.5325658,0.34248006,0.32460383,0.5801138,0.39810786,0.752777,0.78940094,0.54418087,0.44377065,0.47350448,0.34517103,0.2731213,0.7880829,0.6878085,0.7533372,0.37170118,0.26696184,0.28167254,0.26902983,0.4606921,0.7405676,0.67196727,0.32185927,0.3208091,0.52861726
1154,0.8286418,0.78190625,0.8125129,0.552536,0.84120303,0.36959046,0.5392159,0.2587233,0.49701816,0.1349822,0.40474588,0.38667446,0.28188396,0.5168711,0.42754298,0.7758699,0.7198488,0.61312735,0.42424336,0.5220963,0.3845428,0.3327459,0.7563119,0.67982423,0.64878786,0.35589033,0.3146075,0.24221492,0.27032313,0.30026117,0.72071826,0.66035104,0.30214825,0.36400145,0.5400778
1155,0.7700262,0.80281544,0.7600718,0.46376997,0.84487236,0.3015412,0.5577613,0.28930363,0.4004628,0.1538206,0.44208947,0.3851063,0.31479907,0.53043634,0.42021665,0.7420457,0.752314,0.57616353,0.47697765,0.5282184,0.40405282,0.36967972,0.7646784,0.63511413,0.6714487,0.36765894,0.29502156,0.26397723,0.33459216,0.35156408,0.73546773,0.6694445,0.34756652,0.34900194,0.55088794
1156,0.80373967,0.8038038,0.78377444,0.4776655,0.8533592,0.32538718,0.5275277,0.25352797,0.47211042,0.14263003,0.4528556,0.36020693,0.29358494,0.54578984,0.42140207,0.77919894,0.7532768,0.58012694,0.4290002,0.48955217,0.36159715,0.3099329,0.77694815,0.68304366,0.6855403,0.3532543,0.2992192,0.25247258,0.26190057,0.36869568,0.7361014,0.6679594,0.30502063,0.33461866,0.5315406
1157,0.8395117,0.74042886,0.82852954,0.6623273,0.83539057,0.3775885,0.5642723,0.26710016,0.45760936,0.12955424,0.26640338,0.41597074,0.26712388,0.45974287,0.45177406,0.74553674,0.6641034,0.6536142,0.4736448,0.5662124,0.4590257,0.4509019,0.72616714,0.6447019,0.48052216,0.34445775,0.35089913,0.23174787,0.33251268,0.19990563,0.7078296,0.65467536,0.33408785,0.40454,0.5648183
1158,0.8635747,0.7647294,0.8502868,0.65162104,0.8410818,0.35636848,0.5430175,0.24065149,0.4740859,0.102784075,0.29131472,0.36962655,0.25851125,0.4914609,0.41753635,0.7627284,0.71000797,0.67230815,0.44655174,0.53642404,0.41741505,0.3761781,0.75491875,0.71946937,0.555451,0.3577682,0.29520425,0.21705309,0.2502176,0.25394815,0.72254944,0.6624104,0.31429547,0.39160714,0.55275965
1159,0.6768004,0.7859659,0.66804487,0.34372386,0.78798443,0.3131833,0.5373458,0.32663295,0.44155493,0.27882123,0.560697,0.39481625,0.35790467,0.5620682,0.45848918,0.70954096,0.7308818,0.5038589,0.4481162,0.49640933,0.3840344,0.3170188,0.75046426,0.61420083,0.6958527,0.38093677,0.32293218,0.3381322,0.34625682,0.46571556,0.705186,0.65020376,0.35577932,0.330201,0.53540754
1160,0.8164543,0.7699877,0.7992578,0.56853473,0.8314902,0.40576586,0.54002744,0.25712806,0.528578,0.15221187,0.37032995,0.41292113,0.27471882,0.49547362,0.4691481,0.79379374,0.6911371,0.6013363,0.41808066,0.5280836,0.38870844,0.36776862,0.7403947,0.6344201,0.6045433,0.3395503,0.37263533,0.23734097,0.2886762,0.25043947,0.71103346,0.652855,0.302689,0.35411504,0.53869164
1161,0.89664745,0.77983534,0.88555753,0.69148606,0.8755752,0.36902156,0.5430532,0.20883143,0.49982238,0.077716395,0.26581475,0.36058933,0.22488335,0.4789012,0.4140585,0.8046707,0.7186903,0.69795394,0.43760532,0.5418503,0.40944847,0.37404293,0.77238065,0.73448336,0.55681854,0.33708426,0.28778616,0.18085614,0.22840679,0.19782843,0.7419639,0.67318,0.28782946,0.38428307,0.5516349
1162,0.66982776,0.8217438,0.65836364,0.27501124,0.81273997,0.27122954,0.5256672,0.31893304,0.41592726,0.2335982,0.6074915,0.3581916,0.36952886,0.59577435,0.41873464,0.7275649,0.7944106,0.4834598,0.45764938,0.46383396,0.34389737,0.27650923,0.7752442,0.62189275,0.8043103,0.3905148,0.29242975,0.3289461,0.32647377,0.53525126,0.721568,0.6583466,0.3600339,0.30631512,0.5228944
1163,0.6315362,0.82469684,0.6197494,0.22490315,0.79223055,0.24039671,0.5170225,0.33527708,0.39152774,0.26286253,0.64599454,0.34419635,0.39766404,0.61491734,0.41346002,0.69414943,0.8097153,0.4611864,0.46440563,0.4433457,0.33851418,0.26420438,0.7758995,0.6271472,0.8246192,0.402213,0.28162026,0.35964477,0.32281047,0.6049715,0.7159138,0.65521073,0.3722214,0.30226892,0.5190692
1164,0.6314934,0.8694638,0.72641736,0.40025783,0.9739586,0.24545982,0.69725144,0.23562713,0.3578457,0.3050258,0.2714009,0.50072247,0.1711073,0.37669373,0.6163489,0.89460266,0.61626107,0.5579004,0.5495733,0.81096506,0.5944724,0.48460627,0.8341974,0.38077414,0.22244234,0.17253831,0.383537,0.15139313,0.60499376,0.048279203,0.81894094,0.73163366,0.2833487,0.25216684,0.6236998
1165,0.6902633,0.8678007,0.76539046,0.41107798,0.9592713,0.2639915,0.6702367,0.22673106,0.34790486,0.24748151,0.27513796,0.4924752,0.16984057,0.41662517,0.57638603,0.8708645,0.6407475,0.59768665,0.5447465,0.7944165,0.53702176,0.41451898,0.8330575,0.4458595,0.29847136,0.21807213,0.34602904,0.15622535,0.56194574,0.06380232,0.81656945,0.73821485,0.29945007,0.28631115,0.63395685
1166,0.6458179,0.8029788,0.6928388,0.32467085,0.71050584,0.45053706,0.5719657,0.24497505,0.50430197,0.33746067,0.22079892,0.5667282,0.19166699,0.5233277,0.64685655,0.8556529,0.57347214,0.5720955,0.46697348,0.665007,0.32794002,0.27016884,0.7685906,0.5170876,0.4721423,0.30347508,0.45607552,0.3134068,0.5707008,0.11616006,0.7154972,0.7221544,0.4096636,0.3434537,0.63534814
1167,0.54018474,0.69886935,0.57825506,0.19454175,0.27469546,0.841451,0.45704347,0.23075409,0.9103982,0.73162943,0.10739334,0.7817019,0.14708647,0.58562946,0.91738003,0.9719044,0.24555984,0.51787966,0.2850464,0.6018599,0.1057392,0.06849927,0.66802436,0.49515873,0.4131836,0.3019904,0.8204316,0.54119223,0.65278566,0.050847948,0.5363024,0.70848554,0.4483935,0.392484,0.66923356
1168,0.8970156,0.7547883,0.88305867,0.71828365,0.8564065,0.4216844,0.54509056,0.2186226,0.5452477,0.08902521,0.23320203,0.40196943,0.2235661,0.45731315,0.4586792,0.8071799,0.6753826,0.6828582,0.42240897,0.54452634,0.4124492,0.39873445,0.7434381,0.6887589,0.5046166,0.3270014,0.3640539,0.18680438,0.24468677,0.16093862,0.7166289,0.65791637,0.28350866,0.38184652,0.5496527
1169,0.65437496,0.7878376,0.67051286,0.33937547,0.7591592,0.27008143,0.56062376,0.34572068,0.35705104,0.24293451,0.5064279,0.4061113,0.35062867,0.5532239,0.43052927,0.65033257,0.75862443,0.5284567,0.5146629,0.5400801,0.4243086,0.38092127,0.7573104,0.6149302,0.6476177,0.41630268,0.29621175,0.3196686,0.38215867,0.44908604,0.71142256,0.66494673,0.39304274,0.35116333,0.5617674
1170,0.76395863,0.80643016,0.7474906,0.42131478,0.83375776,0.35661647,0.526217,0.27123982,0.50320923,0.181033,0.5118164,0.3872098,0.30827674,0.5498976,0.44665202,0.79042083,0.7441578,0.54174966,0.409482,0.4908514,0.34571186,0.29320282,0.7673891,0.6375359,0.7325427,0.352898,0.33365175,0.27010018,0.28451017,0.37278742,0.72542226,0.66066796,0.30324104,0.31896418,0.5243315
1171,0.71490717,0.8219401,0.70305777,0.3308285,0.81882286,0.27491838,0.52104264,0.29589045,0.42335933,0.19626307,0.57435656,0.34728062,0.34723905,0.59142625,0.40457338,0.7316762,0.79470664,0.5172701,0.44648203,0.4689185,0.34690186,0.2690765,0.7836143,0.66836417,0.7789878,0.3828037,0.27228126,0.30716276,0.28646562,0.50476396,0.73015964,0.6653348,0.33636355,0.3178818,0.5254923
1172,0.78481674,0.8089199,0.7669017,0.44736606,0.84447706,0.31792292,0.5273973,0.26254076,0.46276325,0.15648122,0.47747082,0.35966316,0.30305165,0.5545734,0.41480199,0.77255106,0.7630931,0.57111377,0.42963395,0.49014267,0.35565442,0.29396087,0.778099,0.6827357,0.7148236,0.36285654,0.2899108,0.26271054,0.2662609,0.3912758,0.73472196,0.66754323,0.31132033,0.33286306,0.5312074
1173,0.7041818,0.8283864,0.76213706,0.37973276,0.80472535,0.37146708,0.5997513,0.23216935,0.43314153,0.26073977,0.24881272,0.53713524,0.18149641,0.50717604,0.6016049,0.8438927,0.5927971,0.63381326,0.48949534,0.73462534,0.3761611,0.26497364,0.7908223,0.5425776,0.43779612,0.29791704,0.35364422,0.23824248,0.5276472,0.089780316,0.75426596,0.73302305,0.3690104,0.37201032,0.6487656
1174,0.66060126,0.7958784,0.6906773,0.39883685,0.79913056,0.32244033,0.5960827,0.30434525,0.35903892,0.22896466,0.3159726,0.46769947,0.27673662,0.5013703,0.49502736,0.73953956,0.6819566,0.57514036,0.5392403,0.63127154,0.43087792,0.4051625,0.76004964,0.5359639,0.5330616,0.3604901,0.3479327,0.27896753,0.50932324,0.23455505,0.7311035,0.6900204,0.41582155,0.36059088,0.60031503
1175,0.8333229,0.7822725,0.8147621,0.5615597,0.84702253,0.37639508,0.53468984,0.24558035,0.50854176,0.13605444,0.3860448,0.39039817,0.27366138,0.51063395,0.44685355,0.7882786,0.7112761,0.6109,0.4182883,0.5129235,0.37904817,0.34247398,0.7588226,0.6715106,0.62392247,0.3419887,0.33953682,0.23521204,0.26322863,0.28147894,0.72501963,0.66221774,0.29300085,0.35332984,0.5390256
1176,0.7617637,0.8437169,0.74288017,0.35117218,0.86156213,0.2617321,0.51723915,0.25817797,0.42289764,0.15818709,0.55991125,0.32934994,0.31832325,0.59769845,0.3914838,0.77001625,0.8115717,0.53664094,0.4301381,0.4584794,0.32218206,0.24144721,0.80788743,0.7010715,0.7914144,0.36576027,0.25055337,0.2762383,0.24714144,0.4811718,0.7566009,0.6822141,0.3085875,0.30098078,0.5239817
1177,0.58284247,0.6789478,0.59559417,0.23572199,0.39288944,0.9028678,0.44448695,0.22392385,0.9584675,0.78520346,0.11096267,0.79318243,0.1442236,0.5348796,0.9318147,0.98535603,0.2318296,0.48555446,0.24531321,0.5583228,0.109833814,0.07949975,0.62843686,0.44321594,0.38196,0.32866493,0.91702354,0.5258504,0.5399461,0.044092633,0.5271241,0.67402565,0.37379345,0.3115273,0.63653
1178,0.83855134,0.7780496,0.8233072,0.58101666,0.841849,0.37367213,0.5404164,0.25276873,0.5000082,0.12754767,0.3747502,0.38718837,0.27350515,0.507185,0.4315878,0.77898353,0.71419376,0.6268724,0.4256054,0.5265316,0.39107776,0.3441674,0.75514776,0.6835113,0.6249231,0.3523011,0.31774297,0.2339807,0.2654502,0.2778452,0.7211474,0.66073805,0.30158654,0.36774042,0.54259986
1179,0.790901,0.8703988,0.8266681,0.45006257,0.9195627,0.24740763,0.63983494,0.22163887,0.27242798,0.12039576,0.24122365,0.45230818,0.18529844,0.48066816,0.46385708,0.81576616,0.7245635,0.66384095,0.5581689,0.7325835,0.46069026,0.37179703,0.8370123,0.5733227,0.48163146,0.29849568,0.2532459,0.16238177,0.48315984,0.11258656,0.8207202,0.7529313,0.34855995,0.33343062,0.6413514
1180,0.8408841,0.75313556,0.82562953,0.6285254,0.8390702,0.35693893,0.5489067,0.25896358,0.45922002,0.12453582,0.30309772,0.38652804,0.2726489,0.48375878,0.43711567,0.75252974,0.69080234,0.64691573,0.46751112,0.53836966,0.43540978,0.41393065,0.742647,0.67419183,0.53040195,0.3525133,0.32813302,0.23383418,0.30054483,0.25081784,0.7147573,0.65676975,0.3302213,0.3924574,0.5563328
1181,0.67559016,0.8315786,0.72860944,0.35186714,0.8014849,0.34815508,0.60399324,0.2481381,0.39502773,0.2424546,0.25664473,0.50259066,0.20309898,0.50404125,0.5571574,0.8306444,0.65661895,0.5899148,0.53074133,0.6843667,0.4008247,0.3334779,0.7967302,0.5222938,0.4923935,0.30929494,0.3594521,0.25053528,0.55370677,0.1371643,0.7596489,0.72850686,0.39834768,0.33047795,0.62827903
1182,0.67808056,0.86379355,0.6564015,0.19690226,0.8477756,0.23111364,0.51256466,0.29194573,0.41424593,0.2204378,0.67527354,0.32933682,0.35997042,0.633381,0.41326436,0.7695374,0.8384657,0.45463952,0.43964705,0.4321378,0.30049133,0.21496984,0.8160874,0.64452773,0.8696722,0.37371716,0.2657517,0.31995115,0.29243377,0.57901907,0.7572435,0.6787383,0.33014062,0.2602176,0.51284635
1183,0.86703503,0.7581843,0.8546713,0.6617632,0.8524631,0.39690283,0.53987885,0.23091336,0.52412635,0.10628575,0.2765184,0.3888478,0.24276078,0.47379494,0.45313984,0.797418,0.6885861,0.65747625,0.43645024,0.5314968,0.41204315,0.39614546,0.7467409,0.6799116,0.5323578,0.33621478,0.35251942,0.20543627,0.26339334,0.20816557,0.71591187,0.65597886,0.30281782,0.37609977,0.5455143
1184,0.6683635,0.8327774,0.65424824,0.2529352,0.8365358,0.27514708,0.5216837,0.30236873,0.44033998,0.2549457,0.6273168,0.3576394,0.35774803,0.5991111,0.44092622,0.7561285,0.78693926,0.46892506,0.4423062,0.46039072,0.3325099,0.2560758,0.7854899,0.61884326,0.7949556,0.37078115,0.30418313,0.32136604,0.3164422,0.5243179,0.730948,0.662222,0.33876008,0.2818726,0.5190557
1185,0.7638751,0.83791083,0.7451178,0.3615729,0.8552578,0.28139067,0.51873004,0.26218525,0.43870902,0.16239849,0.5657689,0.3407003,0.3192377,0.5925476,0.39880684,0.7729211,0.7992002,0.53528076,0.42176825,0.46306628,0.3248914,0.2430865,0.800902,0.6934761,0.78938854,0.36187834,0.26157886,0.2790805,0.25154036,0.4644262,0.7528852,0.6796977,0.30307195,0.30522445,0.5231085
1186,0.8082304,0.8141264,0.7896089,0.48059025,0.8583994,0.30999663,0.5299502,0.24949923,0.4533561,0.13683613,0.4534029,0.35291153,0.29242212,0.5510927,0.40590945,0.7741956,0.7668513,0.5907253,0.42934066,0.49280515,0.35889828,0.29622915,0.7852505,0.70241696,0.70149916,0.3564245,0.27615684,0.25017536,0.24933168,0.37554675,0.74449617,0.67481446,0.30204523,0.335804,0.53535366
1187,0.8329136,0.7674267,0.81609553,0.58707106,0.83951396,0.36217993,0.53741074,0.25435793,0.48508883,0.12894347,0.3535541,0.3794697,0.27913117,0.50339407,0.43619704,0.76676077,0.70715535,0.62497985,0.4430774,0.5187114,0.40249896,0.37029225,0.74913025,0.6794772,0.5892943,0.35297042,0.32664275,0.23880064,0.27519792,0.28672796,0.71629685,0.6569036,0.31623676,0.37159032,0.5432131
1188,0.7313567,0.8402179,0.7886955,0.43975267,0.8902796,0.29575118,0.62591845,0.24088311,0.34750494,0.2033957,0.2704857,0.4962059,0.19390671,0.4816142,0.5378497,0.80847514,0.6412514,0.6462506,0.51471496,0.746937,0.44552428,0.33086273,0.8063477,0.5463562,0.41720605,0.294282,0.30071557,0.19832611,0.49392956,0.09976073,0.7834875,0.7332341,0.3472285,0.36485362,0.642465
1189,0.6619779,0.7159179,0.6423871,0.33817667,0.56686175,0.7917383,0.47125134,0.2392999,0.8904154,0.5961814,0.18395773,0.6940046,0.173594,0.512745,0.83530176,0.9592705,0.42136002,0.47638908,0.27060097,0.5098588,0.17846319,0.16813695,0.66801786,0.4316432,0.46158344,0.30238062,0.85106385,0.42826897,0.4156366,0.08642374,0.5934995,0.64397913,0.30222568,0.27043492,0.56853545
1190,0.7038184,0.7821979,0.731144,0.49927855,0.86721057,0.3277082,0.6117662,0.28132224,0.38663688,0.25636834,0.28114328,0.48174304,0.24734426,0.44343248,0.52559316,0.7702342,0.6338308,0.59236574,0.51081926,0.66579247,0.49432093,0.4488265,0.75883996,0.5219206,0.37542936,0.2961657,0.37912673,0.24957673,0.48909965,0.1555622,0.74293363,0.6866858,0.3506237,0.36162394,0.5996467
1191,0.89896077,0.73920393,0.8855834,0.7397811,0.85166025,0.3771142,0.5567386,0.23646037,0.467904,0.0836161,0.21392688,0.38960302,0.2425615,0.45378557,0.43064967,0.75644195,0.6717852,0.704824,0.46690106,0.5582331,0.45743275,0.44747108,0.73878896,0.7048687,0.46918845,0.34429225,0.3199906,0.2019116,0.27818173,0.16811429,0.7183696,0.6600755,0.31753188,0.42037806,0.5656487
1192,0.8708328,0.7582501,0.85863245,0.6678998,0.8454034,0.3741507,0.54896295,0.2435993,0.48311242,0.09881781,0.2820718,0.38109538,0.25498873,0.48091087,0.4209965,0.7669536,0.6976304,0.6740457,0.44988555,0.55050206,0.42499107,0.39287418,0.7471054,0.70250475,0.5476018,0.35764688,0.30674797,0.21009144,0.2671021,0.22801498,0.7172979,0.65890694,0.31640598,0.3970081,0.5540432
1193,0.6691044,0.7619208,0.691991,0.42680272,0.78015834,0.407147,0.5653669,0.29719254,0.4844001,0.31508917,0.318883,0.49489656,0.2628942,0.48504108,0.5493132,0.7566091,0.6379239,0.55249614,0.48121586,0.5943657,0.417473,0.403929,0.7319149,0.53581595,0.45605308,0.3523264,0.46118563,0.2913728,0.4329517,0.24877301,0.69357806,0.6612937,0.36741942,0.34084463,0.5769893
1194,0.7132219,0.8536018,0.6918231,0.25650406,0.8516014,0.23611633,0.5069647,0.27567947,0.4108294,0.190931,0.6381299,0.3191536,0.34769267,0.62703574,0.39307517,0.75906515,0.8310601,0.48638597,0.43100947,0.42894632,0.30273646,0.21630676,0.8128252,0.6848657,0.84070176,0.37262136,0.2508487,0.30836856,0.25900024,0.56521416,0.754952,0.6791994,0.3197326,0.2793483,0.513346
1195,0.7170363,0.8464427,0.6954599,0.27544782,0.84696424,0.28249997,0.5167286,0.27765578,0.45880824,0.19911958,0.61580575,0.35250396,0.33238387,0.6040965,0.4288144,0.7915625,0.80588704,0.48421922,0.42173252,0.4528493,0.3107852,0.23910446,0.8027418,0.64187443,0.8207148,0.36206332,0.29353195,0.2943502,0.28694078,0.49586496,0.7502678,0.67483747,0.3139131,0.2746464,0.5156808
1196,0.7194955,0.8279435,0.7010948,0.3092566,0.83555394,0.29832512,0.5149869,0.28343132,0.46332607,0.20531628,0.59633124,0.3549704,0.33721045,0.59328467,0.42016846,0.7691861,0.7895106,0.5010222,0.4225616,0.45747012,0.32129034,0.24551573,0.7872437,0.6544015,0.8034647,0.37040854,0.2959196,0.30193743,0.28407285,0.49249116,0.73258615,0.66442657,0.31830138,0.29906863,0.5164803
1197,0.71533555,0.8549503,0.7019273,0.2793026,0.85131854,0.2161001,0.5102964,0.2710317,0.38035482,0.17406933,0.6052979,0.3044141,0.3421153,0.6243016,0.37403446,0.74277943,0.8420868,0.50766146,0.45282096,0.4375543,0.31647655,0.22964053,0.8183284,0.70721084,0.8190676,0.37982768,0.22621493,0.29738146,0.24859712,0.56689185,0.7592635,0.68391013,0.32865137,0.28871718,0.52082664
1198,0.6226661,0.84101236,0.7078797,0.4025516,0.94282234,0.2589571,0.6637453,0.27252883,0.34872946,0.2845651,0.31089094,0.48306537,0.2171034,0.41925412,0.56338114,0.8340499,0.63888633,0.55670536,0.557978,0.7550945,0.5622179,0.4711755,0.80418813,0.42266518,0.31866556,0.23805973,0.3688314,0.19498245,0.5843905,0.10667459,0.78591853,0.71160805,0.339635,0.29432368,0.6141279
1199,0.7977077,0.7954719,0.778609,0.48158827,0.84060633,0.31628257,0.5324329,0.26673743,0.44953203,0.14456342,0.44517192,0.36181256,0.30458322,0.5457171,0.41368046,0.7551957,0.7493683,0.58457446,0.44187516,0.4973238,0.37272853,0.31803846,0.76913387,0.6840673,0.6769005,0.36634183,0.29174414,0.26188666,0.27201253,0.38113374,0.7286309,0.6650819,0.3212103,0.34708977,0.5370993
1200,0.6901513,0.84989613,0.68351924,0.26621705,0.82836425,0.20506673,0.51512265,0.29041773,0.35482165,0.18291631,0.60793334,0.30838758,0.35878238,0.6247364,0.36969554,0.7083289,0.8464689,0.5021068,0.47371107,0.44554567,0.3338673,0.24900505,0.809914,0.69968534,0.8126917,0.39214382,0.22312577,0.31052774,0.26364177,0.5869044,0.7510711,0.68019646,0.3479143,0.2980619,0.52531713
1201,0.69436747,0.8574956,0.673525,0.21818545,0.8479678,0.25220037,0.50779074,0.28468385,0.43867302,0.2094846,0.6650131,0.3320645,0.3503191,0.6287374,0.40951937,0.77892387,0.8317568,0.46489897,0.42340356,0.43090886,0.29700854,0.21207576,0.81276244,0.65359783,0.8686477,0.37271732,0.26941502,0.31297192,0.28071636,0.5634924,0.7524619,0.67502606,0.3218227,0.2677156,0.508762
1202,0.7266396,0.75306934,0.7292328,0.5162033,0.8213714,0.45705628,0.5643152,0.26030686,0.5535723,0.30753127,0.26833028,0.5126859,0.22865233,0.45103058,0.5950975,0.8276123,0.5945257,0.565361,0.4327,0.5980591,0.41549078,0.39845556,0.725534,0.5116242,0.39459798,0.28969088,0.5179492,0.2671065,0.41290647,0.14154062,0.6999809,0.6578197,0.31520313,0.33080873,0.57094824
1203,0.7811563,0.8359526,0.7598125,0.38701648,0.8702073,0.27396303,0.5168296,0.24788734,0.44321012,0.14654082,0.5265695,0.32858247,0.30349368,0.5862964,0.39550358,0.7848415,0.8023106,0.5483363,0.42608848,0.45852923,0.32825747,0.2604083,0.80591124,0.70440173,0.7592805,0.3565472,0.25944123,0.26341248,0.24348605,0.45424032,0.75627977,0.6798147,0.30172953,0.30451524,0.52222115
1204,0.7991704,0.8028469,0.7741,0.4938705,0.8526579,0.490271,0.5288091,0.21899852,0.63812274,0.20947042,0.34649774,0.47994676,0.21946931,0.49112973,0.57563186,0.87480974,0.67804873,0.53962386,0.34784317,0.511257,0.3249134,0.32255006,0.7612576,0.54350245,0.5963316,0.27388698,0.52638924,0.2257941,0.28532848,0.17437403,0.7276285,0.6604425,0.24724808,0.2703749,0.5246803
1205,0.6001327,0.84560335,0.61390316,0.16708402,0.7609981,0.16741692,0.52161574,0.34312037,0.29446018,0.2134599,0.6494499,0.31449527,0.40008736,0.6397828,0.3522802,0.6208108,0.87568015,0.46886176,0.5336293,0.4539658,0.35999072,0.2858259,0.8019519,0.68130034,0.823769,0.44285494,0.21385768,0.34187654,0.30897522,0.6749544,0.735644,0.6746191,0.40321532,0.308052,0.5334426
1206,0.6448123,0.8691403,0.6314043,0.15721962,0.8311924,0.17838748,0.5044797,0.30464798,0.34854874,0.21954139,0.70340663,0.29798797,0.38835508,0.65751696,0.37675604,0.71122515,0.87042034,0.44562632,0.4637145,0.4114012,0.30234987,0.20804536,0.8210777,0.6766016,0.88777095,0.39282957,0.22322154,0.3438663,0.27448848,0.6682165,0.7554785,0.67961115,0.35294732,0.26666903,0.51167065
1207,0.79453015,0.81445485,0.773976,0.4453767,0.8501479,0.30186614,0.53003067,0.26116186,0.4405511,0.14450172,0.48109126,0.35615396,0.30596775,0.56027466,0.40660685,0.7632171,0.76956123,0.5731094,0.43470293,0.48983592,0.35480648,0.29019707,0.7827622,0.6913166,0.71593565,0.36415607,0.2780394,0.26185936,0.2613089,0.40057978,0.7415939,0.6735506,0.31103197,0.33191967,0.5350305
1208,0.7090933,0.86658585,0.78422844,0.44807434,0.9511126,0.24448678,0.6731821,0.22747414,0.31426555,0.2320425,0.26205736,0.48643914,0.17241779,0.41953143,0.5478066,0.84280044,0.6467842,0.6212975,0.542834,0.79064685,0.54317826,0.42582208,0.8365129,0.48117748,0.30457544,0.22690126,0.3176751,0.154996,0.53488714,0.067907706,0.8211646,0.74512625,0.2996294,0.30385607,0.641775
1209,0.7721067,0.8301371,0.72696733,0.36466208,0.8251171,0.56905895,0.4923602,0.20243159,0.74283886,0.29263157,0.40151206,0.51318294,0.2053775,0.5354409,0.6491642,0.92581093,0.67736614,0.47003832,0.2758487,0.46296802,0.23128381,0.21785998,0.77924883,0.50648654,0.6885475,0.2599873,0.6220735,0.25946552,0.26562053,0.1985409,0.72657037,0.6611638,0.21892485,0.2038866,0.50542015
1210,0.53272474,0.8249046,0.5857918,0.15910777,0.6803161,0.12981327,0.5535035,0.39309174,0.19341111,0.19571885,0.56131643,0.33706608,0.41196984,0.6179076,0.31315032,0.48710546,0.8941204,0.50121343,0.6577047,0.5132959,0.4395884,0.4097247,0.78464514,0.69138664,0.73073494,0.5280553,0.19235212,0.32561707,0.3648192,0.6926536,0.72238386,0.6786962,0.48577207,0.35032582,0.5692122
1211,0.76364785,0.8092435,0.74477416,0.40792307,0.84076977,0.30557567,0.5213095,0.27204984,0.46285158,0.17287995,0.5064184,0.3535049,0.31737557,0.5672242,0.41658163,0.7656382,0.77071106,0.5491141,0.4315021,0.4730211,0.35141307,0.2892669,0.7790966,0.67472255,0.73116875,0.36717507,0.29323176,0.28160137,0.27418327,0.4352638,0.72985256,0.6630589,0.32068515,0.3263536,0.5256191
1212,0.65479296,0.8812839,0.6386882,0.141767,0.84976214,0.16631651,0.50214016,0.29196528,0.34092394,0.20562296,0.71542025,0.2878902,0.38182992,0.66768575,0.37081686,0.726177,0.8815796,0.44095978,0.4630302,0.40185136,0.28633922,0.1907665,0.83334696,0.6841412,0.9037523,0.3885642,0.21334882,0.33432454,0.26380035,0.6764876,0.76748717,0.6876298,0.34533682,0.2523504,0.5098492
1213,0.82670957,0.77592504,0.8122531,0.5701481,0.83359873,0.35399085,0.53924215,0.2585835,0.47393256,0.12938581,0.3725744,0.37893602,0.28230244,0.51328266,0.42367345,0.7604436,0.7198481,0.62354696,0.43792003,0.5231055,0.39548475,0.35100004,0.7547075,0.68776083,0.61768544,0.3598707,0.30741906,0.24142084,0.26799724,0.3035969,0.7195387,0.66062725,0.31487912,0.37028018,0.54376996
1214,0.53680545,0.79399675,0.5987569,0.22005291,0.684855,0.17138383,0.56788605,0.40045443,0.2262007,0.21200518,0.49867073,0.38043612,0.39633352,0.5777818,0.3464744,0.51038885,0.84991705,0.5182303,0.637453,0.5414864,0.46279985,0.46200195,0.7575771,0.64472115,0.6547228,0.51449925,0.23269466,0.32843867,0.4055786,0.6028985,0.70152384,0.66580695,0.4844841,0.3721513,0.57189065
1215,0.7119218,0.80737084,0.69677395,0.35530695,0.81713057,0.31422073,0.5289284,0.30190924,0.4582924,0.21431811,0.5514326,0.37805676,0.3442514,0.5660225,0.43819255,0.75455534,0.76132095,0.512334,0.44085398,0.48216063,0.3564945,0.30065766,0.7636555,0.6233743,0.75050455,0.37329143,0.31957993,0.30528527,0.31838015,0.44823807,0.7194394,0.65642387,0.33767027,0.31896454,0.52601194
1216,0.74680674,0.8502736,0.80325544,0.41968688,0.8792912,0.29965916,0.62133867,0.2224963,0.35095558,0.19321802,0.2548472,0.50886697,0.17599936,0.49804536,0.5564033,0.82526654,0.6343754,0.6658676,0.5073572,0.76221985,0.4081648,0.28502262,0.81383574,0.56403446,0.4263932,0.28913084,0.2839323,0.19178626,0.49477664,0.081491925,0.79251206,0.7447225,0.34609336,0.37351328,0.6573266
1217,0.57022476,0.796666,0.5993907,0.23532061,0.7130979,0.20728247,0.5494162,0.3854797,0.29157948,0.24652436,0.5586907,0.37007594,0.4083557,0.58843356,0.3817565,0.5730397,0.8230634,0.4964145,0.5704566,0.5071269,0.4228274,0.38723716,0.7530406,0.62454414,0.71691567,0.47074312,0.25920328,0.3494049,0.38379467,0.6039298,0.6965214,0.65507776,0.44733533,0.3514057,0.5531325
1218,0.62333685,0.8526864,0.7122427,0.3707345,0.9329324,0.27718434,0.6617903,0.25138333,0.36826286,0.28245288,0.28069314,0.49999014,0.19183531,0.42981252,0.5962213,0.85900193,0.6319842,0.5593214,0.54906785,0.7613829,0.5193926,0.43062466,0.81446344,0.4247094,0.33225405,0.22855976,0.3706265,0.1937882,0.59443504,0.087150395,0.79169065,0.72413653,0.3411545,0.28566653,0.6222464
1219,0.73354346,0.8453895,0.711772,0.29979682,0.85426235,0.26056248,0.5110374,0.2687195,0.43351135,0.18174343,0.60070676,0.3306628,0.33246526,0.6094742,0.4033985,0.77401537,0.81443024,0.50316864,0.4244844,0.4424681,0.3115444,0.23476951,0.8067961,0.67881393,0.8135408,0.3649377,0.26539317,0.29328853,0.26047307,0.51519024,0.7529696,0.6771595,0.31308922,0.2865054,0.5154208
1220,0.7948845,0.8103981,0.77538216,0.46235815,0.84761393,0.31952935,0.527742,0.25860858,0.4641714,0.15156493,0.47437763,0.3619072,0.30148706,0.55331403,0.4164273,0.77113885,0.7598144,0.57645756,0.42376995,0.48901385,0.35502964,0.291396,0.7791711,0.68811864,0.71073854,0.35686368,0.29080138,0.2619613,0.25724465,0.3844423,0.73755515,0.6705413,0.30305785,0.3335096,0.5323101
1221,0.6861363,0.8514143,0.66710985,0.22219658,0.83872795,0.24777894,0.5053821,0.2888642,0.42910844,0.21678407,0.66343975,0.3290154,0.35719043,0.6283471,0.40530676,0.76144505,0.8291937,0.46601576,0.42703944,0.42826524,0.3002507,0.21442862,0.80711824,0.6610013,0.86084986,0.37634116,0.26699716,0.32165146,0.27714947,0.57577765,0.7458483,0.67169684,0.32608366,0.27466652,0.5086187
1222,0.6336991,0.7647961,0.64704704,0.34482402,0.71177113,0.23473811,0.54978406,0.37360018,0.2976581,0.24591854,0.5229473,0.37761602,0.3977664,0.5673081,0.38633457,0.5630389,0.76851,0.5360743,0.5351943,0.51312566,0.43633956,0.3863847,0.73954105,0.65473336,0.6469294,0.44372272,0.2628138,0.35482875,0.35622188,0.5434967,0.69195926,0.65371406,0.41711116,0.39022225,0.56137574
1223,0.7236235,0.8580011,0.70291626,0.2614953,0.8572682,0.23904161,0.5092169,0.27093893,0.4152003,0.18220901,0.6367785,0.31962702,0.33986384,0.6263969,0.38918424,0.768348,0.8350852,0.49272913,0.42986184,0.4353529,0.3024959,0.2123013,0.81721336,0.6900819,0.84644127,0.37059397,0.24522881,0.30018225,0.25661868,0.5512723,0.7600229,0.6824742,0.31359735,0.2793011,0.51490796
1224,0.8597205,0.789852,0.8426857,0.5952965,0.8583102,0.3513444,0.54342544,0.23938441,0.4734353,0.10509507,0.35830557,0.37419173,0.2636562,0.51242876,0.4111925,0.7784735,0.72957915,0.64511,0.43044764,0.5310256,0.38985696,0.33811474,0.768672,0.70959765,0.625594,0.35318545,0.28874534,0.21924064,0.24955542,0.27799037,0.7362587,0.6715485,0.2965036,0.36880302,0.54826015
1225,0.5893065,0.826811,0.6485131,0.28832775,0.8490523,0.19144395,0.61224717,0.34106928,0.24406275,0.18352725,0.41321197,0.41165257,0.3285485,0.52292144,0.39718652,0.64058936,0.8004756,0.53620416,0.6192787,0.6033819,0.4728962,0.4738019,0.78171074,0.55205154,0.60888255,0.40684158,0.25920272,0.2725014,0.47899145,0.37331897,0.7556168,0.6889046,0.43875185,0.33658582,0.5854093
1226,0.7811151,0.80748063,0.76344967,0.4496449,0.8436352,0.3456387,0.5260464,0.25846958,0.49627677,0.1646578,0.47413707,0.3754274,0.29495797,0.5460757,0.44183072,0.79242665,0.7492418,0.5590622,0.41319314,0.49134827,0.3507573,0.30155474,0.7749682,0.6558555,0.7069169,0.3473686,0.3227867,0.2583312,0.2714831,0.3590444,0.7325398,0.6647502,0.30095488,0.3205302,0.5265269
1227,0.8053613,0.7881337,0.7913918,0.51527584,0.8353945,0.39733645,0.53269935,0.25907955,0.53051025,0.15833855,0.44656342,0.40423626,0.28554612,0.5176306,0.4549591,0.79707175,0.7120863,0.58233774,0.40148884,0.51408434,0.36294052,0.31771356,0.7529367,0.64530706,0.6799988,0.34481746,0.3489911,0.24634948,0.27307683,0.2924048,0.71753085,0.6576789,0.2896734,0.34124288,0.5299157
1228,0.8602537,0.74745166,0.84474885,0.6684796,0.83377725,0.41036397,0.5489814,0.25029886,0.515689,0.11947507,0.2855484,0.4094534,0.25787383,0.47043458,0.4525289,0.77489626,0.6710497,0.65422887,0.43452954,0.5499252,0.42159837,0.40446886,0.7304411,0.6647364,0.53186256,0.34443521,0.35848314,0.21802981,0.28123313,0.2066156,0.70428747,0.65070784,0.30720252,0.39036995,0.550648
1229,0.82638633,0.77035135,0.8101009,0.5726021,0.83158433,0.3605041,0.5432541,0.2663586,0.4767198,0.1348582,0.37544608,0.38466272,0.28776428,0.51069933,0.4223303,0.75509155,0.71346486,0.6240474,0.44188046,0.5295933,0.40093684,0.3552093,0.7479452,0.68159735,0.61799705,0.36563522,0.3117218,0.24576578,0.28106117,0.3036762,0.7142209,0.6571342,0.3187765,0.37774882,0.54630804
1230,0.685372,0.83035296,0.72488374,0.39856833,0.8792327,0.24056804,0.62081254,0.29518142,0.26613492,0.14774947,0.32360482,0.43451366,0.26892304,0.49554783,0.42846528,0.72169054,0.7450805,0.59786665,0.5843004,0.6539347,0.46803075,0.44149128,0.7908409,0.5438327,0.5535716,0.3588237,0.27383035,0.22949508,0.49876767,0.23336682,0.77354664,0.7075304,0.4050273,0.35100937,0.60606533
1231,0.67623335,0.8888389,0.65421927,0.1370473,0.86066425,0.17058107,0.49387947,0.27523786,0.36424214,0.19458106,0.72988683,0.2814928,0.36720058,0.6768001,0.36800474,0.75374764,0.8872964,0.4388605,0.43943033,0.39078766,0.27019966,0.17101899,0.84445554,0.6999556,0.91458225,0.37674454,0.20998521,0.3243637,0.2450141,0.67321527,0.7783179,0.6930792,0.32402927,0.24200888,0.50309956
1232,0.7211244,0.8144789,0.7030995,0.35095662,0.8222357,0.32813194,0.5218603,0.2901958,0.48269972,0.21436211,0.5610844,0.37993392,0.3329634,0.5713988,0.44471255,0.7764318,0.7626578,0.50933576,0.41692495,0.47563782,0.33894753,0.27907506,0.77194315,0.62641627,0.7676215,0.36410585,0.3264934,0.29969984,0.3009298,0.4424444,0.7237873,0.65881455,0.32060072,0.30777925,0.52028966
1233,0.86012715,0.7754536,0.85037506,0.6543085,0.8727155,0.35359615,0.5654069,0.23571774,0.44634312,0.105727,0.26441893,0.4004262,0.24259016,0.46488363,0.44506222,0.77983016,0.69751227,0.6651906,0.47165832,0.56100225,0.44312805,0.4343873,0.760234,0.66485494,0.50936234,0.32501742,0.32912764,0.20320198,0.30597314,0.17913944,0.7420401,0.67440075,0.31013888,0.38173264,0.5670021
1234,0.84781945,0.879249,0.86626995,0.47598606,0.91141987,0.24177146,0.63009876,0.20967977,0.23519471,0.06067001,0.2186296,0.4363741,0.17899027,0.50707537,0.41435832,0.8106896,0.75796705,0.7043346,0.55602217,0.7181764,0.4256506,0.3374674,0.84635943,0.63505995,0.5581937,0.32468742,0.2087678,0.15041539,0.43450922,0.11587681,0.8304694,0.766801,0.35940555,0.34666428,0.6506797
1235,0.7565814,0.8268983,0.7380749,0.36185545,0.8450605,0.3028717,0.52159774,0.27364695,0.45830494,0.17569418,0.5632354,0.35666686,0.32317263,0.5826456,0.41249928,0.7735278,0.78409255,0.5301558,0.42275587,0.47273016,0.33223212,0.25510126,0.7879902,0.66990507,0.78347063,0.36565012,0.28360057,0.2841893,0.27325746,0.44958156,0.73976696,0.670708,0.31036377,0.311207,0.52296126
1236,0.8376547,0.7709226,0.8228102,0.59739316,0.8469353,0.3661434,0.5464325,0.25391284,0.4820606,0.124169566,0.34304288,0.38756594,0.27224767,0.49572128,0.43459958,0.7719667,0.7080716,0.6311493,0.44597736,0.5321339,0.40954232,0.3818062,0.75065917,0.67187464,0.58557856,0.34953293,0.324009,0.22941115,0.283922,0.26445386,0.7208713,0.65956205,0.31389984,0.3738153,0.5472441
1237,0.684666,0.8446479,0.6820799,0.29758516,0.88083065,0.30877942,0.5488662,0.2736866,0.49710637,0.27142662,0.5877867,0.389539,0.30310628,0.55324537,0.50007075,0.82951605,0.7499375,0.4786099,0.4223722,0.5257071,0.36971703,0.28398305,0.7974759,0.5704454,0.6969845,0.3173874,0.3380956,0.26515818,0.34716898,0.38877326,0.7521802,0.6720111,0.29669663,0.25661784,0.5265052
1238,0.7975234,0.8006201,0.75046253,0.35055885,0.77500355,0.8698827,0.4331335,0.13635588,0.958408,0.5014567,0.16427828,0.71389914,0.09662825,0.4938094,0.8745054,0.99004966,0.50247973,0.4429118,0.1552299,0.425795,0.10397489,0.11179706,0.7386933,0.37487942,0.54405135,0.21704248,0.9375862,0.2941416,0.2325836,0.039342545,0.6614489,0.6452874,0.15117848,0.14396241,0.5061191
1239,0.79211223,0.8122306,0.7750529,0.45188332,0.85420436,0.31864813,0.52392554,0.2535907,0.47479525,0.14999266,0.47409147,0.35323,0.29504475,0.5542216,0.41544953,0.78390723,0.76764,0.57273877,0.42419243,0.48292813,0.35246974,0.29333338,0.7841953,0.687846,0.714703,0.3552124,0.28842443,0.25684494,0.25706282,0.38693628,0.73862994,0.66868126,0.30444857,0.3280146,0.5269353
1240,0.6426833,0.7632836,0.670983,0.30137905,0.5062925,0.5987484,0.5213717,0.24129479,0.66993344,0.43407053,0.18097484,0.6294899,0.18971452,0.5596937,0.7501503,0.89978945,0.4711176,0.5719117,0.39366046,0.63235307,0.22494149,0.17058238,0.7331112,0.55409175,0.4967745,0.32059175,0.5507213,0.37750587,0.5752961,0.10442708,0.6525417,0.709844,0.4338917,0.37510592,0.63939565
1241,0.75566036,0.82413256,0.7949194,0.36912814,0.73047346,0.42038387,0.5706882,0.21686494,0.49467283,0.22126469,0.21461824,0.56544584,0.17835192,0.5466527,0.63916135,0.86281264,0.5697071,0.6686795,0.44722652,0.72718,0.28033704,0.1795992,0.7815822,0.6047725,0.49830455,0.32651225,0.35005373,0.25476202,0.4883256,0.08032738,0.74234784,0.7345897,0.384478,0.41252175,0.6622468
1242,0.7398997,0.7805306,0.7255764,0.43823966,0.8055199,0.38128573,0.53357697,0.28358355,0.5097169,0.23223467,0.4440085,0.42152014,0.30196032,0.53185236,0.48617297,0.77284855,0.7003633,0.5456339,0.42213947,0.5127822,0.36614278,0.3196275,0.746781,0.6076555,0.6378663,0.35145018,0.38522425,0.29325283,0.3277579,0.34776968,0.7048539,0.6541113,0.32621282,0.33393866,0.5397267
1243,0.74687284,0.8364733,0.72610897,0.33936927,0.8540165,0.26495817,0.5187982,0.26963443,0.42240041,0.16769405,0.5681113,0.3344613,0.329871,0.5956647,0.40269905,0.76341486,0.8031222,0.52011603,0.43838817,0.4557886,0.32907686,0.2589473,0.7988018,0.6793289,0.7798896,0.3651874,0.26691324,0.2852383,0.2660578,0.48927006,0.7505234,0.67660636,0.31809047,0.299016,0.5222751
1244,0.6356095,0.8183609,0.6390513,0.24979687,0.7904927,0.23508243,0.5348114,0.33400843,0.3717547,0.24948935,0.61519015,0.35584217,0.37414423,0.59936386,0.41256148,0.6888586,0.80350524,0.4797377,0.4839689,0.48021826,0.3727016,0.2991479,0.7785686,0.6295097,0.7642487,0.39867726,0.2701357,0.3370281,0.34434983,0.55946875,0.7242161,0.66350543,0.37417614,0.3109557,0.53220826
1245,0.8646199,0.7696805,0.8502923,0.6475214,0.8601794,0.3662493,0.5384566,0.22776628,0.49516982,0.105343655,0.2905604,0.36942774,0.2466902,0.48481792,0.43405086,0.7909515,0.70663416,0.6638409,0.44826907,0.52767396,0.41254717,0.3879498,0.7601133,0.70215344,0.5496184,0.3405927,0.31858322,0.2068075,0.25712645,0.23250273,0.7280911,0.66347754,0.30575404,0.37710518,0.54828775
1246,0.8495163,0.76960385,0.83404905,0.6149496,0.8467113,0.36897722,0.5438528,0.2486032,0.49015164,0.11450799,0.32971403,0.38112274,0.2664941,0.49581176,0.42862114,0.7744768,0.7099572,0.6430608,0.44252118,0.53217363,0.40711635,0.37358356,0.75201285,0.6873204,0.58623517,0.352478,0.31688026,0.2234462,0.27014756,0.26198918,0.7198645,0.65893173,0.3110887,0.37760738,0.5465719
1247,0.81680757,0.77925396,0.80158216,0.5515338,0.84156734,0.36703768,0.5404084,0.26035216,0.49211687,0.13913454,0.38972354,0.38782045,0.28293067,0.5098676,0.43723235,0.77777606,0.7180519,0.60637724,0.4353486,0.52171654,0.39168477,0.35615575,0.7523042,0.6617484,0.62941504,0.3518706,0.32869267,0.24112897,0.28445935,0.29555747,0.71883214,0.6578425,0.3119831,0.36009294,0.5401081
1248,0.69496965,0.8672265,0.67238724,0.19877781,0.85381174,0.23801048,0.50238276,0.27809647,0.4354147,0.20729437,0.684109,0.3215844,0.35059825,0.63980377,0.40541062,0.78361815,0.84437543,0.45738977,0.41757163,0.41932917,0.28669935,0.19766018,0.8223754,0.6650751,0.8833168,0.36799002,0.25869018,0.31414738,0.26746947,0.5815671,0.76129645,0.6796757,0.3139065,0.2573174,0.50501937
1249,0.7677507,0.80715907,0.7493436,0.42961788,0.8385743,0.32169586,0.5345929,0.2752726,0.45615673,0.17307219,0.49385843,0.37587485,0.312957,0.55127287,0.43315163,0.77110827,0.752345,0.55353725,0.43694773,0.49653625,0.36457202,0.3124829,0.7725659,0.6500038,0.70752895,0.36003911,0.3091475,0.27178615,0.29510292,0.38487697,0.7341417,0.6673907,0.31902942,0.3278861,0.53447497
1250,0.8668119,0.77213985,0.8535126,0.64961135,0.85564643,0.38291436,0.55006087,0.2395291,0.49581003,0.10125937,0.3059088,0.38964835,0.2524957,0.48174977,0.43162307,0.7879315,0.70574045,0.65791446,0.43754658,0.5449519,0.41107017,0.38604355,0.7515235,0.68453896,0.5773764,0.34269756,0.32089964,0.20682883,0.26637524,0.21679556,0.72448635,0.662654,0.30175748,0.37865415,0.5489564
1251,0.68477446,0.83346814,0.66596395,0.2556973,0.8281053,0.3110136,0.5130529,0.29141504,0.4829864,0.25229916,0.6178621,0.36884084,0.34252506,0.6023744,0.4526392,0.78786767,0.77998596,0.46862978,0.416156,0.45290256,0.31014854,0.2372324,0.7874063,0.61840475,0.81279916,0.36647755,0.3274284,0.3202074,0.30613983,0.503304,0.72936904,0.66247725,0.3264623,0.27548176,0.5138143
1252,0.7412025,0.8484435,0.7985367,0.36690885,0.8313538,0.33398205,0.601664,0.21795349,0.39690918,0.17963302,0.24142686,0.53095704,0.17554258,0.52571005,0.5956954,0.8383686,0.63224256,0.6577307,0.49311885,0.746724,0.34631488,0.23420438,0.80835456,0.56548405,0.47544724,0.3046799,0.2978481,0.21673748,0.5152677,0.086439826,0.7796176,0.7448112,0.37353048,0.38231903,0.6583451
1253,0.82810897,0.8109206,0.80992156,0.5101511,0.8657072,0.32072097,0.53178126,0.24046955,0.46407142,0.121024445,0.42834035,0.35217342,0.2777106,0.5425454,0.4041563,0.78569967,0.7620875,0.607666,0.42950624,0.5008763,0.364377,0.30403227,0.787259,0.7097444,0.6849909,0.35298806,0.27371794,0.23486762,0.24623525,0.34586775,0.74727756,0.67605877,0.29733187,0.34214428,0.5370253
1254,0.6444891,0.81287277,0.65296036,0.28181255,0.76416844,0.19063148,0.5396512,0.34395018,0.27758652,0.21198902,0.57729363,0.33780915,0.39258665,0.6036147,0.3608766,0.5958441,0.8204872,0.51573724,0.53124833,0.48377186,0.40374812,0.32700986,0.77940625,0.68731487,0.73072404,0.42439824,0.22118321,0.3427555,0.31092063,0.5890071,0.7287019,0.6716594,0.3964905,0.35111052,0.5514791
1255,0.53651583,0.82699174,0.585641,0.16003779,0.6895083,0.13141467,0.55335045,0.39021105,0.19870943,0.19720475,0.5634821,0.3368631,0.41269732,0.61774755,0.3179466,0.49854192,0.8932622,0.4983247,0.6500155,0.5101332,0.43654737,0.40479112,0.78451645,0.6861584,0.7356516,0.5187971,0.19439694,0.3277879,0.3639977,0.6867088,0.7237271,0.6775881,0.4809308,0.34623137,0.5665928
1256,0.82351494,0.7687967,0.80495566,0.5758437,0.83678323,0.4141519,0.5373851,0.24778016,0.5445964,0.15276492,0.34094483,0.4168082,0.25909764,0.49133772,0.482661,0.80504274,0.6883449,0.6017862,0.41428334,0.52252877,0.38256982,0.3693931,0.74359614,0.6293398,0.5783977,0.33121324,0.3967623,0.23080182,0.28212187,0.2402108,0.711363,0.6525045,0.29600793,0.34494692,0.53766423
1257,0.6961135,0.83329076,0.68042916,0.27958363,0.8315312,0.2841518,0.51895046,0.29749328,0.44948202,0.2160753,0.61513746,0.35587126,0.34968814,0.5982231,0.42267817,0.7653209,0.79904646,0.48568884,0.4318015,0.4576041,0.3278137,0.2558088,0.7883357,0.6339703,0.81906366,0.37472123,0.29338717,0.31211346,0.3039326,0.5115527,0.73448205,0.66414785,0.33246323,0.29400304,0.51663333
1258,0.84559715,0.78818357,0.8302045,0.57847846,0.85682505,0.34559152,0.5395439,0.24237294,0.4752089,0.11442156,0.36553282,0.36692992,0.2680201,0.51426256,0.41296005,0.7787781,0.73390454,0.6353186,0.43722662,0.52320117,0.39091545,0.34432802,0.7691542,0.70336694,0.6274284,0.35343173,0.290987,0.22457865,0.25690573,0.29173124,0.7337471,0.667788,0.30430102,0.3660967,0.54403543
1259,0.564056,0.66190785,0.5782142,0.26793474,0.39373326,0.85512865,0.46097356,0.26262182,0.9289732,0.74452704,0.14760065,0.75450885,0.18363917,0.5324359,0.89918935,0.9693257,0.27170527,0.48947173,0.27881598,0.55687094,0.14627017,0.11252926,0.6185997,0.4525692,0.39691323,0.3448011,0.87632906,0.52469015,0.54186404,0.07253641,0.5258428,0.6581986,0.3945561,0.3450648,0.62439317
1260,0.6518374,0.86268747,0.63950396,0.16938129,0.8252951,0.19068229,0.50538623,0.3036174,0.36086383,0.21772623,0.6932726,0.30524445,0.38025907,0.65286195,0.3789889,0.7161487,0.86391336,0.45169583,0.46005353,0.4177205,0.30658808,0.21604046,0.81743336,0.67616856,0.8727463,0.39469102,0.22954588,0.33708987,0.27808672,0.6541445,0.7523712,0.6785462,0.3508624,0.27106553,0.5127221
1261,0.79917514,0.8061994,0.78263724,0.47218227,0.84437835,0.31131113,0.5310639,0.26106593,0.4491759,0.14140365,0.4572296,0.35674876,0.30040854,0.55125964,0.40701142,0.7610446,0.762591,0.5871934,0.43914548,0.49706393,0.36735517,0.3030545,0.77819127,0.695838,0.6955999,0.36455923,0.27916235,0.2587461,0.2620475,0.38397312,0.7364336,0.6703804,0.3139737,0.343589,0.5371553
1262,0.8125267,0.76958495,0.8022111,0.57034147,0.83574265,0.34286135,0.55921805,0.27700096,0.4377273,0.13412195,0.3450652,0.39596885,0.2894624,0.4980629,0.4270045,0.74203384,0.7087315,0.6254517,0.47463307,0.5525998,0.42957005,0.39909875,0.74623466,0.6542542,0.5831959,0.36588073,0.31330985,0.2445958,0.32754427,0.2823669,0.71876866,0.66056836,0.34259227,0.38366717,0.55826235
1263,0.8728117,0.7679786,0.8583194,0.6617148,0.8492842,0.39290774,0.55101717,0.24239114,0.49975237,0.10514615,0.3103925,0.39841694,0.2548167,0.48231077,0.43139416,0.7796673,0.6945212,0.66335523,0.42692995,0.5503818,0.41108742,0.37708503,0.7481224,0.68928015,0.5768718,0.34556198,0.32140407,0.21114862,0.26196164,0.21243957,0.72185194,0.662547,0.29464155,0.3859455,0.55193233
1264,0.7292605,0.82712734,0.76162475,0.45160174,0.8925525,0.2574297,0.6244646,0.2788278,0.28176662,0.1593126,0.2989058,0.44151607,0.24991736,0.47916055,0.44369835,0.7451103,0.7127447,0.621645,0.5633,0.6791404,0.48292938,0.43598256,0.7932643,0.5527283,0.49716893,0.33865133,0.2830778,0.2113184,0.48612928,0.18811509,0.77702343,0.7116057,0.37881902,0.3569644,0.6126689
1265,0.59658945,0.7932301,0.65061164,0.27962732,0.66095316,0.15222625,0.56292427,0.38755694,0.1811864,0.17559198,0.49203372,0.36328444,0.38455686,0.5821958,0.31095415,0.45482725,0.84437495,0.5633675,0.64013165,0.5406595,0.4651578,0.4429845,0.7792084,0.72496617,0.6313522,0.5286045,0.19127873,0.31616077,0.3532331,0.6036538,0.72129834,0.68684715,0.46566612,0.40610915,0.591173
1266,0.7605445,0.8352796,0.7383596,0.35653776,0.8528992,0.27732176,0.5145188,0.2622238,0.44171706,0.16937177,0.56208956,0.33886853,0.32216522,0.594599,0.4031288,0.77032,0.7976068,0.5318176,0.41884366,0.45489615,0.32249847,0.2430413,0.79972565,0.6939626,0.78345746,0.36278653,0.26737595,0.28471732,0.24953835,0.47749376,0.7495301,0.6769337,0.30522525,0.30390167,0.5213745
1267,0.68183756,0.8315377,0.6641789,0.25458947,0.8210076,0.26192522,0.51095515,0.30403927,0.42873305,0.2291226,0.63727885,0.34239322,0.36581558,0.6139435,0.41055003,0.74037695,0.8072759,0.47691497,0.4359445,0.4410885,0.31998974,0.23809218,0.78788245,0.65115964,0.83018243,0.38568753,0.281167,0.33177578,0.29381737,0.5647646,0.72829545,0.6623611,0.34042758,0.29553947,0.51449907
1268,0.78594947,0.7891532,0.7708872,0.4912464,0.83683956,0.34271356,0.5311648,0.26547697,0.48218054,0.15710849,0.4283054,0.37361878,0.2971324,0.5295777,0.4388977,0.7749046,0.73652685,0.57888734,0.43700233,0.49841818,0.3764812,0.33651212,0.7608751,0.6594731,0.6580659,0.35554987,0.32359704,0.2582111,0.28197816,0.34901983,0.7212197,0.6583281,0.32078356,0.3412259,0.5328272
1269,0.76782113,0.8273843,0.7472199,0.3858717,0.85481834,0.28329185,0.5241458,0.26592866,0.4381836,0.16062538,0.5266074,0.343855,0.31620985,0.5790122,0.40561247,0.76935875,0.789669,0.5459082,0.4367772,0.47298193,0.3417293,0.27286226,0.7939271,0.6818741,0.75524926,0.36527234,0.27235347,0.27331614,0.26760274,0.4468038,0.7463311,0.6742184,0.31577575,0.3144588,0.52806985
1270,0.76094234,0.85685223,0.78907734,0.43347272,0.90754855,0.22007033,0.6311723,0.25946736,0.23715976,0.103092924,0.2905701,0.42164755,0.23513126,0.4945957,0.40816107,0.75301826,0.76433414,0.64011616,0.58552605,0.6814557,0.4686451,0.4196612,0.81998587,0.5782409,0.5565895,0.34298307,0.2370462,0.18797846,0.47387642,0.18659827,0.80587995,0.73325545,0.37892956,0.3436564,0.62170064
1271,0.77320284,0.80456084,0.7568223,0.4360873,0.8361456,0.31647214,0.52758205,0.27151293,0.4604144,0.16752708,0.4892145,0.3596086,0.31098342,0.55647606,0.41344863,0.76445615,0.7611084,0.56715935,0.4361704,0.4909852,0.35998327,0.29268575,0.7752391,0.68075055,0.7155498,0.369101,0.28863892,0.27222663,0.27615473,0.40570968,0.73003364,0.6650692,0.31908137,0.3377986,0.5322549
1272,0.7638803,0.7896393,0.7458782,0.4532457,0.8271481,0.36274478,0.52529174,0.27178192,0.50577813,0.18634883,0.46916765,0.3871357,0.30511445,0.53653544,0.45572662,0.7844594,0.7262287,0.552739,0.42046195,0.4929215,0.36178622,0.317409,0.7555684,0.6370413,0.6808075,0.35125163,0.35149994,0.27081025,0.28851706,0.3596,0.71497995,0.6534238,0.31223685,0.3288251,0.52647847
1273,0.8828713,0.75559914,0.8707344,0.7048446,0.861739,0.35556537,0.56218165,0.2366252,0.43889466,0.09224918,0.23625867,0.39136901,0.24512073,0.45761615,0.43077785,0.75744265,0.68156147,0.69273627,0.4792071,0.5647514,0.45846534,0.44927898,0.7501124,0.69097865,0.48044568,0.3380834,0.3139275,0.20159268,0.29746184,0.17350699,0.73253465,0.6694595,0.3182167,0.41013128,0.5705165
1274,0.7753817,0.8139294,0.75636625,0.42388678,0.8520996,0.2906073,0.5247547,0.2629983,0.44270936,0.15665177,0.48493966,0.34304652,0.3090857,0.56406003,0.40856704,0.7677727,0.7778712,0.5628593,0.44528574,0.47668642,0.357796,0.30045342,0.78751755,0.6854991,0.7158726,0.364812,0.27874526,0.26788205,0.2716902,0.4223381,0.74093163,0.66971034,0.32223892,0.32784903,0.5306128
1275,0.74880594,0.79934883,0.73090297,0.42032105,0.8258564,0.2976959,0.5241939,0.28246447,0.44247127,0.18595894,0.48856258,0.35189384,0.32819015,0.5605486,0.41705704,0.7427,0.7630714,0.554579,0.44835407,0.47797427,0.36535764,0.30732924,0.7700237,0.6722154,0.7059213,0.37300056,0.29389936,0.29067352,0.2840446,0.44042787,0.7231581,0.6598811,0.3356164,0.3371845,0.530303
1276,0.850366,0.75678,0.83716327,0.6426097,0.8384309,0.3933586,0.5436293,0.24819107,0.5084508,0.121298626,0.31160584,0.3942637,0.2619122,0.480862,0.44380397,0.77671355,0.68797755,0.647077,0.4350528,0.5378021,0.41340256,0.39081737,0.7405952,0.67350286,0.55781156,0.34695107,0.339612,0.22085524,0.2738468,0.2314587,0.7109977,0.6541574,0.30748305,0.383655,0.5461553
1277,0.87601817,0.767815,0.8615104,0.67172366,0.8686465,0.3780111,0.5510148,0.22518611,0.49045625,0.10121858,0.26529634,0.39157516,0.23603909,0.46797174,0.44754735,0.7936697,0.69264394,0.6679847,0.44612446,0.54497516,0.42600068,0.41497236,0.75781304,0.680804,0.52084005,0.32373875,0.33596152,0.19817753,0.2748218,0.17740647,0.73408115,0.6671267,0.29728383,0.38073745,0.55557716
1278,0.6731622,0.8196065,0.67097443,0.29600698,0.7918992,0.20416124,0.5327542,0.32549554,0.30944747,0.21064298,0.59226054,0.335394,0.38082394,0.6046864,0.37363377,0.6372484,0.8119834,0.51495516,0.49340215,0.47011596,0.37968925,0.29576617,0.7878917,0.6877059,0.74869,0.40234828,0.22683926,0.3403538,0.29567868,0.5703919,0.73629177,0.6744644,0.36932465,0.34114408,0.54454654
1279,0.88205135,0.7482412,0.86878836,0.70042944,0.8438097,0.41072994,0.5455184,0.2343181,0.525322,0.09944106,0.25947517,0.3994699,0.24207623,0.4639129,0.45097595,0.78657967,0.67175,0.6743596,0.4323058,0.5462656,0.42109314,0.40196854,0.7373149,0.68595135,0.5150027,0.33879247,0.350713,0.20331872,0.26104292,0.18497263,0.7102776,0.6547479,0.29883218,0.3916836,0.550907
1280,0.8141672,0.7784448,0.79469335,0.5433029,0.83493197,0.3960895,0.5365137,0.25528404,0.5263507,0.15430382,0.39503002,0.40782112,0.27676758,0.50802004,0.4653081,0.79454315,0.7005434,0.5919725,0.41336375,0.5183466,0.37581268,0.34707853,0.75003994,0.64125174,0.62706405,0.34022012,0.36484742,0.24050367,0.2817902,0.27435836,0.71687317,0.65646684,0.29543614,0.345297,0.53695077
1281,0.7625547,0.8331491,0.7397946,0.36168605,0.85472184,0.28077057,0.51844406,0.26444894,0.44415703,0.16544506,0.5540546,0.34229344,0.31955576,0.58932394,0.40758198,0.77494687,0.7945681,0.5314868,0.42557222,0.46060735,0.32857138,0.25598717,0.79819906,0.68272376,0.7733153,0.36128527,0.2739685,0.28004608,0.2609004,0.4640324,0.74939483,0.67635804,0.30763185,0.30373925,0.5228822
1282,0.6739023,0.7030155,0.64902884,0.29447705,0.59572023,0.90182847,0.43959966,0.20007296,0.9627169,0.72266304,0.13990784,0.76666105,0.12639393,0.50681126,0.906948,0.9872424,0.30302152,0.46699834,0.21605119,0.51379734,0.12525249,0.10324997,0.6366661,0.39699808,0.4081778,0.29775637,0.9391611,0.44464883,0.4068163,0.04362706,0.5537869,0.637454,0.2695442,0.2431179,0.5819374
1283,0.803878,0.7925197,0.7905182,0.52037317,0.8415144,0.37862003,0.54322964,0.25934997,0.5051769,0.1488494,0.41604155,0.4037404,0.27997068,0.5141483,0.45454615,0.79188085,0.7172007,0.58933145,0.4200061,0.52967066,0.3777359,0.33845386,0.75892234,0.63846534,0.65585274,0.3420282,0.34261546,0.23905405,0.2903503,0.27692765,0.727181,0.66369104,0.29971534,0.34161144,0.5395389
1284,0.80550224,0.77554816,0.78760576,0.5364205,0.8273119,0.39591372,0.53382194,0.26333398,0.52609074,0.1640056,0.4157591,0.40503693,0.28766555,0.51286566,0.4570206,0.7832109,0.70051765,0.5896626,0.4084881,0.5156317,0.37618974,0.33756655,0.746425,0.6473383,0.64295894,0.3485723,0.35685515,0.25158712,0.27927852,0.29754895,0.71075004,0.65271914,0.29752797,0.3517205,0.5337571
1285,0.7157667,0.85634977,0.7653607,0.4397648,0.9363661,0.24464414,0.65633315,0.25107443,0.3005824,0.19172142,0.26814562,0.45404348,0.20769079,0.4453152,0.49301654,0.8167432,0.69091165,0.6145557,0.5632,0.731077,0.5182902,0.45060816,0.8182087,0.50665224,0.42291442,0.27449998,0.30520692,0.17232817,0.51363873,0.11969149,0.8047689,0.72734576,0.33950216,0.3112412,0.6189357
1286,0.58379614,0.7829875,0.59666026,0.2587238,0.7316,0.27462924,0.5378827,0.36688384,0.3750842,0.3040107,0.5607554,0.38560706,0.39578938,0.5806416,0.43533626,0.6415838,0.7611507,0.48268098,0.5177833,0.4978887,0.3979167,0.3460494,0.7367017,0.6034889,0.7019392,0.43386936,0.3121845,0.3613913,0.37881374,0.5577074,0.6819544,0.64418036,0.42270297,0.3382717,0.54257476
1287,0.8289194,0.8683566,0.86280644,0.494867,0.8612852,0.28452033,0.61906976,0.19576304,0.31571525,0.1325897,0.22125769,0.49405107,0.15516433,0.5190164,0.47678393,0.81735116,0.6756288,0.72993195,0.48893204,0.7623607,0.38064155,0.2454206,0.8383198,0.65773785,0.4952344,0.30720246,0.235352,0.17201164,0.40273577,0.07268892,0.8142468,0.7712587,0.32231015,0.40018225,0.6764339
1288,0.7546167,0.83707,0.737066,0.3559897,0.8503388,0.2744419,0.5215669,0.26851508,0.43443888,0.16785166,0.5598403,0.34065166,0.32194653,0.5905794,0.4026119,0.7683899,0.8022401,0.53328353,0.43121785,0.46792117,0.3342374,0.25500926,0.8002459,0.6864942,0.7825632,0.3664092,0.2618968,0.28170848,0.26377052,0.46906668,0.75072944,0.6777547,0.31309807,0.30504018,0.5251409
1289,0.82662857,0.7884479,0.813207,0.55232847,0.85545635,0.33412483,0.5334538,0.24440637,0.4711062,0.12134588,0.37653527,0.35681635,0.27429757,0.5201701,0.41745216,0.776687,0.74085104,0.61995184,0.44459134,0.5073479,0.387707,0.34777915,0.77011186,0.69705236,0.6270576,0.35302022,0.29531306,0.2324417,0.25855488,0.31701738,0.7313017,0.66523623,0.31364194,0.3565069,0.5386019
1290,0.6738668,0.81909496,0.7332228,0.31783262,0.76103276,0.44705772,0.5803421,0.22718537,0.5240346,0.31957382,0.23102108,0.5743813,0.1733326,0.52781034,0.6806493,0.8824474,0.5525641,0.6044239,0.46603853,0.7192952,0.31470528,0.21378484,0.78058517,0.5264324,0.4507072,0.30186865,0.41463265,0.2737785,0.5662959,0.08380419,0.72930276,0.7298926,0.397076,0.3585127,0.6482342
1291,0.82664806,0.7944032,0.8089821,0.5376159,0.8504833,0.35926947,0.5359823,0.2485249,0.49167913,0.13309172,0.4090723,0.38030627,0.2767138,0.5231894,0.42967135,0.78759396,0.7312778,0.60810953,0.42206392,0.5163177,0.3744038,0.32644758,0.76769,0.67851603,0.6593141,0.3487107,0.31303984,0.23537794,0.26420122,0.30133805,0.73231816,0.6668711,0.29668495,0.35012585,0.5387002
1292,0.6405225,0.82520723,0.70473105,0.37809846,0.86941355,0.27188885,0.62512976,0.28765684,0.3217001,0.22190389,0.32376945,0.46918267,0.24834755,0.479211,0.5003728,0.75527555,0.6906675,0.5718354,0.56491673,0.6864852,0.4711968,0.42071643,0.78918886,0.50333154,0.4676118,0.31816286,0.318085,0.24370089,0.5430601,0.18365029,0.7657089,0.70920277,0.39320058,0.34219107,0.61255187
1293,0.8460665,0.7760293,0.82839286,0.59181863,0.84576386,0.36117274,0.54244894,0.25153112,0.48191267,0.11825633,0.35777456,0.38141483,0.27381986,0.5079855,0.4231326,0.768832,0.7150871,0.6333782,0.43528944,0.528341,0.39775926,0.355534,0.75583065,0.69085056,0.6087557,0.35497135,0.30929455,0.23121217,0.2664482,0.28372627,0.72321737,0.66227174,0.30644828,0.3730326,0.54585284
1294,0.65970564,0.84594905,0.736568,0.36344734,0.9002678,0.32191238,0.63868654,0.23430407,0.39870936,0.28596872,0.26744255,0.51893723,0.17904545,0.45910183,0.61837447,0.86236465,0.6179457,0.58785915,0.5277392,0.76135737,0.46027365,0.34637517,0.8114785,0.46317083,0.35293806,0.25180164,0.3623818,0.20854704,0.59133315,0.083545536,0.7823695,0.73318005,0.35165554,0.31332478,0.6380777
1295,0.7402084,0.7854146,0.75000644,0.5106431,0.849387,0.3092869,0.5940358,0.29563838,0.3649189,0.16881096,0.31347823,0.43809843,0.2826899,0.47771722,0.45626774,0.731365,0.6968575,0.60463893,0.52764434,0.60804266,0.46914586,0.4537793,0.7529985,0.57490593,0.515069,0.34756586,0.33196288,0.2518204,0.4383747,0.2317532,0.7379419,0.6778198,0.37537327,0.3732958,0.5845939
1296,0.87025726,0.78564614,0.8533424,0.6253687,0.8631691,0.3414368,0.5423483,0.23003216,0.46436876,0.09296751,0.32270026,0.36078408,0.25500542,0.5058994,0.40520477,0.77732366,0.7303332,0.6624193,0.44016033,0.5289129,0.39888597,0.35416093,0.77188855,0.7261654,0.59433544,0.35017818,0.2789598,0.20967665,0.24017057,0.26751474,0.74009717,0.6730126,0.2993508,0.3753834,0.54983824
1297,0.72445,0.8616522,0.70243096,0.25890335,0.86378497,0.21364872,0.50641143,0.26450735,0.38811958,0.17305005,0.6267644,0.30363065,0.34120768,0.6330136,0.37999573,0.75909674,0.84463996,0.49406952,0.43875074,0.42397523,0.29952824,0.21386488,0.82393473,0.7030319,0.8363205,0.37148374,0.2306974,0.29830623,0.24514835,0.57272834,0.766165,0.68683654,0.3193794,0.27500823,0.5150175
1298,0.8265626,0.7879569,0.8111664,0.552526,0.8518162,0.34972352,0.53399503,0.24604198,0.4854905,0.12941638,0.38919124,0.36823854,0.27519304,0.5186909,0.42474967,0.78182155,0.7314867,0.6140495,0.43093076,0.50976,0.38107172,0.338525,0.76661634,0.6900928,0.6340641,0.34843153,0.30592996,0.23440178,0.2583304,0.3097545,0.72954094,0.6645049,0.30196875,0.3542859,0.53708833
1299,0.65500605,0.82770014,0.6495062,0.26859504,0.8188391,0.26691112,0.53590107,0.32542056,0.4081505,0.23585764,0.6032125,0.36684784,0.36752814,0.58867735,0.42758185,0.73184025,0.794675,0.4781707,0.4676215,0.47977352,0.35572496,0.2956783,0.77959865,0.5986451,0.79677427,0.38548905,0.29505786,0.32614294,0.35192174,0.5166441,0.72871,0.6617736,0.36541903,0.30253214,0.52814263
1300,0.5799875,0.7863692,0.61311835,0.30763745,0.7848139,0.24887887,0.5769807,0.37073684,0.32303533,0.2523176,0.4797688,0.41055495,0.3770771,0.5371576,0.4238836,0.62887585,0.7601584,0.5076994,0.5591135,0.55076694,0.44434595,0.43189567,0.7396797,0.550769,0.64342844,0.41808328,0.3078421,0.33167142,0.4459226,0.45355016,0.7030624,0.65316683,0.4340611,0.3534935,0.5600779
1301,0.77501,0.8131641,0.7569544,0.42154726,0.84605026,0.33913422,0.5268494,0.26279292,0.49284038,0.16923875,0.49809963,0.37453815,0.299343,0.5548831,0.43368334,0.7927097,0.7585599,0.5513795,0.41560784,0.48899737,0.34630558,0.28831485,0.7791107,0.6577686,0.72825116,0.35409355,0.31400365,0.26232263,0.2761562,0.38417706,0.73433465,0.6658216,0.3022117,0.31794542,0.52641183
1302,0.61398447,0.85418284,0.61762536,0.17088255,0.79143834,0.17328502,0.5156776,0.33170432,0.31178474,0.22275755,0.68178517,0.30326456,0.40166607,0.64836764,0.36406595,0.65751255,0.87027407,0.4574689,0.5022202,0.439046,0.34279415,0.25054675,0.8069008,0.67303973,0.8552562,0.41590896,0.21324626,0.34968084,0.29867655,0.67807853,0.73976773,0.6734148,0.38470644,0.29336146,0.5243888
1303,0.73420167,0.81567085,0.72046393,0.35738665,0.8279495,0.31326067,0.52230465,0.28782505,0.46484295,0.19542137,0.5641455,0.36394402,0.33333552,0.5767562,0.4193476,0.75998724,0.77492154,0.5242572,0.42802224,0.47693086,0.34253272,0.2674763,0.77627593,0.65656257,0.7768342,0.3737056,0.29490283,0.29603335,0.28815264,0.45677823,0.7257091,0.661382,0.32204095,0.31931615,0.52268517
1304,0.81281805,0.78451216,0.8165909,0.61578506,0.8963245,0.30543932,0.60763764,0.25404364,0.36605957,0.16540882,0.24411556,0.43408138,0.24167661,0.43691248,0.47426516,0.76069796,0.6647178,0.6555803,0.5185186,0.6386992,0.50924695,0.48177615,0.76952827,0.6034708,0.39414826,0.30406886,0.32611924,0.20845857,0.408924,0.13921812,0.76124096,0.69065094,0.3266607,0.3825699,0.59719193
1305,0.81433153,0.8042084,0.7995468,0.51352954,0.85881615,0.34082952,0.542673,0.25299874,0.46671224,0.1356853,0.4236707,0.38356203,0.28336075,0.52549183,0.42930374,0.7807087,0.7380141,0.59648764,0.43238196,0.51790774,0.3779759,0.33258548,0.77272236,0.66760236,0.6639622,0.34421957,0.30757093,0.2408526,0.2794959,0.30927148,0.74065405,0.6728551,0.30024818,0.34261185,0.54152787
1306,0.6298844,0.8280595,0.68234694,0.39450955,0.92325485,0.30132586,0.6398939,0.2863863,0.41574112,0.311127,0.3659844,0.47195068,0.24413426,0.4359313,0.5651118,0.8328291,0.64945716,0.53143126,0.5219624,0.7047078,0.5195879,0.44915962,0.7823367,0.44274822,0.39631075,0.2633875,0.38380805,0.21833286,0.5292591,0.14953396,0.7635247,0.6896752,0.33228832,0.28598022,0.5860321
1307,0.72025377,0.73602796,0.68406415,0.33376282,0.66583073,0.87363994,0.44253603,0.19208294,0.95386237,0.6127017,0.17022857,0.7308218,0.13318221,0.5026142,0.87426615,0.98310167,0.4077077,0.45718902,0.20007534,0.47056198,0.12993458,0.124041334,0.6735381,0.38669723,0.48881912,0.2746097,0.9316479,0.39239472,0.32702145,0.05713349,0.5951708,0.6329623,0.22002728,0.21472843,0.54483694
1308,0.766427,0.78492004,0.7492553,0.45903668,0.81695926,0.35290042,0.5340234,0.28864706,0.48207217,0.18356755,0.47913066,0.390968,0.31960514,0.5392543,0.438675,0.7569011,0.72757834,0.5613165,0.42915875,0.5052024,0.3742916,0.32041627,0.75105673,0.6434866,0.6910958,0.36886102,0.3280205,0.28205472,0.30032906,0.37532097,0.7116059,0.65412563,0.3236777,0.34854847,0.5340091
1309,0.81017715,0.79596055,0.7957531,0.5189383,0.8487466,0.3479188,0.54534215,0.26329497,0.46801263,0.13837324,0.419545,0.38717264,0.28758463,0.5222855,0.4288578,0.77650964,0.73487425,0.59690773,0.43600735,0.5238703,0.38499576,0.34193355,0.76390505,0.659173,0.66251516,0.35314727,0.3113879,0.2435524,0.28790095,0.31077093,0.73084503,0.6667864,0.31153977,0.34988472,0.5420543
1310,0.8298361,0.7832932,0.81513214,0.5597512,0.84622926,0.36163333,0.53681743,0.2500294,0.49615604,0.12931779,0.380995,0.37726372,0.27335843,0.5142819,0.42813525,0.7830738,0.7260676,0.61885417,0.42805248,0.5174082,0.3866406,0.34306315,0.7624443,0.68498856,0.6339475,0.35346264,0.3102119,0.23350647,0.26462463,0.29657203,0.7252814,0.6616435,0.3050971,0.35998806,0.5387716
1311,0.76904476,0.83431435,0.7844727,0.46671858,0.8878471,0.23897405,0.6202792,0.27591208,0.2544707,0.106307626,0.29491153,0.4192896,0.2588098,0.49325162,0.40466174,0.7281996,0.7531244,0.64142406,0.5772081,0.65900546,0.46931037,0.43249875,0.79778653,0.5899027,0.5607933,0.36298385,0.2494967,0.20391294,0.45803928,0.21310535,0.78414243,0.7156358,0.38705727,0.36391094,0.6126609
1312,0.85780656,0.7867429,0.84079635,0.5958549,0.8612348,0.3471775,0.5422175,0.23981889,0.47088036,0.10269473,0.35373688,0.36851993,0.26517108,0.5119135,0.41189796,0.7771169,0.7298021,0.6412981,0.43764168,0.5251033,0.39341816,0.35075694,0.76740354,0.7052395,0.6159654,0.35100958,0.29189453,0.21990745,0.2538076,0.28294596,0.73472995,0.66957986,0.3016901,0.36768618,0.5460801
1313,0.8522053,0.76711357,0.84300584,0.64023006,0.85208786,0.37706593,0.55110955,0.24535802,0.48825306,0.11077313,0.3041077,0.39132363,0.25589585,0.4787778,0.43809715,0.781628,0.6980708,0.654688,0.44834962,0.54862636,0.42162818,0.39663428,0.74912155,0.67492735,0.55759573,0.34360394,0.32467937,0.2133613,0.28319463,0.2176908,0.72252697,0.66172117,0.31209952,0.38127726,0.55163217
1314,0.8339154,0.8010066,0.81657934,0.53509265,0.85412836,0.3489259,0.5384859,0.24924712,0.47888613,0.12570605,0.4204115,0.37701076,0.28013524,0.52882636,0.41693273,0.77952784,0.74040353,0.61329013,0.42292285,0.5173634,0.37176532,0.31163743,0.7716692,0.6930942,0.67773974,0.35280186,0.2953592,0.23688889,0.25604647,0.3122514,0.7363298,0.67139316,0.29401836,0.35228047,0.5412959
1315,0.8640048,0.745076,0.8459198,0.6720304,0.8378164,0.4730781,0.5350587,0.2260485,0.6045284,0.13861631,0.23966594,0.44297916,0.21942866,0.4544882,0.518581,0.8322197,0.6474994,0.63647807,0.40030122,0.5324031,0.39082566,0.39103764,0.7239605,0.6249491,0.48076162,0.31066135,0.46592793,0.20757468,0.26577643,0.15416375,0.6958805,0.6458072,0.2803431,0.3512889,0.5417928
1316,0.72488874,0.863126,0.70117,0.24906716,0.8670641,0.21401398,0.50600463,0.26434404,0.39126116,0.17202553,0.635072,0.3041723,0.34172228,0.63573325,0.38268864,0.7648899,0.8447855,0.48673517,0.43804964,0.42067719,0.29544815,0.21182294,0.8246571,0.69711226,0.8404762,0.36928686,0.23472086,0.29796007,0.24815321,0.57532716,0.7675189,0.6873281,0.31862897,0.2694755,0.5133783
1317,0.54900247,0.82177746,0.5991319,0.16777435,0.67654264,0.14161004,0.54384804,0.38717747,0.21527474,0.19861378,0.5775775,0.33816558,0.4044066,0.6195715,0.3187396,0.5024517,0.8852785,0.5006651,0.6274193,0.5018641,0.4186434,0.3894126,0.78969496,0.6963917,0.73862994,0.5254003,0.19784036,0.3292889,0.35498753,0.6909691,0.72119915,0.6798545,0.46980157,0.35130063,0.5637771
1318,0.86894834,0.744736,0.85819256,0.7098877,0.8614667,0.35886323,0.56725585,0.23941112,0.4380467,0.103065275,0.19432798,0.4045288,0.23116712,0.44280267,0.45408043,0.76377034,0.6553486,0.69152224,0.49767965,0.5874548,0.48302785,0.47105303,0.74407375,0.6642858,0.4119858,0.325087,0.34200615,0.1990305,0.3350951,0.14322327,0.72790575,0.666874,0.33145618,0.40840942,0.5778378
1319,0.6659068,0.80833274,0.69139177,0.37613028,0.82093,0.31727734,0.5914091,0.298607,0.3669836,0.22998066,0.34363952,0.45571548,0.2774714,0.50961244,0.48822847,0.75163186,0.70163786,0.56200165,0.53233236,0.6166026,0.41984192,0.39200777,0.76822174,0.5375825,0.5672487,0.35575637,0.3459478,0.27688727,0.48625726,0.2557451,0.7380622,0.690009,0.40371886,0.34049073,0.591454
1320,0.7081755,0.8706242,0.68080986,0.21564308,0.86370456,0.26542294,0.5062966,0.2642568,0.4657827,0.20573449,0.65514946,0.3407357,0.3296738,0.62701476,0.43467695,0.81392276,0.83043194,0.4577517,0.40713534,0.42946702,0.28024858,0.20322363,0.82349414,0.6410479,0.8624668,0.349787,0.29677576,0.2954151,0.27057838,0.52546215,0.7668265,0.6828855,0.29851064,0.24208012,0.50682765
1321,0.88851756,0.75166154,0.8769024,0.7297425,0.8711418,0.33665362,0.57392436,0.23544686,0.40303054,0.09073961,0.20310633,0.3954486,0.23732507,0.44360462,0.4303767,0.7442421,0.6725826,0.7086423,0.4989944,0.5799719,0.48639393,0.47861066,0.75268203,0.69113076,0.42494497,0.32787055,0.30698293,0.19965066,0.3153886,0.1489738,0.741035,0.67637736,0.3214305,0.42251095,0.58389616
1322,0.77821606,0.78403324,0.75962055,0.48549622,0.8240339,0.39029294,0.53404635,0.26791742,0.52446043,0.18525697,0.4092254,0.41239128,0.2849303,0.52023315,0.47838846,0.7907001,0.7120335,0.56282157,0.41858816,0.509315,0.3680753,0.34172395,0.7515477,0.6141621,0.641809,0.34343505,0.388177,0.26084486,0.3019873,0.3074576,0.71369034,0.6533101,0.31295413,0.32872543,0.5336696
1323,0.6380084,0.8459681,0.717321,0.4094103,0.9516139,0.2653066,0.66726077,0.25788945,0.36093011,0.2946303,0.30372506,0.4882596,0.2042485,0.40662003,0.58198535,0.8540389,0.62994707,0.55849576,0.54567635,0.7689483,0.56049556,0.46148163,0.8103894,0.41779032,0.28642082,0.22101898,0.3741842,0.18202972,0.5793967,0.084284164,0.79338515,0.71656924,0.31789392,0.28460807,0.6156683
1324,0.6795548,0.8434537,0.6605966,0.22849134,0.83179057,0.25616398,0.5100514,0.30005702,0.43304116,0.22800037,0.6560191,0.3383904,0.36332598,0.6221676,0.41122922,0.7561978,0.8196298,0.46660757,0.43311185,0.4349509,0.30986857,0.22653468,0.79851246,0.64642876,0.85336095,0.3820513,0.27831337,0.3284593,0.2938812,0.57198125,0.7373312,0.66650224,0.33541188,0.2820414,0.5116936
1325,0.9203266,0.74488944,0.907773,0.7830254,0.87996495,0.34164557,0.5643256,0.21343748,0.41600376,0.06411202,0.15801015,0.37612557,0.21719249,0.4354073,0.42531592,0.7581887,0.6680783,0.7411565,0.50016993,0.5740609,0.48789564,0.4838089,0.7575311,0.72395486,0.39960578,0.32527593,0.2998033,0.17617114,0.2850029,0.121584214,0.7441412,0.67660797,0.31527117,0.4312591,0.5837491
1326,0.81146336,0.7987095,0.79925597,0.51110786,0.841918,0.3306045,0.5382539,0.26090026,0.45492592,0.13379334,0.42973128,0.36848885,0.2918962,0.53611314,0.40766248,0.7598811,0.7490722,0.6054357,0.43831548,0.5158514,0.3787829,0.31530094,0.7713234,0.6954271,0.67755115,0.3642575,0.28223497,0.24862833,0.26403666,0.34474903,0.7323864,0.66910374,0.31063825,0.3557918,0.54190844
1327,0.7418721,0.8282132,0.72463435,0.3544333,0.84053457,0.3069764,0.522508,0.2766751,0.463665,0.18461223,0.5610178,0.36301106,0.3234998,0.5785614,0.4251887,0.7796286,0.782648,0.5220996,0.42118478,0.47349873,0.33315247,0.2655212,0.7867883,0.65075505,0.78213096,0.36230606,0.29718363,0.28416187,0.2826277,0.4421131,0.73938984,0.6694358,0.31297112,0.30432025,0.52190226
1328,0.6473655,0.85361254,0.6311304,0.17949197,0.8239587,0.20328875,0.50641775,0.30983642,0.37217364,0.23508525,0.6826068,0.31514043,0.38798144,0.6436206,0.39280882,0.71488553,0.84613144,0.45030624,0.45803118,0.41735965,0.30570608,0.21881089,0.80565965,0.6584505,0.87006027,0.39440393,0.25028723,0.3474527,0.28847954,0.6436617,0.7411547,0.6714219,0.35558507,0.27527902,0.51299334
1329,0.8448887,0.7802321,0.8347939,0.6133313,0.8626192,0.36724073,0.550159,0.23898923,0.490132,0.114029124,0.31142503,0.38838044,0.2512052,0.48582572,0.44075823,0.7933062,0.7111224,0.6441087,0.44661456,0.5422836,0.4116652,0.38730288,0.76060104,0.6726325,0.5695783,0.3371693,0.32485086,0.21134627,0.2837738,0.22798383,0.7321001,0.6662713,0.30655,0.36580157,0.55003417
1330,0.6668255,0.87383044,0.6502509,0.17262529,0.8535961,0.19244537,0.5150734,0.2968717,0.35988083,0.20540193,0.6899769,0.30903593,0.37279192,0.6471286,0.38736266,0.73996675,0.86303025,0.4517909,0.46376854,0.42384672,0.3016808,0.2154012,0.82509595,0.6576897,0.8855871,0.38455,0.23218322,0.32269397,0.28914195,0.6241481,0.7649585,0.68453896,0.34727842,0.25860634,0.5156301
1331,0.84737986,0.7597091,0.8355671,0.6384977,0.84384346,0.38872176,0.5566476,0.25337934,0.4890833,0.12156699,0.29337937,0.41319624,0.25917816,0.47145978,0.45551044,0.7747607,0.68058586,0.6459457,0.45254645,0.5555159,0.42819566,0.41024595,0.73848844,0.65193033,0.53245956,0.34132385,0.35368627,0.22090974,0.3052616,0.20693679,0.7156642,0.6589812,0.31523147,0.38174862,0.55675215
1332,0.76655036,0.80599535,0.74757177,0.42434335,0.83809984,0.31761026,0.5331634,0.2789126,0.45179373,0.16987145,0.49942923,0.37104756,0.3202171,0.5551423,0.42597827,0.7619912,0.756107,0.5514916,0.4406247,0.49208727,0.3618245,0.30684346,0.76906043,0.65342236,0.71651715,0.36512667,0.30633023,0.27643815,0.2920402,0.40250716,0.72947204,0.6647913,0.3234591,0.3300055,0.53347933
1333,0.67102087,0.8486411,0.6512597,0.22108392,0.8305575,0.2560189,0.51757354,0.30282107,0.43083486,0.23633091,0.6476162,0.35019842,0.36039814,0.6168041,0.4308191,0.7651936,0.81633234,0.4601718,0.44030792,0.44803753,0.31473175,0.2376411,0.80024165,0.62444293,0.84423935,0.37664333,0.29009455,0.32563528,0.31267154,0.5502278,0.7430099,0.67049783,0.33897257,0.2719996,0.51715136
1334,0.71205705,0.8317402,0.6890017,0.30406457,0.83209026,0.29171842,0.51601386,0.2845715,0.45998782,0.21022053,0.5745822,0.3594584,0.3363897,0.5920062,0.4370617,0.7758282,0.7909475,0.49314547,0.42793474,0.4540723,0.32091695,0.2623999,0.78902406,0.6374526,0.7888225,0.3651297,0.30910406,0.3051687,0.2918429,0.48597375,0.736482,0.6664024,0.32561973,0.287791,0.51808
1335,0.7249661,0.86049163,0.7001546,0.25320724,0.8598118,0.24730213,0.506443,0.2684998,0.43356657,0.18802348,0.6460702,0.32461238,0.3387161,0.62717974,0.40043384,0.7829786,0.8320505,0.4847684,0.4171053,0.4295929,0.29450455,0.20618613,0.8186013,0.68098,0.8540581,0.36416793,0.25711986,0.30165195,0.25625202,0.54594195,0.7618872,0.6823759,0.30633554,0.27128482,0.5110692
1336,0.5795072,0.69313496,0.59900135,0.28533265,0.42882815,0.7875217,0.47844833,0.2631606,0.8575686,0.6690861,0.17665055,0.7032486,0.19641101,0.53168976,0.84943455,0.94406873,0.35012883,0.4861076,0.3044191,0.5514542,0.18061867,0.15811336,0.6568068,0.47536746,0.42719835,0.34213537,0.7826589,0.48439208,0.53088546,0.10440551,0.5654315,0.66403145,0.40946788,0.32339907,0.6075866
1337,0.7011922,0.8193099,0.6831202,0.304547,0.81946164,0.28138143,0.5169823,0.29939884,0.4387651,0.21807118,0.5974518,0.3528327,0.35509843,0.59446585,0.4205327,0.7458344,0.7858778,0.49510637,0.43724808,0.45521775,0.3347428,0.2641929,0.77788615,0.64595664,0.78845704,0.37812194,0.2944569,0.31821743,0.2975976,0.51450974,0.7267797,0.6614041,0.33665198,0.30540407,0.5189599
1338,0.845266,0.7769124,0.82871616,0.59418434,0.85310113,0.36930063,0.5402184,0.24400608,0.49753547,0.11798364,0.34844226,0.3805756,0.26493967,0.5003973,0.43681884,0.7880285,0.7136617,0.6306421,0.43716383,0.5245092,0.3969932,0.36452296,0.75692886,0.6796124,0.5983664,0.3453504,0.32460973,0.22252686,0.26856983,0.26480657,0.7243374,0.6616135,0.30449852,0.364164,0.5429524
1339,0.86048096,0.7587489,0.84790885,0.65285695,0.8478303,0.389482,0.541654,0.23754516,0.5116248,0.108759426,0.28962612,0.3872196,0.2517857,0.4777534,0.44652492,0.7865702,0.691548,0.6550226,0.4397471,0.53354925,0.4134264,0.39488554,0.7461609,0.6800371,0.54482806,0.34213096,0.34090152,0.21018128,0.26685566,0.21991313,0.7155021,0.6560332,0.30728668,0.37983924,0.5465859
1340,0.86520356,0.7885364,0.85064965,0.6166973,0.8695221,0.3577615,0.53263766,0.21719651,0.50493276,0.09985081,0.3250087,0.3576092,0.24147937,0.5015792,0.4245867,0.8096635,0.73027337,0.6553455,0.4279169,0.5160254,0.38672572,0.34713292,0.7763569,0.7188331,0.59380543,0.33688736,0.29901353,0.20226991,0.23123877,0.25370604,0.7405903,0.6708832,0.28969416,0.359336,0.5408904
1341,0.67312855,0.85763466,0.6518564,0.19662668,0.84100115,0.2295976,0.50967014,0.2984882,0.408969,0.22339551,0.6742927,0.3270567,0.3686434,0.6350241,0.4051593,0.7541291,0.8383123,0.45628008,0.441784,0.4262053,0.30149204,0.21637778,0.81030643,0.64865136,0.87265366,0.38291115,0.26434565,0.3288092,0.29141736,0.5983254,0.7483724,0.6734281,0.33834115,0.2692572,0.5121315
1342,0.85455954,0.7688576,0.8391738,0.6260751,0.84504735,0.3701908,0.5416175,0.24446444,0.4944036,0.11464963,0.3199044,0.38069242,0.2621676,0.49500093,0.42907968,0.77505606,0.7077527,0.6503974,0.43581945,0.530599,0.4053615,0.36811167,0.7529427,0.6972181,0.5792324,0.3511591,0.31612203,0.22353749,0.2596938,0.25870746,0.7197626,0.6600827,0.30670944,0.37851816,0.5468903
1343,0.7297169,0.84415543,0.78231853,0.39866263,0.8741902,0.30714923,0.617046,0.23476712,0.3573049,0.19468296,0.25966403,0.49866208,0.19164762,0.4988722,0.5527545,0.8263478,0.65411687,0.6408758,0.5199658,0.7372407,0.40994936,0.30316633,0.8073902,0.54667896,0.45929012,0.3007855,0.30065066,0.20557785,0.5125577,0.103755936,0.7816948,0.73713166,0.3669791,0.35754132,0.6425988
1344,0.71371174,0.83816636,0.69903886,0.30151674,0.8450025,0.261857,0.52639973,0.29039365,0.4146207,0.18840735,0.5867631,0.34523064,0.34382823,0.5968532,0.40882477,0.7552398,0.8068205,0.50347614,0.45175537,0.46546155,0.33568007,0.26597634,0.7953585,0.6476916,0.80042994,0.3759641,0.27222902,0.29799563,0.2998712,0.5039171,0.7448618,0.67283833,0.33823368,0.2972463,0.5249443
1345,0.7813472,0.7836919,0.7636888,0.47526258,0.82014894,0.32869682,0.53379464,0.28218177,0.45578584,0.16625263,0.45308718,0.37429765,0.3160554,0.5427908,0.42113727,0.7424309,0.73546684,0.5788737,0.44325122,0.50346744,0.37935516,0.3209992,0.7558758,0.6708875,0.6731106,0.3752745,0.30504355,0.27712578,0.28873858,0.38769498,0.7152325,0.65797555,0.33136755,0.3564383,0.5389182
1346,0.7846196,0.7914991,0.76985735,0.48197132,0.82940847,0.31595403,0.5334358,0.27438602,0.44641486,0.15370105,0.43933648,0.36195707,0.3095192,0.541695,0.41302967,0.7438632,0.7518053,0.58695465,0.45097232,0.5012239,0.38254195,0.32758525,0.7646523,0.6834348,0.67185557,0.3717919,0.29144797,0.26788467,0.27773076,0.38518173,0.7224583,0.66103715,0.32972232,0.35435578,0.5387244
1347,0.691172,0.87937105,0.66532093,0.16579492,0.865065,0.20710735,0.501017,0.27632415,0.40511742,0.20112431,0.7044029,0.30574003,0.35615882,0.6566906,0.39056534,0.7785075,0.8642868,0.4488194,0.42966193,0.40725937,0.2758446,0.18162063,0.8339542,0.67412275,0.90395033,0.37257224,0.24081723,0.31640005,0.26391116,0.6195015,0.7699596,0.6865048,0.31885368,0.24771297,0.5057293
1348,0.8696987,0.7817426,0.85313576,0.6259017,0.8613244,0.35081124,0.5438676,0.23370454,0.47431332,0.09500748,0.32199383,0.36759505,0.2552818,0.5026954,0.41030592,0.77908695,0.7246546,0.6594176,0.4385818,0.5320593,0.4004423,0.35793495,0.76686555,0.71677816,0.5928355,0.3509531,0.2884249,0.21059541,0.24663725,0.26237023,0.73460877,0.66948605,0.30033517,0.37580746,0.54940784
1349,0.74071413,0.7546634,0.73557395,0.47947174,0.73712814,0.5332442,0.53714234,0.24714021,0.60056317,0.33468825,0.22273979,0.5461716,0.21394011,0.48236632,0.62857115,0.83220357,0.56833494,0.5678241,0.40165514,0.56421983,0.34163085,0.32975274,0.7260707,0.5369257,0.4541831,0.31269115,0.55517477,0.3061055,0.41265163,0.13630565,0.68444335,0.6681962,0.33531183,0.32943743,0.5782084
1350,0.7926403,0.80278385,0.7772628,0.46631527,0.8382932,0.3294435,0.5321081,0.26794586,0.46399623,0.15282227,0.4730062,0.36887923,0.3031426,0.5495147,0.41314405,0.76450175,0.7530897,0.57957745,0.4272254,0.5024047,0.36519796,0.29783726,0.77272105,0.6831484,0.7076761,0.36548704,0.28744173,0.26375872,0.2705087,0.37701792,0.730978,0.6665343,0.31142485,0.3441009,0.5341357
1351,0.6427002,0.8600885,0.6291194,0.16822937,0.82189035,0.18673305,0.504671,0.3092932,0.35340983,0.22840261,0.69740236,0.30331385,0.39010495,0.65301293,0.3811518,0.70614827,0.86084557,0.44784388,0.46045953,0.41390258,0.30722222,0.215314,0.8133472,0.672023,0.8756772,0.39439005,0.2303901,0.34810704,0.27975056,0.664479,0.7478573,0.67543983,0.35553804,0.27345914,0.5119031
1352,0.8329729,0.75507176,0.82091236,0.6235774,0.8392786,0.37410957,0.5517377,0.25947353,0.47919306,0.1313518,0.30622134,0.39978766,0.26811442,0.4778648,0.44986218,0.76595163,0.6863873,0.6371272,0.45646062,0.5446253,0.43169212,0.41300806,0.7388866,0.6536891,0.532022,0.34511977,0.34400663,0.23110402,0.3059234,0.234863,0.7123414,0.6554821,0.324498,0.38413888,0.55299914
1353,0.7056556,0.8421485,0.7024029,0.32726163,0.8659338,0.26915684,0.5546535,0.28591695,0.41583186,0.20097692,0.53848255,0.37617803,0.31456003,0.56150466,0.44628716,0.78427446,0.78382826,0.5123058,0.46902958,0.5184657,0.3792841,0.31632876,0.797439,0.6024965,0.7301967,0.3469749,0.29469004,0.27521443,0.35719943,0.4015541,0.75923127,0.68129164,0.33555922,0.29156023,0.5411196
1354,0.7079428,0.8787506,0.78697896,0.44368568,0.9668125,0.2317162,0.68899643,0.21645007,0.31317925,0.23257604,0.25206065,0.48671103,0.1585198,0.40166885,0.5634872,0.8641103,0.6473373,0.61543256,0.5486253,0.80600137,0.5665496,0.4424099,0.8490599,0.458438,0.27212536,0.20196684,0.32508755,0.13927466,0.5485109,0.053644825,0.8354329,0.75202185,0.28220266,0.281619,0.64240646
1355,0.82343024,0.79984283,0.8085947,0.5250677,0.8557497,0.33465987,0.53501713,0.24880728,0.47021547,0.12701464,0.41439667,0.36178666,0.28056222,0.53023744,0.41218144,0.7789813,0.74948484,0.6108634,0.43626276,0.51061916,0.37663078,0.3221978,0.77505136,0.6963355,0.66855156,0.3550896,0.28664595,0.23762865,0.25947315,0.3275469,0.73655987,0.6692201,0.30645484,0.35121432,0.5381302
1356,0.82725906,0.7823268,0.8097704,0.5541887,0.8426366,0.36111578,0.53999597,0.25767174,0.48501945,0.13209644,0.39415088,0.3852842,0.28342962,0.51535237,0.43179426,0.7733658,0.71992445,0.61149716,0.43172923,0.5200719,0.38681978,0.34309304,0.7554938,0.67416364,0.63484704,0.3539322,0.31985053,0.24101421,0.2729615,0.30077517,0.7225005,0.6621142,0.3066062,0.35997695,0.54191756
1357,0.69982535,0.84544104,0.6870506,0.2580557,0.8364897,0.26044875,0.51058114,0.28726012,0.43038845,0.20155291,0.6388414,0.3338538,0.3492438,0.61652154,0.4014538,0.7567793,0.82177866,0.48410702,0.43162018,0.44366312,0.31361085,0.22844735,0.8024545,0.6660741,0.8419504,0.3768379,0.2635488,0.31083375,0.27531487,0.545608,0.7432992,0.67137134,0.32542843,0.2869181,0.512698
1358,0.82373476,0.78917944,0.8076059,0.54101694,0.8502859,0.34713927,0.53493154,0.24854374,0.4845047,0.12810831,0.39007977,0.36960813,0.2756477,0.52139264,0.4266255,0.7840804,0.73454475,0.6108367,0.4348658,0.51054907,0.38120884,0.3407768,0.76803887,0.6835578,0.6388364,0.35208106,0.3074866,0.23402873,0.2652988,0.31155258,0.7302998,0.66469544,0.3079127,0.3519985,0.5383064
1359,0.85304135,0.77445304,0.8369786,0.6117399,0.852668,0.37801582,0.5369368,0.2356803,0.51154315,0.11518743,0.3325924,0.38034683,0.2566914,0.49523562,0.4402481,0.7943772,0.70860994,0.6394418,0.42963713,0.5228745,0.3951111,0.36341053,0.7578739,0.687668,0.5861546,0.34177035,0.3282866,0.21612301,0.25754505,0.2519157,0.7243622,0.6613873,0.29763556,0.36557278,0.54201394
1360,0.6701209,0.86532557,0.6476246,0.17896733,0.8451006,0.21120758,0.5034299,0.29342452,0.39509416,0.2200505,0.69314253,0.31246823,0.3728068,0.6473303,0.39447033,0.7496174,0.8517008,0.44938025,0.439118,0.4122325,0.29178116,0.20132144,0.81858015,0.66532415,0.8863495,0.38036293,0.24834383,0.33361548,0.27552158,0.6255082,0.75550014,0.67733395,0.334657,0.26274318,0.5079235
1361,0.83039856,0.7963045,0.81538284,0.5429705,0.85306454,0.3310669,0.5389632,0.2505792,0.4544781,0.11949773,0.4016722,0.36266798,0.2821371,0.528001,0.4061904,0.7652832,0.74504864,0.62064195,0.44296318,0.5184573,0.384587,0.32904267,0.7724365,0.70264804,0.6552428,0.35915306,0.28061643,0.23580995,0.2597881,0.324407,0.73620427,0.6706662,0.3089904,0.36072066,0.5437983
1362,0.69258726,0.843239,0.67395246,0.23945947,0.83759975,0.26602155,0.5101313,0.29247218,0.44545418,0.21794991,0.6492502,0.3393565,0.35288748,0.61847407,0.40904647,0.76642394,0.81762064,0.47360358,0.42846304,0.44011268,0.30839404,0.22335884,0.7998358,0.6532782,0.85087264,0.37907726,0.27663475,0.31819567,0.28993565,0.5542784,0.739117,0.66715324,0.32763755,0.28347653,0.51107675
1363,0.7620149,0.8087217,0.7444706,0.409499,0.8370892,0.3388608,0.5235761,0.2707607,0.49232277,0.18251526,0.51397073,0.37627238,0.30986983,0.5598519,0.4363336,0.7822658,0.7545305,0.5415368,0.41614848,0.48064765,0.34167916,0.2807408,0.7734486,0.65308553,0.73134077,0.3577751,0.32457915,0.2758243,0.27754825,0.4063024,0.7269089,0.66253406,0.30498862,0.31775656,0.5251056
1364,0.83662605,0.7942317,0.82076454,0.5533242,0.8528196,0.38253817,0.53778756,0.24236438,0.51966065,0.13243343,0.39858383,0.39184767,0.26468354,0.5156845,0.44083348,0.800471,0.7220791,0.61278385,0.40504417,0.5240594,0.37110367,0.32171577,0.7677167,0.6747473,0.6577183,0.34047794,0.32445917,0.2269932,0.2584444,0.267727,0.7320778,0.6665864,0.28348738,0.34746128,0.5376423
1365,0.8594513,0.7481828,0.8481352,0.6784972,0.84733295,0.35995114,0.56727374,0.258655,0.43878236,0.10678651,0.24883285,0.4023687,0.26204458,0.46011883,0.435397,0.7460501,0.6772172,0.6716434,0.48586017,0.57092476,0.46503305,0.457446,0.73641217,0.66406643,0.48464775,0.34719226,0.3281047,0.21878186,0.32763475,0.19499402,0.71893466,0.66047853,0.33578983,0.41020602,0.5689605
1366,0.73507774,0.83026636,0.71363574,0.31601256,0.8414199,0.2718183,0.5177958,0.28136927,0.43034658,0.18414314,0.5859294,0.34226602,0.33688793,0.60033286,0.4022359,0.75790244,0.7990591,0.5113647,0.4363304,0.4579112,0.32657224,0.24855618,0.79299724,0.67372876,0.793018,0.37642437,0.27103752,0.29725078,0.28007966,0.50615233,0.7404678,0.6710223,0.32475966,0.30375227,0.52160656
1367,0.8451546,0.7519868,0.8327562,0.64572155,0.8399261,0.3748498,0.5576057,0.2609566,0.46849337,0.120572254,0.28906432,0.4010269,0.26965487,0.471785,0.44115528,0.75881696,0.68344826,0.6509215,0.4675127,0.5552495,0.44140047,0.4287161,0.73408914,0.6591762,0.52878,0.35063744,0.33809048,0.22562099,0.31270736,0.22019105,0.71166885,0.6548899,0.3292096,0.39555886,0.55753326
1368,0.7497401,0.81827486,0.7343165,0.3779249,0.832904,0.29211608,0.52510023,0.28234622,0.4332448,0.17494988,0.5449872,0.35316378,0.33107495,0.5784654,0.40513507,0.7470988,0.78132224,0.53904283,0.44007263,0.47926927,0.34846127,0.2734876,0.78104126,0.6756443,0.7598977,0.3742684,0.27609858,0.28846774,0.2774547,0.45740122,0.733658,0.6683118,0.32373795,0.3246016,0.52884173
1369,0.740231,0.813529,0.74945056,0.45776024,0.86280984,0.2576273,0.6017858,0.30075002,0.30114383,0.14205341,0.35269412,0.41349855,0.29711398,0.50014704,0.41581893,0.7099236,0.7467822,0.604366,0.5543013,0.6134239,0.46417055,0.43664247,0.77481925,0.58792067,0.58887726,0.36859894,0.2757535,0.24267907,0.4404772,0.27463317,0.7584566,0.6909417,0.38848686,0.36641285,0.58955395
1370,0.722989,0.84104806,0.7049953,0.29476577,0.8454546,0.26921916,0.5143877,0.27916938,0.43518767,0.19034639,0.6078702,0.3393328,0.33999458,0.6051583,0.40632087,0.7643512,0.8099762,0.50126505,0.42986122,0.44944444,0.31687772,0.23720601,0.7987129,0.66790426,0.82092845,0.371591,0.27192298,0.29975688,0.271286,0.5122851,0.74458635,0.67276,0.31961745,0.29232723,0.5171443
1371,0.8039831,0.7987714,0.7845384,0.48888373,0.8494547,0.31764516,0.53356105,0.261166,0.4531302,0.14253536,0.43958974,0.36270866,0.29882666,0.541659,0.41729942,0.7641593,0.74983704,0.58804333,0.4416144,0.4972852,0.37519175,0.32509333,0.7735181,0.6832904,0.67267686,0.3590919,0.29378423,0.25750163,0.27404338,0.3644177,0.73482645,0.66795045,0.31484988,0.345965,0.53805494
1372,0.8542927,0.7834989,0.8391364,0.60092795,0.8610136,0.36332703,0.5386952,0.23536953,0.49793682,0.10963625,0.34698263,0.3716948,0.25819474,0.50317776,0.42564774,0.79211086,0.7233971,0.64158046,0.43284926,0.52248365,0.39169252,0.3527831,0.7648343,0.6990177,0.60773814,0.34534934,0.30826145,0.21659866,0.25261444,0.26534128,0.73064977,0.665903,0.2981928,0.36432177,0.5427937
1373,0.7579551,0.77755505,0.77118886,0.56110585,0.8837802,0.31460413,0.6114053,0.27867284,0.37642214,0.21490157,0.28212413,0.45600954,0.25690514,0.43928438,0.49413985,0.74886113,0.64709187,0.62030244,0.5138672,0.65215206,0.51339656,0.47120494,0.7579765,0.5599496,0.38450247,0.30437112,0.3509321,0.23480816,0.4488902,0.15711944,0.7477213,0.6835627,0.33906707,0.37766233,0.5960549
1374,0.6787553,0.83818865,0.6776434,0.2916558,0.8706972,0.34302774,0.5460364,0.27458772,0.50150496,0.28636125,0.5534158,0.4078567,0.29786938,0.5524088,0.5143461,0.8209383,0.73606765,0.47751015,0.42891812,0.525535,0.3520008,0.28262153,0.7869223,0.5528112,0.7005545,0.3305436,0.37544277,0.27249426,0.35404935,0.37834603,0.74076736,0.6691518,0.3138218,0.2564074,0.5316797
1375,0.8184358,0.7822227,0.8015913,0.5474402,0.838999,0.3603476,0.53558177,0.25646058,0.48764524,0.14093176,0.4018797,0.38128498,0.28537917,0.5184732,0.4328568,0.77327126,0.719195,0.6058601,0.42841917,0.5138501,0.3825727,0.33975744,0.75746125,0.6749269,0.6352336,0.3511894,0.3203225,0.24445081,0.26904905,0.31101486,0.72283137,0.66149664,0.30481768,0.35739118,0.53855413
1376,0.85420024,0.7649343,0.8433464,0.65227854,0.8580468,0.36653715,0.56515884,0.25136298,0.45519415,0.111793086,0.28199512,0.40625277,0.2583295,0.4674415,0.44046313,0.76431584,0.68923986,0.6570312,0.46605176,0.5629118,0.4433399,0.4311255,0.7454992,0.65860087,0.52273256,0.33743015,0.33044526,0.21542189,0.3109388,0.19772184,0.72683764,0.6654068,0.3163686,0.39014572,0.56274
1377,0.7834552,0.78857785,0.7624639,0.49184665,0.83305645,0.41715613,0.5358197,0.25169116,0.54958534,0.19792199,0.3634185,0.43940282,0.25836843,0.506658,0.5147928,0.8204791,0.6951373,0.5618838,0.40969563,0.5200857,0.36387038,0.3484011,0.7556944,0.587139,0.6004857,0.32068038,0.4392972,0.2528391,0.31913915,0.24999364,0.72011614,0.65866804,0.30213848,0.31414795,0.53874457
1378,0.79812294,0.7906154,0.78008014,0.5027867,0.8420315,0.33552518,0.53095335,0.26123554,0.4752062,0.15130612,0.42267877,0.36768278,0.29568067,0.53197074,0.42813164,0.7685981,0.7397868,0.5890692,0.43580037,0.497998,0.3758675,0.33076653,0.7647942,0.6755966,0.6582534,0.35709134,0.31126624,0.2563606,0.27134293,0.35440913,0.72421986,0.6606581,0.31465712,0.34670585,0.5346617
1379,0.60668486,0.79728717,0.64669627,0.27720731,0.6979263,0.16695502,0.560706,0.37799886,0.21179025,0.18971223,0.50989926,0.36073905,0.38953787,0.5854273,0.32884556,0.49916893,0.8354579,0.5455887,0.61188096,0.52642447,0.4525984,0.42285043,0.7740213,0.7033828,0.6567337,0.4962747,0.20567556,0.3239054,0.34905598,0.5929091,0.72245353,0.67885625,0.4502337,0.38619447,0.5776237
1380,0.7380607,0.86333,0.72042334,0.28291708,0.8704594,0.22263463,0.5086575,0.2552558,0.394073,0.15767016,0.6136546,0.3019525,0.32805613,0.62706393,0.37553212,0.7705773,0.8436035,0.50577945,0.43773746,0.4328107,0.30347416,0.2190459,0.82754576,0.71085966,0.8268318,0.36610642,0.22425458,0.2826128,0.23781621,0.54693496,0.7721411,0.69061935,0.31116027,0.27602738,0.5157087
1381,0.7260162,0.8499702,0.7024604,0.2742402,0.8520573,0.25819147,0.5080941,0.27340153,0.43962783,0.19234242,0.6286729,0.33046952,0.33937663,0.61914,0.40123782,0.77501327,0.8212773,0.4934432,0.4182198,0.43658072,0.3049912,0.21744005,0.8099281,0.6811128,0.8382517,0.36803454,0.2621734,0.30431384,0.26075467,0.53702223,0.753404,0.67662317,0.3108068,0.28356782,0.51307654
1382,0.76295483,0.8275682,0.7411263,0.37231916,0.8483111,0.28893661,0.51949567,0.2673264,0.45028037,0.17006114,0.5445883,0.3476404,0.31946164,0.5844821,0.40863162,0.7720824,0.7885281,0.53789556,0.42360482,0.46609235,0.33369508,0.2590579,0.79312146,0.6835264,0.7677533,0.36461538,0.27666497,0.28220883,0.26265207,0.45693025,0.74431473,0.67311186,0.31019497,0.31166935,0.5242853
1383,0.75341964,0.82006055,0.7339446,0.3807186,0.84343004,0.30627424,0.52201205,0.272004,0.46134526,0.17720348,0.5352195,0.35837036,0.32136884,0.57290757,0.42320925,0.77201575,0.77454853,0.53244495,0.4267171,0.47162914,0.33974475,0.27723438,0.7830919,0.6617053,0.7527502,0.3616295,0.2982186,0.28085172,0.27557313,0.43924037,0.7366127,0.6676183,0.31324524,0.311356,0.5236947
1384,0.7120875,0.83716214,0.7608434,0.40631834,0.844098,0.31453353,0.61705196,0.2475904,0.35780305,0.20935181,0.26341218,0.4904543,0.20444365,0.4876626,0.5281472,0.8123394,0.66172177,0.61996394,0.5305618,0.7140516,0.43503627,0.35269147,0.8028488,0.53882676,0.45921165,0.30213147,0.32643184,0.2196823,0.5223444,0.12517919,0.7758456,0.73049515,0.371355,0.3463481,0.63286674
1385,0.88603985,0.77025455,0.87313175,0.684307,0.85685843,0.39793986,0.5441997,0.22327876,0.52009434,0.09545769,0.28784028,0.38758698,0.23656595,0.47717166,0.43372837,0.79936904,0.6956576,0.68014467,0.41877818,0.5446147,0.404931,0.36808407,0.7563235,0.70932364,0.56272733,0.3367602,0.31820422,0.19555296,0.23820205,0.19343653,0.7280308,0.6657373,0.282471,0.38295573,0.54947805
1386,0.85126054,0.7919261,0.8344903,0.5832389,0.8569018,0.36387616,0.5423381,0.2422091,0.49223155,0.11519619,0.3758246,0.38202125,0.26582164,0.5114664,0.4225914,0.7880998,0.7278363,0.63374424,0.42261106,0.527535,0.3842398,0.33428228,0.76699835,0.69475484,0.6414062,0.34767082,0.3034621,0.22352035,0.25414428,0.27258238,0.73433936,0.66977435,0.29098284,0.36153218,0.54426044
1387,0.91150266,0.7649609,0.89840364,0.73471814,0.8692457,0.40206176,0.5473154,0.2092629,0.5235012,0.07346813,0.22961554,0.3842279,0.21759954,0.46049428,0.4346094,0.8068954,0.6897121,0.7055457,0.42802796,0.55168223,0.41736454,0.3931868,0.75628483,0.71955574,0.51645523,0.32945165,0.3214373,0.17588164,0.2317237,0.15716851,0.73051023,0.667259,0.28086415,0.38966653,0.55428714
1388,0.93062305,0.7410299,0.9190693,0.794884,0.8750113,0.3740167,0.5499837,0.20304458,0.47833976,0.05483628,0.15090837,0.3662309,0.20879567,0.4388075,0.42993966,0.7856654,0.672924,0.742237,0.47709352,0.5573576,0.46376747,0.46173763,0.7522025,0.73443985,0.4233436,0.33163223,0.31192946,0.16678832,0.25259358,0.1242979,0.7306587,0.66640204,0.31077236,0.42049533,0.5677158
1389,0.5922271,0.6729871,0.6018401,0.25681257,0.43575436,0.89671123,0.44715795,0.22813198,0.94955575,0.7784714,0.12430994,0.7774495,0.15030499,0.5234624,0.9194118,0.98208666,0.24218002,0.4846939,0.25347075,0.55410045,0.12587343,0.09514784,0.62005335,0.4415389,0.3760081,0.33628932,0.9064008,0.5113543,0.5201474,0.050430518,0.5258726,0.6611302,0.36813727,0.30508345,0.62548053
1390,0.71437275,0.8429163,0.69474745,0.27038607,0.8435176,0.27506745,0.5101788,0.2814071,0.45130482,0.202032,0.63212216,0.34045267,0.34160107,0.61167747,0.40918368,0.7748677,0.8118494,0.48738974,0.4204248,0.44412765,0.30848673,0.2246027,0.80089664,0.6631277,0.8387396,0.37114733,0.27564865,0.30589727,0.27664202,0.52572143,0.74370086,0.6706013,0.31633526,0.28591374,0.51161236
1391,0.6974379,0.726611,0.67817867,0.32699436,0.642638,0.8739541,0.4438278,0.1860741,0.9450935,0.64554465,0.16105802,0.7237748,0.12755713,0.49576044,0.88004094,0.9839837,0.36901224,0.46710134,0.21934488,0.494103,0.13646638,0.124190606,0.6677005,0.41786942,0.43187922,0.28952688,0.9123489,0.39044726,0.3667188,0.049877577,0.58848643,0.6411618,0.26334733,0.22050467,0.56003356
1392,0.874753,0.7675578,0.8621621,0.6638227,0.8566429,0.37523836,0.5499009,0.23737693,0.4883821,0.09361987,0.2898566,0.3812995,0.24985771,0.48167992,0.42129478,0.77824223,0.70590985,0.6701284,0.4437476,0.54707897,0.41740662,0.38959303,0.7529767,0.698604,0.56377125,0.34833437,0.30810526,0.20379297,0.26191178,0.22014034,0.7241305,0.6623665,0.30531448,0.3880626,0.55127907
1393,0.71882904,0.8378565,0.70042384,0.3019909,0.8389761,0.2992918,0.5172993,0.28208932,0.46874046,0.20270045,0.60149735,0.36078694,0.33313432,0.593844,0.43076196,0.7857326,0.793303,0.4952845,0.41512495,0.46153086,0.31794286,0.2474273,0.7938218,0.63983744,0.8140191,0.3620572,0.2990101,0.2973234,0.2875664,0.47513795,0.74233985,0.6696482,0.31357685,0.2878803,0.51631916
1394,0.9175066,0.75099283,0.90519965,0.7608859,0.8670839,0.40352154,0.5469615,0.2086628,0.5250882,0.06593687,0.18968388,0.37987486,0.21186583,0.4492155,0.44077548,0.80590725,0.6792945,0.71548635,0.4438766,0.5542186,0.43330342,0.41911355,0.7486132,0.7182375,0.4724939,0.33114025,0.33168644,0.17189136,0.24096648,0.14343688,0.7227705,0.6616527,0.29583308,0.3969441,0.5557495
1395,0.7327664,0.8038896,0.7231905,0.40514427,0.8279783,0.33153194,0.53456575,0.2871194,0.46927777,0.1952019,0.5041419,0.38588044,0.31999794,0.54770166,0.4439145,0.7705193,0.7472101,0.5353797,0.43420944,0.5003714,0.36550355,0.316574,0.7646638,0.6220132,0.71360606,0.36009017,0.32589668,0.28299275,0.3138388,0.38859484,0.7237339,0.6601359,0.3264719,0.32397473,0.5297598
1396,0.8606718,0.7666282,0.83538646,0.6091216,0.8523272,0.56339437,0.5136064,0.19396324,0.6891296,0.20524375,0.22062548,0.5062496,0.18148679,0.4548904,0.6069056,0.87514436,0.62547696,0.59244007,0.33621064,0.50174105,0.32292494,0.33048606,0.7355857,0.5574268,0.4860041,0.2741905,0.58985865,0.20873065,0.24144295,0.11361871,0.69841516,0.64734185,0.2308435,0.2909264,0.5293809
1397,0.5920045,0.78217363,0.6236237,0.28620687,0.7223353,0.21149015,0.56398904,0.38555878,0.2690385,0.23499608,0.5113989,0.38623518,0.3961161,0.5673942,0.37975222,0.55760914,0.79997844,0.5226539,0.57915133,0.52853525,0.44702166,0.425301,0.7474272,0.6252531,0.6589207,0.46639067,0.25822333,0.34094733,0.3950825,0.5473409,0.69957,0.65830886,0.44702393,0.3728779,0.5649028
1398,0.6588268,0.89054507,0.64458257,0.12555584,0.8548414,0.151947,0.49344102,0.2812739,0.33383113,0.19530377,0.7365161,0.2716284,0.3776807,0.68384326,0.35608864,0.7327179,0.89615476,0.43633622,0.45711946,0.3892229,0.2750221,0.17107472,0.8451316,0.7078523,0.91705054,0.38623294,0.19541192,0.3318538,0.24245974,0.70394546,0.7764782,0.6942106,0.33602446,0.24372701,0.50578946
1399,0.6414346,0.83982486,0.62874454,0.20841344,0.8100106,0.22724935,0.51208276,0.32294387,0.39190897,0.24971338,0.6691939,0.33061436,0.3911681,0.6270455,0.40447226,0.7100575,0.82862127,0.45577747,0.45236263,0.43106645,0.32577613,0.24437399,0.7913252,0.6441756,0.8494326,0.39550605,0.26231986,0.35423085,0.30505508,0.62048924,0.73005867,0.6618322,0.36124375,0.2885259,0.5131645
1400,0.7393428,0.8133462,0.72375846,0.3700688,0.82637703,0.3172199,0.52168477,0.28671277,0.46856156,0.19666636,0.5610422,0.36566877,0.3320753,0.5753747,0.4195117,0.761343,0.7700796,0.5290872,0.42224303,0.47653896,0.34246817,0.2657627,0.7750858,0.661215,0.7731,0.3720799,0.29645485,0.29732707,0.283916,0.45193893,0.7254947,0.66155964,0.3178218,0.32244337,0.52314717
1401,0.67798454,0.7843993,0.71695435,0.3726274,0.7058784,0.4343167,0.56950396,0.26493436,0.49148256,0.28814906,0.24302582,0.5442058,0.22406617,0.5256195,0.6239838,0.82416344,0.5807501,0.6054829,0.47132817,0.6688505,0.33595204,0.26393467,0.7489071,0.5514145,0.4920221,0.33946663,0.40407294,0.30076304,0.5340363,0.14088392,0.7036496,0.70484036,0.41628426,0.3884147,0.6293515
1402,0.77904105,0.78019714,0.7646919,0.51135933,0.8260767,0.39919776,0.5395998,0.2684822,0.5229458,0.1778285,0.41680223,0.41685382,0.28756186,0.50615466,0.47617254,0.79731697,0.70055044,0.5711544,0.41837296,0.5235894,0.3787623,0.3552968,0.7427222,0.60991204,0.6389108,0.34014314,0.37960675,0.24984753,0.30564445,0.27848747,0.71159256,0.6521826,0.30745274,0.33715427,0.5344332
1403,0.85945547,0.7843711,0.8434159,0.62153995,0.85763633,0.40107375,0.54101163,0.22648421,0.5319954,0.115564324,0.32582447,0.39722145,0.24170825,0.4906187,0.44967365,0.81333745,0.7065835,0.64288116,0.40853333,0.5334525,0.38283095,0.3527866,0.7623033,0.6778234,0.6018849,0.32954478,0.34308535,0.20262858,0.2483393,0.2140791,0.73109764,0.6654598,0.27730817,0.3550474,0.5421685
1404,0.7180135,0.744794,0.68175143,0.3305426,0.66677797,0.8587263,0.451758,0.19535452,0.95335275,0.5839201,0.16290471,0.7311328,0.13342676,0.50725955,0.87794906,0.98384523,0.43068448,0.4564008,0.20231795,0.47343707,0.12983724,0.12251916,0.6833512,0.3772706,0.49867758,0.26121187,0.9297975,0.38713807,0.3337167,0.053770613,0.60497606,0.63745326,0.21776593,0.21590224,0.54375017
1405,0.71309,0.84190446,0.7078894,0.3252921,0.85927516,0.28833,0.5476275,0.2815342,0.43578354,0.19244473,0.54363227,0.38209644,0.31140426,0.5642371,0.44915396,0.7905742,0.78419966,0.5084423,0.4528613,0.5127239,0.3597375,0.30518615,0.79630524,0.59851295,0.75173795,0.34785515,0.30526382,0.26930237,0.34287295,0.39463532,0.7566362,0.67999476,0.3282508,0.2874892,0.5355611
1406,0.7800214,0.78846085,0.76375294,0.47689286,0.8244386,0.35458902,0.53502476,0.278862,0.48585495,0.16887727,0.45602173,0.38769215,0.30659753,0.53483236,0.43667603,0.7688314,0.7308754,0.5722729,0.4287499,0.5103775,0.37476605,0.3249249,0.75668776,0.6495091,0.68370974,0.3656309,0.32260084,0.2674901,0.29504484,0.35547125,0.71719927,0.657214,0.3204971,0.3466578,0.5346514
1407,0.8469516,0.7796714,0.8298828,0.5948604,0.8495364,0.37594804,0.5393887,0.24132931,0.50676924,0.1211289,0.35348552,0.3859778,0.26290628,0.50265694,0.43758687,0.7902576,0.71223754,0.6313409,0.42301255,0.5240579,0.3888286,0.3513672,0.75901586,0.6845918,0.6070088,0.34379798,0.32484978,0.22269213,0.25791875,0.26303133,0.72592723,0.66325265,0.29404584,0.3619003,0.54242504
1408,0.7220691,0.8427652,0.7003261,0.28816503,0.84694004,0.26798946,0.5107733,0.27817327,0.44439682,0.19654453,0.6166731,0.33583394,0.34039712,0.61027193,0.4055783,0.7706132,0.8128203,0.49637064,0.42218098,0.44227266,0.3126687,0.22986928,0.8026115,0.6735164,0.82631856,0.36937958,0.27062893,0.30494326,0.26873678,0.5255183,0.7466233,0.6722096,0.31523547,0.28947204,0.5140642
1409,0.78907615,0.85854626,0.81764543,0.45957994,0.90175855,0.2388461,0.62814003,0.24659216,0.24591,0.09365255,0.2705229,0.43305206,0.21713376,0.4984153,0.41572303,0.7691984,0.7477198,0.6632136,0.56563413,0.69718874,0.45613354,0.38404632,0.8241337,0.5978628,0.5457041,0.337722,0.23256715,0.17919286,0.45579892,0.1602886,0.80803967,0.741737,0.37079412,0.35256094,0.6319305
1410,0.8082795,0.8177478,0.79489195,0.4818441,0.8527913,0.29857486,0.5345882,0.2524094,0.4305142,0.12534255,0.4501266,0.34966978,0.29204452,0.554908,0.39102826,0.75916255,0.77659875,0.6010226,0.4411935,0.503109,0.36571425,0.29473767,0.789765,0.71510696,0.7043014,0.36447212,0.25637397,0.24630895,0.24685006,0.38007194,0.74815786,0.67961305,0.30682555,0.34300578,0.5418588
1411,0.8542412,0.7647149,0.8388437,0.6291268,0.8360856,0.39945486,0.5477514,0.25242382,0.5085369,0.119768836,0.3357372,0.40638033,0.26623824,0.48698902,0.4436465,0.7784337,0.68994695,0.64229226,0.42435628,0.5437953,0.4049038,0.370431,0.7408309,0.6716443,0.5875677,0.34754243,0.33867827,0.22485265,0.2726029,0.22913663,0.7140242,0.6579656,0.30029783,0.37998635,0.54798865
1412,0.7549465,0.8271038,0.739837,0.3796435,0.84856844,0.28940853,0.51982707,0.26642868,0.44712886,0.1726326,0.5397373,0.34267288,0.3178079,0.579441,0.40438694,0.768746,0.7904274,0.5419343,0.42894882,0.46905404,0.3370236,0.26412538,0.79282117,0.68583846,0.76577896,0.3641531,0.27069956,0.2788071,0.26107046,0.45252138,0.7427456,0.67199755,0.3116085,0.3136862,0.5231484
1413,0.91356105,0.73858416,0.90087336,0.7667796,0.8625153,0.36665314,0.5551001,0.22292045,0.45789194,0.06779046,0.18041179,0.3757493,0.23135868,0.4461115,0.4256634,0.7620271,0.67406,0.72311854,0.48144785,0.55812615,0.46640128,0.46607098,0.74465615,0.71794,0.44480044,0.34062555,0.31228703,0.18625124,0.27368525,0.14974436,0.7252597,0.6631749,0.3207524,0.42561173,0.56866205
1414,0.675383,0.876284,0.65879136,0.17963919,0.8599928,0.20920236,0.51330316,0.28242457,0.40167093,0.21316937,0.6917374,0.31602764,0.35169885,0.64196736,0.40691018,0.7740983,0.8533475,0.45019084,0.43887195,0.43218836,0.3023099,0.20456961,0.8300002,0.6595455,0.8741888,0.3642921,0.2432493,0.3146748,0.28685996,0.5905936,0.77093506,0.6869443,0.3241376,0.24899893,0.51186144
1415,0.75479496,0.82906926,0.7342,0.36462006,0.84916353,0.29607418,0.521159,0.26929998,0.46045858,0.1760036,0.5488601,0.35386774,0.32004425,0.58021694,0.42167488,0.7809696,0.7857604,0.5274424,0.42458647,0.46677646,0.33461776,0.26795816,0.7914735,0.6658486,0.767341,0.36017564,0.29059178,0.28138113,0.2736463,0.44858408,0.7441159,0.6718326,0.31044292,0.3029569,0.5227702
1416,0.7267809,0.7314677,0.6889862,0.3404718,0.711517,0.8762795,0.44967693,0.19245327,0.95263195,0.6310404,0.16932812,0.729431,0.13029592,0.4913563,0.8758818,0.9843834,0.39964455,0.45553604,0.20477752,0.4788514,0.14054386,0.13064533,0.66130054,0.37926912,0.4676915,0.2819799,0.92876494,0.3851308,0.32180884,0.054614354,0.58989847,0.6229033,0.21945676,0.2042737,0.54191905
1417,0.88541186,0.73971254,0.870869,0.7114732,0.8378271,0.39038455,0.5549836,0.25003594,0.48421496,0.09206623,0.2500531,0.3942694,0.25630933,0.4647677,0.4287471,0.7548477,0.67370665,0.68571883,0.4541417,0.56214154,0.44360608,0.42349902,0.7302679,0.6929115,0.5067469,0.35713813,0.3238557,0.21007252,0.27875543,0.19927208,0.7066257,0.65281427,0.32107106,0.41402173,0.5590635
1418,0.6662402,0.82402563,0.71964383,0.3545702,0.796425,0.33759442,0.6024996,0.26377264,0.376834,0.22997794,0.26983398,0.49433917,0.22277799,0.5098834,0.54024327,0.80384606,0.6655375,0.5889812,0.5361002,0.6724972,0.39687413,0.34433788,0.7889177,0.5284542,0.517148,0.32735983,0.34369293,0.25787672,0.54623,0.1583164,0.75191,0.72100794,0.411671,0.34476072,0.6235865
1419,0.9288006,0.75451815,0.91711026,0.7767163,0.8743448,0.3853611,0.55013484,0.20248458,0.49863845,0.05579234,0.17533562,0.37190193,0.2080838,0.44736838,0.4292059,0.7986939,0.6848458,0.7318828,0.4550597,0.5580486,0.4415142,0.4284965,0.75640553,0.7334868,0.46364516,0.33161387,0.31140628,0.1650488,0.23790602,0.134189,0.73287684,0.6686233,0.29662988,0.4059537,0.5625359
1420,0.8817519,0.7493872,0.8671611,0.6977061,0.84656316,0.39881995,0.5503787,0.24054977,0.50541,0.09667806,0.2620914,0.39378572,0.24891727,0.4665006,0.43806648,0.7762314,0.6782166,0.6788558,0.44560808,0.55419034,0.43024892,0.40806445,0.7366134,0.6904453,0.5215859,0.34670994,0.3336656,0.20514421,0.2703753,0.19459304,0.7118742,0.65527284,0.30825254,0.3994004,0.5545828
1421,0.89220935,0.75667137,0.8787805,0.7051361,0.85162896,0.39342126,0.5498606,0.23168316,0.50436103,0.08698815,0.2598247,0.3886786,0.23991604,0.46906725,0.42907077,0.78292257,0.6880132,0.68780386,0.43601817,0.5526346,0.42324534,0.39629626,0.74621576,0.7066341,0.532458,0.34350958,0.31729308,0.19694391,0.25200525,0.18820038,0.7199527,0.66072714,0.29776397,0.3975858,0.5535403
1422,0.7135036,0.8240136,0.6974889,0.3195338,0.8242904,0.29285058,0.51536655,0.29132637,0.45099983,0.20854981,0.59610265,0.35427326,0.34595448,0.592234,0.4183256,0.75220716,0.78826123,0.5042981,0.42511296,0.45906478,0.3308857,0.25483605,0.78238726,0.65661,0.7981473,0.37339485,0.2907546,0.30991682,0.28173783,0.49885625,0.7288882,0.66273224,0.324277,0.30677387,0.517756
1423,0.7668155,0.80991614,0.74745804,0.41269654,0.844771,0.32300797,0.52351683,0.26821512,0.48144788,0.17234257,0.50164497,0.3630956,0.30933085,0.55949104,0.42971057,0.78264296,0.763318,0.5457374,0.42530388,0.47834387,0.35020655,0.29452187,0.77784383,0.6605137,0.72422904,0.35898405,0.30850482,0.27200842,0.27822927,0.41167468,0.7311042,0.6626906,0.31259742,0.31962553,0.52455413
1424,0.723957,0.8085068,0.70795906,0.3606284,0.82333994,0.28130585,0.5303185,0.30085856,0.41652614,0.19202407,0.53844786,0.3575426,0.3477746,0.57542217,0.414673,0.7285584,0.77524894,0.5254534,0.4595263,0.47773057,0.3602986,0.29939902,0.7706029,0.6480236,0.7446526,0.38298637,0.28934664,0.3036396,0.30730787,0.47719178,0.7241806,0.6612233,0.3495497,0.3255681,0.5312318
1425,0.52174056,0.81955415,0.581608,0.15620449,0.6574289,0.12570086,0.553295,0.40089464,0.18208988,0.19206977,0.551927,0.33832127,0.414179,0.6179288,0.30079836,0.45687127,0.89512384,0.5050249,0.67210525,0.51543534,0.44537163,0.4276704,0.784209,0.70523345,0.7169537,0.5479763,0.18897083,0.326047,0.3633732,0.7047905,0.7213429,0.68061936,0.49648476,0.35956955,0.5727482
1426,0.6616833,0.87188876,0.7504549,0.3966195,0.96531755,0.23956911,0.68259186,0.2310122,0.3318804,0.25597864,0.27706754,0.48877335,0.17430063,0.40321892,0.58009726,0.8705675,0.64997184,0.5788214,0.562177,0.79885054,0.5640332,0.44749603,0.83799475,0.41925865,0.27665108,0.20291333,0.34469604,0.15557525,0.59461606,0.06401228,0.8226532,0.74050796,0.3046388,0.2738958,0.63233554
1427,0.629871,0.696009,0.6166469,0.2556222,0.48527583,0.9030202,0.44319472,0.2192982,0.96805334,0.7419188,0.121660694,0.79244834,0.1365563,0.527974,0.92446786,0.9874848,0.28252873,0.46988648,0.22256753,0.5308479,0.109364726,0.08516715,0.6346057,0.39881235,0.41957092,0.3042193,0.94166076,0.49822697,0.4694078,0.042814486,0.5423634,0.6564926,0.30450708,0.27750143,0.6069852
1428,0.69387424,0.83452046,0.6737724,0.26912373,0.82809275,0.28495222,0.5106679,0.29280972,0.45790252,0.22487116,0.6262118,0.35200754,0.35223842,0.60479426,0.42610878,0.76800525,0.79872566,0.478695,0.42130297,0.4447003,0.31385493,0.23959872,0.789713,0.6403979,0.82727444,0.3710061,0.29957038,0.31816638,0.2892995,0.52179015,0.73391616,0.6637869,0.3233177,0.2871878,0.51176023
1429,0.7360606,0.84930134,0.7143855,0.2906728,0.8573678,0.27666798,0.51191026,0.26726115,0.45082444,0.18094003,0.61646724,0.3393699,0.32828683,0.60839117,0.40978274,0.7890803,0.8128517,0.49703583,0.41727147,0.44616693,0.3039865,0.22636776,0.80663824,0.66728914,0.8314849,0.36099726,0.27524626,0.2877201,0.26424438,0.4990955,0.75365704,0.67745715,0.30542177,0.27977866,0.51320016
1430,0.72270614,0.8399127,0.7050792,0.2911697,0.84291476,0.2996624,0.5108985,0.27512297,0.4776036,0.1996561,0.6162888,0.3535164,0.32941073,0.6003543,0.42477283,0.79318154,0.7988179,0.49196225,0.4077815,0.45154673,0.30824843,0.23283,0.79739547,0.649477,0.8275213,0.36170682,0.29455256,0.2949865,0.2763057,0.4853758,0.74306256,0.67003244,0.30651388,0.283743,0.5102813
1431,0.87582666,0.76394814,0.86510646,0.6819652,0.8612558,0.3842259,0.5462774,0.22548974,0.50531644,0.09749594,0.26085663,0.3832047,0.23532653,0.46897382,0.4415292,0.7972013,0.6948008,0.676679,0.44300413,0.5422113,0.4222691,0.40504327,0.7539668,0.6944042,0.52554446,0.33443195,0.32713795,0.1964554,0.2613985,0.1884481,0.72638136,0.66299325,0.30203298,0.3827196,0.5511941
1432,0.7036554,0.8439722,0.687823,0.2718539,0.83417624,0.24425635,0.5115099,0.28774607,0.40901986,0.19878367,0.6237194,0.32718742,0.35269907,0.6181877,0.39317968,0.7414473,0.82483184,0.494728,0.43986678,0.44235745,0.31950444,0.23288815,0.80274945,0.6801709,0.8279923,0.3808126,0.25412232,0.31397948,0.26978785,0.5578941,0.74411637,0.6734514,0.32982174,0.29413956,0.51798075
1433,0.7823144,0.7916644,0.7584565,0.47269845,0.8318763,0.48836794,0.5265878,0.22831896,0.610726,0.26463738,0.32217222,0.48999658,0.22096741,0.49572438,0.58101845,0.8559722,0.6541592,0.5445365,0.37570578,0.51682717,0.32792836,0.3169239,0.75358874,0.54789734,0.55432224,0.29518208,0.53069115,0.25643754,0.3142441,0.19624206,0.71475875,0.6603451,0.27060634,0.28240898,0.5400416
1434,0.7371635,0.84138364,0.71855056,0.31816047,0.85761535,0.25908846,0.5189608,0.2718572,0.4231146,0.17479359,0.5790117,0.3307887,0.33020538,0.59967047,0.3999168,0.7675315,0.8126357,0.5149804,0.44209605,0.45426708,0.32555884,0.25297242,0.80429727,0.67521465,0.79717857,0.36824515,0.2611651,0.28621644,0.27154288,0.49894795,0.75189584,0.6764416,0.32166618,0.29495507,0.5208794
1435,0.7623329,0.8570237,0.7973758,0.44788608,0.9189998,0.2279222,0.638837,0.2527953,0.2491751,0.12077085,0.27978018,0.43305025,0.22171657,0.4795085,0.42947143,0.771671,0.7399279,0.6433531,0.5776113,0.70447886,0.48610997,0.42160827,0.82245624,0.56393707,0.50469863,0.3233389,0.24988265,0.17739151,0.48520803,0.15789402,0.80824167,0.7352645,0.36540717,0.3409277,0.6264196
1436,0.67838776,0.83287823,0.66140366,0.25051147,0.8241984,0.26629162,0.513702,0.30391043,0.43245918,0.22998135,0.63879406,0.34529465,0.3640861,0.61155736,0.41494617,0.7482141,0.80560607,0.47252983,0.43889174,0.4434064,0.31946805,0.24274027,0.7882909,0.6408479,0.82969034,0.3833422,0.28566536,0.3268854,0.30044204,0.55581707,0.7308043,0.66297466,0.33944583,0.2905874,0.51417094
1437,0.8462739,0.78262955,0.8302585,0.5886735,0.8448068,0.36240965,0.53992856,0.24680081,0.48833022,0.12220353,0.3678132,0.38049877,0.27016276,0.5115975,0.42020136,0.77634645,0.7202426,0.6380569,0.4230395,0.527164,0.38931933,0.3351907,0.76182115,0.7025176,0.62665415,0.3546354,0.30044925,0.23085523,0.25259155,0.28308877,0.7276147,0.6660235,0.29781598,0.37054852,0.5451601
1438,0.6088844,0.751912,0.6481453,0.3024216,0.5465632,0.5874293,0.53198993,0.25731027,0.6458813,0.48506814,0.1988374,0.6254889,0.19546516,0.5364528,0.723567,0.88705826,0.46362764,0.54874265,0.40904918,0.62462234,0.2637962,0.2168829,0.72155476,0.51628864,0.45648304,0.32292944,0.58294314,0.3955409,0.5751333,0.11184428,0.64469975,0.70417196,0.42411995,0.36120012,0.63524204
1439,0.7402508,0.77640903,0.7395588,0.47081548,0.7491894,0.49780554,0.54905623,0.23790452,0.58179826,0.29994622,0.2083251,0.52767515,0.20108578,0.48968607,0.61809146,0.85029614,0.59793055,0.5763843,0.42759123,0.5924794,0.3504303,0.33656943,0.7480008,0.55109847,0.45844498,0.30306143,0.5144199,0.28360808,0.44400948,0.12867138,0.70756763,0.6846323,0.35838395,0.32286578,0.5892726
1440,0.8553816,0.78583777,0.83896905,0.5984236,0.8583242,0.35644168,0.53823483,0.23654184,0.485115,0.11054021,0.3555629,0.37207168,0.26382104,0.50831306,0.4212165,0.78182703,0.72396064,0.6417296,0.43088976,0.52175087,0.3902752,0.3464891,0.76688415,0.7041174,0.61721826,0.34642714,0.30197138,0.2207528,0.2495199,0.2729961,0.7334734,0.66851676,0.29574513,0.3669713,0.5446727
1441,0.6740223,0.8242098,0.65701854,0.26071215,0.8243388,0.25254056,0.5184468,0.3061903,0.4056171,0.25253615,0.6291138,0.34680116,0.36598316,0.6059908,0.42086345,0.72322214,0.7920966,0.4756083,0.44453344,0.45114365,0.33477813,0.25713155,0.78605175,0.643636,0.77895534,0.37645233,0.28074086,0.3366158,0.30422238,0.55046505,0.7318068,0.6657188,0.34051716,0.29855713,0.520788
1442,0.7610213,0.81005365,0.7489797,0.42616892,0.83181345,0.29304957,0.5270091,0.27439186,0.43184075,0.16472149,0.4900032,0.34779978,0.31824338,0.564313,0.40144187,0.7425834,0.7761196,0.5670209,0.44769257,0.4872151,0.36416593,0.2953456,0.7805258,0.6913739,0.7190629,0.37427536,0.27080205,0.27708745,0.2690264,0.43277845,0.7327264,0.66772926,0.32705635,0.33869854,0.5339645
1443,0.80385417,0.79559934,0.78837764,0.5235085,0.8581499,0.352339,0.5515565,0.25299764,0.46732178,0.1543686,0.3823482,0.40428048,0.27049738,0.50408983,0.4605286,0.78847396,0.71722835,0.5957909,0.44399905,0.53603166,0.40059108,0.37421212,0.76831055,0.63210714,0.6043807,0.32935268,0.34152478,0.23609006,0.31473866,0.26031116,0.74143493,0.6717175,0.30720505,0.34345147,0.5500258
1444,0.62206733,0.7978623,0.6398205,0.27529722,0.7275699,0.19014388,0.55007374,0.36055365,0.26321203,0.21102683,0.5316011,0.3583333,0.3907899,0.58984053,0.35910657,0.5607483,0.81897527,0.5239284,0.5729321,0.50366575,0.42503923,0.3820207,0.7671239,0.6817383,0.678787,0.45981723,0.2338601,0.33271083,0.34218675,0.5813272,0.7209297,0.6717366,0.42547685,0.36039516,0.5619624
1445,0.6632779,0.7969201,0.7045554,0.38988945,0.77184564,0.38076195,0.59135175,0.27311435,0.42952615,0.28243196,0.26755887,0.51127565,0.22792253,0.4957935,0.56700754,0.8098308,0.62430525,0.5769454,0.505946,0.65678626,0.40775818,0.35188153,0.7643976,0.5225574,0.46663156,0.32192096,0.39845258,0.2824649,0.5338079,0.1594585,0.728418,0.70387495,0.40053314,0.34572273,0.6145557
1446,0.7001775,0.85088885,0.69012105,0.25731853,0.82239425,0.21088262,0.5136345,0.28656703,0.36799818,0.1793491,0.61294603,0.317696,0.34892637,0.62611306,0.37218425,0.7165743,0.8470206,0.50196934,0.46449843,0.44497013,0.32418758,0.24588099,0.81446016,0.7038864,0.8102087,0.39685458,0.22831205,0.30254173,0.26564196,0.57759607,0.7568641,0.68567055,0.33921283,0.293866,0.52511275
1447,0.85576457,0.7626264,0.84026414,0.6366438,0.8565318,0.36935407,0.54180276,0.23541781,0.49190313,0.112035535,0.2903894,0.3806313,0.24773443,0.48155397,0.44881815,0.78953826,0.6941741,0.6512024,0.45168018,0.5309583,0.41892686,0.39554256,0.7532522,0.68190235,0.5243532,0.33625612,0.33681723,0.21214767,0.27382863,0.22771387,0.7231569,0.661356,0.3102252,0.3726501,0.5503132
1448,0.7038034,0.86251575,0.67971164,0.22455165,0.85365266,0.23828909,0.50604886,0.27767053,0.42182142,0.19939646,0.66413265,0.32328025,0.34946486,0.63319093,0.40293843,0.7762666,0.8367475,0.46820903,0.42527032,0.42520952,0.29266042,0.2074897,0.81792486,0.66719925,0.8643225,0.36740348,0.25958735,0.31058598,0.2677518,0.56712806,0.76039076,0.6809899,0.31639272,0.26443714,0.5093708
1449,0.65065503,0.7930116,0.6336418,0.27921662,0.76194316,0.4019645,0.51260835,0.30860868,0.54050064,0.34989506,0.5343601,0.43340382,0.3367597,0.5746645,0.52818966,0.7848812,0.6916531,0.4674991,0.4082362,0.47711307,0.3140474,0.2587604,0.7444612,0.56949127,0.7246281,0.37135822,0.42687494,0.3588954,0.35617036,0.4363386,0.68434256,0.6459527,0.35379076,0.29071605,0.52865446
1450,0.7730247,0.8404485,0.74952507,0.36372763,0.8628659,0.27673247,0.5166349,0.25543568,0.44530258,0.15711065,0.55449116,0.33659643,0.31282872,0.5937225,0.40090418,0.78278875,0.8022853,0.53738755,0.41961685,0.45866928,0.32219642,0.24388023,0.8058737,0.69665134,0.78333676,0.35857415,0.26325798,0.27363825,0.24843355,0.4632511,0.75673354,0.6809767,0.29942074,0.30072838,0.5224046
1451,0.7253792,0.8530676,0.7014483,0.2694417,0.85819054,0.24481785,0.51045954,0.27246237,0.42449886,0.18512885,0.622128,0.32490253,0.3393229,0.6198636,0.40084514,0.7735812,0.8262795,0.49149123,0.43047658,0.43532562,0.30639273,0.2257005,0.8132585,0.6759249,0.8312014,0.3675534,0.26022595,0.29960176,0.26545674,0.5395298,0.7570889,0.6795691,0.3162127,0.27840143,0.5148843
1452,0.8806197,0.77414924,0.86729586,0.6716122,0.8702091,0.35284886,0.5408661,0.2180376,0.48333493,0.08909257,0.26742548,0.35643834,0.23777711,0.4832182,0.41724047,0.79117256,0.71954894,0.6844629,0.45083147,0.52941865,0.41606337,0.38947845,0.7679924,0.72722715,0.54458964,0.34109753,0.29390723,0.196402,0.24196193,0.22677512,0.7364883,0.6685951,0.30370393,0.38371363,0.5510034
1453,0.6538394,0.86321795,0.6407209,0.17452987,0.8304836,0.19686227,0.50466615,0.3018342,0.3693164,0.21827714,0.6935597,0.30548692,0.3805747,0.6505677,0.38182777,0.72274107,0.8602743,0.45109025,0.45603663,0.41652542,0.3035258,0.21123835,0.8166164,0.67356855,0.8795036,0.390333,0.23327407,0.33852932,0.27593064,0.64724195,0.75143445,0.6769511,0.3474775,0.27048558,0.511102
1454,0.8615802,0.7545726,0.84778005,0.65777594,0.8399459,0.40471688,0.54334414,0.24159095,0.52139276,0.11362098,0.28799886,0.40043473,0.25154075,0.47430092,0.453027,0.7876706,0.682027,0.65402746,0.43335995,0.5400537,0.41264707,0.39388722,0.7389414,0.6716392,0.54145145,0.3416148,0.35586005,0.21274777,0.2707836,0.21000214,0.7105717,0.6539904,0.30452973,0.38177097,0.54734355
1455,0.779142,0.77848345,0.7778658,0.55280685,0.85754144,0.33525342,0.5839126,0.27969402,0.40995106,0.17114869,0.32565913,0.43421403,0.2751922,0.47278762,0.46616888,0.75280106,0.68704945,0.60953486,0.4864711,0.58908373,0.4594966,0.43977246,0.75054395,0.5925488,0.5103033,0.33061963,0.34467238,0.24546404,0.38603944,0.21478155,0.73444736,0.67308295,0.3395237,0.3713799,0.5732617
1456,0.7156471,0.82722026,0.69624084,0.3052242,0.83179504,0.2966879,0.51334083,0.2874815,0.46689057,0.2117558,0.6016835,0.35597304,0.3423233,0.5953301,0.42474923,0.7698779,0.78917706,0.49716797,0.4177018,0.45319924,0.32337976,0.24805725,0.7860885,0.6497042,0.8065504,0.3707854,0.29855663,0.3091611,0.28410012,0.499823,0.73167115,0.66291624,0.32047105,0.29897586,0.5148328
1457,0.7734784,0.8334352,0.751736,0.3712831,0.85990065,0.27554685,0.519221,0.25820938,0.4368364,0.15263015,0.53996074,0.33665547,0.3125785,0.58987665,0.39878455,0.7755793,0.7975155,0.5408404,0.42870355,0.46219954,0.32895523,0.25610366,0.80126065,0.6944038,0.7662185,0.3637832,0.26343948,0.2714707,0.25440463,0.46274805,0.7520798,0.6786171,0.30868903,0.30618903,0.52463734
1458,0.8913202,0.7651973,0.87636566,0.6873368,0.85017455,0.3937996,0.5527036,0.23723558,0.49880552,0.089721695,0.28820887,0.39596963,0.24790406,0.478648,0.4246765,0.77776,0.6918493,0.6823084,0.42920217,0.5571623,0.41605383,0.37413338,0.74840057,0.7060456,0.5643061,0.347778,0.3121044,0.20370379,0.25336605,0.19904844,0.7231192,0.6648893,0.2925238,0.395765,0.5563257
1459,0.67913115,0.86232567,0.65993947,0.19914594,0.8423313,0.2353898,0.5101062,0.2923864,0.42265758,0.2194237,0.6796104,0.32749104,0.35844693,0.634813,0.409168,0.76842606,0.84133005,0.4575538,0.43341413,0.43148738,0.30454165,0.21373872,0.8164736,0.65470284,0.8729693,0.3772107,0.25841743,0.32147396,0.2897681,0.58627063,0.75556713,0.67667836,0.33014888,0.26354757,0.51078033
1460,0.7984856,0.87709653,0.8391978,0.4365874,0.91950816,0.24466535,0.63449335,0.21188664,0.26464805,0.09949895,0.23775661,0.45198122,0.17620832,0.49518633,0.45864502,0.8161043,0.7339619,0.6788192,0.5603707,0.73859,0.4375102,0.33156958,0.8433695,0.5891595,0.50665504,0.30683056,0.23000832,0.15807618,0.47834396,0.10857272,0.8261217,0.76341236,0.3562978,0.3422829,0.650435
1461,0.71489394,0.8509054,0.69222164,0.26043084,0.85186386,0.23151335,0.51025873,0.27855533,0.40370274,0.18677984,0.6264002,0.31935984,0.3489863,0.6239843,0.3943946,0.75625265,0.8293598,0.4871188,0.4401121,0.4314002,0.30876833,0.22862963,0.81141347,0.6788184,0.82900316,0.37370408,0.2520371,0.30749387,0.2673867,0.56051713,0.7552694,0.6789297,0.32691708,0.28047985,0.51546735
1462,0.68378025,0.87929153,0.65737766,0.15348488,0.8611692,0.19624333,0.49174395,0.2749275,0.40112025,0.20944901,0.7198635,0.2957581,0.36373574,0.6661637,0.38536438,0.7696074,0.8688691,0.44178587,0.42080984,0.39135382,0.2678898,0.16937304,0.8346826,0.68897665,0.9108016,0.37299773,0.23419972,0.32900655,0.24888034,0.65083414,0.76787233,0.6850419,0.31779528,0.2462136,0.5002973
1463,0.7166513,0.8386196,0.6955778,0.29351982,0.84254485,0.27226096,0.51531637,0.281693,0.4355936,0.19784601,0.60307926,0.3452298,0.3424248,0.6021167,0.41622782,0.7659582,0.8034299,0.49415398,0.43113637,0.4489066,0.31820124,0.24687997,0.7950243,0.65464985,0.8085972,0.36722445,0.286377,0.3022706,0.28013256,0.5094296,0.74303377,0.671319,0.32197785,0.28887632,0.5174123
1464,0.7587287,0.7967868,0.7411426,0.43235254,0.8298914,0.32908836,0.5321054,0.28156203,0.46515837,0.1754976,0.47986054,0.37684393,0.31750315,0.54651296,0.43688306,0.762453,0.7458688,0.5493396,0.44158602,0.4945035,0.36675233,0.32321572,0.7618593,0.6415078,0.6965106,0.3632793,0.3214248,0.27621102,0.30033916,0.389846,0.7216239,0.6587193,0.32768446,0.33197385,0.53182995
1465,0.8368006,0.73345053,0.8169099,0.65055865,0.8275544,0.48085007,0.5354969,0.23778757,0.6049925,0.17788894,0.25214773,0.45712596,0.22686227,0.4516522,0.53902423,0.83074856,0.62520397,0.6196516,0.4040292,0.535325,0.39959788,0.4015115,0.71164143,0.5974938,0.4546442,0.30745918,0.49511138,0.22478063,0.28913864,0.1533921,0.68498063,0.6394497,0.28643546,0.3499816,0.544005
1466,0.7723877,0.8209283,0.7560283,0.41506654,0.8481933,0.2934281,0.53228116,0.27070597,0.42783326,0.15502991,0.50917274,0.3574567,0.31638932,0.56654584,0.4079557,0.75724506,0.77737755,0.55621576,0.44200888,0.48774824,0.35678172,0.29353818,0.784593,0.6762208,0.7355019,0.36358914,0.27729365,0.2716009,0.2755937,0.41861844,0.74346423,0.6743806,0.31785166,0.32528538,0.5340864
1467,0.8580996,0.76588935,0.84148854,0.62285835,0.85114735,0.348645,0.54202044,0.242999,0.46630305,0.10187105,0.31296203,0.36703366,0.2645919,0.4975052,0.42174855,0.76736856,0.71182907,0.65023816,0.45646954,0.52575386,0.41346437,0.3860113,0.7557539,0.69975555,0.5609606,0.35323244,0.30567557,0.22004771,0.26735255,0.26652396,0.72457373,0.66227627,0.31886646,0.38085374,0.54930216
1468,0.6532267,0.860813,0.63380665,0.17647263,0.8331423,0.20173769,0.50806266,0.30632016,0.3729859,0.2280668,0.68610054,0.31401402,0.38485736,0.64414966,0.39316434,0.7243277,0.85114896,0.44974726,0.45660967,0.41867024,0.30329794,0.2153172,0.81216383,0.6578196,0.8781533,0.38913456,0.24704845,0.3424301,0.28807992,0.6344948,0.749111,0.6746269,0.3494893,0.27059317,0.5126435
1469,0.77694976,0.825473,0.7590973,0.39803198,0.85359174,0.30658162,0.5229788,0.26124138,0.45972577,0.15862873,0.5316435,0.35420734,0.3096378,0.57443887,0.40857974,0.77802885,0.7801199,0.5499746,0.42154175,0.47733045,0.33490673,0.26109505,0.7897756,0.68370765,0.7632125,0.36160555,0.27979058,0.26919183,0.2603193,0.42529434,0.74300754,0.67386925,0.30293882,0.31615967,0.5260959
1470,0.81251335,0.7982337,0.7961556,0.5052653,0.84985524,0.33647805,0.5339713,0.25566995,0.47242436,0.13857737,0.43591446,0.36703008,0.28902632,0.53612334,0.4155553,0.774308,0.746123,0.5972574,0.43163595,0.50627446,0.37120184,0.3152385,0.7713914,0.6880169,0.6782463,0.35774836,0.29391557,0.24760361,0.2652721,0.3451173,0.7323863,0.66717374,0.30621597,0.34853792,0.5366262
1471,0.8425773,0.77225244,0.83086157,0.60764706,0.8465842,0.36447138,0.54255533,0.24731433,0.48235497,0.12062037,0.34113124,0.38087785,0.266997,0.49601164,0.43008417,0.77500373,0.7095352,0.6416394,0.44130287,0.53169954,0.40762264,0.37597007,0.7563455,0.6842948,0.5908538,0.35060042,0.31244656,0.22404997,0.27267805,0.25737563,0.72490233,0.66240084,0.31036916,0.37713474,0.5470643
1472,0.76979166,0.8373214,0.79020214,0.4713946,0.89409095,0.24179208,0.62390673,0.26730072,0.2575387,0.11225496,0.28248715,0.4287323,0.24433787,0.4871114,0.41862017,0.7412113,0.73893416,0.6437549,0.57198066,0.6721275,0.4768738,0.42963523,0.8030009,0.58442914,0.52706146,0.34508824,0.25565276,0.2010711,0.46748772,0.18857153,0.7903454,0.72170204,0.37909585,0.36188036,0.6180273
1473,0.9156941,0.7710477,0.9041861,0.742679,0.8801359,0.4007992,0.54456246,0.1962088,0.5339223,0.06751473,0.21449628,0.37541598,0.20296764,0.4559601,0.43848532,0.82620096,0.6979414,0.7108739,0.42713866,0.5468164,0.41373053,0.39444232,0.7646943,0.7241967,0.50755227,0.31891432,0.32149857,0.16432543,0.2220982,0.14247346,0.737447,0.6704498,0.27578807,0.38006145,0.5513658
1474,0.68005145,0.85682076,0.6610935,0.1993185,0.8378453,0.23574635,0.50241077,0.2909879,0.42531714,0.21884838,0.68145627,0.32142496,0.36173606,0.6390122,0.39792728,0.7587397,0.84172773,0.4592414,0.42842975,0.42144853,0.29754052,0.20527694,0.8128905,0.6681047,0.8761813,0.3798283,0.25730234,0.3275302,0.27454597,0.602448,0.7482225,0.6725231,0.32746652,0.2716584,0.50720036
1475,0.76960635,0.81009805,0.75234306,0.416999,0.83809805,0.30729634,0.52648485,0.2729394,0.45167542,0.16525666,0.5047021,0.35894743,0.31623083,0.565147,0.41381723,0.7594865,0.76704913,0.5552068,0.4322427,0.48368606,0.35349095,0.28777003,0.7782712,0.6755551,0.7293036,0.36831015,0.28697783,0.27647275,0.27355114,0.4216713,0.7325138,0.66685885,0.31876066,0.32934466,0.52951014
1476,0.6742286,0.85999995,0.6512268,0.1909332,0.84191513,0.22624342,0.5059102,0.29572132,0.41004735,0.2235845,0.68223035,0.32242328,0.36858106,0.64011407,0.40186873,0.7554945,0.8425169,0.45456988,0.43638897,0.42037734,0.2967347,0.20707433,0.8136994,0.656692,0.8797124,0.38128588,0.2603136,0.33147845,0.28440595,0.60730946,0.75034344,0.6742861,0.33451134,0.26760736,0.5098517
1477,0.8532853,0.76546115,0.83718395,0.62517774,0.84833443,0.37085915,0.5398279,0.24225295,0.49860707,0.11214477,0.31085163,0.37772134,0.2601955,0.49125448,0.43643326,0.78162265,0.7057812,0.64475036,0.44250065,0.52557564,0.40774536,0.38154906,0.7514307,0.68799007,0.564961,0.34672922,0.32628784,0.2205753,0.26599354,0.25393477,0.71849716,0.6576206,0.31030163,0.37464947,0.54436594
1478,0.7204817,0.7794566,0.71864986,0.41254693,0.77186596,0.22626095,0.55480826,0.3284566,0.28572026,0.19520906,0.49123368,0.3712998,0.35901982,0.5603175,0.37554726,0.5945097,0.76064163,0.57586867,0.508681,0.5128233,0.4307127,0.3654273,0.7661954,0.7041765,0.6181836,0.40646568,0.235709,0.3242421,0.3077901,0.47060147,0.7302556,0.6771594,0.36941853,0.39407048,0.57072645
1479,0.86658394,0.76719373,0.8496591,0.6529825,0.854389,0.4197309,0.542831,0.22839172,0.5435289,0.114871696,0.297198,0.4085707,0.24026255,0.47349334,0.4647417,0.80951947,0.68327177,0.6456653,0.41174382,0.5350627,0.39544702,0.38165712,0.74714,0.6647481,0.55708724,0.32461575,0.36901402,0.20201679,0.25702682,0.19024949,0.7195276,0.6579906,0.27917358,0.36283034,0.54300815
1480,0.84500855,0.79555523,0.83110666,0.57842046,0.8676162,0.3295388,0.5440807,0.23792985,0.45629945,0.104010105,0.35113412,0.35880652,0.26387075,0.5117213,0.40897036,0.7811979,0.74572027,0.63867986,0.4522892,0.5241067,0.39520773,0.3572251,0.7753155,0.7022192,0.62294555,0.34992063,0.28291726,0.21510439,0.26006478,0.28760856,0.7418899,0.67217577,0.30994081,0.36084312,0.54658437
1481,0.86847764,0.75507367,0.8598682,0.69855505,0.8674525,0.31984806,0.580954,0.2494227,0.37746137,0.09956072,0.21090245,0.4022759,0.24974999,0.44876814,0.42811862,0.72920835,0.67725575,0.6974387,0.5157179,0.58755744,0.4946677,0.48854104,0.75308216,0.6763513,0.4334422,0.3358449,0.3031661,0.21250331,0.3479646,0.16179487,0.74337184,0.6779215,0.339142,0.42472768,0.5885674
1482,0.86451495,0.758587,0.85078555,0.6638454,0.8487384,0.40637374,0.540561,0.23231313,0.53102314,0.11185006,0.28586656,0.3929948,0.24437122,0.47292176,0.45365912,0.8003229,0.6857291,0.65735185,0.42880112,0.53614765,0.409743,0.39233938,0.7440426,0.67814493,0.54419553,0.33529177,0.35037035,0.20537865,0.26109257,0.20024574,0.71460056,0.6547724,0.2987188,0.3769719,0.54401267
1483,0.5621537,0.66772926,0.5895047,0.25722712,0.37861603,0.86771,0.4583014,0.2445472,0.92721623,0.7622839,0.1344725,0.7581743,0.1708934,0.5308368,0.9084116,0.97363204,0.2529374,0.49358922,0.27613443,0.56259286,0.13687907,0.10518718,0.6280842,0.47115335,0.37886605,0.3479351,0.8647491,0.5185243,0.5561563,0.06459464,0.528697,0.6694432,0.41312283,0.33664927,0.6331352
1484,0.78970206,0.7880122,0.7915436,0.54886293,0.8424374,0.29294068,0.5976768,0.29004782,0.31953722,0.12542775,0.2883587,0.42666477,0.27873626,0.48247576,0.42288357,0.7039963,0.701939,0.6466531,0.540211,0.6302421,0.4746817,0.43911844,0.76048297,0.6158256,0.5162357,0.3673523,0.286337,0.23355353,0.42211103,0.22691631,0.74688876,0.6887042,0.38043442,0.39911538,0.5997322
1485,0.8492435,0.7487303,0.8395855,0.66872406,0.85047925,0.34474555,0.5706419,0.26335725,0.41542196,0.11409241,0.2574733,0.40311837,0.2677663,0.46049795,0.43446574,0.73344487,0.67862314,0.6695191,0.4939286,0.56922156,0.47215,0.4658904,0.73913574,0.6616992,0.48115402,0.34574383,0.3208696,0.22639617,0.3345341,0.19635537,0.7241511,0.6640695,0.339343,0.41301894,0.5731692
1486,0.7948829,0.8964714,0.84094924,0.38004166,0.92879134,0.23782071,0.64303046,0.19193125,0.26283848,0.09852336,0.218188,0.46226487,0.15259975,0.50487316,0.488167,0.85632724,0.74698055,0.6740171,0.56742084,0.75467014,0.4140715,0.3053003,0.86332244,0.5771423,0.5194891,0.28093,0.22824469,0.14853579,0.5132545,0.084450334,0.84448165,0.78257585,0.3555419,0.311622,0.6619447
1487,0.7693593,0.80698425,0.74905473,0.42337984,0.8402956,0.31281278,0.5235705,0.26880318,0.46274525,0.17324321,0.4926793,0.36100084,0.31301385,0.5603022,0.4249304,0.7687503,0.7608151,0.55301505,0.4301323,0.47737154,0.35439155,0.30118862,0.7779868,0.67001873,0.7153328,0.36025167,0.30201182,0.2785253,0.27724817,0.40972596,0.7330085,0.6651378,0.3163903,0.32754916,0.528931
1488,0.53808916,0.69787323,0.5786072,0.2135994,0.32504964,0.82013667,0.46743217,0.23844579,0.8862594,0.7328347,0.12774539,0.76467675,0.154314,0.56876695,0.8993074,0.96084976,0.26095727,0.5099675,0.29584363,0.60162073,0.13301726,0.09236892,0.6675964,0.4858032,0.39320728,0.30649844,0.812205,0.5285091,0.63882613,0.05952412,0.54501766,0.70270085,0.4421816,0.37745255,0.66202843
1489,0.71369743,0.86783266,0.6926744,0.23800306,0.86060655,0.21049209,0.5051182,0.26942977,0.38543993,0.17979862,0.65312237,0.30403572,0.34897587,0.6405298,0.37921944,0.7563812,0.85112107,0.48300114,0.43639484,0.4206354,0.29456037,0.20352888,0.82594335,0.6996916,0.8580324,0.3714219,0.22869703,0.3060735,0.24566147,0.5877622,0.7679361,0.6881944,0.3177994,0.26967117,0.51323766
1490,0.667463,0.8717085,0.6509319,0.17998569,0.85763663,0.19828941,0.517239,0.29578966,0.36789888,0.2076917,0.6783254,0.31552178,0.3682859,0.639989,0.39315385,0.7447619,0.85603064,0.45458263,0.4619792,0.43049803,0.30517244,0.22181137,0.8229998,0.64915615,0.87655175,0.37872377,0.24078591,0.32057124,0.29628292,0.6037693,0.76463866,0.68388,0.34379002,0.26166105,0.5170154
1491,0.8862041,0.7642108,0.87186843,0.68749535,0.85988915,0.40946907,0.5390218,0.21528473,0.5433776,0.09519197,0.26213518,0.38780934,0.22614703,0.46987516,0.4535511,0.81505394,0.6881806,0.67452735,0.41963118,0.53684556,0.40428367,0.38443646,0.7541069,0.6956373,0.5344062,0.32725108,0.34557837,0.18916015,0.24077614,0.17545347,0.724418,0.66062546,0.28467506,0.37375975,0.5452013
1492,0.64633435,0.8524159,0.6540567,0.2100194,0.7945453,0.18403813,0.52034205,0.31589016,0.31555867,0.18781307,0.63614863,0.3109631,0.37733102,0.63513505,0.3535307,0.6607672,0.8662323,0.4860209,0.5116143,0.45526305,0.34938672,0.26617137,0.8090094,0.69585973,0.82342863,0.41920358,0.21101673,0.3189364,0.28379637,0.6290109,0.74878204,0.6820065,0.3749977,0.30112123,0.5312579
1493,0.6883548,0.8542446,0.6672615,0.20818555,0.84489155,0.24972145,0.5041286,0.2880816,0.44108376,0.21723732,0.6742322,0.32812846,0.35498774,0.6335409,0.4028152,0.77204657,0.83405954,0.461654,0.4231604,0.42414135,0.29413638,0.20462342,0.8107276,0.66133446,0.8755549,0.37916845,0.26731014,0.3217495,0.2792092,0.5861348,0.7458709,0.67076546,0.32447454,0.27113983,0.506871
1494,0.76802266,0.82494867,0.75044954,0.3973593,0.8494921,0.26842356,0.51810956,0.25914747,0.42576122,0.1548634,0.50848097,0.32871267,0.31306016,0.58100915,0.39572567,0.759586,0.79593474,0.5569475,0.44124642,0.46508676,0.34465554,0.27444744,0.7972233,0.7067717,0.7348408,0.36723846,0.25770733,0.2732648,0.25011998,0.46056104,0.74717164,0.67574054,0.31888264,0.31936193,0.5280291
1495,0.79570115,0.7977672,0.77683,0.48100895,0.84124124,0.3597465,0.528051,0.25843886,0.5075779,0.16088536,0.45484692,0.38199165,0.2918961,0.53812504,0.43761864,0.7878715,0.7367614,0.57516366,0.41208968,0.4964788,0.35769016,0.30514956,0.7679597,0.6658076,0.69172084,0.35165802,0.32720065,0.2557544,0.26769266,0.34956482,0.7257787,0.6609597,0.29702613,0.3348698,0.5297345
1496,0.72087854,0.83790016,0.6987138,0.30310923,0.8430066,0.28446475,0.51314473,0.2767023,0.46135974,0.20012088,0.5840615,0.3505175,0.33172467,0.5964835,0.4298265,0.78407586,0.7996505,0.49524337,0.42210132,0.44733867,0.31583938,0.2506238,0.797105,0.6501314,0.7948321,0.36106128,0.29981107,0.29985318,0.27828437,0.49326676,0.74363434,0.6702553,0.31663683,0.283516,0.5155202
1497,0.84386694,0.7915884,0.8279017,0.57375896,0.8608147,0.34329462,0.5487467,0.24818638,0.4582692,0.11688081,0.36970526,0.3818952,0.27219182,0.50983304,0.42046538,0.7728796,0.7279809,0.6306415,0.44531775,0.53098744,0.4000237,0.36060673,0.7679726,0.6854797,0.6222747,0.3485176,0.2999714,0.22831905,0.2785694,0.27723867,0.73843753,0.6721227,0.30442455,0.36588576,0.5506958
1498,0.79845655,0.81080514,0.78043026,0.46604618,0.84623116,0.29992276,0.53405434,0.26319748,0.43151265,0.13940927,0.46226954,0.35478958,0.3048976,0.55551505,0.4009719,0.7549381,0.7678634,0.5865634,0.44164625,0.4990806,0.36650032,0.2991286,0.7810286,0.69897425,0.70242685,0.36815727,0.26792234,0.26027504,0.26172096,0.391575,0.7412076,0.67382383,0.31654543,0.3421783,0.5392139
1499,0.8476092,0.75655633,0.83117706,0.6239663,0.84325075,0.3900749,0.53765905,0.24172898,0.5165388,0.12470219,0.30519286,0.39129925,0.25520554,0.4839695,0.45993406,0.792751,0.6859926,0.63626313,0.44006762,0.52778494,0.41097665,0.39491037,0.7439337,0.6652706,0.54092443,0.33891854,0.35642353,0.22033803,0.28019214,0.2285059,0.71289515,0.653993,0.31142133,0.3702186,0.5443574
1500,0.8990526,0.74671215,0.88802373,0.74776924,0.8740969,0.36970836,0.5592055,0.22019894,0.4636106,0.07692951,0.17287375,0.38591394,0.21657164,0.43994778,0.44650745,0.783767,0.6656021,0.71297014,0.48734045,0.5729946,0.47200996,0.46661282,0.7491344,0.6934704,0.4186221,0.32400328,0.33306777,0.18024616,0.29706478,0.13078019,0.72982424,0.6662675,0.3196092,0.406421,0.5708163
1501,0.7104039,0.83384883,0.69475746,0.30321258,0.8352097,0.25350985,0.513939,0.28696156,0.41718945,0.1969606,0.59416664,0.32966012,0.34789708,0.60508,0.4000635,0.7442175,0.8123711,0.5034954,0.4412728,0.4459187,0.3313263,0.25528342,0.7962812,0.67670876,0.7971157,0.3769779,0.26179442,0.3104264,0.27368444,0.5360447,0.7403667,0.66913784,0.3333775,0.30031624,0.5178524
1502,0.8660949,0.7724331,0.8497778,0.6322899,0.8556932,0.35129642,0.5427139,0.23738082,0.4735659,0.09662322,0.310106,0.36626625,0.25812322,0.49789008,0.41484675,0.7729602,0.71815246,0.6585659,0.4465805,0.52995455,0.40806976,0.37420624,0.76060736,0.71066505,0.5740217,0.3522253,0.2960499,0.21327531,0.2540546,0.26202655,0.72822875,0.6646274,0.30962864,0.38028374,0.54862815
1503,0.7355624,0.8184153,0.728825,0.39704376,0.8468415,0.28971085,0.55296725,0.2920727,0.4084115,0.17538467,0.49019527,0.38074008,0.32041103,0.5473872,0.42746416,0.75278914,0.766996,0.54545623,0.4728462,0.5194351,0.38727543,0.33992335,0.7785572,0.6206494,0.70603687,0.36443168,0.2939459,0.27461785,0.34212723,0.3886525,0.7426797,0.6731974,0.34461474,0.32731757,0.5451185
1504,0.8073908,0.713541,0.8151968,0.65802467,0.7617711,0.27113008,0.6008744,0.33403942,0.24386005,0.17005494,0.3188692,0.43934983,0.31801194,0.4762767,0.3742148,0.53768206,0.6518056,0.6984674,0.5014514,0.59875166,0.5230569,0.4798624,0.73463744,0.7241663,0.4035812,0.39813223,0.24200806,0.2988051,0.32001317,0.26787758,0.7207495,0.68293697,0.3527714,0.50210243,0.6214539
1505,0.7827733,0.76978964,0.76587266,0.515962,0.82119465,0.37958977,0.53495145,0.27359182,0.5090423,0.17438886,0.40140897,0.40206194,0.2926065,0.51120555,0.46666384,0.7785776,0.70158845,0.5777471,0.4331761,0.5137478,0.38840884,0.35887355,0.74093026,0.62848884,0.612082,0.35149604,0.368353,0.25997216,0.30442178,0.3120173,0.70549107,0.6495658,0.32164216,0.34763342,0.5370945
1506,0.77643,0.7834529,0.76247996,0.4946104,0.83182085,0.38172847,0.5402303,0.26889896,0.508041,0.18300177,0.40438834,0.4168643,0.28509468,0.5118638,0.47990832,0.78824615,0.7098903,0.5667275,0.42833418,0.5146324,0.37816703,0.35522875,0.7499274,0.60886484,0.6195417,0.33973283,0.3883551,0.25962365,0.3085699,0.30038103,0.7162558,0.6566732,0.31407526,0.33175576,0.53892326
1507,0.6507098,0.856812,0.63910395,0.18834254,0.8219614,0.20258217,0.5141233,0.3126636,0.36512703,0.22305568,0.6822936,0.31623167,0.38214642,0.6402639,0.38973886,0.7151942,0.85227025,0.45555884,0.46351233,0.43146902,0.31985408,0.23493035,0.8099346,0.6566812,0.86107826,0.39305383,0.23765978,0.33663565,0.29715422,0.6291182,0.748651,0.6752618,0.35646087,0.27686125,0.5164013
1508,0.65104246,0.82538855,0.63190776,0.24186115,0.79756975,0.2820815,0.51582825,0.3210768,0.44165248,0.2646275,0.62417424,0.3665289,0.3751859,0.60493433,0.44195136,0.7406425,0.7894676,0.46093878,0.44039267,0.44985136,0.32484236,0.25991145,0.7758877,0.6095971,0.8176915,0.38718185,0.31678283,0.347779,0.325514,0.54952365,0.718101,0.65589166,0.3548717,0.290119,0.5173065
1509,0.88056505,0.75931036,0.86565006,0.6860272,0.8386885,0.384638,0.5545076,0.24553962,0.48265952,0.100246325,0.28295654,0.39386708,0.2550754,0.47895527,0.4184032,0.76276726,0.6907788,0.68526965,0.43900782,0.5612711,0.4242623,0.38097003,0.7445592,0.7100113,0.55292463,0.35691893,0.304362,0.21148281,0.26096892,0.21276513,0.719838,0.6631961,0.30398694,0.40472555,0.55992234
1510,0.9282249,0.7963462,0.93098724,0.7431227,0.8595707,0.23357753,0.6257974,0.26331696,0.19897032,0.058761783,0.2525043,0.43138272,0.24074054,0.47901368,0.33882165,0.6146262,0.6764978,0.78328294,0.4772387,0.67662495,0.5108838,0.41513985,0.8032506,0.77084243,0.4396996,0.36055174,0.17313719,0.19545108,0.26359755,0.13855503,0.7959801,0.74022824,0.3014504,0.47776136,0.6577757
1511,0.6252891,0.81989,0.6882981,0.38212714,0.887634,0.24510305,0.6306051,0.31650895,0.30296427,0.22287133,0.36596662,0.4494845,0.28103548,0.4752071,0.468965,0.72637886,0.70719874,0.55834043,0.5769912,0.6707185,0.5035542,0.46682006,0.7797758,0.49491715,0.48998776,0.33332798,0.31322327,0.246255,0.5248906,0.23140594,0.76040065,0.69418496,0.39423174,0.337727,0.598572
1512,0.64501065,0.87538195,0.634688,0.14583135,0.8342705,0.16650827,0.5022975,0.29991466,0.33639616,0.21000662,0.7116865,0.28862214,0.38625365,0.6664533,0.36689773,0.7110748,0.88097775,0.44396314,0.46919766,0.40763626,0.297582,0.20042643,0.82801783,0.6866515,0.89429367,0.3947064,0.21114898,0.33967686,0.26660913,0.6838886,0.7604512,0.68448883,0.3520977,0.2616193,0.51193964
1513,0.7146336,0.7538189,0.6901537,0.40419507,0.70140517,0.66600907,0.49522725,0.22853187,0.77351,0.44112366,0.2516841,0.5970858,0.19080444,0.49665603,0.72342265,0.9205763,0.5331062,0.4975297,0.31123725,0.513393,0.24892358,0.24418089,0.7051052,0.47261757,0.5023958,0.29429248,0.7182321,0.33075508,0.3685146,0.12814362,0.6504985,0.64483625,0.28918213,0.25769177,0.5469499
1514,0.88985574,0.7490287,0.8777111,0.7218433,0.8528577,0.42558718,0.53949326,0.21546885,0.557669,0.09724349,0.22371502,0.3959008,0.21978378,0.45366794,0.4666315,0.8151825,0.6685256,0.6856781,0.42682943,0.5413894,0.4157533,0.40090483,0.7416694,0.69170195,0.4850164,0.3261507,0.36968273,0.1878125,0.24580221,0.15895149,0.71321094,0.6554583,0.29043746,0.38164055,0.5485155
1515,0.7897419,0.78704345,0.7717305,0.48851737,0.83205986,0.35588425,0.52920663,0.26765066,0.4968752,0.16603489,0.4461791,0.38194436,0.300451,0.53375757,0.43805647,0.77180946,0.72922814,0.57688224,0.42216334,0.49841252,0.36946622,0.3202163,0.75853527,0.66297835,0.67284995,0.35815978,0.32783127,0.26449025,0.27722415,0.35681662,0.71692514,0.656204,0.30990848,0.3451983,0.5319976
1516,0.68957174,0.8392992,0.6745475,0.26201788,0.8309868,0.25485957,0.51552564,0.29740614,0.4159813,0.21308307,0.62556875,0.33953252,0.35938162,0.6099218,0.4075622,0.74393976,0.81520593,0.4836352,0.44291323,0.44643053,0.32284984,0.24603024,0.7931918,0.65106475,0.8298836,0.38026747,0.27304763,0.31942725,0.2918584,0.54521143,0.73733443,0.6679026,0.33911353,0.29208717,0.516616
1517,0.72098625,0.8483909,0.6986432,0.2697393,0.8487419,0.25188226,0.510389,0.27857113,0.42589122,0.19283815,0.632634,0.32919726,0.34564286,0.61887497,0.3987655,0.7657031,0.8212411,0.49113718,0.42697096,0.438917,0.30817306,0.22097549,0.8069666,0.6788958,0.8363209,0.37136993,0.2583043,0.30793366,0.26700357,0.5403303,0.7522248,0.6767152,0.31724024,0.2854187,0.5143647
1518,0.8657206,0.77079904,0.85045356,0.64372754,0.8607709,0.35892072,0.5380271,0.22805479,0.489333,0.099714786,0.29301745,0.3634006,0.24936274,0.48934236,0.42638072,0.78744495,0.71424294,0.66135037,0.4469637,0.5242128,0.40857202,0.38335538,0.76110965,0.70747674,0.55580026,0.34270868,0.31002814,0.20661405,0.25057727,0.24549071,0.7282554,0.66336405,0.30618256,0.37644815,0.5461546
1519,0.924493,0.74160683,0.91300994,0.7810451,0.86832505,0.40224427,0.54397315,0.20481603,0.5250719,0.059381902,0.16522671,0.371706,0.20786199,0.44303703,0.44078445,0.80563307,0.6743867,0.725854,0.45442408,0.55080634,0.44364476,0.43789282,0.7456794,0.7230617,0.44897398,0.3310544,0.3324175,0.1679476,0.24138847,0.13269201,0.7190319,0.6581635,0.30380967,0.40520248,0.5554908
1520,0.75608706,0.7922757,0.7632729,0.5239636,0.8771291,0.3208891,0.59818685,0.27471584,0.4073678,0.21331854,0.34337252,0.43806902,0.26841134,0.45855004,0.49031258,0.7705204,0.6786803,0.5944993,0.48708883,0.6164745,0.47561756,0.43867216,0.76250476,0.5657899,0.46813458,0.308075,0.34420332,0.23556387,0.40532392,0.20712015,0.746161,0.6792746,0.32295042,0.3507729,0.57492
1521,0.7721852,0.81463957,0.72520924,0.35226765,0.7582251,0.7189496,0.4621802,0.17300972,0.85064584,0.4002253,0.261027,0.617334,0.14980295,0.5177606,0.76934254,0.955571,0.5993659,0.45625538,0.22228523,0.4415881,0.16106477,0.16445085,0.7607142,0.44578943,0.59988403,0.24037293,0.79285127,0.28834322,0.26518235,0.12755013,0.693321,0.6572847,0.2001148,0.17470177,0.5094117
1522,0.66517687,0.8544504,0.64751995,0.19022228,0.83161294,0.2218775,0.5014131,0.2979196,0.40398788,0.22756906,0.6863292,0.31625322,0.37286204,0.6427959,0.39303917,0.73992026,0.84387827,0.45517325,0.4375461,0.41693792,0.29887098,0.20510757,0.8100632,0.67068803,0.8754264,0.3871418,0.25201523,0.33871314,0.27631623,0.6270777,0.74349016,0.6710067,0.33774975,0.2744395,0.5082153
1523,0.92080384,0.88585645,0.9325302,0.5654942,0.8715116,0.22996747,0.621517,0.18567912,0.23423383,0.040630303,0.21128967,0.46907052,0.15196979,0.5343667,0.3999114,0.7923485,0.7248613,0.79222816,0.47300225,0.7685584,0.36720642,0.23773766,0.85558814,0.73610187,0.55054194,0.3164471,0.15719333,0.13366841,0.30482942,0.07035433,0.8465923,0.783541,0.2949633,0.42184123,0.69136196
1524,0.8433701,0.76621836,0.8328737,0.6313623,0.85585785,0.35552382,0.55477846,0.24174008,0.45619932,0.118901215,0.27985615,0.39333463,0.25236908,0.47470587,0.44855052,0.774155,0.6903167,0.654628,0.47036615,0.55489916,0.43706495,0.4223577,0.75572795,0.6637476,0.51716757,0.33626598,0.3304717,0.21357162,0.310151,0.20213124,0.73245627,0.6676368,0.32203445,0.38360292,0.56206524
1525,0.8036107,0.78536314,0.7866849,0.5076192,0.83313006,0.34594217,0.53731614,0.27135938,0.47205895,0.14949593,0.43160495,0.37989083,0.30088,0.53049105,0.42245904,0.7577064,0.73160195,0.5942348,0.4372994,0.51408875,0.3812148,0.32652754,0.75674754,0.67396575,0.6674905,0.36743188,0.3080495,0.25918204,0.28247246,0.34632444,0.718531,0.65937155,0.31832975,0.35865322,0.5398177
1526,0.7602321,0.8274927,0.78064346,0.46536207,0.87335426,0.2627098,0.6152954,0.27465636,0.2734645,0.11793778,0.2839827,0.435674,0.25081903,0.493042,0.42574638,0.73701096,0.72714674,0.6398839,0.562185,0.6659219,0.46303362,0.4164702,0.7920026,0.5815341,0.53490925,0.35574657,0.26631197,0.21183959,0.4672185,0.19996038,0.77617913,0.71459395,0.3890321,0.36934426,0.61494696
1527,0.74970555,0.8070871,0.7346613,0.40823835,0.82664996,0.30061927,0.5256406,0.28274268,0.44322842,0.18020341,0.5066718,0.35668185,0.32706422,0.56689024,0.4118496,0.744419,0.7699088,0.5503419,0.4415607,0.4820063,0.35982525,0.29412204,0.77444035,0.6735136,0.72813666,0.37449965,0.28799525,0.28863257,0.2799411,0.44469914,0.7260248,0.66294545,0.32865068,0.33349657,0.5306199
1528,0.69476426,0.8397334,0.67996186,0.27057165,0.8276534,0.2296113,0.51212996,0.29325527,0.38935885,0.19959517,0.61210376,0.32190812,0.36042488,0.61821884,0.39075905,0.7239276,0.8261943,0.49402767,0.45387164,0.4404738,0.32758492,0.2463315,0.7996391,0.6799143,0.81155473,0.3853468,0.25115818,0.31937408,0.27374604,0.57158434,0.74119747,0.6720268,0.34255615,0.29789376,0.5200472
1529,0.8644298,0.76739955,0.8507145,0.6454557,0.85445225,0.35948446,0.5356313,0.22883236,0.49240223,0.09928949,0.2888108,0.36251432,0.24931821,0.49067694,0.42871857,0.78402835,0.7124311,0.66215944,0.444789,0.5204338,0.40890756,0.37992904,0.75920063,0.71292436,0.5483166,0.34437233,0.31206882,0.21116054,0.24565974,0.25042453,0.72485745,0.66175073,0.30885848,0.37621373,0.5454147
1530,0.84699976,0.7802601,0.8307103,0.5923735,0.8524086,0.34491587,0.5400221,0.2452509,0.4693567,0.11333563,0.34957924,0.36646673,0.27099478,0.5086487,0.41538638,0.7691529,0.7271539,0.6408515,0.44598547,0.5234501,0.39959055,0.3577141,0.7631497,0.7033583,0.6081537,0.3551759,0.29544395,0.22707097,0.2606371,0.28757575,0.7287354,0.6649717,0.3117848,0.37340307,0.54615885
1531,0.8118032,0.7827731,0.7947767,0.53696555,0.83565825,0.37772125,0.53880674,0.26352677,0.50199884,0.15249981,0.41597015,0.39850402,0.28909212,0.5145694,0.44494456,0.7780985,0.71269524,0.5967681,0.41957933,0.51967615,0.3813741,0.33850846,0.7513896,0.65606666,0.64834416,0.35019115,0.336873,0.24946746,0.2795924,0.30013043,0.71828663,0.6586215,0.30157414,0.35468096,0.5385233
1532,0.8520013,0.77333814,0.83769214,0.62261504,0.853216,0.37205586,0.5402782,0.23838325,0.5014813,0.1143,0.32073614,0.37748232,0.257456,0.49216503,0.4348436,0.7882049,0.71046823,0.64776206,0.4387024,0.52800524,0.40328637,0.3731757,0.7568604,0.69048655,0.57897836,0.34524614,0.32154232,0.21633777,0.26091614,0.25026742,0.72422516,0.66153455,0.30483967,0.3712215,0.5452112
1533,0.82087123,0.855357,0.8364256,0.49749145,0.9059496,0.22531769,0.6298068,0.24811538,0.22541797,0.07537604,0.26291242,0.4196453,0.2257179,0.49482203,0.38804016,0.7473208,0.75930065,0.6813083,0.5708555,0.6883026,0.46749076,0.40836486,0.82317114,0.6228033,0.55139095,0.34866163,0.21553734,0.17288838,0.4340137,0.16937497,0.81065875,0.7399323,0.3650353,0.3651674,0.63042414
1534,0.6898168,0.8592928,0.671697,0.21600969,0.84409684,0.22798462,0.5058428,0.2869154,0.40544635,0.203444,0.67299545,0.3159796,0.35936734,0.6376692,0.3898603,0.7536756,0.8430473,0.46748847,0.4360103,0.42566124,0.30078933,0.20904832,0.81590253,0.67659557,0.86734945,0.37733865,0.24512713,0.31993958,0.26932454,0.5934644,0.7549237,0.6780684,0.32668838,0.27326924,0.51012975
1535,0.7545982,0.79248935,0.7681042,0.52321,0.8763345,0.3674844,0.59045523,0.25617266,0.45900956,0.20960152,0.28249845,0.4641676,0.2333448,0.45658737,0.52515763,0.8132021,0.6587876,0.59351385,0.4823442,0.6247203,0.45597935,0.429794,0.7619929,0.54266703,0.44515935,0.29682675,0.40597445,0.22430173,0.42521897,0.1527905,0.7418249,0.67957985,0.3295231,0.3354321,0.5801169
1536,0.6308826,0.68984354,0.62108296,0.28309125,0.5176974,0.8878387,0.4515558,0.22764352,0.95452785,0.7281605,0.13876948,0.76554453,0.14776939,0.51958734,0.9074799,0.98226416,0.2982152,0.47313476,0.23924172,0.5298708,0.13261363,0.1050879,0.6312784,0.41088715,0.41605765,0.31243643,0.91903037,0.48031825,0.46096078,0.05286811,0.54407924,0.64524937,0.31613663,0.28274328,0.5971921
1537,0.5477203,0.69732267,0.5827768,0.22593887,0.32207966,0.80854976,0.4691828,0.24452314,0.8809072,0.7020149,0.13305783,0.7465786,0.16576946,0.5677355,0.8931354,0.96250725,0.28334728,0.51320827,0.303486,0.59217066,0.1327287,0.09274485,0.66856015,0.49995333,0.41568398,0.3177088,0.78791714,0.51493555,0.6230067,0.06612539,0.55120486,0.6967312,0.4457333,0.37821206,0.65245146
1538,0.80357,0.7891222,0.78499997,0.49963325,0.8402982,0.33345953,0.5286062,0.25899974,0.47647128,0.14543067,0.4274091,0.3645797,0.29330954,0.5368742,0.42499465,0.77106273,0.73964393,0.58894145,0.4326025,0.4942363,0.37277555,0.32367635,0.7669405,0.6836656,0.65689135,0.35800162,0.30581576,0.25600344,0.2665248,0.35936496,0.72576934,0.66200304,0.31309947,0.34657654,0.53375906
1539,0.68310905,0.843524,0.66369164,0.24221489,0.8493058,0.2918442,0.51764345,0.2841705,0.47460327,0.25535557,0.6312648,0.36414474,0.33629647,0.6027516,0.45977074,0.799928,0.7833274,0.4616539,0.4220046,0.45870036,0.31491905,0.23784249,0.7967159,0.61652505,0.7978195,0.35592455,0.3176735,0.30875012,0.3094445,0.4981812,0.742255,0.6695407,0.31845647,0.26060915,0.51608896
1540,0.64796984,0.81849366,0.7148131,0.41216087,0.89036673,0.24862096,0.6345111,0.30598852,0.29499587,0.21494448,0.34597984,0.4586042,0.2628574,0.46970543,0.47168112,0.72481143,0.6855337,0.5814527,0.57063204,0.6936514,0.5119649,0.4559819,0.7851928,0.5065459,0.44717607,0.32070702,0.30290842,0.23727384,0.5289299,0.19897732,0.76515543,0.7024253,0.38406736,0.35466135,0.6106064
1541,0.677632,0.8539802,0.73806083,0.39830238,0.92496985,0.24677983,0.647565,0.25803593,0.30517,0.18498047,0.2864843,0.4538196,0.21458185,0.45666298,0.4927823,0.80516374,0.7069313,0.5918047,0.57813925,0.7171809,0.5135635,0.445023,0.814901,0.4881937,0.4418242,0.28414264,0.3090048,0.18796541,0.5465673,0.1439858,0.80009013,0.72392404,0.36192995,0.30929524,0.6149038
1542,0.8003135,0.7988152,0.7818564,0.4860266,0.8564247,0.547789,0.5242684,0.20677316,0.6485792,0.2660849,0.2480824,0.5370157,0.1867446,0.4741746,0.6272956,0.8734187,0.6378272,0.5453538,0.3544736,0.5211254,0.31122,0.31224364,0.75267607,0.4962367,0.52907115,0.27172557,0.59812963,0.23201188,0.3063485,0.1313904,0.7134426,0.6594459,0.24904566,0.2604151,0.53744155
1543,0.62262946,0.8239212,0.688264,0.3882556,0.89649886,0.29838347,0.6365164,0.28370166,0.37660646,0.28558746,0.3150445,0.4872234,0.23265347,0.45055026,0.56171083,0.81764686,0.63975936,0.55374414,0.54095966,0.71217144,0.50232166,0.43299875,0.7841689,0.45249194,0.39186007,0.27378163,0.37760565,0.23061752,0.5616558,0.13932154,0.7612046,0.70103997,0.3657404,0.31220466,0.6069681
1544,0.86652124,0.7769104,0.8509946,0.62473,0.84884375,0.38005173,0.55098516,0.24883676,0.4869644,0.1056083,0.3442851,0.39423087,0.26452488,0.4958118,0.42160526,0.77439946,0.70833427,0.6531546,0.43174228,0.5501417,0.40350467,0.35552698,0.75246966,0.6917779,0.612347,0.35404918,0.3072731,0.21827435,0.26639706,0.23862703,0.7248651,0.6653601,0.2993042,0.38253292,0.5520387
1545,0.7024868,0.84515697,0.75362647,0.42635784,0.91690075,0.22609866,0.64164275,0.2726333,0.2623205,0.15573537,0.29672235,0.43966436,0.23835194,0.46895415,0.4483313,0.75924534,0.72622967,0.61214745,0.5855759,0.7002872,0.5107089,0.45755848,0.81008446,0.5249682,0.4752609,0.31498915,0.27504417,0.19743249,0.52348113,0.17234656,0.796729,0.72221756,0.37519965,0.3386243,0.6179811
1546,0.5621928,0.66688627,0.58484423,0.2474406,0.37579617,0.87409365,0.45347852,0.24120799,0.9333502,0.7711685,0.13189456,0.7666702,0.1669402,0.5342203,0.914632,0.97586834,0.24148671,0.4927745,0.2689317,0.56178546,0.1307212,0.09709827,0.62684953,0.46703514,0.377868,0.34429923,0.876651,0.52390707,0.55535066,0.060495563,0.52618515,0.6715549,0.40484327,0.3361078,0.63618594
1547,0.78166187,0.8429235,0.76675135,0.38567418,0.8668041,0.2725896,0.522823,0.25060576,0.42410865,0.13747631,0.53704506,0.33200997,0.30525655,0.5888468,0.38559502,0.7741452,0.8073866,0.5545782,0.4335362,0.47255367,0.3304033,0.24956119,0.8085798,0.7101365,0.77632725,0.3613766,0.24425574,0.25952157,0.24237366,0.44735947,0.76117295,0.68621457,0.30095065,0.30770206,0.52823323
1548,0.7675288,0.8246419,0.74812716,0.38715005,0.8498831,0.30789655,0.5216128,0.264748,0.4688213,0.16710712,0.5363165,0.35743618,0.31360784,0.5741974,0.42037573,0.7821658,0.77713716,0.5391091,0.41931552,0.4726242,0.3354696,0.2680791,0.7887527,0.6712702,0.75920373,0.35847956,0.29067963,0.27385002,0.26604286,0.42782268,0.7428784,0.67168367,0.30336756,0.30992985,0.5234867
1549,0.8143325,0.78048956,0.79580784,0.5463307,0.8386962,0.3970431,0.53401196,0.24689384,0.52728146,0.15877306,0.37632817,0.40778232,0.26743907,0.50446093,0.47033373,0.8041543,0.70097643,0.5967445,0.41322738,0.516887,0.3750434,0.35265353,0.7546741,0.6398422,0.6171483,0.33459267,0.37728262,0.2357595,0.28043643,0.25781903,0.7216241,0.65791607,0.29347345,0.34287435,0.5377129
1550,0.6038559,0.79150045,0.62569195,0.2615623,0.71317947,0.19924022,0.5416896,0.37533006,0.27611107,0.2381796,0.5707983,0.3567926,0.40287668,0.5959811,0.36466438,0.561456,0.8190466,0.50881356,0.55376875,0.49650127,0.4182405,0.36648503,0.7610613,0.6640314,0.70695746,0.46285772,0.23914044,0.3517633,0.35087216,0.61148846,0.702936,0.66047585,0.429156,0.3640779,0.5538975
1551,0.60274136,0.8272834,0.6068074,0.19789353,0.769003,0.19487782,0.52600586,0.3485888,0.32265195,0.24370949,0.63069385,0.3333704,0.4070247,0.6226239,0.38219303,0.63855076,0.842007,0.4669258,0.5176485,0.4544405,0.36300918,0.29666448,0.7781143,0.6461501,0.80267775,0.42948404,0.24770007,0.35437435,0.3284424,0.6437801,0.7189039,0.6617643,0.40347204,0.30996737,0.5303454
1552,0.8473938,0.7658108,0.8357712,0.63716483,0.85456294,0.36982337,0.55270064,0.2473903,0.4776381,0.11247984,0.29717988,0.3907331,0.2585638,0.4768167,0.4423647,0.77714574,0.700264,0.64702815,0.45637983,0.5415929,0.425767,0.41261396,0.747871,0.666371,0.5424333,0.3400628,0.33221248,0.2156506,0.2896691,0.22407384,0.722661,0.6608939,0.3159015,0.37774554,0.55264556
1553,0.80582637,0.7782111,0.8002881,0.5694883,0.8505532,0.3291874,0.5661903,0.27582112,0.41582638,0.12769839,0.33936483,0.39088735,0.28645587,0.49275404,0.42548013,0.7433109,0.71975046,0.62624264,0.48950633,0.55835766,0.43916005,0.41627377,0.75219566,0.6452537,0.58070105,0.35872966,0.3056589,0.23640648,0.33683455,0.2672992,0.7286836,0.66516507,0.348236,0.37917078,0.5616466
1554,0.53920627,0.81307715,0.5933355,0.17325161,0.66425765,0.13819787,0.55196273,0.3969612,0.19907889,0.19847651,0.54970294,0.34596398,0.40912372,0.6117285,0.31373635,0.47944134,0.88473034,0.50934935,0.65104467,0.5158047,0.4411799,0.41758078,0.7793483,0.69619924,0.71216524,0.53561926,0.19878551,0.3281809,0.36551222,0.6853196,0.7151338,0.6762678,0.48424998,0.36222094,0.5706121
1555,0.6948115,0.8726451,0.67398345,0.2052227,0.86597043,0.21203323,0.516163,0.28010717,0.38605243,0.19136229,0.6616414,0.31837934,0.35002717,0.63467157,0.39577046,0.7708953,0.85089076,0.46655732,0.4494894,0.43476194,0.30158085,0.21890981,0.8259579,0.6579088,0.8651867,0.36877126,0.24529389,0.30325097,0.285807,0.56957155,0.77074206,0.6878152,0.32773876,0.2598257,0.5164601
1556,0.93480825,0.75747633,0.9244321,0.7962961,0.88665897,0.38022858,0.55010605,0.18996051,0.5016569,0.051760603,0.15147413,0.36460263,0.19368914,0.43838143,0.43134794,0.8099631,0.68772805,0.74578047,0.4610489,0.5572008,0.44844127,0.44059086,0.763785,0.74278486,0.43849927,0.32060862,0.30944616,0.15477005,0.23372407,0.11630948,0.7412242,0.6730915,0.29236552,0.4047675,0.5645081
1557,0.838078,0.7851077,0.82095253,0.5675799,0.84858817,0.35559806,0.5386139,0.24961081,0.48419905,0.123193,0.3832993,0.37627563,0.2763285,0.5149487,0.4237566,0.77643824,0.72596776,0.6235822,0.43058878,0.51948285,0.38690302,0.33910444,0.76205,0.69152653,0.6337204,0.35150164,0.30546623,0.23475654,0.25989237,0.29463568,0.7279949,0.6647161,0.30208486,0.36310282,0.54184073
1558,0.7025068,0.7143465,0.671781,0.3293574,0.67975634,0.88889503,0.4490816,0.20496264,0.960252,0.66438997,0.16649005,0.7426821,0.14013362,0.49549523,0.88836193,0.98475295,0.36478233,0.45786524,0.21071239,0.48989,0.14101692,0.12448025,0.6472322,0.37625208,0.4569694,0.29156497,0.93586904,0.40945578,0.34913883,0.05411454,0.57138574,0.62144434,0.23701909,0.22496445,0.5520063
1559,0.7370382,0.8437584,0.7159478,0.31275806,0.85586005,0.2611657,0.5100395,0.26500928,0.44131985,0.18158214,0.5849568,0.325214,0.32640192,0.6047338,0.40158373,0.7779807,0.816852,0.5132239,0.4269661,0.44230422,0.31663164,0.23848625,0.8089105,0.6889264,0.8028536,0.36403412,0.26182744,0.2907807,0.25663954,0.5097054,0.75299776,0.67599523,0.3124415,0.29054627,0.5154767
1560,0.68367434,0.82268983,0.72748256,0.41780043,0.87961245,0.2664514,0.6219033,0.29328567,0.29954043,0.1804512,0.3223331,0.4481886,0.26035452,0.48266667,0.45978317,0.7453968,0.7057135,0.59561133,0.564827,0.67365557,0.47893515,0.43267122,0.78412336,0.5264822,0.50511014,0.34080476,0.30100662,0.22719721,0.5040804,0.20405655,0.76472354,0.70359886,0.39178523,0.350144,0.60681623
1561,0.8193281,0.7843588,0.80361,0.53978026,0.8325602,0.33875424,0.5440041,0.26969728,0.4497664,0.1324435,0.40579867,0.3788096,0.29720038,0.5253135,0.41230068,0.7457101,0.73176146,0.61525583,0.44654018,0.5270489,0.39439526,0.33670476,0.75683725,0.6881964,0.6491504,0.3704888,0.29276413,0.25200772,0.27752253,0.3300528,0.7230834,0.664114,0.32137215,0.37060422,0.5480368
1562,0.7551074,0.82790375,0.77577466,0.4626244,0.8793024,0.2469339,0.6184826,0.28440014,0.25924388,0.11604284,0.3028978,0.42744797,0.26349652,0.49345055,0.4110105,0.7202383,0.73988926,0.6351685,0.57039773,0.6595812,0.47065073,0.43269992,0.79189044,0.581073,0.5502046,0.36502674,0.25712317,0.21324663,0.46337634,0.21795523,0.7767333,0.7114867,0.39038548,0.3689303,0.6116549
1563,0.6476292,0.8383295,0.72309214,0.38704234,0.9293208,0.31999555,0.64667964,0.24630149,0.40156293,0.31782106,0.2893011,0.5103251,0.18752447,0.43534285,0.6128796,0.86555797,0.6032402,0.5718524,0.52996314,0.76668406,0.5038816,0.38936305,0.8042572,0.4411575,0.3076411,0.24126855,0.38699672,0.19871879,0.58535707,0.08080273,0.77786225,0.72020227,0.33616725,0.29986328,0.6266772
1564,0.78732795,0.799006,0.7689444,0.46471435,0.8367101,0.34263003,0.5323911,0.2713317,0.47957534,0.1619453,0.474643,0.3796957,0.30585948,0.54440874,0.42886487,0.7708334,0.7431189,0.57027715,0.4242782,0.5000139,0.36399627,0.30671722,0.76583487,0.66252565,0.70264465,0.3618741,0.3123551,0.2659755,0.2795704,0.3707698,0.7254354,0.6627471,0.31026065,0.33927253,0.53325474
1565,0.6945728,0.83309066,0.68229187,0.28089672,0.81772363,0.24605337,0.5171319,0.3004236,0.39530188,0.20304339,0.61106503,0.33326,0.3600149,0.6116001,0.39214545,0.72114307,0.8154211,0.49906462,0.45618445,0.456033,0.33584848,0.25014502,0.7925376,0.67398125,0.80672854,0.38975468,0.25583965,0.31854382,0.28567493,0.5543099,0.7358334,0.66981506,0.3433307,0.30747434,0.5241132
1566,0.79028463,0.78975403,0.7784136,0.4986342,0.8308239,0.3375954,0.5389172,0.27513677,0.4585167,0.15050259,0.43800983,0.37627992,0.30545074,0.5322566,0.4190247,0.75001365,0.74019474,0.589364,0.4456621,0.51460207,0.38572282,0.33324182,0.7586725,0.67039645,0.672436,0.3671487,0.30273873,0.2612816,0.28517485,0.35482657,0.7201765,0.6606551,0.323319,0.3568123,0.54000145
1567,0.87766725,0.76107633,0.8614462,0.6874036,0.8665329,0.39810738,0.55439925,0.22363587,0.50007856,0.11283791,0.2299526,0.41360098,0.22600374,0.4544391,0.46946555,0.7968883,0.6747091,0.66951287,0.44713387,0.5507916,0.4316687,0.43096915,0.74960583,0.6598623,0.48018885,0.31409687,0.3793282,0.19765313,0.2852151,0.15027817,0.7298265,0.66531396,0.29369795,0.3794278,0.56049955
1568,0.78413117,0.7934644,0.770405,0.4766299,0.8289615,0.3889037,0.52894294,0.26527292,0.52751255,0.1752169,0.47826433,0.4016099,0.29491264,0.5308218,0.45375362,0.7934377,0.7211262,0.56468093,0.39705575,0.5051691,0.35401204,0.3023873,0.757604,0.6404969,0.7046784,0.34798023,0.3462889,0.2592637,0.27685517,0.32358655,0.71823394,0.6574647,0.2920643,0.33388597,0.52643317
1569,0.7272228,0.8286065,0.709484,0.31658953,0.83606493,0.28218633,0.5195759,0.2860155,0.43883523,0.19277845,0.5867087,0.35083482,0.3395136,0.5937565,0.40957004,0.75716865,0.79475373,0.5111745,0.43417025,0.46383077,0.32834858,0.25032693,0.78797805,0.6623349,0.799897,0.37774125,0.27973083,0.29990706,0.28501505,0.49277592,0.7355294,0.66802907,0.32584953,0.30597627,0.52181655
1570,0.6588184,0.8126612,0.6662265,0.3404154,0.8273901,0.2823266,0.5668214,0.32304454,0.37812632,0.22376812,0.4881537,0.40521663,0.33447188,0.54262364,0.44799763,0.7257501,0.75372946,0.5174779,0.50171643,0.54818845,0.40473318,0.36385584,0.76727664,0.56051743,0.68297213,0.37125978,0.3187273,0.2991241,0.4129525,0.38943505,0.73089486,0.6688912,0.3810424,0.32558692,0.5552503
1571,0.79828656,0.8042906,0.767099,0.46304005,0.839505,0.49868575,0.5092007,0.22177339,0.66263527,0.21991353,0.4054672,0.4634274,0.23627385,0.5159612,0.56783223,0.8651782,0.6867164,0.5256299,0.3241481,0.47921953,0.29613963,0.27612042,0.7647158,0.56718385,0.66553926,0.2886222,0.5181511,0.24131212,0.2537387,0.22615507,0.7215458,0.6543945,0.23943464,0.2671712,0.5109445
1572,0.7518054,0.8124646,0.7393213,0.40346727,0.8290407,0.31827408,0.5260801,0.28004283,0.46031785,0.17978932,0.52751327,0.36668295,0.32278818,0.5655103,0.41861087,0.75852185,0.7673555,0.54544234,0.42708015,0.4856667,0.35103506,0.2826547,0.7749289,0.66419333,0.7486044,0.36848843,0.29496515,0.28375843,0.27676144,0.42559934,0.7283186,0.6647536,0.31675223,0.32701612,0.5274972
1573,0.81247556,0.8057686,0.7990097,0.5140887,0.8597412,0.34000903,0.5240331,0.23389259,0.49976784,0.13875285,0.41666976,0.35422269,0.26904714,0.5312102,0.42678756,0.80351794,0.75304157,0.6045829,0.4178702,0.4933806,0.36085087,0.3096177,0.78390104,0.6984922,0.6690114,0.3431365,0.2973941,0.2322586,0.24075823,0.32668725,0.7412095,0.66978073,0.29377657,0.33405504,0.52976924
1574,0.82188433,0.7657892,0.8047186,0.5742505,0.83270264,0.38439342,0.5376846,0.26082376,0.5096776,0.1453445,0.36171532,0.3988846,0.27991828,0.50147355,0.45562205,0.77380246,0.6970097,0.60976017,0.4295547,0.5199627,0.39421836,0.36309513,0.741571,0.65507877,0.58757627,0.3486925,0.3613779,0.24663523,0.28182918,0.28545263,0.70838165,0.6526726,0.31125402,0.36212757,0.5416439
1575,0.79281604,0.7997401,0.7756111,0.48654428,0.84480494,0.32780603,0.528988,0.25991887,0.47423428,0.15443046,0.43907294,0.36185563,0.2957108,0.53852636,0.42642823,0.7736837,0.7499503,0.5852804,0.43582183,0.49549112,0.37029833,0.31629145,0.77186877,0.68075055,0.6715187,0.3549853,0.30492288,0.25964516,0.26855636,0.367714,0.73059404,0.664806,0.31419194,0.33850968,0.53366786
1576,0.7984888,0.79213405,0.7855506,0.51529944,0.85110426,0.3346712,0.54591954,0.26167342,0.45297927,0.1461612,0.39574534,0.3839468,0.28620073,0.5158312,0.43742734,0.7711057,0.73107034,0.59545636,0.4561773,0.52101004,0.39765006,0.36715662,0.7651474,0.650661,0.625949,0.34780577,0.32005736,0.24474458,0.304061,0.30888477,0.732586,0.66668284,0.32256234,0.34975842,0.54555047
1577,0.6038743,0.8121255,0.66684425,0.31519789,0.78899086,0.3208655,0.60484254,0.29699475,0.3721379,0.25890034,0.31758463,0.48470992,0.25958762,0.5096097,0.5264592,0.7664138,0.68483096,0.5476564,0.5567124,0.64574844,0.4093058,0.3861407,0.77407515,0.5139607,0.53596175,0.35281616,0.35012394,0.2827133,0.5435522,0.21205053,0.7357601,0.70313203,0.43200818,0.33867177,0.60709316
1578,0.66280305,0.78267884,0.67640185,0.3749537,0.75282776,0.4669754,0.5539156,0.27259648,0.5457573,0.34453753,0.30523795,0.5210774,0.24025801,0.50430965,0.60197324,0.83059055,0.6124711,0.52809227,0.44161612,0.5850624,0.35153234,0.3262301,0.7421387,0.5090786,0.5197314,0.3250534,0.49990883,0.3167738,0.46270075,0.19428432,0.69978184,0.6752639,0.36897525,0.30921704,0.57973766
1579,0.8958689,0.7350091,0.88322085,0.7420855,0.8518914,0.35571235,0.56205213,0.2396861,0.4325382,0.082186654,0.19387174,0.3872661,0.24516587,0.4480629,0.42982692,0.74219024,0.66611767,0.71064913,0.4944555,0.56843954,0.47820312,0.47507125,0.7394248,0.6995963,0.4358515,0.3461235,0.3162464,0.20218909,0.30443317,0.16212595,0.7223306,0.6630154,0.33424342,0.42998654,0.5750334
1580,0.83388346,0.78624076,0.8177961,0.569226,0.8458948,0.3368991,0.5411976,0.25134525,0.45875612,0.12152269,0.3704969,0.36675435,0.27772826,0.5175116,0.4095617,0.7629591,0.7350355,0.63191485,0.4433701,0.5228456,0.3933541,0.3438654,0.76624066,0.7046145,0.62559736,0.35945553,0.286413,0.23448941,0.26068303,0.3099832,0.73111165,0.66736555,0.31172854,0.36849484,0.5460638
1581,0.7934513,0.7990451,0.77294666,0.46610087,0.8407427,0.30870345,0.5315966,0.2680021,0.4415906,0.1451647,0.4587927,0.35828692,0.30835634,0.5516926,0.41235733,0.7543303,0.7541023,0.57702255,0.44372374,0.49378198,0.36972037,0.31205413,0.7722741,0.68469566,0.68270725,0.365655,0.2869808,0.26553613,0.27333573,0.39246443,0.7325473,0.66727126,0.32162514,0.34279472,0.5362813
1582,0.8775221,0.76302236,0.86309415,0.67254573,0.85187733,0.4050181,0.5447157,0.23126726,0.5258991,0.10038458,0.28648773,0.39573592,0.24153928,0.47503608,0.4451931,0.795891,0.6878762,0.66469157,0.422889,0.5427617,0.40706038,0.38057986,0.7479185,0.68857443,0.5521294,0.3365919,0.3393811,0.20162575,0.25413585,0.1969755,0.71908754,0.65913266,0.2900241,0.37910908,0.5471996
1583,0.7172398,0.80135614,0.7007998,0.3624674,0.81065226,0.29771677,0.52981025,0.3085722,0.43178493,0.20896618,0.54703206,0.369811,0.35257855,0.5723747,0.42313853,0.72648627,0.76191604,0.5228717,0.4506715,0.48185658,0.36138245,0.2966835,0.76236326,0.63976043,0.7434944,0.3844512,0.3028761,0.31277874,0.31250635,0.47288865,0.71588004,0.6569418,0.3470599,0.33153012,0.5313185
1584,0.86231995,0.7768593,0.84709775,0.6246365,0.85385495,0.3584342,0.54487836,0.24097355,0.47816363,0.10321255,0.32612872,0.37417537,0.2604494,0.4997252,0.41437563,0.7740965,0.71879923,0.6568398,0.4393046,0.5355258,0.4044829,0.3625192,0.7606401,0.7076045,0.59400374,0.35484308,0.29544383,0.21604188,0.25568256,0.26118526,0.7284293,0.6656939,0.3053347,0.38023773,0.5497959
1585,0.77330166,0.812959,0.7544686,0.42186055,0.84052944,0.31859612,0.5254053,0.26680225,0.46740764,0.16519682,0.5011873,0.36294425,0.30922064,0.56217587,0.4219799,0.77572906,0.7639162,0.5543617,0.42278004,0.4838983,0.3489744,0.2862149,0.7806631,0.67244804,0.7286928,0.36091033,0.29500732,0.2705608,0.27035034,0.40623385,0.7363759,0.668394,0.30967388,0.32310748,0.5278853
1586,0.8660568,0.7595037,0.85035527,0.65927476,0.84840786,0.41613036,0.5440757,0.23578115,0.534672,0.1143615,0.28908584,0.4073655,0.24482957,0.47208905,0.4603197,0.7993787,0.6809097,0.649593,0.4228413,0.5396466,0.40501174,0.3913551,0.74074,0.6644695,0.5464092,0.3315639,0.36711386,0.20775,0.26604283,0.1960632,0.71272,0.6549078,0.2926159,0.37316093,0.54513973
1587,0.61424315,0.75462484,0.6436998,0.36266676,0.7172041,0.2789808,0.570818,0.37044564,0.36237594,0.2935483,0.48523378,0.41794294,0.36576396,0.5242225,0.4459725,0.60821235,0.722887,0.5298877,0.5279998,0.56627285,0.47288913,0.42490086,0.727595,0.5931496,0.5571809,0.41550103,0.3162991,0.32946187,0.40819985,0.4535051,0.68439144,0.6467174,0.40471858,0.37373596,0.56341267
1588,0.68901455,0.856565,0.67462564,0.24120936,0.8498119,0.2627952,0.5256344,0.2888043,0.43311667,0.20962349,0.6286706,0.3527333,0.33887666,0.60742456,0.42997646,0.78293484,0.8192147,0.47184888,0.43982273,0.46494323,0.31907123,0.24576752,0.8087697,0.62097394,0.83519995,0.36445644,0.28632578,0.2981692,0.3128844,0.5051991,0.7554506,0.67770815,0.32948178,0.2672663,0.5197676
1589,0.8199732,0.78066814,0.80632085,0.54814637,0.8377449,0.37286183,0.53827095,0.25986022,0.5012166,0.14122157,0.40250468,0.38771853,0.2818759,0.5144776,0.43199816,0.7767161,0.7193892,0.61010396,0.42573443,0.52147585,0.38545397,0.33712605,0.7547411,0.67285216,0.64734185,0.35579473,0.3197981,0.24274111,0.27497554,0.29857048,0.71826804,0.65848404,0.3050166,0.3620779,0.5384148
1590,0.8207839,0.8493317,0.85464585,0.47073427,0.8162934,0.3136726,0.59982115,0.21338315,0.3510873,0.13168816,0.23185818,0.5073728,0.17708598,0.53111553,0.5113257,0.80818284,0.65250576,0.71619505,0.4728362,0.74301344,0.34999546,0.23382568,0.81363106,0.6513564,0.5098408,0.32744014,0.25083,0.19631153,0.4072357,0.08790893,0.7907305,0.7508954,0.34672898,0.41476148,0.66685766
1591,0.6510174,0.6902586,0.6282631,0.311102,0.56937003,0.8677451,0.45597076,0.23629169,0.9467019,0.69532156,0.16286826,0.7439548,0.15771422,0.50947875,0.88634646,0.97796327,0.33205655,0.4687552,0.24538235,0.51984847,0.15184972,0.12779634,0.63034487,0.39990568,0.4209679,0.30994052,0.9162222,0.45718613,0.42612067,0.061997615,0.55335987,0.6298005,0.29158115,0.2723145,0.5778893
1592,0.7126299,0.8405714,0.70290124,0.317195,0.8551301,0.28093988,0.540686,0.2831274,0.43032068,0.19598985,0.5482752,0.3744236,0.32024986,0.5722684,0.44039553,0.78605986,0.78746897,0.5059122,0.44959086,0.4968266,0.35258403,0.29531592,0.7957467,0.61186194,0.75565946,0.3535161,0.30085403,0.28233048,0.3324861,0.426087,0.753034,0.67796755,0.33113986,0.28989202,0.53279173
1593,0.9059226,0.7472306,0.8930267,0.746263,0.8658382,0.3939913,0.5487661,0.21771023,0.5043982,0.07579904,0.20240054,0.38234457,0.22343469,0.44995126,0.4420994,0.79304874,0.6757585,0.704869,0.45640844,0.5514234,0.44289985,0.4370533,0.744754,0.7041176,0.46946096,0.33126405,0.33623904,0.18260042,0.2603219,0.1511062,0.7208725,0.6601141,0.3047494,0.40101057,0.5577827
1594,0.61910224,0.8001671,0.68829346,0.32992658,0.76593214,0.45735914,0.5917685,0.24150905,0.52863616,0.4221285,0.24299093,0.5850305,0.17602351,0.48472685,0.69071543,0.88281345,0.50223696,0.56819814,0.4678957,0.7269534,0.38760948,0.28992164,0.7646116,0.46347037,0.34233975,0.26624483,0.48715717,0.29310328,0.60358256,0.07368913,0.7105285,0.7184502,0.37425023,0.33783346,0.6430513
1595,0.8096697,0.7637807,0.79192936,0.57613546,0.8295372,0.42804465,0.54427385,0.25506446,0.54289263,0.16841975,0.33379698,0.43530974,0.2602938,0.48126894,0.49663275,0.8074554,0.6710872,0.5970958,0.41680837,0.5371766,0.39517128,0.3844363,0.7329722,0.6073831,0.5562498,0.32422715,0.4155965,0.23674242,0.30654213,0.21542463,0.70689654,0.6511849,0.3015562,0.3471913,0.54302603
1596,0.60882187,0.83511335,0.6874655,0.4053855,0.9522104,0.30046612,0.66815054,0.26597315,0.41686916,0.35754117,0.3026568,0.506485,0.20238622,0.39425325,0.6283101,0.88266075,0.5859426,0.53704953,0.52165097,0.7700714,0.56367534,0.47121602,0.79589015,0.39021626,0.25534397,0.20567599,0.42569694,0.18960556,0.5802628,0.070452705,0.77660114,0.7021286,0.30728588,0.26774782,0.60427254
1597,0.76148194,0.8181858,0.743718,0.4008348,0.8358887,0.3270898,0.52265203,0.2686996,0.4807753,0.1766639,0.5222655,0.36963254,0.31212056,0.56581706,0.43168336,0.7785861,0.76638824,0.541242,0.4138162,0.4817391,0.3400598,0.2769067,0.7810462,0.6609297,0.7486538,0.35645503,0.3079722,0.27588883,0.26991254,0.40635473,0.7350222,0.667246,0.3038426,0.3148772,0.5252188
1598,0.6993958,0.8933338,0.78778225,0.36613017,0.9690374,0.24267693,0.6829627,0.19580984,0.32589063,0.22187725,0.25290412,0.4981269,0.1378693,0.4181049,0.59345627,0.8937212,0.6593528,0.60855275,0.5653912,0.82443017,0.5257226,0.37876132,0.8599752,0.43778816,0.2843464,0.20005348,0.31901747,0.1356216,0.5994128,0.048283357,0.84342384,0.76567703,0.29532614,0.2695245,0.65307885
1599,0.6691151,0.8164339,0.7081652,0.319704,0.7086592,0.44868845,0.5717796,0.23369706,0.50559217,0.3090858,0.2093538,0.5604297,0.18533829,0.53519404,0.656178,0.8758648,0.5967897,0.5807158,0.46395904,0.6660791,0.30388767,0.24349785,0.783169,0.53525317,0.5066132,0.30219808,0.4336121,0.2969367,0.5664688,0.10951169,0.72978944,0.7296724,0.41247225,0.3338917,0.63658535
1600,0.80040133,0.7810545,0.77906364,0.52453923,0.8466309,0.49016875,0.52945834,0.2293336,0.6332974,0.22292607,0.35776275,0.47243327,0.23332933,0.4838468,0.5648805,0.8578749,0.65895444,0.55554146,0.35784614,0.5164895,0.3363185,0.32967025,0.7419981,0.5610487,0.56247985,0.29158255,0.5126665,0.23401363,0.27820286,0.19651875,0.7091772,0.6504144,0.25233406,0.29236203,0.5289139
1601,0.7018565,0.86684084,0.67764986,0.21614985,0.8564311,0.23985851,0.5063264,0.27450755,0.4304363,0.20155425,0.66636527,0.32589403,0.34531665,0.6328398,0.41103888,0.7896104,0.83840215,0.46269685,0.42162603,0.4258626,0.2904071,0.20776518,0.8210796,0.66030073,0.8655571,0.3626633,0.26488718,0.30746698,0.2712394,0.5592899,0.7646384,0.6827939,0.31287336,0.25619072,0.50843495
1602,0.91077167,0.74838436,0.8993143,0.7642001,0.8774396,0.34679556,0.56345874,0.21791837,0.42825875,0.068913594,0.17022309,0.37831554,0.22154479,0.440387,0.42733058,0.76350474,0.6738574,0.72853345,0.4973844,0.5721277,0.48087326,0.4782576,0.7555241,0.71329564,0.4192829,0.327896,0.306255,0.17969637,0.29030403,0.13273606,0.739834,0.6733967,0.31907654,0.4230822,0.57841814
1603,0.7026529,0.843521,0.679859,0.2642112,0.83776474,0.3123598,0.51150817,0.27923304,0.499983,0.2255934,0.6219212,0.36770228,0.3301713,0.6006662,0.4525276,0.8060392,0.79419345,0.47093645,0.40008178,0.4521432,0.30356184,0.23300333,0.7981719,0.6215388,0.8288517,0.35607025,0.3251942,0.30120546,0.2919157,0.48338884,0.7421549,0.6670178,0.30693144,0.266974,0.5095216
1604,0.77888,0.8271395,0.75879246,0.4015194,0.8540951,0.30451214,0.5215601,0.25958517,0.455898,0.15693432,0.53415644,0.35430565,0.31112444,0.57511127,0.41195345,0.7788452,0.77896863,0.5475291,0.41640043,0.47350246,0.33217213,0.26193482,0.78992426,0.6826491,0.76097757,0.35664138,0.28214666,0.27032098,0.25403956,0.42365545,0.74554586,0.675581,0.2996996,0.31241554,0.5247089
1605,0.7998561,0.81612194,0.78018206,0.45172715,0.8540534,0.32070512,0.528697,0.25692147,0.4680299,0.1468313,0.48762718,0.3632729,0.29897383,0.55743116,0.4146328,0.7816097,0.76415694,0.57292473,0.41936213,0.4907325,0.35021338,0.2843524,0.7833219,0.6859087,0.7254556,0.35686022,0.28780907,0.25874946,0.2583644,0.38286775,0.7419129,0.6732222,0.29908246,0.3284791,0.5316997
1606,0.6696654,0.8087405,0.66459656,0.32326087,0.8252227,0.2875095,0.54558355,0.31588858,0.41405582,0.2637532,0.55209744,0.3876188,0.34917378,0.5587421,0.45282787,0.7296465,0.7521419,0.50077575,0.46511006,0.5120383,0.38110033,0.31679946,0.7672732,0.59249943,0.7016846,0.36824784,0.31784552,0.3177455,0.3606395,0.44745892,0.72269946,0.6611114,0.35286132,0.3180156,0.5387975
1607,0.6652335,0.8288045,0.6509835,0.24783568,0.8173455,0.26832354,0.51776993,0.31612796,0.43097967,0.2405457,0.6364148,0.35128897,0.3711149,0.6074334,0.41687244,0.7365119,0.804468,0.47159213,0.44643205,0.4501153,0.32902646,0.25297314,0.7826464,0.6300248,0.83105075,0.39093655,0.28999707,0.334611,0.31610644,0.56009614,0.722838,0.6577097,0.35137182,0.2973504,0.5168749
1608,0.78477937,0.81499445,0.76727414,0.4288794,0.85364854,0.31493995,0.52294385,0.25722334,0.4720474,0.15561579,0.49607557,0.3517825,0.29930297,0.56273293,0.4113122,0.7831937,0.77233016,0.56339127,0.42530409,0.47967014,0.3464375,0.28160885,0.7861347,0.6878163,0.7300096,0.3599972,0.2851203,0.2618838,0.2613585,0.4069623,0.7385038,0.66920525,0.30558506,0.32423764,0.52637464
1609,0.6466013,0.7691482,0.6619881,0.36522,0.72657216,0.24275558,0.55350006,0.3654235,0.3081625,0.23719268,0.5129305,0.38316384,0.38467258,0.55924445,0.3880587,0.57515776,0.7636814,0.5474874,0.5289714,0.5190388,0.43844742,0.38936907,0.744701,0.6591656,0.6426889,0.44074386,0.2623903,0.3423267,0.35213828,0.5198253,0.6984051,0.6578012,0.4082108,0.3927799,0.56497127
1610,0.8476807,0.7603723,0.8414874,0.66597277,0.86684304,0.3234579,0.5826652,0.25560647,0.38681838,0.11228472,0.2311054,0.4101081,0.25240156,0.45140085,0.43814293,0.7380108,0.67838466,0.67665213,0.5123311,0.5917368,0.48986125,0.47900724,0.75185645,0.6520793,0.4441381,0.33161452,0.3156507,0.21631014,0.36085257,0.17059043,0.7406074,0.6763803,0.34032232,0.41054717,0.58510363
1611,0.61360455,0.788435,0.68740845,0.32751712,0.76542896,0.46650487,0.582569,0.25388783,0.54806626,0.38458315,0.25109217,0.57135123,0.19788626,0.50442266,0.6996807,0.87232065,0.5087833,0.5788349,0.4736964,0.7106044,0.3575375,0.2638672,0.7492272,0.49165058,0.39839602,0.3045144,0.4474128,0.2914863,0.59121764,0.09477329,0.69718736,0.70273525,0.40948114,0.3643402,0.63218784
1612,0.5294156,0.8051492,0.589859,0.18108313,0.6496047,0.13863882,0.5590479,0.4061671,0.18595684,0.19590226,0.5283748,0.35326412,0.4098936,0.60518026,0.30748037,0.45346937,0.8798648,0.51713836,0.6722055,0.5278596,0.45694727,0.44643044,0.77362627,0.69800365,0.6866487,0.55151844,0.19929273,0.32352448,0.37658688,0.6807615,0.7122332,0.6764811,0.49865323,0.37163696,0.57740766
1613,0.847612,0.7931916,0.83080435,0.5783795,0.85600597,0.3477174,0.5392271,0.2382842,0.47047496,0.111073256,0.37222052,0.37012437,0.26786062,0.518229,0.41440982,0.7763125,0.73262876,0.63323176,0.4296352,0.5213839,0.38323212,0.3338837,0.77158463,0.70706844,0.629779,0.34896952,0.29276368,0.22327915,0.24549878,0.29298088,0.7381731,0.67226636,0.29491913,0.36030847,0.5448455
1614,0.6807706,0.8670778,0.6591308,0.18667343,0.8515419,0.21509843,0.5043777,0.2861551,0.39794728,0.20944755,0.6854712,0.31347138,0.36382818,0.64534366,0.39506185,0.75879455,0.8507943,0.45411292,0.43591565,0.41518307,0.28887677,0.20067362,0.8207862,0.6653806,0.88339424,0.37770075,0.24858293,0.32322615,0.27214122,0.6111525,0.7584454,0.68025887,0.33091623,0.26010284,0.5081837
1615,0.6091145,0.8572629,0.61635745,0.15652409,0.7872478,0.1603317,0.5233098,0.3321502,0.29447007,0.20844063,0.6524266,0.31091145,0.39658523,0.644099,0.3558666,0.64103395,0.88001883,0.4634556,0.53203523,0.4460489,0.3501829,0.27673587,0.80924654,0.6793803,0.83598816,0.433747,0.21233006,0.33531842,0.3044472,0.6711558,0.7482141,0.6802421,0.39733127,0.2905716,0.5311746
1616,0.53980577,0.67733324,0.5662381,0.22911057,0.30714172,0.8446647,0.45878735,0.25380924,0.91696656,0.74788505,0.13024473,0.76509506,0.16905208,0.5616366,0.9105094,0.9698602,0.25821888,0.4971319,0.280616,0.57012254,0.124907814,0.088782966,0.64566547,0.4784369,0.40451112,0.3215947,0.8460735,0.54714876,0.59965813,0.063354336,0.5313616,0.6852578,0.42819133,0.3701313,0.6458819
1617,0.5698671,0.708228,0.60196126,0.30811486,0.47328776,0.6629259,0.5091324,0.28091794,0.73945206,0.5794253,0.21432225,0.64557517,0.21893445,0.5347306,0.7841562,0.90064746,0.41593558,0.50917995,0.36659876,0.58545756,0.23797655,0.19928825,0.68344367,0.5011009,0.4385527,0.3329463,0.655208,0.44839388,0.566229,0.13050844,0.5997112,0.67346966,0.43495303,0.3590878,0.6140162
1618,0.63806134,0.85233355,0.6272419,0.18806215,0.81804955,0.20190461,0.5155179,0.31973743,0.3592411,0.23746724,0.6755438,0.32015175,0.3907224,0.636366,0.39538392,0.7036508,0.8457783,0.4537906,0.4694419,0.43191576,0.3248153,0.23941502,0.8033041,0.6490029,0.8575202,0.39600736,0.24503788,0.34828898,0.3043757,0.63302934,0.74140686,0.670967,0.36551976,0.28049138,0.5175983
1619,0.80651987,0.78707945,0.7894652,0.5159873,0.8377082,0.3401559,0.53589964,0.26653045,0.47050396,0.14951572,0.4216527,0.3746537,0.29687387,0.5311231,0.42022723,0.76062834,0.73553926,0.59961635,0.4347395,0.5088659,0.38401797,0.33203718,0.7624769,0.6815236,0.66144925,0.36454147,0.30241966,0.2587329,0.27678785,0.34760213,0.72321355,0.66104674,0.31668445,0.35956874,0.5397375
1620,0.6322716,0.75937116,0.65376914,0.40182957,0.7990285,0.3425469,0.57514775,0.34127003,0.44104743,0.32794335,0.4785912,0.44344538,0.3310112,0.4990622,0.50517493,0.71410286,0.66376984,0.5177578,0.48597425,0.58721685,0.45643392,0.4043898,0.72533417,0.53632706,0.53570944,0.3618981,0.3678808,0.3140319,0.4389727,0.33949432,0.6896526,0.64593107,0.37086242,0.34700596,0.5581196
1621,0.7666522,0.8011838,0.7502512,0.4231933,0.8270645,0.30392617,0.52780926,0.27958208,0.43888482,0.16291974,0.49434862,0.35831457,0.32108822,0.5635338,0.4101984,0.74589545,0.76221114,0.5576187,0.44620293,0.48733276,0.36363524,0.29890245,0.77124923,0.6782521,0.7083719,0.37489766,0.28742462,0.28035685,0.28074914,0.4289452,0.72656745,0.6644336,0.32915264,0.3378736,0.5334288
1622,0.79394925,0.7996127,0.7792579,0.4782781,0.84361565,0.33696657,0.532488,0.2631002,0.47898668,0.15323606,0.4526872,0.37028816,0.29534107,0.54046285,0.42083317,0.7752126,0.74899423,0.58273137,0.42979303,0.50317097,0.36780882,0.3116281,0.7713791,0.6756628,0.69312006,0.3611507,0.29937097,0.25520617,0.27375764,0.36013985,0.7291464,0.6637553,0.31068292,0.3424578,0.53363955
1623,0.7815606,0.78426266,0.7696143,0.48928547,0.8167696,0.3354482,0.5363346,0.2808446,0.45678133,0.1601065,0.44009218,0.3764556,0.3101442,0.53566504,0.42048007,0.7405859,0.73624766,0.58804715,0.44917727,0.5131795,0.38629094,0.325361,0.7558233,0.67544746,0.6633798,0.37412402,0.30376148,0.27030358,0.28621155,0.36956343,0.7155107,0.6588095,0.32876056,0.36022872,0.5418914
1624,0.7721857,0.8085524,0.7551431,0.42504,0.8388608,0.31828195,0.5278355,0.2733678,0.4653142,0.1675685,0.500718,0.36301485,0.3130278,0.5585531,0.41571158,0.76731426,0.76517475,0.559299,0.43149513,0.48896927,0.35623592,0.28988853,0.7756652,0.6738712,0.7310929,0.36744872,0.2916833,0.27416855,0.27764773,0.40766162,0.7299947,0.6641587,0.31677884,0.33267862,0.529497
1625,0.8706511,0.7393176,0.8560174,0.70014113,0.83833665,0.4180758,0.544,0.23629984,0.5357739,0.10881828,0.23568538,0.40141097,0.23997438,0.45632052,0.46571016,0.7947857,0.6645087,0.667785,0.44327945,0.5449627,0.42916828,0.42319718,0.7285603,0.6685948,0.48663148,0.33595175,0.37496018,0.20325336,0.27696162,0.17774096,0.70228493,0.6477144,0.3110345,0.38889316,0.5492065
1626,0.81795996,0.8050275,0.79920685,0.5032532,0.8581527,0.3177765,0.5275776,0.24506457,0.46477526,0.13114253,0.42844167,0.3515823,0.28499693,0.5431454,0.41153175,0.77806556,0.7569974,0.6007494,0.43193167,0.49298984,0.36609232,0.30965853,0.78227895,0.7043418,0.6762995,0.3537955,0.28372094,0.24445209,0.24942064,0.35785395,0.7407878,0.6717288,0.30386275,0.34206602,0.5351583
1627,0.7206336,0.8364986,0.78097934,0.35094664,0.7985951,0.3542495,0.59026223,0.22498798,0.43240413,0.19937344,0.25045678,0.5403081,0.18625167,0.53111124,0.61908793,0.8400464,0.61088717,0.64426243,0.48707026,0.74234915,0.33163995,0.21982698,0.7929824,0.55614567,0.47524047,0.31426087,0.31600675,0.23538251,0.51786137,0.09193006,0.7619457,0.73265964,0.3878451,0.39362004,0.65017587
1628,0.6619117,0.86831826,0.6397697,0.16414374,0.8417071,0.19526878,0.49974138,0.29474974,0.38139465,0.22439519,0.70450026,0.30420798,0.37964922,0.6552657,0.3893424,0.7391323,0.8599249,0.4442273,0.44080323,0.40405846,0.2887538,0.19474652,0.82121027,0.6733655,0.8924962,0.3823818,0.23946314,0.3417249,0.26943716,0.6495093,0.75658333,0.6786672,0.33749497,0.26043674,0.506626
1629,0.6458424,0.7585349,0.6373849,0.29136738,0.66885227,0.56705284,0.49295235,0.27247125,0.67819726,0.46581656,0.39776826,0.5384405,0.26669407,0.5499469,0.6521362,0.86466396,0.5557071,0.47547215,0.3536799,0.50270355,0.25348392,0.2156538,0.70906985,0.53059036,0.60966444,0.35582283,0.5782413,0.38616297,0.39967018,0.2883652,0.6419711,0.6512715,0.3548281,0.28410485,0.5540153
1630,0.7197317,0.8153065,0.70047116,0.35136345,0.8218876,0.36165458,0.5204414,0.28066403,0.5238744,0.22479692,0.5491664,0.39873132,0.3173995,0.5632884,0.47547978,0.807433,0.7455331,0.498499,0.39899406,0.48059455,0.32687017,0.28021592,0.7705109,0.60110843,0.7580518,0.3471732,0.3653111,0.29152638,0.30611333,0.39538476,0.7244915,0.65836567,0.3071989,0.29176587,0.5181648
1631,0.73579514,0.8293433,0.7151067,0.3302923,0.8390101,0.29576838,0.5197128,0.2816492,0.45902267,0.19369535,0.58590466,0.3579717,0.33410424,0.5889671,0.42279106,0.77439415,0.7869427,0.5111289,0.42230397,0.46430284,0.327676,0.2532012,0.7877245,0.654661,0.79450595,0.3671121,0.2925063,0.29600093,0.2813016,0.47124147,0.7387468,0.6692686,0.31509727,0.30155283,0.5204999
1632,0.67665666,0.8363341,0.73220795,0.36621383,0.8507267,0.33036894,0.6154436,0.24635515,0.3844519,0.23572616,0.26000467,0.49913126,0.19890355,0.49126974,0.56386125,0.83375466,0.6614851,0.5895359,0.53361213,0.70248955,0.42421833,0.3455111,0.80102205,0.507524,0.45748425,0.29284385,0.35168996,0.23248878,0.55881983,0.12556377,0.770537,0.7278237,0.388217,0.3242011,0.62777424
1633,0.77504766,0.80307645,0.75968,0.44660658,0.834976,0.35000485,0.5311852,0.27046308,0.49093857,0.17211425,0.48920003,0.3853379,0.30497372,0.54399073,0.43927184,0.7817629,0.74259746,0.5585227,0.41841078,0.49967366,0.35784674,0.3021903,0.7666566,0.6492837,0.7136222,0.3548352,0.32236528,0.2661299,0.2841805,0.36262348,0.7269548,0.6625548,0.30573654,0.33009595,0.53008235
1634,0.9166662,0.75747114,0.9034645,0.7503497,0.87305814,0.42487806,0.54313946,0.1986944,0.5564392,0.0768883,0.19221735,0.39497933,0.2009385,0.44695646,0.46354455,0.8252429,0.6772511,0.7026085,0.42263165,0.5441767,0.41372722,0.40683597,0.75176364,0.70021707,0.47410345,0.3150458,0.3698718,0.16838637,0.22934246,0.13050433,0.72499007,0.66223437,0.27626842,0.37867552,0.550915
1635,0.8652358,0.77228194,0.85093033,0.64236677,0.8521875,0.36880818,0.5465397,0.2391361,0.4918827,0.10679027,0.31107387,0.37957853,0.2549197,0.49069872,0.42547402,0.7812003,0.7091283,0.6610487,0.4377819,0.5412451,0.41173476,0.37284267,0.75762177,0.7035902,0.57514584,0.34994632,0.30436254,0.2124676,0.2588532,0.24063914,0.72714746,0.6643323,0.30299693,0.38086873,0.55041754
1636,0.7889713,0.7893917,0.811862,0.60609293,0.9060237,0.2517367,0.640838,0.27750546,0.27205235,0.19628875,0.28061035,0.457839,0.25194874,0.42528558,0.45549458,0.69192386,0.6450327,0.6654154,0.52408254,0.6919019,0.5493454,0.48364323,0.78316057,0.6045321,0.32255745,0.28772312,0.27419809,0.2324379,0.4344088,0.12915891,0.7820405,0.7138165,0.31602916,0.41434413,0.62854946
1637,0.81042325,0.7730724,0.7948584,0.54930437,0.8238071,0.37653184,0.5380282,0.26993266,0.4991092,0.1556349,0.40572634,0.39541608,0.2929537,0.5145669,0.43739018,0.7642933,0.7081388,0.6060071,0.42395434,0.52225244,0.3885577,0.33910125,0.7460793,0.66646993,0.641423,0.36017865,0.32947195,0.2561074,0.280621,0.3089965,0.7103418,0.65476006,0.31030947,0.36776993,0.5401013
1638,0.6499904,0.8572591,0.6340469,0.18219012,0.8278347,0.20265298,0.5106262,0.31026137,0.36862093,0.22758508,0.68293345,0.31514716,0.3854739,0.64202034,0.39133963,0.7179642,0.8499323,0.45154977,0.4610888,0.42335206,0.31034252,0.2256875,0.8090474,0.6559213,0.8692005,0.3919707,0.24460009,0.34146982,0.29282236,0.634403,0.7466212,0.67362785,0.35430056,0.27426645,0.5140298
1639,0.89213383,0.76208186,0.8786272,0.70662105,0.86556596,0.40061483,0.54285467,0.2138612,0.5277746,0.08640457,0.24087176,0.38093925,0.22383308,0.4636894,0.44454694,0.8109387,0.690225,0.68666154,0.4350757,0.54337835,0.4161295,0.40165815,0.75360835,0.7009721,0.51933545,0.32908362,0.33540443,0.18210849,0.2457093,0.16902748,0.72546035,0.6610953,0.2917918,0.38193297,0.54885054
1640,0.6894756,0.8614047,0.6670054,0.20995457,0.8484082,0.24848565,0.5125926,0.28886944,0.433299,0.21222608,0.6652905,0.3360606,0.35118517,0.62822604,0.41477782,0.7814261,0.83422107,0.46113783,0.43114287,0.4369493,0.29965228,0.21686783,0.8148657,0.6428429,0.8696228,0.37336463,0.27175444,0.31222492,0.2930708,0.5595245,0.7556783,0.6770719,0.3254154,0.26351786,0.51236755
1641,0.7471581,0.81778973,0.73166037,0.3778266,0.83194673,0.28850013,0.5250498,0.2826534,0.42959037,0.17530355,0.53992903,0.35075736,0.3313939,0.57934093,0.4041356,0.7433095,0.78281057,0.5401181,0.44240507,0.4783954,0.3506293,0.2752242,0.78204495,0.6780712,0.7554953,0.3756054,0.2737251,0.29046583,0.27797452,0.46302766,0.7338127,0.66812074,0.32687244,0.32585472,0.52929705
1642,0.76636314,0.77755535,0.7330149,0.44250894,0.7698717,0.6791893,0.49376678,0.19368136,0.8052715,0.38435453,0.21804652,0.6003169,0.15387724,0.4811522,0.73567474,0.943137,0.5720371,0.50289816,0.28615677,0.49916726,0.23479648,0.24474004,0.7288846,0.45451728,0.4927022,0.2543196,0.76337016,0.27937692,0.31095976,0.08884977,0.67639047,0.64709675,0.2301441,0.22264667,0.53100884
1643,0.6353332,0.71556693,0.63384706,0.35326442,0.55009663,0.6984346,0.4970433,0.25879318,0.79496855,0.5602137,0.20656268,0.65004486,0.19918066,0.5107171,0.7850536,0.9234972,0.44377732,0.49663472,0.3267693,0.5487294,0.23445997,0.22003551,0.6787931,0.4685616,0.43218422,0.3106249,0.7431435,0.41680717,0.47209507,0.113265656,0.6099606,0.6554778,0.35416153,0.30557975,0.58375365
1644,0.79027015,0.8059937,0.77366877,0.46595606,0.8404106,0.31116435,0.5298404,0.2647252,0.4468232,0.14809036,0.46625346,0.35861725,0.30644655,0.55348176,0.4096059,0.75372016,0.761142,0.5797872,0.4349579,0.49299565,0.3650871,0.30220523,0.77621925,0.6913981,0.7000557,0.36400753,0.28288403,0.26468349,0.2613344,0.39406762,0.73402613,0.669006,0.3136125,0.3409321,0.5350927
1645,0.58494574,0.6809344,0.59657514,0.28082493,0.42325172,0.837577,0.46479225,0.25414354,0.91049796,0.7074024,0.15381977,0.73337597,0.17911485,0.5298446,0.88138723,0.96587884,0.31435078,0.4830779,0.27987885,0.5432332,0.15395994,0.12763532,0.6394469,0.45706743,0.41612333,0.33439115,0.85132045,0.5016545,0.518237,0.07807214,0.54796255,0.65908146,0.38663456,0.31905288,0.6094152
1646,0.8032131,0.7976345,0.7847458,0.48997736,0.8525866,0.32574996,0.5330981,0.25788444,0.46494466,0.13865373,0.4329598,0.36195615,0.29313913,0.5381893,0.42263064,0.7735094,0.748171,0.5851852,0.44260865,0.49747142,0.3723858,0.32702172,0.77211434,0.67575455,0.6670989,0.3559512,0.30236608,0.24875438,0.27323008,0.35878503,0.73218614,0.665435,0.31410146,0.34022784,0.53527206
1647,0.6548788,0.8079357,0.661049,0.2918838,0.7664727,0.22142656,0.54509175,0.34171537,0.3198576,0.22085121,0.56139994,0.3623429,0.3756098,0.5876438,0.38972625,0.62851226,0.8023931,0.51585805,0.52185273,0.49683675,0.40109307,0.34118348,0.7751478,0.66078645,0.71369874,0.42624456,0.2508503,0.32927337,0.33757332,0.5433318,0.7264643,0.6708747,0.39225307,0.34192908,0.55172765
1648,0.79709214,0.778028,0.78701955,0.5603632,0.85156554,0.36931428,0.5644569,0.25670594,0.469791,0.16835049,0.3189965,0.42863423,0.25704828,0.4782526,0.48610085,0.7902461,0.6836508,0.6067171,0.45746613,0.5661487,0.42974228,0.41386262,0.7550714,0.6031695,0.5266977,0.32021195,0.375364,0.23260792,0.3509271,0.20308086,0.73236233,0.6683466,0.31858236,0.35388634,0.5614412
1649,0.6081752,0.84169185,0.6136971,0.17988251,0.77437127,0.17788813,0.51908505,0.34007818,0.31041172,0.228931,0.6595808,0.31507346,0.40327612,0.63863575,0.36700687,0.6415106,0.86171275,0.46350217,0.5120942,0.44686922,0.3527997,0.27208534,0.79597086,0.667509,0.82705575,0.4258035,0.22415312,0.35035866,0.3097678,0.6682071,0.7312295,0.67001724,0.39335966,0.30381718,0.52831197
1650,0.7104386,0.8633574,0.6860426,0.22463946,0.8557336,0.25979105,0.5035767,0.27030608,0.45466584,0.20048288,0.66365236,0.33207184,0.33759418,0.62949175,0.41501933,0.7991024,0.83122647,0.46689662,0.40883082,0.42784986,0.285562,0.20124987,0.8193797,0.66012233,0.8696922,0.3611299,0.2728435,0.3019004,0.26644096,0.54377013,0.7609514,0.68003464,0.30438462,0.25857374,0.50613767
1651,0.66550916,0.8704273,0.64376354,0.16012873,0.843894,0.19311501,0.49746618,0.29041514,0.3825044,0.22004545,0.7084338,0.300754,0.37611526,0.6588983,0.38594604,0.74286073,0.8635907,0.44442448,0.43848038,0.40136734,0.28455785,0.18851665,0.82436526,0.67956376,0.89606535,0.382222,0.23584907,0.33859417,0.26388147,0.65403354,0.7583288,0.6802684,0.3342908,0.2582888,0.50582325
1652,0.6597573,0.8040166,0.6480348,0.29842037,0.8007537,0.32405922,0.52441686,0.31431147,0.47141504,0.27447572,0.5795903,0.38824123,0.35437214,0.5761318,0.46466416,0.75793296,0.74494326,0.4788402,0.43816003,0.47771445,0.34754086,0.2878219,0.7582965,0.59539896,0.74571085,0.3749037,0.34655964,0.32879466,0.34073356,0.48025766,0.7084662,0.6509409,0.34955248,0.3018229,0.5235188
1653,0.7645286,0.8134602,0.7484891,0.42079177,0.8449648,0.29942402,0.53990746,0.27979422,0.42390585,0.16378945,0.4942101,0.3691612,0.32041168,0.55493194,0.41930643,0.75399095,0.7657398,0.55489445,0.45415744,0.49765977,0.36925548,0.31765106,0.7749643,0.6526292,0.71613675,0.36528295,0.29321498,0.27273098,0.29947442,0.40171656,0.7377929,0.6705632,0.32989195,0.32935676,0.5385844
1654,0.71605456,0.8324027,0.69948846,0.32071775,0.83752155,0.3050636,0.5272859,0.28410542,0.46605286,0.20458174,0.5712115,0.37310582,0.32669434,0.578642,0.44495162,0.7890662,0.7810569,0.5000886,0.42668524,0.47953948,0.33632058,0.2741421,0.7883667,0.6220149,0.776484,0.3587163,0.31274456,0.2903327,0.30913964,0.44288254,0.74176913,0.6699965,0.32014623,0.28977552,0.5232359
1655,0.544149,0.71255404,0.58510053,0.1769382,0.26387304,0.8589392,0.45020118,0.21090367,0.9224866,0.7468092,0.09168642,0.7988473,0.12816863,0.5928392,0.92928123,0.9793314,0.23208728,0.51718366,0.2700941,0.6075309,0.08970404,0.05636716,0.6799206,0.4962078,0.4089984,0.2882858,0.8389856,0.54622084,0.6635335,0.039165683,0.54160684,0.7214699,0.4461481,0.37843552,0.67890686
1656,0.8410409,0.797856,0.82400334,0.5530554,0.85462934,0.35190707,0.53589237,0.24177822,0.48394814,0.11764389,0.40086025,0.37388188,0.2714215,0.5244356,0.42243123,0.7855793,0.73509926,0.61920434,0.42093453,0.5145359,0.3729174,0.3164972,0.77254266,0.69886285,0.6526246,0.34656906,0.2996493,0.23086567,0.24748969,0.30065662,0.73780715,0.67233485,0.2912059,0.35045785,0.5404242
1657,0.59788895,0.8526704,0.6093235,0.16363491,0.778623,0.1580576,0.52118295,0.34133896,0.28150553,0.21621525,0.6696356,0.30106074,0.4089706,0.6481856,0.3511308,0.62625986,0.8787653,0.46100363,0.5304097,0.44789934,0.35736823,0.26969638,0.80419606,0.67598563,0.8435732,0.4289682,0.20351867,0.34846073,0.30405134,0.69062734,0.73776877,0.674243,0.4015492,0.3012565,0.5309151
1658,0.5195673,0.6928378,0.55751,0.15476997,0.22606404,0.9140054,0.43630773,0.21226338,0.96676576,0.8257736,0.07430348,0.8403827,0.1153283,0.59322786,0.9603545,0.99060994,0.17158577,0.50468755,0.24081922,0.6018158,0.0707518,0.038704045,0.6579617,0.46870542,0.37177688,0.2846411,0.9149376,0.590751,0.675286,0.02564994,0.50918174,0.7231091,0.436876,0.38436025,0.6914361
1659,0.69766706,0.87069064,0.68096286,0.20195004,0.85418737,0.20664637,0.50338984,0.2765008,0.38454375,0.18560721,0.6796164,0.30171794,0.35426,0.64898825,0.37483513,0.75305575,0.8603384,0.4695893,0.44187412,0.4202674,0.29192176,0.19539618,0.82784826,0.6950542,0.8787829,0.3788311,0.22488293,0.3107887,0.25476304,0.6102286,0.76486003,0.6861912,0.32397217,0.26614597,0.511125
1660,0.56281143,0.7273486,0.61004525,0.23887841,0.41224885,0.74043036,0.49694824,0.22991161,0.80777967,0.66305983,0.14211601,0.7283319,0.15041474,0.54356766,0.8562819,0.95452785,0.31184074,0.5235725,0.3304488,0.634102,0.19268568,0.14106666,0.6963345,0.47813696,0.37039715,0.28696638,0.74596703,0.47014275,0.63272256,0.051718455,0.58743894,0.71192056,0.41682595,0.35938403,0.6603237
1661,0.7317703,0.8277439,0.7129397,0.34008175,0.83856833,0.3203969,0.521095,0.27576053,0.48481327,0.20104733,0.56351405,0.37426367,0.320582,0.5757365,0.44548622,0.7936274,0.7749646,0.5065936,0.4112625,0.47069842,0.3287446,0.27031267,0.7854191,0.6312405,0.7743238,0.3527694,0.32022262,0.28763992,0.29012528,0.43086082,0.7384911,0.667088,0.3085198,0.2930551,0.5186504
1662,0.66383666,0.8621046,0.64316785,0.17550004,0.8378844,0.20707616,0.502095,0.29679537,0.3899923,0.22530916,0.6942839,0.31106263,0.3763728,0.6488033,0.3924029,0.7399262,0.8520479,0.44941664,0.44118023,0.411187,0.29366246,0.20138434,0.81589824,0.66811675,0.8843573,0.384674,0.24679744,0.3387827,0.27560684,0.63639104,0.7510336,0.67566836,0.33894467,0.26619178,0.50834024
1663,0.7854659,0.82198584,0.77287304,0.4444604,0.8529657,0.28739294,0.5282976,0.2565963,0.42736965,0.13789767,0.47952557,0.33960143,0.30289346,0.56525767,0.3925526,0.75830287,0.786071,0.57729447,0.4454688,0.48610252,0.35721081,0.29001433,0.7920049,0.7071943,0.7202538,0.36314696,0.25880414,0.25742212,0.24960403,0.41561118,0.7471913,0.67743343,0.31150517,0.3298468,0.5343457
1664,0.7388629,0.80847454,0.72868156,0.38921317,0.81808263,0.2851702,0.528594,0.2898767,0.4195283,0.17365631,0.5129602,0.3528428,0.33312756,0.5727924,0.39901942,0.7232076,0.78042626,0.54904824,0.4598488,0.48632106,0.36667794,0.2982463,0.7751094,0.6798289,0.73004735,0.38664755,0.27466398,0.2887942,0.2841759,0.4645721,0.72635454,0.6644761,0.34058234,0.33703163,0.534649
1665,0.7774271,0.81990373,0.75773513,0.4170006,0.8564803,0.29153126,0.5214194,0.2565709,0.45392022,0.15492597,0.49067372,0.33990914,0.3035422,0.5683096,0.41027316,0.778648,0.7826889,0.56148565,0.43809637,0.47192246,0.34796464,0.2854849,0.79242194,0.6913029,0.72349846,0.36111778,0.27827355,0.26433736,0.26052603,0.42593774,0.74433345,0.67224854,0.3153085,0.31883782,0.52796257
1666,0.82375443,0.8042595,0.8072609,0.5214687,0.85192215,0.33356205,0.53631985,0.24836473,0.46482643,0.12863585,0.421686,0.366934,0.2816702,0.5345179,0.41229486,0.7768432,0.7488402,0.6106702,0.42711228,0.5135609,0.37040418,0.30862093,0.7773293,0.69969845,0.6767081,0.35587114,0.28350848,0.2384506,0.25289714,0.3283783,0.7406918,0.67334515,0.29966533,0.34898823,0.54092515
1667,0.7051891,0.8345829,0.7688351,0.47356868,0.91450757,0.21386643,0.65259063,0.28385767,0.25447428,0.18110962,0.30780905,0.4480103,0.24269943,0.45773315,0.4416626,0.72179747,0.69986856,0.6249377,0.56426275,0.7062832,0.5344261,0.47903204,0.80856454,0.56238735,0.42021403,0.3073155,0.26520818,0.20361245,0.464135,0.16133744,0.79608333,0.72370386,0.34978426,0.35491627,0.6241419
1668,0.72122514,0.8471426,0.69899464,0.27947626,0.8475564,0.2591413,0.5101166,0.27700654,0.4364749,0.19362788,0.62137425,0.3320269,0.3410294,0.6151329,0.4043366,0.7706367,0.81841964,0.4934868,0.42341676,0.43964857,0.31092542,0.22778538,0.80731696,0.67530143,0.8288142,0.36912972,0.26540285,0.3046063,0.26719636,0.5334848,0.7512835,0.67542064,0.31555587,0.28487495,0.5141387
1669,0.79398155,0.7916485,0.7770935,0.49230975,0.8335678,0.37159455,0.5307516,0.2627084,0.50973654,0.16291256,0.45020145,0.39092317,0.2917487,0.5307344,0.44350186,0.78703564,0.72644216,0.5768517,0.41024223,0.5063536,0.36336792,0.31524166,0.7603885,0.65463406,0.68292224,0.35208946,0.33308887,0.25452393,0.27562556,0.33004168,0.7212514,0.65881,0.30035737,0.33976066,0.5308167
1670,0.7414692,0.7998741,0.7485221,0.48380995,0.86126757,0.33037248,0.58930385,0.27624324,0.413788,0.19151314,0.3436218,0.4432258,0.26422265,0.4808527,0.4886393,0.78023773,0.6919324,0.58436346,0.49458712,0.6142142,0.45250002,0.41468525,0.76661474,0.55906224,0.5217808,0.32363287,0.3568068,0.2367301,0.42584056,0.21136197,0.746311,0.6811361,0.3449877,0.34192482,0.5770209
1671,0.62646246,0.75981635,0.6435199,0.34453574,0.69917357,0.22912216,0.55219054,0.37784415,0.28478566,0.24447703,0.5092174,0.37920138,0.3998199,0.5662554,0.37771562,0.5456213,0.77104247,0.54019773,0.55214155,0.5173873,0.44912606,0.3999315,0.73517454,0.6646272,0.63196003,0.4520088,0.26005393,0.35408682,0.3547954,0.54807127,0.69101167,0.6536053,0.42589203,0.39588577,0.56497145
1672,0.8065408,0.7563561,0.79189503,0.5863184,0.8294233,0.4594512,0.5408032,0.24155733,0.5798667,0.18831147,0.27416152,0.45611754,0.22859187,0.46887535,0.5359081,0.8355812,0.6470152,0.5993294,0.41358557,0.54377866,0.38752,0.38336748,0.731151,0.5846255,0.49739638,0.30942598,0.47488555,0.23368315,0.3172874,0.16852774,0.69977045,0.6499804,0.3000415,0.33442014,0.5466669
1673,0.795745,0.7255783,0.78159297,0.6123182,0.8004038,0.40592557,0.5514302,0.29045376,0.49507493,0.17447165,0.32620984,0.4258546,0.29600495,0.4714411,0.47152314,0.74105847,0.64944553,0.6128674,0.4543212,0.54823,0.44232383,0.43229428,0.7041735,0.61585337,0.5131483,0.35518903,0.38640106,0.2594899,0.3371199,0.24661037,0.6819619,0.63621366,0.3397321,0.3963061,0.55066806
1674,0.68575704,0.86263764,0.66210115,0.19619086,0.84645593,0.23471794,0.5016759,0.2849794,0.42848048,0.21692553,0.6839972,0.32212847,0.3591024,0.64010274,0.40571252,0.7733054,0.84093606,0.45506078,0.42186308,0.41723442,0.2890641,0.19922248,0.81749475,0.66320926,0.8806898,0.37344125,0.2617203,0.32404006,0.27269188,0.5944633,0.75552243,0.6768303,0.32171854,0.26150244,0.5059227
1675,0.8876461,0.76026016,0.8748053,0.69684803,0.853892,0.38619402,0.548611,0.23046131,0.49783435,0.08790896,0.26284495,0.38328096,0.24128652,0.47138262,0.42750043,0.7843839,0.6931256,0.6870585,0.4410843,0.5513291,0.42299467,0.39594465,0.7493301,0.7070768,0.53663504,0.3456224,0.31340635,0.19644162,0.25443873,0.19423771,0.72284573,0.6625408,0.30221152,0.3957592,0.55426466
1676,0.8841952,0.76811576,0.87076557,0.6828275,0.86547625,0.40004987,0.53978634,0.21491463,0.5317867,0.091029964,0.2619988,0.381894,0.22729126,0.47026086,0.44709474,0.81482726,0.6962099,0.67346776,0.42995095,0.5360045,0.4061541,0.38995773,0.75643957,0.69519824,0.53873074,0.32739615,0.33866742,0.18629988,0.24520993,0.18211278,0.7268505,0.66210353,0.28843036,0.3722916,0.5453009
1677,0.6805565,0.82977694,0.66043574,0.25965548,0.8165637,0.26076445,0.5104457,0.30555397,0.42697176,0.23424442,0.6347469,0.34377742,0.36969084,0.61246824,0.41576737,0.73718315,0.8024286,0.47653693,0.43373758,0.43941388,0.32210785,0.24140246,0.78593624,0.64970165,0.82185525,0.38236374,0.28541574,0.33658114,0.29209873,0.56272674,0.7288582,0.66247165,0.33959705,0.29617888,0.5147676
1678,0.72876865,0.7896055,0.7140342,0.39802837,0.8033884,0.31264073,0.5268499,0.30309993,0.4458486,0.20364991,0.51896083,0.37010765,0.3441948,0.56231725,0.42318568,0.7272852,0.7513282,0.53702915,0.44526085,0.48531967,0.36845815,0.30658704,0.75530493,0.6512272,0.71717274,0.38299805,0.3067574,0.30783743,0.30335048,0.45225495,0.7085333,0.6525496,0.34381318,0.3423092,0.52974385
1679,0.69649,0.83342874,0.6788897,0.2796213,0.8326704,0.2512572,0.517802,0.297723,0.40791076,0.20782657,0.6086694,0.33646226,0.3594562,0.6069368,0.40416175,0.7356477,0.8097064,0.49211782,0.45267254,0.449504,0.32965454,0.25379163,0.7905987,0.6576595,0.80913764,0.38310745,0.27129978,0.31713992,0.29245257,0.54494107,0.73578084,0.6672746,0.3424241,0.29923806,0.5209074
1680,0.7360786,0.842278,0.71797526,0.32536945,0.8625873,0.24259052,0.5326851,0.27910933,0.3841154,0.17056465,0.5598186,0.34156454,0.33354735,0.5911376,0.40088692,0.7541538,0.80937195,0.51932985,0.46287054,0.46915516,0.34570837,0.284748,0.8023243,0.6601242,0.7727108,0.36635798,0.26078987,0.28677127,0.298287,0.4798557,0.7581655,0.68210894,0.33349568,0.30101734,0.5323253
1681,0.82171077,0.7930943,0.8013692,0.5301685,0.85061836,0.36727515,0.5327212,0.24594805,0.5119888,0.1396165,0.39508808,0.38230437,0.2717827,0.52030635,0.44664273,0.8022464,0.72885925,0.5985729,0.4202114,0.5099861,0.3705956,0.33361974,0.7676143,0.6657947,0.6485707,0.34240413,0.3343194,0.23619266,0.26923066,0.29149306,0.7301894,0.663637,0.2990791,0.33942503,0.53528583
1682,0.89375794,0.74552673,0.8826588,0.7300657,0.8598846,0.37835854,0.55730164,0.23193403,0.47766942,0.07953475,0.2060029,0.3862751,0.23497334,0.45201397,0.4339199,0.7736548,0.6781539,0.6991521,0.4713587,0.5635979,0.45557123,0.4486918,0.7420117,0.69338,0.47001046,0.3394974,0.32524475,0.1917301,0.2848565,0.16380711,0.7195127,0.65944225,0.3201787,0.4095816,0.5622178
1683,0.6964749,0.82493526,0.7388033,0.38221937,0.83309555,0.35066804,0.603243,0.2532137,0.40217194,0.22746198,0.25522488,0.50551426,0.21289162,0.50253594,0.57595885,0.8284074,0.6444802,0.60485065,0.51387036,0.69584465,0.3980338,0.32134494,0.7872265,0.5276066,0.47863597,0.3077999,0.35436487,0.24291499,0.53851545,0.12800643,0.75514686,0.71972793,0.39259726,0.3493326,0.6272784
1684,0.66795313,0.8800742,0.64931494,0.14960806,0.8535075,0.1815136,0.49625158,0.28316087,0.36787838,0.2047391,0.71957463,0.28922147,0.3721803,0.6684789,0.3732559,0.7455608,0.87672627,0.4420925,0.44279528,0.3970676,0.27909893,0.18030055,0.83487713,0.69174874,0.906007,0.38140967,0.21883292,0.33094817,0.2528812,0.6677391,0.7681315,0.6867288,0.33132905,0.25072145,0.50475776
1685,0.86005175,0.8009974,0.84248257,0.5794077,0.86840093,0.34087774,0.5402473,0.23185675,0.470021,0.10033264,0.37446675,0.36515838,0.26174143,0.52039707,0.4075667,0.78580284,0.7423783,0.63847774,0.42848206,0.5205465,0.3782148,0.3257174,0.77841634,0.7148108,0.64403236,0.34636262,0.2819823,0.21617302,0.23988238,0.28788587,0.7452913,0.6770422,0.2887848,0.35702258,0.54494554
1686,0.9091865,0.7479461,0.89766073,0.75158155,0.86501426,0.3726663,0.55565673,0.22303896,0.4712109,0.06834183,0.19585666,0.3763996,0.23022369,0.45186234,0.42328912,0.77353203,0.68439144,0.7161396,0.47026426,0.5601693,0.45377856,0.44705397,0.74723786,0.71516746,0.472437,0.34203836,0.30899867,0.18310246,0.26584354,0.15887663,0.72536886,0.6632656,0.31571084,0.41479293,0.5639598
1687,0.87636817,0.7655069,0.8679531,0.6972933,0.8769296,0.31935018,0.57620174,0.23839816,0.387147,0.08799882,0.21776478,0.38980263,0.2420142,0.45321974,0.4241477,0.74796534,0.6905557,0.6996237,0.5098102,0.5809296,0.4822001,0.47488594,0.7615355,0.6859136,0.45538384,0.33311874,0.2958858,0.19925137,0.3267011,0.16390797,0.7486699,0.6803938,0.3319347,0.41221,0.5836259
1688,0.66423523,0.7208552,0.6570038,0.36266318,0.5766176,0.7243951,0.4874813,0.23915663,0.81415254,0.54392445,0.17541304,0.668093,0.17776491,0.50952506,0.7914157,0.9338697,0.42911416,0.510519,0.31016263,0.54375976,0.21734619,0.2004545,0.67834055,0.46146703,0.44218564,0.30277926,0.77368563,0.40811262,0.44859076,0.08722608,0.60750645,0.6586801,0.3264417,0.30522627,0.5877674
1689,0.78086805,0.78704655,0.8133627,0.58100593,0.86098135,0.24164708,0.6276523,0.305221,0.24515542,0.14988975,0.31332514,0.44756588,0.27738968,0.4671784,0.40517968,0.63779414,0.6756049,0.66957724,0.527546,0.66842264,0.5217275,0.4677338,0.7765978,0.63431954,0.424018,0.34607923,0.24455893,0.24352725,0.40232134,0.18987009,0.7677964,0.70828694,0.34988704,0.42743057,0.6253737
1690,0.62223566,0.8220331,0.6174103,0.22782557,0.7854472,0.2363331,0.5209217,0.3399118,0.3784368,0.26484713,0.6432826,0.34389797,0.39852744,0.6129277,0.41198492,0.6803514,0.8097787,0.46332294,0.4747952,0.4521226,0.3511079,0.276141,0.7735177,0.6273754,0.80901814,0.40653712,0.27433997,0.35781938,0.328345,0.60964644,0.713603,0.6549985,0.38077256,0.30567494,0.52258146
1691,0.8550062,0.77111894,0.8391013,0.6226555,0.85371816,0.36126062,0.5452798,0.24293597,0.47847396,0.11262898,0.32032353,0.38118538,0.262033,0.49325666,0.4281152,0.7726685,0.70948046,0.64795315,0.4443726,0.5304772,0.4102518,0.38266,0.75661296,0.6911992,0.5719533,0.34741035,0.3150267,0.22077414,0.26871824,0.25374842,0.7263164,0.6633682,0.30721855,0.37824112,0.5499948
1692,0.70408183,0.83365995,0.69839746,0.31773058,0.84543145,0.29838067,0.5374289,0.290273,0.4558502,0.20905843,0.5785009,0.3730743,0.32520643,0.5735944,0.44324479,0.7817551,0.7813941,0.50133073,0.43994752,0.49576217,0.3536129,0.28138787,0.7883536,0.61408055,0.77576554,0.35678664,0.30196086,0.287808,0.32641166,0.43775207,0.74206305,0.67001075,0.32715654,0.29290804,0.5267593
1693,0.8094436,0.80854666,0.79356134,0.4934756,0.86075324,0.3178404,0.5259976,0.24202847,0.47004995,0.13279197,0.43247047,0.34635663,0.2808286,0.5421164,0.4145244,0.7900823,0.762684,0.596902,0.43394655,0.49046737,0.36350432,0.31044227,0.7860586,0.7002824,0.67767495,0.35207075,0.2827203,0.23934738,0.2494142,0.3573412,0.7435217,0.6722165,0.3059319,0.33472648,0.5321225
1694,0.8634609,0.7798739,0.847999,0.62224835,0.85581493,0.36560053,0.5420257,0.23662496,0.4924822,0.10486821,0.33120358,0.37628478,0.2567159,0.5008503,0.4191405,0.7828004,0.7188617,0.6538539,0.4289867,0.5300614,0.39676344,0.35336083,0.76306903,0.70827204,0.60170656,0.3485871,0.30119288,0.21553567,0.24818435,0.2579529,0.7295933,0.66634846,0.29549724,0.37438786,0.5466134
1695,0.7823288,0.80393696,0.76407063,0.44227964,0.84157,0.31314808,0.52875984,0.26965493,0.45390362,0.15550396,0.48287138,0.35929492,0.31002688,0.5566057,0.41514412,0.7638469,0.75922644,0.5660907,0.43943125,0.48996273,0.36200887,0.30216825,0.7748211,0.6755516,0.7072047,0.3660873,0.29099822,0.26782125,0.2776095,0.4015112,0.7318485,0.6662503,0.32030052,0.33599535,0.5324954
1696,0.6827433,0.8331482,0.6637497,0.25393423,0.8264243,0.26443756,0.5114905,0.30056754,0.43294328,0.22719958,0.6342082,0.34396377,0.36254668,0.6121262,0.41518697,0.7498527,0.8056362,0.47467342,0.43574396,0.440705,0.31772622,0.24079461,0.78855884,0.6451557,0.8272337,0.38145038,0.2879154,0.32659626,0.29550618,0.556353,0.7307562,0.66329986,0.33795485,0.2906723,0.51437014
1697,0.6817892,0.88767844,0.6562974,0.1434242,0.86795825,0.18027331,0.49348068,0.27228314,0.37745088,0.1983176,0.72910345,0.2856834,0.36486298,0.6734507,0.37537473,0.76578903,0.8805181,0.4379449,0.4301633,0.38845173,0.2654599,0.16732353,0.84296036,0.6945977,0.91636837,0.3721189,0.21812303,0.3243447,0.24510781,0.6628234,0.77776664,0.6914174,0.31910744,0.23952973,0.5007038
1698,0.8203948,0.7950125,0.8061458,0.5210154,0.84954625,0.36419052,0.535491,0.2531411,0.5006443,0.13625859,0.42271057,0.38019913,0.27894646,0.52386326,0.42854923,0.7894331,0.7362789,0.60162175,0.4243497,0.5145645,0.37276572,0.32023484,0.76637614,0.67567873,0.67471457,0.3524796,0.31258202,0.23853794,0.26952684,0.31021947,0.72749233,0.6634575,0.3010464,0.34791896,0.53525984
1699,0.89978856,0.73941493,0.88659704,0.7437402,0.85683477,0.3870777,0.55192316,0.22574499,0.48639137,0.08405322,0.19802566,0.38867608,0.23110738,0.44779706,0.4441979,0.7764709,0.66746086,0.70321363,0.4663999,0.5554628,0.45363945,0.45115644,0.7391783,0.6975784,0.45111102,0.33527738,0.33858877,0.19149053,0.2754157,0.1535825,0.7182547,0.65912414,0.31488815,0.4106566,0.5630921
1700,0.78822315,0.80198324,0.7721109,0.46439248,0.8308323,0.30241734,0.5333801,0.27213344,0.42779094,0.14829041,0.46091896,0.35903227,0.31180203,0.5554276,0.4012332,0.7396132,0.7606334,0.5852862,0.446284,0.50160223,0.37288386,0.30351016,0.77334446,0.69716156,0.69222945,0.37547785,0.27315688,0.26917958,0.26855287,0.40286097,0.731894,0.6694334,0.32439438,0.3506413,0.5413096
1701,0.7058433,0.8545928,0.6850418,0.25385147,0.85210705,0.22539958,0.51182145,0.28149736,0.39239353,0.19055963,0.63049257,0.31785178,0.35402223,0.6248137,0.39269042,0.74803036,0.8341665,0.48565474,0.4461395,0.43274087,0.30980518,0.22817469,0.8118097,0.6766833,0.8362296,0.37516898,0.24918802,0.30957812,0.26805788,0.5673628,0.75538474,0.6794834,0.32977405,0.2800026,0.51683587
1702,0.8572774,0.7869992,0.8406004,0.60076106,0.8571577,0.3499505,0.5395891,0.2358896,0.47710276,0.105328105,0.34733856,0.36854157,0.26098412,0.5103534,0.41660643,0.78066254,0.7279447,0.64569515,0.4326918,0.52309805,0.39026707,0.3421656,0.7689088,0.712559,0.6082577,0.34800857,0.29385346,0.2199196,0.244976,0.27836725,0.7358282,0.6710311,0.29751652,0.36610514,0.5462619
1703,0.6655046,0.85659933,0.6488098,0.20809856,0.83394206,0.23322101,0.51871836,0.30412152,0.4100085,0.23300152,0.6665803,0.3370768,0.36593577,0.6242761,0.42005196,0.75684756,0.8306451,0.45728675,0.4467384,0.44394532,0.3198149,0.2322789,0.80850536,0.6377017,0.85399455,0.37724796,0.26714358,0.32919973,0.3094936,0.57306945,0.75156075,0.675059,0.34159303,0.26830214,0.5168037
1704,0.7553929,0.8324273,0.7352395,0.36627847,0.8517809,0.26729116,0.5223328,0.26939148,0.42258644,0.16735175,0.5395781,0.33586264,0.32452425,0.58609945,0.39728427,0.75900066,0.8020625,0.5402728,0.4405458,0.46610823,0.3383593,0.2650194,0.79748297,0.6902293,0.7694888,0.36919355,0.26069525,0.28234062,0.26423526,0.47115073,0.7480997,0.6750956,0.3199504,0.31234258,0.52689296
1705,0.7716131,0.75155735,0.7456094,0.5206976,0.7997454,0.55074614,0.5197185,0.24361372,0.6890975,0.28064266,0.31846255,0.51044655,0.23181412,0.47619233,0.60878545,0.8667072,0.6172772,0.5366216,0.34514317,0.5080081,0.33069497,0.33615646,0.7107944,0.51840544,0.5295969,0.29588753,0.60175735,0.26241502,0.30223298,0.1784204,0.67401826,0.6301744,0.26418844,0.29126984,0.5246327
1706,0.6724499,0.77505076,0.65026885,0.3213554,0.77780247,0.49891877,0.5003818,0.27885824,0.63346905,0.39622086,0.47650605,0.4774766,0.29338896,0.5481424,0.59064543,0.83858144,0.6289297,0.4689141,0.36010033,0.47958273,0.2905011,0.24626127,0.7262036,0.5368509,0.65413386,0.34371,0.52989733,0.3399767,0.33276322,0.34734622,0.6669446,0.6349188,0.31385246,0.27270824,0.5230997
1707,0.76137763,0.78304976,0.7403947,0.45626456,0.81683016,0.36378264,0.5267476,0.28011066,0.5020553,0.19300075,0.46082026,0.39495343,0.3135067,0.5358899,0.4570056,0.76689994,0.7215961,0.5520363,0.42217597,0.49129692,0.36400005,0.32298636,0.74880755,0.6329958,0.67384934,0.3568561,0.3611258,0.28031307,0.29295278,0.37227637,0.7075812,0.65005314,0.31588835,0.33575615,0.52911323
1708,0.76225007,0.7758246,0.72750485,0.42454234,0.7573384,0.7012706,0.48688594,0.1932878,0.81886023,0.4015444,0.20265491,0.62294996,0.15074673,0.48511487,0.7577012,0.9441594,0.5585755,0.4942822,0.27270776,0.48932067,0.2201763,0.22672546,0.72727096,0.4387611,0.4982732,0.25095198,0.7868028,0.29163632,0.31175667,0.08354329,0.6707656,0.64773595,0.22522411,0.22102948,0.5310074
1709,0.7653018,0.7832461,0.7487333,0.45908698,0.81850195,0.33823878,0.53119844,0.28600723,0.4711396,0.17973068,0.47028464,0.37728414,0.31901208,0.542875,0.42936888,0.750582,0.73413694,0.56380653,0.43943715,0.49779528,0.37520474,0.3222453,0.75371504,0.6562744,0.68174267,0.3713489,0.31752428,0.28118336,0.29574913,0.39247066,0.71161467,0.6539149,0.32931176,0.34911412,0.5332743
1710,0.84359324,0.7639747,0.8283329,0.61026216,0.8426177,0.3725862,0.53878415,0.2473206,0.49741086,0.12046154,0.32853022,0.3804467,0.26668924,0.49506626,0.43861756,0.7765461,0.7019577,0.6370467,0.44212803,0.5242392,0.4053347,0.37685448,0.74921113,0.6816744,0.57186615,0.35049677,0.3298788,0.22595051,0.2705836,0.26445052,0.7155942,0.656431,0.31300786,0.37364873,0.544123
1711,0.55821466,0.71190333,0.5928466,0.24103422,0.3966785,0.7486024,0.48673624,0.24848771,0.81626546,0.6528679,0.15056828,0.7183383,0.17012216,0.5559332,0.8484381,0.94552356,0.3320692,0.5132951,0.3281101,0.5965527,0.17156175,0.13164546,0.6820458,0.4902485,0.41814274,0.31160608,0.7507706,0.49172068,0.6074769,0.075015865,0.57717407,0.6998836,0.43166423,0.36531773,0.6472982
1712,0.69245267,0.8446166,0.67588174,0.2510233,0.8367015,0.26615185,0.51298314,0.2907403,0.4422361,0.21739212,0.6397381,0.34361285,0.35074696,0.612023,0.41921392,0.769522,0.81404984,0.47479314,0.42688042,0.44384217,0.31332743,0.23387592,0.79938984,0.6456015,0.8401321,0.37311295,0.2809194,0.31512624,0.29000244,0.53618616,0.74245965,0.66982985,0.32735845,0.27959907,0.512146
1713,0.67918783,0.84438515,0.72837585,0.38684732,0.90988123,0.25706956,0.6301709,0.2745215,0.3145764,0.18740956,0.3400498,0.4442934,0.24029994,0.47845918,0.47773522,0.7872445,0.7200573,0.5790662,0.56376064,0.6865176,0.48397246,0.4215991,0.804517,0.50668204,0.50096124,0.31421572,0.3031477,0.20794055,0.51750463,0.18008561,0.7847979,0.7137777,0.3720022,0.31684363,0.60535395
1714,0.66559315,0.81858456,0.64329207,0.26664978,0.7968399,0.3051918,0.50969505,0.31134516,0.47503105,0.26542932,0.61761457,0.3715919,0.3655084,0.5988434,0.44964433,0.7602517,0.77581906,0.46622458,0.41786194,0.44699937,0.3206892,0.25438532,0.7719611,0.6147014,0.8069232,0.37508866,0.33404106,0.3433076,0.31110656,0.52496135,0.7162713,0.6529509,0.33682236,0.29176918,0.5124569
1715,0.6509036,0.82845706,0.6363157,0.2180428,0.7974788,0.21851353,0.5104641,0.3197073,0.3697351,0.24421108,0.66113496,0.32696557,0.38828427,0.6323849,0.39350313,0.69607717,0.82161176,0.46303377,0.45822406,0.42899194,0.32588544,0.24562678,0.78975874,0.6614051,0.8197156,0.3977527,0.25656658,0.35217854,0.29545915,0.62506545,0.73067427,0.66663396,0.35888115,0.29575723,0.51719373
1716,0.8732222,0.84730816,0.89912033,0.6294936,0.909325,0.20705967,0.64577305,0.23799376,0.20111196,0.07800012,0.24767585,0.43907833,0.20266673,0.4720226,0.3753237,0.7038829,0.7082864,0.74660844,0.51830226,0.73256516,0.5093633,0.4022935,0.83553374,0.68917924,0.4364912,0.3202898,0.18342982,0.16078594,0.35559756,0.11286048,0.82583797,0.75954235,0.306342,0.41347623,0.6624531
1717,0.7199803,0.8455144,0.6965858,0.27125508,0.8503103,0.26285523,0.50931597,0.27554387,0.4440526,0.19507715,0.6228921,0.33468938,0.33947903,0.6142961,0.41150975,0.7781333,0.8145763,0.4864077,0.423698,0.43674955,0.30711994,0.22981444,0.8054655,0.6653261,0.8243068,0.36684388,0.2759241,0.30238718,0.2710896,0.53091216,0.749838,0.67427063,0.314898,0.2796118,0.5125958
1718,0.90116197,0.74833286,0.88789034,0.7318447,0.85668314,0.40194035,0.54557717,0.2195085,0.51876813,0.07938969,0.2179517,0.3836783,0.22683318,0.45622292,0.44286546,0.7965189,0.6781553,0.69811916,0.44431385,0.54944,0.4311707,0.41756994,0.74375075,0.7050407,0.49053293,0.33500528,0.33573696,0.1851772,0.25138062,0.16191354,0.7178024,0.6576962,0.30209583,0.3978476,0.5534681
1719,0.7819787,0.8092418,0.76616573,0.44549966,0.85107106,0.30485615,0.54191095,0.2737948,0.43063664,0.15494204,0.46776795,0.3706059,0.30738187,0.5474273,0.41503745,0.7583979,0.7612915,0.5716138,0.4537086,0.50557435,0.37828013,0.32664806,0.7778145,0.66228163,0.6963269,0.3639863,0.2883836,0.26544398,0.30226606,0.37908858,0.73885334,0.67121494,0.32611752,0.33982855,0.5413067
1720,0.82155836,0.8720072,0.83952427,0.4683288,0.92404157,0.20147333,0.63959455,0.23858619,0.20271358,0.065129325,0.2597117,0.4105175,0.21681829,0.49701175,0.37791625,0.7588345,0.78365326,0.6809786,0.5895888,0.6962552,0.46596813,0.4126997,0.83812,0.61702,0.57055277,0.34461373,0.19949631,0.15988378,0.4452365,0.16212788,0.82638276,0.7506257,0.36563414,0.34846443,0.63395876
1721,0.8392946,0.7328373,0.825263,0.66061014,0.81309956,0.36396247,0.5686424,0.2851581,0.42589617,0.12662223,0.26710555,0.4162523,0.28456587,0.4658133,0.43856755,0.7120099,0.6575544,0.6615338,0.49026227,0.5838264,0.4720254,0.45098606,0.7211604,0.6521774,0.47922412,0.3651367,0.33249778,0.24248163,0.35059848,0.22114849,0.7040886,0.65406215,0.3556425,0.42422605,0.57402897
1722,0.8149775,0.7754782,0.80862695,0.5734814,0.8525882,0.3394315,0.5610308,0.26095372,0.44799504,0.13364322,0.34095868,0.39214614,0.27076834,0.49112445,0.4473082,0.76635647,0.7095671,0.6223124,0.47286314,0.5536765,0.43342203,0.40727836,0.7569273,0.6464876,0.56602675,0.34406078,0.31989938,0.22962168,0.3264065,0.245532,0.73134196,0.6667176,0.33056238,0.36811656,0.557744
1723,0.74421483,0.7996442,0.73629564,0.44000167,0.83381397,0.3094478,0.549657,0.2934124,0.42179188,0.17519042,0.465,0.3833341,0.3226127,0.53507286,0.42918843,0.7432797,0.7486494,0.5583552,0.46735662,0.518791,0.39438543,0.35351044,0.7604604,0.62742484,0.68022794,0.3661557,0.30711687,0.27551508,0.3306733,0.3731646,0.7272673,0.6635475,0.34469223,0.3425823,0.5439385
1724,0.72673786,0.8304421,0.70610785,0.32356125,0.83699095,0.2967431,0.5162638,0.27956918,0.45893788,0.19833308,0.58829457,0.35668543,0.33408728,0.59118223,0.426225,0.7737799,0.7864065,0.5043877,0.41936454,0.4586733,0.3232929,0.2526597,0.78944683,0.65153724,0.791941,0.3637997,0.2983009,0.29602736,0.27874994,0.4780205,0.73904383,0.66863406,0.31325182,0.2956709,0.51794946
1725,0.8554683,0.7753635,0.8414882,0.6278856,0.85612786,0.35871047,0.5417364,0.23701301,0.48561686,0.10836551,0.31703454,0.36982906,0.2576,0.49416804,0.42472953,0.77984965,0.71878177,0.65293,0.44019404,0.5259725,0.40642285,0.37509602,0.76021177,0.70365906,0.57595164,0.3458945,0.3049309,0.21623984,0.25316098,0.258055,0.72808266,0.66374147,0.30544,0.37398252,0.5458945
1726,0.68269265,0.7832344,0.7140519,0.48025614,0.8885659,0.37819225,0.6155364,0.26404232,0.4631861,0.36360377,0.29592103,0.51100385,0.22575161,0.41604605,0.6067467,0.8304781,0.5791812,0.56117225,0.47206315,0.6882083,0.48954153,0.42958254,0.7570876,0.46612602,0.29566944,0.25206596,0.45643243,0.24090748,0.48859602,0.10080431,0.7366651,0.680744,0.30183586,0.32048744,0.59414256
1727,0.8728739,0.7790061,0.8568779,0.64023,0.8605301,0.3483429,0.5452906,0.23307852,0.4671347,0.093424164,0.30533984,0.36546952,0.25370666,0.49769086,0.40804806,0.7747289,0.72350144,0.6685095,0.44527835,0.5376373,0.4081568,0.3681061,0.7659364,0.71963185,0.5810857,0.35336107,0.28528,0.20774403,0.24945989,0.25469655,0.73426795,0.6690815,0.3058217,0.382687,0.5521573
1728,0.8828681,0.75570947,0.86573714,0.6967235,0.8572694,0.42171645,0.54316664,0.21814182,0.54511255,0.10684554,0.22905993,0.4052127,0.22112401,0.45725837,0.4731947,0.8144884,0.67362046,0.670627,0.42782268,0.5404852,0.41485888,0.40981102,0.74512154,0.6708553,0.4946762,0.31873876,0.3843461,0.19201815,0.26076242,0.1550446,0.7189078,0.6571545,0.28904325,0.37298495,0.54884803
1729,0.74847376,0.8270699,0.7295355,0.364354,0.8523076,0.26974168,0.5270859,0.27564797,0.41456842,0.17157975,0.5391983,0.34555548,0.32841238,0.58033687,0.40810078,0.75378466,0.7911929,0.53332466,0.44954267,0.46825808,0.34694284,0.28329986,0.7913111,0.6687969,0.75273645,0.36593568,0.27471125,0.28514758,0.28153476,0.46232256,0.7454225,0.67414856,0.32650584,0.31309837,0.5299808
1730,0.63329256,0.8311018,0.6380044,0.2626309,0.82532346,0.25014624,0.5511567,0.32884058,0.38268343,0.25064233,0.586033,0.37541395,0.36112556,0.57692,0.4424668,0.7217642,0.7863417,0.47901902,0.49026966,0.5091678,0.38015407,0.31181982,0.78176004,0.5783805,0.75562847,0.37783864,0.29626074,0.32183093,0.38393328,0.48748526,0.7339183,0.6677704,0.37434024,0.29962084,0.5398814
1731,0.8738305,0.76175797,0.85987455,0.67075634,0.8482658,0.37757346,0.5448753,0.23504618,0.49813056,0.099636294,0.2794849,0.37782434,0.24807568,0.48154822,0.42430288,0.78150403,0.70029277,0.6757388,0.43760148,0.5411016,0.41635466,0.3825043,0.75246066,0.7118629,0.5497225,0.35003865,0.3081904,0.20713906,0.25075722,0.22597691,0.72144425,0.66040957,0.30365553,0.39069337,0.5508193
1732,0.82875097,0.7760558,0.8131224,0.57302797,0.8473557,0.38357067,0.53185827,0.24209924,0.5251874,0.13521017,0.35449952,0.38604337,0.2619422,0.50236326,0.455012,0.80131274,0.71046495,0.61425376,0.42434174,0.5114846,0.38339683,0.35461158,0.7553493,0.66511667,0.59757185,0.3393095,0.353846,0.22783168,0.26490036,0.2711236,0.71854603,0.65655404,0.3010487,0.34992242,0.53598535
1733,0.69244397,0.84803677,0.6724626,0.23890992,0.8376538,0.27508047,0.51076394,0.28813753,0.45861045,0.21920177,0.6458086,0.34736803,0.3472465,0.6156364,0.42571124,0.7828785,0.81415206,0.4686131,0.4190987,0.44298878,0.3050712,0.22582912,0.8025603,0.6392983,0.8492548,0.37020755,0.2888397,0.31254533,0.29123676,0.5336364,0.7448805,0.6700889,0.32150808,0.27250072,0.5101887
1734,0.67975056,0.85407656,0.6654704,0.21592076,0.8326332,0.22165966,0.50575995,0.29330987,0.39122242,0.20908591,0.6675386,0.3146886,0.36656207,0.63790023,0.38595358,0.7348828,0.842388,0.46921325,0.44564432,0.42667693,0.30652905,0.21524939,0.81047666,0.6784119,0.8603123,0.3853315,0.24324326,0.32657668,0.2714135,0.60683155,0.74776566,0.6757814,0.33694607,0.27970836,0.5126923
1735,0.7131653,0.85341597,0.6895542,0.25440878,0.8500764,0.2451638,0.5085374,0.27888316,0.4229989,0.1975022,0.6422459,0.32716948,0.3484585,0.62417144,0.40138158,0.766427,0.8269518,0.48340854,0.4256192,0.43190557,0.3029856,0.21653569,0.8109199,0.6743584,0.8456494,0.36978865,0.26033202,0.31092155,0.26529405,0.5539411,0.75431204,0.67790663,0.3175338,0.27856714,0.5130366
1736,0.81340057,0.75603426,0.8096649,0.63091457,0.8464149,0.40552974,0.5645257,0.23643982,0.49690938,0.16825213,0.20268376,0.45011416,0.21182346,0.44784427,0.5186427,0.81431645,0.6330762,0.6448086,0.47283393,0.5956001,0.44641885,0.43326998,0.7427143,0.60420716,0.4077031,0.30083293,0.4170707,0.2161781,0.37304735,0.12693235,0.7210571,0.66898847,0.32816514,0.3687914,0.5779309
1737,0.66598284,0.84424746,0.6448,0.21270613,0.8227021,0.24880943,0.505985,0.30468112,0.43136102,0.24394028,0.6688667,0.3367175,0.37301144,0.6270627,0.4171907,0.7516429,0.8205288,0.45636708,0.4293881,0.4266283,0.30741352,0.22247227,0.7981738,0.64558446,0.8568937,0.38204584,0.27961642,0.34190476,0.2930375,0.5906512,0.73727477,0.6657453,0.3372211,0.27799517,0.5093821
1738,0.56198424,0.7108793,0.59868735,0.25873607,0.423575,0.7027437,0.49880823,0.264149,0.77294815,0.6100637,0.17065144,0.6951027,0.18915462,0.554272,0.8180068,0.9228047,0.36286247,0.52537936,0.353374,0.6066274,0.19871604,0.15152715,0.680478,0.49212041,0.43189257,0.32130724,0.7015017,0.4769699,0.60612655,0.09330405,0.58292913,0.6937172,0.4355637,0.3850657,0.6438875
1739,0.6350299,0.8677966,0.6284292,0.15289292,0.8176546,0.16609596,0.50457764,0.3096987,0.32613292,0.21398845,0.70541567,0.2906894,0.39172837,0.66326225,0.36334455,0.690521,0.8791963,0.4473168,0.47619644,0.41429225,0.31099516,0.21624687,0.82166874,0.68648714,0.87999344,0.40114528,0.20881176,0.3442658,0.27346435,0.6884844,0.7538923,0.68100953,0.3620295,0.27256203,0.5144655
1740,0.6642364,0.87527883,0.64507735,0.15395671,0.8467659,0.18570063,0.49623474,0.28756532,0.37279493,0.21234317,0.7171697,0.2928175,0.3750872,0.66522896,0.3770105,0.741495,0.8720287,0.44267488,0.44028392,0.39847025,0.28280014,0.1843551,0.83006203,0.6888659,0.9016512,0.3826642,0.22364116,0.33615112,0.2568694,0.6660799,0.7631053,0.6832999,0.33333784,0.25513974,0.50446844
1741,0.71514046,0.8384148,0.70104235,0.30510864,0.8389354,0.2447563,0.51615036,0.28223148,0.40283757,0.18682115,0.5844399,0.32567373,0.34296858,0.6062317,0.3908864,0.7405405,0.819431,0.5119136,0.44978723,0.45173326,0.33079162,0.2523294,0.8009775,0.68520856,0.7973087,0.37998393,0.2509771,0.3020371,0.2701188,0.53365445,0.74447,0.6736573,0.33350602,0.3017471,0.52184975
1742,0.87269515,0.77403826,0.8578156,0.64830744,0.8599845,0.36688536,0.5427953,0.22909398,0.4958095,0.09477551,0.2941174,0.37184614,0.24495845,0.48966828,0.42365748,0.79063123,0.71512556,0.66522795,0.43715137,0.5319078,0.40557298,0.37333173,0.7620897,0.71004826,0.5664139,0.3439022,0.30597565,0.20385475,0.24688391,0.23726885,0.7296077,0.6650612,0.29917443,0.37602448,0.5475794
1743,0.5696867,0.7910752,0.6054718,0.22338426,0.67787087,0.18507089,0.54448074,0.3890436,0.26049823,0.22949739,0.55482894,0.36210066,0.40549988,0.5987983,0.35026884,0.5292317,0.8383287,0.50658804,0.5913959,0.5035378,0.42414054,0.3970243,0.76114476,0.67024887,0.69924206,0.5011219,0.2379301,0.34308952,0.36546665,0.64118856,0.7002197,0.66316307,0.45514756,0.36437252,0.5588778
1744,0.7801916,0.8124086,0.76239526,0.4276188,0.84315795,0.32246703,0.53111804,0.2722379,0.46475822,0.16112772,0.5058092,0.36867505,0.3106712,0.55988234,0.41618294,0.7705123,0.76398396,0.5606659,0.42794663,0.4940203,0.3547106,0.2866947,0.77734756,0.6699011,0.73749685,0.36568657,0.29147226,0.26981363,0.27798575,0.39881748,0.7340674,0.6677135,0.3118623,0.33133617,0.53173095
1745,0.81214714,0.8101754,0.79560393,0.4885773,0.85606974,0.32679686,0.53552246,0.2522106,0.46284485,0.13488683,0.44748116,0.36584207,0.28696498,0.54274833,0.41187635,0.7808085,0.75788593,0.593187,0.42853084,0.5063456,0.36424714,0.30492616,0.7802491,0.6894114,0.6962539,0.35567003,0.28469306,0.24423711,0.26225102,0.34896833,0.74190044,0.6734814,0.30233246,0.3392682,0.53707486
1746,0.70243627,0.8545966,0.67937344,0.23805304,0.8465649,0.24948919,0.5038876,0.27937415,0.434366,0.20805684,0.6568363,0.32816568,0.35034752,0.62768716,0.40820733,0.7730923,0.82697165,0.4708963,0.41833848,0.42523986,0.29577723,0.21222262,0.810575,0.6670935,0.8543084,0.36749992,0.26804423,0.31527534,0.26615843,0.5629498,0.7527269,0.67599696,0.31602833,0.2700623,0.5079284
1747,0.8819658,0.7502593,0.8681223,0.6961439,0.84701425,0.39732224,0.54734695,0.23751971,0.5084677,0.0960082,0.2643493,0.38939232,0.24710718,0.46826363,0.43669772,0.77992696,0.6817142,0.67765063,0.44113007,0.54903126,0.42626056,0.4048671,0.7397386,0.69369185,0.52705693,0.3450646,0.3305645,0.2040554,0.26397875,0.19577254,0.7127522,0.65518713,0.30595803,0.3977074,0.5512164
1748,0.5264669,0.8037278,0.5912837,0.18002138,0.6367991,0.13470165,0.55632275,0.40949115,0.17966701,0.19381046,0.5322856,0.3527246,0.40895018,0.60567874,0.30326286,0.4421652,0.8815856,0.51904595,0.6730215,0.52722234,0.453895,0.44635352,0.7770419,0.70388293,0.68554795,0.55945,0.19494113,0.32606924,0.37551445,0.6868075,0.7112492,0.67840487,0.5003569,0.37848482,0.5786559
1749,0.8112022,0.78560364,0.7951473,0.5242001,0.8360977,0.36711308,0.53273314,0.26037934,0.5016021,0.15060875,0.43040934,0.38691193,0.29006943,0.5246588,0.43645233,0.77710974,0.72125673,0.5945984,0.41439158,0.5094293,0.37289286,0.32154617,0.75759524,0.670931,0.6642642,0.35356182,0.3230856,0.25217742,0.2670235,0.32146314,0.7197505,0.6594163,0.30028805,0.3519351,0.5341892
1750,0.7250584,0.8491009,0.70296,0.2854976,0.85787666,0.24770114,0.51910985,0.27582642,0.41921178,0.18778485,0.6015743,0.33348793,0.33597377,0.60739416,0.40951094,0.7740527,0.81863534,0.4979621,0.44233003,0.44941157,0.32406387,0.24994464,0.80984,0.6649975,0.80860204,0.36571094,0.26536998,0.29577643,0.28470758,0.5120955,0.7580638,0.67977935,0.3226604,0.28365356,0.5212391
1751,0.7907121,0.7880508,0.7737504,0.49227315,0.83487815,0.3255399,0.54243195,0.2785534,0.44446808,0.14941844,0.42910367,0.3743469,0.30761093,0.5312428,0.42344108,0.75105566,0.738424,0.5865692,0.45730066,0.5165174,0.39227337,0.34798962,0.75985754,0.65923434,0.65582067,0.37119642,0.3027686,0.25949556,0.3023844,0.35629457,0.723982,0.66103095,0.33524257,0.35503894,0.5433403
1752,0.72368515,0.8500638,0.7050281,0.28077328,0.851011,0.24713247,0.5106461,0.27374023,0.41496387,0.18223663,0.6211713,0.323659,0.34075236,0.618848,0.39226532,0.76112443,0.82464725,0.49771675,0.432659,0.4399684,0.31063095,0.22516832,0.8104995,0.6866822,0.82752115,0.37065005,0.25085598,0.3006598,0.25919685,0.54018897,0.7548442,0.6796886,0.31688857,0.28620452,0.5159277
1753,0.92023593,0.7541613,0.9072021,0.7602595,0.8738533,0.42345324,0.5404682,0.19535275,0.5579375,0.07090459,0.18019955,0.385633,0.19832732,0.4450945,0.459022,0.8297478,0.67671144,0.71094775,0.4308993,0.54378396,0.41842723,0.41160053,0.7513734,0.7088512,0.4680597,0.3165385,0.36331037,0.16421415,0.22841854,0.12617275,0.72394985,0.6609467,0.2808876,0.3835424,0.5504918
1754,0.7044436,0.8479096,0.6866978,0.2667154,0.84088266,0.22946528,0.50863934,0.28305522,0.3984592,0.19357453,0.6218173,0.31687957,0.35299784,0.62298584,0.39071462,0.7417157,0.8314551,0.49147373,0.4419086,0.43310016,0.3170067,0.23351507,0.80846417,0.6861827,0.824005,0.37734184,0.24789155,0.31390962,0.26289985,0.5703019,0.749523,0.6759211,0.3309076,0.28809744,0.5158809
1755,0.754413,0.7866272,0.72723716,0.4237102,0.7995804,0.6349782,0.50462425,0.20597222,0.7707056,0.36913118,0.27527222,0.57824576,0.17416635,0.48612565,0.7077378,0.9358454,0.5846204,0.49533767,0.29639322,0.5091127,0.25995103,0.25471917,0.7361648,0.4561345,0.5265838,0.25759667,0.7145524,0.27554902,0.3172293,0.11026907,0.6870745,0.6496848,0.23239107,0.22585459,0.5297505
1756,0.66708076,0.73743093,0.67779124,0.4197386,0.68399847,0.5372666,0.5436952,0.2750144,0.60912144,0.41363397,0.23209254,0.5719059,0.22612,0.490074,0.6567669,0.84874785,0.5245923,0.5506395,0.42084438,0.6000242,0.3450594,0.31639487,0.70427424,0.5046273,0.43047228,0.32508326,0.57142067,0.35105553,0.4859414,0.14226694,0.65899897,0.6671951,0.37010977,0.3483521,0.59565544
1757,0.9081194,0.75151527,0.89497614,0.7510564,0.8739889,0.37308958,0.5585615,0.214216,0.46541014,0.07978437,0.18311362,0.39335814,0.21717305,0.44180936,0.44647646,0.7804397,0.67081624,0.71320534,0.47258654,0.5619206,0.45781392,0.45726624,0.7529545,0.69867694,0.4317073,0.32068232,0.34113723,0.18156466,0.2762948,0.13261102,0.7356612,0.6709788,0.3017292,0.40685636,0.57221496
1758,0.59060204,0.85269624,0.60540473,0.15962884,0.77399856,0.15236919,0.52600205,0.3451872,0.27009597,0.21230602,0.6577494,0.3034075,0.40957785,0.64605635,0.3454159,0.6126092,0.8831712,0.4641212,0.54623044,0.45411053,0.36796752,0.2840748,0.80313873,0.67944527,0.83650935,0.43680635,0.200599,0.34428018,0.30728084,0.6912379,0.73937285,0.6750836,0.41083908,0.30321425,0.534304
1759,0.8586429,0.7542311,0.84327155,0.6553279,0.8399606,0.40657622,0.545544,0.24574742,0.516991,0.119180046,0.30233288,0.4042833,0.2580598,0.4752676,0.45251822,0.78045255,0.6784221,0.6485933,0.4300283,0.54298717,0.41432595,0.3970421,0.7365747,0.6654739,0.5487951,0.3418433,0.35401303,0.21692176,0.27574357,0.2107608,0.70963144,0.653115,0.30325642,0.3832537,0.5474616
1760,0.68105537,0.8286616,0.6539488,0.2637119,0.8069893,0.34146816,0.5067321,0.28996032,0.51990724,0.27163032,0.59092844,0.3930429,0.33560038,0.5944443,0.48621988,0.7992195,0.7673956,0.45868197,0.3961105,0.4440507,0.29779848,0.23998952,0.7792021,0.5939282,0.79789335,0.35636264,0.383996,0.32917154,0.30389032,0.4781081,0.7224387,0.65718424,0.3167221,0.2644303,0.5105704
1761,0.70283294,0.8397254,0.683538,0.27528057,0.83841145,0.25940403,0.5138292,0.28830713,0.42285204,0.20644698,0.6172904,0.33893046,0.3521232,0.60902905,0.40993157,0.752989,0.81054354,0.48750567,0.43662912,0.44399405,0.31794506,0.2423844,0.7960026,0.6579871,0.8187583,0.37349603,0.27671972,0.31278783,0.2823344,0.5360202,0.7414756,0.670338,0.32959166,0.28942388,0.51653117
1762,0.84646225,0.7805043,0.8204172,0.58482194,0.855594,0.5054153,0.5201543,0.20114192,0.63757855,0.18484601,0.25468296,0.4693416,0.19494091,0.47194415,0.56998825,0.8680352,0.6531246,0.59320843,0.36431292,0.51392204,0.34328324,0.34228095,0.7560183,0.5815239,0.52356344,0.2790954,0.5220301,0.20874587,0.26641172,0.13720003,0.71908474,0.6568531,0.25322104,0.29921234,0.53284293
1763,0.64068687,0.82595176,0.6344552,0.2184382,0.78283364,0.22422954,0.5166048,0.33015513,0.3716449,0.24006593,0.6434351,0.33838946,0.3862148,0.6226202,0.39324766,0.68398917,0.8278142,0.47080436,0.47115245,0.4456122,0.3412208,0.26804912,0.78593457,0.6539945,0.8122934,0.41183916,0.2598656,0.3466739,0.31145248,0.6146932,0.7239874,0.6629802,0.37061712,0.3058057,0.52211094
1764,0.716989,0.83862257,0.696257,0.28389332,0.839337,0.26087338,0.51307046,0.28552932,0.42556778,0.19766684,0.61576056,0.33789954,0.348517,0.6099117,0.4037742,0.7561581,0.81098735,0.49521452,0.43252927,0.44582805,0.3178814,0.23691753,0.7962669,0.668888,0.8216591,0.37620887,0.2703181,0.31010872,0.27765587,0.53218156,0.74167204,0.6711484,0.3268179,0.29437345,0.51713014
1765,0.8497723,0.7867172,0.8314212,0.5790116,0.84961843,0.35635787,0.54230267,0.24868734,0.4783977,0.11533396,0.3773422,0.38001925,0.27351567,0.5165812,0.41666347,0.7725969,0.72510034,0.6332838,0.42860413,0.5277007,0.38865703,0.3338731,0.76367223,0.69972116,0.6353768,0.354863,0.29748395,0.2310559,0.2582851,0.28928965,0.731013,0.6682857,0.29879308,0.3686799,0.54649186
1766,0.8070879,0.80715597,0.7887219,0.48308784,0.8529747,0.32330108,0.5274461,0.2507883,0.47078362,0.13934657,0.45012364,0.35803598,0.2903237,0.5465451,0.41752282,0.7790195,0.757409,0.58768976,0.42720264,0.49111122,0.36047986,0.30206552,0.7804149,0.693254,0.68951523,0.35393554,0.2910996,0.25076205,0.2537029,0.3665124,0.7388145,0.6705995,0.3027576,0.3358806,0.5329826
1767,0.8929843,0.756275,0.8808136,0.7090649,0.85790837,0.393213,0.54499733,0.22264938,0.5124033,0.08299451,0.24156037,0.3810765,0.23100443,0.46460304,0.43719506,0.79529464,0.68893826,0.68925476,0.44268402,0.5457417,0.42375082,0.40496707,0.74879616,0.7046732,0.5144856,0.33874863,0.32729316,0.18940046,0.25118372,0.1805869,0.72058666,0.6602441,0.30212212,0.39079627,0.551696
1768,0.66017675,0.88510215,0.64359015,0.1354276,0.85228175,0.16298196,0.49697143,0.28535637,0.3451101,0.20152417,0.7249977,0.28178477,0.37778106,0.67477953,0.3662567,0.7340656,0.8872694,0.4389829,0.45465523,0.3946679,0.2789808,0.17960957,0.8386717,0.6949936,0.91056836,0.38581753,0.20781732,0.33299083,0.25235814,0.6857858,0.77117157,0.69010127,0.33820453,0.24795365,0.5067612
1769,0.6714156,0.87108505,0.65063244,0.16644596,0.84690446,0.20272942,0.4967599,0.2842692,0.3957288,0.21875224,0.7118306,0.3020234,0.36803028,0.6586188,0.39039713,0.75745356,0.85907364,0.4432125,0.43009353,0.40264565,0.28386742,0.18775806,0.8264946,0.68183625,0.8900569,0.37687898,0.2368743,0.33193836,0.260676,0.6450133,0.76210713,0.6820419,0.32668695,0.25279522,0.5036559
1770,0.6978434,0.85982144,0.67571867,0.21857269,0.8506398,0.24977228,0.50663036,0.28127134,0.43682638,0.20691642,0.6677445,0.32928443,0.34859616,0.6305779,0.4083503,0.78169614,0.8333794,0.4647096,0.4212869,0.42871165,0.29395968,0.20845512,0.8155034,0.6578732,0.8693012,0.36985612,0.266318,0.31126562,0.27598244,0.5630023,0.7557921,0.6772688,0.31748676,0.26521736,0.50799525
1771,0.8016447,0.79043055,0.78595906,0.50952655,0.84028614,0.3619741,0.5374166,0.26448533,0.49270692,0.15052727,0.4317277,0.38783392,0.29229674,0.524353,0.43724665,0.77840436,0.72819567,0.58771145,0.42694864,0.51414764,0.37661475,0.33270946,0.75856555,0.6560899,0.66912735,0.35460383,0.32523814,0.2496577,0.28301984,0.3229149,0.7227762,0.6600724,0.30793047,0.347326,0.5364016
1772,0.70448756,0.8380083,0.68584156,0.2816114,0.836329,0.2811479,0.51996714,0.29084677,0.44567615,0.20688471,0.6098164,0.35565713,0.34395546,0.5991117,0.4259746,0.7741973,0.80028963,0.48632765,0.4322484,0.45830035,0.32268417,0.25416487,0.7928688,0.63399565,0.8137146,0.37085205,0.29368585,0.30390894,0.3001404,0.5022354,0.7413009,0.6696227,0.32841596,0.28678265,0.51822424
1773,0.69916695,0.81496274,0.68092394,0.31985897,0.81549436,0.29231256,0.5204754,0.3025785,0.44416243,0.22241208,0.5728438,0.36242622,0.35250384,0.58448046,0.42957228,0.7454494,0.7784818,0.5001936,0.43982133,0.46273184,0.34215155,0.28055787,0.77335083,0.6337839,0.7709247,0.37785777,0.3084933,0.31675363,0.3057155,0.49692822,0.72161317,0.658131,0.33999112,0.30965462,0.522184
1774,0.55968654,0.6636929,0.57690036,0.24021025,0.36739397,0.8870177,0.4508241,0.24432254,0.9486424,0.78130656,0.12420938,0.7831989,0.16196096,0.53874195,0.92503244,0.9802534,0.23134422,0.4910398,0.2614289,0.56418955,0.12108062,0.086007506,0.61821645,0.45091233,0.38102162,0.33823448,0.9006696,0.5374899,0.558496,0.053427238,0.5174205,0.66960746,0.39296794,0.34142914,0.63935703
1775,0.8698267,0.78504467,0.85330755,0.61904466,0.8622035,0.35047963,0.5418746,0.23144098,0.476607,0.09628595,0.33286506,0.36681035,0.25488824,0.5056461,0.4097782,0.7821501,0.72747904,0.65773064,0.4350193,0.52945554,0.3959147,0.35076815,0.76989126,0.71899724,0.6028321,0.34963673,0.28668916,0.21063325,0.24342065,0.2638995,0.73750484,0.6712173,0.29648745,0.37407902,0.54841596
1776,0.81143075,0.7818439,0.79643095,0.53202736,0.8400558,0.35860175,0.5362381,0.262148,0.49038512,0.14460555,0.40541425,0.380175,0.2876158,0.52009535,0.43032163,0.77238035,0.72572154,0.6019653,0.43357176,0.51446253,0.3858239,0.34141278,0.7573036,0.6708237,0.6456996,0.35808182,0.31766424,0.24838734,0.27950877,0.3209666,0.71897954,0.657676,0.3132076,0.3585599,0.537628
1777,0.7036632,0.7945477,0.7435897,0.5140291,0.9121338,0.28797585,0.63808733,0.27952355,0.3474529,0.2761372,0.3000292,0.47702605,0.2461389,0.41704243,0.52683014,0.7607101,0.6247833,0.59734005,0.5220968,0.70818126,0.5428084,0.4749364,0.775599,0.50631297,0.30728826,0.26588595,0.35070437,0.22917874,0.50552136,0.12353466,0.7645592,0.696985,0.323976,0.35961336,0.6097928
1778,0.6928468,0.71513784,0.69936574,0.45162663,0.6012865,0.60456014,0.51769865,0.2601601,0.6697947,0.44605654,0.20203626,0.5746809,0.22153883,0.49781996,0.6843757,0.85423267,0.47969064,0.56136566,0.38719878,0.56575525,0.31027564,0.29156616,0.695166,0.5564784,0.42429247,0.33908793,0.58733785,0.36971804,0.46282834,0.13512483,0.6355785,0.6646906,0.39087343,0.35213476,0.5943025
1779,0.7301375,0.74247026,0.7433158,0.49996048,0.73654455,0.2416896,0.57924134,0.35417548,0.25012988,0.19372083,0.41458783,0.40887976,0.35150266,0.5224962,0.36596707,0.5349156,0.7230731,0.62525266,0.53096735,0.5590204,0.4864741,0.4471932,0.74478024,0.7051373,0.5199898,0.43223253,0.23832262,0.31858605,0.33561417,0.40510005,0.71328914,0.67315114,0.38858134,0.45083722,0.59522915
1780,0.6519567,0.7520011,0.66568285,0.39126402,0.71238774,0.23811051,0.56071174,0.37070033,0.28337425,0.23576836,0.47276694,0.39268735,0.3866442,0.54968035,0.3811403,0.54823667,0.7498399,0.56325084,0.5455917,0.527808,0.45859733,0.4185005,0.73406863,0.669231,0.59236133,0.4451974,0.26427534,0.34673786,0.3548855,0.49850488,0.69669163,0.6584811,0.41552076,0.4096815,0.5736934
1781,0.6657876,0.83783805,0.73544055,0.3899645,0.9033662,0.30693668,0.63676,0.2525158,0.38013163,0.2610857,0.28327334,0.50097895,0.20109646,0.45626315,0.57850885,0.8346921,0.6357924,0.5860963,0.5340094,0.7427114,0.47864914,0.38155457,0.80233604,0.47198826,0.3749233,0.26796365,0.3558236,0.21048567,0.5641064,0.10682688,0.77736676,0.72175133,0.3543561,0.320605,0.6263369
1782,0.7257447,0.80061376,0.70327437,0.38317934,0.81119394,0.35281318,0.5265487,0.2907978,0.4976162,0.22023225,0.5121355,0.39824566,0.32541007,0.5549731,0.46776238,0.781355,0.73766553,0.5158428,0.42067027,0.48662227,0.34812006,0.3053287,0.75877535,0.60760313,0.7212451,0.3588162,0.36179537,0.29814047,0.31504926,0.39964652,0.71510154,0.65414876,0.3259306,0.31212315,0.52628946
1783,0.7733383,0.81690896,0.7473315,0.4041472,0.847682,0.36591682,0.51234657,0.24809857,0.5349316,0.187953,0.49196142,0.3866519,0.28772748,0.5574972,0.4706481,0.81461704,0.75144,0.52868855,0.38903874,0.4637545,0.31849712,0.27358186,0.7819028,0.63361967,0.7275817,0.33365068,0.3774727,0.26465806,0.26064706,0.36939782,0.7346711,0.6631055,0.28474456,0.29138947,0.5156655
1784,0.6723602,0.889476,0.651978,0.13558444,0.8629147,0.1677368,0.494762,0.27655566,0.3581177,0.19611771,0.7311834,0.280407,0.36980328,0.6771139,0.36771214,0.7518195,0.8878869,0.43797845,0.44283757,0.3904014,0.27054673,0.17031348,0.84414834,0.6984707,0.91681594,0.37823218,0.20824814,0.32646912,0.24563642,0.67775476,0.7776694,0.69291246,0.32702604,0.24126725,0.50349844
1785,0.7439233,0.80153704,0.7260429,0.40838638,0.82634574,0.31564766,0.53443784,0.290744,0.44959706,0.19320235,0.49898672,0.37820005,0.32671553,0.5535341,0.43639183,0.7545069,0.75317717,0.5420104,0.44681072,0.49255434,0.37055647,0.32165635,0.7670146,0.63671124,0.7085296,0.3691442,0.31587785,0.28932208,0.31340894,0.41073665,0.72465605,0.66109544,0.33513385,0.3313078,0.53491336
1786,0.8908747,0.75964797,0.88263434,0.7293171,0.88096666,0.32942528,0.57410514,0.22657092,0.40134963,0.07941483,0.18688416,0.3877403,0.22728343,0.44318956,0.42845264,0.7579168,0.68150485,0.7156334,0.50857645,0.5837452,0.4865512,0.4802719,0.76120234,0.69529897,0.42589504,0.32710814,0.30129102,0.1867749,0.31658083,0.1396527,0.7483381,0.6802725,0.3245616,0.41649166,0.58496064
1787,0.76492137,0.7690376,0.7657509,0.5490919,0.83636725,0.40441266,0.5746748,0.2522033,0.48453403,0.22901002,0.23648751,0.48332268,0.2244778,0.45604295,0.5452679,0.8054088,0.6303133,0.60497195,0.4687721,0.6058589,0.43609133,0.41858453,0.74642587,0.5570169,0.41455048,0.29827356,0.44429675,0.24655724,0.41556105,0.14026237,0.7257468,0.67524105,0.33296362,0.35168356,0.5838539
1788,0.86233485,0.7723383,0.8496135,0.6314999,0.8508611,0.39345154,0.5411898,0.2367622,0.5165304,0.109956004,0.33241528,0.39106575,0.25383502,0.4894072,0.43783402,0.792151,0.70133555,0.647394,0.4197526,0.5339633,0.39641356,0.3638875,0.7535397,0.6858168,0.59431326,0.34169888,0.32675338,0.21208584,0.2548988,0.22752735,0.7224404,0.6613966,0.29143614,0.3725062,0.5426211
1789,0.7678122,0.8127902,0.7481337,0.41463345,0.8449391,0.29566008,0.5236249,0.26914987,0.45050484,0.16678767,0.49589205,0.3484699,0.3149061,0.5666766,0.41153115,0.76360714,0.775964,0.5555712,0.4372478,0.4756457,0.3536427,0.29240498,0.7832387,0.68076545,0.7263108,0.36690354,0.2845606,0.2766567,0.2711239,0.43333715,0.7347963,0.66630936,0.32160825,0.32636604,0.5281951
1790,0.8522603,0.7574867,0.83622265,0.6291474,0.8400308,0.3832665,0.5433198,0.24963875,0.50102216,0.11683096,0.30975065,0.3908301,0.26263133,0.4867383,0.4447279,0.77792996,0.6925048,0.6426045,0.4419133,0.53405744,0.41512856,0.394415,0.7432403,0.6737039,0.55581105,0.3483183,0.33756298,0.22442111,0.28135514,0.23703122,0.7133807,0.65502346,0.3153425,0.37946504,0.5472107
1791,0.62971926,0.779192,0.65489376,0.33450755,0.72431505,0.21851178,0.5621509,0.37336263,0.2747076,0.22058995,0.4959507,0.3864887,0.38504678,0.56239486,0.37653545,0.5596672,0.78323334,0.5478737,0.5604234,0.53268945,0.44718027,0.41136807,0.75126886,0.6519445,0.64105636,0.4583571,0.25259078,0.33402902,0.37014025,0.52289283,0.704963,0.6646118,0.42765474,0.38644847,0.5720209
1792,0.85345805,0.78813255,0.8364565,0.59024656,0.8590229,0.3585694,0.53975976,0.23806044,0.4886484,0.10993244,0.36058155,0.37489295,0.26382673,0.51044935,0.4220205,0.7842609,0.72598124,0.63543665,0.42766237,0.5217807,0.38589364,0.34193996,0.76685804,0.6995604,0.62297916,0.34607762,0.30415982,0.22068524,0.25046244,0.27787176,0.733065,0.66824925,0.293478,0.36163694,0.54331696
1793,0.84475887,0.7468828,0.8354893,0.657405,0.8408686,0.34255305,0.5726056,0.2730732,0.40854755,0.1120764,0.25824946,0.40383363,0.27764577,0.46494117,0.4291758,0.7236644,0.6806294,0.66620415,0.5033899,0.5746006,0.474048,0.46837956,0.73380864,0.6577488,0.49149394,0.35980898,0.31793243,0.23122683,0.34878087,0.21153167,0.71871364,0.66074985,0.35512275,0.41641626,0.57402056
1794,0.6535338,0.8694192,0.6394246,0.17064393,0.85105056,0.1852065,0.52028143,0.30635288,0.3402769,0.209446,0.67863804,0.31046864,0.3829962,0.6421991,0.38545626,0.71603775,0.8612421,0.45194834,0.4825611,0.4275166,0.30786058,0.2296216,0.81735027,0.6460796,0.8787845,0.39330715,0.2335922,0.32568043,0.2996854,0.63132316,0.7574587,0.68104666,0.36262685,0.26421326,0.5195209
1795,0.6819408,0.85607874,0.66388816,0.20982747,0.8418102,0.22854981,0.50598866,0.29040712,0.40383983,0.21173339,0.67548573,0.3170788,0.36282057,0.6374035,0.39165607,0.7502874,0.8400162,0.46338287,0.43840212,0.4251781,0.30117065,0.21022296,0.81254977,0.6725379,0.8654445,0.38039476,0.24779205,0.32418182,0.2755217,0.6000744,0.75106514,0.67552114,0.33113873,0.27377182,0.50959885
1796,0.68761396,0.8667253,0.6635903,0.18254279,0.8529738,0.22683434,0.49849254,0.28110427,0.4263122,0.21294007,0.6954573,0.31433806,0.35723108,0.6481856,0.39630955,0.77474016,0.8502679,0.4527429,0.42031902,0.4098617,0.28135854,0.18720487,0.82279444,0.6729533,0.8931554,0.37542883,0.25325933,0.32354614,0.26564005,0.6121454,0.7570882,0.6778299,0.31955236,0.2587033,0.5038434
1797,0.59604275,0.82046825,0.6081538,0.20982695,0.74767953,0.19608733,0.52776843,0.35952502,0.31113717,0.24300846,0.634185,0.33258352,0.40872735,0.6211431,0.37462485,0.61551166,0.84148914,0.4745317,0.5231765,0.4677526,0.37987623,0.30855405,0.77614254,0.6503021,0.7909915,0.43725967,0.23817785,0.35473606,0.3350811,0.65052336,0.7125018,0.66001016,0.41097003,0.32616785,0.5353516
1798,0.90686,0.74841374,0.89355296,0.7455503,0.8571234,0.39959767,0.5515681,0.22234996,0.51108605,0.07393293,0.20827326,0.38642508,0.22572426,0.45374155,0.43453175,0.78991014,0.68045336,0.7045334,0.4444171,0.5559759,0.43485278,0.4216667,0.7430086,0.7093673,0.48907375,0.33735642,0.32687977,0.18290389,0.25069755,0.15975739,0.71802056,0.65860975,0.29946697,0.40251082,0.55576766
1799,0.57018435,0.6732757,0.5993946,0.27919972,0.4078169,0.83968526,0.46689788,0.24914317,0.8986843,0.73600066,0.15516658,0.72938406,0.18336272,0.5234774,0.88409585,0.96290505,0.28502664,0.49249238,0.29068556,0.5596179,0.1605774,0.1326432,0.63651556,0.48195785,0.38347563,0.35358807,0.8258001,0.4983403,0.5429828,0.08099498,0.54269874,0.6643883,0.417309,0.32761237,0.6217994
1800,0.80169517,0.7492783,0.785425,0.5774457,0.8078532,0.4155228,0.54233074,0.27895707,0.5218878,0.17304996,0.3823962,0.42262888,0.29527634,0.49119687,0.46700937,0.7650439,0.66921645,0.60051453,0.42338458,0.53398854,0.40302986,0.3764518,0.7195646,0.62844837,0.5908912,0.3538842,0.37883,0.25728574,0.30362552,0.2679832,0.69208187,0.6425885,0.3139109,0.37503752,0.5415277
1801,0.51942873,0.691539,0.5599386,0.15799117,0.22583361,0.9086506,0.4382313,0.2144787,0.96368486,0.82030284,0.076611936,0.8354281,0.118945,0.5932589,0.957864,0.9897873,0.17601638,0.5061652,0.24628253,0.6020013,0.07302724,0.04067152,0.6587084,0.47398704,0.37520498,0.28604454,0.90684927,0.5887443,0.67703044,0.027184244,0.51013577,0.7212759,0.4425643,0.38857213,0.6894334
1802,0.73790437,0.85245955,0.7982576,0.3889524,0.86708605,0.30071267,0.6202987,0.22063072,0.36492923,0.1815658,0.25737864,0.51489437,0.17697856,0.49478626,0.57689226,0.83387977,0.6361753,0.65297985,0.5111808,0.76626885,0.40374988,0.28206936,0.81312877,0.5388242,0.41909164,0.28476223,0.29281735,0.1946235,0.51903474,0.08094883,0.7923821,0.74241674,0.34918934,0.36985126,0.65413797
1803,0.6977224,0.8408141,0.67872185,0.261317,0.83305156,0.26186258,0.509436,0.29115403,0.4336218,0.21392134,0.638448,0.3377908,0.355454,0.6158601,0.40913686,0.75615233,0.81334037,0.48112646,0.42664424,0.4388783,0.3131091,0.2297277,0.797701,0.6608574,0.83629066,0.3758176,0.27399865,0.3200447,0.2782916,0.5505547,0.7399894,0.6689031,0.32649243,0.2880544,0.5126446
1804,0.67891407,0.8341042,0.6621733,0.24834612,0.8256275,0.26933607,0.51528186,0.3038256,0.43546796,0.22733362,0.6357204,0.3475837,0.36090544,0.61051273,0.415708,0.7517152,0.8065753,0.47429794,0.44183627,0.44863605,0.3198855,0.2422307,0.78874177,0.6379448,0.8326972,0.38539353,0.28739795,0.32198805,0.30659273,0.5504853,0.73053896,0.6631688,0.3411388,0.2901888,0.5162912
1805,0.7499615,0.81956995,0.73634565,0.39438453,0.84595805,0.30837315,0.54210883,0.281407,0.4406,0.17700674,0.50853205,0.3806079,0.31377578,0.5542702,0.4331738,0.77338713,0.765885,0.5403627,0.44821054,0.5051198,0.36666018,0.31445533,0.77944106,0.6304361,0.725562,0.35909852,0.30462882,0.27271533,0.31875375,0.3882336,0.74079,0.6720319,0.32656473,0.31809697,0.5365657
1806,0.7700888,0.81089056,0.7517394,0.42306224,0.83945864,0.32280773,0.5319104,0.27641156,0.46149072,0.1696522,0.5072495,0.37333617,0.31670994,0.5565226,0.4249839,0.7690226,0.76013535,0.5528452,0.43012065,0.49217314,0.35675484,0.29601085,0.7725333,0.6572157,0.7313423,0.362677,0.30331808,0.2759158,0.28500822,0.39787117,0.7317686,0.66629565,0.31579846,0.32859442,0.53145677
1807,0.642175,0.7817084,0.6277572,0.3041031,0.7520978,0.36055517,0.51858866,0.33401817,0.49952388,0.31390023,0.5643526,0.410535,0.36736584,0.57166374,0.48478824,0.74970526,0.7175528,0.47334838,0.42865023,0.47511774,0.34658456,0.2951742,0.73517257,0.57939774,0.73695916,0.38977402,0.38112333,0.36094707,0.3558208,0.48567182,0.6806222,0.63742864,0.36641902,0.31438512,0.52256024
1808,0.6103749,0.68482125,0.6000165,0.31298777,0.46882027,0.7962106,0.47112617,0.2720326,0.8974513,0.64288414,0.18335564,0.70950216,0.19689333,0.5263931,0.84930074,0.9545027,0.37755364,0.47868508,0.28744942,0.52451557,0.17644346,0.1552968,0.6426094,0.43830162,0.44636807,0.32440472,0.8524642,0.48205504,0.47319117,0.09814097,0.56308377,0.64268243,0.34578544,0.31729993,0.58603394
1809,0.61638653,0.80208445,0.6226375,0.26017457,0.7635249,0.25935814,0.53235996,0.3503941,0.3848973,0.2669022,0.6021338,0.3681435,0.38754624,0.59026086,0.41918746,0.6686682,0.7875526,0.48007497,0.4928537,0.48220533,0.3778931,0.3184046,0.75861967,0.61495364,0.7520831,0.4203213,0.29007298,0.3461646,0.35802573,0.56783557,0.70210934,0.65108335,0.39331508,0.32399184,0.53285694
1810,0.7493943,0.8101741,0.7317532,0.39130262,0.8322031,0.36932594,0.519956,0.26940283,0.53087604,0.20190677,0.5243134,0.39357358,0.30556044,0.555791,0.46163636,0.8022439,0.7453834,0.52481246,0.39463824,0.48023206,0.33181253,0.27736005,0.7706355,0.6266203,0.74607694,0.34865317,0.35608193,0.27621335,0.2817023,0.38687265,0.7233299,0.657288,0.2958059,0.30413732,0.5176428
1811,0.7961069,0.8129157,0.7766294,0.44692534,0.85412276,0.31933385,0.523434,0.2529785,0.4717207,0.14760964,0.48614407,0.35621077,0.29754642,0.5567385,0.41868734,0.78457606,0.7628883,0.56826705,0.42269722,0.4836697,0.3493597,0.28928646,0.7839638,0.6848353,0.71627796,0.35410553,0.29137886,0.25656685,0.25838277,0.38557202,0.74121547,0.6710693,0.3016501,0.32611293,0.52804357
1812,0.85771453,0.76655996,0.84104955,0.63875234,0.8472718,0.41949958,0.54241925,0.23532799,0.54026806,0.121945344,0.31568664,0.41072193,0.24938682,0.47827443,0.46308455,0.8013921,0.6826706,0.63862455,0.4136656,0.537318,0.39459363,0.3756567,0.7439447,0.6604067,0.5711478,0.3299951,0.36714265,0.20904334,0.26333517,0.2032545,0.7157191,0.6560179,0.28470597,0.3653122,0.5429319
1813,0.6615447,0.86886245,0.6411108,0.16707829,0.84119,0.1967673,0.5030561,0.29659837,0.37824932,0.2210112,0.70116276,0.30596638,0.37825552,0.6532793,0.3888536,0.7378679,0.86061287,0.44668537,0.44537443,0.4102334,0.2938609,0.20022134,0.82164794,0.6703916,0.89064837,0.38358784,0.23789766,0.33833623,0.27399373,0.6433618,0.7574129,0.67920613,0.3395291,0.26189592,0.5085686
1814,0.8526367,0.78323144,0.835866,0.5987854,0.8546817,0.3639434,0.538906,0.23667714,0.4961899,0.112574264,0.34770045,0.37724555,0.26024175,0.5054049,0.4279492,0.7882961,0.7200734,0.6376564,0.4274562,0.52135944,0.3883548,0.34892583,0.764177,0.6978055,0.6068247,0.34398693,0.31217366,0.21913739,0.25047672,0.2695057,0.73070776,0.6665241,0.2935756,0.3623225,0.54315776
1815,0.5407201,0.79582036,0.592243,0.20187855,0.6462987,0.16138545,0.54734105,0.40476972,0.21958706,0.22028907,0.557006,0.35271373,0.4143963,0.6044509,0.32812026,0.4792382,0.8597229,0.50959367,0.6299019,0.51629317,0.4410634,0.4125386,0.7665113,0.68251723,0.7007271,0.52960396,0.21482345,0.34246168,0.37301314,0.6764444,0.6991372,0.6674869,0.48071575,0.37549624,0.56856376
1816,0.8389096,0.7837926,0.8264494,0.5817827,0.8545412,0.3609118,0.5361608,0.23892482,0.4990518,0.11989349,0.3579404,0.36928487,0.26194292,0.5067096,0.42582345,0.7916232,0.7269613,0.63316363,0.4310966,0.51953614,0.38949087,0.3496583,0.7666372,0.69483197,0.61776555,0.34852007,0.3051185,0.22081733,0.2558652,0.2781402,0.7296814,0.66390455,0.30153418,0.3622048,0.5395581
1817,0.79549706,0.7814349,0.7811464,0.5134913,0.82387924,0.38088915,0.5348024,0.2710154,0.50985736,0.16613969,0.44220218,0.39989817,0.29665837,0.5221527,0.44617143,0.77542645,0.7129935,0.5847472,0.4127038,0.5154895,0.37471175,0.32570872,0.75027406,0.6511938,0.669776,0.35615194,0.33750597,0.25985402,0.28269887,0.31795293,0.7134572,0.6557929,0.30444273,0.352694,0.5346643
1818,0.9358324,0.751434,0.92531574,0.79876786,0.87799895,0.3990293,0.54468536,0.19043666,0.5289835,0.051925093,0.15271993,0.3662324,0.19293603,0.4403932,0.43561402,0.81793004,0.6827977,0.7422181,0.44444937,0.55274975,0.43781686,0.42572236,0.7571175,0.7428169,0.44601274,0.3244396,0.31813228,0.15470468,0.22028199,0.11811383,0.7309927,0.6663046,0.28918165,0.40229887,0.55779815
1819,0.7665905,0.7711671,0.7292746,0.412327,0.7635371,0.7571175,0.4710144,0.17378269,0.88211805,0.44660378,0.20155954,0.6422364,0.13062105,0.48453134,0.78804857,0.9681708,0.52513087,0.48461574,0.23854478,0.47955465,0.18427941,0.19484547,0.71080667,0.43602943,0.4899744,0.25094718,0.8437169,0.2935726,0.2949435,0.06972265,0.652341,0.64161015,0.21409757,0.19827107,0.52882826
1820,0.7410789,0.8392598,0.72107583,0.32312962,0.8498516,0.2763489,0.51418483,0.27132368,0.44556364,0.18159392,0.5887086,0.34001437,0.329782,0.59978217,0.40695938,0.7731936,0.8042863,0.5136081,0.42183733,0.4529775,0.31967515,0.24058063,0.800577,0.67690885,0.80513984,0.36497754,0.27174827,0.29211077,0.2638232,0.4926476,0.74751234,0.67436844,0.31049052,0.29605195,0.5176093
1821,0.760795,0.7763769,0.7561451,0.51338446,0.8151981,0.44476476,0.5635069,0.24543586,0.5333468,0.25980958,0.23483138,0.5026948,0.21539465,0.4657948,0.5735863,0.83340675,0.6277294,0.5853783,0.44634542,0.59027743,0.40162688,0.38680512,0.74633104,0.53550375,0.4455781,0.29855087,0.49596435,0.2574049,0.4096848,0.1366615,0.7185737,0.6731171,0.32153708,0.32603216,0.576748
1822,0.7001646,0.72897774,0.7139324,0.47037506,0.69822586,0.25026456,0.5722304,0.3695754,0.25989753,0.21539223,0.4150551,0.4114535,0.36767954,0.5239645,0.3750102,0.5115686,0.7189598,0.60691476,0.55517673,0.55476224,0.488211,0.4551568,0.7286889,0.6961453,0.51236904,0.45144182,0.2588113,0.33393833,0.3525228,0.43325004,0.6981675,0.66444004,0.41155204,0.4463516,0.5912715
1823,0.6029016,0.837877,0.69766486,0.40607136,0.946544,0.25997072,0.6720886,0.27156085,0.34595683,0.31176367,0.29980075,0.49428162,0.21066809,0.40432414,0.57903165,0.83423966,0.61330205,0.5535224,0.55368835,0.7696172,0.5705408,0.48560372,0.80369043,0.41268387,0.27312908,0.21905681,0.37095228,0.19793992,0.5946143,0.08892995,0.78604144,0.71262044,0.32960522,0.2969779,0.6159543
1824,0.6200515,0.76159716,0.6543428,0.34532586,0.6716014,0.2046657,0.5602312,0.38622397,0.23930793,0.21730609,0.48218718,0.38254386,0.39047238,0.5623645,0.35095242,0.49693984,0.78897256,0.56352293,0.5874783,0.5366446,0.4672966,0.43201876,0.7471115,0.69126016,0.60368973,0.48722973,0.2345145,0.33844128,0.35899034,0.5529767,0.697863,0.6660141,0.44323206,0.4159402,0.5815631
1825,0.8265155,0.77184427,0.8177935,0.58997977,0.8474561,0.36463323,0.55003566,0.25680915,0.47630873,0.12782462,0.34516248,0.39226636,0.27204132,0.49148387,0.4394497,0.77167827,0.7065059,0.62686694,0.44963282,0.538515,0.41443634,0.3899497,0.7505969,0.65838397,0.58564776,0.34718016,0.3259768,0.2290931,0.29626304,0.2524127,0.7218529,0.6604339,0.31692916,0.37175393,0.54814994
1826,0.81065786,0.8030923,0.7933433,0.49819335,0.85093224,0.32767528,0.53365266,0.2561478,0.46392712,0.13677378,0.43930292,0.36404935,0.29126588,0.5421008,0.41172948,0.7708537,0.75248516,0.5950867,0.42988938,0.5031055,0.36882436,0.3095115,0.77608943,0.69247025,0.68511885,0.35899243,0.28691396,0.25023746,0.26085308,0.3581491,0.73583806,0.66943103,0.30607823,0.34532028,0.5368712
1827,0.76486504,0.80441487,0.74629164,0.4236742,0.8318221,0.30930275,0.5283661,0.28005213,0.44700843,0.17166829,0.5015317,0.36289006,0.3232804,0.5604817,0.41650844,0.7507766,0.76190996,0.5554017,0.43714696,0.4860219,0.3602497,0.29707423,0.770568,0.67090416,0.72090816,0.36992115,0.29303306,0.28367454,0.2800491,0.42135397,0.7269553,0.66354144,0.32482123,0.33535945,0.5311363
1828,0.62329865,0.82180774,0.6352981,0.26178995,0.80575764,0.26543933,0.54861546,0.33735773,0.40082192,0.26525548,0.60644615,0.3737607,0.36407417,0.58079404,0.44415027,0.7137991,0.78699857,0.47679344,0.4911089,0.5076457,0.39104465,0.32059953,0.7715017,0.5898372,0.7569463,0.39656886,0.28662673,0.32402167,0.3827006,0.520053,0.71801704,0.65820473,0.38554037,0.29997995,0.5363954
1829,0.8692814,0.751181,0.855111,0.68049985,0.8439951,0.3865213,0.5528588,0.24606255,0.48365408,0.10756668,0.27212632,0.39863393,0.256661,0.46750212,0.44042635,0.76776946,0.67910975,0.6684317,0.45257646,0.55110914,0.4345277,0.42110962,0.73805845,0.6796532,0.52042854,0.3451144,0.33556688,0.21360154,0.28484803,0.19981615,0.7157332,0.6577169,0.31307918,0.398691,0.5570824
1830,0.9217448,0.7637257,0.91149056,0.7629825,0.8756154,0.39085013,0.5443193,0.19637315,0.52242684,0.063258365,0.19729945,0.36479837,0.20375642,0.45419472,0.42632246,0.8159893,0.6965023,0.7296011,0.436694,0.5507202,0.42546988,0.400315,0.76347286,0.7443548,0.49185246,0.3285855,0.3036246,0.16400394,0.21790154,0.14523667,0.73648304,0.66980755,0.284899,0.39632013,0.5555061
1831,0.67687,0.8493384,0.6574359,0.21398763,0.83665717,0.23467633,0.51231235,0.29899308,0.4050797,0.21889457,0.65419185,0.33086127,0.36438313,0.6277684,0.40093058,0.74478966,0.83107024,0.46740824,0.44968653,0.43601418,0.30873275,0.22389278,0.80389196,0.6535498,0.85508406,0.38853392,0.26507476,0.32440042,0.2968034,0.5866728,0.7421473,0.6712152,0.34289214,0.27980536,0.51613474
1832,0.725223,0.80538034,0.7086598,0.37154883,0.82225114,0.32960477,0.52591616,0.2902543,0.4821272,0.21635935,0.54304564,0.3806629,0.33102012,0.5640351,0.4494586,0.76721936,0.75020146,0.5167778,0.4258964,0.48322338,0.3510987,0.29050893,0.765693,0.62969244,0.7354535,0.36496577,0.3292481,0.297998,0.3055248,0.43257627,0.7191248,0.6569046,0.32460266,0.3133168,0.5247811
1833,0.8547908,0.77512085,0.8399359,0.63257056,0.85258466,0.3985815,0.5412928,0.23191074,0.52493584,0.11789443,0.320026,0.3926269,0.24768479,0.48530665,0.44668245,0.80402774,0.7006403,0.6454445,0.41894764,0.53521216,0.3939806,0.3685402,0.75512135,0.6772139,0.58590484,0.3337091,0.33984673,0.20608549,0.25644913,0.21588144,0.7246358,0.66104776,0.28756267,0.3649454,0.542636
1834,0.7140221,0.8069267,0.70350343,0.36373585,0.8229644,0.28989214,0.5373178,0.30808097,0.41579157,0.19664799,0.5311755,0.3662539,0.34797943,0.5670364,0.41771364,0.72598803,0.77330935,0.5258343,0.4691041,0.48892626,0.37017718,0.31739146,0.76643634,0.6311041,0.7419602,0.38681975,0.29441175,0.3008991,0.32591125,0.46414933,0.7202959,0.6586358,0.3587963,0.32889843,0.5338732
1835,0.64671516,0.7483551,0.66678375,0.3958682,0.7083973,0.2669396,0.55555063,0.37743977,0.32384136,0.25594494,0.5023934,0.4010191,0.38366097,0.5452636,0.40575117,0.5761274,0.7375631,0.5536605,0.5179277,0.53238404,0.4477389,0.40242442,0.72936994,0.6364817,0.6120235,0.44259462,0.28196675,0.35042426,0.37637234,0.49745923,0.6789805,0.64957595,0.4117879,0.40725273,0.56745255
1836,0.61862624,0.84750795,0.6215377,0.17668566,0.7833935,0.18804154,0.5187726,0.32898206,0.33277568,0.22396903,0.6546427,0.32202232,0.38966945,0.6354623,0.37544614,0.663397,0.859218,0.46241108,0.5059372,0.44618645,0.34451115,0.27026114,0.8025135,0.6707443,0.82637405,0.42431822,0.23290646,0.33792564,0.30674353,0.6477624,0.7406858,0.6747471,0.38391742,0.2921706,0.5267273
1837,0.837907,0.7366366,0.8223556,0.6511693,0.8234371,0.4203001,0.54739577,0.25903255,0.5255311,0.14362168,0.2897092,0.4213338,0.26279044,0.46509972,0.47625008,0.7743388,0.65601075,0.63362044,0.4335484,0.54379594,0.42470884,0.41860828,0.7195138,0.63682544,0.5059561,0.33880916,0.38857448,0.23079178,0.2978298,0.20555714,0.6940058,0.64406806,0.3133553,0.3833683,0.548121
1838,0.881151,0.7593186,0.8675987,0.68987054,0.8545064,0.40002865,0.5459555,0.22939119,0.5166329,0.0960616,0.26800635,0.3907598,0.24006267,0.46883053,0.44094628,0.7921296,0.68815583,0.6740192,0.43317804,0.54429305,0.41623726,0.39905602,0.7460986,0.69084686,0.5367173,0.33733195,0.33479688,0.19750023,0.25576997,0.1901529,0.71890974,0.6588174,0.29607382,0.3861674,0.5490676
1839,0.6551345,0.8671895,0.63525355,0.1600587,0.83652955,0.18986951,0.49753445,0.2969575,0.37291437,0.22701457,0.709136,0.29984942,0.38376063,0.65910685,0.38449922,0.72911215,0.8627073,0.44298682,0.4420096,0.40088892,0.28990126,0.19344479,0.82074034,0.67953277,0.89348334,0.3859133,0.23402682,0.3469102,0.26541743,0.6650289,0.7540791,0.67770064,0.34126368,0.2625719,0.5058573
1840,0.75193214,0.78561425,0.77151185,0.5535372,0.88772106,0.28282702,0.62610567,0.28616595,0.32329375,0.21575585,0.29089427,0.4597682,0.2624207,0.43648258,0.47799438,0.7228478,0.65160733,0.6269878,0.523536,0.6731532,0.5259693,0.4757108,0.7675481,0.56307065,0.37025735,0.30208996,0.31817898,0.23920467,0.4615181,0.15820304,0.76025534,0.6956191,0.3378694,0.38777715,0.60832936
1841,0.6581116,0.8496151,0.64377975,0.2061991,0.84255993,0.22873347,0.5129334,0.29675028,0.39632964,0.24411717,0.66540784,0.32797948,0.36656207,0.628022,0.4144407,0.7436886,0.81934464,0.45477542,0.45030743,0.43608445,0.3153196,0.2298871,0.80398196,0.64707506,0.82343423,0.37554073,0.26714295,0.327488,0.29449263,0.5893388,0.7452459,0.67304945,0.34028995,0.26814455,0.51524234
1842,0.72642356,0.8353338,0.7101519,0.30402476,0.8424221,0.29542956,0.51235676,0.2774739,0.4673674,0.19681644,0.6090692,0.35050014,0.33254236,0.5978441,0.41718,0.78086156,0.7974907,0.49976,0.41375574,0.45297813,0.3143108,0.23694257,0.7934174,0.6577438,0.8208548,0.36661798,0.28768077,0.2969411,0.27454093,0.48933393,0.73873246,0.6683338,0.31137913,0.29247636,0.5123302
1843,0.616774,0.80071294,0.6610724,0.3564239,0.8393847,0.2253983,0.60759807,0.3472748,0.27063257,0.20109987,0.40018028,0.42586017,0.3351575,0.5080335,0.41527456,0.63978106,0.7524499,0.5480008,0.58872443,0.60017747,0.47400364,0.47348905,0.76138866,0.54636407,0.5787736,0.39549798,0.28678593,0.2880487,0.4763251,0.34663987,0.73954076,0.6780696,0.42779168,0.35953498,0.58475745
1844,0.6596877,0.8681954,0.6389297,0.16487738,0.83957034,0.19284335,0.5020978,0.29693174,0.37317172,0.22204551,0.7027537,0.30378932,0.3803318,0.65507686,0.38702354,0.7342378,0.861234,0.4452613,0.44648823,0.40751696,0.2925519,0.19974113,0.82126874,0.6721381,0.8892704,0.38419902,0.23615995,0.3402242,0.2727,0.64972246,0.75712013,0.6794839,0.34066302,0.26176423,0.50828445
1845,0.852059,0.7841741,0.8393072,0.61016387,0.8571633,0.4028719,0.5357372,0.22774243,0.5396663,0.12045407,0.35059288,0.3920375,0.24775496,0.49254817,0.44926563,0.81360376,0.7068595,0.63528025,0.40569225,0.52530605,0.37827152,0.34506634,0.7613259,0.67936087,0.61343133,0.33035916,0.33951777,0.2080431,0.24614754,0.22812557,0.72845995,0.6638151,0.27647653,0.35341907,0.5371146
1846,0.8428017,0.78515756,0.8265184,0.5816108,0.858401,0.34963578,0.53996915,0.24158125,0.47570592,0.11620919,0.35708657,0.37162867,0.26826987,0.50713116,0.4263544,0.7842456,0.7258159,0.63074625,0.4439834,0.52047527,0.3961731,0.36404693,0.7654745,0.6876818,0.6106488,0.34665775,0.3090597,0.22372122,0.26793417,0.2769257,0.73359907,0.66707003,0.30740556,0.36345103,0.5446738
1847,0.6849448,0.8206116,0.6639238,0.28195268,0.8110323,0.30060893,0.51043147,0.30001602,0.47134247,0.24367562,0.6045188,0.36616448,0.35550046,0.5961565,0.4436547,0.7607584,0.77964336,0.4768792,0.42016086,0.44585976,0.32149854,0.25470942,0.77643746,0.6289286,0.79700875,0.3725141,0.3258067,0.32956523,0.29857105,0.518853,0.72079545,0.656145,0.33055273,0.29231033,0.5134134
1848,0.81264096,0.7895528,0.7959855,0.5326552,0.8556058,0.29999247,0.54662424,0.26049483,0.41155785,0.1371057,0.38097674,0.3662503,0.29114038,0.51864016,0.4180688,0.749126,0.7377815,0.61615884,0.47667012,0.516541,0.41427222,0.38123447,0.772861,0.6816764,0.6085076,0.35630274,0.28921396,0.2489347,0.30303875,0.3210376,0.74190027,0.6723627,0.3310011,0.36852798,0.5547384
1849,0.79822385,0.7935572,0.7808201,0.48929757,0.8441278,0.3296792,0.5361062,0.26750755,0.46342677,0.1452663,0.43824404,0.368677,0.29958048,0.5377483,0.41925836,0.7643207,0.7450331,0.58571607,0.4428625,0.5052083,0.37780917,0.32855886,0.76602453,0.67216295,0.6729951,0.36481312,0.30133456,0.25611088,0.28275558,0.36326954,0.7260878,0.6623428,0.3211958,0.348144,0.5374472
1850,0.81206274,0.8009386,0.7955685,0.50573695,0.8613435,0.31912467,0.5383463,0.25181255,0.45472822,0.13266489,0.40961963,0.36362034,0.28238454,0.53063536,0.42041403,0.7787038,0.75130844,0.59824574,0.44792038,0.505039,0.38296244,0.3423701,0.77752984,0.6791357,0.6497942,0.35138905,0.2954517,0.24145874,0.27890193,0.33575693,0.7400065,0.6708409,0.31465426,0.3439449,0.5403094
1851,0.9145201,0.7535504,0.90164804,0.7510716,0.8620213,0.3897238,0.5515579,0.21801284,0.4992242,0.06760815,0.21198168,0.3792007,0.22482339,0.4575808,0.42238647,0.78565264,0.68663234,0.7150601,0.4449083,0.55895174,0.43461308,0.41413108,0.749608,0.7242565,0.49842304,0.3410291,0.30827278,0.17922287,0.24250264,0.1616882,0.7247739,0.66375697,0.29759556,0.40739766,0.55863124
1852,0.7342761,0.8300506,0.78840166,0.44884077,0.87815064,0.3044816,0.6219409,0.24857107,0.34509903,0.21180674,0.2781523,0.49414682,0.20003071,0.48205242,0.52739054,0.792918,0.6376686,0.6453861,0.5171186,0.73695487,0.45124546,0.34171236,0.79901946,0.5539473,0.4147509,0.30471495,0.30127105,0.21056208,0.49511537,0.11294764,0.7756194,0.7282448,0.3547933,0.37108344,0.64090025
1853,0.7939261,0.77749866,0.7854839,0.55185586,0.8517847,0.3700295,0.5724188,0.26320225,0.4528718,0.196677,0.31291693,0.4515891,0.2580585,0.47543302,0.49579653,0.76658905,0.672391,0.6078681,0.46062675,0.5737499,0.4330967,0.4127943,0.75377005,0.5948931,0.50034684,0.32085168,0.39318871,0.25008884,0.36309737,0.19744405,0.73418486,0.67318344,0.3169473,0.35935658,0.57281893
1854,0.8899105,0.7453569,0.876036,0.7206558,0.85322416,0.4125796,0.5486552,0.22893281,0.52363425,0.093788266,0.22688027,0.40189213,0.23134987,0.45313197,0.4592453,0.79231846,0.6677355,0.6811274,0.43923682,0.54949224,0.4303463,0.42320353,0.73610795,0.6793347,0.47826037,0.3304339,0.36416823,0.19576058,0.2653493,0.16395171,0.7114088,0.65528756,0.30103636,0.39041334,0.5542823
1855,0.78358513,0.81215733,0.7647732,0.42490068,0.8395606,0.322009,0.52721846,0.26886994,0.4665668,0.16101463,0.5113745,0.3669847,0.3097015,0.56437314,0.4145813,0.77176726,0.7621445,0.5606522,0.41980308,0.4906664,0.34944898,0.27529556,0.7791052,0.6799799,0.7378284,0.36557004,0.287641,0.2714886,0.269687,0.40462884,0.7355221,0.6693063,0.30731902,0.33104578,0.5305464
1856,0.8087621,0.78671324,0.79440874,0.5317078,0.84863627,0.35718262,0.5394633,0.25389642,0.4879366,0.14666423,0.38276768,0.3884832,0.2766708,0.51328486,0.44715255,0.785573,0.723715,0.59762967,0.4375432,0.51359504,0.38386482,0.3527463,0.75966513,0.65312624,0.62103623,0.34323213,0.34487265,0.24131183,0.28313476,0.29818186,0.7256259,0.66218054,0.3091542,0.34451458,0.5403677
1857,0.59803694,0.79377234,0.60826075,0.25450462,0.74377763,0.22739772,0.5395907,0.36987218,0.33030254,0.26151067,0.5786711,0.3670233,0.40774903,0.590596,0.39837018,0.6133367,0.79965657,0.48728734,0.52399415,0.48433676,0.3967199,0.34979123,0.75018823,0.6201621,0.73633987,0.4375264,0.2766313,0.35969162,0.36264804,0.5902049,0.6968691,0.6495193,0.41834277,0.34243694,0.5401784
1858,0.74812925,0.82225597,0.72276795,0.36837557,0.83833635,0.3665265,0.5188472,0.2610671,0.53015757,0.20469752,0.50894815,0.39965215,0.29523075,0.56029797,0.4803764,0.8174469,0.7541303,0.5088786,0.3965239,0.47102118,0.31673926,0.27481097,0.77873623,0.6072966,0.7385815,0.3354028,0.3869909,0.2731521,0.28477252,0.3775893,0.7335282,0.66347486,0.29295775,0.28056508,0.5183055
1859,0.8625191,0.7621864,0.8478939,0.6486947,0.8406404,0.3872629,0.5489433,0.24732003,0.4932961,0.11040008,0.31036666,0.3945853,0.26021975,0.4844709,0.43060938,0.7717961,0.69335,0.65835905,0.435887,0.5488106,0.4139177,0.38051128,0.7443049,0.6870115,0.5693165,0.35252196,0.32168722,0.21566463,0.26977038,0.22742411,0.7171346,0.65920025,0.30530617,0.3887537,0.55151427
1860,0.85523605,0.76027834,0.83713627,0.6390231,0.84454215,0.42604652,0.5357517,0.2295259,0.55581146,0.13029805,0.27602968,0.40922242,0.23675673,0.4736032,0.48312712,0.8170802,0.6785792,0.6370209,0.4204173,0.5293953,0.39751402,0.38949046,0.74323887,0.6479163,0.53753954,0.32457733,0.4007536,0.20886326,0.2712709,0.18793169,0.7125411,0.65253246,0.29630852,0.3575756,0.540757
1861,0.6067964,0.67852867,0.6000997,0.27546793,0.46369267,0.8797188,0.4555151,0.24769752,0.9523457,0.73277134,0.13546558,0.7684296,0.16322453,0.5242189,0.90619934,0.9797019,0.2939707,0.4749941,0.25469014,0.5385362,0.13564983,0.107923135,0.62175655,0.4158627,0.41566363,0.32791147,0.91714585,0.5085222,0.49011502,0.059069734,0.53667784,0.6497446,0.34101516,0.30110914,0.6066829
1862,0.76029336,0.7686721,0.7472554,0.5023488,0.8441041,0.49919733,0.54368055,0.23964444,0.6263262,0.3069238,0.33144212,0.5049207,0.2248297,0.46758318,0.6060419,0.8574855,0.6135948,0.5447465,0.37279388,0.55077547,0.36312023,0.34946227,0.7334474,0.5178145,0.48076925,0.2805841,0.5458993,0.25721976,0.33638468,0.15553533,0.70239115,0.6510122,0.26597387,0.2948542,0.54487145
1863,0.83117473,0.76165277,0.82445586,0.6362356,0.8570507,0.34588772,0.57932377,0.26448417,0.41326547,0.13243328,0.26608056,0.4220767,0.2633019,0.46067697,0.44752812,0.7449597,0.67977375,0.6534559,0.49160427,0.58078074,0.4690742,0.46105847,0.743393,0.63656884,0.48095626,0.33622384,0.33420306,0.22999144,0.3553863,0.19005351,0.7305918,0.67023003,0.3357591,0.39744717,0.5769566
1864,0.663337,0.8403737,0.69949687,0.3506543,0.8840128,0.21808787,0.6126727,0.30712438,0.27481505,0.16513088,0.40515962,0.4094201,0.2956798,0.51443774,0.41983396,0.71281755,0.77536637,0.56133217,0.57650346,0.6234198,0.45878768,0.42731214,0.7980324,0.54510885,0.6214329,0.3631074,0.2636195,0.24395278,0.47917786,0.29949722,0.7750777,0.7013544,0.39691347,0.32980773,0.5892696
1865,0.7528412,0.8245961,0.7333671,0.36579,0.84499663,0.2876953,0.5238493,0.2762971,0.43970948,0.17336741,0.54875886,0.3493852,0.32697314,0.582042,0.40736943,0.7618341,0.78713655,0.53354096,0.43591624,0.47219673,0.33988643,0.2675555,0.78784984,0.673238,0.76816285,0.36941996,0.27693626,0.2854487,0.27615806,0.45866746,0.74029016,0.6707039,0.31968722,0.31490555,0.52606696
1866,0.84858465,0.76697385,0.8334757,0.61963236,0.85149384,0.3567292,0.5482931,0.25088388,0.46988565,0.113174334,0.31775588,0.3810084,0.26726618,0.49119514,0.42836165,0.7665412,0.70893,0.6438839,0.45515704,0.53310764,0.4193388,0.396097,0.7520236,0.6816466,0.5642426,0.34941846,0.31664553,0.22516349,0.28288293,0.2567567,0.722237,0.6604986,0.3179253,0.38134483,0.5505614
1867,0.8263335,0.7657345,0.81892204,0.6177395,0.8534681,0.33998746,0.5750989,0.26224607,0.4138431,0.13220106,0.27738792,0.41470402,0.2637386,0.46762484,0.44916058,0.74939334,0.6857022,0.6470666,0.49003068,0.57813513,0.46219438,0.4516901,0.7497405,0.63602436,0.49431354,0.3370878,0.33048612,0.22883567,0.35489136,0.19715182,0.7335807,0.6715776,0.33789247,0.39086118,0.57419586
1868,0.7550863,0.8214548,0.7387025,0.38317636,0.83966386,0.2803962,0.52132785,0.27329093,0.43213296,0.16756834,0.5274815,0.3426217,0.32426503,0.58142865,0.40078354,0.75037277,0.789657,0.54476583,0.43886414,0.47032303,0.3464485,0.274641,0.78857934,0.6886433,0.7510269,0.3720816,0.26955402,0.2844803,0.26483175,0.4662262,0.7380583,0.670253,0.3221038,0.32164535,0.52768964
1869,0.64082944,0.8531715,0.63254696,0.17286727,0.80677235,0.19287336,0.5052737,0.31233138,0.35867918,0.22481775,0.68058443,0.31105417,0.38486522,0.6474509,0.3768583,0.6971373,0.8598468,0.4555199,0.46910205,0.42181396,0.31530508,0.22875802,0.8093134,0.67857736,0.8584069,0.4063336,0.23507547,0.3428264,0.2830016,0.65852416,0.7429735,0.6742877,0.36038226,0.28188822,0.5154312
1870,0.68633485,0.8774284,0.6608416,0.16596946,0.8611795,0.20589185,0.49955487,0.27878636,0.40408403,0.20652056,0.7068896,0.30504766,0.360716,0.656814,0.39136085,0.77352923,0.8629278,0.44665584,0.42818493,0.40447742,0.27705407,0.18321297,0.8318375,0.6751875,0.9021584,0.37265843,0.24064775,0.3223837,0.2626753,0.62552744,0.76819134,0.6849636,0.32028043,0.24897623,0.5044944
1871,0.8256162,0.7799969,0.80790985,0.5591065,0.8437349,0.38372275,0.53375643,0.24629803,0.52160025,0.14057568,0.38108087,0.39055339,0.26916042,0.5077003,0.45277405,0.79950655,0.70980597,0.6066982,0.4182436,0.51647556,0.3799014,0.34775966,0.756628,0.66256297,0.62189406,0.34115285,0.3441889,0.2315658,0.26976812,0.27286342,0.7216767,0.65880406,0.2966768,0.3493182,0.53601366
1872,0.7759337,0.82909566,0.7546894,0.39131936,0.85906065,0.2849788,0.5185398,0.25635502,0.44989586,0.15737377,0.5239174,0.33932358,0.30890903,0.58167434,0.40351272,0.7783781,0.7919455,0.548829,0.42457765,0.46428433,0.3340737,0.26385957,0.798054,0.6953143,0.7558578,0.36020318,0.2700097,0.27089936,0.251944,0.44793382,0.7487427,0.6755477,0.30564994,0.3111593,0.5242079
1873,0.8366067,0.7683106,0.8203516,0.5928203,0.84268713,0.37090427,0.5419321,0.25469583,0.491249,0.1268656,0.35184044,0.387337,0.27414882,0.499269,0.43784004,0.77238655,0.70538455,0.625116,0.4384423,0.525031,0.40302008,0.37329656,0.7488413,0.6716668,0.5890435,0.34982488,0.3301199,0.23363726,0.27875048,0.2733542,0.71660215,0.65753067,0.3107692,0.3707811,0.54398966
1874,0.6376599,0.83524525,0.62757623,0.21277027,0.80093336,0.22699305,0.518384,0.32855564,0.37735942,0.24370758,0.6478807,0.33718732,0.39063138,0.6216601,0.4029203,0.6963523,0.82654303,0.4634746,0.47175187,0.44390613,0.3353378,0.259718,0.7868437,0.6360626,0.8341218,0.4042514,0.26702708,0.34782282,0.31745452,0.609346,0.7256425,0.6622239,0.37179092,0.29618937,0.5208849
1875,0.81591207,0.79945815,0.7858039,0.4925064,0.8412201,0.47889298,0.51182175,0.21845981,0.62591606,0.20830286,0.35236803,0.4504148,0.22924562,0.5128268,0.5476099,0.85380363,0.6889154,0.5570861,0.3550162,0.488321,0.3129394,0.29228628,0.76731366,0.59221834,0.62582207,0.3042967,0.48629394,0.23807664,0.25752804,0.22873619,0.72226036,0.6585377,0.25872427,0.2854218,0.52322185
1876,0.7263452,0.8344536,0.70682,0.31385365,0.8381364,0.29328132,0.5103863,0.27534038,0.46538895,0.20145802,0.5962976,0.35205984,0.33447877,0.5966529,0.42473477,0.7742098,0.79278386,0.50103104,0.41193128,0.44915685,0.31526732,0.23921892,0.7931228,0.6623754,0.8022485,0.36075205,0.2964762,0.30149215,0.26667437,0.49273318,0.7395916,0.668719,0.3079732,0.2911623,0.51441777
1877,0.72781223,0.8414415,0.7878275,0.42242652,0.8930767,0.30012852,0.62386835,0.23743896,0.35013762,0.21131411,0.27636337,0.501412,0.18656294,0.48583794,0.5421518,0.8139963,0.637655,0.6442504,0.5189027,0.75182235,0.43939847,0.31820068,0.80689746,0.54084456,0.41255623,0.2922212,0.29876143,0.20112464,0.50659966,0.096772276,0.78334844,0.73516554,0.35129657,0.3652517,0.6454219
1878,0.788275,0.80763686,0.7706045,0.4577654,0.84189165,0.3243202,0.53173095,0.26696485,0.46118125,0.15458843,0.48026937,0.36882505,0.30685973,0.5515781,0.41947323,0.7636825,0.75555646,0.57246673,0.4288536,0.49549514,0.36057654,0.2977552,0.7746295,0.6759289,0.7114699,0.3609009,0.2953435,0.26442456,0.2691655,0.38366264,0.7336389,0.6682867,0.30860898,0.33612823,0.53430814
1879,0.9066509,0.74071395,0.89376414,0.75488245,0.8643756,0.401462,0.54771537,0.21604459,0.5132305,0.07813977,0.18280044,0.38698626,0.21692792,0.44363362,0.45428395,0.79928714,0.6656946,0.7059573,0.45894384,0.551407,0.4475103,0.44609004,0.740659,0.69782186,0.44290066,0.32666355,0.35368055,0.18186179,0.26490015,0.13741608,0.7168409,0.65764624,0.30741003,0.39985013,0.55871236
1880,0.5298208,0.8485156,0.59030294,0.12148706,0.6835567,0.1003873,0.54803973,0.38414043,0.16536343,0.16720963,0.5839986,0.31513616,0.406883,0.6384644,0.28439638,0.46875095,0.92186296,0.49693394,0.6751019,0.50151885,0.4212242,0.39400882,0.8123457,0.7249219,0.76350105,0.5460498,0.16231048,0.31383362,0.34215522,0.73072267,0.7448684,0.695975,0.48686704,0.3384071,0.5709764
1881,0.7429528,0.8509401,0.7231027,0.3125443,0.8594779,0.2565133,0.5140258,0.26450992,0.42002678,0.16955277,0.6015693,0.32783383,0.33142203,0.6086267,0.39654216,0.76862603,0.8183733,0.5122961,0.42778683,0.44667274,0.31208545,0.2299304,0.8099508,0.6895294,0.817742,0.36266252,0.25397417,0.2878433,0.25001296,0.50565517,0.75907123,0.68276674,0.30790585,0.28773472,0.5182961
1882,0.8085433,0.78948015,0.78910744,0.5301307,0.85273933,0.40788895,0.5364626,0.23815802,0.5468944,0.17424726,0.3557791,0.42675298,0.24857812,0.49799162,0.49976063,0.8235257,0.6982946,0.5815263,0.40416655,0.51594126,0.37074405,0.35181075,0.76130986,0.611409,0.5895364,0.31097832,0.41920513,0.2343193,0.2896719,0.23832038,0.7279817,0.66137403,0.28320858,0.32086283,0.5366035
1883,0.74014425,0.8428086,0.7193564,0.31387413,0.8495394,0.25639933,0.51606923,0.27396977,0.41620857,0.17563254,0.5979974,0.3322571,0.3381979,0.6071609,0.39540392,0.75702333,0.812916,0.5141841,0.4325315,0.45136896,0.32052916,0.23584291,0.8025061,0.68813056,0.80907327,0.37043494,0.25549272,0.29686472,0.25983384,0.5117428,0.7517464,0.6786852,0.3167376,0.29818547,0.52146703
1884,0.9187314,0.7342461,0.9063379,0.775435,0.8577684,0.38345233,0.5486399,0.21883556,0.48687416,0.06357113,0.17678128,0.3718652,0.2264158,0.4466497,0.4278508,0.772995,0.67122424,0.72552764,0.46834594,0.55568266,0.45637375,0.45119935,0.7409824,0.723325,0.44921383,0.34358317,0.31667593,0.18060032,0.25695032,0.15071464,0.71730894,0.6578042,0.31691578,0.42351717,0.5621414
1885,0.8678562,0.7548512,0.8544444,0.6682204,0.84692085,0.38368174,0.5489844,0.24494655,0.4899713,0.10210049,0.28403568,0.3867953,0.25679514,0.47522068,0.43248242,0.7722448,0.6903075,0.66509086,0.45040426,0.54767007,0.42693877,0.40702647,0.7412461,0.68481433,0.540828,0.3501167,0.32541633,0.21093366,0.276626,0.21677923,0.71444106,0.65595675,0.3154663,0.39378685,0.55194944
1886,0.8389786,0.7685575,0.8270733,0.609237,0.84230375,0.3876184,0.5390956,0.24749331,0.5128311,0.12939608,0.3453171,0.38785776,0.26547402,0.492603,0.44038972,0.7867001,0.70175385,0.6350031,0.42977065,0.52931345,0.40013582,0.36798707,0.74863183,0.67637557,0.5962083,0.3469357,0.33196688,0.2251879,0.2683683,0.2520414,0.7156185,0.65613335,0.30381048,0.3719814,0.5409914
1887,0.7236946,0.84493124,0.7141898,0.31174186,0.8629136,0.26476723,0.53922904,0.27726942,0.4205061,0.18443698,0.5769132,0.35350603,0.3189477,0.5842614,0.42389816,0.78012544,0.80088747,0.5086409,0.45260978,0.4908429,0.35022578,0.27293998,0.8029186,0.6381684,0.7759901,0.35399494,0.2737824,0.27691153,0.313701,0.44950086,0.7580845,0.6817658,0.32324004,0.28743735,0.5307843
1888,0.7048413,0.8505907,0.6864051,0.2542069,0.84232414,0.24258396,0.5083601,0.28348657,0.4153037,0.20036109,0.6408604,0.3254591,0.35271034,0.6246481,0.39514774,0.7541176,0.82870567,0.48608986,0.4320813,0.4344356,0.30712253,0.21791649,0.8076884,0.67854416,0.8469405,0.37705827,0.25575235,0.31495732,0.26521,0.5641213,0.7485901,0.67589265,0.32423624,0.28423256,0.51461613
1889,0.802032,0.7834326,0.78514564,0.51304406,0.8340992,0.35865563,0.5348808,0.26642993,0.49390158,0.15353994,0.4232348,0.38370892,0.29299048,0.5252304,0.43580264,0.7741487,0.725386,0.5903336,0.42972785,0.51121914,0.379862,0.33395058,0.7567273,0.6642047,0.65602887,0.35850707,0.3228227,0.2552456,0.28288388,0.33089334,0.71861166,0.6577611,0.31273094,0.35280663,0.5362276
1890,0.7597216,0.8298399,0.737611,0.3663012,0.85248566,0.29721195,0.5170702,0.2632624,0.46350378,0.17328243,0.5478223,0.35068825,0.3168221,0.582094,0.41922158,0.78179896,0.78636426,0.5298911,0.4190069,0.46149883,0.32781655,0.2592221,0.7932437,0.6731381,0.76844007,0.35707635,0.29059592,0.27874032,0.26183644,0.45124736,0.7444528,0.67208815,0.30387416,0.30275136,0.5210367
1891,0.6119821,0.8422117,0.6120803,0.18144007,0.78470767,0.18612719,0.5147276,0.33595157,0.329368,0.23971038,0.66654956,0.31543702,0.40575275,0.63894475,0.37760162,0.65802824,0.85453665,0.45748577,0.4950079,0.43657193,0.342059,0.25822526,0.79354304,0.66080797,0.8404519,0.41596317,0.23399186,0.35899234,0.30428904,0.66617316,0.72847223,0.66635436,0.38586384,0.29813915,0.5226
1892,0.68715715,0.831343,0.6780738,0.2767356,0.8082174,0.2025723,0.5288811,0.31199056,0.3230599,0.201085,0.6053446,0.33127147,0.37019402,0.61312664,0.37577802,0.6645113,0.82093364,0.5069546,0.48424,0.4604504,0.36159262,0.27975488,0.79965544,0.6914588,0.76550925,0.39606485,0.2270521,0.32927227,0.28854448,0.5684255,0.74946547,0.68129194,0.3568265,0.32214504,0.5391784
1893,0.86428833,0.76390207,0.852022,0.6612619,0.85822666,0.40171424,0.5502801,0.23345268,0.51531833,0.10882844,0.2731169,0.40585932,0.2413563,0.46649235,0.46031323,0.79805267,0.6843754,0.6549207,0.43860847,0.54579306,0.41706744,0.40805578,0.7457547,0.66120565,0.5296923,0.32800528,0.3611909,0.20233016,0.27849057,0.18437569,0.7205685,0.65983534,0.29886144,0.3726491,0.5506858
1894,0.78048116,0.79851365,0.76625335,0.46113157,0.83448964,0.36668977,0.5297665,0.26756677,0.50824314,0.1691139,0.47892505,0.38938206,0.29826385,0.53852063,0.44170743,0.787418,0.7362209,0.5631051,0.4103263,0.5016612,0.35678717,0.3045655,0.76351696,0.64739805,0.709355,0.35438094,0.3297765,0.26086435,0.28059798,0.34845334,0.72231406,0.6595218,0.30187273,0.33258027,0.52735007
1895,0.7851789,0.79751194,0.7677337,0.46409288,0.83819294,0.32756084,0.53333634,0.27356023,0.46301922,0.15859479,0.4670848,0.3691933,0.30912927,0.54502296,0.41908732,0.7614449,0.75043905,0.5739096,0.4389971,0.49996823,0.37082,0.3143191,0.7665732,0.66966033,0.6979017,0.36682868,0.30025545,0.26783973,0.28372994,0.38038334,0.7254373,0.6619955,0.32114476,0.3447474,0.5348022
1896,0.7782083,0.7436114,0.7712048,0.5690005,0.81709945,0.46840382,0.5587161,0.25132075,0.5448934,0.29604053,0.2414451,0.50959545,0.22423215,0.44989973,0.5785251,0.8069561,0.5870713,0.60045445,0.42723197,0.5799118,0.41095987,0.40008265,0.723426,0.55380094,0.39055678,0.30170858,0.5096404,0.2749172,0.3726247,0.13040063,0.7001195,0.6608206,0.30285576,0.35458294,0.5773067
1897,0.88749504,0.7734878,0.87495726,0.6807594,0.8635672,0.37390915,0.544881,0.22102809,0.49822178,0.08683678,0.27434054,0.37172678,0.2354126,0.48146123,0.41742486,0.7930768,0.7117981,0.6862992,0.43450314,0.54165065,0.41090408,0.3767699,0.76386005,0.72307414,0.5596456,0.34279534,0.29672453,0.19283442,0.23810032,0.2103744,0.73350036,0.6681853,0.29293242,0.3860991,0.5509925
1898,0.8705387,0.7519859,0.8573446,0.6830057,0.84657,0.38010043,0.5543562,0.24652775,0.47736782,0.101524636,0.2682637,0.39343724,0.25709903,0.46764678,0.43619126,0.76575583,0.684382,0.67165124,0.4574562,0.5527418,0.43805623,0.4244731,0.73896706,0.6815749,0.52075356,0.3472773,0.32849187,0.21156844,0.28476673,0.20121741,0.7165865,0.65794677,0.31851727,0.40004033,0.5574864
1899,0.69190025,0.87876654,0.6659274,0.17336805,0.8635925,0.21309268,0.5048466,0.27810773,0.40841419,0.20151058,0.6990279,0.31150928,0.35429472,0.65125465,0.39700308,0.7824386,0.86015785,0.45054847,0.4313321,0.41496125,0.2814889,0.18902442,0.83298934,0.6667028,0.8978838,0.37084308,0.24486539,0.31318074,0.27153972,0.6036587,0.7714238,0.6871129,0.31853786,0.24794991,0.50787723
1900,0.82622385,0.80027324,0.80864316,0.5284793,0.865857,0.32264683,0.52802306,0.23555803,0.47397956,0.12235595,0.3917615,0.34742817,0.27074528,0.53041506,0.41851526,0.7916335,0.752591,0.6120941,0.44034067,0.49509794,0.37370798,0.32860932,0.7817341,0.7039115,0.6400993,0.3478931,0.29259533,0.23099025,0.24941929,0.33429575,0.7409952,0.6708786,0.3064383,0.34147078,0.53626335
1901,0.7310968,0.77829367,0.71053994,0.44471288,0.79388535,0.47253227,0.53356487,0.26813507,0.58849037,0.2846279,0.3632911,0.48276052,0.2594615,0.50515383,0.56828386,0.82500076,0.653881,0.52703035,0.39519104,0.5242393,0.34927878,0.33492523,0.7378315,0.53536946,0.58134526,0.3168727,0.51148206,0.29065642,0.35545644,0.23464921,0.6992591,0.65040576,0.31249824,0.30065346,0.5413035
1902,0.6629972,0.8767443,0.6411012,0.15095098,0.84850246,0.18166345,0.4977131,0.28936115,0.36821446,0.21512246,0.7157941,0.29419303,0.378505,0.6642782,0.3806529,0.7399193,0.8719996,0.44088978,0.44244295,0.3978928,0.28230733,0.18541789,0.83003294,0.6832434,0.9030384,0.38150606,0.22606449,0.338625,0.2604006,0.66435605,0.7644125,0.6837848,0.33524475,0.25359133,0.50534046
1903,0.71747226,0.8457888,0.7764772,0.35697976,0.85012406,0.33142298,0.6066896,0.22789855,0.3904406,0.19402723,0.24878255,0.5176847,0.1842184,0.5153011,0.5903959,0.8390876,0.64460754,0.6328189,0.5114598,0.7304854,0.37275425,0.26954415,0.807563,0.54202604,0.4759856,0.30113482,0.31470162,0.22258735,0.5380019,0.09953121,0.77664685,0.7418009,0.38181752,0.35705608,0.6478925
1904,0.6761657,0.8463577,0.6600523,0.22154443,0.82971084,0.24658719,0.5094474,0.29876775,0.41909704,0.22151849,0.6598024,0.33108222,0.36326504,0.62609196,0.4018058,0.74742776,0.82797545,0.4677511,0.4396092,0.43654436,0.31084654,0.22272153,0.8023788,0.6582076,0.8547924,0.3855042,0.2640636,0.32631043,0.28930455,0.58263874,0.73996574,0.668717,0.33695814,0.28303343,0.51250494
1905,0.71723497,0.85611665,0.7005216,0.27251086,0.8529941,0.22476764,0.5111737,0.2730963,0.3908127,0.1773859,0.61854005,0.3114202,0.34268406,0.6251111,0.38008162,0.7502608,0.8392361,0.5001898,0.44527,0.43800855,0.31281537,0.22608328,0.8175518,0.69791096,0.8292696,0.37591892,0.23372197,0.29924726,0.2552423,0.5609857,0.7597259,0.6832627,0.32350683,0.2852566,0.5187216
1906,0.7820678,0.7959647,0.76263285,0.46651268,0.83368397,0.36578447,0.525192,0.2603374,0.52042496,0.1776066,0.45720863,0.3860449,0.2918768,0.5366477,0.45651054,0.8009182,0.73014987,0.56314576,0.41096553,0.49661207,0.35646674,0.31047803,0.76529086,0.649753,0.68622065,0.34864327,0.34111044,0.26152572,0.28017992,0.3402627,0.7236155,0.6589878,0.30255288,0.3266681,0.527958
1907,0.8975204,0.75679195,0.8840682,0.7170702,0.8559246,0.3991134,0.5498687,0.22637245,0.51300055,0.08452413,0.24858597,0.38973662,0.23421831,0.4645792,0.43366724,0.7890111,0.68543357,0.6924881,0.4340518,0.55218905,0.42323107,0.39830497,0.7465677,0.7076681,0.5233125,0.33892086,0.32377842,0.19243257,0.24778672,0.17685662,0.7207819,0.6612071,0.29335156,0.3962516,0.5540143
1908,0.80799663,0.8052188,0.7913574,0.49352676,0.8521668,0.32549995,0.53211623,0.25447887,0.46665907,0.1373715,0.44054198,0.36218596,0.29101133,0.54316,0.41392893,0.7727629,0.7552867,0.59239155,0.42989177,0.49828467,0.36601585,0.30835795,0.77782136,0.6916874,0.6875945,0.35729322,0.28921548,0.24972668,0.25824702,0.3614416,0.7363378,0.66958845,0.3048978,0.3410452,0.5356484
1909,0.7746567,0.8016342,0.75805,0.4631671,0.84445494,0.34625012,0.54722625,0.26950416,0.46946293,0.17627206,0.433122,0.40444222,0.2902587,0.52477646,0.45945054,0.7839664,0.7280856,0.56519634,0.4387261,0.52681386,0.38463616,0.34714848,0.767661,0.6202142,0.65003276,0.3417441,0.34183455,0.25880286,0.32647145,0.3107393,0.734915,0.668641,0.31787366,0.33148092,0.54414284
1910,0.7637263,0.7623132,0.7836259,0.53325874,0.75839245,0.20707715,0.59161794,0.33318043,0.19439569,0.13802254,0.3724236,0.39760852,0.3304159,0.51956546,0.33535075,0.5073842,0.73519874,0.66445726,0.5603751,0.5733322,0.50184023,0.45932278,0.77216625,0.75512326,0.49254376,0.43467873,0.19596204,0.29050317,0.307491,0.37552282,0.7480465,0.7003195,0.38130513,0.4622759,0.6169752
1911,0.6866127,0.8647278,0.66476697,0.19375995,0.85192835,0.2225374,0.49900874,0.27996764,0.41116944,0.2094328,0.68955946,0.3113443,0.35970575,0.6459546,0.39418525,0.7644552,0.8469106,0.4551403,0.42515403,0.40957087,0.2835599,0.19322976,0.82082784,0.6757713,0.8821491,0.37353975,0.24934106,0.3224567,0.26065874,0.6096468,0.7578615,0.67942053,0.3210083,0.26038218,0.50444436
1912,0.87461823,0.77514744,0.86154157,0.6531906,0.8566623,0.37855878,0.54920816,0.23662381,0.49362117,0.0986339,0.30893287,0.38404375,0.24992141,0.48840722,0.41834623,0.78294736,0.7104901,0.66873413,0.43264222,0.546906,0.40815645,0.3674093,0.7578529,0.70575523,0.58685416,0.3477911,0.3018851,0.20675571,0.2543001,0.22618039,0.7281349,0.6657894,0.29510325,0.38447213,0.550886
1913,0.72407347,0.8171651,0.70847166,0.34232378,0.82796896,0.29881567,0.5220113,0.29222712,0.45077902,0.20148261,0.5691468,0.36060405,0.34095258,0.58154076,0.41860086,0.75356114,0.7796777,0.51687086,0.43394232,0.4696849,0.34074637,0.27001727,0.77575207,0.65063256,0.7805788,0.37642595,0.29550126,0.3030226,0.29295868,0.47494572,0.72541064,0.6612922,0.32991272,0.315693,0.52276623
1914,0.8493288,0.81319934,0.80577594,0.48343363,0.8499101,0.7063486,0.47394386,0.14391975,0.8356264,0.29200086,0.19490322,0.5941986,0.12083645,0.47532815,0.7384699,0.94352275,0.6244478,0.5086346,0.22996946,0.44917464,0.20091756,0.21861687,0.76797295,0.45947433,0.5427326,0.21595189,0.78388834,0.20802493,0.20681712,0.065960094,0.71337926,0.65335274,0.16096415,0.18719415,0.50137067
1915,0.7910411,0.78189814,0.77764857,0.51921356,0.8314511,0.35932222,0.54101175,0.27178654,0.48336858,0.15754731,0.40924755,0.39031023,0.293921,0.5160016,0.4413519,0.7721512,0.72354054,0.58990604,0.43901548,0.51974285,0.39062482,0.3570097,0.7519643,0.64596397,0.64502686,0.35651177,0.33081448,0.25291815,0.2982346,0.3154299,0.71704286,0.65622604,0.3224081,0.35364532,0.5387248
1916,0.7481843,0.7859045,0.7346888,0.44390965,0.81766546,0.32903278,0.5326468,0.2933867,0.46352544,0.18950577,0.4717474,0.3748869,0.32553738,0.54357916,0.43247366,0.7471379,0.7410114,0.5570955,0.44931078,0.49634624,0.38080803,0.3333748,0.75528955,0.6435955,0.685913,0.37501267,0.31849813,0.28716233,0.30873764,0.404504,0.7108502,0.6522584,0.34230575,0.34612057,0.53348315
1917,0.6749877,0.83619916,0.7402986,0.34956416,0.859151,0.36478743,0.6177813,0.23187704,0.43389946,0.28696328,0.25207537,0.5285154,0.17892691,0.48740405,0.62848055,0.8723074,0.59718055,0.6035808,0.5141653,0.74297637,0.40723735,0.2976513,0.79878294,0.497162,0.40672836,0.27850714,0.37209955,0.22359543,0.57249916,0.08574412,0.7627603,0.7320536,0.37102047,0.33017164,0.64098847
1918,0.82985,0.78411096,0.81545,0.56280154,0.84529847,0.3814914,0.5356954,0.24661979,0.5166918,0.13270284,0.38302696,0.38888532,0.26824751,0.50938624,0.44246292,0.7955026,0.7165968,0.61349666,0.41626367,0.51977557,0.37931162,0.34138435,0.75975996,0.6702976,0.635311,0.3444885,0.33016166,0.22965872,0.26496348,0.27394387,0.72426194,0.661332,0.29514042,0.35286587,0.53669393
1919,0.71176386,0.7958794,0.6829727,0.36120248,0.7917302,0.42312136,0.5120274,0.28045934,0.5841877,0.27627468,0.49121875,0.4350764,0.30169505,0.552464,0.532167,0.826433,0.70531344,0.48943567,0.3798792,0.47574297,0.3160621,0.28123268,0.7508321,0.567572,0.7043699,0.33970582,0.45337248,0.31100792,0.3167874,0.36333156,0.7008139,0.6462412,0.31117368,0.28051496,0.51807904
1920,0.7453327,0.7962812,0.7588046,0.5120457,0.8757302,0.34785125,0.60150903,0.26303825,0.4280149,0.21855965,0.27160892,0.4680795,0.23512721,0.45090508,0.52296424,0.79984266,0.6584322,0.5950099,0.5015392,0.63915104,0.4755466,0.44349137,0.7651719,0.53060997,0.42737198,0.29624727,0.40197635,0.2258523,0.45155534,0.15546846,0.74817014,0.68327457,0.3356889,0.33624166,0.58655155
1921,0.7423703,0.763826,0.7324661,0.46970806,0.7983446,0.3114561,0.56200397,0.315039,0.39462444,0.23839863,0.47236857,0.41332182,0.33052227,0.52366483,0.4485999,0.68092275,0.6916933,0.5715488,0.45710832,0.53791285,0.4300314,0.3629583,0.7475441,0.645677,0.5874865,0.36576444,0.30363667,0.31564656,0.34084073,0.3591612,0.7190936,0.6650677,0.33992252,0.3795926,0.56459236
1922,0.72294986,0.85363483,0.7691146,0.41537523,0.9141091,0.22898328,0.63770753,0.26416454,0.25460976,0.13533905,0.29854414,0.43445262,0.2293711,0.48334306,0.4336064,0.767051,0.73897475,0.6223498,0.58555925,0.70009375,0.4857707,0.42651185,0.8167489,0.54205257,0.5146248,0.32468432,0.25907055,0.18945292,0.50424206,0.17111658,0.8008736,0.72953016,0.37706745,0.33565488,0.62139356
1923,0.7380775,0.79386526,0.7287895,0.42416796,0.8186924,0.33992732,0.5390506,0.29712382,0.46386036,0.1920133,0.4952689,0.39057022,0.3252614,0.5421806,0.43728366,0.7542041,0.7412248,0.54539406,0.44243398,0.5086281,0.3768392,0.32868743,0.7545548,0.62276983,0.7105075,0.3704813,0.32372326,0.28463954,0.3220164,0.3873313,0.714754,0.6551343,0.33701274,0.3391338,0.5331895
1924,0.80081284,0.8178552,0.779576,0.45886913,0.85921973,0.41606236,0.52595747,0.22683534,0.57110816,0.17620566,0.4031909,0.42506903,0.24211915,0.5241004,0.5154461,0.847196,0.73006576,0.54753643,0.38340858,0.49518046,0.3244064,0.29832193,0.7815092,0.6023827,0.6628994,0.306896,0.4281211,0.22874126,0.2693458,0.26700658,0.74130446,0.6696833,0.26812732,0.27799356,0.52503884
1925,0.69853354,0.87036705,0.67355204,0.19150963,0.8595373,0.23542488,0.504819,0.27831745,0.43155155,0.20298068,0.6873256,0.3207478,0.34794286,0.6431347,0.40083313,0.78835404,0.84911823,0.45731893,0.42169476,0.42073208,0.28505486,0.19384594,0.82636297,0.66338825,0.89018524,0.37085047,0.25598007,0.31060958,0.27310684,0.58520013,0.7636688,0.68146855,0.31536478,0.25611696,0.5068111
1926,0.6213412,0.83848315,0.6202636,0.19688156,0.7878109,0.20192356,0.52289253,0.33649722,0.34193075,0.23579478,0.6451331,0.33162132,0.395428,0.6251463,0.38773823,0.6673772,0.8441535,0.46493202,0.49846688,0.45000425,0.3486053,0.27776456,0.790455,0.64705384,0.8231018,0.41900605,0.2477253,0.34542212,0.32117483,0.63097703,0.72970897,0.66687286,0.38697705,0.29921708,0.52663666
1927,0.7851635,0.79268444,0.7663826,0.4761899,0.8342782,0.33707103,0.52619493,0.2638374,0.47910005,0.16087005,0.43948612,0.37321147,0.29951066,0.5392803,0.441113,0.76890594,0.73780316,0.5719555,0.43102217,0.4893782,0.3655657,0.3172464,0.764156,0.66537553,0.65554947,0.35403877,0.33134598,0.26569107,0.27110112,0.3720798,0.7233011,0.66128355,0.3153453,0.333741,0.53297204
1928,0.8658794,0.75049216,0.8517998,0.6813567,0.8531271,0.4554531,0.53880906,0.21367991,0.5823085,0.13977297,0.21063182,0.43112594,0.20567863,0.44988996,0.5149744,0.8377577,0.646951,0.65420985,0.41992745,0.5451294,0.40596676,0.4072064,0.73725355,0.6364846,0.45183212,0.30516356,0.44302973,0.19731066,0.27603388,0.13336137,0.7091135,0.6540323,0.28848875,0.35527572,0.550269
1929,0.91431075,0.75525045,0.9018938,0.7444266,0.8690403,0.39004803,0.5462036,0.21156362,0.5087668,0.06618225,0.21037582,0.37135702,0.22028765,0.45713037,0.4292155,0.79981697,0.68950903,0.7129971,0.45121694,0.5513415,0.43306556,0.41545472,0.7523677,0.722368,0.49648356,0.33597025,0.31587154,0.17600414,0.2427316,0.15798835,0.7260398,0.6631433,0.30084568,0.40042654,0.5555817
1930,0.6358202,0.8355858,0.62154114,0.20500763,0.7979799,0.22768874,0.5095133,0.32442182,0.38891166,0.25616178,0.6640048,0.33225894,0.3942111,0.6281383,0.40731058,0.7040184,0.82394296,0.4547743,0.45569497,0.4298416,0.32374296,0.24249439,0.78798896,0.6437888,0.8429782,0.3979291,0.26940542,0.3591787,0.3048606,0.62347317,0.7254668,0.66113657,0.36321393,0.29108176,0.51469725
1931,0.7859329,0.79462546,0.773295,0.4976624,0.8449647,0.33349267,0.5477011,0.27070206,0.44968104,0.15692712,0.42068338,0.3894562,0.29562902,0.5192102,0.439638,0.76717556,0.7333344,0.5855628,0.45292228,0.5212043,0.396197,0.36412397,0.7640215,0.6418482,0.6447085,0.35129762,0.31875014,0.2534571,0.31064588,0.31663802,0.73301214,0.6668191,0.32332116,0.3481775,0.5457109
1932,0.7082464,0.86186266,0.68463695,0.2243629,0.8562425,0.2284595,0.50397444,0.27555066,0.40882277,0.19363159,0.6700859,0.31346852,0.35096923,0.6390046,0.38867557,0.76648974,0.84116495,0.4714722,0.427383,0.4212466,0.29136056,0.19957982,0.820243,0.6855162,0.86564046,0.37118044,0.24336329,0.3118053,0.25926304,0.58427876,0.7611722,0.68206394,0.31622237,0.26905376,0.509047
1933,0.6844126,0.86189187,0.7543913,0.35616222,0.9142275,0.29060036,0.63722414,0.22806291,0.35391957,0.217799,0.2654533,0.49426994,0.17913204,0.47415525,0.57127106,0.85388154,0.6722666,0.5943741,0.5463592,0.745329,0.44988498,0.34743518,0.8270453,0.48630604,0.41624743,0.263353,0.3284245,0.19482014,0.5742281,0.095195815,0.80137205,0.7439823,0.3619159,0.30388325,0.6372273
1934,0.7855546,0.8177258,0.7673745,0.4356714,0.8547441,0.31178847,0.5301887,0.26049942,0.4629004,0.15125951,0.48246783,0.35652804,0.29838076,0.55845404,0.41275063,0.78314453,0.77397645,0.56735957,0.43123412,0.4913218,0.3548841,0.29495138,0.7879779,0.67830694,0.724846,0.36156258,0.2829071,0.25675505,0.270988,0.39430445,0.7428049,0.67105746,0.31140321,0.3257648,0.5312478
1935,0.8137356,0.7115756,0.80361617,0.6534842,0.792735,0.41588458,0.55655783,0.2795,0.4868447,0.18306376,0.24045973,0.44831005,0.26246926,0.45778823,0.4977344,0.73363084,0.609095,0.6452538,0.46256763,0.5753448,0.45458603,0.44105977,0.70756567,0.6206895,0.4200719,0.34303036,0.40591305,0.25969964,0.35940367,0.18396364,0.683869,0.64693123,0.34948704,0.41024074,0.5723368
1936,0.79758745,0.80103797,0.78122634,0.4766926,0.84285784,0.35728523,0.52896315,0.25825727,0.5020646,0.15517803,0.46691084,0.38214523,0.29231668,0.5383618,0.43780166,0.78933716,0.73857915,0.57379186,0.4110535,0.49882823,0.35584447,0.30175242,0.76895046,0.66357034,0.70001805,0.35060358,0.32080346,0.2534549,0.26687187,0.34238797,0.7286405,0.66415626,0.29593945,0.3324735,0.5293405
1937,0.6227917,0.86200017,0.6210398,0.15993026,0.8070475,0.16641568,0.5117309,0.32178587,0.312218,0.21765976,0.6923703,0.2965203,0.3983054,0.6557306,0.362886,0.67005503,0.87604904,0.45228332,0.49238786,0.42703643,0.32762605,0.23544939,0.8145584,0.6779984,0.8684238,0.40923166,0.20940046,0.34691018,0.28704098,0.68456316,0.74765295,0.67757386,0.37562922,0.2826967,0.51991594
1938,0.6374718,0.73768884,0.6558105,0.38269657,0.654137,0.5665109,0.5379014,0.2735315,0.6452422,0.45658666,0.23990545,0.5841256,0.22131118,0.49842507,0.6923941,0.8710453,0.51269966,0.5274077,0.40606576,0.5921213,0.3193848,0.2901351,0.70504725,0.49097615,0.43620795,0.32114953,0.5950925,0.3654186,0.4983905,0.13982311,0.65185815,0.66638786,0.3825335,0.3290965,0.59119844
1939,0.90283746,0.7465469,0.89137155,0.7474148,0.86744344,0.38347688,0.55475426,0.21776,0.4863987,0.07886325,0.1815279,0.38890824,0.21714644,0.4428888,0.449901,0.78810847,0.6681198,0.70890415,0.47024027,0.56329477,0.4556748,0.4503011,0.7472374,0.69658613,0.43327743,0.32620463,0.34079212,0.1820412,0.27883285,0.13775481,0.7256046,0.66473067,0.31097642,0.4025291,0.5660091
1940,0.6482185,0.87958395,0.6377028,0.14117976,0.8374835,0.16319385,0.49979654,0.295824,0.33510605,0.2047079,0.71913,0.28338367,0.3836159,0.6716696,0.3616131,0.71485,0.8864832,0.44326887,0.46578175,0.4044929,0.29409987,0.19276051,0.83339024,0.6949911,0.9013448,0.39292717,0.20473938,0.33747983,0.25901636,0.6903586,0.76464593,0.68680954,0.3477581,0.25903377,0.5105932
1941,0.8624546,0.7532252,0.8501236,0.6767152,0.85479593,0.38561663,0.5586381,0.24500506,0.4820672,0.11004783,0.25784174,0.40469193,0.24907732,0.45936197,0.45288816,0.77752054,0.67748964,0.66207886,0.4601553,0.55644196,0.44327617,0.43708396,0.737237,0.6597034,0.4958989,0.3344524,0.34899583,0.20889735,0.29905877,0.18276468,0.7168821,0.6583182,0.31597155,0.3885937,0.55849
1942,0.5862936,0.85237676,0.6080921,0.15096197,0.7575189,0.14692071,0.53078395,0.34956658,0.25962892,0.20069316,0.63373286,0.3137864,0.40017122,0.63996804,0.3386523,0.59056205,0.88805866,0.4736278,0.56992453,0.46424255,0.37039596,0.31041837,0.80809355,0.68655264,0.8150433,0.46624628,0.20052966,0.330542,0.3208371,0.68631804,0.74318624,0.68268466,0.42312327,0.30709735,0.54276025
1943,0.7563285,0.8004899,0.7715712,0.5364121,0.901632,0.31881052,0.61097765,0.25716066,0.40138572,0.22135623,0.30020124,0.45061365,0.2410477,0.4394053,0.5152417,0.7969793,0.65807617,0.60510004,0.49681702,0.65069026,0.49702063,0.4535726,0.77587795,0.5456232,0.40577394,0.28145468,0.3597714,0.21270876,0.4351101,0.14366171,0.76218486,0.68931764,0.31304935,0.34284166,0.58839315
1944,0.7850547,0.8045074,0.76679856,0.45528746,0.84122306,0.35514244,0.52741194,0.26095214,0.4958312,0.16323787,0.48466706,0.38227478,0.29921272,0.54499227,0.44017968,0.78789026,0.74071056,0.5591811,0.41227207,0.49379382,0.34971207,0.2975773,0.7689173,0.65560013,0.7092906,0.34876904,0.3275413,0.2593544,0.27080208,0.35802263,0.72948647,0.66407305,0.29738337,0.32454902,0.52731514
1945,0.8806111,0.75370806,0.86608505,0.69347614,0.8478924,0.4122091,0.5440752,0.22909757,0.5306221,0.10056393,0.25801855,0.39789528,0.23732662,0.46525127,0.4532002,0.7962483,0.6770653,0.6719335,0.43022904,0.54519695,0.41659442,0.3998943,0.74155444,0.6839124,0.52176666,0.33452743,0.35251784,0.19829378,0.25922713,0.18114801,0.71388894,0.6558967,0.29598105,0.38476962,0.5487467
1946,0.77680904,0.77709687,0.7366985,0.3638373,0.75824976,0.85350263,0.44689268,0.16006726,0.94611776,0.52588767,0.1602529,0.72026783,0.11002245,0.48981896,0.8654512,0.98376876,0.47206396,0.45811844,0.18352537,0.45738417,0.12719397,0.1314504,0.7103189,0.3713592,0.50934523,0.23415284,0.9243201,0.32225594,0.26581207,0.04504403,0.63861006,0.6413032,0.17043278,0.17510474,0.524567
1947,0.6132162,0.7096215,0.6147069,0.30363506,0.5050451,0.7570392,0.48440933,0.2477571,0.8396982,0.6261579,0.16314033,0.7093918,0.17189762,0.5255812,0.83400375,0.94284236,0.3712427,0.49868092,0.30507305,0.5691977,0.19241162,0.16778527,0.66305006,0.44843015,0.41790852,0.3057564,0.7991366,0.45836362,0.5145527,0.07890917,0.5841176,0.6691917,0.35752946,0.31828547,0.6131592
1948,0.6932585,0.87112284,0.66911155,0.1868098,0.85856295,0.22007838,0.50225335,0.27862057,0.4133458,0.20377085,0.6934714,0.31126797,0.35545912,0.64822716,0.39342943,0.77585196,0.8534039,0.45468768,0.42662692,0.41341615,0.28356943,0.19107549,0.8268089,0.67380077,0.8893994,0.37125093,0.24509482,0.3176351,0.26598245,0.603696,0.7651412,0.6830608,0.31822672,0.25585407,0.505538
1949,0.7345187,0.8450974,0.71521544,0.29116422,0.85145473,0.24641511,0.5110412,0.27037773,0.41328424,0.1747011,0.6042593,0.32340163,0.3361129,0.61563444,0.39065287,0.75959563,0.8199757,0.5064701,0.4346347,0.44306988,0.31265178,0.22758706,0.8081015,0.6922869,0.8141594,0.3743228,0.2491486,0.2954476,0.25867724,0.53327256,0.7526544,0.6789938,0.32034612,0.29096928,0.51807463
1950,0.76451397,0.8423091,0.74229485,0.34861776,0.8626751,0.2669921,0.5160246,0.25741556,0.43410215,0.16098763,0.5641627,0.3319007,0.31748122,0.5983136,0.39629474,0.777941,0.80757964,0.531833,0.42435557,0.45512515,0.3191507,0.24040587,0.80675924,0.6971514,0.78943044,0.36229116,0.25801823,0.277387,0.24895084,0.4796292,0.75656354,0.68151534,0.30459648,0.29831672,0.52207124
1951,0.65549004,0.8484106,0.6383741,0.2079517,0.82843363,0.22774944,0.5184027,0.31442457,0.38687453,0.23156862,0.65805066,0.33345154,0.3808774,0.62435514,0.40673047,0.72571194,0.8298669,0.45978275,0.4618713,0.43943638,0.32007593,0.24255255,0.7986536,0.6337603,0.85293216,0.39099842,0.26626608,0.3349608,0.3110171,0.5943611,0.7397582,0.66865504,0.3563228,0.28126678,0.5179197
1952,0.66317606,0.88146913,0.6474698,0.14239466,0.850238,0.17163011,0.49614486,0.28455538,0.35504848,0.2020489,0.720888,0.2849506,0.3744529,0.6720693,0.3673294,0.73767054,0.8820907,0.44206566,0.45161256,0.397291,0.2802102,0.18025158,0.8361238,0.6955672,0.90636694,0.38592246,0.21256547,0.3311618,0.25245565,0.67898476,0.7681807,0.68843776,0.3357145,0.25114352,0.50687337
1953,0.6101716,0.74987847,0.64788383,0.32046866,0.5702745,0.5521623,0.5388139,0.2723462,0.6151976,0.43395084,0.21926777,0.59974587,0.21970348,0.53613186,0.7069509,0.8652746,0.49751824,0.5525668,0.42535442,0.62553126,0.2775502,0.23064165,0.71938646,0.5259871,0.4784103,0.3355732,0.5330694,0.37780663,0.56940013,0.13540892,0.6506512,0.6935209,0.4370535,0.3729474,0.62504756
1954,0.8180817,0.79294336,0.8023071,0.52681047,0.84214294,0.37004998,0.5352267,0.25609517,0.5022334,0.14406927,0.43235582,0.3894865,0.2835366,0.52499866,0.43353987,0.78451127,0.7262548,0.5988699,0.41171208,0.51474464,0.3694011,0.31535786,0.7630412,0.6719684,0.6742575,0.350578,0.31873757,0.24482481,0.26482224,0.31023303,0.72653025,0.6644103,0.29289192,0.3494032,0.53613365
1955,0.7286836,0.8400623,0.7725103,0.42156953,0.87362444,0.27216318,0.619549,0.26008025,0.29563928,0.1458989,0.27641693,0.45918003,0.22438805,0.4961466,0.46886128,0.7700176,0.71070737,0.6288713,0.55540204,0.691175,0.44540995,0.3813349,0.8044531,0.5571366,0.5127822,0.32969272,0.27704328,0.21217653,0.5005881,0.16164692,0.7833281,0.7273042,0.38778436,0.35558468,0.6255685
1956,0.68060815,0.759977,0.6953139,0.45644203,0.78957736,0.42662755,0.57160026,0.28846118,0.49913,0.31066257,0.2871799,0.51087147,0.2541246,0.47270793,0.570119,0.79330957,0.6125669,0.5570932,0.4676389,0.605235,0.41550055,0.39495176,0.72681963,0.50798184,0.44760966,0.3246764,0.47844857,0.29666987,0.4622999,0.18732773,0.6985294,0.663699,0.36108533,0.34358707,0.58067244
1957,0.78884065,0.7875298,0.76914877,0.48774654,0.83305395,0.34945792,0.5312048,0.2668398,0.48659354,0.1633353,0.4313155,0.3815244,0.29769725,0.53193617,0.44466877,0.7762426,0.7286129,0.5743424,0.4328455,0.50034416,0.37289777,0.3345053,0.75914764,0.6541683,0.656113,0.35507888,0.33203992,0.26243958,0.28691572,0.34725657,0.7203637,0.6587095,0.31739062,0.34033948,0.5344948
1958,0.68995774,0.83989143,0.6717872,0.25232774,0.82730997,0.24249642,0.50764537,0.2937103,0.40910444,0.21239848,0.64176494,0.32731262,0.36286125,0.6238206,0.39943984,0.7382041,0.819248,0.47870174,0.43711886,0.4322977,0.3151571,0.23022851,0.79872864,0.67181814,0.82799375,0.38113722,0.2621524,0.3262841,0.27444258,0.5788248,0.74038565,0.6705088,0.3343424,0.28942567,0.5139321
1959,0.75790066,0.81054753,0.74042934,0.40465006,0.83779824,0.3117016,0.5261165,0.2754663,0.45568308,0.17232774,0.51567584,0.363229,0.3195718,0.56449395,0.4234131,0.7648539,0.7639071,0.5414585,0.43260908,0.48013583,0.35124126,0.29427072,0.77557,0.65835273,0.72851455,0.3634867,0.30112824,0.2783356,0.28234774,0.42388874,0.7316586,0.6656361,0.31902453,0.321354,0.5271579
1960,0.7437089,0.8072403,0.73527527,0.4149255,0.8364075,0.30541843,0.5467845,0.29408768,0.4242317,0.1730078,0.4902718,0.3779958,0.32530805,0.5476376,0.42467427,0.74662876,0.7603828,0.55014646,0.4631726,0.5117737,0.3832581,0.33508113,0.7674004,0.6301528,0.7109295,0.37004563,0.2986236,0.27711317,0.3251113,0.39640668,0.73060954,0.665039,0.3443651,0.334556,0.54023236
1961,0.66645306,0.8769108,0.65394044,0.16863926,0.8464165,0.18152241,0.5036511,0.28782505,0.35088027,0.1941878,0.70176566,0.29107514,0.37184194,0.6595384,0.36877975,0.7318006,0.87457097,0.45292997,0.45968324,0.4128527,0.2949895,0.19991672,0.8308918,0.6903102,0.88992566,0.38444775,0.21364209,0.32306224,0.25983915,0.6488756,0.7674507,0.68762726,0.33810112,0.25968653,0.510907
1962,0.79072964,0.801623,0.77150774,0.45695916,0.84221584,0.33770296,0.5264096,0.2625672,0.4839403,0.15863816,0.47911826,0.37227052,0.30179378,0.5489382,0.42800188,0.7766334,0.74767387,0.56660306,0.4190237,0.488962,0.35586256,0.30072826,0.77109754,0.6703063,0.7029043,0.35665086,0.31098956,0.26410913,0.2687028,0.3778118,0.72905517,0.6641203,0.3047896,0.33339953,0.5293777
1963,0.6273223,0.7043538,0.62744874,0.3226522,0.49899787,0.7772104,0.4765617,0.24827723,0.86837834,0.617662,0.1702157,0.69763684,0.17788278,0.51993406,0.83577096,0.951547,0.3837963,0.49042815,0.2946331,0.53913176,0.1870913,0.16954724,0.6632417,0.45695823,0.42979425,0.31324813,0.8159485,0.4534665,0.4781273,0.08503504,0.58297694,0.657719,0.35170335,0.3043637,0.5933663
1964,0.7351702,0.7343599,0.75444984,0.51498026,0.71831405,0.23849244,0.583954,0.35880715,0.23312879,0.17910019,0.3834222,0.4150524,0.34998482,0.51292014,0.3609016,0.5041486,0.71443135,0.6387775,0.55496424,0.5711974,0.49981934,0.47454405,0.7420875,0.7180034,0.48183888,0.44653296,0.23729834,0.3154921,0.33972207,0.38983768,0.7155479,0.67800087,0.39900112,0.4618114,0.6040322
1965,0.90271264,0.74377227,0.88950145,0.7487899,0.8682146,0.39283532,0.5524553,0.2193236,0.49550572,0.08106537,0.18965915,0.39026433,0.21929398,0.44266725,0.4537274,0.79270345,0.6646592,0.70422804,0.46432567,0.5577766,0.4539535,0.4501826,0.74231637,0.69241726,0.43728495,0.32341853,0.3505459,0.18403754,0.2740143,0.13687547,0.7214631,0.66104746,0.30675238,0.4001232,0.5631195
1966,0.6585952,0.80248004,0.66604537,0.36623803,0.81161994,0.32243794,0.5742464,0.314414,0.39542255,0.23445098,0.4144101,0.43827692,0.30480728,0.5228428,0.47835097,0.75400436,0.71595335,0.5320876,0.5025531,0.58063734,0.40999737,0.37649804,0.7584461,0.535961,0.6171251,0.35758883,0.35692185,0.29419643,0.45004123,0.30844146,0.7258197,0.6716646,0.38746947,0.3323378,0.5681134
1967,0.88489133,0.75117624,0.8708147,0.7007693,0.8491732,0.4032804,0.5489547,0.23505244,0.5140057,0.094398335,0.260014,0.39552304,0.24391535,0.46484336,0.44161087,0.7820472,0.67868936,0.6769515,0.43770036,0.54973346,0.4241174,0.40641284,0.738906,0.68943846,0.5231687,0.34093565,0.33789086,0.2006704,0.26285797,0.18746614,0.7131449,0.6560049,0.2999808,0.3944022,0.5518526
1968,0.8263561,0.7958582,0.81099147,0.5459684,0.8574799,0.35354108,0.5435867,0.24653585,0.47852412,0.13330552,0.38975686,0.38629282,0.27086297,0.5126537,0.43585214,0.7889702,0.728469,0.6132484,0.4334703,0.5246601,0.38808742,0.35075194,0.77065754,0.6700061,0.63767445,0.3416233,0.3157978,0.23096256,0.27913907,0.27600294,0.7392762,0.67094487,0.2992268,0.3521712,0.54526865
1969,0.80645,0.77314043,0.79002064,0.5392624,0.8251926,0.37659696,0.53516906,0.26703486,0.5042021,0.15708545,0.41043967,0.39471585,0.29173774,0.5152508,0.44554216,0.7709757,0.7068288,0.59656924,0.42158556,0.51499474,0.3840498,0.34129047,0.74713606,0.6591405,0.63515896,0.3550051,0.3381046,0.25476822,0.27952975,0.3099292,0.71125156,0.6542009,0.30834636,0.35944122,0.5368245
1970,0.5795239,0.7936871,0.65725964,0.37443414,0.8359442,0.39609388,0.6298488,0.278161,0.49094692,0.42369404,0.28500208,0.53987586,0.21020694,0.4345407,0.6679089,0.8790315,0.53054875,0.52989733,0.49848828,0.7251121,0.48989654,0.4053544,0.75926673,0.41653284,0.29737195,0.24805073,0.47699386,0.25834414,0.5938954,0.094661936,0.72110647,0.6911379,0.36162052,0.29878074,0.610209
1971,0.8396348,0.75736684,0.82558155,0.6250469,0.83720315,0.4071563,0.54320955,0.24847782,0.5233323,0.13054228,0.31333068,0.40794605,0.26021212,0.47731042,0.4654283,0.7908933,0.680369,0.63037676,0.43176943,0.5358176,0.40779743,0.39420292,0.73598737,0.64845735,0.5517852,0.33736545,0.370842,0.22108169,0.28443202,0.2203629,0.70831424,0.6516307,0.30574372,0.36973327,0.54440624
1972,0.9095661,0.75068456,0.89686525,0.7521745,0.8686594,0.38665074,0.5535123,0.21749087,0.49192214,0.07192279,0.20045218,0.3817738,0.22171775,0.44925308,0.4348196,0.7889322,0.6795995,0.71089643,0.45716086,0.557162,0.44636735,0.4373869,0.74836665,0.71067184,0.4688583,0.33065242,0.32302582,0.18008119,0.25813198,0.14880064,0.72605515,0.66373897,0.3019776,0.40375638,0.560943
1973,0.76392525,0.82521117,0.7449692,0.38615978,0.84702027,0.29557616,0.5262803,0.2720059,0.44603086,0.16713382,0.5336515,0.35431007,0.31921455,0.5762815,0.40903673,0.76854146,0.7841011,0.5443746,0.43001622,0.47908005,0.34299928,0.27036947,0.7887301,0.676072,0.76227236,0.36737257,0.2770459,0.27866805,0.2725994,0.4390317,0.7426506,0.67238647,0.31497535,0.31746754,0.52814543
1974,0.8017023,0.79676855,0.7836876,0.4931218,0.8506985,0.32128072,0.5366476,0.26291198,0.45479688,0.13998081,0.43119326,0.36395115,0.29667374,0.53672785,0.4197517,0.7664627,0.74883276,0.5870968,0.4468963,0.501711,0.37862945,0.3339524,0.77024394,0.6737043,0.6647375,0.35886422,0.29892868,0.25194836,0.2791676,0.35866195,0.7315886,0.66569525,0.3189605,0.34431106,0.538118
1975,0.7490667,0.8166763,0.7349283,0.39420193,0.8439768,0.2981498,0.5348515,0.27882916,0.43603295,0.17717691,0.507275,0.37030062,0.31865138,0.5594498,0.42467776,0.76108944,0.7658409,0.54236776,0.44743794,0.49351424,0.3643338,0.30765447,0.780326,0.6470938,0.7200703,0.36057648,0.29806837,0.27937567,0.3075738,0.4108253,0.73893327,0.6703495,0.32562262,0.32264072,0.5340804
1976,0.8454816,0.7789297,0.8283054,0.5918013,0.85059345,0.350635,0.5469143,0.25144616,0.4655121,0.11796914,0.3526093,0.38227072,0.27280855,0.50572425,0.4222805,0.7669445,0.7181776,0.63507366,0.44209924,0.530348,0.4036886,0.36514583,0.7588194,0.6888894,0.5989179,0.3519625,0.30472764,0.23120368,0.27234608,0.27771837,0.7288798,0.66650844,0.3083083,0.372861,0.5496227
1977,0.67965794,0.8490201,0.6580823,0.2130276,0.8335212,0.25434405,0.50321114,0.29417118,0.44423252,0.23058674,0.67283475,0.33326405,0.36176294,0.6302809,0.41163868,0.76596767,0.82611006,0.45858717,0.42005882,0.42461413,0.29978374,0.21220264,0.8049325,0.65569,0.8662222,0.3776974,0.2749864,0.3309099,0.2820797,0.5858779,0.74216163,0.667689,0.32648507,0.27394676,0.5065303
1978,0.6496517,0.8498274,0.63215506,0.18818322,0.81924677,0.21153012,0.5053791,0.31096944,0.38454354,0.2403805,0.683745,0.3184761,0.38706332,0.6408153,0.39712435,0.7189772,0.84118253,0.4510959,0.44818598,0.4180264,0.3087186,0.22116661,0.80314386,0.65843576,0.8645018,0.3906269,0.25361758,0.35033903,0.28839833,0.63652027,0.73992336,0.6692788,0.35138783,0.2780902,0.51096904
1979,0.7625825,0.81717855,0.74363893,0.4028414,0.839028,0.34806338,0.52420884,0.26439625,0.50511074,0.17974308,0.516487,0.38433012,0.3026113,0.5568739,0.45113978,0.80204374,0.7546315,0.53447324,0.4047119,0.48721027,0.33618325,0.2842118,0.7774897,0.6369537,0.7414011,0.34666044,0.3319818,0.26654944,0.28080207,0.37473613,0.73504984,0.66623354,0.29777244,0.30507654,0.5230099
1980,0.89162815,0.7385887,0.87789154,0.7394175,0.8647106,0.405615,0.5503524,0.22102387,0.51204526,0.092314236,0.1872266,0.39896137,0.21469212,0.43845296,0.47068697,0.80333626,0.6504072,0.69407505,0.4610302,0.5625897,0.45527658,0.44694692,0.73636156,0.67415375,0.41768652,0.31574184,0.37434503,0.18527015,0.28347614,0.12855391,0.71463484,0.65698564,0.30668005,0.39368457,0.56177515
1981,0.6489301,0.8439156,0.63243526,0.20235424,0.81952095,0.22360706,0.5136114,0.31777495,0.38582405,0.24164236,0.66297597,0.33079234,0.38686657,0.6284827,0.40428585,0.71574473,0.8300909,0.457579,0.45929155,0.43200445,0.31861654,0.23739257,0.79511315,0.6399015,0.85435754,0.39469826,0.26701647,0.3457268,0.3060111,0.6132593,0.7331964,0.6655737,0.35966122,0.28504845,0.51662314
1982,0.83236474,0.7558937,0.82195187,0.638995,0.8493888,0.39395157,0.5599971,0.24997139,0.4922983,0.13714102,0.26313552,0.42565903,0.24688795,0.4586625,0.47732344,0.787346,0.66594917,0.6391251,0.45840764,0.56357795,0.4403986,0.4349102,0.7364308,0.6257853,0.4840703,0.32303706,0.38271147,0.21815395,0.32729805,0.17908661,0.71595794,0.65832484,0.31707487,0.37548283,0.5598547
1983,0.781387,0.8106322,0.7625979,0.4353614,0.8435327,0.3234042,0.5241782,0.2642974,0.47204795,0.16236189,0.4972333,0.36398402,0.30750257,0.55956197,0.4199918,0.77311826,0.76088333,0.5605415,0.41883597,0.48383212,0.34845504,0.28479356,0.77767694,0.67695,0.72859704,0.35937083,0.29718548,0.26985624,0.26396874,0.40017065,0.7330758,0.6668263,0.3058666,0.32779226,0.52743363
1984,0.7577191,0.80097073,0.7409059,0.4204082,0.8311861,0.31401315,0.52517545,0.2789687,0.4551174,0.17652196,0.50028086,0.362314,0.32299304,0.5590671,0.42236257,0.7520564,0.75717133,0.54832613,0.43705258,0.48080286,0.3587682,0.3016242,0.7683638,0.6644391,0.7122216,0.36671087,0.3026244,0.28407726,0.2812271,0.4250525,0.7233004,0.66045827,0.32395688,0.3317109,0.5279701
1985,0.6733895,0.8703205,0.650783,0.17444006,0.8488364,0.20984156,0.50458926,0.28992638,0.39974213,0.21927556,0.6964127,0.31341574,0.36793208,0.64816725,0.3998372,0.76001245,0.854599,0.44789854,0.43687183,0.41432047,0.29106694,0.19813041,0.82327807,0.6642421,0.88909197,0.37722713,0.24763826,0.3300259,0.27692252,0.61900675,0.76077765,0.6807134,0.33119613,0.25598678,0.50829124
1986,0.6437526,0.8314352,0.6820167,0.34482968,0.8724332,0.21989718,0.6104962,0.31808183,0.2718225,0.17148133,0.39829326,0.41354242,0.30731907,0.5122826,0.41891283,0.6949328,0.7725069,0.5537863,0.58514756,0.61611426,0.45864177,0.4409195,0.7875671,0.5376586,0.61478156,0.3737163,0.27398604,0.25549778,0.48560756,0.311608,0.76482785,0.6946311,0.4107905,0.33566558,0.5877944
1987,0.7357703,0.83982927,0.7168349,0.31173354,0.84537107,0.2518832,0.5178775,0.278166,0.4071769,0.17638835,0.58877915,0.33238298,0.3400518,0.60592586,0.3910715,0.74874747,0.8140229,0.5168475,0.4427761,0.45591402,0.3244561,0.23995635,0.8000806,0.6880723,0.80611277,0.3796484,0.25298396,0.296778,0.26754457,0.51728004,0.74742085,0.67663795,0.32576615,0.30257037,0.5245385
1988,0.7350531,0.7456714,0.7049794,0.3788623,0.7000954,0.8181883,0.45839924,0.18514152,0.92215097,0.5337096,0.18015608,0.6885959,0.13264915,0.4902741,0.8359642,0.97601855,0.45329428,0.47577262,0.22485015,0.482421,0.15863536,0.16146192,0.6870754,0.41550723,0.46760875,0.26564077,0.8916297,0.34387508,0.32288122,0.05966223,0.61715555,0.63686275,0.2278125,0.21460381,0.54049057
1989,0.76773274,0.8338399,0.74626577,0.37294158,0.8545887,0.31739432,0.51933557,0.25683874,0.48092705,0.16959152,0.5483735,0.36278582,0.30556154,0.5779045,0.42905936,0.80016834,0.779648,0.5308498,0.40663058,0.47244483,0.32151687,0.25360078,0.7941556,0.6630549,0.7756431,0.34891498,0.30185905,0.26766437,0.26218775,0.4158196,0.7481773,0.6749757,0.2927646,0.29593468,0.52083904
1990,0.85934865,0.79888886,0.84177005,0.5853359,0.86508906,0.34531757,0.54360735,0.23695548,0.46896157,0.10306021,0.3713259,0.37064695,0.2639298,0.51796687,0.40776452,0.78253996,0.73827153,0.64163035,0.42929688,0.528972,0.3838412,0.328728,0.7752539,0.710792,0.6431569,0.35014674,0.2824589,0.21788494,0.24649672,0.28250006,0.74304354,0.67602026,0.29146686,0.36214,0.5476421
1991,0.76808155,0.77411157,0.75290763,0.49236912,0.82142335,0.36226025,0.5362726,0.2809644,0.48811164,0.18060808,0.41918856,0.3949724,0.30435616,0.51907223,0.45932904,0.76470125,0.71162987,0.56995684,0.44406492,0.50931215,0.38903466,0.356655,0.74364424,0.627035,0.6268419,0.35693422,0.35788888,0.2678396,0.30968454,0.34053326,0.70657426,0.6501433,0.33054033,0.34579054,0.5374679
1992,0.7381638,0.82531196,0.7041357,0.3435015,0.82377946,0.45989853,0.5020354,0.24149756,0.6417507,0.26150185,0.48170915,0.4523185,0.2629007,0.55543756,0.56443965,0.8745138,0.720132,0.47336736,0.33551568,0.45681462,0.2707689,0.24183214,0.7756691,0.552414,0.73194015,0.3025226,0.5108194,0.28061816,0.28048944,0.31858963,0.7247001,0.65710783,0.2642012,0.23583062,0.5067128
1993,0.69425213,0.8722016,0.6688375,0.18918219,0.856582,0.2382127,0.50285006,0.275235,0.43996367,0.21029715,0.68498063,0.32491493,0.3467031,0.6416329,0.41409126,0.7923837,0.8456274,0.45194897,0.41630474,0.4197813,0.28050274,0.19310717,0.8262242,0.65836096,0.886899,0.36342892,0.266231,0.31254202,0.2711736,0.5741796,0.76524305,0.68252456,0.3110742,0.24822423,0.5061077
1994,0.7797139,0.79397,0.7637963,0.45797175,0.82679975,0.3468092,0.5333227,0.28064865,0.4813096,0.17247932,0.4854823,0.38250268,0.31258285,0.5447141,0.4238394,0.7617241,0.7413044,0.57108533,0.4259335,0.5053557,0.36706272,0.29969236,0.7604857,0.66567767,0.7141474,0.37094596,0.30758613,0.27543014,0.28609794,0.3767168,0.71808255,0.65851754,0.31597894,0.3485046,0.5342058
1995,0.8008482,0.7739373,0.78634095,0.55957913,0.83195627,0.38513213,0.5498587,0.265729,0.4947268,0.163533,0.35717577,0.41796035,0.27643567,0.49282318,0.46737275,0.7820328,0.6951579,0.60085845,0.43559366,0.53930795,0.40576735,0.38740185,0.7450208,0.62226146,0.5890628,0.33874092,0.37076503,0.24380167,0.31471023,0.24946311,0.71757805,0.6572254,0.31587464,0.3573053,0.54663694
1996,0.8345772,0.7942513,0.8191172,0.5538558,0.8475872,0.37833175,0.54048496,0.24992737,0.5043433,0.12947091,0.4097805,0.3940068,0.27337676,0.51654446,0.43277198,0.79083866,0.72391045,0.6150548,0.41188303,0.52758265,0.3742447,0.3208012,0.7634706,0.67545146,0.6685024,0.3476212,0.3164333,0.23135078,0.26234025,0.27715307,0.73054767,0.6676405,0.28877574,0.35406408,0.54033077
1997,0.580663,0.8460401,0.6038052,0.15962733,0.7542264,0.14883506,0.5383893,0.3550553,0.25515848,0.20297472,0.6128129,0.32229775,0.4038385,0.6318386,0.34355688,0.5902665,0.88485634,0.47676712,0.5814799,0.47403774,0.38684267,0.33081442,0.79774094,0.6746289,0.7951125,0.46296176,0.20617864,0.33150113,0.33254033,0.67023224,0.73860586,0.6785041,0.4308849,0.3105165,0.54557186
1998,0.69526345,0.8337671,0.74088824,0.40772408,0.8886243,0.23336637,0.62640494,0.29658943,0.26143593,0.15048365,0.3422997,0.43333477,0.26816162,0.49273562,0.42613798,0.71855944,0.7401351,0.6000883,0.5809554,0.66847837,0.4799919,0.43933755,0.79646075,0.5428113,0.54184794,0.3562678,0.26695195,0.22124597,0.49335995,0.22833738,0.7766563,0.7099792,0.3950861,0.35051936,0.6088303
1999,0.6898483,0.870842,0.6643471,0.17486791,0.857028,0.22078684,0.4950815,0.27670044,0.42557302,0.21177146,0.70417196,0.3091168,0.3571597,0.6539529,0.3944779,0.7783327,0.8548767,0.44887003,0.41592807,0.40275687,0.27551365,0.18014704,0.8270861,0.6789377,0.898668,0.37171024,0.2488611,0.324129,0.25757617,0.6213356,0.7616593,0.6800865,0.31498662,0.25359246,0.5013603
2000,0.76774347,0.83194894,0.7469057,0.38163796,0.85754853,0.27768356,0.5215424,0.2621972,0.43671423,0.15809195,0.5313203,0.33850858,0.3154395,0.5836131,0.40211645,0.77113056,0.7961656,0.5439055,0.43208313,0.46591115,0.33649403,0.26585943,0.7986188,0.6901889,0.76119566,0.36197644,0.26630488,0.27432457,0.25825292,0.45462734,0.7503614,0.67649806,0.31087956,0.30979198,0.52547586
2001,0.90133554,0.7539846,0.8882967,0.7310897,0.86188936,0.39798668,0.5473998,0.21883984,0.51455116,0.07975376,0.2263565,0.38269538,0.22764333,0.4576004,0.43723089,0.795753,0.6844505,0.69867426,0.44181252,0.549195,0.42905194,0.41536713,0.7467516,0.7079077,0.5015966,0.33496886,0.32765526,0.18426628,0.24805081,0.16547444,0.72186196,0.66046214,0.29755327,0.3961007,0.55355996
2002,0.70296687,0.8413769,0.6811601,0.2681981,0.8358717,0.27684623,0.50925535,0.2856322,0.45474464,0.21517834,0.62883604,0.34621394,0.3482564,0.6098885,0.42303762,0.77133197,0.8060538,0.479513,0.4180959,0.43944353,0.310113,0.23288076,0.79789734,0.6509407,0.8282164,0.36787218,0.29169136,0.31404322,0.27967924,0.5299245,0.7416306,0.6683079,0.31851012,0.28162816,0.51163167
2003,0.76205593,0.8261083,0.74168956,0.38002604,0.853769,0.2959158,0.51989836,0.2642296,0.45928964,0.16837887,0.5328753,0.3483905,0.31539562,0.57731473,0.41420746,0.777859,0.7861171,0.5365898,0.4260808,0.46575052,0.33531594,0.27139843,0.7911688,0.6749949,0.7583735,0.35992527,0.28656405,0.27634016,0.26529962,0.44575343,0.7425348,0.6704945,0.30971137,0.3084649,0.5224209
2004,0.7946991,0.7884015,0.77646446,0.5074233,0.83457786,0.40441674,0.5338392,0.25323108,0.5442711,0.16939239,0.4131156,0.41512853,0.27368602,0.51207685,0.48249444,0.8152978,0.7052047,0.571303,0.4026897,0.5169718,0.36284027,0.33704755,0.75417763,0.6189047,0.64586484,0.33089525,0.38266048,0.24060555,0.28800672,0.26934305,0.71981776,0.65698284,0.29173654,0.32517025,0.5316326
2005,0.7852262,0.81271726,0.7668017,0.44309926,0.8469424,0.3201987,0.5324601,0.2685502,0.45908117,0.15546533,0.49331003,0.36734045,0.30894557,0.5550466,0.41778454,0.770222,0.7623088,0.565876,0.4295258,0.4946401,0.3573972,0.2945887,0.7769288,0.67115605,0.72542447,0.36125374,0.29331225,0.2659592,0.2732852,0.38848636,0.7363124,0.66959494,0.3099053,0.3310211,0.53304845
2006,0.6606482,0.8696717,0.6414335,0.16464327,0.8429502,0.19334836,0.50474465,0.29667312,0.37088162,0.21739617,0.6978123,0.305399,0.37816802,0.6534499,0.38672596,0.73499876,0.8620979,0.44766912,0.4530511,0.41217297,0.293881,0.20142858,0.8219868,0.6687921,0.89024484,0.38657638,0.23688535,0.33533323,0.27650002,0.6445726,0.75730246,0.6802645,0.3429322,0.26162714,0.5108296
2007,0.69774026,0.852365,0.6767756,0.23629741,0.84410536,0.25176764,0.50862724,0.28637078,0.43162194,0.20841534,0.65332866,0.33174643,0.35236302,0.6241942,0.4060405,0.76856625,0.82789975,0.4728728,0.42683363,0.4330326,0.30349723,0.21921387,0.80782163,0.6595558,0.85693705,0.37373778,0.26799136,0.31548893,0.27848315,0.5593451,0.74884784,0.6734204,0.3237194,0.2760674,0.51049227
2008,0.5924468,0.84272194,0.684093,0.3640555,0.8898772,0.3320777,0.67287815,0.24284992,0.4548715,0.38052517,0.25373247,0.53614366,0.17165658,0.39656124,0.6810976,0.9141954,0.5532443,0.5351865,0.51371175,0.78028166,0.53621495,0.44005919,0.80604,0.37625664,0.24725974,0.18730211,0.4561475,0.19857109,0.6145681,0.056654733,0.77652454,0.71764874,0.30611983,0.25544265,0.61803955
2009,0.71746004,0.8338593,0.6967529,0.29737478,0.83685863,0.28112036,0.5143527,0.28456694,0.4538764,0.20825255,0.5995569,0.34892887,0.34057173,0.60116017,0.42131576,0.7705149,0.7974817,0.49752635,0.42510906,0.4520194,0.32207483,0.24431491,0.793184,0.6572089,0.8069314,0.37239045,0.28775296,0.30783457,0.28398302,0.50970227,0.737977,0.66786975,0.32341138,0.29342502,0.51769686
2010,0.68139786,0.8738602,0.6586129,0.1746166,0.8574107,0.2044832,0.5038751,0.28351083,0.39080176,0.20473854,0.6957826,0.30683452,0.3641004,0.65129095,0.39000636,0.76152843,0.85983104,0.45038065,0.43827462,0.4113919,0.28471768,0.19447759,0.82726413,0.6704533,0.89298046,0.37577423,0.23964088,0.321546,0.26914316,0.61999035,0.7653602,0.683982,0.32862544,0.25438473,0.50759476
2011,0.87119895,0.7625155,0.85659486,0.6621493,0.8474018,0.39328894,0.5500299,0.24467187,0.50017416,0.103471056,0.30541506,0.39724264,0.25833634,0.47858578,0.43646225,0.7772762,0.6896926,0.6609143,0.4371387,0.5487808,0.41663542,0.38763326,0.74253905,0.6824833,0.5654867,0.3457329,0.330341,0.21218427,0.27061525,0.21227086,0.71746045,0.6593991,0.30182022,0.3883477,0.5518743
2012,0.88757294,0.7520359,0.87269557,0.70167136,0.8459774,0.39341602,0.55286133,0.24024042,0.49326223,0.09343375,0.26460236,0.39680728,0.24990149,0.46861887,0.43204728,0.76839876,0.6800499,0.6825321,0.44097582,0.5561954,0.42940864,0.405363,0.7398545,0.6964343,0.5267131,0.3483687,0.324502,0.20500341,0.26543373,0.19354543,0.7160409,0.65906096,0.303839,0.4022441,0.55718577
2013,0.6431647,0.75688493,0.67548597,0.3784102,0.66208065,0.48444262,0.56200767,0.28283796,0.54417753,0.38686848,0.25004616,0.56075513,0.23210792,0.5101174,0.6460811,0.8469238,0.5357569,0.56768274,0.45059815,0.64272875,0.3472467,0.28854722,0.72637117,0.5205642,0.45488563,0.32889262,0.48855057,0.3401837,0.5360831,0.1417388,0.67317355,0.6880859,0.40730587,0.36957937,0.61730045
2014,0.6880097,0.8323231,0.66501147,0.25340152,0.8263114,0.3633986,0.4991786,0.27247077,0.5351889,0.29704523,0.58609694,0.39719006,0.318925,0.5965908,0.4988989,0.81055486,0.7486149,0.45927447,0.38126057,0.44414037,0.2811446,0.21329305,0.7836648,0.6001042,0.7815827,0.348004,0.39420748,0.32488242,0.28885347,0.46783584,0.72257864,0.6601511,0.303195,0.2556668,0.5106831
2015,0.76702106,0.8037447,0.7500009,0.4320438,0.83783513,0.31539685,0.5277288,0.27387792,0.46075267,0.1708277,0.48680645,0.36086878,0.3135041,0.5552036,0.41783372,0.7617027,0.76124847,0.56166404,0.4397363,0.48825973,0.3615879,0.30155295,0.7732392,0.6716296,0.7140078,0.36854586,0.29554144,0.27382544,0.28223008,0.4096171,0.7275065,0.6624256,0.32255533,0.3356881,0.53096837
2016,0.9318372,0.7549389,0.9210866,0.7875308,0.8796927,0.39530826,0.5465973,0.19419372,0.52021044,0.052544825,0.16351211,0.36700743,0.19857821,0.4432431,0.4313602,0.8140542,0.68797207,0.734697,0.4477888,0.55310297,0.43649167,0.42858106,0.75752383,0.73546636,0.4610072,0.3256647,0.31559843,0.15649948,0.22643526,0.12605664,0.7314622,0.66649735,0.2907018,0.40032196,0.5568123
2017,0.67811936,0.83720815,0.71258783,0.37599474,0.88367826,0.22005811,0.61472213,0.30317685,0.262549,0.15228745,0.3762823,0.41234645,0.29127416,0.5076884,0.41362676,0.7094201,0.7684932,0.5785456,0.58038676,0.6301011,0.46293783,0.43660587,0.7961894,0.5498061,0.6021965,0.36291462,0.2609829,0.24012251,0.47983068,0.28279105,0.7760599,0.70374805,0.39884585,0.34214076,0.5950222
2018,0.77925014,0.7955915,0.75980234,0.4552473,0.83039045,0.3571341,0.52657235,0.26870278,0.50251514,0.17489217,0.48053926,0.38675427,0.30528623,0.54270434,0.4453229,0.77967846,0.73289734,0.5589209,0.41366538,0.49252367,0.3558353,0.30229622,0.7624914,0.6522717,0.69763553,0.3554546,0.33439606,0.26867306,0.27788836,0.3680382,0.72117454,0.6592007,0.3032886,0.3318967,0.52895373
2019,0.6554883,0.7128233,0.64187455,0.34302187,0.57382953,0.7696539,0.48010802,0.24646345,0.8674487,0.5890242,0.18505503,0.68566525,0.17960894,0.50791234,0.82287467,0.95250046,0.4238585,0.48210582,0.28975585,0.5243423,0.19654858,0.18331583,0.6660572,0.43687487,0.44567356,0.309768,0.8277977,0.42614904,0.4314465,0.09082855,0.5969604,0.6455793,0.31550446,0.27861643,0.573683
2020,0.67722523,0.8390235,0.67147577,0.27789527,0.84517545,0.22339383,0.541922,0.31257313,0.34559342,0.19538677,0.58193415,0.34180647,0.3655442,0.59451455,0.39886934,0.7044262,0.81679934,0.49751902,0.49765563,0.47386473,0.35724172,0.3018505,0.7912667,0.6271569,0.7903377,0.38996977,0.2561325,0.30742255,0.33202356,0.5299078,0.7438106,0.67376626,0.3725459,0.30180937,0.5359314
2021,0.699373,0.82196176,0.69842255,0.3517407,0.83958685,0.3281278,0.5511469,0.2905769,0.4629666,0.21813305,0.50942206,0.40618515,0.31087926,0.54402477,0.47310758,0.7903167,0.7490827,0.5135409,0.44935423,0.53240573,0.37522238,0.32231572,0.7752977,0.5706361,0.7086923,0.34969178,0.3425668,0.27577534,0.36691338,0.3605195,0.7361562,0.6684498,0.33688778,0.29984003,0.53846455
2022,0.7754518,0.80017865,0.75792384,0.44878998,0.8316029,0.33524302,0.53050953,0.27609324,0.47335005,0.1722801,0.48650628,0.37625253,0.31239828,0.5498127,0.42539582,0.76537216,0.7490683,0.56393945,0.42581406,0.49586457,0.36264798,0.30285966,0.76650184,0.66302156,0.7145573,0.36559755,0.30721602,0.27457115,0.2821675,0.388702,0.7241682,0.66164714,0.31582928,0.33882388,0.53164184
2023,0.71032125,0.8489946,0.6877257,0.25822303,0.843074,0.24614291,0.50602967,0.28142443,0.4257211,0.205126,0.639999,0.32743913,0.3520668,0.6238332,0.4003879,0.7583395,0.8244192,0.48671174,0.4226238,0.4311282,0.3053754,0.21461773,0.8068534,0.68054396,0.8446394,0.37309486,0.26034778,0.31822938,0.26217765,0.56059057,0.7485544,0.67461884,0.3193877,0.28505886,0.5129805
2024,0.78140986,0.8201057,0.7605163,0.4210927,0.84849805,0.33970767,0.52251166,0.2550997,0.49946254,0.16913888,0.506916,0.37441558,0.2974085,0.559945,0.43735844,0.79956436,0.76020014,0.5514768,0.402074,0.48310298,0.33434707,0.27089182,0.78359973,0.6650429,0.74205816,0.34819612,0.31592232,0.26311618,0.26015317,0.3806426,0.73985976,0.6699742,0.29010275,0.31089184,0.5245838
2025,0.6325769,0.77541417,0.66360384,0.35789317,0.7258871,0.4797233,0.5598356,0.27419552,0.5528981,0.38440385,0.28932235,0.5430918,0.23069403,0.50641793,0.642237,0.84740466,0.5740121,0.5312366,0.44486672,0.6183198,0.34918386,0.30441108,0.73792017,0.4957766,0.48023432,0.32091784,0.49949318,0.32715032,0.5140079,0.16148444,0.6897672,0.6815132,0.3917656,0.32164353,0.59544957
2026,0.63359755,0.6886294,0.62266773,0.27999786,0.5056836,0.89518607,0.4467178,0.22550857,0.957936,0.73839843,0.13047302,0.7693482,0.1477068,0.51501256,0.91012776,0.9838465,0.29336658,0.47067675,0.23956165,0.5263679,0.12882574,0.10338888,0.62869924,0.41643977,0.41185403,0.32382807,0.9260756,0.48861122,0.4572586,0.051835097,0.5453249,0.6485593,0.31859618,0.2722724,0.5987439
2027,0.69193184,0.7931647,0.7318565,0.4250678,0.7295005,0.1581021,0.5840575,0.34139404,0.16140866,0.13004775,0.41078955,0.37079567,0.3417281,0.54936713,0.30333394,0.47653928,0.80115986,0.6366751,0.6053969,0.5619094,0.48901287,0.44929856,0.7937373,0.7704509,0.5519513,0.4746192,0.16788428,0.28356466,0.30339974,0.47567898,0.75690657,0.7101592,0.41055512,0.44153005,0.6160463
2028,0.7908624,0.7986882,0.77468884,0.47562784,0.83946955,0.3510322,0.5303206,0.2632746,0.4920783,0.1608206,0.4675738,0.37894765,0.29708928,0.53924346,0.43373823,0.7831836,0.739721,0.5740826,0.41748938,0.49990106,0.36133525,0.3074338,0.7677791,0.6636476,0.69664305,0.35480577,0.31525987,0.25838447,0.2716569,0.35185272,0.7275404,0.6632309,0.30361646,0.3370002,0.5305419
2029,0.8651967,0.77583635,0.8497842,0.6353983,0.85901576,0.36121196,0.5409335,0.23140378,0.48920727,0.10268643,0.3115546,0.36886573,0.25250918,0.49448317,0.42056718,0.78507984,0.7168802,0.6601542,0.43744546,0.52934444,0.40339404,0.36929026,0.7629268,0.7100483,0.5777096,0.3467378,0.30156532,0.20916755,0.2474623,0.25066566,0.730548,0.6654893,0.3000249,0.3764824,0.5470031
2030,0.7705934,0.7930504,0.7550985,0.4513825,0.82091486,0.3382904,0.5320353,0.28409857,0.4665962,0.17689052,0.49393368,0.38003215,0.3205907,0.5488596,0.42375106,0.74991804,0.7397393,0.56521577,0.43064395,0.5016407,0.36722207,0.300075,0.7588819,0.66469306,0.7085129,0.3707059,0.30652347,0.28253454,0.2861814,0.3910505,0.71818864,0.6598468,0.31936735,0.34822312,0.5345546
2031,0.7619155,0.7781041,0.7182978,0.35935104,0.7116635,0.83173496,0.4461729,0.16546138,0.93605804,0.50590235,0.17771533,0.6965979,0.11912763,0.5004946,0.84908646,0.9825039,0.49546093,0.45764145,0.18977723,0.4484002,0.1262803,0.13499758,0.7203415,0.396673,0.52412987,0.23802742,0.91250384,0.32820052,0.2787581,0.053364962,0.64398134,0.64429283,0.18635878,0.18269905,0.5227027
2032,0.6723522,0.82878387,0.6749347,0.32580036,0.84376764,0.3051229,0.5594802,0.2992608,0.42578816,0.22411859,0.50364953,0.4074362,0.31461325,0.54721516,0.47157568,0.7746041,0.7580292,0.50165737,0.47047296,0.5353691,0.3771598,0.33884245,0.7805546,0.55323887,0.7095874,0.34725413,0.3422191,0.28360355,0.38694406,0.36402494,0.7420324,0.6727794,0.35283265,0.29364443,0.54560786
2033,0.78867495,0.7889205,0.772289,0.49330544,0.8371746,0.3470752,0.53741413,0.26751223,0.47580075,0.15951923,0.4279495,0.38587654,0.2948646,0.52492416,0.4445548,0.7769786,0.72941273,0.57947135,0.43970928,0.51008457,0.38352332,0.35055408,0.76120067,0.6459193,0.6538094,0.3528281,0.32830706,0.25542516,0.29964656,0.32438964,0.7265436,0.66160935,0.31961733,0.34463558,0.53847027
2034,0.646002,0.8336185,0.64118147,0.22483353,0.7954062,0.21839693,0.51880664,0.32340723,0.36027914,0.22265641,0.63398296,0.33029616,0.3835164,0.62202656,0.38407087,0.6831058,0.83362466,0.4768281,0.48601928,0.45123744,0.34389094,0.2646018,0.78895617,0.6629655,0.8167698,0.41072878,0.2500116,0.33623803,0.30588013,0.61015445,0.72914356,0.666373,0.3721174,0.30498117,0.525204
2035,0.8333748,0.75866497,0.81108093,0.60808134,0.83616877,0.48654938,0.5355199,0.22457676,0.6059067,0.19154058,0.24808581,0.46954876,0.21234885,0.46024004,0.55523735,0.8427736,0.6362214,0.6065729,0.39564386,0.53643715,0.38031298,0.3763936,0.7343106,0.58399546,0.47761393,0.29442358,0.5063433,0.22306553,0.2975315,0.14034072,0.7049149,0.6519817,0.2756451,0.32849425,0.54618245
2036,0.60309595,0.7937396,0.62112284,0.2533467,0.7219315,0.22481188,0.5350716,0.36459163,0.32518584,0.2508708,0.58364755,0.36031705,0.39608607,0.59704435,0.3816008,0.5972184,0.8062296,0.49504304,0.53565824,0.48818207,0.40271726,0.34927273,0.7600314,0.65734065,0.7214416,0.45383042,0.25988448,0.34647042,0.34576264,0.60650456,0.70424473,0.6579936,0.4162922,0.34539875,0.54487646
2037,0.6652503,0.8602077,0.6459347,0.19096904,0.83721274,0.21770616,0.50918883,0.30121222,0.3937581,0.22333118,0.6810226,0.32050204,0.37487406,0.6385852,0.39989096,0.7430961,0.8451169,0.45379287,0.44571,0.42352915,0.30411214,0.21741827,0.81228733,0.65456617,0.87405455,0.38367885,0.25292307,0.33414206,0.28815627,0.6116185,0.7512696,0.6750049,0.34204993,0.26897335,0.5114628
2038,0.86092556,0.7880848,0.8451047,0.60535085,0.8633852,0.3512798,0.540208,0.23294178,0.48188466,0.10305039,0.34636268,0.36679354,0.25760928,0.50732315,0.41435948,0.7869431,0.73040926,0.6484089,0.4321865,0.5240568,0.39110512,0.34796137,0.7706632,0.71112853,0.6138,0.34661886,0.29157314,0.21429522,0.24438587,0.2693863,0.7370882,0.67053086,0.29513076,0.3669658,0.54504704
2039,0.80044144,0.7503301,0.78514445,0.5665996,0.8118435,0.37606275,0.54314905,0.28407115,0.48435134,0.15972725,0.37249643,0.3997504,0.30177397,0.50112116,0.44639176,0.7443658,0.6887275,0.605476,0.44833437,0.5283929,0.41501927,0.38551623,0.72760093,0.64568686,0.5852922,0.3664583,0.34760645,0.26272732,0.31018037,0.30368274,0.6957377,0.64479864,0.33619085,0.38124037,0.5446603
2040,0.7040919,0.86387044,0.68785316,0.23878805,0.8501627,0.20620635,0.507527,0.27736312,0.37322107,0.18254395,0.6489194,0.30363402,0.35477588,0.6391257,0.3749199,0.7397091,0.8518537,0.48629037,0.4475971,0.42752203,0.30517307,0.2112811,0.82192266,0.70105535,0.8518814,0.37902176,0.2238491,0.3104747,0.25101155,0.59516704,0.7627588,0.68593466,0.32768235,0.27802154,0.5169178
2041,0.9049781,0.7704117,0.8935035,0.7244529,0.8732079,0.39216742,0.5434868,0.20303059,0.52296543,0.07434334,0.22942528,0.37234917,0.21283713,0.46317244,0.43170008,0.8165151,0.7020815,0.7039073,0.4305665,0.5442642,0.4130392,0.39291924,0.76409405,0.72350496,0.52288616,0.32730648,0.3133441,0.17139857,0.22701511,0.16220817,0.7357254,0.6687491,0.28269562,0.38303843,0.5504144
2042,0.70329744,0.7808243,0.72221595,0.418044,0.7446116,0.20229375,0.56611,0.34257287,0.23384914,0.17429402,0.46310768,0.3735929,0.35643983,0.5552681,0.34746137,0.5362719,0.7740098,0.5995778,0.5505205,0.5356544,0.45747438,0.40354186,0.77446467,0.726055,0.5931135,0.44234562,0.20979838,0.31381464,0.3148645,0.47928804,0.73423946,0.6873645,0.39369875,0.41785812,0.5894929
2043,0.84479415,0.76805985,0.82882726,0.6101378,0.8470976,0.39326844,0.5408107,0.24365091,0.5177561,0.12294011,0.33142075,0.3955711,0.25944948,0.48856878,0.45314178,0.7949071,0.6963858,0.6296281,0.42963815,0.5302495,0.39995018,0.38008776,0.74726677,0.6624949,0.577723,0.33838335,0.3496893,0.21926224,0.2750865,0.23421547,0.7176108,0.65662384,0.30156237,0.36449248,0.5425893
2044,0.6196662,0.8280361,0.6192805,0.22160761,0.78718084,0.22222026,0.5245579,0.34358126,0.3569293,0.24985485,0.6484095,0.33618745,0.400591,0.61735696,0.39675304,0.66847765,0.8255162,0.46539718,0.48571485,0.4543311,0.3565021,0.28288755,0.77922076,0.6330589,0.81946295,0.41235393,0.2560484,0.35386163,0.32892925,0.6220737,0.7188807,0.6578887,0.3882249,0.30751824,0.52422136
2045,0.6850436,0.8617161,0.66094,0.19485097,0.8465207,0.23523405,0.5030057,0.28754506,0.4280209,0.21847782,0.6830443,0.32345262,0.36004514,0.6400672,0.4047641,0.7715482,0.8411336,0.45570698,0.42453665,0.41889533,0.29108158,0.20067725,0.8165649,0.6607741,0.88161266,0.3755145,0.2627669,0.3252796,0.27675566,0.5960714,0.753691,0.67557085,0.32422072,0.26382414,0.5069148
2046,0.8919199,0.75706416,0.8758699,0.7049914,0.859951,0.45200604,0.5389195,0.20891917,0.5855573,0.10843368,0.22014742,0.42367515,0.20839605,0.45232373,0.49352917,0.83302146,0.6678069,0.6655149,0.40454325,0.5329193,0.3937598,0.39390454,0.74156344,0.65858924,0.49085584,0.30819005,0.42692843,0.18666312,0.24253592,0.14163123,0.71419275,0.655829,0.26990765,0.35901254,0.5446572
2047,0.79034215,0.79348004,0.7689814,0.47985896,0.83904946,0.4077793,0.51715183,0.24155381,0.57070833,0.18424478,0.405305,0.40980425,0.2639346,0.5233975,0.497773,0.8271431,0.7176587,0.55514765,0.3895493,0.48089495,0.33515835,0.30815902,0.76146686,0.62183064,0.642275,0.32584497,0.42068547,0.2505316,0.26310226,0.30552754,0.71813715,0.6544511,0.2835812,0.30226675,0.5216903
2048,0.8289148,0.8026999,0.8127001,0.531924,0.85776806,0.34662586,0.5335388,0.2420599,0.48555288,0.12696171,0.41547376,0.36885148,0.27498984,0.528269,0.42061052,0.789659,0.7443129,0.60993826,0.42183286,0.50851035,0.368363,0.3155993,0.77609336,0.6937468,0.6716666,0.34753993,0.29670116,0.23277025,0.25069037,0.31331778,0.73939645,0.6712773,0.29270124,0.34515968,0.5365268
2049,0.90604085,0.75710726,0.893551,0.7324108,0.86060417,0.39307445,0.5474393,0.2174739,0.5078059,0.075101465,0.22913349,0.38037437,0.22575827,0.4615017,0.42948514,0.79323995,0.68810546,0.70422786,0.43841773,0.55330956,0.425984,0.4045322,0.7514992,0.7177004,0.50976753,0.33870903,0.31502324,0.18240532,0.24080801,0.16794212,0.72505295,0.6637098,0.295964,0.3983871,0.554942
2050,0.799063,0.7804551,0.7707,0.5176342,0.8288477,0.5406426,0.5199967,0.21325651,0.6914557,0.2456445,0.2870005,0.50517166,0.19580194,0.48100114,0.6149201,0.89687693,0.6407348,0.5470411,0.34197024,0.514079,0.31551522,0.3169806,0.74252236,0.5325983,0.52667683,0.2700324,0.59613353,0.23764353,0.2941072,0.14454797,0.7046256,0.6518504,0.25225273,0.2696356,0.53113014
2051,0.7608112,0.79187006,0.7588356,0.50176704,0.85837096,0.38693482,0.56192786,0.26013106,0.5146216,0.2088639,0.38760716,0.43935972,0.2634064,0.4830594,0.51371586,0.8185458,0.6806122,0.56487596,0.42759863,0.5668651,0.40986338,0.3803168,0.7563156,0.56657994,0.556024,0.30775008,0.39918503,0.23381832,0.3493905,0.22018766,0.7291336,0.664088,0.29878864,0.31968677,0.5475978
2052,0.6858034,0.892395,0.66215926,0.13548471,0.8722846,0.17411093,0.4904421,0.2657847,0.37568808,0.19002011,0.7367083,0.27859536,0.36006618,0.6801341,0.3679605,0.7712697,0.8875408,0.43715158,0.4298595,0.38446695,0.25943258,0.15863445,0.8488283,0.7050189,0.92227554,0.37198323,0.20994656,0.3189863,0.2366189,0.6718607,0.7823038,0.69516945,0.31447157,0.2347621,0.49964437
2053,0.792629,0.8571388,0.81801826,0.46020618,0.8985416,0.24849,0.6257115,0.24191251,0.2540397,0.09061442,0.25611243,0.4355759,0.21177562,0.49631462,0.4216973,0.77891684,0.74421585,0.6645466,0.5667779,0.6967266,0.4539257,0.3825892,0.82219756,0.5950643,0.5384096,0.33361238,0.23999743,0.17707297,0.4638928,0.15358779,0.80713147,0.7413651,0.37238765,0.3516747,0.6316778
2054,0.9181709,0.7506826,0.9056608,0.76502967,0.8693921,0.39245287,0.54607856,0.20447615,0.50708485,0.0685388,0.18833661,0.37502256,0.2139134,0.44820032,0.4364316,0.798089,0.67843664,0.72147673,0.4516607,0.5506396,0.43784255,0.42995238,0.7526213,0.7236345,0.46652842,0.32924518,0.32507154,0.1706883,0.24031338,0.14072074,0.72856474,0.664724,0.2953257,0.40467888,0.55955106
2055,0.827401,0.72908354,0.81756,0.6629468,0.82631004,0.4088293,0.5589502,0.2561422,0.4939828,0.16268374,0.21856883,0.4379323,0.23733985,0.44956765,0.49748087,0.77389836,0.62585455,0.65307915,0.4701609,0.5794355,0.45799217,0.44523945,0.72211844,0.622152,0.4140315,0.32494563,0.40421146,0.23185012,0.35440797,0.1536381,0.69980747,0.6536893,0.3357607,0.39480695,0.5708142
2056,0.776891,0.8097331,0.7585887,0.43204442,0.8415058,0.31871837,0.534028,0.2771073,0.45473528,0.16371779,0.5011896,0.37000144,0.31750014,0.55626094,0.41797656,0.76146907,0.76129633,0.56219375,0.43595108,0.4968377,0.36032176,0.29357582,0.77182704,0.66608274,0.73193926,0.3678991,0.2945252,0.27442604,0.28252956,0.39783993,0.73102427,0.6665308,0.31860012,0.33511168,0.534689
2057,0.8014496,0.7592458,0.78576386,0.5607168,0.8159045,0.41460252,0.5353163,0.26600733,0.5387093,0.16690944,0.37611067,0.41735333,0.2817833,0.49580184,0.47721606,0.7871024,0.67892945,0.5927614,0.4171354,0.52253246,0.38837326,0.3647944,0.73162186,0.6276027,0.5949137,0.34497887,0.38739863,0.248498,0.29434532,0.26813886,0.6990185,0.64595467,0.30819005,0.35605556,0.5364541
2058,0.87986344,0.7658056,0.8660129,0.67056006,0.86266565,0.35320574,0.5425631,0.2264796,0.47399944,0.086637564,0.26716533,0.36077386,0.24474736,0.48216048,0.42075747,0.77982587,0.7099308,0.6807672,0.46116447,0.53486854,0.4237927,0.4010242,0.76180035,0.71492755,0.5348067,0.3479718,0.29946393,0.19902296,0.25727183,0.22574148,0.7310809,0.6657392,0.31492725,0.3900879,0.5537089
2059,0.72877,0.84407365,0.7060836,0.29679495,0.85249376,0.27828762,0.5185398,0.27440643,0.4510235,0.19027562,0.5981253,0.34871626,0.32890338,0.59891343,0.42413354,0.7883057,0.8050954,0.496658,0.42600232,0.4547855,0.31818545,0.24863148,0.80294627,0.6500659,0.8047224,0.3608241,0.28623313,0.2894637,0.2827118,0.48560268,0.7524479,0.6759862,0.31256622,0.28154594,0.5184023
2060,0.6325752,0.8690201,0.62882715,0.14366779,0.8104536,0.15738994,0.50438726,0.30943522,0.31703603,0.20833114,0.6986228,0.29131955,0.388829,0.6644279,0.3566656,0.681542,0.8860818,0.44962448,0.4873374,0.41493806,0.3115098,0.22188553,0.8248286,0.69611466,0.87239015,0.41131377,0.20522618,0.33944872,0.27241403,0.6942063,0.7573487,0.68517315,0.3656847,0.27230844,0.5172236
2061,0.75731516,0.81576204,0.74150026,0.39943567,0.8381235,0.27995527,0.5200306,0.26966974,0.43259096,0.16562095,0.5068429,0.33851105,0.32005358,0.57572067,0.40328732,0.7521902,0.7852015,0.5521165,0.44157824,0.46859854,0.35148844,0.2840961,0.7871261,0.6939478,0.7284922,0.37050408,0.27028313,0.28175527,0.26053026,0.45856658,0.7370423,0.66895854,0.32462278,0.32453007,0.5276743
2062,0.64988565,0.85386837,0.73328495,0.42236084,0.96245134,0.24722996,0.6784829,0.2461246,0.33650225,0.2904737,0.28871882,0.4903229,0.19141921,0.39386088,0.58160216,0.85849553,0.6311692,0.5684591,0.5510365,0.78812075,0.57950985,0.4709576,0.8234668,0.41518706,0.24829897,0.20232606,0.36157787,0.16843697,0.5887648,0.06731307,0.8078214,0.72669643,0.3035007,0.2833448,0.6243235
2063,0.8876087,0.765118,0.87619764,0.69159734,0.8659779,0.38834143,0.5374505,0.21273565,0.52872306,0.087236926,0.249401,0.3701016,0.22387977,0.47080073,0.44071078,0.8124515,0.7008149,0.68460953,0.43607616,0.5325139,0.41247883,0.39009613,0.7594923,0.7136567,0.5237931,0.3331812,0.32521978,0.18759799,0.23936684,0.19352606,0.7273196,0.6626781,0.2963304,0.377564,0.546133
2064,0.66557646,0.7660923,0.6743761,0.36252102,0.7400293,0.27155417,0.55282515,0.3514389,0.34206405,0.24918966,0.50289637,0.39938405,0.36252186,0.55541116,0.41000023,0.60935646,0.7404727,0.5393984,0.5156611,0.52370894,0.42730388,0.3860047,0.7466601,0.6519445,0.61929965,0.4294505,0.28782535,0.33252522,0.3568284,0.4757429,0.7039096,0.66002005,0.39402503,0.3744993,0.56084645
2065,0.76571,0.8240365,0.74486315,0.38570094,0.84683144,0.32975873,0.52178824,0.26378238,0.49492222,0.17790087,0.53747416,0.37097844,0.30652875,0.5687648,0.43852526,0.7997162,0.76810473,0.53254926,0.40452284,0.47959384,0.3317893,0.26712295,0.78657234,0.65301514,0.7598214,0.3504935,0.31219918,0.27200845,0.27331868,0.40149483,0.7406499,0.6698775,0.29628322,0.30356622,0.52183545
2066,0.7870425,0.79480165,0.7721741,0.48121104,0.83598673,0.33606628,0.5365754,0.2738039,0.4614467,0.15665826,0.4599989,0.3749414,0.3079446,0.53827053,0.4203623,0.7583921,0.7423855,0.58007205,0.43954986,0.5086756,0.37526807,0.3200843,0.761528,0.66733634,0.6889385,0.3647247,0.3030732,0.26375377,0.2837223,0.36405894,0.7237879,0.6623708,0.31881586,0.34887964,0.5370246
2067,0.62688303,0.75073785,0.6630925,0.38715035,0.7186531,0.3979725,0.57624793,0.31537467,0.4415039,0.33355057,0.30782261,0.5073992,0.28668675,0.4988633,0.54706717,0.7325598,0.6130442,0.5518218,0.5029148,0.59757096,0.40161982,0.3913834,0.7229775,0.5491254,0.4817759,0.37176615,0.4187317,0.33986196,0.48620492,0.2373096,0.68649286,0.6740637,0.41937804,0.37038213,0.5965248
2068,0.6500906,0.7067154,0.6220447,0.28460652,0.52769774,0.8678902,0.4550317,0.23609701,0.955235,0.6752415,0.14314048,0.7657255,0.15240142,0.52540684,0.9000454,0.9813156,0.3516394,0.46293536,0.23336606,0.51362056,0.12994924,0.10883667,0.6467134,0.38349566,0.45527735,0.29344437,0.9314474,0.47784653,0.43317765,0.056771107,0.56381255,0.64562434,0.2792637,0.27054033,0.5833064
2069,0.7488698,0.80158436,0.72927696,0.41948622,0.8229292,0.4014047,0.528041,0.26901364,0.54077125,0.21803603,0.4645049,0.4198509,0.29321784,0.53654116,0.49599242,0.8133251,0.7138402,0.52827156,0.40111083,0.50104195,0.34398276,0.31117636,0.7593594,0.59583676,0.6931027,0.33687675,0.39642617,0.27510953,0.31165394,0.32544848,0.7182108,0.65685415,0.3084244,0.30372027,0.52800834
2070,0.775192,0.80649996,0.80485964,0.54073364,0.85655195,0.24872681,0.6209448,0.28583422,0.25609028,0.13779846,0.29620305,0.44572592,0.25791386,0.48775807,0.41026038,0.6682944,0.6992604,0.6654778,0.5263897,0.65942574,0.48463696,0.43144697,0.7915856,0.64409864,0.47517186,0.35316616,0.24452,0.23459311,0.3954675,0.1899724,0.7760607,0.7192892,0.3573139,0.4066085,0.6276567
2071,0.76286393,0.7856786,0.7442291,0.46298867,0.82676256,0.38815728,0.5339779,0.2666178,0.5240857,0.21167095,0.41897497,0.42053375,0.28365475,0.52212673,0.49425036,0.7997257,0.6984703,0.5495574,0.41684923,0.5122732,0.36909494,0.33561996,0.7527337,0.6033219,0.62344724,0.33305544,0.3993206,0.27173394,0.3174592,0.3073233,0.7143881,0.6562187,0.31179464,0.3200743,0.5355994
2072,0.75364435,0.8371997,0.7331866,0.35274756,0.8540968,0.27204603,0.51851636,0.26563984,0.43182188,0.16585824,0.560441,0.33712482,0.32410294,0.59260905,0.4043991,0.76839125,0.8010332,0.52651775,0.4307487,0.45775962,0.3285871,0.25734535,0.80068266,0.6836679,0.7771818,0.36205262,0.267305,0.2817642,0.2600246,0.47702852,0.7522468,0.6777633,0.31165296,0.2996583,0.5222119
2073,0.9118439,0.73587036,0.89923334,0.7635871,0.85408145,0.39180884,0.54894286,0.22259185,0.49839616,0.07005208,0.18819539,0.37889254,0.2276032,0.44864255,0.43335003,0.77815354,0.6707602,0.71580607,0.45954627,0.55483395,0.45057058,0.44260997,0.73874754,0.71540093,0.4589119,0.34190425,0.3245185,0.18455014,0.25743836,0.15466969,0.7143144,0.6560892,0.31338763,0.41638184,0.5592113
2074,0.68918693,0.8538869,0.6681573,0.21982189,0.8399662,0.23079148,0.5014072,0.28725174,0.41262016,0.2150419,0.67019576,0.31899542,0.36319226,0.6364897,0.3968529,0.75118494,0.83517444,0.46687502,0.42636353,0.41896653,0.29707983,0.20537324,0.81026995,0.67632353,0.86375,0.37682873,0.2545348,0.32900384,0.2646997,0.5975152,0.74841934,0.6743547,0.3262667,0.2754417,0.5080671
2075,0.7981345,0.7926134,0.7819722,0.49407282,0.84095716,0.3446915,0.5307258,0.2604159,0.47999343,0.14610066,0.43645686,0.3716689,0.29296508,0.53314745,0.43026844,0.77679443,0.7391149,0.5830785,0.43205008,0.50160897,0.37078267,0.3257882,0.76446,0.66800714,0.6708813,0.3544387,0.3138512,0.25149608,0.27429777,0.3430751,0.7257258,0.6616623,0.31219125,0.3423717,0.53210175
2076,0.6988047,0.8068353,0.70993704,0.41122586,0.8378714,0.2603797,0.5901601,0.3193211,0.31297916,0.1751517,0.3966791,0.41236067,0.3197998,0.51556534,0.42114663,0.6913946,0.74617785,0.57570857,0.5471337,0.59420663,0.44780025,0.41412276,0.7653262,0.57653224,0.6144037,0.3827979,0.28806826,0.26952302,0.43960887,0.33222565,0.7407808,0.68031573,0.39934772,0.36207747,0.58170325
2077,0.71059495,0.8402025,0.6880332,0.27624613,0.83952534,0.29410774,0.5116698,0.27793854,0.47411162,0.21952903,0.6091102,0.35806152,0.33379525,0.6035158,0.44169217,0.79022586,0.79403204,0.47967952,0.41275042,0.44730648,0.30827472,0.23759249,0.79659826,0.63990617,0.80904084,0.35896847,0.31061912,0.30685538,0.28518477,0.4978302,0.74172467,0.669752,0.31384328,0.27386242,0.5137288
2078,0.7974645,0.76723945,0.7839972,0.5581722,0.8324281,0.38658485,0.54976255,0.26495254,0.49740696,0.16089363,0.34586608,0.41802645,0.27310488,0.48781267,0.4756488,0.7869743,0.68469304,0.5992701,0.44594693,0.54545724,0.4135986,0.39748377,0.74099284,0.61345816,0.5644536,0.33601838,0.37674794,0.23988363,0.33045906,0.2383602,0.71444976,0.65507936,0.32185674,0.3573701,0.5481199
2079,0.9026769,0.7408865,0.8890959,0.7531835,0.8671195,0.38675484,0.5549698,0.2206119,0.48211503,0.085035995,0.19049397,0.39354572,0.2214729,0.44069165,0.45173082,0.7824205,0.6609147,0.7070288,0.46480957,0.558235,0.45935255,0.4547712,0.7427716,0.69476,0.426997,0.32194382,0.345504,0.18791427,0.27483705,0.13590753,0.7237587,0.6634902,0.30435938,0.40768537,0.567181
2080,0.8115099,0.774279,0.79361594,0.55885,0.8383256,0.4237733,0.53931975,0.24843507,0.55083454,0.1646181,0.37209484,0.42819604,0.26421311,0.48977742,0.49137625,0.81235963,0.68065935,0.58891356,0.40334424,0.52619547,0.37930918,0.362939,0.7428326,0.61525387,0.5942055,0.32166106,0.4027238,0.23170677,0.2891287,0.22892788,0.7140217,0.65391254,0.28501427,0.33855134,0.53676367
2081,0.90985775,0.748312,0.8979842,0.7577437,0.8728074,0.36954182,0.55899704,0.21518223,0.46262306,0.07518953,0.1755363,0.38820508,0.21675794,0.44027334,0.4449562,0.78082556,0.66949874,0.7173191,0.478038,0.5625342,0.46484762,0.46316695,0.7516677,0.7046514,0.4230965,0.32339686,0.33149573,0.18199879,0.27937406,0.12943104,0.73374856,0.6704216,0.3091008,0.40931526,0.5725732
2082,0.7143355,0.8509494,0.6916521,0.2599917,0.8524454,0.23227544,0.50539964,0.27472958,0.40943545,0.18947633,0.63097966,0.31462362,0.34794214,0.6268472,0.3930245,0.7582498,0.83086187,0.48609138,0.43253288,0.425181,0.30565324,0.22323123,0.8124215,0.6874426,0.829965,0.37074125,0.25073805,0.30966145,0.25760683,0.5685717,0.75461453,0.6777421,0.32172084,0.28007752,0.5119108
2083,0.77786005,0.78538096,0.78500015,0.55514795,0.86779296,0.267728,0.5998377,0.2878694,0.3108258,0.1333951,0.28357014,0.41412038,0.2831493,0.47267884,0.4207986,0.69866246,0.7144331,0.64091724,0.5548804,0.6039303,0.49231368,0.4869941,0.7636772,0.6173173,0.4995796,0.3554739,0.28760204,0.23920278,0.4219359,0.2269609,0.7531788,0.68553907,0.3771624,0.3965674,0.5937034
2084,0.72751987,0.82222396,0.71305,0.34757027,0.8330921,0.31577408,0.5223459,0.2833348,0.4754935,0.19592862,0.55960643,0.367025,0.32751793,0.5754591,0.43380556,0.776848,0.77668726,0.514377,0.4246691,0.4746738,0.33780354,0.27621138,0.7814831,0.6392066,0.77558935,0.3652625,0.30767363,0.28854066,0.29390115,0.44607887,0.73226047,0.66313106,0.31996626,0.30381337,0.5207864
2085,0.75430393,0.7600175,0.7389348,0.48940802,0.793856,0.3427691,0.53850716,0.30593684,0.45456767,0.19878748,0.43998957,0.39414304,0.33215562,0.52617395,0.44016656,0.7167755,0.7082686,0.57083917,0.45036483,0.5100918,0.4040823,0.36254758,0.7326613,0.64044493,0.62929785,0.3770124,0.33367673,0.299035,0.31862682,0.38078946,0.69580424,0.64543235,0.34724364,0.37106594,0.5412699
2086,0.6376093,0.8477484,0.7216027,0.32724828,0.8756021,0.38299793,0.634786,0.2180902,0.4717506,0.35730034,0.24275689,0.55353683,0.1540639,0.45926207,0.6893212,0.90954876,0.5613787,0.57183933,0.5044829,0.7701851,0.43374094,0.31472617,0.812802,0.4437426,0.32146168,0.23228571,0.42241716,0.21308425,0.6162762,0.056954265,0.7724039,0.73785144,0.34952208,0.28754237,0.64339507
2087,0.8679558,0.76762486,0.8602068,0.6952828,0.8828084,0.29502344,0.5927934,0.24368748,0.34066707,0.09731339,0.19474283,0.40579218,0.23720393,0.44125476,0.4292225,0.730714,0.67731655,0.7053114,0.53447753,0.61067176,0.5123164,0.49768442,0.76694477,0.67081654,0.40010005,0.3222491,0.29181406,0.2025409,0.370045,0.14194956,0.7614411,0.6910759,0.3378589,0.42173958,0.60133255
