Epoch,TrainLoss,ValLoss,ValRho,LR
0,48.46269060816858,116.06908179840359,0.2684536087354249,0.001
1,41.73209848580685,106.005537731717,0.45656031584279383,0.001
