{
    "C1": {
        "mean": 0.2755919685587203,
        "std": 0.46319316072500044
    },
    "C2": {
        "mean": 0.12125104833703637,
        "std": 0.1044255861975191
    },
    "C3": {
        "mean": 0.19254827729336213,
        "std": 0.3088293688622641
    },
    "C4": {
        "mean": 0.06959522577172078,
        "std": 0.16973476573368618
    },
    "C5": {
        "mean": 0.5883184616043007,
        "std": 0.7006120414771475
    },
    "C6": {
        "mean": 0.014878946686210264,
        "std": 0.03656851688573256
    },
    "C7": {
        "mean": 0.04493711510212856,
        "std": 0.04784599705329138
    },
    "C8": {
        "mean": 0.0028758247793765393,
        "std": 0.004837831944620891
    },
    "C9": {
        "mean": 0.0554668714734632,
        "std": 0.12102220651546636
    },
    "C10": {
        "mean": 0.004116227968544847,
        "std": 0.010420077280326298
    },
    "C11": {
        "mean": 0.002918404721650914,
        "std": 0.006944691954014209
    },
    "C12": {
        "mean": 0.01810516829931333,
        "std": 0.02153859386014953
    },
    "C13": {
        "mean": 0.0020274358664876197,
        "std": 0.0038444121458856284
    },
    "C14": {
        "mean": 0.019994834466923784,
        "std": 0.02901575587073242
    },
    "C15": {
        "mean": 0.03933377729261843,
        "std": 0.06272302240945753
    },
    "C16": {
        "mean": 0.3743472733637574,
        "std": 0.5050674038636035
    },
    "C17": {
        "mean": 0.0769543291066135,
        "std": 0.11176000384894595
    },
    "C18": {
        "mean": 0.049682219403454124,
        "std": 0.06038177301328494
    },
    "C19": {
        "mean": 0.02268013841807229,
        "std": 0.037644355672383285
    },
    "C20": {
        "mean": 0.052975742948282334,
        "std": 0.05945459871924475
    },
    "C21": {
        "mean": 0.015363664076467488,
        "std": 0.026602623924750827
    },
    "C22": {
        "mean": 0.008640403491907315,
        "std": 0.017198324763851035
    },
    "C23": {
        "mean": 0.11016396262197525,
        "std": 0.10389285666346744
    },
    "C24": {
        "mean": 0.10989469241127617,
        "std": 0.16307021747770625
    },
    "C25": {
        "mean": 0.015772627749318147,
        "std": 0.031525838208765894
    },
    "C26": {
        "mean": 0.004096961441097995,
        "std": 0.007938990274186935
    },
    "C27": {
        "mean": 0.025172226262198276,
        "std": 0.06162337543599857
    },
    "C28": {
        "mean": 0.0044456615519889815,
        "std": 0.008284424943994118
    },
    "C29": {
        "mean": 0.009534959558287216,
        "std": 0.017577058021260857
    },
    "C30": {
        "mean": 0.0008708231679294743,
        "std": 0.0025948691940015927
    },
    "C31": {
        "mean": 0.09656335710365063,
        "std": 0.09407909811021298
    },
    "C32": {
        "mean": 0.08297847767543023,
        "std": 0.08097492361848645
    },
    "C33": {
        "mean": 0.005240068779614172,
        "std": 0.01068002632368467
    },
    "C34": {
        "mean": 0.009372640037274697,
        "std": 0.015829786920831198
    },
    "C35": {
        "mean": 0.05399294893765085,
        "std": 0.05767095842989666
    }
}