epoch,train_mse,val_mse,lr
1,0.009887,0.009979,1.000000e-03
2,0.005763,0.008602,1.000000e-03
