Epoch,TrainLoss,ValLoss,ValSpearman,LR
1,0.7552660400096248,0.8095648068973679,0.20641350759693955,0.0004969282409784868
2,0.707613074513998,0.8886039447502272,-0.05594272301546928,0.00048778860081564085
