Epoch,TrainLoss,ValLoss,ValSpearman,LR
1,133.81312241520925,93.1069757099525,0.39755000771359983,9.972883382072952e-05
2,71.64125959627584,92.84394405123642,0.38985540506598637,9.891830623632339e-05
3,66.40046755731225,93.36087748024428,0.3824889810270945,9.757729755661012e-05
4,62.99762687255185,97.54485796102351,0.3605308486617223,9.572050015330874e-05
5,60.33031292351347,96.65968612372251,0.373803722672501,9.336825748732972e-05
6,58.31313252427071,97.78917707287836,0.3771880167633735,9.05463412215599e-05
7,56.851434189692,96.49408345836697,0.38838268124728276,8.728566886113102e-05
